
-----
mkdir -p PLOTTY_WORKAROUND; timedrun; OCAMLRUNPARAM="e=18,d=128" taskset -c "4,6,8,10,12,14" /home/udesou/.bench-agent/git/macro-benches/benchmarks/infer/infer_default-ocaml-5.5.1-46e1c32-fp
running-ng v0.3.8
Sun Sep 13 01:08:17 PM UTC 2026

 13:08:17 up 6 days, 13:02,  2 users,  load average: 2.61, 1.93, 1.37
USER     TTY      FROM             LOGIN@   IDLE   JCPU   PCPU  WHAT

procs -----------memory---------- ---swap-- -----io---- -system-- -------cpu-------
 r  b   swpd   free   buff  cache   si   so    bi    bo   in   cs us sy id wa st gu
 0  1    512 6183724 4619016 52406444    0    0    39  1117 2327    6 10  1 80  9  0  0
 0  1    512 6183988 4619016 52405960    0    0     0     0 1760 3119  0  0 88 12  0  0

top - 13:08:19 up 6 days, 13:02,  2 users,  load average: 2.61, 1.93, 1.37
Tasks: 279 total,   1 running, 278 sleeping,   0 stopped,   0 zombie
%Cpu(s):  1.2 us,  0.0 sy,  0.0 ni, 87.2 id, 11.6 wa,  0.0 hi,  0.0 si,  0.0 st 
MiB Mem :  64272.5 total,   6039.1 free,   3269.8 used,  55688.5 buff/cache     
MiB Swap:   8192.0 total,   8191.5 free,      0.5 used.  61002.7 avail Mem 

    PID USER      PR  NI    VIRT    RES    SHR S  %CPU  %MEM     TIME+ COMMAND
      1 root      20   0   22936  14244   9608 S   0.0   0.0   4:04.45 /usr/lib/systemd/systemd --system --deserialize=173
      2 root      20   0       0      0      0 S   0.0   0.0   0:00.07 [kthreadd]
      3 root      20   0       0      0      0 S   0.0   0.0   0:00.00 [pool_workqueue_release]
      4 root       0 -20       0      0      0 I   0.0   0.0   0:00.00 [kworker/R-rcu_g]
      5 root       0 -20       0      0      0 I   0.0   0.0   0:00.00 [kworker/R-rcu_p]

Environment variables: 
	CONFIG_FILE=/home/udesou/.bench-agent/work/run-20260913-001-e1/run-20260913-001.yml
	HOME=/home/udesou
	LANG=en_US.UTF-8
	LOGNAME=udesou
	LOG_DIR=/home/udesou/.bench-agent/logs
	OLLY_DIR=/home/udesou/.bench-agent/git/olly
	PATH=/usr/local/bin:/home/udesou/.bench-agent/git/olly/_build/install/default/bin:/home/udesou/.opam/running-ng-tools/bin:/home/udesou/.vscode-server/data/User/globalStorage/github.copilot-chat/debugCommand:/home/udesou/.vscode-server/data/User/globalStorage/github.copilot-chat/copilotCli:/home/udesou/.vscode-server/cli/servers/Stable-08d4889f9ec4a1685d257b9b95de036c8e1ce1e5/server/bin/remote-cli:/home/udesou/.opam/running-ng-ocaml-5.5.0-f523850-fp-flambda/bin:/home/udesou/.local/bin:/home/udesou/.opam/running-ng-ocaml-5.5.0-f523850-fp-flambda/bin:/home/udesou/.local/bin:/usr/local/sbin:/usr/local/bin:/usr/sbin:/usr/bin:/sbin:/bin:/usr/games:/usr/local/games:/snap/bin
	PWD=/home/udesou/ocaml-bench-service
	PYTHONPATH=/home/udesou/.bench-agent/git/running-ng/src
	RUNNING_BENCH_DIR=/home/udesou/.bench-agent/git/macro-benches
	RUNNING_MACRO_BENCH_DIR=/home/udesou/.bench-agent/git/macro-benches
	RUNNING_NG_PACKAGE_DATA=/home/udesou/.bench-agent/git/running-ng/src/running/config
	RUNNING_REUSE_SWITCHES=1
	RUNNING_TAG=default_run,large_run
	SHELL=/bin/bash
	SHLVL=1
	TERM=screen.xterm-256color
	USER=udesou
	_=/usr/bin/python3
OS: Linux obelisk 6.8.0-139-generic #139-Ubuntu SMP PREEMPT_DYNAMIC Sat Aug  1 03:52:05 UTC 2026 x86_64 x86_64 x86_64 GNU/Linux
CPU: Intel(R) Xeon(R) CPU E5-2667 v2 @ 3.30GHz
number of cores: 8
Frequency of cpu 0: 3.30 GHz
Governor of cpu 0: performance
Scaling_min_freq of cpu 0: 1.20 GHz
Frequency of cpu 2: 3.30 GHz
Governor of cpu 2: performance
Scaling_min_freq of cpu 2: 1.20 GHz
Frequency of cpu 4: 3.30 GHz
Governor of cpu 4: performance
Scaling_min_freq of cpu 4: 1.20 GHz
Frequency of cpu 6: 3.30 GHz
Governor of cpu 6: performance
Scaling_min_freq of cpu 6: 1.20 GHz
WARNING: Failed to resolve file /com/google/common/annotations/Beta.class with "No such file or directory" 

WARNING: Failed to resolve file /com/google/common/base/Converter$IdentityConverter.class with "No such file or directory" 

WARNING: Failed to resolve file /com/google/common/base/Platform.class with "No such file or directory" 

WARNING: Failed to resolve file /com/google/common/base/Utf8.class with "No such file or directory" 

WARNING: Failed to resolve file /com/google/common/cache/LocalCache$EntryFactory$2.class with "No such file or directory" 

WARNING: Failed to resolve file /com/google/common/cache/LongAddables.class with "No such file or directory" 

WARNING: Failed to resolve file /com/google/common/collect/AbstractMapBasedMultiset$2$1.class with "No such file or directory" 

WARNING: Failed to resolve file /com/google/common/collect/CollectSpliterators.class with "No such file or directory" 

WARNING: Failed to resolve file /com/google/common/collect/DenseImmutableTable.class with "No such file or directory" 

WARNING: Failed to resolve file /com/google/common/collect/ForwardingConcurrentMap.class with "No such file or directory" 

WARNING: Failed to resolve file /com/google/common/collect/HashMultimap.class with "No such file or directory" 

WARNING: Failed to resolve file /com/google/common/collect/ImmutableMultimap$Builder.class with "No such file or directory" 

WARNING: Failed to resolve file /com/google/common/collect/ImmutableSortedSet$1.class with "No such file or directory" 

WARNING: Failed to resolve file /com/google/common/collect/JdkBackedImmutableMap.class with "No such file or directory" 

WARNING: Failed to resolve file /com/google/common/collect/MapMakerInternalMap$EntrySet.class with "No such file or directory" 

WARNING: Failed to resolve file /com/google/common/collect/Maps$AsMapView$1EntrySetImpl.class with "No such file or directory" 

WARNING: Failed to resolve file /com/google/common/collect/MultimapBuilder$2.class with "No such file or directory" 

WARNING: Failed to resolve file /com/google/common/collect/Multisets$4.class with "No such file or directory" 

WARNING: Failed to resolve file /com/google/common/collect/RegularImmutableMap$Values.class with "No such file or directory" 

WARNING: Failed to resolve file /com/google/common/collect/SortedLists$KeyAbsentBehavior$2.class with "No such file or directory" 

WARNING: Failed to resolve file /com/google/common/collect/Streams$DoubleFunctionWithIndex.class with "No such file or directory" 

WARNING: Failed to resolve file /com/google/common/collect/TransformedListIterator.class with "No such file or directory" 

WARNING: Failed to resolve file /com/google/common/collect/TreeTraverser.class with "No such file or directory" 

WARNING: Failed to resolve file /com/google/common/graph/AbstractBaseGraph$1.class with "No such file or directory" 

WARNING: Failed to resolve file /com/google/common/graph/GraphBuilder.class with "No such file or directory" 

WARNING: Failed to resolve file /com/google/common/graph/ValueGraph.class with "No such file or directory" 

WARNING: Failed to resolve file /com/google/common/hash/Hashing.class with "No such file or directory" 

WARNING: Failed to resolve file /com/google/common/io/BaseEncoding.class with "No such file or directory" 

WARNING: Failed to resolve file /com/google/common/io/LineProcessor.class with "No such file or directory" 

WARNING: Failed to resolve file /com/google/common/net/HttpHeaders.class with "No such file or directory" 

WARNING: Failed to resolve file /com/google/common/primitives/Shorts$ShortConverter.class with "No such file or directory" 

WARNING: Failed to resolve file /com/google/common/reflect/TypeToken$Bounds.class with "No such file or directory" 

WARNING: Failed to resolve file /com/google/common/util/concurrent/AbstractFuture$Listener.class with "No such file or directory" 

WARNING: Failed to resolve file /com/google/common/util/concurrent/AggregateFutureState.class with "No such file or directory" 

WARNING: Failed to resolve file /com/google/common/util/concurrent/ForwardingCheckedFuture$SimpleForwardingCheckedFuture.class with "No such file or directory" 

WARNING: Failed to resolve file /com/google/common/util/concurrent/Monitor$Guard.class with "No such file or directory" 

WARNING: Failed to resolve file /com/google/common/util/concurrent/SimpleTimeLimiter$1.class with "No such file or directory" 

WARNING: Failed to resolve file /net/bytebuddy/ByteBuddy$RecordConstructorStrategy.class with "No such file or directory" 

WARNING: Failed to resolve file /net/bytebuddy/agent/builder/AgentBuilder$Default$NativeMethodStrategy$ForPrefix.class with "No such file or directory" 

WARNING: Failed to resolve file /net/bytebuddy/agent/builder/AgentBuilder$InstallationListener$Compound.class with "No such file or directory" 

WARNING: Failed to resolve file /net/bytebuddy/agent/builder/AgentBuilder$PoolStrategy$Default.class with "No such file or directory" 

WARNING: Failed to resolve file /net/bytebuddy/agent/builder/AgentBuilder$RedefinitionStrategy$Listener$Adapter.class with "No such file or directory" 

WARNING: Failed to resolve file /net/bytebuddy/agent/builder/package-info.class with "No such file or directory" 

WARNING: Failed to resolve file /net/bytebuddy/asm/Advice$AssignReturned$ToReturned$Handler.class with "No such file or directory" 

WARNING: Failed to resolve file /net/bytebuddy/asm/Advice$Dispatcher$Resolved$AbstractBase.class with "No such file or directory" 

WARNING: Failed to resolve file /net/bytebuddy/asm/Advice$OffsetMapping$ForInstrumentedMethod$2.class with "No such file or directory" 

WARNING: Failed to resolve file /net/bytebuddy/asm/Advice$OffsetMapping.class with "No such file or directory" 

WARNING: Failed to resolve file /net/bytebuddy/asm/ClassVisitorFactory$FrameTranslator.class with "No such file or directory" 

WARNING: Failed to resolve file /net/bytebuddy/asm/MemberSubstitution$TypePoolResolver$OfImplicitPool.class with "No such file or directory" 

WARNING: Failed to resolve file /net/bytebuddy/build/EntryPoint$Default.class with "No such file or directory" 

WARNING: Failed to resolve file /net/bytebuddy/build/Plugin$Engine$Listener$StreamWriting.class with "No such file or directory" 

WARNING: Failed to resolve file /net/bytebuddy/build/Plugin$Factory$UsingReflection$Instantiator$Unresolved.class with "No such file or directory" 

WARNING: Failed to resolve file /net/bytebuddy/description/annotation/AnnotationDescription.class with "No such file or directory" 

WARNING: Failed to resolve file /net/bytebuddy/description/annotation/AnnotationValue$Loaded$AbstractBase$ForUnresolvedProperty.class with "No such file or directory" 

WARNING: Failed to resolve file /net/bytebuddy/description/method/MethodList$Explicit.class with "No such file or directory" 

WARNING: Failed to resolve file /net/bytebuddy/description/modifier/SynchronizationState.class with "No such file or directory" 

WARNING: Failed to resolve file /net/bytebuddy/description/type/TypeDescription$Generic$AnnotationReader$Delegator$ForLoadedTypeVariable.class with "No such file or directory" 

WARNING: Failed to resolve file /net/bytebuddy/description/type/TypeDescription$Generic$OfParameterizedType$Latent.class with "No such file or directory" 

WARNING: Failed to resolve file /net/bytebuddy/description/type/TypeDescription$Latent.class with "No such file or directory" 

WARNING: Failed to resolve file /net/bytebuddy/dynamic/ClassFileLocator$ForModuleFile.class with "No such file or directory" 

WARNING: Failed to resolve file /net/bytebuddy/dynamic/DynamicType$Builder$MethodDefinition$ParameterDefinition$Simple$Annotatable$AbstractBase.class with "No such file or directory" 

WARNING: Failed to resolve file /net/bytebuddy/dynamic/VisibilityBridgeStrategy$Default$2.class with "No such file or directory" 

WARNING: Failed to resolve file /net/bytebuddy/dynamic/loading/ClassInjector$UsingReflection$Dispatcher$Initializable.class with "No such file or directory" 

WARNING: Failed to resolve file /net/bytebuddy/dynamic/loading/PackageDefinitionStrategy$ManifestReading.class with "No such file or directory" 

WARNING: Failed to resolve file /net/bytebuddy/dynamic/scaffold/MethodGraph$Compiler$Default$Key$Store$Entry$Initial.class with "No such file or directory" 

WARNING: Failed to resolve file /net/bytebuddy/dynamic/scaffold/TypeWriter$Default$ClassDumpAction$Dispatcher$Enabled.class with "No such file or directory" 

WARNING: Failed to resolve file /net/bytebuddy/dynamic/scaffold/TypeWriter$MethodPool$Record$AccessBridgeWrapper.class with "No such file or directory" 

WARNING: Failed to resolve file /net/bytebuddy/dynamic/scaffold/subclass/SubclassImplementationTarget$OriginTypeResolver$1.class with "No such file or directory" 

WARNING: Failed to resolve file /net/bytebuddy/implementation/FieldAccessor$FieldLocation.class with "No such file or directory" 

WARNING: Failed to resolve file /net/bytebuddy/implementation/HashCodeMethod$ValueTransformer$7.class with "No such file or directory" 

WARNING: Failed to resolve file /net/bytebuddy/implementation/InvocationHandlerAdapter.class with "No such file or directory" 

WARNING: Failed to resolve file /net/bytebuddy/implementation/InvokeDynamic$WithImplicitArguments.class with "No such file or directory" 

WARNING: Failed to resolve file /net/bytebuddy/implementation/MethodCall$MethodInvoker.class with "No such file or directory" 

WARNING: Failed to resolve file /net/bytebuddy/implementation/MethodDelegation.class with "No such file or directory" 

WARNING: Failed to resolve file /net/bytebuddy/implementation/attribute/AnnotationValueFilter$Factory.class with "No such file or directory" 

WARNING: Failed to resolve file /net/bytebuddy/implementation/auxiliary/TypeProxy$1.class with "No such file or directory" 

WARNING: Failed to resolve file /net/bytebuddy/implementation/bind/annotation/AllArguments.class with "No such file or directory" 

WARNING: Failed to resolve file /net/bytebuddy/implementation/bind/annotation/Morph$Binder$RedirectionProxy$InstanceFieldConstructor$Appender.class with "No such file or directory" 

WARNING: Failed to resolve file /net/bytebuddy/implementation/bytecode/ByteCodeAppender$Compound.class with "No such file or directory" 

WARNING: Failed to resolve file /net/bytebuddy/implementation/bytecode/assign/reference/GenericTypeAwareAssigner$IsAssignableToVisitor$OfGenericArray.class with "No such file or directory" 

WARNING: Failed to resolve file /net/bytebuddy/implementation/bytecode/member/FieldAccess$AccessDispatcher$FieldPutInstruction.class with "No such file or directory" 

WARNING: Failed to resolve file /net/bytebuddy/jar/asm/RecordComponentWriter.class with "No such file or directory" 

WARNING: Failed to resolve file /net/bytebuddy/matcher/FilterableList.class with "No such file or directory" 

WARNING: Failed to resolve file /net/bytebuddy/matcher/TypeSortMatcher.class with "No such file or directory" 

WARNING: Failed to resolve file /net/bytebuddy/pool/TypePool$Default$LazyTypeDescription$AnnotationToken.class with "No such file or directory" 

WARNING: Failed to resolve file /net/bytebuddy/pool/TypePool$Default$LazyTypeDescription$LazyMethodDescription$LazyParameterizedReceiverType$TypeArgumentList$AnnotatedTypeVariable.class with "No such file or directory" 

WARNING: Failed to resolve file /net/bytebuddy/utility/FileSystem$ForNio2CapableVm$StandardCopyOption.class with "No such file or directory" 

WARNING: Failed to resolve file /net/bytebuddy/utility/dispatcher/JavaDispatcher$Dispatcher.class with "No such file or directory" 

WARNING: Failed to resolve file /org/apache/lucene/analysis/CharArrayMap.class with "No such file or directory" 

WARNING: Failed to resolve file /org/apache/lucene/analysis/tokenattributes/TermToBytesRefAttribute.class with "No such file or directory" 

WARNING: Failed to resolve file /org/apache/lucene/codecs/KnnVectorsWriter$ByteVectorValuesSub.class with "No such file or directory" 

WARNING: Failed to resolve file /org/apache/lucene/codecs/hnsw/DefaultFlatVectorScorer$ByteScoringSupplier$1.class with "No such file or directory" 

WARNING: Failed to resolve file /org/apache/lucene/codecs/lucene90/Lucene90DocValuesProducer$17.class with "No such file or directory" 

WARNING: Failed to resolve file /org/apache/lucene/codecs/lucene90/Lucene90PointsFormat.class with "No such file or directory" 

WARNING: Failed to resolve file /org/apache/lucene/codecs/lucene912/ForUtil.class with "No such file or directory" 

WARNING: Failed to resolve file /org/apache/lucene/codecs/lucene99/Lucene99HnswVectorsWriter$2.class with "No such file or directory" 

WARNING: Failed to resolve file /org/apache/lucene/document/BinaryPoint$1.class with "No such file or directory" 

WARNING: Failed to resolve file /org/apache/lucene/document/FloatPoint$2.class with "No such file or directory" 

WARNING: Failed to resolve file /org/apache/lucene/document/LatLonPointDistanceQuery.class with "No such file or directory" 

WARNING: Failed to resolve file /org/apache/lucene/document/ShapeField$QueryRelation.class with "No such file or directory" 

WARNING: Failed to resolve file /org/apache/lucene/document/XYShapeDocValues.class with "No such file or directory" 

WARNING: Failed to resolve file /org/apache/lucene/index/BaseTermsEnum$1.class with "No such file or directory" 

WARNING: Failed to resolve file /org/apache/lucene/index/ConcurrentMergeScheduler.class with "No such file or directory" 

WARNING: Failed to resolve file /org/apache/lucene/index/ExitableDirectoryReader$ExitableFilterAtomicReader$4.class with "No such file or directory" 

WARNING: Failed to resolve file /org/apache/lucene/index/FreqProxFields$FreqProxTermsEnum$1.class with "No such file or directory" 

WARNING: Failed to resolve file /org/apache/lucene/index/IndexWriter$DocModifier.class with "No such file or directory" 

WARNING: Failed to resolve file /org/apache/lucene/index/MultiDocValues$1.class with "No such file or directory" 

WARNING: Failed to resolve file /org/apache/lucene/index/PointValues$IntersectVisitor.class with "No such file or directory" 

WARNING: Failed to resolve file /org/apache/lucene/index/SingletonSortedSetDocValues.class with "No such file or directory" 

WARNING: Failed to resolve file /org/apache/lucene/index/SortedNumericDocValuesWriter.class with "No such file or directory" 

WARNING: Failed to resolve file /org/apache/lucene/index/TermVectorsConsumerPerField$TermVectorsPostingsArray.class with "No such file or directory" 

WARNING: Failed to resolve file /org/apache/lucene/internal/hppc/IntDoubleHashMap$EntryIterator.class with "No such file or directory" 

WARNING: Failed to resolve file /org/apache/lucene/internal/hppc/LongIntHashMap$LongIntCursor.class with "No such file or directory" 

WARNING: Failed to resolve file /org/apache/lucene/search/BlockMaxConjunctionScorer$2.class with "No such file or directory" 

WARNING: Failed to resolve file /org/apache/lucene/search/ConstantScoreQuery$1$1.class with "No such file or directory" 

WARNING: Failed to resolve file /org/apache/lucene/search/DoubleValuesSource$DoubleValuesComparatorSource$1.class with "No such file or directory" 

WARNING: Failed to resolve file /org/apache/lucene/search/ImpactsDISI.class with "No such file or directory" 

WARNING: Failed to resolve file /org/apache/lucene/search/LongValuesSource$LongValuesComparatorSource.class with "No such file or directory" 

WARNING: Failed to resolve file /org/apache/lucene/search/NamedMatches$NamedQuery.class with "No such file or directory" 

WARNING: Failed to resolve file /org/apache/lucene/search/ReqOptSumScorer.class with "No such file or directory" 

WARNING: Failed to resolve file /org/apache/lucene/search/SortedNumericSortField$5.class with "No such file or directory" 

WARNING: Failed to resolve file /org/apache/lucene/search/TopDocsCollector.class with "No such file or directory" 

WARNING: Failed to resolve file /org/apache/lucene/search/comparators/NumericComparator$NumericLeafComparator.class with "No such file or directory" 

WARNING: Failed to resolve file /org/apache/lucene/search/similarities/MultiSimilarity.class with "No such file or directory" 

WARNING: Failed to resolve file /org/apache/lucene/store/IndexInput$1.class with "No such file or directory" 

WARNING: Failed to resolve file /org/apache/lucene/util/AttributeImpl.class with "No such file or directory" 

WARNING: Failed to resolve file /org/apache/lucene/util/DocIdSetBuilder$BulkAdder.class with "No such file or directory" 

WARNING: Failed to resolve file /org/apache/lucene/util/ModuleResourceLoader.class with "No such file or directory" 

WARNING: Failed to resolve file /org/apache/lucene/util/Sorter.class with "No such file or directory" 

WARNING: Failed to resolve file /org/apache/lucene/util/automaton/MinimizationOperations$IntPair.class with "No such file or directory" 

WARNING: Failed to resolve file /org/apache/lucene/util/bkd/OfflinePointWriter.class with "No such file or directory" 

WARNING: Failed to resolve file /org/apache/lucene/util/fst/Util$FSTPath.class with "No such file or directory" 

WARNING: Failed to resolve file /org/apache/lucene/util/mutable/MutableValueDate.class with "No such file or directory" 

WARNING: Failed to resolve file /org/apache/lucene/util/packed/DirectReader$DirectPackedReader32.class with "No such file or directory" 

WARNING: Failed to resolve file /org/apache/lucene/util/packed/PackedWriter.class with "No such file or directory" 

WARNING: Failed to resolve file /org/bouncycastle/asn1/ASN1ObjectDescriptor$1.class with "No such file or directory" 

WARNING: Failed to resolve file /org/bouncycastle/asn1/BEROctetStringParser.class with "No such file or directory" 

WARNING: Failed to resolve file /org/bouncycastle/asn1/LazyEncodedSequence.class with "No such file or directory" 

WARNING: Failed to resolve file /org/bouncycastle/asn1/ocsp/OCSPRequest.class with "No such file or directory" 

WARNING: Failed to resolve file /org/bouncycastle/asn1/sec/SECNamedCurves$17.class with "No such file or directory" 

WARNING: Failed to resolve file /org/bouncycastle/asn1/x500/DirectoryString.class with "No such file or directory" 

WARNING: Failed to resolve file /org/bouncycastle/asn1/x509/NameConstraints.class with "No such file or directory" 

WARNING: Failed to resolve file /org/bouncycastle/asn1/x509/sigi/NameOrPseudonym.class with "No such file or directory" 

WARNING: Failed to resolve file /org/bouncycastle/crypto/CipherKeyGenerator.class with "No such file or directory" 

WARNING: Failed to resolve file /org/bouncycastle/crypto/StagedAgreement.class with "No such file or directory" 

WARNING: Failed to resolve file /org/bouncycastle/crypto/digests/AsconXof$1.class with "No such file or directory" 

WARNING: Failed to resolve file /org/bouncycastle/crypto/digests/ShortenedDigest.class with "No such file or directory" 

WARNING: Failed to resolve file /org/bouncycastle/crypto/ec/ECDecryptor.class with "No such file or directory" 

WARNING: Failed to resolve file /org/bouncycastle/crypto/engines/GOST3412_2015Engine.class with "No such file or directory" 

WARNING: Failed to resolve file /org/bouncycastle/crypto/engines/SparkleEngine$1.class with "No such file or directory" 

WARNING: Failed to resolve file /org/bouncycastle/crypto/generators/ElGamalParametersGenerator.class with "No such file or directory" 

WARNING: Failed to resolve file /org/bouncycastle/crypto/macs/DSTU7564Mac.class with "No such file or directory" 

WARNING: Failed to resolve file /org/bouncycastle/crypto/modes/NISTCTSBlockCipher.class with "No such file or directory" 

WARNING: Failed to resolve file /org/bouncycastle/crypto/params/DHParameters.class with "No such file or directory" 

WARNING: Failed to resolve file /org/bouncycastle/crypto/params/NaccacheSternKeyGenerationParameters.class with "No such file or directory" 

WARNING: Failed to resolve file /org/bouncycastle/crypto/prng/X931SecureRandom.class with "No such file or directory" 

WARNING: Failed to resolve file /org/bouncycastle/crypto/util/DEROtherInfo$1.class with "No such file or directory" 

WARNING: Failed to resolve file /org/bouncycastle/crypto/util/SSHNamedCurves$3.class with "No such file or directory" 

WARNING: Failed to resolve file /org/bouncycastle/jcajce/BCFKSLoadStoreParameter$SignatureAlgorithm.class with "No such file or directory" 

WARNING: Failed to resolve file /org/bouncycastle/jcajce/provider/asymmetric/CompositeSignatures.class with "No such file or directory" 

WARNING: Failed to resolve file /org/bouncycastle/jcajce/provider/asymmetric/compositesignatures/KeyPairGeneratorSpi$MLDSA65_ECDSA_brainpoolP256r1_SHA512.class with "No such file or directory" 

WARNING: Failed to resolve file /org/bouncycastle/jcajce/provider/asymmetric/dh/KeyAgreementSpi$DHwithSHA384CKDF.class with "No such file or directory" 

WARNING: Failed to resolve file /org/bouncycastle/jcajce/provider/asymmetric/ec/BCECPrivateKey.class with "No such file or directory" 

WARNING: Failed to resolve file /org/bouncycastle/jcajce/provider/asymmetric/ec/KeyAgreementSpi$DHUwithSHA224KDF.class with "No such file or directory" 

WARNING: Failed to resolve file /org/bouncycastle/jcajce/provider/asymmetric/ec/KeyPairGeneratorSpi.class with "No such file or directory" 

WARNING: Failed to resolve file /org/bouncycastle/jcajce/provider/asymmetric/ecgost12/KeyAgreementSpi$ECVKO512.class with "No such file or directory" 

WARNING: Failed to resolve file /org/bouncycastle/jcajce/provider/asymmetric/edec/KeyPairGeneratorSpi$X448.class with "No such file or directory" 

WARNING: Failed to resolve file /org/bouncycastle/jcajce/provider/asymmetric/rsa/DigestSignatureSpi$SHA3_384.class with "No such file or directory" 

WARNING: Failed to resolve file /org/bouncycastle/jcajce/provider/asymmetric/rsa/PSSSignatureSpi$SHA512withRSA.class with "No such file or directory" 

WARNING: Failed to resolve file /org/bouncycastle/jcajce/provider/asymmetric/x509/X509CRLInternal.class with "No such file or directory" 

WARNING: Failed to resolve file /org/bouncycastle/jcajce/provider/digest/GOST3411$Mappings.class with "No such file or directory" 

WARNING: Failed to resolve file /org/bouncycastle/jcajce/provider/digest/RIPEMD256$HashMac.class with "No such file or directory" 

WARNING: Failed to resolve file /org/bouncycastle/jcajce/provider/digest/SHA3$Mappings.class with "No such file or directory" 

WARNING: Failed to resolve file /org/bouncycastle/jcajce/provider/digest/Skein$HMacKeyGenerator_512_384.class with "No such file or directory" 

WARNING: Failed to resolve file /org/bouncycastle/jcajce/provider/digest/Whirlpool$KeyGenerator.class with "No such file or directory" 

WARNING: Failed to resolve file /org/bouncycastle/jcajce/provider/keystore/pkcs12/PKCS12KeyStoreSpi$1.class with "No such file or directory" 

WARNING: Failed to resolve file /org/bouncycastle/jcajce/provider/symmetric/AES$PBEWithSHA256And192BitAESBC.class with "No such file or directory" 

WARNING: Failed to resolve file /org/bouncycastle/jcajce/provider/symmetric/CAST5$CBC.class with "No such file or directory" 

WARNING: Failed to resolve file /org/bouncycastle/jcajce/provider/symmetric/DES$Mappings.class with "No such file or directory" 

WARNING: Failed to resolve file /org/bouncycastle/jcajce/provider/symmetric/DSTU7624$GCM128.class with "No such file or directory" 

WARNING: Failed to resolve file /org/bouncycastle/jcajce/provider/symmetric/HC128$KeyGen.class with "No such file or directory" 

WARNING: Failed to resolve file /org/bouncycastle/jcajce/provider/symmetric/PBEPKCS12.class with "No such file or directory" 

WARNING: Failed to resolve file /org/bouncycastle/jcajce/provider/symmetric/Rijndael.class with "No such file or directory" 

WARNING: Failed to resolve file /org/bouncycastle/jcajce/provider/symmetric/Shacal2$AlgParams.class with "No such file or directory" 

WARNING: Failed to resolve file /org/bouncycastle/jcajce/provider/symmetric/Threefish.class with "No such file or directory" 

WARNING: Failed to resolve file /org/bouncycastle/jcajce/provider/symmetric/util/BaseStreamCipher.class with "No such file or directory" 

WARNING: Failed to resolve file /org/bouncycastle/jcajce/spec/SkeinParameterSpec.class with "No such file or directory" 

WARNING: Failed to resolve file /org/bouncycastle/jce/provider/AnnotatedException.class with "No such file or directory" 

WARNING: Failed to resolve file /org/bouncycastle/jce/provider/RFC3280CertPathUtilities.class with "No such file or directory" 

WARNING: Failed to resolve file /org/bouncycastle/math/ec/ECCurve$Config.class with "No such file or directory" 

WARNING: Failed to resolve file /org/bouncycastle/math/ec/custom/gm/SM2P256V1FieldElement.class with "No such file or directory" 

WARNING: Failed to resolve file /org/bouncycastle/math/ec/custom/sec/SecP384R1FieldElement.class with "No such file or directory" 

WARNING: Failed to resolve file /org/bouncycastle/math/ec/custom/sec/SecT239K1Curve.class with "No such file or directory" 

WARNING: Failed to resolve file /org/bouncycastle/math/ec/rfc8032/Ed25519$PointTemp.class with "No such file or directory" 

WARNING: Failed to resolve file /org/bouncycastle/pqc/asn1/PQCObjectIdentifiers.class with "No such file or directory" 

WARNING: Failed to resolve file /org/bouncycastle/pqc/crypto/crystals/dilithium/DilithiumKeyPairGenerator.class with "No such file or directory" 

WARNING: Failed to resolve file /org/bouncycastle/pqc/crypto/falcon/FalconSmallPrime.class with "No such file or directory" 

WARNING: Failed to resolve file /org/bouncycastle/pqc/crypto/hqc/HQCKEMExtractor.class with "No such file or directory" 

WARNING: Failed to resolve file /org/bouncycastle/pqc/crypto/newhope/NHKeyPairGenerator.class with "No such file or directory" 

WARNING: Failed to resolve file /org/bouncycastle/pqc/crypto/picnic/PicnicEngine.class with "No such file or directory" 

WARNING: Failed to resolve file /org/bouncycastle/pqc/crypto/sphincs/SPHINCS256KeyGenerationParameters.class with "No such file or directory" 

WARNING: Failed to resolve file /org/bouncycastle/pqc/crypto/util/PublicKeyFactory$LMSConverter.class with "No such file or directory" 

WARNING: Failed to resolve file /org/bouncycastle/pqc/crypto/xmss/XMSSMTPrivateKeyParameters$Builder.class with "No such file or directory" 

WARNING: Failed to resolve file /org/bouncycastle/pqc/jcajce/interfaces/NHPublicKey.class with "No such file or directory" 

WARNING: Failed to resolve file /org/bouncycastle/pqc/jcajce/provider/SPHINCS.class with "No such file or directory" 

WARNING: Failed to resolve file /org/bouncycastle/pqc/jcajce/provider/falcon/SignatureSpi$Base.class with "No such file or directory" 

WARNING: Failed to resolve file /org/bouncycastle/pqc/jcajce/provider/mceliece/BCMcEliecePrivateKey.class with "No such file or directory" 

WARNING: Failed to resolve file /org/bouncycastle/pqc/jcajce/provider/picnic/BCPicnicPublicKey.class with "No such file or directory" 

WARNING: Failed to resolve file /org/bouncycastle/pqc/jcajce/provider/sphincsplus/SPHINCSPlusKeyPairGeneratorSpi$Shake_256f.class with "No such file or directory" 

WARNING: Failed to resolve file /org/bouncycastle/pqc/jcajce/spec/KyberParameterSpec.class with "No such file or directory" 

WARNING: Failed to resolve file /org/bouncycastle/pqc/legacy/crypto/mceliece/McEliecePrivateKeyParameters.class with "No such file or directory" 

WARNING: Failed to resolve file /org/bouncycastle/pqc/legacy/math/linearalgebra/GF2Matrix.class with "No such file or directory" 

WARNING: Failed to resolve file /org/bouncycastle/pqc/math/ntru/parameters/NTRUHPS2048509.class with "No such file or directory" 

WARNING: Failed to resolve file /org/bouncycastle/util/encoders/HexTranslator.class with "No such file or directory" 

WARNING: Failed to resolve file /org/bouncycastle/x509/X509CRLStoreSelector.class with "No such file or directory" 

Found 215 (out of 11364) source files to analyze in /home/udesou/.bench-agent/git/macro-benches/vendor/.infer-capture-ocaml-5.5.1-46e1c32-fp
Could not read file /com/google/common/collect/DenseImmutableTable.class
Could not read file /org/apache/lucene/document/ShapeDocValues.class
Could not read file /org/apache/lucene/index/MergeRateLimiter.class
*****
{
  "rusage": {
    "user_time": 419.662,
    "system_time": 30.678,
    "minor_faults": 1103290,
    "major_faults": 7,
    "voluntary_ctx_switches": 1525982,
    "involuntary_ctx_switches": 652690
  },
  "olly": {
    "version": 2,
    "wall_time": 133.06,
    "cpu_time": 925.91,
    "gc_time": 55.91,
    "gc_overhead": 6.04,
    "max_rss_kb": 4379788,
    "domain_stats": {
      "0": {
        "wall_time": 133.06,
        "gc_time": 5.42,
        "gc_overhead": 4.07
      },
      "1": {
        "wall_time": 132.33,
        "gc_time": 11.15,
        "gc_overhead": 8.42
      },
      "2": {
        "wall_time": 132.09,
        "gc_time": 6.6,
        "gc_overhead": 4.99
      },
      "3": {
        "wall_time": 132.08,
        "gc_time": 7.21,
        "gc_overhead": 5.46
      },
      "4": {
        "wall_time": 132.08,
        "gc_time": 5.75,
        "gc_overhead": 4.35
      },
      "5": {
        "wall_time": 132.09,
        "gc_time": 6.13,
        "gc_overhead": 4.64
      },
      "6": {
        "wall_time": 132.2,
        "gc_time": 13.67,
        "gc_overhead": 10.34
      }
    },
    "mean_latency": 1.543979,
    "stddev_latency": 2.753057,
    "min_latency": 0.0,
    "max_latency": 41.779199,
    "distr_latency": {
      "25.0000": 0.001815,
      "50.0000": 0.003119,
      "60.0000": 0.041407,
      "70.0000": 2.226175,
      "75.0000": 2.910207,
      "80.0000": 3.471359,
      "85.0000": 4.079615,
      "90.0000": 4.771839,
      "95.0000": 5.816319,
      "96.0000": 6.352895,
      "97.0000": 7.077887,
      "98.0000": 8.122367,
      "99.0000": 10.264575,
      "99.9000": 31.096831,
      "99.9900": 38.174719,
      "99.9990": 41.779199,
      "99.9999": 41.779199,
      "100.0000": 41.779199
    },
    "outliers": {
      "count": 0,
      "mean_latency": 0.0,
      "max_latency": 0.0
    },
    "allocations": {
      "total_heap": 72951601571,
      "minor_heap": 72609343092,
      "major_heap": 1134789976,
      "promoted_words": 792531497,
      "promoted_pct": 1.09
    },
    "domain_alloc_stats": {
      "0": {
        "total": 145688119,
        "minor": 126303412,
        "promoted": 7695292,
        "major": 27079999,
        "promoted_pct": 6.09
      },
      "1": {
        "total": 10024855533,
        "minor": 9525362521,
        "promoted": 97343325,
        "major": 596836337,
        "promoted_pct": 1.02
      },
      "2": {
        "total": 9164242076,
        "minor": 9182591074,
        "promoted": 103368393,
        "major": 85019395,
        "promoted_pct": 1.13
      },
      "3": {
        "total": 11340686100,
        "minor": 11359955556,
        "promoted": 80850540,
        "major": 61581084,
        "promoted_pct": 0.71
      },
      "4": {
        "total": 7512880797,
        "minor": 7513881368,
        "promoted": 112707012,
        "major": 111706441,
        "promoted_pct": 1.5
      },
      "5": {
        "total": 7803791784,
        "minor": 7830067904,
        "promoted": 116354150,
        "major": 90078030,
        "promoted_pct": 1.49
      },
      "6": {
        "total": 26959457162,
        "minor": 27071181257,
        "promoted": 274212785,
        "major": 162488690,
        "promoted_pct": 1.01
      }
    },
    "collections": {
      "minor": 3376,
      "major": 40,
      "forced_major": 0,
      "compactions": 0
    },
    "stats_reliable": true
  },
  "counter_backend": "linux-perf",
  "perf": [
    {
      "counter-value": "449761.416259",
      "unit": "msec",
      "event": "task-clock",
      "event-runtime": 449761416259,
      "pcnt-running": 100.0,
      "metric-value": "3.353077",
      "metric-unit": "CPUs utilized"
    },
    {
      "counter-value": "1102200.000000",
      "unit": "",
      "event": "page-faults",
      "event-runtime": 449761416259,
      "pcnt-running": 100.0,
      "metric-value": "2.450633",
      "metric-unit": "K/sec"
    },
    {
      "counter-value": "1474819694772.000000",
      "unit": "",
      "event": "cycles",
      "event-runtime": 449761416259,
      "pcnt-running": 100.0,
      "metric-value": "3.279116",
      "metric-unit": "GHz"
    },
    {
      "counter-value": "1861519591050.000000",
      "unit": "",
      "event": "instructions",
      "event-runtime": 449761416259,
      "pcnt-running": 100.0,
      "metric-value": "1.262201",
      "metric-unit": "insn per cycle"
    }
  ]
}
-----
mkdir -p PLOTTY_WORKAROUND; timedrun; OCAMLRUNPARAM="e=18,d=128" taskset -c "4,6,8,10,12,14" /home/udesou/.bench-agent/git/macro-benches/benchmarks/infer/infer_default-ocaml-5.5.1-46e1c32-fp
running-ng v0.3.8
Sun Sep 13 01:17:14 PM UTC 2026

 13:17:14 up 6 days, 13:11,  2 users,  load average: 2.52, 3.02, 2.25
USER     TTY      FROM             LOGIN@   IDLE   JCPU   PCPU  WHAT

procs -----------memory---------- ---swap-- -----io---- -system-- -------cpu-------
 r  b   swpd   free   buff  cache   si   so    bi    bo   in   cs us sy id wa st gu
 0  1    512 5675172 4619392 53187604    0    0    39  1118 2336    6 10  1 80  9  0  0
 2  1    512 5675256 4619392 53187336    0    0     0     0 1698 3081  0  0 88 12  0  0

top - 13:17:15 up 6 days, 13:11,  2 users,  load average: 2.52, 3.02, 2.25
Tasks: 279 total,   1 running, 278 sleeping,   0 stopped,   0 zombie
%Cpu(s):  0.0 us,  1.2 sy,  0.0 ni, 87.2 id, 11.6 wa,  0.0 hi,  0.0 si,  0.0 st 
MiB Mem :  64272.5 total,   5542.2 free,   3003.5 used,  56451.9 buff/cache     
MiB Swap:   8192.0 total,   8191.5 free,      0.5 used.  61269.0 avail Mem 

    PID USER      PR  NI    VIRT    RES    SHR S  %CPU  %MEM     TIME+ COMMAND
     51 root      20   0       0      0      0 I   9.1   0.0  45:52.11 [rcuog/8]
      1 root      20   0   22936  14244   9608 S   0.0   0.0   4:04.68 /usr/lib/systemd/systemd --system --deserialize=173
      2 root      20   0       0      0      0 S   0.0   0.0   0:00.07 [kthreadd]
      3 root      20   0       0      0      0 S   0.0   0.0   0:00.00 [pool_workqueue_release]
      4 root       0 -20       0      0      0 I   0.0   0.0   0:00.00 [kworker/R-rcu_g]

Environment variables: 
	CONFIG_FILE=/home/udesou/.bench-agent/work/run-20260913-001-e1/run-20260913-001.yml
	HOME=/home/udesou
	LANG=en_US.UTF-8
	LOGNAME=udesou
	LOG_DIR=/home/udesou/.bench-agent/logs
	OLLY_DIR=/home/udesou/.bench-agent/git/olly
	PATH=/usr/local/bin:/home/udesou/.bench-agent/git/olly/_build/install/default/bin:/home/udesou/.opam/running-ng-tools/bin:/home/udesou/.vscode-server/data/User/globalStorage/github.copilot-chat/debugCommand:/home/udesou/.vscode-server/data/User/globalStorage/github.copilot-chat/copilotCli:/home/udesou/.vscode-server/cli/servers/Stable-08d4889f9ec4a1685d257b9b95de036c8e1ce1e5/server/bin/remote-cli:/home/udesou/.opam/running-ng-ocaml-5.5.0-f523850-fp-flambda/bin:/home/udesou/.local/bin:/home/udesou/.opam/running-ng-ocaml-5.5.0-f523850-fp-flambda/bin:/home/udesou/.local/bin:/usr/local/sbin:/usr/local/bin:/usr/sbin:/usr/bin:/sbin:/bin:/usr/games:/usr/local/games:/snap/bin
	PWD=/home/udesou/ocaml-bench-service
	PYTHONPATH=/home/udesou/.bench-agent/git/running-ng/src
	RUNNING_BENCH_DIR=/home/udesou/.bench-agent/git/macro-benches
	RUNNING_MACRO_BENCH_DIR=/home/udesou/.bench-agent/git/macro-benches
	RUNNING_NG_PACKAGE_DATA=/home/udesou/.bench-agent/git/running-ng/src/running/config
	RUNNING_REUSE_SWITCHES=1
	RUNNING_TAG=default_run,large_run
	SHELL=/bin/bash
	SHLVL=1
	TERM=screen.xterm-256color
	USER=udesou
	_=/usr/bin/python3
OS: Linux obelisk 6.8.0-139-generic #139-Ubuntu SMP PREEMPT_DYNAMIC Sat Aug  1 03:52:05 UTC 2026 x86_64 x86_64 x86_64 GNU/Linux
CPU: Intel(R) Xeon(R) CPU E5-2667 v2 @ 3.30GHz
number of cores: 8
Frequency of cpu 0: 3.30 GHz
Governor of cpu 0: performance
Scaling_min_freq of cpu 0: 1.20 GHz
Frequency of cpu 2: 3.30 GHz
Governor of cpu 2: performance
Scaling_min_freq of cpu 2: 1.20 GHz
Frequency of cpu 4: 3.30 GHz
Governor of cpu 4: performance
Scaling_min_freq of cpu 4: 1.20 GHz
Frequency of cpu 6: 3.30 GHz
Governor of cpu 6: performance
Scaling_min_freq of cpu 6: 1.20 GHz
WARNING: Failed to resolve file /com/google/common/annotations/Beta.class with "No such file or directory" 

WARNING: Failed to resolve file /com/google/common/base/Converter$IdentityConverter.class with "No such file or directory" 

WARNING: Failed to resolve file /com/google/common/base/Platform.class with "No such file or directory" 

WARNING: Failed to resolve file /com/google/common/base/Utf8.class with "No such file or directory" 

WARNING: Failed to resolve file /com/google/common/cache/LocalCache$EntryFactory$2.class with "No such file or directory" 

WARNING: Failed to resolve file /com/google/common/cache/LongAddables.class with "No such file or directory" 

WARNING: Failed to resolve file /com/google/common/collect/AbstractMapBasedMultiset$2$1.class with "No such file or directory" 

WARNING: Failed to resolve file /com/google/common/collect/CollectSpliterators.class with "No such file or directory" 

WARNING: Failed to resolve file /com/google/common/collect/DenseImmutableTable.class with "No such file or directory" 

WARNING: Failed to resolve file /com/google/common/collect/ForwardingConcurrentMap.class with "No such file or directory" 

WARNING: Failed to resolve file /com/google/common/collect/HashMultimap.class with "No such file or directory" 

WARNING: Failed to resolve file /com/google/common/collect/ImmutableMultimap$Builder.class with "No such file or directory" 

WARNING: Failed to resolve file /com/google/common/collect/ImmutableSortedSet$1.class with "No such file or directory" 

WARNING: Failed to resolve file /com/google/common/collect/JdkBackedImmutableMap.class with "No such file or directory" 

WARNING: Failed to resolve file /com/google/common/collect/MapMakerInternalMap$EntrySet.class with "No such file or directory" 

WARNING: Failed to resolve file /com/google/common/collect/Maps$AsMapView$1EntrySetImpl.class with "No such file or directory" 

WARNING: Failed to resolve file /com/google/common/collect/MultimapBuilder$2.class with "No such file or directory" 

WARNING: Failed to resolve file /com/google/common/collect/Multisets$4.class with "No such file or directory" 

WARNING: Failed to resolve file /com/google/common/collect/RegularImmutableMap$Values.class with "No such file or directory" 

WARNING: Failed to resolve file /com/google/common/collect/SortedLists$KeyAbsentBehavior$2.class with "No such file or directory" 

WARNING: Failed to resolve file /com/google/common/collect/Streams$DoubleFunctionWithIndex.class with "No such file or directory" 

WARNING: Failed to resolve file /com/google/common/collect/TransformedListIterator.class with "No such file or directory" 

WARNING: Failed to resolve file /com/google/common/collect/TreeTraverser.class with "No such file or directory" 

WARNING: Failed to resolve file /com/google/common/graph/AbstractBaseGraph$1.class with "No such file or directory" 

WARNING: Failed to resolve file /com/google/common/graph/GraphBuilder.class with "No such file or directory" 

WARNING: Failed to resolve file /com/google/common/graph/ValueGraph.class with "No such file or directory" 

WARNING: Failed to resolve file /com/google/common/hash/Hashing.class with "No such file or directory" 

WARNING: Failed to resolve file /com/google/common/io/BaseEncoding.class with "No such file or directory" 

WARNING: Failed to resolve file /com/google/common/io/LineProcessor.class with "No such file or directory" 

WARNING: Failed to resolve file /com/google/common/net/HttpHeaders.class with "No such file or directory" 

WARNING: Failed to resolve file /com/google/common/primitives/Shorts$ShortConverter.class with "No such file or directory" 

WARNING: Failed to resolve file /com/google/common/reflect/TypeToken$Bounds.class with "No such file or directory" 

WARNING: Failed to resolve file /com/google/common/util/concurrent/AbstractFuture$Listener.class with "No such file or directory" 

WARNING: Failed to resolve file /com/google/common/util/concurrent/AggregateFutureState.class with "No such file or directory" 

WARNING: Failed to resolve file /com/google/common/util/concurrent/ForwardingCheckedFuture$SimpleForwardingCheckedFuture.class with "No such file or directory" 

WARNING: Failed to resolve file /com/google/common/util/concurrent/Monitor$Guard.class with "No such file or directory" 

WARNING: Failed to resolve file /com/google/common/util/concurrent/SimpleTimeLimiter$1.class with "No such file or directory" 

WARNING: Failed to resolve file /net/bytebuddy/ByteBuddy$RecordConstructorStrategy.class with "No such file or directory" 

WARNING: Failed to resolve file /net/bytebuddy/agent/builder/AgentBuilder$Default$NativeMethodStrategy$ForPrefix.class with "No such file or directory" 

WARNING: Failed to resolve file /net/bytebuddy/agent/builder/AgentBuilder$InstallationListener$Compound.class with "No such file or directory" 

WARNING: Failed to resolve file /net/bytebuddy/agent/builder/AgentBuilder$PoolStrategy$Default.class with "No such file or directory" 

WARNING: Failed to resolve file /net/bytebuddy/agent/builder/AgentBuilder$RedefinitionStrategy$Listener$Adapter.class with "No such file or directory" 

WARNING: Failed to resolve file /net/bytebuddy/agent/builder/package-info.class with "No such file or directory" 

WARNING: Failed to resolve file /net/bytebuddy/asm/Advice$AssignReturned$ToReturned$Handler.class with "No such file or directory" 

WARNING: Failed to resolve file /net/bytebuddy/asm/Advice$Dispatcher$Resolved$AbstractBase.class with "No such file or directory" 

WARNING: Failed to resolve file /net/bytebuddy/asm/Advice$OffsetMapping$ForInstrumentedMethod$2.class with "No such file or directory" 

WARNING: Failed to resolve file /net/bytebuddy/asm/Advice$OffsetMapping.class with "No such file or directory" 

WARNING: Failed to resolve file /net/bytebuddy/asm/ClassVisitorFactory$FrameTranslator.class with "No such file or directory" 

WARNING: Failed to resolve file /net/bytebuddy/asm/MemberSubstitution$TypePoolResolver$OfImplicitPool.class with "No such file or directory" 

WARNING: Failed to resolve file /net/bytebuddy/build/EntryPoint$Default.class with "No such file or directory" 

WARNING: Failed to resolve file /net/bytebuddy/build/Plugin$Engine$Listener$StreamWriting.class with "No such file or directory" 

WARNING: Failed to resolve file /net/bytebuddy/build/Plugin$Factory$UsingReflection$Instantiator$Unresolved.class with "No such file or directory" 

WARNING: Failed to resolve file /net/bytebuddy/description/annotation/AnnotationDescription.class with "No such file or directory" 

WARNING: Failed to resolve file /net/bytebuddy/description/annotation/AnnotationValue$Loaded$AbstractBase$ForUnresolvedProperty.class with "No such file or directory" 

WARNING: Failed to resolve file /net/bytebuddy/description/method/MethodList$Explicit.class with "No such file or directory" 

WARNING: Failed to resolve file /net/bytebuddy/description/modifier/SynchronizationState.class with "No such file or directory" 

WARNING: Failed to resolve file /net/bytebuddy/description/type/TypeDescription$Generic$AnnotationReader$Delegator$ForLoadedTypeVariable.class with "No such file or directory" 

WARNING: Failed to resolve file /net/bytebuddy/description/type/TypeDescription$Generic$OfParameterizedType$Latent.class with "No such file or directory" 

WARNING: Failed to resolve file /net/bytebuddy/description/type/TypeDescription$Latent.class with "No such file or directory" 

WARNING: Failed to resolve file /net/bytebuddy/dynamic/ClassFileLocator$ForModuleFile.class with "No such file or directory" 

WARNING: Failed to resolve file /net/bytebuddy/dynamic/DynamicType$Builder$MethodDefinition$ParameterDefinition$Simple$Annotatable$AbstractBase.class with "No such file or directory" 

WARNING: Failed to resolve file /net/bytebuddy/dynamic/VisibilityBridgeStrategy$Default$2.class with "No such file or directory" 

WARNING: Failed to resolve file /net/bytebuddy/dynamic/loading/ClassInjector$UsingReflection$Dispatcher$Initializable.class with "No such file or directory" 

WARNING: Failed to resolve file /net/bytebuddy/dynamic/loading/PackageDefinitionStrategy$ManifestReading.class with "No such file or directory" 

WARNING: Failed to resolve file /net/bytebuddy/dynamic/scaffold/MethodGraph$Compiler$Default$Key$Store$Entry$Initial.class with "No such file or directory" 

WARNING: Failed to resolve file /net/bytebuddy/dynamic/scaffold/TypeWriter$Default$ClassDumpAction$Dispatcher$Enabled.class with "No such file or directory" 

WARNING: Failed to resolve file /net/bytebuddy/dynamic/scaffold/TypeWriter$MethodPool$Record$AccessBridgeWrapper.class with "No such file or directory" 

WARNING: Failed to resolve file /net/bytebuddy/dynamic/scaffold/subclass/SubclassImplementationTarget$OriginTypeResolver$1.class with "No such file or directory" 

WARNING: Failed to resolve file /net/bytebuddy/implementation/FieldAccessor$FieldLocation.class with "No such file or directory" 

WARNING: Failed to resolve file /net/bytebuddy/implementation/HashCodeMethod$ValueTransformer$7.class with "No such file or directory" 

WARNING: Failed to resolve file /net/bytebuddy/implementation/InvocationHandlerAdapter.class with "No such file or directory" 

WARNING: Failed to resolve file /net/bytebuddy/implementation/InvokeDynamic$WithImplicitArguments.class with "No such file or directory" 

WARNING: Failed to resolve file /net/bytebuddy/implementation/MethodCall$MethodInvoker.class with "No such file or directory" 

WARNING: Failed to resolve file /net/bytebuddy/implementation/MethodDelegation.class with "No such file or directory" 

WARNING: Failed to resolve file /net/bytebuddy/implementation/attribute/AnnotationValueFilter$Factory.class with "No such file or directory" 

WARNING: Failed to resolve file /net/bytebuddy/implementation/auxiliary/TypeProxy$1.class with "No such file or directory" 

WARNING: Failed to resolve file /net/bytebuddy/implementation/bind/annotation/AllArguments.class with "No such file or directory" 

WARNING: Failed to resolve file /net/bytebuddy/implementation/bind/annotation/Morph$Binder$RedirectionProxy$InstanceFieldConstructor$Appender.class with "No such file or directory" 

WARNING: Failed to resolve file /net/bytebuddy/implementation/bytecode/ByteCodeAppender$Compound.class with "No such file or directory" 

WARNING: Failed to resolve file /net/bytebuddy/implementation/bytecode/assign/reference/GenericTypeAwareAssigner$IsAssignableToVisitor$OfGenericArray.class with "No such file or directory" 

WARNING: Failed to resolve file /net/bytebuddy/implementation/bytecode/member/FieldAccess$AccessDispatcher$FieldPutInstruction.class with "No such file or directory" 

WARNING: Failed to resolve file /net/bytebuddy/jar/asm/RecordComponentWriter.class with "No such file or directory" 

WARNING: Failed to resolve file /net/bytebuddy/matcher/FilterableList.class with "No such file or directory" 

WARNING: Failed to resolve file /net/bytebuddy/matcher/TypeSortMatcher.class with "No such file or directory" 

WARNING: Failed to resolve file /net/bytebuddy/pool/TypePool$Default$LazyTypeDescription$AnnotationToken.class with "No such file or directory" 

WARNING: Failed to resolve file /net/bytebuddy/pool/TypePool$Default$LazyTypeDescription$LazyMethodDescription$LazyParameterizedReceiverType$TypeArgumentList$AnnotatedTypeVariable.class with "No such file or directory" 

WARNING: Failed to resolve file /net/bytebuddy/utility/FileSystem$ForNio2CapableVm$StandardCopyOption.class with "No such file or directory" 

WARNING: Failed to resolve file /net/bytebuddy/utility/dispatcher/JavaDispatcher$Dispatcher.class with "No such file or directory" 

WARNING: Failed to resolve file /org/apache/lucene/analysis/CharArrayMap.class with "No such file or directory" 

WARNING: Failed to resolve file /org/apache/lucene/analysis/tokenattributes/TermToBytesRefAttribute.class with "No such file or directory" 

WARNING: Failed to resolve file /org/apache/lucene/codecs/KnnVectorsWriter$ByteVectorValuesSub.class with "No such file or directory" 

WARNING: Failed to resolve file /org/apache/lucene/codecs/hnsw/DefaultFlatVectorScorer$ByteScoringSupplier$1.class with "No such file or directory" 

WARNING: Failed to resolve file /org/apache/lucene/codecs/lucene90/Lucene90DocValuesProducer$17.class with "No such file or directory" 

WARNING: Failed to resolve file /org/apache/lucene/codecs/lucene90/Lucene90PointsFormat.class with "No such file or directory" 

WARNING: Failed to resolve file /org/apache/lucene/codecs/lucene912/ForUtil.class with "No such file or directory" 

WARNING: Failed to resolve file /org/apache/lucene/codecs/lucene99/Lucene99HnswVectorsWriter$2.class with "No such file or directory" 

WARNING: Failed to resolve file /org/apache/lucene/document/BinaryPoint$1.class with "No such file or directory" 

WARNING: Failed to resolve file /org/apache/lucene/document/FloatPoint$2.class with "No such file or directory" 

WARNING: Failed to resolve file /org/apache/lucene/document/LatLonPointDistanceQuery.class with "No such file or directory" 

WARNING: Failed to resolve file /org/apache/lucene/document/ShapeField$QueryRelation.class with "No such file or directory" 

WARNING: Failed to resolve file /org/apache/lucene/document/XYShapeDocValues.class with "No such file or directory" 

WARNING: Failed to resolve file /org/apache/lucene/index/BaseTermsEnum$1.class with "No such file or directory" 

WARNING: Failed to resolve file /org/apache/lucene/index/ConcurrentMergeScheduler.class with "No such file or directory" 

WARNING: Failed to resolve file /org/apache/lucene/index/ExitableDirectoryReader$ExitableFilterAtomicReader$4.class with "No such file or directory" 

WARNING: Failed to resolve file /org/apache/lucene/index/FreqProxFields$FreqProxTermsEnum$1.class with "No such file or directory" 

WARNING: Failed to resolve file /org/apache/lucene/index/IndexWriter$DocModifier.class with "No such file or directory" 

WARNING: Failed to resolve file /org/apache/lucene/index/MultiDocValues$1.class with "No such file or directory" 

WARNING: Failed to resolve file /org/apache/lucene/index/PointValues$IntersectVisitor.class with "No such file or directory" 

WARNING: Failed to resolve file /org/apache/lucene/index/SingletonSortedSetDocValues.class with "No such file or directory" 

WARNING: Failed to resolve file /org/apache/lucene/index/SortedNumericDocValuesWriter.class with "No such file or directory" 

WARNING: Failed to resolve file /org/apache/lucene/index/TermVectorsConsumerPerField$TermVectorsPostingsArray.class with "No such file or directory" 

WARNING: Failed to resolve file /org/apache/lucene/internal/hppc/IntDoubleHashMap$EntryIterator.class with "No such file or directory" 

WARNING: Failed to resolve file /org/apache/lucene/internal/hppc/LongIntHashMap$LongIntCursor.class with "No such file or directory" 

WARNING: Failed to resolve file /org/apache/lucene/search/BlockMaxConjunctionScorer$2.class with "No such file or directory" 

WARNING: Failed to resolve file /org/apache/lucene/search/ConstantScoreQuery$1$1.class with "No such file or directory" 

WARNING: Failed to resolve file /org/apache/lucene/search/DoubleValuesSource$DoubleValuesComparatorSource$1.class with "No such file or directory" 

WARNING: Failed to resolve file /org/apache/lucene/search/ImpactsDISI.class with "No such file or directory" 

WARNING: Failed to resolve file /org/apache/lucene/search/LongValuesSource$LongValuesComparatorSource.class with "No such file or directory" 

WARNING: Failed to resolve file /org/apache/lucene/search/NamedMatches$NamedQuery.class with "No such file or directory" 

WARNING: Failed to resolve file /org/apache/lucene/search/ReqOptSumScorer.class with "No such file or directory" 

WARNING: Failed to resolve file /org/apache/lucene/search/SortedNumericSortField$5.class with "No such file or directory" 

WARNING: Failed to resolve file /org/apache/lucene/search/TopDocsCollector.class with "No such file or directory" 

WARNING: Failed to resolve file /org/apache/lucene/search/comparators/NumericComparator$NumericLeafComparator.class with "No such file or directory" 

WARNING: Failed to resolve file /org/apache/lucene/search/similarities/MultiSimilarity.class with "No such file or directory" 

WARNING: Failed to resolve file /org/apache/lucene/store/IndexInput$1.class with "No such file or directory" 

WARNING: Failed to resolve file /org/apache/lucene/util/AttributeImpl.class with "No such file or directory" 

WARNING: Failed to resolve file /org/apache/lucene/util/DocIdSetBuilder$BulkAdder.class with "No such file or directory" 

WARNING: Failed to resolve file /org/apache/lucene/util/ModuleResourceLoader.class with "No such file or directory" 

WARNING: Failed to resolve file /org/apache/lucene/util/Sorter.class with "No such file or directory" 

WARNING: Failed to resolve file /org/apache/lucene/util/automaton/MinimizationOperations$IntPair.class with "No such file or directory" 

WARNING: Failed to resolve file /org/apache/lucene/util/bkd/OfflinePointWriter.class with "No such file or directory" 

WARNING: Failed to resolve file /org/apache/lucene/util/fst/Util$FSTPath.class with "No such file or directory" 

WARNING: Failed to resolve file /org/apache/lucene/util/mutable/MutableValueDate.class with "No such file or directory" 

WARNING: Failed to resolve file /org/apache/lucene/util/packed/DirectReader$DirectPackedReader32.class with "No such file or directory" 

WARNING: Failed to resolve file /org/apache/lucene/util/packed/PackedWriter.class with "No such file or directory" 

WARNING: Failed to resolve file /org/bouncycastle/asn1/ASN1ObjectDescriptor$1.class with "No such file or directory" 

WARNING: Failed to resolve file /org/bouncycastle/asn1/BEROctetStringParser.class with "No such file or directory" 

WARNING: Failed to resolve file /org/bouncycastle/asn1/LazyEncodedSequence.class with "No such file or directory" 

WARNING: Failed to resolve file /org/bouncycastle/asn1/ocsp/OCSPRequest.class with "No such file or directory" 

WARNING: Failed to resolve file /org/bouncycastle/asn1/sec/SECNamedCurves$17.class with "No such file or directory" 

WARNING: Failed to resolve file /org/bouncycastle/asn1/x500/DirectoryString.class with "No such file or directory" 

WARNING: Failed to resolve file /org/bouncycastle/asn1/x509/NameConstraints.class with "No such file or directory" 

WARNING: Failed to resolve file /org/bouncycastle/asn1/x509/sigi/NameOrPseudonym.class with "No such file or directory" 

WARNING: Failed to resolve file /org/bouncycastle/crypto/CipherKeyGenerator.class with "No such file or directory" 

WARNING: Failed to resolve file /org/bouncycastle/crypto/StagedAgreement.class with "No such file or directory" 

WARNING: Failed to resolve file /org/bouncycastle/crypto/digests/AsconXof$1.class with "No such file or directory" 

WARNING: Failed to resolve file /org/bouncycastle/crypto/digests/ShortenedDigest.class with "No such file or directory" 

WARNING: Failed to resolve file /org/bouncycastle/crypto/ec/ECDecryptor.class with "No such file or directory" 

WARNING: Failed to resolve file /org/bouncycastle/crypto/engines/GOST3412_2015Engine.class with "No such file or directory" 

WARNING: Failed to resolve file /org/bouncycastle/crypto/engines/SparkleEngine$1.class with "No such file or directory" 

WARNING: Failed to resolve file /org/bouncycastle/crypto/generators/ElGamalParametersGenerator.class with "No such file or directory" 

WARNING: Failed to resolve file /org/bouncycastle/crypto/macs/DSTU7564Mac.class with "No such file or directory" 

WARNING: Failed to resolve file /org/bouncycastle/crypto/modes/NISTCTSBlockCipher.class with "No such file or directory" 

WARNING: Failed to resolve file /org/bouncycastle/crypto/params/DHParameters.class with "No such file or directory" 

WARNING: Failed to resolve file /org/bouncycastle/crypto/params/NaccacheSternKeyGenerationParameters.class with "No such file or directory" 

WARNING: Failed to resolve file /org/bouncycastle/crypto/prng/X931SecureRandom.class with "No such file or directory" 

WARNING: Failed to resolve file /org/bouncycastle/crypto/util/DEROtherInfo$1.class with "No such file or directory" 

WARNING: Failed to resolve file /org/bouncycastle/crypto/util/SSHNamedCurves$3.class with "No such file or directory" 

WARNING: Failed to resolve file /org/bouncycastle/jcajce/BCFKSLoadStoreParameter$SignatureAlgorithm.class with "No such file or directory" 

WARNING: Failed to resolve file /org/bouncycastle/jcajce/provider/asymmetric/CompositeSignatures.class with "No such file or directory" 

WARNING: Failed to resolve file /org/bouncycastle/jcajce/provider/asymmetric/compositesignatures/KeyPairGeneratorSpi$MLDSA65_ECDSA_brainpoolP256r1_SHA512.class with "No such file or directory" 

WARNING: Failed to resolve file /org/bouncycastle/jcajce/provider/asymmetric/dh/KeyAgreementSpi$DHwithSHA384CKDF.class with "No such file or directory" 

WARNING: Failed to resolve file /org/bouncycastle/jcajce/provider/asymmetric/ec/BCECPrivateKey.class with "No such file or directory" 

WARNING: Failed to resolve file /org/bouncycastle/jcajce/provider/asymmetric/ec/KeyAgreementSpi$DHUwithSHA224KDF.class with "No such file or directory" 

WARNING: Failed to resolve file /org/bouncycastle/jcajce/provider/asymmetric/ec/KeyPairGeneratorSpi.class with "No such file or directory" 

WARNING: Failed to resolve file /org/bouncycastle/jcajce/provider/asymmetric/ecgost12/KeyAgreementSpi$ECVKO512.class with "No such file or directory" 

WARNING: Failed to resolve file /org/bouncycastle/jcajce/provider/asymmetric/edec/KeyPairGeneratorSpi$X448.class with "No such file or directory" 

WARNING: Failed to resolve file /org/bouncycastle/jcajce/provider/asymmetric/rsa/DigestSignatureSpi$SHA3_384.class with "No such file or directory" 

WARNING: Failed to resolve file /org/bouncycastle/jcajce/provider/asymmetric/rsa/PSSSignatureSpi$SHA512withRSA.class with "No such file or directory" 

WARNING: Failed to resolve file /org/bouncycastle/jcajce/provider/asymmetric/x509/X509CRLInternal.class with "No such file or directory" 

WARNING: Failed to resolve file /org/bouncycastle/jcajce/provider/digest/GOST3411$Mappings.class with "No such file or directory" 

WARNING: Failed to resolve file /org/bouncycastle/jcajce/provider/digest/RIPEMD256$HashMac.class with "No such file or directory" 

WARNING: Failed to resolve file /org/bouncycastle/jcajce/provider/digest/SHA3$Mappings.class with "No such file or directory" 

WARNING: Failed to resolve file /org/bouncycastle/jcajce/provider/digest/Skein$HMacKeyGenerator_512_384.class with "No such file or directory" 

WARNING: Failed to resolve file /org/bouncycastle/jcajce/provider/digest/Whirlpool$KeyGenerator.class with "No such file or directory" 

WARNING: Failed to resolve file /org/bouncycastle/jcajce/provider/keystore/pkcs12/PKCS12KeyStoreSpi$1.class with "No such file or directory" 

WARNING: Failed to resolve file /org/bouncycastle/jcajce/provider/symmetric/AES$PBEWithSHA256And192BitAESBC.class with "No such file or directory" 

WARNING: Failed to resolve file /org/bouncycastle/jcajce/provider/symmetric/CAST5$CBC.class with "No such file or directory" 

WARNING: Failed to resolve file /org/bouncycastle/jcajce/provider/symmetric/DES$Mappings.class with "No such file or directory" 

WARNING: Failed to resolve file /org/bouncycastle/jcajce/provider/symmetric/DSTU7624$GCM128.class with "No such file or directory" 

WARNING: Failed to resolve file /org/bouncycastle/jcajce/provider/symmetric/HC128$KeyGen.class with "No such file or directory" 

WARNING: Failed to resolve file /org/bouncycastle/jcajce/provider/symmetric/PBEPKCS12.class with "No such file or directory" 

WARNING: Failed to resolve file /org/bouncycastle/jcajce/provider/symmetric/Rijndael.class with "No such file or directory" 

WARNING: Failed to resolve file /org/bouncycastle/jcajce/provider/symmetric/Shacal2$AlgParams.class with "No such file or directory" 

WARNING: Failed to resolve file /org/bouncycastle/jcajce/provider/symmetric/Threefish.class with "No such file or directory" 

WARNING: Failed to resolve file /org/bouncycastle/jcajce/provider/symmetric/util/BaseStreamCipher.class with "No such file or directory" 

WARNING: Failed to resolve file /org/bouncycastle/jcajce/spec/SkeinParameterSpec.class with "No such file or directory" 

WARNING: Failed to resolve file /org/bouncycastle/jce/provider/AnnotatedException.class with "No such file or directory" 

WARNING: Failed to resolve file /org/bouncycastle/jce/provider/RFC3280CertPathUtilities.class with "No such file or directory" 

WARNING: Failed to resolve file /org/bouncycastle/math/ec/ECCurve$Config.class with "No such file or directory" 

WARNING: Failed to resolve file /org/bouncycastle/math/ec/custom/gm/SM2P256V1FieldElement.class with "No such file or directory" 

WARNING: Failed to resolve file /org/bouncycastle/math/ec/custom/sec/SecP384R1FieldElement.class with "No such file or directory" 

WARNING: Failed to resolve file /org/bouncycastle/math/ec/custom/sec/SecT239K1Curve.class with "No such file or directory" 

WARNING: Failed to resolve file /org/bouncycastle/math/ec/rfc8032/Ed25519$PointTemp.class with "No such file or directory" 

WARNING: Failed to resolve file /org/bouncycastle/pqc/asn1/PQCObjectIdentifiers.class with "No such file or directory" 

WARNING: Failed to resolve file /org/bouncycastle/pqc/crypto/crystals/dilithium/DilithiumKeyPairGenerator.class with "No such file or directory" 

WARNING: Failed to resolve file /org/bouncycastle/pqc/crypto/falcon/FalconSmallPrime.class with "No such file or directory" 

WARNING: Failed to resolve file /org/bouncycastle/pqc/crypto/hqc/HQCKEMExtractor.class with "No such file or directory" 

WARNING: Failed to resolve file /org/bouncycastle/pqc/crypto/newhope/NHKeyPairGenerator.class with "No such file or directory" 

WARNING: Failed to resolve file /org/bouncycastle/pqc/crypto/picnic/PicnicEngine.class with "No such file or directory" 

WARNING: Failed to resolve file /org/bouncycastle/pqc/crypto/sphincs/SPHINCS256KeyGenerationParameters.class with "No such file or directory" 

WARNING: Failed to resolve file /org/bouncycastle/pqc/crypto/util/PublicKeyFactory$LMSConverter.class with "No such file or directory" 

WARNING: Failed to resolve file /org/bouncycastle/pqc/crypto/xmss/XMSSMTPrivateKeyParameters$Builder.class with "No such file or directory" 

WARNING: Failed to resolve file /org/bouncycastle/pqc/jcajce/interfaces/NHPublicKey.class with "No such file or directory" 

WARNING: Failed to resolve file /org/bouncycastle/pqc/jcajce/provider/SPHINCS.class with "No such file or directory" 

WARNING: Failed to resolve file /org/bouncycastle/pqc/jcajce/provider/falcon/SignatureSpi$Base.class with "No such file or directory" 

WARNING: Failed to resolve file /org/bouncycastle/pqc/jcajce/provider/mceliece/BCMcEliecePrivateKey.class with "No such file or directory" 

WARNING: Failed to resolve file /org/bouncycastle/pqc/jcajce/provider/picnic/BCPicnicPublicKey.class with "No such file or directory" 

WARNING: Failed to resolve file /org/bouncycastle/pqc/jcajce/provider/sphincsplus/SPHINCSPlusKeyPairGeneratorSpi$Shake_256f.class with "No such file or directory" 

WARNING: Failed to resolve file /org/bouncycastle/pqc/jcajce/spec/KyberParameterSpec.class with "No such file or directory" 

WARNING: Failed to resolve file /org/bouncycastle/pqc/legacy/crypto/mceliece/McEliecePrivateKeyParameters.class with "No such file or directory" 

WARNING: Failed to resolve file /org/bouncycastle/pqc/legacy/math/linearalgebra/GF2Matrix.class with "No such file or directory" 

WARNING: Failed to resolve file /org/bouncycastle/pqc/math/ntru/parameters/NTRUHPS2048509.class with "No such file or directory" 

WARNING: Failed to resolve file /org/bouncycastle/util/encoders/HexTranslator.class with "No such file or directory" 

WARNING: Failed to resolve file /org/bouncycastle/x509/X509CRLStoreSelector.class with "No such file or directory" 

Found 215 (out of 11364) source files to analyze in /home/udesou/.bench-agent/git/macro-benches/vendor/.infer-capture-ocaml-5.5.1-46e1c32-fp
Could not read file /com/google/common/collect/DenseImmutableTable.class
Could not read file /org/apache/lucene/document/ShapeDocValues.class
Could not read file /org/apache/lucene/index/MergeRateLimiter.class
*****
{
  "rusage": {
    "user_time": 445.987,
    "system_time": 31.231,
    "minor_faults": 1117444,
    "major_faults": 7,
    "voluntary_ctx_switches": 1800112,
    "involuntary_ctx_switches": 117084
  },
  "olly": {
    "version": 2,
    "wall_time": 133.79,
    "cpu_time": 929.56,
    "gc_time": 53.88,
    "gc_overhead": 5.8,
    "max_rss_kb": 4465548,
    "domain_stats": {
      "0": {
        "wall_time": 133.79,
        "gc_time": 2.67,
        "gc_overhead": 2.0
      },
      "1": {
        "wall_time": 132.72,
        "gc_time": 13.67,
        "gc_overhead": 10.3
      },
      "2": {
        "wall_time": 132.81,
        "gc_time": 11.89,
        "gc_overhead": 8.95
      },
      "3": {
        "wall_time": 132.55,
        "gc_time": 6.96,
        "gc_overhead": 5.25
      },
      "4": {
        "wall_time": 132.56,
        "gc_time": 6.75,
        "gc_overhead": 5.09
      },
      "5": {
        "wall_time": 132.56,
        "gc_time": 6.37,
        "gc_overhead": 4.8
      },
      "6": {
        "wall_time": 132.56,
        "gc_time": 5.57,
        "gc_overhead": 4.21
      }
    },
    "mean_latency": 1.321304,
    "stddev_latency": 2.301808,
    "min_latency": 0.0,
    "max_latency": 39.223295,
    "distr_latency": {
      "25.0000": 0.001799,
      "50.0000": 0.003095,
      "60.0000": 0.036959,
      "70.0000": 1.603583,
      "75.0000": 2.414591,
      "80.0000": 3.037183,
      "85.0000": 3.700735,
      "90.0000": 4.386815,
      "95.0000": 5.455871,
      "96.0000": 5.804031,
      "97.0000": 6.438911,
      "98.0000": 7.401471,
      "99.0000": 8.880127,
      "99.9000": 20.234239,
      "99.9900": 36.962303,
      "99.9990": 39.223295,
      "99.9999": 39.223295,
      "100.0000": 39.223295
    },
    "outliers": {
      "count": 0,
      "mean_latency": 0.0,
      "max_latency": 0.0
    },
    "allocations": {
      "total_heap": 78345143222,
      "minor_heap": 77882012685,
      "major_heap": 1308795870,
      "promoted_words": 845665333,
      "promoted_pct": 1.09
    },
    "domain_alloc_stats": {
      "0": {
        "total": 169268530,
        "minor": 149430022,
        "promoted": 6703059,
        "major": 26541567,
        "promoted_pct": 4.49
      },
      "1": {
        "total": 31863810853,
        "minor": 31962405657,
        "promoted": 320018296,
        "major": 221423492,
        "promoted_pct": 1.0
      },
      "2": {
        "total": 10256934890,
        "minor": 9652519994,
        "promoted": 110187049,
        "major": 714601945,
        "promoted_pct": 1.14
      },
      "3": {
        "total": 9222527559,
        "minor": 9237300763,
        "promoted": 104627675,
        "major": 89854471,
        "promoted_pct": 1.13
      },
      "4": {
        "total": 11462460870,
        "minor": 11474063049,
        "promoted": 85304098,
        "major": 73701919,
        "promoted_pct": 0.74
      },
      "5": {
        "total": 7555566127,
        "minor": 7572012132,
        "promoted": 109603414,
        "major": 93157409,
        "promoted_pct": 1.45
      },
      "6": {
        "total": 7814574393,
        "minor": 7834281068,
        "promoted": 109221742,
        "major": 89515067,
        "promoted_pct": 1.39
      }
    },
    "collections": {
      "minor": 3892,
      "major": 42,
      "forced_major": 0,
      "compactions": 0
    },
    "stats_reliable": true
  },
  "counter_backend": "linux-perf",
  "perf": [
    {
      "counter-value": "476360.861195",
      "unit": "msec",
      "event": "task-clock",
      "event-runtime": 476360861195,
      "pcnt-running": 100.0,
      "metric-value": "3.551382",
      "metric-unit": "CPUs utilized"
    },
    {
      "counter-value": "1116354.000000",
      "unit": "",
      "event": "page-faults",
      "event-runtime": 476360861195,
      "pcnt-running": 100.0,
      "metric-value": "2.343505",
      "metric-unit": "K/sec"
    },
    {
      "counter-value": "1558980624518.000000",
      "unit": "",
      "event": "cycles",
      "event-runtime": 476360861195,
      "pcnt-running": 100.0,
      "metric-value": "3.272688",
      "metric-unit": "GHz"
    },
    {
      "counter-value": "2018230512781.000000",
      "unit": "",
      "event": "instructions",
      "event-runtime": 476360861195,
      "pcnt-running": 100.0,
      "metric-value": "1.294583",
      "metric-unit": "insn per cycle"
    }
  ]
}
-----
mkdir -p PLOTTY_WORKAROUND; timedrun; OCAMLRUNPARAM="e=18,d=128" taskset -c "4,6,8,10,12,14" /home/udesou/.bench-agent/git/macro-benches/benchmarks/infer/infer_default-ocaml-5.5.1-46e1c32-fp
running-ng v0.3.8
Sun Sep 13 01:26:12 PM UTC 2026

 13:26:12 up 6 days, 13:20,  2 users,  load average: 2.64, 3.24, 2.75
USER     TTY      FROM             LOGIN@   IDLE   JCPU   PCPU  WHAT

procs -----------memory---------- ---swap-- -----io---- -system-- -------cpu-------
 r  b   swpd   free   buff  cache   si   so    bi    bo   in   cs us sy id wa st gu
 0  1    512 5071212 4619776 53724796    0    0    39  1121 2341    6 10  1 80  9  0  0
 0  1    512 5071416 4619776 53724528    0    0     0     0 1694 2857  0  0 87 12  0  0

top - 13:26:13 up 6 days, 13:20,  2 users,  load average: 2.64, 3.24, 2.75
Tasks: 280 total,   1 running, 279 sleeping,   0 stopped,   0 zombie
%Cpu(s):  0.0 us,  1.2 sy,  0.0 ni, 87.1 id, 11.8 wa,  0.0 hi,  0.0 si,  0.0 st 
MiB Mem :  64272.5 total,   4952.6 free,   3067.9 used,  56976.9 buff/cache     
MiB Swap:   8192.0 total,   8191.5 free,      0.5 used.  61204.6 avail Mem 

    PID USER      PR  NI    VIRT    RES    SHR S  %CPU  %MEM     TIME+ COMMAND
     51 root      20   0       0      0      0 I   9.1   0.0  45:53.92 [rcuog/8]
      1 root      20   0   22936  14244   9608 S   0.0   0.0   4:04.90 /usr/lib/systemd/systemd --system --deserialize=173
      2 root      20   0       0      0      0 S   0.0   0.0   0:00.07 [kthreadd]
      3 root      20   0       0      0      0 S   0.0   0.0   0:00.00 [pool_workqueue_release]
      4 root       0 -20       0      0      0 I   0.0   0.0   0:00.00 [kworker/R-rcu_g]

Environment variables: 
	CONFIG_FILE=/home/udesou/.bench-agent/work/run-20260913-001-e1/run-20260913-001.yml
	HOME=/home/udesou
	LANG=en_US.UTF-8
	LOGNAME=udesou
	LOG_DIR=/home/udesou/.bench-agent/logs
	OLLY_DIR=/home/udesou/.bench-agent/git/olly
	PATH=/usr/local/bin:/home/udesou/.bench-agent/git/olly/_build/install/default/bin:/home/udesou/.opam/running-ng-tools/bin:/home/udesou/.vscode-server/data/User/globalStorage/github.copilot-chat/debugCommand:/home/udesou/.vscode-server/data/User/globalStorage/github.copilot-chat/copilotCli:/home/udesou/.vscode-server/cli/servers/Stable-08d4889f9ec4a1685d257b9b95de036c8e1ce1e5/server/bin/remote-cli:/home/udesou/.opam/running-ng-ocaml-5.5.0-f523850-fp-flambda/bin:/home/udesou/.local/bin:/home/udesou/.opam/running-ng-ocaml-5.5.0-f523850-fp-flambda/bin:/home/udesou/.local/bin:/usr/local/sbin:/usr/local/bin:/usr/sbin:/usr/bin:/sbin:/bin:/usr/games:/usr/local/games:/snap/bin
	PWD=/home/udesou/ocaml-bench-service
	PYTHONPATH=/home/udesou/.bench-agent/git/running-ng/src
	RUNNING_BENCH_DIR=/home/udesou/.bench-agent/git/macro-benches
	RUNNING_MACRO_BENCH_DIR=/home/udesou/.bench-agent/git/macro-benches
	RUNNING_NG_PACKAGE_DATA=/home/udesou/.bench-agent/git/running-ng/src/running/config
	RUNNING_REUSE_SWITCHES=1
	RUNNING_TAG=default_run,large_run
	SHELL=/bin/bash
	SHLVL=1
	TERM=screen.xterm-256color
	USER=udesou
	_=/usr/bin/python3
OS: Linux obelisk 6.8.0-139-generic #139-Ubuntu SMP PREEMPT_DYNAMIC Sat Aug  1 03:52:05 UTC 2026 x86_64 x86_64 x86_64 GNU/Linux
CPU: Intel(R) Xeon(R) CPU E5-2667 v2 @ 3.30GHz
number of cores: 8
Frequency of cpu 0: 3.30 GHz
Governor of cpu 0: performance
Scaling_min_freq of cpu 0: 1.20 GHz
Frequency of cpu 2: 3.30 GHz
Governor of cpu 2: performance
Scaling_min_freq of cpu 2: 1.20 GHz
Frequency of cpu 4: 3.30 GHz
Governor of cpu 4: performance
Scaling_min_freq of cpu 4: 1.20 GHz
Frequency of cpu 6: 3.30 GHz
Governor of cpu 6: performance
Scaling_min_freq of cpu 6: 1.20 GHz
WARNING: Failed to resolve file /com/google/common/annotations/Beta.class with "No such file or directory" 

WARNING: Failed to resolve file /com/google/common/base/Converter$IdentityConverter.class with "No such file or directory" 

WARNING: Failed to resolve file /com/google/common/base/Platform.class with "No such file or directory" 

WARNING: Failed to resolve file /com/google/common/base/Utf8.class with "No such file or directory" 

WARNING: Failed to resolve file /com/google/common/cache/LocalCache$EntryFactory$2.class with "No such file or directory" 

WARNING: Failed to resolve file /com/google/common/cache/LongAddables.class with "No such file or directory" 

WARNING: Failed to resolve file /com/google/common/collect/AbstractMapBasedMultiset$2$1.class with "No such file or directory" 

WARNING: Failed to resolve file /com/google/common/collect/CollectSpliterators.class with "No such file or directory" 

WARNING: Failed to resolve file /com/google/common/collect/DenseImmutableTable.class with "No such file or directory" 

WARNING: Failed to resolve file /com/google/common/collect/ForwardingConcurrentMap.class with "No such file or directory" 

WARNING: Failed to resolve file /com/google/common/collect/HashMultimap.class with "No such file or directory" 

WARNING: Failed to resolve file /com/google/common/collect/ImmutableMultimap$Builder.class with "No such file or directory" 

WARNING: Failed to resolve file /com/google/common/collect/ImmutableSortedSet$1.class with "No such file or directory" 

WARNING: Failed to resolve file /com/google/common/collect/JdkBackedImmutableMap.class with "No such file or directory" 

WARNING: Failed to resolve file /com/google/common/collect/MapMakerInternalMap$EntrySet.class with "No such file or directory" 

WARNING: Failed to resolve file /com/google/common/collect/Maps$AsMapView$1EntrySetImpl.class with "No such file or directory" 

WARNING: Failed to resolve file /com/google/common/collect/MultimapBuilder$2.class with "No such file or directory" 

WARNING: Failed to resolve file /com/google/common/collect/Multisets$4.class with "No such file or directory" 

WARNING: Failed to resolve file /com/google/common/collect/RegularImmutableMap$Values.class with "No such file or directory" 

WARNING: Failed to resolve file /com/google/common/collect/SortedLists$KeyAbsentBehavior$2.class with "No such file or directory" 

WARNING: Failed to resolve file /com/google/common/collect/Streams$DoubleFunctionWithIndex.class with "No such file or directory" 

WARNING: Failed to resolve file /com/google/common/collect/TransformedListIterator.class with "No such file or directory" 

WARNING: Failed to resolve file /com/google/common/collect/TreeTraverser.class with "No such file or directory" 

WARNING: Failed to resolve file /com/google/common/graph/AbstractBaseGraph$1.class with "No such file or directory" 

WARNING: Failed to resolve file /com/google/common/graph/GraphBuilder.class with "No such file or directory" 

WARNING: Failed to resolve file /com/google/common/graph/ValueGraph.class with "No such file or directory" 

WARNING: Failed to resolve file /com/google/common/hash/Hashing.class with "No such file or directory" 

WARNING: Failed to resolve file /com/google/common/io/BaseEncoding.class with "No such file or directory" 

WARNING: Failed to resolve file /com/google/common/io/LineProcessor.class with "No such file or directory" 

WARNING: Failed to resolve file /com/google/common/net/HttpHeaders.class with "No such file or directory" 

WARNING: Failed to resolve file /com/google/common/primitives/Shorts$ShortConverter.class with "No such file or directory" 

WARNING: Failed to resolve file /com/google/common/reflect/TypeToken$Bounds.class with "No such file or directory" 

WARNING: Failed to resolve file /com/google/common/util/concurrent/AbstractFuture$Listener.class with "No such file or directory" 

WARNING: Failed to resolve file /com/google/common/util/concurrent/AggregateFutureState.class with "No such file or directory" 

WARNING: Failed to resolve file /com/google/common/util/concurrent/ForwardingCheckedFuture$SimpleForwardingCheckedFuture.class with "No such file or directory" 

WARNING: Failed to resolve file /com/google/common/util/concurrent/Monitor$Guard.class with "No such file or directory" 

WARNING: Failed to resolve file /com/google/common/util/concurrent/SimpleTimeLimiter$1.class with "No such file or directory" 

WARNING: Failed to resolve file /net/bytebuddy/ByteBuddy$RecordConstructorStrategy.class with "No such file or directory" 

WARNING: Failed to resolve file /net/bytebuddy/agent/builder/AgentBuilder$Default$NativeMethodStrategy$ForPrefix.class with "No such file or directory" 

WARNING: Failed to resolve file /net/bytebuddy/agent/builder/AgentBuilder$InstallationListener$Compound.class with "No such file or directory" 

WARNING: Failed to resolve file /net/bytebuddy/agent/builder/AgentBuilder$PoolStrategy$Default.class with "No such file or directory" 

WARNING: Failed to resolve file /net/bytebuddy/agent/builder/AgentBuilder$RedefinitionStrategy$Listener$Adapter.class with "No such file or directory" 

WARNING: Failed to resolve file /net/bytebuddy/agent/builder/package-info.class with "No such file or directory" 

WARNING: Failed to resolve file /net/bytebuddy/asm/Advice$AssignReturned$ToReturned$Handler.class with "No such file or directory" 

WARNING: Failed to resolve file /net/bytebuddy/asm/Advice$Dispatcher$Resolved$AbstractBase.class with "No such file or directory" 

WARNING: Failed to resolve file /net/bytebuddy/asm/Advice$OffsetMapping$ForInstrumentedMethod$2.class with "No such file or directory" 

WARNING: Failed to resolve file /net/bytebuddy/asm/Advice$OffsetMapping.class with "No such file or directory" 

WARNING: Failed to resolve file /net/bytebuddy/asm/ClassVisitorFactory$FrameTranslator.class with "No such file or directory" 

WARNING: Failed to resolve file /net/bytebuddy/asm/MemberSubstitution$TypePoolResolver$OfImplicitPool.class with "No such file or directory" 

WARNING: Failed to resolve file /net/bytebuddy/build/EntryPoint$Default.class with "No such file or directory" 

WARNING: Failed to resolve file /net/bytebuddy/build/Plugin$Engine$Listener$StreamWriting.class with "No such file or directory" 

WARNING: Failed to resolve file /net/bytebuddy/build/Plugin$Factory$UsingReflection$Instantiator$Unresolved.class with "No such file or directory" 

WARNING: Failed to resolve file /net/bytebuddy/description/annotation/AnnotationDescription.class with "No such file or directory" 

WARNING: Failed to resolve file /net/bytebuddy/description/annotation/AnnotationValue$Loaded$AbstractBase$ForUnresolvedProperty.class with "No such file or directory" 

WARNING: Failed to resolve file /net/bytebuddy/description/method/MethodList$Explicit.class with "No such file or directory" 

WARNING: Failed to resolve file /net/bytebuddy/description/modifier/SynchronizationState.class with "No such file or directory" 

WARNING: Failed to resolve file /net/bytebuddy/description/type/TypeDescription$Generic$AnnotationReader$Delegator$ForLoadedTypeVariable.class with "No such file or directory" 

WARNING: Failed to resolve file /net/bytebuddy/description/type/TypeDescription$Generic$OfParameterizedType$Latent.class with "No such file or directory" 

WARNING: Failed to resolve file /net/bytebuddy/description/type/TypeDescription$Latent.class with "No such file or directory" 

WARNING: Failed to resolve file /net/bytebuddy/dynamic/ClassFileLocator$ForModuleFile.class with "No such file or directory" 

WARNING: Failed to resolve file /net/bytebuddy/dynamic/DynamicType$Builder$MethodDefinition$ParameterDefinition$Simple$Annotatable$AbstractBase.class with "No such file or directory" 

WARNING: Failed to resolve file /net/bytebuddy/dynamic/VisibilityBridgeStrategy$Default$2.class with "No such file or directory" 

WARNING: Failed to resolve file /net/bytebuddy/dynamic/loading/ClassInjector$UsingReflection$Dispatcher$Initializable.class with "No such file or directory" 

WARNING: Failed to resolve file /net/bytebuddy/dynamic/loading/PackageDefinitionStrategy$ManifestReading.class with "No such file or directory" 

WARNING: Failed to resolve file /net/bytebuddy/dynamic/scaffold/MethodGraph$Compiler$Default$Key$Store$Entry$Initial.class with "No such file or directory" 

WARNING: Failed to resolve file /net/bytebuddy/dynamic/scaffold/TypeWriter$Default$ClassDumpAction$Dispatcher$Enabled.class with "No such file or directory" 

WARNING: Failed to resolve file /net/bytebuddy/dynamic/scaffold/TypeWriter$MethodPool$Record$AccessBridgeWrapper.class with "No such file or directory" 

WARNING: Failed to resolve file /net/bytebuddy/dynamic/scaffold/subclass/SubclassImplementationTarget$OriginTypeResolver$1.class with "No such file or directory" 

WARNING: Failed to resolve file /net/bytebuddy/implementation/FieldAccessor$FieldLocation.class with "No such file or directory" 

WARNING: Failed to resolve file /net/bytebuddy/implementation/HashCodeMethod$ValueTransformer$7.class with "No such file or directory" 

WARNING: Failed to resolve file /net/bytebuddy/implementation/InvocationHandlerAdapter.class with "No such file or directory" 

WARNING: Failed to resolve file /net/bytebuddy/implementation/InvokeDynamic$WithImplicitArguments.class with "No such file or directory" 

WARNING: Failed to resolve file /net/bytebuddy/implementation/MethodCall$MethodInvoker.class with "No such file or directory" 

WARNING: Failed to resolve file /net/bytebuddy/implementation/MethodDelegation.class with "No such file or directory" 

WARNING: Failed to resolve file /net/bytebuddy/implementation/attribute/AnnotationValueFilter$Factory.class with "No such file or directory" 

WARNING: Failed to resolve file /net/bytebuddy/implementation/auxiliary/TypeProxy$1.class with "No such file or directory" 

WARNING: Failed to resolve file /net/bytebuddy/implementation/bind/annotation/AllArguments.class with "No such file or directory" 

WARNING: Failed to resolve file /net/bytebuddy/implementation/bind/annotation/Morph$Binder$RedirectionProxy$InstanceFieldConstructor$Appender.class with "No such file or directory" 

WARNING: Failed to resolve file /net/bytebuddy/implementation/bytecode/ByteCodeAppender$Compound.class with "No such file or directory" 

WARNING: Failed to resolve file /net/bytebuddy/implementation/bytecode/assign/reference/GenericTypeAwareAssigner$IsAssignableToVisitor$OfGenericArray.class with "No such file or directory" 

WARNING: Failed to resolve file /net/bytebuddy/implementation/bytecode/member/FieldAccess$AccessDispatcher$FieldPutInstruction.class with "No such file or directory" 

WARNING: Failed to resolve file /net/bytebuddy/jar/asm/RecordComponentWriter.class with "No such file or directory" 

WARNING: Failed to resolve file /net/bytebuddy/matcher/FilterableList.class with "No such file or directory" 

WARNING: Failed to resolve file /net/bytebuddy/matcher/TypeSortMatcher.class with "No such file or directory" 

WARNING: Failed to resolve file /net/bytebuddy/pool/TypePool$Default$LazyTypeDescription$AnnotationToken.class with "No such file or directory" 

WARNING: Failed to resolve file /net/bytebuddy/pool/TypePool$Default$LazyTypeDescription$LazyMethodDescription$LazyParameterizedReceiverType$TypeArgumentList$AnnotatedTypeVariable.class with "No such file or directory" 

WARNING: Failed to resolve file /net/bytebuddy/utility/FileSystem$ForNio2CapableVm$StandardCopyOption.class with "No such file or directory" 

WARNING: Failed to resolve file /net/bytebuddy/utility/dispatcher/JavaDispatcher$Dispatcher.class with "No such file or directory" 

WARNING: Failed to resolve file /org/apache/lucene/analysis/CharArrayMap.class with "No such file or directory" 

WARNING: Failed to resolve file /org/apache/lucene/analysis/tokenattributes/TermToBytesRefAttribute.class with "No such file or directory" 

WARNING: Failed to resolve file /org/apache/lucene/codecs/KnnVectorsWriter$ByteVectorValuesSub.class with "No such file or directory" 

WARNING: Failed to resolve file /org/apache/lucene/codecs/hnsw/DefaultFlatVectorScorer$ByteScoringSupplier$1.class with "No such file or directory" 

WARNING: Failed to resolve file /org/apache/lucene/codecs/lucene90/Lucene90DocValuesProducer$17.class with "No such file or directory" 

WARNING: Failed to resolve file /org/apache/lucene/codecs/lucene90/Lucene90PointsFormat.class with "No such file or directory" 

WARNING: Failed to resolve file /org/apache/lucene/codecs/lucene912/ForUtil.class with "No such file or directory" 

WARNING: Failed to resolve file /org/apache/lucene/codecs/lucene99/Lucene99HnswVectorsWriter$2.class with "No such file or directory" 

WARNING: Failed to resolve file /org/apache/lucene/document/BinaryPoint$1.class with "No such file or directory" 

WARNING: Failed to resolve file /org/apache/lucene/document/FloatPoint$2.class with "No such file or directory" 

WARNING: Failed to resolve file /org/apache/lucene/document/LatLonPointDistanceQuery.class with "No such file or directory" 

WARNING: Failed to resolve file /org/apache/lucene/document/ShapeField$QueryRelation.class with "No such file or directory" 

WARNING: Failed to resolve file /org/apache/lucene/document/XYShapeDocValues.class with "No such file or directory" 

WARNING: Failed to resolve file /org/apache/lucene/index/BaseTermsEnum$1.class with "No such file or directory" 

WARNING: Failed to resolve file /org/apache/lucene/index/ConcurrentMergeScheduler.class with "No such file or directory" 

WARNING: Failed to resolve file /org/apache/lucene/index/ExitableDirectoryReader$ExitableFilterAtomicReader$4.class with "No such file or directory" 

WARNING: Failed to resolve file /org/apache/lucene/index/FreqProxFields$FreqProxTermsEnum$1.class with "No such file or directory" 

WARNING: Failed to resolve file /org/apache/lucene/index/IndexWriter$DocModifier.class with "No such file or directory" 

WARNING: Failed to resolve file /org/apache/lucene/index/MultiDocValues$1.class with "No such file or directory" 

WARNING: Failed to resolve file /org/apache/lucene/index/PointValues$IntersectVisitor.class with "No such file or directory" 

WARNING: Failed to resolve file /org/apache/lucene/index/SingletonSortedSetDocValues.class with "No such file or directory" 

WARNING: Failed to resolve file /org/apache/lucene/index/SortedNumericDocValuesWriter.class with "No such file or directory" 

WARNING: Failed to resolve file /org/apache/lucene/index/TermVectorsConsumerPerField$TermVectorsPostingsArray.class with "No such file or directory" 

WARNING: Failed to resolve file /org/apache/lucene/internal/hppc/IntDoubleHashMap$EntryIterator.class with "No such file or directory" 

WARNING: Failed to resolve file /org/apache/lucene/internal/hppc/LongIntHashMap$LongIntCursor.class with "No such file or directory" 

WARNING: Failed to resolve file /org/apache/lucene/search/BlockMaxConjunctionScorer$2.class with "No such file or directory" 

WARNING: Failed to resolve file /org/apache/lucene/search/ConstantScoreQuery$1$1.class with "No such file or directory" 

WARNING: Failed to resolve file /org/apache/lucene/search/DoubleValuesSource$DoubleValuesComparatorSource$1.class with "No such file or directory" 

WARNING: Failed to resolve file /org/apache/lucene/search/ImpactsDISI.class with "No such file or directory" 

WARNING: Failed to resolve file /org/apache/lucene/search/LongValuesSource$LongValuesComparatorSource.class with "No such file or directory" 

WARNING: Failed to resolve file /org/apache/lucene/search/NamedMatches$NamedQuery.class with "No such file or directory" 

WARNING: Failed to resolve file /org/apache/lucene/search/ReqOptSumScorer.class with "No such file or directory" 

WARNING: Failed to resolve file /org/apache/lucene/search/SortedNumericSortField$5.class with "No such file or directory" 

WARNING: Failed to resolve file /org/apache/lucene/search/TopDocsCollector.class with "No such file or directory" 

WARNING: Failed to resolve file /org/apache/lucene/search/comparators/NumericComparator$NumericLeafComparator.class with "No such file or directory" 

WARNING: Failed to resolve file /org/apache/lucene/search/similarities/MultiSimilarity.class with "No such file or directory" 

WARNING: Failed to resolve file /org/apache/lucene/store/IndexInput$1.class with "No such file or directory" 

WARNING: Failed to resolve file /org/apache/lucene/util/AttributeImpl.class with "No such file or directory" 

WARNING: Failed to resolve file /org/apache/lucene/util/DocIdSetBuilder$BulkAdder.class with "No such file or directory" 

WARNING: Failed to resolve file /org/apache/lucene/util/ModuleResourceLoader.class with "No such file or directory" 

WARNING: Failed to resolve file /org/apache/lucene/util/Sorter.class with "No such file or directory" 

WARNING: Failed to resolve file /org/apache/lucene/util/automaton/MinimizationOperations$IntPair.class with "No such file or directory" 

WARNING: Failed to resolve file /org/apache/lucene/util/bkd/OfflinePointWriter.class with "No such file or directory" 

WARNING: Failed to resolve file /org/apache/lucene/util/fst/Util$FSTPath.class with "No such file or directory" 

WARNING: Failed to resolve file /org/apache/lucene/util/mutable/MutableValueDate.class with "No such file or directory" 

WARNING: Failed to resolve file /org/apache/lucene/util/packed/DirectReader$DirectPackedReader32.class with "No such file or directory" 

WARNING: Failed to resolve file /org/apache/lucene/util/packed/PackedWriter.class with "No such file or directory" 

WARNING: Failed to resolve file /org/bouncycastle/asn1/ASN1ObjectDescriptor$1.class with "No such file or directory" 

WARNING: Failed to resolve file /org/bouncycastle/asn1/BEROctetStringParser.class with "No such file or directory" 

WARNING: Failed to resolve file /org/bouncycastle/asn1/LazyEncodedSequence.class with "No such file or directory" 

WARNING: Failed to resolve file /org/bouncycastle/asn1/ocsp/OCSPRequest.class with "No such file or directory" 

WARNING: Failed to resolve file /org/bouncycastle/asn1/sec/SECNamedCurves$17.class with "No such file or directory" 

WARNING: Failed to resolve file /org/bouncycastle/asn1/x500/DirectoryString.class with "No such file or directory" 

WARNING: Failed to resolve file /org/bouncycastle/asn1/x509/NameConstraints.class with "No such file or directory" 

WARNING: Failed to resolve file /org/bouncycastle/asn1/x509/sigi/NameOrPseudonym.class with "No such file or directory" 

WARNING: Failed to resolve file /org/bouncycastle/crypto/CipherKeyGenerator.class with "No such file or directory" 

WARNING: Failed to resolve file /org/bouncycastle/crypto/StagedAgreement.class with "No such file or directory" 

WARNING: Failed to resolve file /org/bouncycastle/crypto/digests/AsconXof$1.class with "No such file or directory" 

WARNING: Failed to resolve file /org/bouncycastle/crypto/digests/ShortenedDigest.class with "No such file or directory" 

WARNING: Failed to resolve file /org/bouncycastle/crypto/ec/ECDecryptor.class with "No such file or directory" 

WARNING: Failed to resolve file /org/bouncycastle/crypto/engines/GOST3412_2015Engine.class with "No such file or directory" 

WARNING: Failed to resolve file /org/bouncycastle/crypto/engines/SparkleEngine$1.class with "No such file or directory" 

WARNING: Failed to resolve file /org/bouncycastle/crypto/generators/ElGamalParametersGenerator.class with "No such file or directory" 

WARNING: Failed to resolve file /org/bouncycastle/crypto/macs/DSTU7564Mac.class with "No such file or directory" 

WARNING: Failed to resolve file /org/bouncycastle/crypto/modes/NISTCTSBlockCipher.class with "No such file or directory" 

WARNING: Failed to resolve file /org/bouncycastle/crypto/params/DHParameters.class with "No such file or directory" 

WARNING: Failed to resolve file /org/bouncycastle/crypto/params/NaccacheSternKeyGenerationParameters.class with "No such file or directory" 

WARNING: Failed to resolve file /org/bouncycastle/crypto/prng/X931SecureRandom.class with "No such file or directory" 

WARNING: Failed to resolve file /org/bouncycastle/crypto/util/DEROtherInfo$1.class with "No such file or directory" 

WARNING: Failed to resolve file /org/bouncycastle/crypto/util/SSHNamedCurves$3.class with "No such file or directory" 

WARNING: Failed to resolve file /org/bouncycastle/jcajce/BCFKSLoadStoreParameter$SignatureAlgorithm.class with "No such file or directory" 

WARNING: Failed to resolve file /org/bouncycastle/jcajce/provider/asymmetric/CompositeSignatures.class with "No such file or directory" 

WARNING: Failed to resolve file /org/bouncycastle/jcajce/provider/asymmetric/compositesignatures/KeyPairGeneratorSpi$MLDSA65_ECDSA_brainpoolP256r1_SHA512.class with "No such file or directory" 

WARNING: Failed to resolve file /org/bouncycastle/jcajce/provider/asymmetric/dh/KeyAgreementSpi$DHwithSHA384CKDF.class with "No such file or directory" 

WARNING: Failed to resolve file /org/bouncycastle/jcajce/provider/asymmetric/ec/BCECPrivateKey.class with "No such file or directory" 

WARNING: Failed to resolve file /org/bouncycastle/jcajce/provider/asymmetric/ec/KeyAgreementSpi$DHUwithSHA224KDF.class with "No such file or directory" 

WARNING: Failed to resolve file /org/bouncycastle/jcajce/provider/asymmetric/ec/KeyPairGeneratorSpi.class with "No such file or directory" 

WARNING: Failed to resolve file /org/bouncycastle/jcajce/provider/asymmetric/ecgost12/KeyAgreementSpi$ECVKO512.class with "No such file or directory" 

WARNING: Failed to resolve file /org/bouncycastle/jcajce/provider/asymmetric/edec/KeyPairGeneratorSpi$X448.class with "No such file or directory" 

WARNING: Failed to resolve file /org/bouncycastle/jcajce/provider/asymmetric/rsa/DigestSignatureSpi$SHA3_384.class with "No such file or directory" 

WARNING: Failed to resolve file /org/bouncycastle/jcajce/provider/asymmetric/rsa/PSSSignatureSpi$SHA512withRSA.class with "No such file or directory" 

WARNING: Failed to resolve file /org/bouncycastle/jcajce/provider/asymmetric/x509/X509CRLInternal.class with "No such file or directory" 

WARNING: Failed to resolve file /org/bouncycastle/jcajce/provider/digest/GOST3411$Mappings.class with "No such file or directory" 

WARNING: Failed to resolve file /org/bouncycastle/jcajce/provider/digest/RIPEMD256$HashMac.class with "No such file or directory" 

WARNING: Failed to resolve file /org/bouncycastle/jcajce/provider/digest/SHA3$Mappings.class with "No such file or directory" 

WARNING: Failed to resolve file /org/bouncycastle/jcajce/provider/digest/Skein$HMacKeyGenerator_512_384.class with "No such file or directory" 

WARNING: Failed to resolve file /org/bouncycastle/jcajce/provider/digest/Whirlpool$KeyGenerator.class with "No such file or directory" 

WARNING: Failed to resolve file /org/bouncycastle/jcajce/provider/keystore/pkcs12/PKCS12KeyStoreSpi$1.class with "No such file or directory" 

WARNING: Failed to resolve file /org/bouncycastle/jcajce/provider/symmetric/AES$PBEWithSHA256And192BitAESBC.class with "No such file or directory" 

WARNING: Failed to resolve file /org/bouncycastle/jcajce/provider/symmetric/CAST5$CBC.class with "No such file or directory" 

WARNING: Failed to resolve file /org/bouncycastle/jcajce/provider/symmetric/DES$Mappings.class with "No such file or directory" 

WARNING: Failed to resolve file /org/bouncycastle/jcajce/provider/symmetric/DSTU7624$GCM128.class with "No such file or directory" 

WARNING: Failed to resolve file /org/bouncycastle/jcajce/provider/symmetric/HC128$KeyGen.class with "No such file or directory" 

WARNING: Failed to resolve file /org/bouncycastle/jcajce/provider/symmetric/PBEPKCS12.class with "No such file or directory" 

WARNING: Failed to resolve file /org/bouncycastle/jcajce/provider/symmetric/Rijndael.class with "No such file or directory" 

WARNING: Failed to resolve file /org/bouncycastle/jcajce/provider/symmetric/Shacal2$AlgParams.class with "No such file or directory" 

WARNING: Failed to resolve file /org/bouncycastle/jcajce/provider/symmetric/Threefish.class with "No such file or directory" 

WARNING: Failed to resolve file /org/bouncycastle/jcajce/provider/symmetric/util/BaseStreamCipher.class with "No such file or directory" 

WARNING: Failed to resolve file /org/bouncycastle/jcajce/spec/SkeinParameterSpec.class with "No such file or directory" 

WARNING: Failed to resolve file /org/bouncycastle/jce/provider/AnnotatedException.class with "No such file or directory" 

WARNING: Failed to resolve file /org/bouncycastle/jce/provider/RFC3280CertPathUtilities.class with "No such file or directory" 

WARNING: Failed to resolve file /org/bouncycastle/math/ec/ECCurve$Config.class with "No such file or directory" 

WARNING: Failed to resolve file /org/bouncycastle/math/ec/custom/gm/SM2P256V1FieldElement.class with "No such file or directory" 

WARNING: Failed to resolve file /org/bouncycastle/math/ec/custom/sec/SecP384R1FieldElement.class with "No such file or directory" 

WARNING: Failed to resolve file /org/bouncycastle/math/ec/custom/sec/SecT239K1Curve.class with "No such file or directory" 

WARNING: Failed to resolve file /org/bouncycastle/math/ec/rfc8032/Ed25519$PointTemp.class with "No such file or directory" 

WARNING: Failed to resolve file /org/bouncycastle/pqc/asn1/PQCObjectIdentifiers.class with "No such file or directory" 

WARNING: Failed to resolve file /org/bouncycastle/pqc/crypto/crystals/dilithium/DilithiumKeyPairGenerator.class with "No such file or directory" 

WARNING: Failed to resolve file /org/bouncycastle/pqc/crypto/falcon/FalconSmallPrime.class with "No such file or directory" 

WARNING: Failed to resolve file /org/bouncycastle/pqc/crypto/hqc/HQCKEMExtractor.class with "No such file or directory" 

WARNING: Failed to resolve file /org/bouncycastle/pqc/crypto/newhope/NHKeyPairGenerator.class with "No such file or directory" 

WARNING: Failed to resolve file /org/bouncycastle/pqc/crypto/picnic/PicnicEngine.class with "No such file or directory" 

WARNING: Failed to resolve file /org/bouncycastle/pqc/crypto/sphincs/SPHINCS256KeyGenerationParameters.class with "No such file or directory" 

WARNING: Failed to resolve file /org/bouncycastle/pqc/crypto/util/PublicKeyFactory$LMSConverter.class with "No such file or directory" 

WARNING: Failed to resolve file /org/bouncycastle/pqc/crypto/xmss/XMSSMTPrivateKeyParameters$Builder.class with "No such file or directory" 

WARNING: Failed to resolve file /org/bouncycastle/pqc/jcajce/interfaces/NHPublicKey.class with "No such file or directory" 

WARNING: Failed to resolve file /org/bouncycastle/pqc/jcajce/provider/SPHINCS.class with "No such file or directory" 

WARNING: Failed to resolve file /org/bouncycastle/pqc/jcajce/provider/falcon/SignatureSpi$Base.class with "No such file or directory" 

WARNING: Failed to resolve file /org/bouncycastle/pqc/jcajce/provider/mceliece/BCMcEliecePrivateKey.class with "No such file or directory" 

WARNING: Failed to resolve file /org/bouncycastle/pqc/jcajce/provider/picnic/BCPicnicPublicKey.class with "No such file or directory" 

WARNING: Failed to resolve file /org/bouncycastle/pqc/jcajce/provider/sphincsplus/SPHINCSPlusKeyPairGeneratorSpi$Shake_256f.class with "No such file or directory" 

WARNING: Failed to resolve file /org/bouncycastle/pqc/jcajce/spec/KyberParameterSpec.class with "No such file or directory" 

WARNING: Failed to resolve file /org/bouncycastle/pqc/legacy/crypto/mceliece/McEliecePrivateKeyParameters.class with "No such file or directory" 

WARNING: Failed to resolve file /org/bouncycastle/pqc/legacy/math/linearalgebra/GF2Matrix.class with "No such file or directory" 

WARNING: Failed to resolve file /org/bouncycastle/pqc/math/ntru/parameters/NTRUHPS2048509.class with "No such file or directory" 

WARNING: Failed to resolve file /org/bouncycastle/util/encoders/HexTranslator.class with "No such file or directory" 

WARNING: Failed to resolve file /org/bouncycastle/x509/X509CRLStoreSelector.class with "No such file or directory" 

Found 215 (out of 11364) source files to analyze in /home/udesou/.bench-agent/git/macro-benches/vendor/.infer-capture-ocaml-5.5.1-46e1c32-fp
Could not read file /com/google/common/collect/DenseImmutableTable.class
Could not read file /org/apache/lucene/document/ShapeDocValues.class
Could not read file /org/apache/lucene/index/MergeRateLimiter.class
*****
{
  "rusage": {
    "user_time": 422.221,
    "system_time": 31.333,
    "minor_faults": 1110775,
    "major_faults": 7,
    "voluntary_ctx_switches": 1558693,
    "involuntary_ctx_switches": 667054
  },
  "olly": {
    "version": 2,
    "wall_time": 133.33,
    "cpu_time": 928.21,
    "gc_time": 53.94,
    "gc_overhead": 5.81,
    "max_rss_kb": 4487720,
    "domain_stats": {
      "0": {
        "wall_time": 133.33,
        "gc_time": 3.37,
        "gc_overhead": 2.53
      },
      "1": {
        "wall_time": 132.67,
        "gc_time": 13.33,
        "gc_overhead": 10.05
      },
      "2": {
        "wall_time": 132.4,
        "gc_time": 6.21,
        "gc_overhead": 4.69
      },
      "3": {
        "wall_time": 132.41,
        "gc_time": 6.48,
        "gc_overhead": 4.89
      },
      "4": {
        "wall_time": 132.41,
        "gc_time": 5.62,
        "gc_overhead": 4.24
      },
      "5": {
        "wall_time": 132.41,
        "gc_time": 5.89,
        "gc_overhead": 4.45
      },
      "6": {
        "wall_time": 132.58,
        "gc_time": 13.04,
        "gc_overhead": 9.84
      }
    },
    "mean_latency": 1.462905,
    "stddev_latency": 2.46217,
    "min_latency": 0.0,
    "max_latency": 40.730623,
    "distr_latency": {
      "25.0000": 0.001815,
      "50.0000": 0.003127,
      "60.0000": 0.046463,
      "70.0000": 2.008063,
      "75.0000": 2.811903,
      "80.0000": 3.352575,
      "85.0000": 3.956735,
      "90.0000": 4.607999,
      "95.0000": 5.857279,
      "96.0000": 6.266879,
      "97.0000": 7.057407,
      "98.0000": 8.146943,
      "99.0000": 9.592831,
      "99.9000": 19.513343,
      "99.9900": 35.946495,
      "99.9990": 40.730623,
      "99.9999": 40.730623,
      "100.0000": 40.730623
    },
    "outliers": {
      "count": 0,
      "mean_latency": 0.0,
      "max_latency": 0.0
    },
    "allocations": {
      "total_heap": 73449362237,
      "minor_heap": 73107208736,
      "major_heap": 1141895590,
      "promoted_words": 799742089,
      "promoted_pct": 1.09
    },
    "domain_alloc_stats": {
      "0": {
        "total": 148779143,
        "minor": 129071016,
        "promoted": 7192441,
        "major": 26900568,
        "promoted_pct": 5.57
      },
      "1": {
        "total": 13491135310,
        "minor": 13029642230,
        "promoted": 78823717,
        "major": 540316797,
        "promoted_pct": 0.6
      },
      "2": {
        "total": 8097657018,
        "minor": 8098198353,
        "promoted": 103451179,
        "major": 102909844,
        "promoted_pct": 1.28
      },
      "3": {
        "total": 9082742231,
        "minor": 9113194657,
        "promoted": 114500360,
        "major": 84047934,
        "promoted_pct": 1.26
      },
      "4": {
        "total": 7258864621,
        "minor": 7247992757,
        "promoted": 98275041,
        "major": 109146905,
        "promoted_pct": 1.36
      },
      "5": {
        "total": 7954232572,
        "minor": 7972073930,
        "promoted": 117081915,
        "major": 99240557,
        "promoted_pct": 1.47
      },
      "6": {
        "total": 27415951342,
        "minor": 27517035793,
        "promoted": 280417436,
        "major": 179332985,
        "promoted_pct": 1.02
      }
    },
    "collections": {
      "minor": 3426,
      "major": 40,
      "forced_major": 0,
      "compactions": 0
    },
    "stats_reliable": true
  },
  "counter_backend": "linux-perf",
  "perf": [
    {
      "counter-value": "452981.894706",
      "unit": "msec",
      "event": "task-clock",
      "event-runtime": 452981894706,
      "pcnt-running": 100.0,
      "metric-value": "3.377086",
      "metric-unit": "CPUs utilized"
    },
    {
      "counter-value": "1109685.000000",
      "unit": "",
      "event": "page-faults",
      "event-runtime": 452981894706,
      "pcnt-running": 100.0,
      "metric-value": "2.449734",
      "metric-unit": "K/sec"
    },
    {
      "counter-value": "1485275689545.000000",
      "unit": "",
      "event": "cycles",
      "event-runtime": 452981894706,
      "pcnt-running": 100.0,
      "metric-value": "3.278885",
      "metric-unit": "GHz"
    },
    {
      "counter-value": "1876725079992.000000",
      "unit": "",
      "event": "instructions",
      "event-runtime": 452981894706,
      "pcnt-running": 100.0,
      "metric-value": "1.263553",
      "metric-unit": "insn per cycle"
    }
  ]
}
-----
mkdir -p PLOTTY_WORKAROUND; timedrun; OCAMLRUNPARAM="e=18,d=128" taskset -c "4,6,8,10,12,14" /home/udesou/.bench-agent/git/macro-benches/benchmarks/infer/infer_default-ocaml-5.5.1-46e1c32-fp
running-ng v0.3.8
Sun Sep 13 01:35:09 PM UTC 2026

 13:35:09 up 6 days, 13:29,  2 users,  load average: 2.52, 3.21, 3.01
USER     TTY      FROM             LOGIN@   IDLE   JCPU   PCPU  WHAT

procs -----------memory---------- ---swap-- -----io---- -system-- -------cpu-------
 r  b   swpd   free   buff  cache   si   so    bi    bo   in   cs us sy id wa st gu
 0  1    512 5097016 4620204 53725584    0    0    39  1123 2350    6 11  1 80  9  0  0
 0  1    512 5097016 4620204 53725584    0    0     0     0 1772 3054  0  0 88 12  0  0

top - 13:35:11 up 6 days, 13:29,  2 users,  load average: 2.52, 3.21, 3.01
Tasks: 279 total,   1 running, 278 sleeping,   0 stopped,   0 zombie
%Cpu(s):  1.2 us,  0.0 sy,  0.0 ni, 87.2 id, 11.6 wa,  0.0 hi,  0.0 si,  0.0 st 
MiB Mem :  64272.5 total,   4977.6 free,   3041.4 used,  56978.3 buff/cache     
MiB Swap:   8192.0 total,   8191.5 free,      0.5 used.  61231.0 avail Mem 

    PID USER      PR  NI    VIRT    RES    SHR S  %CPU  %MEM     TIME+ COMMAND
     17 root      20   0       0      0      0 I   9.1   0.0   1:54.74 [rcu_preempt]
      1 root      20   0   22936  14244   9608 S   0.0   0.0   4:05.12 /usr/lib/systemd/systemd --system --deserialize=173
      2 root      20   0       0      0      0 S   0.0   0.0   0:00.07 [kthreadd]
      3 root      20   0       0      0      0 S   0.0   0.0   0:00.00 [pool_workqueue_release]
      4 root       0 -20       0      0      0 I   0.0   0.0   0:00.00 [kworker/R-rcu_g]

Environment variables: 
	CONFIG_FILE=/home/udesou/.bench-agent/work/run-20260913-001-e1/run-20260913-001.yml
	HOME=/home/udesou
	LANG=en_US.UTF-8
	LOGNAME=udesou
	LOG_DIR=/home/udesou/.bench-agent/logs
	OLLY_DIR=/home/udesou/.bench-agent/git/olly
	PATH=/usr/local/bin:/home/udesou/.bench-agent/git/olly/_build/install/default/bin:/home/udesou/.opam/running-ng-tools/bin:/home/udesou/.vscode-server/data/User/globalStorage/github.copilot-chat/debugCommand:/home/udesou/.vscode-server/data/User/globalStorage/github.copilot-chat/copilotCli:/home/udesou/.vscode-server/cli/servers/Stable-08d4889f9ec4a1685d257b9b95de036c8e1ce1e5/server/bin/remote-cli:/home/udesou/.opam/running-ng-ocaml-5.5.0-f523850-fp-flambda/bin:/home/udesou/.local/bin:/home/udesou/.opam/running-ng-ocaml-5.5.0-f523850-fp-flambda/bin:/home/udesou/.local/bin:/usr/local/sbin:/usr/local/bin:/usr/sbin:/usr/bin:/sbin:/bin:/usr/games:/usr/local/games:/snap/bin
	PWD=/home/udesou/ocaml-bench-service
	PYTHONPATH=/home/udesou/.bench-agent/git/running-ng/src
	RUNNING_BENCH_DIR=/home/udesou/.bench-agent/git/macro-benches
	RUNNING_MACRO_BENCH_DIR=/home/udesou/.bench-agent/git/macro-benches
	RUNNING_NG_PACKAGE_DATA=/home/udesou/.bench-agent/git/running-ng/src/running/config
	RUNNING_REUSE_SWITCHES=1
	RUNNING_TAG=default_run,large_run
	SHELL=/bin/bash
	SHLVL=1
	TERM=screen.xterm-256color
	USER=udesou
	_=/usr/bin/python3
OS: Linux obelisk 6.8.0-139-generic #139-Ubuntu SMP PREEMPT_DYNAMIC Sat Aug  1 03:52:05 UTC 2026 x86_64 x86_64 x86_64 GNU/Linux
CPU: Intel(R) Xeon(R) CPU E5-2667 v2 @ 3.30GHz
number of cores: 8
Frequency of cpu 0: 3.30 GHz
Governor of cpu 0: performance
Scaling_min_freq of cpu 0: 1.20 GHz
Frequency of cpu 2: 3.30 GHz
Governor of cpu 2: performance
Scaling_min_freq of cpu 2: 1.20 GHz
Frequency of cpu 4: 3.30 GHz
Governor of cpu 4: performance
Scaling_min_freq of cpu 4: 1.20 GHz
Frequency of cpu 6: 3.30 GHz
Governor of cpu 6: performance
Scaling_min_freq of cpu 6: 1.20 GHz
WARNING: Failed to resolve file /com/google/common/annotations/Beta.class with "No such file or directory" 

WARNING: Failed to resolve file /com/google/common/base/Converter$IdentityConverter.class with "No such file or directory" 

WARNING: Failed to resolve file /com/google/common/base/Platform.class with "No such file or directory" 

WARNING: Failed to resolve file /com/google/common/base/Utf8.class with "No such file or directory" 

WARNING: Failed to resolve file /com/google/common/cache/LocalCache$EntryFactory$2.class with "No such file or directory" 

WARNING: Failed to resolve file /com/google/common/cache/LongAddables.class with "No such file or directory" 

WARNING: Failed to resolve file /com/google/common/collect/AbstractMapBasedMultiset$2$1.class with "No such file or directory" 

WARNING: Failed to resolve file /com/google/common/collect/CollectSpliterators.class with "No such file or directory" 

WARNING: Failed to resolve file /com/google/common/collect/DenseImmutableTable.class with "No such file or directory" 

WARNING: Failed to resolve file /com/google/common/collect/ForwardingConcurrentMap.class with "No such file or directory" 

WARNING: Failed to resolve file /com/google/common/collect/HashMultimap.class with "No such file or directory" 

WARNING: Failed to resolve file /com/google/common/collect/ImmutableMultimap$Builder.class with "No such file or directory" 

WARNING: Failed to resolve file /com/google/common/collect/ImmutableSortedSet$1.class with "No such file or directory" 

WARNING: Failed to resolve file /com/google/common/collect/JdkBackedImmutableMap.class with "No such file or directory" 

WARNING: Failed to resolve file /com/google/common/collect/MapMakerInternalMap$EntrySet.class with "No such file or directory" 

WARNING: Failed to resolve file /com/google/common/collect/Maps$AsMapView$1EntrySetImpl.class with "No such file or directory" 

WARNING: Failed to resolve file /com/google/common/collect/MultimapBuilder$2.class with "No such file or directory" 

WARNING: Failed to resolve file /com/google/common/collect/Multisets$4.class with "No such file or directory" 

WARNING: Failed to resolve file /com/google/common/collect/RegularImmutableMap$Values.class with "No such file or directory" 

WARNING: Failed to resolve file /com/google/common/collect/SortedLists$KeyAbsentBehavior$2.class with "No such file or directory" 

WARNING: Failed to resolve file /com/google/common/collect/Streams$DoubleFunctionWithIndex.class with "No such file or directory" 

WARNING: Failed to resolve file /com/google/common/collect/TransformedListIterator.class with "No such file or directory" 

WARNING: Failed to resolve file /com/google/common/collect/TreeTraverser.class with "No such file or directory" 

WARNING: Failed to resolve file /com/google/common/graph/AbstractBaseGraph$1.class with "No such file or directory" 

WARNING: Failed to resolve file /com/google/common/graph/GraphBuilder.class with "No such file or directory" 

WARNING: Failed to resolve file /com/google/common/graph/ValueGraph.class with "No such file or directory" 

WARNING: Failed to resolve file /com/google/common/hash/Hashing.class with "No such file or directory" 

WARNING: Failed to resolve file /com/google/common/io/BaseEncoding.class with "No such file or directory" 

WARNING: Failed to resolve file /com/google/common/io/LineProcessor.class with "No such file or directory" 

WARNING: Failed to resolve file /com/google/common/net/HttpHeaders.class with "No such file or directory" 

WARNING: Failed to resolve file /com/google/common/primitives/Shorts$ShortConverter.class with "No such file or directory" 

WARNING: Failed to resolve file /com/google/common/reflect/TypeToken$Bounds.class with "No such file or directory" 

WARNING: Failed to resolve file /com/google/common/util/concurrent/AbstractFuture$Listener.class with "No such file or directory" 

WARNING: Failed to resolve file /com/google/common/util/concurrent/AggregateFutureState.class with "No such file or directory" 

WARNING: Failed to resolve file /com/google/common/util/concurrent/ForwardingCheckedFuture$SimpleForwardingCheckedFuture.class with "No such file or directory" 

WARNING: Failed to resolve file /com/google/common/util/concurrent/Monitor$Guard.class with "No such file or directory" 

WARNING: Failed to resolve file /com/google/common/util/concurrent/SimpleTimeLimiter$1.class with "No such file or directory" 

WARNING: Failed to resolve file /net/bytebuddy/ByteBuddy$RecordConstructorStrategy.class with "No such file or directory" 

WARNING: Failed to resolve file /net/bytebuddy/agent/builder/AgentBuilder$Default$NativeMethodStrategy$ForPrefix.class with "No such file or directory" 

WARNING: Failed to resolve file /net/bytebuddy/agent/builder/AgentBuilder$InstallationListener$Compound.class with "No such file or directory" 

WARNING: Failed to resolve file /net/bytebuddy/agent/builder/AgentBuilder$PoolStrategy$Default.class with "No such file or directory" 

WARNING: Failed to resolve file /net/bytebuddy/agent/builder/AgentBuilder$RedefinitionStrategy$Listener$Adapter.class with "No such file or directory" 

WARNING: Failed to resolve file /net/bytebuddy/agent/builder/package-info.class with "No such file or directory" 

WARNING: Failed to resolve file /net/bytebuddy/asm/Advice$AssignReturned$ToReturned$Handler.class with "No such file or directory" 

WARNING: Failed to resolve file /net/bytebuddy/asm/Advice$Dispatcher$Resolved$AbstractBase.class with "No such file or directory" 

WARNING: Failed to resolve file /net/bytebuddy/asm/Advice$OffsetMapping$ForInstrumentedMethod$2.class with "No such file or directory" 

WARNING: Failed to resolve file /net/bytebuddy/asm/Advice$OffsetMapping.class with "No such file or directory" 

WARNING: Failed to resolve file /net/bytebuddy/asm/ClassVisitorFactory$FrameTranslator.class with "No such file or directory" 

WARNING: Failed to resolve file /net/bytebuddy/asm/MemberSubstitution$TypePoolResolver$OfImplicitPool.class with "No such file or directory" 

WARNING: Failed to resolve file /net/bytebuddy/build/EntryPoint$Default.class with "No such file or directory" 

WARNING: Failed to resolve file /net/bytebuddy/build/Plugin$Engine$Listener$StreamWriting.class with "No such file or directory" 

WARNING: Failed to resolve file /net/bytebuddy/build/Plugin$Factory$UsingReflection$Instantiator$Unresolved.class with "No such file or directory" 

WARNING: Failed to resolve file /net/bytebuddy/description/annotation/AnnotationDescription.class with "No such file or directory" 

WARNING: Failed to resolve file /net/bytebuddy/description/annotation/AnnotationValue$Loaded$AbstractBase$ForUnresolvedProperty.class with "No such file or directory" 

WARNING: Failed to resolve file /net/bytebuddy/description/method/MethodList$Explicit.class with "No such file or directory" 

WARNING: Failed to resolve file /net/bytebuddy/description/modifier/SynchronizationState.class with "No such file or directory" 

WARNING: Failed to resolve file /net/bytebuddy/description/type/TypeDescription$Generic$AnnotationReader$Delegator$ForLoadedTypeVariable.class with "No such file or directory" 

WARNING: Failed to resolve file /net/bytebuddy/description/type/TypeDescription$Generic$OfParameterizedType$Latent.class with "No such file or directory" 

WARNING: Failed to resolve file /net/bytebuddy/description/type/TypeDescription$Latent.class with "No such file or directory" 

WARNING: Failed to resolve file /net/bytebuddy/dynamic/ClassFileLocator$ForModuleFile.class with "No such file or directory" 

WARNING: Failed to resolve file /net/bytebuddy/dynamic/DynamicType$Builder$MethodDefinition$ParameterDefinition$Simple$Annotatable$AbstractBase.class with "No such file or directory" 

WARNING: Failed to resolve file /net/bytebuddy/dynamic/VisibilityBridgeStrategy$Default$2.class with "No such file or directory" 

WARNING: Failed to resolve file /net/bytebuddy/dynamic/loading/ClassInjector$UsingReflection$Dispatcher$Initializable.class with "No such file or directory" 

WARNING: Failed to resolve file /net/bytebuddy/dynamic/loading/PackageDefinitionStrategy$ManifestReading.class with "No such file or directory" 

WARNING: Failed to resolve file /net/bytebuddy/dynamic/scaffold/MethodGraph$Compiler$Default$Key$Store$Entry$Initial.class with "No such file or directory" 

WARNING: Failed to resolve file /net/bytebuddy/dynamic/scaffold/TypeWriter$Default$ClassDumpAction$Dispatcher$Enabled.class with "No such file or directory" 

WARNING: Failed to resolve file /net/bytebuddy/dynamic/scaffold/TypeWriter$MethodPool$Record$AccessBridgeWrapper.class with "No such file or directory" 

WARNING: Failed to resolve file /net/bytebuddy/dynamic/scaffold/subclass/SubclassImplementationTarget$OriginTypeResolver$1.class with "No such file or directory" 

WARNING: Failed to resolve file /net/bytebuddy/implementation/FieldAccessor$FieldLocation.class with "No such file or directory" 

WARNING: Failed to resolve file /net/bytebuddy/implementation/HashCodeMethod$ValueTransformer$7.class with "No such file or directory" 

WARNING: Failed to resolve file /net/bytebuddy/implementation/InvocationHandlerAdapter.class with "No such file or directory" 

WARNING: Failed to resolve file /net/bytebuddy/implementation/InvokeDynamic$WithImplicitArguments.class with "No such file or directory" 

WARNING: Failed to resolve file /net/bytebuddy/implementation/MethodCall$MethodInvoker.class with "No such file or directory" 

WARNING: Failed to resolve file /net/bytebuddy/implementation/MethodDelegation.class with "No such file or directory" 

WARNING: Failed to resolve file /net/bytebuddy/implementation/attribute/AnnotationValueFilter$Factory.class with "No such file or directory" 

WARNING: Failed to resolve file /net/bytebuddy/implementation/auxiliary/TypeProxy$1.class with "No such file or directory" 

WARNING: Failed to resolve file /net/bytebuddy/implementation/bind/annotation/AllArguments.class with "No such file or directory" 

WARNING: Failed to resolve file /net/bytebuddy/implementation/bind/annotation/Morph$Binder$RedirectionProxy$InstanceFieldConstructor$Appender.class with "No such file or directory" 

WARNING: Failed to resolve file /net/bytebuddy/implementation/bytecode/ByteCodeAppender$Compound.class with "No such file or directory" 

WARNING: Failed to resolve file /net/bytebuddy/implementation/bytecode/assign/reference/GenericTypeAwareAssigner$IsAssignableToVisitor$OfGenericArray.class with "No such file or directory" 

WARNING: Failed to resolve file /net/bytebuddy/implementation/bytecode/member/FieldAccess$AccessDispatcher$FieldPutInstruction.class with "No such file or directory" 

WARNING: Failed to resolve file /net/bytebuddy/jar/asm/RecordComponentWriter.class with "No such file or directory" 

WARNING: Failed to resolve file /net/bytebuddy/matcher/FilterableList.class with "No such file or directory" 

WARNING: Failed to resolve file /net/bytebuddy/matcher/TypeSortMatcher.class with "No such file or directory" 

WARNING: Failed to resolve file /net/bytebuddy/pool/TypePool$Default$LazyTypeDescription$AnnotationToken.class with "No such file or directory" 

WARNING: Failed to resolve file /net/bytebuddy/pool/TypePool$Default$LazyTypeDescription$LazyMethodDescription$LazyParameterizedReceiverType$TypeArgumentList$AnnotatedTypeVariable.class with "No such file or directory" 

WARNING: Failed to resolve file /net/bytebuddy/utility/FileSystem$ForNio2CapableVm$StandardCopyOption.class with "No such file or directory" 

WARNING: Failed to resolve file /net/bytebuddy/utility/dispatcher/JavaDispatcher$Dispatcher.class with "No such file or directory" 

WARNING: Failed to resolve file /org/apache/lucene/analysis/CharArrayMap.class with "No such file or directory" 

WARNING: Failed to resolve file /org/apache/lucene/analysis/tokenattributes/TermToBytesRefAttribute.class with "No such file or directory" 

WARNING: Failed to resolve file /org/apache/lucene/codecs/KnnVectorsWriter$ByteVectorValuesSub.class with "No such file or directory" 

WARNING: Failed to resolve file /org/apache/lucene/codecs/hnsw/DefaultFlatVectorScorer$ByteScoringSupplier$1.class with "No such file or directory" 

WARNING: Failed to resolve file /org/apache/lucene/codecs/lucene90/Lucene90DocValuesProducer$17.class with "No such file or directory" 

WARNING: Failed to resolve file /org/apache/lucene/codecs/lucene90/Lucene90PointsFormat.class with "No such file or directory" 

WARNING: Failed to resolve file /org/apache/lucene/codecs/lucene912/ForUtil.class with "No such file or directory" 

WARNING: Failed to resolve file /org/apache/lucene/codecs/lucene99/Lucene99HnswVectorsWriter$2.class with "No such file or directory" 

WARNING: Failed to resolve file /org/apache/lucene/document/BinaryPoint$1.class with "No such file or directory" 

WARNING: Failed to resolve file /org/apache/lucene/document/FloatPoint$2.class with "No such file or directory" 

WARNING: Failed to resolve file /org/apache/lucene/document/LatLonPointDistanceQuery.class with "No such file or directory" 

WARNING: Failed to resolve file /org/apache/lucene/document/ShapeField$QueryRelation.class with "No such file or directory" 

WARNING: Failed to resolve file /org/apache/lucene/document/XYShapeDocValues.class with "No such file or directory" 

WARNING: Failed to resolve file /org/apache/lucene/index/BaseTermsEnum$1.class with "No such file or directory" 

WARNING: Failed to resolve file /org/apache/lucene/index/ConcurrentMergeScheduler.class with "No such file or directory" 

WARNING: Failed to resolve file /org/apache/lucene/index/ExitableDirectoryReader$ExitableFilterAtomicReader$4.class with "No such file or directory" 

WARNING: Failed to resolve file /org/apache/lucene/index/FreqProxFields$FreqProxTermsEnum$1.class with "No such file or directory" 

WARNING: Failed to resolve file /org/apache/lucene/index/IndexWriter$DocModifier.class with "No such file or directory" 

WARNING: Failed to resolve file /org/apache/lucene/index/MultiDocValues$1.class with "No such file or directory" 

WARNING: Failed to resolve file /org/apache/lucene/index/PointValues$IntersectVisitor.class with "No such file or directory" 

WARNING: Failed to resolve file /org/apache/lucene/index/SingletonSortedSetDocValues.class with "No such file or directory" 

WARNING: Failed to resolve file /org/apache/lucene/index/SortedNumericDocValuesWriter.class with "No such file or directory" 

WARNING: Failed to resolve file /org/apache/lucene/index/TermVectorsConsumerPerField$TermVectorsPostingsArray.class with "No such file or directory" 

WARNING: Failed to resolve file /org/apache/lucene/internal/hppc/IntDoubleHashMap$EntryIterator.class with "No such file or directory" 

WARNING: Failed to resolve file /org/apache/lucene/internal/hppc/LongIntHashMap$LongIntCursor.class with "No such file or directory" 

WARNING: Failed to resolve file /org/apache/lucene/search/BlockMaxConjunctionScorer$2.class with "No such file or directory" 

WARNING: Failed to resolve file /org/apache/lucene/search/ConstantScoreQuery$1$1.class with "No such file or directory" 

WARNING: Failed to resolve file /org/apache/lucene/search/DoubleValuesSource$DoubleValuesComparatorSource$1.class with "No such file or directory" 

WARNING: Failed to resolve file /org/apache/lucene/search/ImpactsDISI.class with "No such file or directory" 

WARNING: Failed to resolve file /org/apache/lucene/search/LongValuesSource$LongValuesComparatorSource.class with "No such file or directory" 

WARNING: Failed to resolve file /org/apache/lucene/search/NamedMatches$NamedQuery.class with "No such file or directory" 

WARNING: Failed to resolve file /org/apache/lucene/search/ReqOptSumScorer.class with "No such file or directory" 

WARNING: Failed to resolve file /org/apache/lucene/search/SortedNumericSortField$5.class with "No such file or directory" 

WARNING: Failed to resolve file /org/apache/lucene/search/TopDocsCollector.class with "No such file or directory" 

WARNING: Failed to resolve file /org/apache/lucene/search/comparators/NumericComparator$NumericLeafComparator.class with "No such file or directory" 

WARNING: Failed to resolve file /org/apache/lucene/search/similarities/MultiSimilarity.class with "No such file or directory" 

WARNING: Failed to resolve file /org/apache/lucene/store/IndexInput$1.class with "No such file or directory" 

WARNING: Failed to resolve file /org/apache/lucene/util/AttributeImpl.class with "No such file or directory" 

WARNING: Failed to resolve file /org/apache/lucene/util/DocIdSetBuilder$BulkAdder.class with "No such file or directory" 

WARNING: Failed to resolve file /org/apache/lucene/util/ModuleResourceLoader.class with "No such file or directory" 

WARNING: Failed to resolve file /org/apache/lucene/util/Sorter.class with "No such file or directory" 

WARNING: Failed to resolve file /org/apache/lucene/util/automaton/MinimizationOperations$IntPair.class with "No such file or directory" 

WARNING: Failed to resolve file /org/apache/lucene/util/bkd/OfflinePointWriter.class with "No such file or directory" 

WARNING: Failed to resolve file /org/apache/lucene/util/fst/Util$FSTPath.class with "No such file or directory" 

WARNING: Failed to resolve file /org/apache/lucene/util/mutable/MutableValueDate.class with "No such file or directory" 

WARNING: Failed to resolve file /org/apache/lucene/util/packed/DirectReader$DirectPackedReader32.class with "No such file or directory" 

WARNING: Failed to resolve file /org/apache/lucene/util/packed/PackedWriter.class with "No such file or directory" 

WARNING: Failed to resolve file /org/bouncycastle/asn1/ASN1ObjectDescriptor$1.class with "No such file or directory" 

WARNING: Failed to resolve file /org/bouncycastle/asn1/BEROctetStringParser.class with "No such file or directory" 

WARNING: Failed to resolve file /org/bouncycastle/asn1/LazyEncodedSequence.class with "No such file or directory" 

WARNING: Failed to resolve file /org/bouncycastle/asn1/ocsp/OCSPRequest.class with "No such file or directory" 

WARNING: Failed to resolve file /org/bouncycastle/asn1/sec/SECNamedCurves$17.class with "No such file or directory" 

WARNING: Failed to resolve file /org/bouncycastle/asn1/x500/DirectoryString.class with "No such file or directory" 

WARNING: Failed to resolve file /org/bouncycastle/asn1/x509/NameConstraints.class with "No such file or directory" 

WARNING: Failed to resolve file /org/bouncycastle/asn1/x509/sigi/NameOrPseudonym.class with "No such file or directory" 

WARNING: Failed to resolve file /org/bouncycastle/crypto/CipherKeyGenerator.class with "No such file or directory" 

WARNING: Failed to resolve file /org/bouncycastle/crypto/StagedAgreement.class with "No such file or directory" 

WARNING: Failed to resolve file /org/bouncycastle/crypto/digests/AsconXof$1.class with "No such file or directory" 

WARNING: Failed to resolve file /org/bouncycastle/crypto/digests/ShortenedDigest.class with "No such file or directory" 

WARNING: Failed to resolve file /org/bouncycastle/crypto/ec/ECDecryptor.class with "No such file or directory" 

WARNING: Failed to resolve file /org/bouncycastle/crypto/engines/GOST3412_2015Engine.class with "No such file or directory" 

WARNING: Failed to resolve file /org/bouncycastle/crypto/engines/SparkleEngine$1.class with "No such file or directory" 

WARNING: Failed to resolve file /org/bouncycastle/crypto/generators/ElGamalParametersGenerator.class with "No such file or directory" 

WARNING: Failed to resolve file /org/bouncycastle/crypto/macs/DSTU7564Mac.class with "No such file or directory" 

WARNING: Failed to resolve file /org/bouncycastle/crypto/modes/NISTCTSBlockCipher.class with "No such file or directory" 

WARNING: Failed to resolve file /org/bouncycastle/crypto/params/DHParameters.class with "No such file or directory" 

WARNING: Failed to resolve file /org/bouncycastle/crypto/params/NaccacheSternKeyGenerationParameters.class with "No such file or directory" 

WARNING: Failed to resolve file /org/bouncycastle/crypto/prng/X931SecureRandom.class with "No such file or directory" 

WARNING: Failed to resolve file /org/bouncycastle/crypto/util/DEROtherInfo$1.class with "No such file or directory" 

WARNING: Failed to resolve file /org/bouncycastle/crypto/util/SSHNamedCurves$3.class with "No such file or directory" 

WARNING: Failed to resolve file /org/bouncycastle/jcajce/BCFKSLoadStoreParameter$SignatureAlgorithm.class with "No such file or directory" 

WARNING: Failed to resolve file /org/bouncycastle/jcajce/provider/asymmetric/CompositeSignatures.class with "No such file or directory" 

WARNING: Failed to resolve file /org/bouncycastle/jcajce/provider/asymmetric/compositesignatures/KeyPairGeneratorSpi$MLDSA65_ECDSA_brainpoolP256r1_SHA512.class with "No such file or directory" 

WARNING: Failed to resolve file /org/bouncycastle/jcajce/provider/asymmetric/dh/KeyAgreementSpi$DHwithSHA384CKDF.class with "No such file or directory" 

WARNING: Failed to resolve file /org/bouncycastle/jcajce/provider/asymmetric/ec/BCECPrivateKey.class with "No such file or directory" 

WARNING: Failed to resolve file /org/bouncycastle/jcajce/provider/asymmetric/ec/KeyAgreementSpi$DHUwithSHA224KDF.class with "No such file or directory" 

WARNING: Failed to resolve file /org/bouncycastle/jcajce/provider/asymmetric/ec/KeyPairGeneratorSpi.class with "No such file or directory" 

WARNING: Failed to resolve file /org/bouncycastle/jcajce/provider/asymmetric/ecgost12/KeyAgreementSpi$ECVKO512.class with "No such file or directory" 

WARNING: Failed to resolve file /org/bouncycastle/jcajce/provider/asymmetric/edec/KeyPairGeneratorSpi$X448.class with "No such file or directory" 

WARNING: Failed to resolve file /org/bouncycastle/jcajce/provider/asymmetric/rsa/DigestSignatureSpi$SHA3_384.class with "No such file or directory" 

WARNING: Failed to resolve file /org/bouncycastle/jcajce/provider/asymmetric/rsa/PSSSignatureSpi$SHA512withRSA.class with "No such file or directory" 

WARNING: Failed to resolve file /org/bouncycastle/jcajce/provider/asymmetric/x509/X509CRLInternal.class with "No such file or directory" 

WARNING: Failed to resolve file /org/bouncycastle/jcajce/provider/digest/GOST3411$Mappings.class with "No such file or directory" 

WARNING: Failed to resolve file /org/bouncycastle/jcajce/provider/digest/RIPEMD256$HashMac.class with "No such file or directory" 

WARNING: Failed to resolve file /org/bouncycastle/jcajce/provider/digest/SHA3$Mappings.class with "No such file or directory" 

WARNING: Failed to resolve file /org/bouncycastle/jcajce/provider/digest/Skein$HMacKeyGenerator_512_384.class with "No such file or directory" 

WARNING: Failed to resolve file /org/bouncycastle/jcajce/provider/digest/Whirlpool$KeyGenerator.class with "No such file or directory" 

WARNING: Failed to resolve file /org/bouncycastle/jcajce/provider/keystore/pkcs12/PKCS12KeyStoreSpi$1.class with "No such file or directory" 

WARNING: Failed to resolve file /org/bouncycastle/jcajce/provider/symmetric/AES$PBEWithSHA256And192BitAESBC.class with "No such file or directory" 

WARNING: Failed to resolve file /org/bouncycastle/jcajce/provider/symmetric/CAST5$CBC.class with "No such file or directory" 

WARNING: Failed to resolve file /org/bouncycastle/jcajce/provider/symmetric/DES$Mappings.class with "No such file or directory" 

WARNING: Failed to resolve file /org/bouncycastle/jcajce/provider/symmetric/DSTU7624$GCM128.class with "No such file or directory" 

WARNING: Failed to resolve file /org/bouncycastle/jcajce/provider/symmetric/HC128$KeyGen.class with "No such file or directory" 

WARNING: Failed to resolve file /org/bouncycastle/jcajce/provider/symmetric/PBEPKCS12.class with "No such file or directory" 

WARNING: Failed to resolve file /org/bouncycastle/jcajce/provider/symmetric/Rijndael.class with "No such file or directory" 

WARNING: Failed to resolve file /org/bouncycastle/jcajce/provider/symmetric/Shacal2$AlgParams.class with "No such file or directory" 

WARNING: Failed to resolve file /org/bouncycastle/jcajce/provider/symmetric/Threefish.class with "No such file or directory" 

WARNING: Failed to resolve file /org/bouncycastle/jcajce/provider/symmetric/util/BaseStreamCipher.class with "No such file or directory" 

WARNING: Failed to resolve file /org/bouncycastle/jcajce/spec/SkeinParameterSpec.class with "No such file or directory" 

WARNING: Failed to resolve file /org/bouncycastle/jce/provider/AnnotatedException.class with "No such file or directory" 

WARNING: Failed to resolve file /org/bouncycastle/jce/provider/RFC3280CertPathUtilities.class with "No such file or directory" 

WARNING: Failed to resolve file /org/bouncycastle/math/ec/ECCurve$Config.class with "No such file or directory" 

WARNING: Failed to resolve file /org/bouncycastle/math/ec/custom/gm/SM2P256V1FieldElement.class with "No such file or directory" 

WARNING: Failed to resolve file /org/bouncycastle/math/ec/custom/sec/SecP384R1FieldElement.class with "No such file or directory" 

WARNING: Failed to resolve file /org/bouncycastle/math/ec/custom/sec/SecT239K1Curve.class with "No such file or directory" 

WARNING: Failed to resolve file /org/bouncycastle/math/ec/rfc8032/Ed25519$PointTemp.class with "No such file or directory" 

WARNING: Failed to resolve file /org/bouncycastle/pqc/asn1/PQCObjectIdentifiers.class with "No such file or directory" 

WARNING: Failed to resolve file /org/bouncycastle/pqc/crypto/crystals/dilithium/DilithiumKeyPairGenerator.class with "No such file or directory" 

WARNING: Failed to resolve file /org/bouncycastle/pqc/crypto/falcon/FalconSmallPrime.class with "No such file or directory" 

WARNING: Failed to resolve file /org/bouncycastle/pqc/crypto/hqc/HQCKEMExtractor.class with "No such file or directory" 

WARNING: Failed to resolve file /org/bouncycastle/pqc/crypto/newhope/NHKeyPairGenerator.class with "No such file or directory" 

WARNING: Failed to resolve file /org/bouncycastle/pqc/crypto/picnic/PicnicEngine.class with "No such file or directory" 

WARNING: Failed to resolve file /org/bouncycastle/pqc/crypto/sphincs/SPHINCS256KeyGenerationParameters.class with "No such file or directory" 

WARNING: Failed to resolve file /org/bouncycastle/pqc/crypto/util/PublicKeyFactory$LMSConverter.class with "No such file or directory" 

WARNING: Failed to resolve file /org/bouncycastle/pqc/crypto/xmss/XMSSMTPrivateKeyParameters$Builder.class with "No such file or directory" 

WARNING: Failed to resolve file /org/bouncycastle/pqc/jcajce/interfaces/NHPublicKey.class with "No such file or directory" 

WARNING: Failed to resolve file /org/bouncycastle/pqc/jcajce/provider/SPHINCS.class with "No such file or directory" 

WARNING: Failed to resolve file /org/bouncycastle/pqc/jcajce/provider/falcon/SignatureSpi$Base.class with "No such file or directory" 

WARNING: Failed to resolve file /org/bouncycastle/pqc/jcajce/provider/mceliece/BCMcEliecePrivateKey.class with "No such file or directory" 

WARNING: Failed to resolve file /org/bouncycastle/pqc/jcajce/provider/picnic/BCPicnicPublicKey.class with "No such file or directory" 

WARNING: Failed to resolve file /org/bouncycastle/pqc/jcajce/provider/sphincsplus/SPHINCSPlusKeyPairGeneratorSpi$Shake_256f.class with "No such file or directory" 

WARNING: Failed to resolve file /org/bouncycastle/pqc/jcajce/spec/KyberParameterSpec.class with "No such file or directory" 

WARNING: Failed to resolve file /org/bouncycastle/pqc/legacy/crypto/mceliece/McEliecePrivateKeyParameters.class with "No such file or directory" 

WARNING: Failed to resolve file /org/bouncycastle/pqc/legacy/math/linearalgebra/GF2Matrix.class with "No such file or directory" 

WARNING: Failed to resolve file /org/bouncycastle/pqc/math/ntru/parameters/NTRUHPS2048509.class with "No such file or directory" 

WARNING: Failed to resolve file /org/bouncycastle/util/encoders/HexTranslator.class with "No such file or directory" 

WARNING: Failed to resolve file /org/bouncycastle/x509/X509CRLStoreSelector.class with "No such file or directory" 

Found 215 (out of 11364) source files to analyze in /home/udesou/.bench-agent/git/macro-benches/vendor/.infer-capture-ocaml-5.5.1-46e1c32-fp
Could not read file /com/google/common/collect/DenseImmutableTable.class
Could not read file /org/apache/lucene/document/ShapeDocValues.class
Could not read file /org/apache/lucene/index/MergeRateLimiter.class
*****
{
  "rusage": {
    "user_time": 447.783,
    "system_time": 31.743,
    "minor_faults": 1097111,
    "major_faults": 7,
    "voluntary_ctx_switches": 1841644,
    "involuntary_ctx_switches": 177641
  },
  "olly": {
    "version": 2,
    "wall_time": 133.46,
    "cpu_time": 928.15,
    "gc_time": 54.26,
    "gc_overhead": 5.85,
    "max_rss_kb": 4418056,
    "domain_stats": {
      "0": {
        "wall_time": 133.46,
        "gc_time": 4.13,
        "gc_overhead": 3.09
      },
      "1": {
        "wall_time": 132.56,
        "gc_time": 11.42,
        "gc_overhead": 8.61
      },
      "2": {
        "wall_time": 132.38,
        "gc_time": 6.61,
        "gc_overhead": 4.99
      },
      "3": {
        "wall_time": 132.63,
        "gc_time": 13.22,
        "gc_overhead": 9.96
      },
      "4": {
        "wall_time": 132.37,
        "gc_time": 6.14,
        "gc_overhead": 4.64
      },
      "5": {
        "wall_time": 132.38,
        "gc_time": 6.28,
        "gc_overhead": 4.74
      },
      "6": {
        "wall_time": 132.37,
        "gc_time": 6.47,
        "gc_overhead": 4.89
      }
    },
    "mean_latency": 1.30997,
    "stddev_latency": 2.219992,
    "min_latency": 0.0,
    "max_latency": 45.776895,
    "distr_latency": {
      "25.0000": 0.001767,
      "50.0000": 0.003079,
      "60.0000": 0.033855,
      "70.0000": 1.640447,
      "75.0000": 2.443263,
      "80.0000": 3.059711,
      "85.0000": 3.717119,
      "90.0000": 4.403199,
      "95.0000": 5.427199,
      "96.0000": 5.783551,
      "97.0000": 6.258687,
      "98.0000": 7.090175,
      "99.0000": 8.470527,
      "99.9000": 15.728639,
      "99.9900": 37.650431,
      "99.9990": 45.776895,
      "99.9999": 45.776895,
      "100.0000": 45.776895
    },
    "outliers": {
      "count": 0,
      "mean_latency": 0.0,
      "max_latency": 0.0
    },
    "allocations": {
      "total_heap": 78364428028,
      "minor_heap": 77921574612,
      "major_heap": 1291385775,
      "promoted_words": 848532359,
      "promoted_pct": 1.09
    },
    "domain_alloc_stats": {
      "0": {
        "total": 162992849,
        "minor": 143433261,
        "promoted": 8710654,
        "major": 28270242,
        "promoted_pct": 6.07
      },
      "1": {
        "total": 9923223076,
        "minor": 9332350650,
        "promoted": 103478327,
        "major": 694350753,
        "promoted_pct": 1.11
      },
      "2": {
        "total": 7745597278,
        "minor": 7710511150,
        "promoted": 98694308,
        "major": 133780436,
        "promoted_pct": 1.28
      },
      "3": {
        "total": 31836437294,
        "minor": 31941554678,
        "promoted": 326827764,
        "major": 221710380,
        "promoted_pct": 1.02
      },
      "4": {
        "total": 7877660776,
        "minor": 7907486376,
        "promoted": 113793858,
        "major": 83968258,
        "promoted_pct": 1.44
      },
      "5": {
        "total": 11195623671,
        "minor": 11227090077,
        "promoted": 79916543,
        "major": 48450137,
        "promoted_pct": 0.71
      },
      "6": {
        "total": 9622893084,
        "minor": 9659148420,
        "promoted": 117110905,
        "major": 80855569,
        "promoted_pct": 1.21
      }
    },
    "collections": {
      "minor": 3893,
      "major": 43,
      "forced_major": 0,
      "compactions": 0
    },
    "stats_reliable": true
  },
  "counter_backend": "linux-perf",
  "perf": [
    {
      "counter-value": "478471.272471",
      "unit": "msec",
      "event": "task-clock",
      "event-runtime": 478471272471,
      "pcnt-running": 100.0,
      "metric-value": "3.567115",
      "metric-unit": "CPUs utilized"
    },
    {
      "counter-value": "1096021.000000",
      "unit": "",
      "event": "page-faults",
      "event-runtime": 478471272471,
      "pcnt-running": 100.0,
      "metric-value": "2.290673",
      "metric-unit": "K/sec"
    },
    {
      "counter-value": "1565938421853.000000",
      "unit": "",
      "event": "cycles",
      "event-runtime": 478471272471,
      "pcnt-running": 100.0,
      "metric-value": "3.272795",
      "metric-unit": "GHz"
    },
    {
      "counter-value": "2018452924029.000000",
      "unit": "",
      "event": "instructions",
      "event-runtime": 478471272471,
      "pcnt-running": 100.0,
      "metric-value": "1.288973",
      "metric-unit": "insn per cycle"
    }
  ]
}
-----
mkdir -p PLOTTY_WORKAROUND; timedrun; OCAMLRUNPARAM="e=18,d=128" taskset -c "4,6,8,10,12,14" /home/udesou/.bench-agent/git/macro-benches/benchmarks/infer/infer_default-ocaml-5.5.1-46e1c32-fp
running-ng v0.3.8
Sun Sep 13 01:44:06 PM UTC 2026

 13:44:06 up 6 days, 13:38,  2 users,  load average: 2.85, 3.33, 3.20
USER     TTY      FROM             LOGIN@   IDLE   JCPU   PCPU  WHAT

procs -----------memory---------- ---swap-- -----io---- -system-- -------cpu-------
 r  b   swpd   free   buff  cache   si   so    bi    bo   in   cs us sy id wa st gu
 0  1    512 5095076 4620416 53726916    0    0    39  1126 2354    6 11  1 80  9  0  0
 0  1    512 5095208 4620416 53726384    0    0     0     0 1689 2944  0  0 88 12  0  0

top - 13:44:07 up 6 days, 13:38,  2 users,  load average: 2.85, 3.33, 3.20
Tasks: 282 total,   1 running, 281 sleeping,   0 stopped,   0 zombie
%Cpu(s):  0.0 us,  0.0 sy,  0.0 ni, 89.3 id, 10.7 wa,  0.0 hi,  0.0 si,  0.0 st 
MiB Mem :  64272.5 total,   4975.8 free,   3042.2 used,  56979.3 buff/cache     
MiB Swap:   8192.0 total,   8191.5 free,      0.5 used.  61230.3 avail Mem 

    PID USER      PR  NI    VIRT    RES    SHR S  %CPU  %MEM     TIME+ COMMAND
     66 root      20   0       0      0      0 I  10.0   0.0  45:54.61 [rcuog/12]
 944993 udesou    20   0   11912   5732   3580 R  10.0   0.0   0:00.01 top -bcn 1 -w512
      1 root      20   0   22936  14244   9608 S   0.0   0.0   4:05.34 /usr/lib/systemd/systemd --system --deserialize=173
      2 root      20   0       0      0      0 S   0.0   0.0   0:00.07 [kthreadd]
      3 root      20   0       0      0      0 S   0.0   0.0   0:00.00 [pool_workqueue_release]

Environment variables: 
	CONFIG_FILE=/home/udesou/.bench-agent/work/run-20260913-001-e1/run-20260913-001.yml
	HOME=/home/udesou
	LANG=en_US.UTF-8
	LOGNAME=udesou
	LOG_DIR=/home/udesou/.bench-agent/logs
	OLLY_DIR=/home/udesou/.bench-agent/git/olly
	PATH=/usr/local/bin:/home/udesou/.bench-agent/git/olly/_build/install/default/bin:/home/udesou/.opam/running-ng-tools/bin:/home/udesou/.vscode-server/data/User/globalStorage/github.copilot-chat/debugCommand:/home/udesou/.vscode-server/data/User/globalStorage/github.copilot-chat/copilotCli:/home/udesou/.vscode-server/cli/servers/Stable-08d4889f9ec4a1685d257b9b95de036c8e1ce1e5/server/bin/remote-cli:/home/udesou/.opam/running-ng-ocaml-5.5.0-f523850-fp-flambda/bin:/home/udesou/.local/bin:/home/udesou/.opam/running-ng-ocaml-5.5.0-f523850-fp-flambda/bin:/home/udesou/.local/bin:/usr/local/sbin:/usr/local/bin:/usr/sbin:/usr/bin:/sbin:/bin:/usr/games:/usr/local/games:/snap/bin
	PWD=/home/udesou/ocaml-bench-service
	PYTHONPATH=/home/udesou/.bench-agent/git/running-ng/src
	RUNNING_BENCH_DIR=/home/udesou/.bench-agent/git/macro-benches
	RUNNING_MACRO_BENCH_DIR=/home/udesou/.bench-agent/git/macro-benches
	RUNNING_NG_PACKAGE_DATA=/home/udesou/.bench-agent/git/running-ng/src/running/config
	RUNNING_REUSE_SWITCHES=1
	RUNNING_TAG=default_run,large_run
	SHELL=/bin/bash
	SHLVL=1
	TERM=screen.xterm-256color
	USER=udesou
	_=/usr/bin/python3
OS: Linux obelisk 6.8.0-139-generic #139-Ubuntu SMP PREEMPT_DYNAMIC Sat Aug  1 03:52:05 UTC 2026 x86_64 x86_64 x86_64 GNU/Linux
CPU: Intel(R) Xeon(R) CPU E5-2667 v2 @ 3.30GHz
number of cores: 8
Frequency of cpu 0: 3.30 GHz
Governor of cpu 0: performance
Scaling_min_freq of cpu 0: 1.20 GHz
Frequency of cpu 2: 3.30 GHz
Governor of cpu 2: performance
Scaling_min_freq of cpu 2: 1.20 GHz
Frequency of cpu 4: 3.30 GHz
Governor of cpu 4: performance
Scaling_min_freq of cpu 4: 1.20 GHz
Frequency of cpu 6: 3.30 GHz
Governor of cpu 6: performance
Scaling_min_freq of cpu 6: 1.20 GHz
WARNING: Failed to resolve file /com/google/common/annotations/Beta.class with "No such file or directory" 

WARNING: Failed to resolve file /com/google/common/base/Converter$IdentityConverter.class with "No such file or directory" 

WARNING: Failed to resolve file /com/google/common/base/Platform.class with "No such file or directory" 

WARNING: Failed to resolve file /com/google/common/base/Utf8.class with "No such file or directory" 

WARNING: Failed to resolve file /com/google/common/cache/LocalCache$EntryFactory$2.class with "No such file or directory" 

WARNING: Failed to resolve file /com/google/common/cache/LongAddables.class with "No such file or directory" 

WARNING: Failed to resolve file /com/google/common/collect/AbstractMapBasedMultiset$2$1.class with "No such file or directory" 

WARNING: Failed to resolve file /com/google/common/collect/CollectSpliterators.class with "No such file or directory" 

WARNING: Failed to resolve file /com/google/common/collect/DenseImmutableTable.class with "No such file or directory" 

WARNING: Failed to resolve file /com/google/common/collect/ForwardingConcurrentMap.class with "No such file or directory" 

WARNING: Failed to resolve file /com/google/common/collect/HashMultimap.class with "No such file or directory" 

WARNING: Failed to resolve file /com/google/common/collect/ImmutableMultimap$Builder.class with "No such file or directory" 

WARNING: Failed to resolve file /com/google/common/collect/ImmutableSortedSet$1.class with "No such file or directory" 

WARNING: Failed to resolve file /com/google/common/collect/JdkBackedImmutableMap.class with "No such file or directory" 

WARNING: Failed to resolve file /com/google/common/collect/MapMakerInternalMap$EntrySet.class with "No such file or directory" 

WARNING: Failed to resolve file /com/google/common/collect/Maps$AsMapView$1EntrySetImpl.class with "No such file or directory" 

WARNING: Failed to resolve file /com/google/common/collect/MultimapBuilder$2.class with "No such file or directory" 

WARNING: Failed to resolve file /com/google/common/collect/Multisets$4.class with "No such file or directory" 

WARNING: Failed to resolve file /com/google/common/collect/RegularImmutableMap$Values.class with "No such file or directory" 

WARNING: Failed to resolve file /com/google/common/collect/SortedLists$KeyAbsentBehavior$2.class with "No such file or directory" 

WARNING: Failed to resolve file /com/google/common/collect/Streams$DoubleFunctionWithIndex.class with "No such file or directory" 

WARNING: Failed to resolve file /com/google/common/collect/TransformedListIterator.class with "No such file or directory" 

WARNING: Failed to resolve file /com/google/common/collect/TreeTraverser.class with "No such file or directory" 

WARNING: Failed to resolve file /com/google/common/graph/AbstractBaseGraph$1.class with "No such file or directory" 

WARNING: Failed to resolve file /com/google/common/graph/GraphBuilder.class with "No such file or directory" 

WARNING: Failed to resolve file /com/google/common/graph/ValueGraph.class with "No such file or directory" 

WARNING: Failed to resolve file /com/google/common/hash/Hashing.class with "No such file or directory" 

WARNING: Failed to resolve file /com/google/common/io/BaseEncoding.class with "No such file or directory" 

WARNING: Failed to resolve file /com/google/common/io/LineProcessor.class with "No such file or directory" 

WARNING: Failed to resolve file /com/google/common/net/HttpHeaders.class with "No such file or directory" 

WARNING: Failed to resolve file /com/google/common/primitives/Shorts$ShortConverter.class with "No such file or directory" 

WARNING: Failed to resolve file /com/google/common/reflect/TypeToken$Bounds.class with "No such file or directory" 

WARNING: Failed to resolve file /com/google/common/util/concurrent/AbstractFuture$Listener.class with "No such file or directory" 

WARNING: Failed to resolve file /com/google/common/util/concurrent/AggregateFutureState.class with "No such file or directory" 

WARNING: Failed to resolve file /com/google/common/util/concurrent/ForwardingCheckedFuture$SimpleForwardingCheckedFuture.class with "No such file or directory" 

WARNING: Failed to resolve file /com/google/common/util/concurrent/Monitor$Guard.class with "No such file or directory" 

WARNING: Failed to resolve file /com/google/common/util/concurrent/SimpleTimeLimiter$1.class with "No such file or directory" 

WARNING: Failed to resolve file /net/bytebuddy/ByteBuddy$RecordConstructorStrategy.class with "No such file or directory" 

WARNING: Failed to resolve file /net/bytebuddy/agent/builder/AgentBuilder$Default$NativeMethodStrategy$ForPrefix.class with "No such file or directory" 

WARNING: Failed to resolve file /net/bytebuddy/agent/builder/AgentBuilder$InstallationListener$Compound.class with "No such file or directory" 

WARNING: Failed to resolve file /net/bytebuddy/agent/builder/AgentBuilder$PoolStrategy$Default.class with "No such file or directory" 

WARNING: Failed to resolve file /net/bytebuddy/agent/builder/AgentBuilder$RedefinitionStrategy$Listener$Adapter.class with "No such file or directory" 

WARNING: Failed to resolve file /net/bytebuddy/agent/builder/package-info.class with "No such file or directory" 

WARNING: Failed to resolve file /net/bytebuddy/asm/Advice$AssignReturned$ToReturned$Handler.class with "No such file or directory" 

WARNING: Failed to resolve file /net/bytebuddy/asm/Advice$Dispatcher$Resolved$AbstractBase.class with "No such file or directory" 

WARNING: Failed to resolve file /net/bytebuddy/asm/Advice$OffsetMapping$ForInstrumentedMethod$2.class with "No such file or directory" 

WARNING: Failed to resolve file /net/bytebuddy/asm/Advice$OffsetMapping.class with "No such file or directory" 

WARNING: Failed to resolve file /net/bytebuddy/asm/ClassVisitorFactory$FrameTranslator.class with "No such file or directory" 

WARNING: Failed to resolve file /net/bytebuddy/asm/MemberSubstitution$TypePoolResolver$OfImplicitPool.class with "No such file or directory" 

WARNING: Failed to resolve file /net/bytebuddy/build/EntryPoint$Default.class with "No such file or directory" 

WARNING: Failed to resolve file /net/bytebuddy/build/Plugin$Engine$Listener$StreamWriting.class with "No such file or directory" 

WARNING: Failed to resolve file /net/bytebuddy/build/Plugin$Factory$UsingReflection$Instantiator$Unresolved.class with "No such file or directory" 

WARNING: Failed to resolve file /net/bytebuddy/description/annotation/AnnotationDescription.class with "No such file or directory" 

WARNING: Failed to resolve file /net/bytebuddy/description/annotation/AnnotationValue$Loaded$AbstractBase$ForUnresolvedProperty.class with "No such file or directory" 

WARNING: Failed to resolve file /net/bytebuddy/description/method/MethodList$Explicit.class with "No such file or directory" 

WARNING: Failed to resolve file /net/bytebuddy/description/modifier/SynchronizationState.class with "No such file or directory" 

WARNING: Failed to resolve file /net/bytebuddy/description/type/TypeDescription$Generic$AnnotationReader$Delegator$ForLoadedTypeVariable.class with "No such file or directory" 

WARNING: Failed to resolve file /net/bytebuddy/description/type/TypeDescription$Generic$OfParameterizedType$Latent.class with "No such file or directory" 

WARNING: Failed to resolve file /net/bytebuddy/description/type/TypeDescription$Latent.class with "No such file or directory" 

WARNING: Failed to resolve file /net/bytebuddy/dynamic/ClassFileLocator$ForModuleFile.class with "No such file or directory" 

WARNING: Failed to resolve file /net/bytebuddy/dynamic/DynamicType$Builder$MethodDefinition$ParameterDefinition$Simple$Annotatable$AbstractBase.class with "No such file or directory" 

WARNING: Failed to resolve file /net/bytebuddy/dynamic/VisibilityBridgeStrategy$Default$2.class with "No such file or directory" 

WARNING: Failed to resolve file /net/bytebuddy/dynamic/loading/ClassInjector$UsingReflection$Dispatcher$Initializable.class with "No such file or directory" 

WARNING: Failed to resolve file /net/bytebuddy/dynamic/loading/PackageDefinitionStrategy$ManifestReading.class with "No such file or directory" 

WARNING: Failed to resolve file /net/bytebuddy/dynamic/scaffold/MethodGraph$Compiler$Default$Key$Store$Entry$Initial.class with "No such file or directory" 

WARNING: Failed to resolve file /net/bytebuddy/dynamic/scaffold/TypeWriter$Default$ClassDumpAction$Dispatcher$Enabled.class with "No such file or directory" 

WARNING: Failed to resolve file /net/bytebuddy/dynamic/scaffold/TypeWriter$MethodPool$Record$AccessBridgeWrapper.class with "No such file or directory" 

WARNING: Failed to resolve file /net/bytebuddy/dynamic/scaffold/subclass/SubclassImplementationTarget$OriginTypeResolver$1.class with "No such file or directory" 

WARNING: Failed to resolve file /net/bytebuddy/implementation/FieldAccessor$FieldLocation.class with "No such file or directory" 

WARNING: Failed to resolve file /net/bytebuddy/implementation/HashCodeMethod$ValueTransformer$7.class with "No such file or directory" 

WARNING: Failed to resolve file /net/bytebuddy/implementation/InvocationHandlerAdapter.class with "No such file or directory" 

WARNING: Failed to resolve file /net/bytebuddy/implementation/InvokeDynamic$WithImplicitArguments.class with "No such file or directory" 

WARNING: Failed to resolve file /net/bytebuddy/implementation/MethodCall$MethodInvoker.class with "No such file or directory" 

WARNING: Failed to resolve file /net/bytebuddy/implementation/MethodDelegation.class with "No such file or directory" 

WARNING: Failed to resolve file /net/bytebuddy/implementation/attribute/AnnotationValueFilter$Factory.class with "No such file or directory" 

WARNING: Failed to resolve file /net/bytebuddy/implementation/auxiliary/TypeProxy$1.class with "No such file or directory" 

WARNING: Failed to resolve file /net/bytebuddy/implementation/bind/annotation/AllArguments.class with "No such file or directory" 

WARNING: Failed to resolve file /net/bytebuddy/implementation/bind/annotation/Morph$Binder$RedirectionProxy$InstanceFieldConstructor$Appender.class with "No such file or directory" 

WARNING: Failed to resolve file /net/bytebuddy/implementation/bytecode/ByteCodeAppender$Compound.class with "No such file or directory" 

WARNING: Failed to resolve file /net/bytebuddy/implementation/bytecode/assign/reference/GenericTypeAwareAssigner$IsAssignableToVisitor$OfGenericArray.class with "No such file or directory" 

WARNING: Failed to resolve file /net/bytebuddy/implementation/bytecode/member/FieldAccess$AccessDispatcher$FieldPutInstruction.class with "No such file or directory" 

WARNING: Failed to resolve file /net/bytebuddy/jar/asm/RecordComponentWriter.class with "No such file or directory" 

WARNING: Failed to resolve file /net/bytebuddy/matcher/FilterableList.class with "No such file or directory" 

WARNING: Failed to resolve file /net/bytebuddy/matcher/TypeSortMatcher.class with "No such file or directory" 

WARNING: Failed to resolve file /net/bytebuddy/pool/TypePool$Default$LazyTypeDescription$AnnotationToken.class with "No such file or directory" 

WARNING: Failed to resolve file /net/bytebuddy/pool/TypePool$Default$LazyTypeDescription$LazyMethodDescription$LazyParameterizedReceiverType$TypeArgumentList$AnnotatedTypeVariable.class with "No such file or directory" 

WARNING: Failed to resolve file /net/bytebuddy/utility/FileSystem$ForNio2CapableVm$StandardCopyOption.class with "No such file or directory" 

WARNING: Failed to resolve file /net/bytebuddy/utility/dispatcher/JavaDispatcher$Dispatcher.class with "No such file or directory" 

WARNING: Failed to resolve file /org/apache/lucene/analysis/CharArrayMap.class with "No such file or directory" 

WARNING: Failed to resolve file /org/apache/lucene/analysis/tokenattributes/TermToBytesRefAttribute.class with "No such file or directory" 

WARNING: Failed to resolve file /org/apache/lucene/codecs/KnnVectorsWriter$ByteVectorValuesSub.class with "No such file or directory" 

WARNING: Failed to resolve file /org/apache/lucene/codecs/hnsw/DefaultFlatVectorScorer$ByteScoringSupplier$1.class with "No such file or directory" 

WARNING: Failed to resolve file /org/apache/lucene/codecs/lucene90/Lucene90DocValuesProducer$17.class with "No such file or directory" 

WARNING: Failed to resolve file /org/apache/lucene/codecs/lucene90/Lucene90PointsFormat.class with "No such file or directory" 

WARNING: Failed to resolve file /org/apache/lucene/codecs/lucene912/ForUtil.class with "No such file or directory" 

WARNING: Failed to resolve file /org/apache/lucene/codecs/lucene99/Lucene99HnswVectorsWriter$2.class with "No such file or directory" 

WARNING: Failed to resolve file /org/apache/lucene/document/BinaryPoint$1.class with "No such file or directory" 

WARNING: Failed to resolve file /org/apache/lucene/document/FloatPoint$2.class with "No such file or directory" 

WARNING: Failed to resolve file /org/apache/lucene/document/LatLonPointDistanceQuery.class with "No such file or directory" 

WARNING: Failed to resolve file /org/apache/lucene/document/ShapeField$QueryRelation.class with "No such file or directory" 

WARNING: Failed to resolve file /org/apache/lucene/document/XYShapeDocValues.class with "No such file or directory" 

WARNING: Failed to resolve file /org/apache/lucene/index/BaseTermsEnum$1.class with "No such file or directory" 

WARNING: Failed to resolve file /org/apache/lucene/index/ConcurrentMergeScheduler.class with "No such file or directory" 

WARNING: Failed to resolve file /org/apache/lucene/index/ExitableDirectoryReader$ExitableFilterAtomicReader$4.class with "No such file or directory" 

WARNING: Failed to resolve file /org/apache/lucene/index/FreqProxFields$FreqProxTermsEnum$1.class with "No such file or directory" 

WARNING: Failed to resolve file /org/apache/lucene/index/IndexWriter$DocModifier.class with "No such file or directory" 

WARNING: Failed to resolve file /org/apache/lucene/index/MultiDocValues$1.class with "No such file or directory" 

WARNING: Failed to resolve file /org/apache/lucene/index/PointValues$IntersectVisitor.class with "No such file or directory" 

WARNING: Failed to resolve file /org/apache/lucene/index/SingletonSortedSetDocValues.class with "No such file or directory" 

WARNING: Failed to resolve file /org/apache/lucene/index/SortedNumericDocValuesWriter.class with "No such file or directory" 

WARNING: Failed to resolve file /org/apache/lucene/index/TermVectorsConsumerPerField$TermVectorsPostingsArray.class with "No such file or directory" 

WARNING: Failed to resolve file /org/apache/lucene/internal/hppc/IntDoubleHashMap$EntryIterator.class with "No such file or directory" 

WARNING: Failed to resolve file /org/apache/lucene/internal/hppc/LongIntHashMap$LongIntCursor.class with "No such file or directory" 

WARNING: Failed to resolve file /org/apache/lucene/search/BlockMaxConjunctionScorer$2.class with "No such file or directory" 

WARNING: Failed to resolve file /org/apache/lucene/search/ConstantScoreQuery$1$1.class with "No such file or directory" 

WARNING: Failed to resolve file /org/apache/lucene/search/DoubleValuesSource$DoubleValuesComparatorSource$1.class with "No such file or directory" 

WARNING: Failed to resolve file /org/apache/lucene/search/ImpactsDISI.class with "No such file or directory" 

WARNING: Failed to resolve file /org/apache/lucene/search/LongValuesSource$LongValuesComparatorSource.class with "No such file or directory" 

WARNING: Failed to resolve file /org/apache/lucene/search/NamedMatches$NamedQuery.class with "No such file or directory" 

WARNING: Failed to resolve file /org/apache/lucene/search/ReqOptSumScorer.class with "No such file or directory" 

WARNING: Failed to resolve file /org/apache/lucene/search/SortedNumericSortField$5.class with "No such file or directory" 

WARNING: Failed to resolve file /org/apache/lucene/search/TopDocsCollector.class with "No such file or directory" 

WARNING: Failed to resolve file /org/apache/lucene/search/comparators/NumericComparator$NumericLeafComparator.class with "No such file or directory" 

WARNING: Failed to resolve file /org/apache/lucene/search/similarities/MultiSimilarity.class with "No such file or directory" 

WARNING: Failed to resolve file /org/apache/lucene/store/IndexInput$1.class with "No such file or directory" 

WARNING: Failed to resolve file /org/apache/lucene/util/AttributeImpl.class with "No such file or directory" 

WARNING: Failed to resolve file /org/apache/lucene/util/DocIdSetBuilder$BulkAdder.class with "No such file or directory" 

WARNING: Failed to resolve file /org/apache/lucene/util/ModuleResourceLoader.class with "No such file or directory" 

WARNING: Failed to resolve file /org/apache/lucene/util/Sorter.class with "No such file or directory" 

WARNING: Failed to resolve file /org/apache/lucene/util/automaton/MinimizationOperations$IntPair.class with "No such file or directory" 

WARNING: Failed to resolve file /org/apache/lucene/util/bkd/OfflinePointWriter.class with "No such file or directory" 

WARNING: Failed to resolve file /org/apache/lucene/util/fst/Util$FSTPath.class with "No such file or directory" 

WARNING: Failed to resolve file /org/apache/lucene/util/mutable/MutableValueDate.class with "No such file or directory" 

WARNING: Failed to resolve file /org/apache/lucene/util/packed/DirectReader$DirectPackedReader32.class with "No such file or directory" 

WARNING: Failed to resolve file /org/apache/lucene/util/packed/PackedWriter.class with "No such file or directory" 

WARNING: Failed to resolve file /org/bouncycastle/asn1/ASN1ObjectDescriptor$1.class with "No such file or directory" 

WARNING: Failed to resolve file /org/bouncycastle/asn1/BEROctetStringParser.class with "No such file or directory" 

WARNING: Failed to resolve file /org/bouncycastle/asn1/LazyEncodedSequence.class with "No such file or directory" 

WARNING: Failed to resolve file /org/bouncycastle/asn1/ocsp/OCSPRequest.class with "No such file or directory" 

WARNING: Failed to resolve file /org/bouncycastle/asn1/sec/SECNamedCurves$17.class with "No such file or directory" 

WARNING: Failed to resolve file /org/bouncycastle/asn1/x500/DirectoryString.class with "No such file or directory" 

WARNING: Failed to resolve file /org/bouncycastle/asn1/x509/NameConstraints.class with "No such file or directory" 

WARNING: Failed to resolve file /org/bouncycastle/asn1/x509/sigi/NameOrPseudonym.class with "No such file or directory" 

WARNING: Failed to resolve file /org/bouncycastle/crypto/CipherKeyGenerator.class with "No such file or directory" 

WARNING: Failed to resolve file /org/bouncycastle/crypto/StagedAgreement.class with "No such file or directory" 

WARNING: Failed to resolve file /org/bouncycastle/crypto/digests/AsconXof$1.class with "No such file or directory" 

WARNING: Failed to resolve file /org/bouncycastle/crypto/digests/ShortenedDigest.class with "No such file or directory" 

WARNING: Failed to resolve file /org/bouncycastle/crypto/ec/ECDecryptor.class with "No such file or directory" 

WARNING: Failed to resolve file /org/bouncycastle/crypto/engines/GOST3412_2015Engine.class with "No such file or directory" 

WARNING: Failed to resolve file /org/bouncycastle/crypto/engines/SparkleEngine$1.class with "No such file or directory" 

WARNING: Failed to resolve file /org/bouncycastle/crypto/generators/ElGamalParametersGenerator.class with "No such file or directory" 

WARNING: Failed to resolve file /org/bouncycastle/crypto/macs/DSTU7564Mac.class with "No such file or directory" 

WARNING: Failed to resolve file /org/bouncycastle/crypto/modes/NISTCTSBlockCipher.class with "No such file or directory" 

WARNING: Failed to resolve file /org/bouncycastle/crypto/params/DHParameters.class with "No such file or directory" 

WARNING: Failed to resolve file /org/bouncycastle/crypto/params/NaccacheSternKeyGenerationParameters.class with "No such file or directory" 

WARNING: Failed to resolve file /org/bouncycastle/crypto/prng/X931SecureRandom.class with "No such file or directory" 

WARNING: Failed to resolve file /org/bouncycastle/crypto/util/DEROtherInfo$1.class with "No such file or directory" 

WARNING: Failed to resolve file /org/bouncycastle/crypto/util/SSHNamedCurves$3.class with "No such file or directory" 

WARNING: Failed to resolve file /org/bouncycastle/jcajce/BCFKSLoadStoreParameter$SignatureAlgorithm.class with "No such file or directory" 

WARNING: Failed to resolve file /org/bouncycastle/jcajce/provider/asymmetric/CompositeSignatures.class with "No such file or directory" 

WARNING: Failed to resolve file /org/bouncycastle/jcajce/provider/asymmetric/compositesignatures/KeyPairGeneratorSpi$MLDSA65_ECDSA_brainpoolP256r1_SHA512.class with "No such file or directory" 

WARNING: Failed to resolve file /org/bouncycastle/jcajce/provider/asymmetric/dh/KeyAgreementSpi$DHwithSHA384CKDF.class with "No such file or directory" 

WARNING: Failed to resolve file /org/bouncycastle/jcajce/provider/asymmetric/ec/BCECPrivateKey.class with "No such file or directory" 

WARNING: Failed to resolve file /org/bouncycastle/jcajce/provider/asymmetric/ec/KeyAgreementSpi$DHUwithSHA224KDF.class with "No such file or directory" 

WARNING: Failed to resolve file /org/bouncycastle/jcajce/provider/asymmetric/ec/KeyPairGeneratorSpi.class with "No such file or directory" 

WARNING: Failed to resolve file /org/bouncycastle/jcajce/provider/asymmetric/ecgost12/KeyAgreementSpi$ECVKO512.class with "No such file or directory" 

WARNING: Failed to resolve file /org/bouncycastle/jcajce/provider/asymmetric/edec/KeyPairGeneratorSpi$X448.class with "No such file or directory" 

WARNING: Failed to resolve file /org/bouncycastle/jcajce/provider/asymmetric/rsa/DigestSignatureSpi$SHA3_384.class with "No such file or directory" 

WARNING: Failed to resolve file /org/bouncycastle/jcajce/provider/asymmetric/rsa/PSSSignatureSpi$SHA512withRSA.class with "No such file or directory" 

WARNING: Failed to resolve file /org/bouncycastle/jcajce/provider/asymmetric/x509/X509CRLInternal.class with "No such file or directory" 

WARNING: Failed to resolve file /org/bouncycastle/jcajce/provider/digest/GOST3411$Mappings.class with "No such file or directory" 

WARNING: Failed to resolve file /org/bouncycastle/jcajce/provider/digest/RIPEMD256$HashMac.class with "No such file or directory" 

WARNING: Failed to resolve file /org/bouncycastle/jcajce/provider/digest/SHA3$Mappings.class with "No such file or directory" 

WARNING: Failed to resolve file /org/bouncycastle/jcajce/provider/digest/Skein$HMacKeyGenerator_512_384.class with "No such file or directory" 

WARNING: Failed to resolve file /org/bouncycastle/jcajce/provider/digest/Whirlpool$KeyGenerator.class with "No such file or directory" 

WARNING: Failed to resolve file /org/bouncycastle/jcajce/provider/keystore/pkcs12/PKCS12KeyStoreSpi$1.class with "No such file or directory" 

WARNING: Failed to resolve file /org/bouncycastle/jcajce/provider/symmetric/AES$PBEWithSHA256And192BitAESBC.class with "No such file or directory" 

WARNING: Failed to resolve file /org/bouncycastle/jcajce/provider/symmetric/CAST5$CBC.class with "No such file or directory" 

WARNING: Failed to resolve file /org/bouncycastle/jcajce/provider/symmetric/DES$Mappings.class with "No such file or directory" 

WARNING: Failed to resolve file /org/bouncycastle/jcajce/provider/symmetric/DSTU7624$GCM128.class with "No such file or directory" 

WARNING: Failed to resolve file /org/bouncycastle/jcajce/provider/symmetric/HC128$KeyGen.class with "No such file or directory" 

WARNING: Failed to resolve file /org/bouncycastle/jcajce/provider/symmetric/PBEPKCS12.class with "No such file or directory" 

WARNING: Failed to resolve file /org/bouncycastle/jcajce/provider/symmetric/Rijndael.class with "No such file or directory" 

WARNING: Failed to resolve file /org/bouncycastle/jcajce/provider/symmetric/Shacal2$AlgParams.class with "No such file or directory" 

WARNING: Failed to resolve file /org/bouncycastle/jcajce/provider/symmetric/Threefish.class with "No such file or directory" 

WARNING: Failed to resolve file /org/bouncycastle/jcajce/provider/symmetric/util/BaseStreamCipher.class with "No such file or directory" 

WARNING: Failed to resolve file /org/bouncycastle/jcajce/spec/SkeinParameterSpec.class with "No such file or directory" 

WARNING: Failed to resolve file /org/bouncycastle/jce/provider/AnnotatedException.class with "No such file or directory" 

WARNING: Failed to resolve file /org/bouncycastle/jce/provider/RFC3280CertPathUtilities.class with "No such file or directory" 

WARNING: Failed to resolve file /org/bouncycastle/math/ec/ECCurve$Config.class with "No such file or directory" 

WARNING: Failed to resolve file /org/bouncycastle/math/ec/custom/gm/SM2P256V1FieldElement.class with "No such file or directory" 

WARNING: Failed to resolve file /org/bouncycastle/math/ec/custom/sec/SecP384R1FieldElement.class with "No such file or directory" 

WARNING: Failed to resolve file /org/bouncycastle/math/ec/custom/sec/SecT239K1Curve.class with "No such file or directory" 

WARNING: Failed to resolve file /org/bouncycastle/math/ec/rfc8032/Ed25519$PointTemp.class with "No such file or directory" 

WARNING: Failed to resolve file /org/bouncycastle/pqc/asn1/PQCObjectIdentifiers.class with "No such file or directory" 

WARNING: Failed to resolve file /org/bouncycastle/pqc/crypto/crystals/dilithium/DilithiumKeyPairGenerator.class with "No such file or directory" 

WARNING: Failed to resolve file /org/bouncycastle/pqc/crypto/falcon/FalconSmallPrime.class with "No such file or directory" 

WARNING: Failed to resolve file /org/bouncycastle/pqc/crypto/hqc/HQCKEMExtractor.class with "No such file or directory" 

WARNING: Failed to resolve file /org/bouncycastle/pqc/crypto/newhope/NHKeyPairGenerator.class with "No such file or directory" 

WARNING: Failed to resolve file /org/bouncycastle/pqc/crypto/picnic/PicnicEngine.class with "No such file or directory" 

WARNING: Failed to resolve file /org/bouncycastle/pqc/crypto/sphincs/SPHINCS256KeyGenerationParameters.class with "No such file or directory" 

WARNING: Failed to resolve file /org/bouncycastle/pqc/crypto/util/PublicKeyFactory$LMSConverter.class with "No such file or directory" 

WARNING: Failed to resolve file /org/bouncycastle/pqc/crypto/xmss/XMSSMTPrivateKeyParameters$Builder.class with "No such file or directory" 

WARNING: Failed to resolve file /org/bouncycastle/pqc/jcajce/interfaces/NHPublicKey.class with "No such file or directory" 

WARNING: Failed to resolve file /org/bouncycastle/pqc/jcajce/provider/SPHINCS.class with "No such file or directory" 

WARNING: Failed to resolve file /org/bouncycastle/pqc/jcajce/provider/falcon/SignatureSpi$Base.class with "No such file or directory" 

WARNING: Failed to resolve file /org/bouncycastle/pqc/jcajce/provider/mceliece/BCMcEliecePrivateKey.class with "No such file or directory" 

WARNING: Failed to resolve file /org/bouncycastle/pqc/jcajce/provider/picnic/BCPicnicPublicKey.class with "No such file or directory" 

WARNING: Failed to resolve file /org/bouncycastle/pqc/jcajce/provider/sphincsplus/SPHINCSPlusKeyPairGeneratorSpi$Shake_256f.class with "No such file or directory" 

WARNING: Failed to resolve file /org/bouncycastle/pqc/jcajce/spec/KyberParameterSpec.class with "No such file or directory" 

WARNING: Failed to resolve file /org/bouncycastle/pqc/legacy/crypto/mceliece/McEliecePrivateKeyParameters.class with "No such file or directory" 

WARNING: Failed to resolve file /org/bouncycastle/pqc/legacy/math/linearalgebra/GF2Matrix.class with "No such file or directory" 

WARNING: Failed to resolve file /org/bouncycastle/pqc/math/ntru/parameters/NTRUHPS2048509.class with "No such file or directory" 

WARNING: Failed to resolve file /org/bouncycastle/util/encoders/HexTranslator.class with "No such file or directory" 

WARNING: Failed to resolve file /org/bouncycastle/x509/X509CRLStoreSelector.class with "No such file or directory" 

Found 215 (out of 11364) source files to analyze in /home/udesou/.bench-agent/git/macro-benches/vendor/.infer-capture-ocaml-5.5.1-46e1c32-fp
Could not read file /com/google/common/collect/DenseImmutableTable.class
Could not read file /org/apache/lucene/document/ShapeDocValues.class
Could not read file /org/apache/lucene/index/MergeRateLimiter.class
*****
{
  "rusage": {
    "user_time": 419.224,
    "system_time": 30.757,
    "minor_faults": 1085593,
    "major_faults": 7,
    "voluntary_ctx_switches": 1525735,
    "involuntary_ctx_switches": 651163
  },
  "olly": {
    "version": 2,
    "wall_time": 132.85,
    "cpu_time": 924.72,
    "gc_time": 55.39,
    "gc_overhead": 5.99,
    "max_rss_kb": 4398756,
    "domain_stats": {
      "0": {
        "wall_time": 132.85,
        "gc_time": 6.04,
        "gc_overhead": 4.54
      },
      "1": {
        "wall_time": 132.02,
        "gc_time": 11.16,
        "gc_overhead": 8.45
      },
      "2": {
        "wall_time": 131.96,
        "gc_time": 6.17,
        "gc_overhead": 4.68
      },
      "3": {
        "wall_time": 131.96,
        "gc_time": 6.32,
        "gc_overhead": 4.79
      },
      "4": {
        "wall_time": 131.97,
        "gc_time": 6.25,
        "gc_overhead": 4.74
      },
      "5": {
        "wall_time": 131.97,
        "gc_time": 6.12,
        "gc_overhead": 4.64
      },
      "6": {
        "wall_time": 131.98,
        "gc_time": 13.32,
        "gc_overhead": 10.09
      }
    },
    "mean_latency": 1.525433,
    "stddev_latency": 2.709017,
    "min_latency": 0.0,
    "max_latency": 46.759935,
    "distr_latency": {
      "25.0000": 0.001823,
      "50.0000": 0.003135,
      "60.0000": 0.044735,
      "70.0000": 2.123775,
      "75.0000": 2.859007,
      "80.0000": 3.440639,
      "85.0000": 4.038655,
      "90.0000": 4.714495,
      "95.0000": 5.812223,
      "96.0000": 6.254591,
      "97.0000": 6.971391,
      "98.0000": 8.105983,
      "99.0000": 10.493951,
      "99.9000": 30.375935,
      "99.9900": 35.618815,
      "99.9990": 46.759935,
      "99.9999": 46.759935,
      "100.0000": 46.759935
    },
    "outliers": {
      "count": 0,
      "mean_latency": 0.0,
      "max_latency": 0.0
    },
    "allocations": {
      "total_heap": 72926188602,
      "minor_heap": 72606342018,
      "major_heap": 1116508334,
      "promoted_words": 796661750,
      "promoted_pct": 1.1
    },
    "domain_alloc_stats": {
      "0": {
        "total": 141401043,
        "minor": 122042963,
        "promoted": 8026115,
        "major": 27384195,
        "promoted_pct": 6.58
      },
      "1": {
        "total": 9649344164,
        "minor": 9163223765,
        "promoted": 102950369,
        "major": 589070768,
        "promoted_pct": 1.12
      },
      "2": {
        "total": 7886311708,
        "minor": 7885870104,
        "promoted": 101683749,
        "major": 102125353,
        "promoted_pct": 1.29
      },
      "3": {
        "total": 11149900697,
        "minor": 11158653032,
        "promoted": 70031743,
        "major": 61279408,
        "promoted_pct": 0.63
      },
      "4": {
        "total": 9359059092,
        "minor": 9392092043,
        "promoted": 122176961,
        "major": 89144010,
        "promoted_pct": 1.3
      },
      "5": {
        "total": 7785799155,
        "minor": 7813591618,
        "promoted": 115073912,
        "major": 87281449,
        "promoted_pct": 1.47
      },
      "6": {
        "total": 26954372743,
        "minor": 27070868493,
        "promoted": 276718901,
        "major": 160223151,
        "promoted_pct": 1.02
      }
    },
    "collections": {
      "minor": 3380,
      "major": 40,
      "forced_major": 0,
      "compactions": 0
    },
    "stats_reliable": true
  },
  "counter_backend": "linux-perf",
  "perf": [
    {
      "counter-value": "449414.931787",
      "unit": "msec",
      "event": "task-clock",
      "event-runtime": 449414931787,
      "pcnt-running": 100.0,
      "metric-value": "3.375686",
      "metric-unit": "CPUs utilized"
    },
    {
      "counter-value": "1084503.000000",
      "unit": "",
      "event": "page-faults",
      "event-runtime": 449414931787,
      "pcnt-running": 100.0,
      "metric-value": "2.413144",
      "metric-unit": "K/sec"
    },
    {
      "counter-value": "1473735256828.000000",
      "unit": "",
      "event": "cycles",
      "event-runtime": 449414931787,
      "pcnt-running": 100.0,
      "metric-value": "3.279231",
      "metric-unit": "GHz"
    },
    {
      "counter-value": "1859648375501.000000",
      "unit": "",
      "event": "instructions",
      "event-runtime": 449414931787,
      "pcnt-running": 100.0,
      "metric-value": "1.261861",
      "metric-unit": "insn per cycle"
    }
  ]
}