
-----
mkdir -p PLOTTY_WORKAROUND; timedrun; OCAMLRUNPARAM="e=18,d=128" taskset -c "4,6,8,10,12,14" /home/udesou/.bench-agent/git/macro-benches/benchmarks/infer/infer_large-ocaml-5.5.1-46e1c32-fp
running-ng v0.3.8
Sun Sep 13 01:58:08 PM UTC 2026

 13:58:08 up 6 days, 13:52,  2 users,  load average: 1.92, 2.61, 3.04
USER     TTY      FROM             LOGIN@   IDLE   JCPU   PCPU  WHAT

procs -----------memory---------- ---swap-- -----io---- -system-- -------cpu-------
 r  b   swpd   free   buff  cache   si   so    bi    bo   in   cs us sy id wa st gu
 0  1    512 6665600 4620852 53104160    0    0    39  1129 2370    7 11  1 80  9  0  0
 0  1    512 6665852 4620852 53103788    0    0     0     0 1767 3107  0  0 88 12  0  0

top - 13:58:09 up 6 days, 13:52,  2 users,  load average: 1.77, 2.56, 3.02
Tasks: 279 total,   1 running, 278 sleeping,   0 stopped,   0 zombie
%Cpu(s):  1.2 us,  0.0 sy,  0.0 ni, 87.2 id, 11.6 wa,  0.0 hi,  0.0 si,  0.0 st 
MiB Mem :  64272.5 total,   6509.6 free,   2116.3 used,  56371.7 buff/cache     
MiB Swap:   8192.0 total,   8191.5 free,      0.5 used.  62156.2 avail Mem 

    PID USER      PR  NI    VIRT    RES    SHR S  %CPU  %MEM     TIME+ COMMAND
     51 root      20   0       0      0      0 I   9.1   0.0  46:00.26 [rcuog/8]
 945428 udesou    20   0   11912   5732   3580 R   9.1   0.0   0:00.01 top -bcn 1 -w512
      1 root      20   0   22936  14244   9608 S   0.0   0.0   4:05.69 /usr/lib/systemd/systemd --system --deserialize=173
      2 root      20   0       0      0      0 S   0.0   0.0   0:00.07 [kthreadd]
      3 root      20   0       0      0      0 S   0.0   0.0   0:00.00 [pool_workqueue_release]

Environment variables: 
	CONFIG_FILE=/home/udesou/.bench-agent/work/run-20260913-001-e1/run-20260913-001.yml
	HOME=/home/udesou
	LANG=en_US.UTF-8
	LOGNAME=udesou
	LOG_DIR=/home/udesou/.bench-agent/logs
	OLLY_DIR=/home/udesou/.bench-agent/git/olly
	PATH=/usr/local/bin:/home/udesou/.bench-agent/git/olly/_build/install/default/bin:/home/udesou/.opam/running-ng-tools/bin:/home/udesou/.vscode-server/data/User/globalStorage/github.copilot-chat/debugCommand:/home/udesou/.vscode-server/data/User/globalStorage/github.copilot-chat/copilotCli:/home/udesou/.vscode-server/cli/servers/Stable-08d4889f9ec4a1685d257b9b95de036c8e1ce1e5/server/bin/remote-cli:/home/udesou/.opam/running-ng-ocaml-5.5.0-f523850-fp-flambda/bin:/home/udesou/.local/bin:/home/udesou/.opam/running-ng-ocaml-5.5.0-f523850-fp-flambda/bin:/home/udesou/.local/bin:/usr/local/sbin:/usr/local/bin:/usr/sbin:/usr/bin:/sbin:/bin:/usr/games:/usr/local/games:/snap/bin
	PWD=/home/udesou/ocaml-bench-service
	PYTHONPATH=/home/udesou/.bench-agent/git/running-ng/src
	RUNNING_BENCH_DIR=/home/udesou/.bench-agent/git/macro-benches
	RUNNING_MACRO_BENCH_DIR=/home/udesou/.bench-agent/git/macro-benches
	RUNNING_NG_PACKAGE_DATA=/home/udesou/.bench-agent/git/running-ng/src/running/config
	RUNNING_REUSE_SWITCHES=1
	RUNNING_TAG=default_run,large_run
	SHELL=/bin/bash
	SHLVL=1
	TERM=screen.xterm-256color
	USER=udesou
	_=/usr/bin/python3
OS: Linux obelisk 6.8.0-139-generic #139-Ubuntu SMP PREEMPT_DYNAMIC Sat Aug  1 03:52:05 UTC 2026 x86_64 x86_64 x86_64 GNU/Linux
CPU: Intel(R) Xeon(R) CPU E5-2667 v2 @ 3.30GHz
number of cores: 8
Frequency of cpu 0: 3.30 GHz
Governor of cpu 0: performance
Scaling_min_freq of cpu 0: 1.20 GHz
Frequency of cpu 2: 3.30 GHz
Governor of cpu 2: performance
Scaling_min_freq of cpu 2: 1.20 GHz
Frequency of cpu 4: 3.30 GHz
Governor of cpu 4: performance
Scaling_min_freq of cpu 4: 1.20 GHz
Frequency of cpu 6: 3.30 GHz
Governor of cpu 6: performance
Scaling_min_freq of cpu 6: 1.20 GHz
WARNING: Failed to resolve file /com/google/common/annotations/Beta.class with "No such file or directory" 

WARNING: Failed to resolve file /com/google/common/base/CharMatcher$BitSetMatcher.class with "No such file or directory" 

WARNING: Failed to resolve file /com/google/common/base/CharMatcher$RangesMatcher.class with "No such file or directory" 

WARNING: Failed to resolve file /com/google/common/base/Equivalence$Wrapper.class with "No such file or directory" 

WARNING: Failed to resolve file /com/google/common/base/Functions$SupplierFunction.class with "No such file or directory" 

WARNING: Failed to resolve file /com/google/common/base/Platform$JdkPatternCompiler.class with "No such file or directory" 

WARNING: Failed to resolve file /com/google/common/base/Present.class with "No such file or directory" 

WARNING: Failed to resolve file /com/google/common/base/Suppliers$MemoizingSupplier.class with "No such file or directory" 

WARNING: Failed to resolve file /com/google/common/cache/Cache.class with "No such file or directory" 

WARNING: Failed to resolve file /com/google/common/cache/CacheBuilderSpec$WriteDurationParser.class with "No such file or directory" 

WARNING: Failed to resolve file /com/google/common/cache/LocalCache$AccessQueue.class with "No such file or directory" 

WARNING: Failed to resolve file /com/google/common/cache/LocalCache$ManualSerializationProxy.class with "No such file or directory" 

WARNING: Failed to resolve file /com/google/common/cache/LocalCache$WeakWriteEntry.class with "No such file or directory" 

WARNING: Failed to resolve file /com/google/common/cache/RemovalCause.class with "No such file or directory" 

WARNING: Failed to resolve file /com/google/common/collect/AbstractIterator.class with "No such file or directory" 

WARNING: Failed to resolve file /com/google/common/collect/AbstractMapBasedMultimap$WrappedSortedSet.class with "No such file or directory" 

WARNING: Failed to resolve file /com/google/common/collect/AbstractSortedKeySortedSetMultimap.class with "No such file or directory" 

WARNING: Failed to resolve file /com/google/common/collect/ArrayTable.class with "No such file or directory" 

WARNING: Failed to resolve file /com/google/common/collect/Collections2.class with "No such file or directory" 

WARNING: Failed to resolve file /com/google/common/collect/ComparisonChain.class with "No such file or directory" 

WARNING: Failed to resolve file /com/google/common/collect/DenseImmutableTable$ImmutableArrayMap$1.class with "No such file or directory" 

WARNING: Failed to resolve file /com/google/common/collect/EnumMultiset$1.class with "No such file or directory" 

WARNING: Failed to resolve file /com/google/common/collect/FilteredKeyMultimap$Entries.class with "No such file or directory" 

WARNING: Failed to resolve file /com/google/common/collect/ForwardingIterator.class with "No such file or directory" 

WARNING: Failed to resolve file /com/google/common/collect/ForwardingSetMultimap.class with "No such file or directory" 

WARNING: Failed to resolve file /com/google/common/collect/HashBiMap$InverseSerializedForm.class with "No such file or directory" 

WARNING: Failed to resolve file /com/google/common/collect/ImmutableEnumMap$1.class with "No such file or directory" 

WARNING: Failed to resolve file /com/google/common/collect/ImmutableMap$SerializedForm.class with "No such file or directory" 

WARNING: Failed to resolve file /com/google/common/collect/ImmutableMultimap$Values.class with "No such file or directory" 

WARNING: Failed to resolve file /com/google/common/collect/ImmutableRangeSet$ComplementRanges.class with "No such file or directory" 

WARNING: Failed to resolve file /com/google/common/collect/ImmutableSortedMap.class with "No such file or directory" 

WARNING: Failed to resolve file /com/google/common/collect/Interners$InternerBuilder.class with "No such file or directory" 

WARNING: Failed to resolve file /com/google/common/collect/Iterators$3.class with "No such file or directory" 

WARNING: Failed to resolve file /com/google/common/collect/LinkedHashMultimap$1.class with "No such file or directory" 

WARNING: Failed to resolve file /com/google/common/collect/Lists$2.class with "No such file or directory" 

WARNING: Failed to resolve file /com/google/common/collect/MapMakerInternalMap$1.class with "No such file or directory" 

WARNING: Failed to resolve file /com/google/common/collect/MapMakerInternalMap$StrongKeyDummyValueSegment.class with "No such file or directory" 

WARNING: Failed to resolve file /com/google/common/collect/MapMakerInternalMap$WeakValueReferenceImpl.class with "No such file or directory" 

WARNING: Failed to resolve file /com/google/common/collect/Maps$DescendingMap$1EntrySetImpl.class with "No such file or directory" 

WARNING: Failed to resolve file /com/google/common/collect/Maps$IteratorBasedAbstractMap.class with "No such file or directory" 

WARNING: Failed to resolve file /com/google/common/collect/MinMaxPriorityQueue$Heap.class with "No such file or directory" 

WARNING: Failed to resolve file /com/google/common/collect/MultimapBuilder$MultimapBuilderWithKeys$5.class with "No such file or directory" 

WARNING: Failed to resolve file /com/google/common/collect/Multimaps$TransformedEntriesListMultimap.class with "No such file or directory" 

WARNING: Failed to resolve file /com/google/common/collect/Multisets$AbstractEntry.class with "No such file or directory" 

WARNING: Failed to resolve file /com/google/common/collect/Ordering$ArbitraryOrderingHolder.class with "No such file or directory" 

WARNING: Failed to resolve file /com/google/common/collect/RegularImmutableBiMap$Inverse$InverseEntrySet$1.class with "No such file or directory" 

WARNING: Failed to resolve file /com/google/common/collect/ReverseOrdering.class with "No such file or directory" 

WARNING: Failed to resolve file /com/google/common/collect/Sets$DescendingSet.class with "No such file or directory" 

WARNING: Failed to resolve file /com/google/common/collect/SortedLists$KeyAbsentBehavior$3.class with "No such file or directory" 

WARNING: Failed to resolve file /com/google/common/collect/StandardTable$CellIterator.class with "No such file or directory" 

WARNING: Failed to resolve file /com/google/common/collect/Streams$1.class with "No such file or directory" 

WARNING: Failed to resolve file /com/google/common/collect/Synchronized$SynchronizedAsMapEntries.class with "No such file or directory" 

WARNING: Failed to resolve file /com/google/common/collect/Synchronized$SynchronizedSortedSetMultimap.class with "No such file or directory" 

WARNING: Failed to resolve file /com/google/common/collect/TransformedListIterator.class with "No such file or directory" 

WARNING: Failed to resolve file /com/google/common/collect/TreeRangeMap$SubRangeMap$1.class with "No such file or directory" 

WARNING: Failed to resolve file /com/google/common/collect/TreeRangeSet.class with "No such file or directory" 

WARNING: Failed to resolve file /com/google/common/collect/package-info.class with "No such file or directory" 

WARNING: Failed to resolve file /com/google/common/eventbus/Dispatcher$1.class with "No such file or directory" 

WARNING: Failed to resolve file /com/google/common/eventbus/package-info.class with "No such file or directory" 

WARNING: Failed to resolve file /com/google/common/graph/AbstractValueGraph$2.class with "No such file or directory" 

WARNING: Failed to resolve file /com/google/common/graph/EndpointPair$1.class with "No such file or directory" 

WARNING: Failed to resolve file /com/google/common/graph/ImmutableGraph.class with "No such file or directory" 

WARNING: Failed to resolve file /com/google/common/graph/SuccessorsFunction.class with "No such file or directory" 

WARNING: Failed to resolve file /com/google/common/graph/UndirectedMultiNetworkConnections.class with "No such file or directory" 

WARNING: Failed to resolve file /com/google/common/hash/BloomFilterStrategies.class with "No such file or directory" 

WARNING: Failed to resolve file /com/google/common/hash/HashFunction.class with "No such file or directory" 

WARNING: Failed to resolve file /com/google/common/hash/LittleEndianByteArray$UnsafeByteArray$1.class with "No such file or directory" 

WARNING: Failed to resolve file /com/google/common/hash/Murmur3_32HashFunction.class with "No such file or directory" 

WARNING: Failed to resolve file /com/google/common/io/BaseEncoding$StandardBaseEncoding$1.class with "No such file or directory" 

WARNING: Failed to resolve file /com/google/common/io/CharSequenceReader.class with "No such file or directory" 

WARNING: Failed to resolve file /com/google/common/io/FileBackedOutputStream.class with "No such file or directory" 

WARNING: Failed to resolve file /com/google/common/io/MoreFiles$3.class with "No such file or directory" 

WARNING: Failed to resolve file /com/google/common/math/LinearTransformation$1.class with "No such file or directory" 

WARNING: Failed to resolve file /com/google/common/math/package-info.class with "No such file or directory" 

WARNING: Failed to resolve file /com/google/common/primitives/Chars$CharArrayAsList.class with "No such file or directory" 

WARNING: Failed to resolve file /com/google/common/primitives/ImmutableLongArray$Builder.class with "No such file or directory" 

WARNING: Failed to resolve file /com/google/common/primitives/UnsignedBytes$LexicographicalComparatorHolder$UnsafeComparator.class with "No such file or directory" 

WARNING: Failed to resolve file /com/google/common/reflect/ImmutableTypeToInstanceMap.class with "No such file or directory" 

WARNING: Failed to resolve file /com/google/common/reflect/TypeToInstanceMap.class with "No such file or directory" 

WARNING: Failed to resolve file /com/google/common/reflect/TypeVisitor.class with "No such file or directory" 

WARNING: Failed to resolve file /com/google/common/reflect/Types.class with "No such file or directory" 

WARNING: Failed to resolve file /com/google/common/util/concurrent/AbstractFuture$TrustedFuture.class with "No such file or directory" 

WARNING: Failed to resolve file /com/google/common/util/concurrent/AbstractScheduledService$ServiceDelegate$2.class with "No such file or directory" 

WARNING: Failed to resolve file /com/google/common/util/concurrent/AggregateFuture$RunningState.class with "No such file or directory" 

WARNING: Failed to resolve file /com/google/common/util/concurrent/CollectionFuture$ListFuture.class with "No such file or directory" 

WARNING: Failed to resolve file /com/google/common/util/concurrent/CycleDetectingLockFactory$WithExplicitOrdering.class with "No such file or directory" 

WARNING: Failed to resolve file /com/google/common/util/concurrent/ForwardingFluentFuture.class with "No such file or directory" 

WARNING: Failed to resolve file /com/google/common/util/concurrent/FuturesGetChecked$GetCheckedTypeValidatorHolder$ClassValueValidator$1.class with "No such file or directory" 

WARNING: Failed to resolve file /com/google/common/util/concurrent/ListenableScheduledFuture.class with "No such file or directory" 

WARNING: Failed to resolve file /com/google/common/util/concurrent/MoreExecutors$ScheduledListeningDecorator.class with "No such file or directory" 

WARNING: Failed to resolve file /com/google/common/util/concurrent/Service$State$6.class with "No such file or directory" 

WARNING: Failed to resolve file /com/google/common/util/concurrent/SmoothRateLimiter$SmoothBursty.class with "No such file or directory" 

WARNING: Failed to resolve file /com/google/common/util/concurrent/ThreadFactoryBuilder.class with "No such file or directory" 

WARNING: Failed to resolve file /com/google/common/xml/package-info.class with "No such file or directory" 

WARNING: Failed to resolve file /net/bytebuddy/NamingStrategy$Suffixing$BaseNameResolver$WithCallerSuffix.class with "No such file or directory" 

WARNING: Failed to resolve file /net/bytebuddy/agent/builder/AgentBuilder$CircularityLock$Global.class with "No such file or directory" 

WARNING: Failed to resolve file /net/bytebuddy/agent/builder/AgentBuilder$Default$Redefining$WithResubmission.class with "No such file or directory" 

WARNING: Failed to resolve file /net/bytebuddy/agent/builder/AgentBuilder$DescriptionStrategy$SuperTypeLoading.class with "No such file or directory" 

WARNING: Failed to resolve file /net/bytebuddy/agent/builder/AgentBuilder$InitializationStrategy.class with "No such file or directory" 

WARNING: Failed to resolve file /net/bytebuddy/agent/builder/AgentBuilder$LambdaInstrumentationStrategy$LambdaInstanceFactory$FactoryImplementation.class with "No such file or directory" 

WARNING: Failed to resolve file /net/bytebuddy/agent/builder/AgentBuilder$Listener$StreamWriting.class with "No such file or directory" 

WARNING: Failed to resolve file /net/bytebuddy/agent/builder/AgentBuilder$PoolStrategy$Eager.class with "No such file or directory" 

WARNING: Failed to resolve file /net/bytebuddy/agent/builder/AgentBuilder$RedefinitionListenable$ResubmissionOnErrorMatcher.class with "No such file or directory" 

WARNING: Failed to resolve file /net/bytebuddy/agent/builder/AgentBuilder$RedefinitionStrategy$DiscoveryStrategy$Explicit.class with "No such file or directory" 

WARNING: Failed to resolve file /net/bytebuddy/agent/builder/AgentBuilder$RedefinitionStrategy$Listener$Yielding.class with "No such file or directory" 

WARNING: Failed to resolve file /net/bytebuddy/agent/builder/AgentBuilder$Transformer$ForAdvice$Entry$ForSplitAdvice.class with "No such file or directory" 

WARNING: Failed to resolve file /net/bytebuddy/agent/builder/package-info.class with "No such file or directory" 

WARNING: Failed to resolve file /net/bytebuddy/asm/Advice$ArgumentHandler$ForInstrumentedMethod.class with "No such file or directory" 

WARNING: Failed to resolve file /net/bytebuddy/asm/Advice$AssignReturned$ToAllArguments$Handler.class with "No such file or directory" 

WARNING: Failed to resolve file /net/bytebuddy/asm/Advice$Delegator$ForStaticInvocation.class with "No such file or directory" 

WARNING: Failed to resolve file /net/bytebuddy/asm/Advice$Dispatcher$Inlining$Resolved$ForMethodEnter$WithRetainedEnterType.class with "No such file or directory" 

WARNING: Failed to resolve file /net/bytebuddy/asm/Advice$Dispatcher$RelocationHandler.class with "No such file or directory" 

WARNING: Failed to resolve file /net/bytebuddy/asm/Advice$Local.class with "No such file or directory" 

WARNING: Failed to resolve file /net/bytebuddy/asm/Advice$OffsetMapping$ForEnterValue$Factory.class with "No such file or directory" 

WARNING: Failed to resolve file /net/bytebuddy/asm/Advice$OffsetMapping$ForOrigin$Renderer$ForJavaSignature.class with "No such file or directory" 

WARNING: Failed to resolve file /net/bytebuddy/asm/Advice$OffsetMapping$ForThrowable.class with "No such file or directory" 

WARNING: Failed to resolve file /net/bytebuddy/asm/Advice$OffsetMapping$Target$ForVariable.class with "No such file or directory" 

WARNING: Failed to resolve file /net/bytebuddy/asm/Advice$StackMapFrameHandler$Default$TranslationMode.class with "No such file or directory" 

WARNING: Failed to resolve file /net/bytebuddy/asm/AsmVisitorWrapper$ForDeclaredFields$FieldVisitorWrapper.class with "No such file or directory" 

WARNING: Failed to resolve file /net/bytebuddy/asm/MemberAttributeExtension$ForField$FieldAttributeVisitor.class with "No such file or directory" 

WARNING: Failed to resolve file /net/bytebuddy/asm/MemberSubstitution$Substitution$Chain$Factory.class with "No such file or directory" 

WARNING: Failed to resolve file /net/bytebuddy/asm/MemberSubstitution$Substitution.class with "No such file or directory" 

WARNING: Failed to resolve file /net/bytebuddy/asm/package-info.class with "No such file or directory" 

WARNING: Failed to resolve file /net/bytebuddy/build/CachedReturnPlugin$Advice$float.class with "No such file or directory" 

WARNING: Failed to resolve file /net/bytebuddy/build/HashCodeAndEqualsPlugin$Enhance$InvokeSuper$3.class with "No such file or directory" 

WARNING: Failed to resolve file /net/bytebuddy/build/Plugin$Engine$Dispatcher$ForParallelTransformation$WithThrowawayExecutorService.class with "No such file or directory" 

WARNING: Failed to resolve file /net/bytebuddy/build/Plugin$Engine$Listener$Adapter.class with "No such file or directory" 

WARNING: Failed to resolve file /net/bytebuddy/build/Plugin$Engine$Source$ForFolder.class with "No such file or directory" 

WARNING: Failed to resolve file /net/bytebuddy/build/Plugin$Engine$TypeStrategy$Default.class with "No such file or directory" 

WARNING: Failed to resolve file /net/bytebuddy/build/Plugin$NoOp.class with "No such file or directory" 

WARNING: Failed to resolve file /net/bytebuddy/description/ModifierReviewable$ForParameterDescription.class with "No such file or directory" 

WARNING: Failed to resolve file /net/bytebuddy/description/annotation/AnnotationDescription$Latent.class with "No such file or directory" 

WARNING: Failed to resolve file /net/bytebuddy/description/annotation/AnnotationValue$ForConstant$PropertyDelegate$ForArrayType$3.class with "No such file or directory" 

WARNING: Failed to resolve file /net/bytebuddy/description/annotation/AnnotationValue$ForDescriptionArray.class with "No such file or directory" 

WARNING: Failed to resolve file /net/bytebuddy/description/annotation/AnnotationValue$RenderingDispatcher$3.class with "No such file or directory" 

WARNING: Failed to resolve file /net/bytebuddy/description/field/FieldDescription$TypeSubstituting.class with "No such file or directory" 

WARNING: Failed to resolve file /net/bytebuddy/description/method/MethodDescription$Token.class with "No such file or directory" 

WARNING: Failed to resolve file /net/bytebuddy/description/method/ParameterDescription$InDefinedShape$AbstractBase.class with "No such file or directory" 

WARNING: Failed to resolve file /net/bytebuddy/description/method/package-info.class with "No such file or directory" 

WARNING: Failed to resolve file /net/bytebuddy/description/modifier/Visibility.class with "No such file or directory" 

WARNING: Failed to resolve file /net/bytebuddy/description/type/RecordComponentList$ForTokens.class with "No such file or directory" 

WARNING: Failed to resolve file /net/bytebuddy/description/type/TypeDescription$Generic$AnnotationReader$Delegator$ForLoadedField$Dispatcher.class with "No such file or directory" 

WARNING: Failed to resolve file /net/bytebuddy/description/type/TypeDescription$Generic$AnnotationReader$ForWildcardLowerBoundType.class with "No such file or directory" 

WARNING: Failed to resolve file /net/bytebuddy/description/type/TypeDescription$Generic$LazyProjection$WithLazyNavigation$LazySuperClass.class with "No such file or directory" 

WARNING: Failed to resolve file /net/bytebuddy/description/type/TypeDescription$Generic$OfParameterizedType$RenderingDelegate.class with "No such file or directory" 

WARNING: Failed to resolve file /net/bytebuddy/description/type/TypeDescription$Generic$Visitor$Assigner$Dispatcher$ForParameterizedType.class with "No such file or directory" 

WARNING: Failed to resolve file /net/bytebuddy/description/type/TypeDescription$Generic$Visitor$TypeErasing.class with "No such file or directory" 

WARNING: Failed to resolve file /net/bytebuddy/description/type/TypeList$Generic$AbstractBase.class with "No such file or directory" 

WARNING: Failed to resolve file /net/bytebuddy/dynamic/ClassFileLocator$ForClassLoader$WeaklyReferenced.class with "No such file or directory" 

WARNING: Failed to resolve file /net/bytebuddy/dynamic/ClassFileLocator$ForUrl.class with "No such file or directory" 

WARNING: Failed to resolve file /net/bytebuddy/dynamic/DynamicType$Builder$AbstractBase$Adapter$RecordComponentMatchAdapter.class with "No such file or directory" 

WARNING: Failed to resolve file /net/bytebuddy/dynamic/DynamicType$Builder$MethodDefinition$ImplementationDefinition.class with "No such file or directory" 

WARNING: Failed to resolve file /net/bytebuddy/dynamic/DynamicType$Builder$RecordComponentDefinition$Optional$AbstractBase.class with "No such file or directory" 

WARNING: Failed to resolve file /net/bytebuddy/dynamic/Transformer$ForField$FieldModifierTransformer.class with "No such file or directory" 

WARNING: Failed to resolve file /net/bytebuddy/dynamic/VisibilityBridgeStrategy$Default$3.class with "No such file or directory" 

WARNING: Failed to resolve file /net/bytebuddy/dynamic/loading/ByteArrayClassLoader$SynchronizationStrategy$ForJava8CapableVm.class with "No such file or directory" 

WARNING: Failed to resolve file /net/bytebuddy/dynamic/loading/ClassInjector$UsingJna$Dispatcher.class with "No such file or directory" 

WARNING: Failed to resolve file /net/bytebuddy/dynamic/loading/ClassInjector$UsingUnsafe$Dispatcher$Initializable.class with "No such file or directory" 

WARNING: Failed to resolve file /net/bytebuddy/dynamic/loading/ClassReloadingStrategy$BootstrapInjection.class with "No such file or directory" 

WARNING: Failed to resolve file /net/bytebuddy/dynamic/loading/PackageDefinitionStrategy$ManifestReading.class with "No such file or directory" 

WARNING: Failed to resolve file /net/bytebuddy/dynamic/scaffold/FieldLocator$Resolution$Illegal.class with "No such file or directory" 

WARNING: Failed to resolve file /net/bytebuddy/dynamic/scaffold/InstrumentedType.class with "No such file or directory" 

WARNING: Failed to resolve file /net/bytebuddy/dynamic/scaffold/MethodGraph$Compiler$ForDeclaredMethods.class with "No such file or directory" 

WARNING: Failed to resolve file /net/bytebuddy/dynamic/scaffold/MethodRegistry$Handler$ForAnnotationValue.class with "No such file or directory" 

WARNING: Failed to resolve file /net/bytebuddy/dynamic/scaffold/TypeWriter$Default$ClassDumpAction$Dispatcher$Disabled.class with "No such file or directory" 

WARNING: Failed to resolve file /net/bytebuddy/dynamic/scaffold/TypeWriter$Default$ForInlining$WithFullProcessing$InitializationHandler$Appending$WithoutDrain.class with "No such file or directory" 

WARNING: Failed to resolve file /net/bytebuddy/dynamic/scaffold/TypeWriter$Default$ValidatingClassVisitor$Constraint.class with "No such file or directory" 

WARNING: Failed to resolve file /net/bytebuddy/dynamic/scaffold/TypeWriter$MethodPool$Record.class with "No such file or directory" 

WARNING: Failed to resolve file /net/bytebuddy/dynamic/scaffold/inline/MethodRebaseResolver$Resolution.class with "No such file or directory" 

WARNING: Failed to resolve file /net/bytebuddy/dynamic/scaffold/subclass/SubclassImplementationTarget$1.class with "No such file or directory" 

WARNING: Failed to resolve file /net/bytebuddy/implementation/EqualsMethod$SuperClassCheck.class with "No such file or directory" 

WARNING: Failed to resolve file /net/bytebuddy/implementation/EqualsMethod$ValueComparator$9.class with "No such file or directory" 

WARNING: Failed to resolve file /net/bytebuddy/implementation/FieldAccessor$ForSetter$OfDefaultValue.class with "No such file or directory" 

WARNING: Failed to resolve file /net/bytebuddy/implementation/FixedValue$ForValue.class with "No such file or directory" 

WARNING: Failed to resolve file /net/bytebuddy/implementation/HashCodeMethod$ValueTransformer$4.class with "No such file or directory" 

WARNING: Failed to resolve file /net/bytebuddy/implementation/Implementation$Context$Default$FieldGetterDelegation.class with "No such file or directory" 

WARNING: Failed to resolve file /net/bytebuddy/implementation/Implementation$SpecialMethodInvocation.class with "No such file or directory" 

WARNING: Failed to resolve file /net/bytebuddy/implementation/InvokeDynamic$InvocationProvider$ArgumentProvider$ConstantPoolWrapper$4.class with "No such file or directory" 

WARNING: Failed to resolve file /net/bytebuddy/implementation/InvokeDynamic$InvocationProvider$ArgumentProvider$ForLongConstant.class with "No such file or directory" 

WARNING: Failed to resolve file /net/bytebuddy/implementation/InvokeDynamic$InvocationProvider.class with "No such file or directory" 

WARNING: Failed to resolve file /net/bytebuddy/implementation/MethodCall$ArgumentLoader$Factory.class with "No such file or directory" 

WARNING: Failed to resolve file /net/bytebuddy/implementation/MethodCall$ArgumentLoader$ForThisReference$Factory.class with "No such file or directory" 

WARNING: Failed to resolve file /net/bytebuddy/implementation/MethodCall$MethodLocator.class with "No such file or directory" 

WARNING: Failed to resolve file /net/bytebuddy/implementation/MethodCall$TargetHandler.class with "No such file or directory" 

WARNING: Failed to resolve file /net/bytebuddy/implementation/MethodDelegation$ImplementationDelegate$ForField.class with "No such file or directory" 

WARNING: Failed to resolve file /net/bytebuddy/implementation/ToStringMethod$PrefixResolver.class with "No such file or directory" 

WARNING: Failed to resolve file /net/bytebuddy/implementation/ToStringMethod.class with "No such file or directory" 

WARNING: Failed to resolve file /net/bytebuddy/implementation/attribute/FieldAttributeAppender$Factory.class with "No such file or directory" 

WARNING: Failed to resolve file /net/bytebuddy/implementation/attribute/RecordComponentAttributeAppender$Factory.class with "No such file or directory" 

WARNING: Failed to resolve file /net/bytebuddy/implementation/auxiliary/MethodCallProxy$MethodCall$Appender.class with "No such file or directory" 

WARNING: Failed to resolve file /net/bytebuddy/implementation/auxiliary/package-info.class with "No such file or directory" 

WARNING: Failed to resolve file /net/bytebuddy/implementation/bind/MethodDelegationBinder$MethodInvoker.class with "No such file or directory" 

WARNING: Failed to resolve file /net/bytebuddy/implementation/bind/annotation/Argument$BindingMechanic$2.class with "No such file or directory" 

WARNING: Failed to resolve file /net/bytebuddy/implementation/bind/annotation/Empty$Binder.class with "No such file or directory" 

WARNING: Failed to resolve file /net/bytebuddy/implementation/bind/annotation/FieldValue$Binder.class with "No such file or directory" 

WARNING: Failed to resolve file /net/bytebuddy/implementation/bind/annotation/Pipe$Binder$RedirectionProxy$MethodCall.class with "No such file or directory" 

WARNING: Failed to resolve file /net/bytebuddy/implementation/bind/annotation/SuperMethod$Binder.class with "No such file or directory" 

WARNING: Failed to resolve file /net/bytebuddy/implementation/bytecode/ByteCodeAppender.class with "No such file or directory" 

WARNING: Failed to resolve file /net/bytebuddy/implementation/bytecode/StackManipulation$Size.class with "No such file or directory" 

WARNING: Failed to resolve file /net/bytebuddy/implementation/bytecode/assign/primitive/PrimitiveUnboxingDelegate$ExplicitlyTypedUnboxingResponsible.class with "No such file or directory" 

WARNING: Failed to resolve file /net/bytebuddy/implementation/bytecode/collection/ArrayFactory$ArrayCreator$ForPrimitiveType.class with "No such file or directory" 

WARNING: Failed to resolve file /net/bytebuddy/implementation/bytecode/constant/JavaConstantValue$Visitor.class with "No such file or directory" 

WARNING: Failed to resolve file /net/bytebuddy/implementation/bytecode/member/FieldAccess$Defined.class with "No such file or directory" 

WARNING: Failed to resolve file /net/bytebuddy/implementation/bytecode/member/package-info.class with "No such file or directory" 

WARNING: Failed to resolve file /net/bytebuddy/jar/asm/Handler.class with "No such file or directory" 

WARNING: Failed to resolve file /net/bytebuddy/jar/asm/commons/ModuleRemapper.class with "No such file or directory" 

WARNING: Failed to resolve file /net/bytebuddy/matcher/CollectionSizeMatcher.class with "No such file or directory" 

WARNING: Failed to resolve file /net/bytebuddy/matcher/HasSuperClassMatcher.class with "No such file or directory" 

WARNING: Failed to resolve file /net/bytebuddy/matcher/MethodSortMatcher$1.class with "No such file or directory" 

WARNING: Failed to resolve file /net/bytebuddy/matcher/StringMatcher$Mode$5.class with "No such file or directory" 

WARNING: Failed to resolve file /net/bytebuddy/pool/TypePool$CacheProvider$Simple$UsingSoftReference.class with "No such file or directory" 

WARNING: Failed to resolve file /net/bytebuddy/pool/TypePool$Default$GenericTypeExtractor$ForSignature$OfMethod$ParameterTypeRegistrant.class with "No such file or directory" 

WARNING: Failed to resolve file /net/bytebuddy/pool/TypePool$Default$LazyTypeDescription$AnnotationToken.class with "No such file or directory" 

WARNING: Failed to resolve file /net/bytebuddy/pool/TypePool$Default$LazyTypeDescription$GenericTypeToken$ForUnboundWildcard.class with "No such file or directory" 

WARNING: Failed to resolve file /net/bytebuddy/pool/TypePool$Default$LazyTypeDescription$LazyAnnotationDescription.class with "No such file or directory" 

WARNING: Failed to resolve file /net/bytebuddy/pool/TypePool$Default$LazyTypeDescription$MethodTokenList.class with "No such file or directory" 

WARNING: Failed to resolve file /net/bytebuddy/pool/TypePool$Default$TypeExtractor.class with "No such file or directory" 

WARNING: Failed to resolve file /net/bytebuddy/utility/FileSystem$ForNio2CapableVm$Files.class with "No such file or directory" 

WARNING: Failed to resolve file /net/bytebuddy/utility/JavaConstant$Simple$Dispatcher$OfMethodHandleDesc.class with "No such file or directory" 

WARNING: Failed to resolve file /net/bytebuddy/utility/dispatcher/JavaDispatcher$Container.class with "No such file or directory" 

WARNING: Failed to resolve file /net/bytebuddy/utility/dispatcher/JavaDispatcher$IsStatic.class with "No such file or directory" 

WARNING: Failed to resolve file /net/bytebuddy/utility/visitor/StackAwareMethodVisitor$1.class with "No such file or directory" 

WARNING: Failed to resolve file /org/apache/lucene/analysis/CharArrayMap$MapEntry.class with "No such file or directory" 

WARNING: Failed to resolve file /org/apache/lucene/analysis/TokenStream.class with "No such file or directory" 

WARNING: Failed to resolve file /org/apache/lucene/analysis/tokenattributes/OffsetAttribute.class with "No such file or directory" 

WARNING: Failed to resolve file /org/apache/lucene/codecs/BufferingKnnVectorsWriter$BufferedFloatVectorValues.class with "No such file or directory" 

WARNING: Failed to resolve file /org/apache/lucene/codecs/DocValuesConsumer$8$1.class with "No such file or directory" 

WARNING: Failed to resolve file /org/apache/lucene/codecs/KnnVectorsFormat.class with "No such file or directory" 

WARNING: Failed to resolve file /org/apache/lucene/codecs/PointsFormat.class with "No such file or directory" 

WARNING: Failed to resolve file /org/apache/lucene/codecs/TermVectorsWriter$TermVectorsMergeSub.class with "No such file or directory" 

WARNING: Failed to resolve file /org/apache/lucene/codecs/hnsw/FlatFieldVectorsWriter.class with "No such file or directory" 

WARNING: Failed to resolve file /org/apache/lucene/codecs/lucene90/LZ4WithPresetDictCompressionMode$LZ4WithPresetDictCompressor.class with "No such file or directory" 

WARNING: Failed to resolve file /org/apache/lucene/codecs/lucene90/Lucene90DocValuesProducer$13.class with "No such file or directory" 

WARNING: Failed to resolve file /org/apache/lucene/codecs/lucene90/Lucene90DocValuesProducer$7.class with "No such file or directory" 

WARNING: Failed to resolve file /org/apache/lucene/codecs/lucene90/Lucene90NormsProducer$1.class with "No such file or directory" 

WARNING: Failed to resolve file /org/apache/lucene/codecs/lucene90/Lucene90StoredFieldsFormat.class with "No such file or directory" 

WARNING: Failed to resolve file /org/apache/lucene/codecs/lucene90/compressing/FieldsIndex.class with "No such file or directory" 

WARNING: Failed to resolve file /org/apache/lucene/codecs/lucene90/compressing/Lucene90CompressingTermVectorsWriter$DocData.class with "No such file or directory" 

WARNING: Failed to resolve file /org/apache/lucene/codecs/lucene912/Lucene912PostingsWriter.class with "No such file or directory" 

WARNING: Failed to resolve file /org/apache/lucene/codecs/lucene99/Lucene99FlatVectorsFormat.class with "No such file or directory" 

WARNING: Failed to resolve file /org/apache/lucene/codecs/lucene99/Lucene99ScalarQuantizedVectorScorer$DotProduct.class with "No such file or directory" 

WARNING: Failed to resolve file /org/apache/lucene/codecs/lucene99/OffHeapQuantizedByteVectorValues$DenseOffHeapVectorValues.class with "No such file or directory" 

WARNING: Failed to resolve file /org/apache/lucene/codecs/perfield/PerFieldPostingsFormat$FieldsWriter.class with "No such file or directory" 

WARNING: Failed to resolve file /org/apache/lucene/document/Document.class with "No such file or directory" 

WARNING: Failed to resolve file /org/apache/lucene/document/FeatureField$SaturationFunction.class with "No such file or directory" 

WARNING: Failed to resolve file /org/apache/lucene/document/FloatRange.class with "No such file or directory" 

WARNING: Failed to resolve file /org/apache/lucene/document/KnnFloatVectorField.class with "No such file or directory" 

WARNING: Failed to resolve file /org/apache/lucene/document/LatLonPointDistanceFeatureQuery$DistanceScorer.class with "No such file or directory" 

WARNING: Failed to resolve file /org/apache/lucene/document/LatLonShapeQuery$2.class with "No such file or directory" 

WARNING: Failed to resolve file /org/apache/lucene/document/RangeFieldQuery$1$3.class with "No such file or directory" 

WARNING: Failed to resolve file /org/apache/lucene/document/SortedDocValuesField.class with "No such file or directory" 

WARNING: Failed to resolve file /org/apache/lucene/document/SpatialQuery$3.class with "No such file or directory" 

WARNING: Failed to resolve file /org/apache/lucene/document/XYPointField.class with "No such file or directory" 

WARNING: Failed to resolve file /org/apache/lucene/geo/ComponentTree.class with "No such file or directory" 

WARNING: Failed to resolve file /org/apache/lucene/geo/SimpleWKTShapeParser.class with "No such file or directory" 

WARNING: Failed to resolve file /org/apache/lucene/index/BinaryDocValues.class with "No such file or directory" 

WARNING: Failed to resolve file /org/apache/lucene/index/CheckIndex$1.class with "No such file or directory" 

WARNING: Failed to resolve file /org/apache/lucene/index/CodecReader$1.class with "No such file or directory" 

WARNING: Failed to resolve file /org/apache/lucene/index/DocValuesFieldUpdates$1.class with "No such file or directory" 

WARNING: Failed to resolve file /org/apache/lucene/index/DocumentsWriterDeleteQueue$DeleteSlice.class with "No such file or directory" 

WARNING: Failed to resolve file /org/apache/lucene/index/ExitableDirectoryReader$ExitableFilterAtomicReader$5.class with "No such file or directory" 

WARNING: Failed to resolve file /org/apache/lucene/index/FieldTermIterator.class with "No such file or directory" 

WARNING: Failed to resolve file /org/apache/lucene/index/FilterVectorValues.class with "No such file or directory" 

WARNING: Failed to resolve file /org/apache/lucene/index/FreqProxTermsWriterPerField.class with "No such file or directory" 

WARNING: Failed to resolve file /org/apache/lucene/index/IndexReader.class with "No such file or directory" 

WARNING: Failed to resolve file /org/apache/lucene/index/IndexWriter$DocModifier.class with "No such file or directory" 

WARNING: Failed to resolve file /org/apache/lucene/index/IndexingChain.class with "No such file or directory" 

WARNING: Failed to resolve file /org/apache/lucene/index/MergePolicy$OneMerge.class with "No such file or directory" 

WARNING: Failed to resolve file /org/apache/lucene/index/MultiPostingsEnum.class with "No such file or directory" 

WARNING: Failed to resolve file /org/apache/lucene/index/NumericDocValuesWriter$NumericDVs.class with "No such file or directory" 

WARNING: Failed to resolve file /org/apache/lucene/index/PointValues$1.class with "No such file or directory" 

WARNING: Failed to resolve file /org/apache/lucene/index/ReaderUtil.class with "No such file or directory" 

WARNING: Failed to resolve file /org/apache/lucene/index/SegmentMerger.class with "No such file or directory" 

WARNING: Failed to resolve file /org/apache/lucene/index/SlowCodecReaderWrapper.class with "No such file or directory" 

WARNING: Failed to resolve file /org/apache/lucene/index/SnapshotDeletionPolicy.class with "No such file or directory" 

WARNING: Failed to resolve file /org/apache/lucene/index/SortedNumericDocValuesWriter$LongValues.class with "No such file or directory" 

WARNING: Failed to resolve file /org/apache/lucene/index/SortingCodecReader$6.class with "No such file or directory" 

WARNING: Failed to resolve file /org/apache/lucene/index/StoredFieldVisitor$Status.class with "No such file or directory" 

WARNING: Failed to resolve file /org/apache/lucene/index/TermsEnumIndex$TermState.class with "No such file or directory" 

WARNING: Failed to resolve file /org/apache/lucene/index/VectorSimilarityFunction.class with "No such file or directory" 

WARNING: Failed to resolve file /org/apache/lucene/internal/hppc/IntArrayList$ValueIterator.class with "No such file or directory" 

WARNING: Failed to resolve file /org/apache/lucene/internal/hppc/IntIntHashMap$IntIntCursor.class with "No such file or directory" 

WARNING: Failed to resolve file /org/apache/lucene/internal/hppc/LongArrayList.class with "No such file or directory" 

WARNING: Failed to resolve file /org/apache/lucene/internal/hppc/LongObjectHashMap$LongObjectCursor.class with "No such file or directory" 

WARNING: Failed to resolve file /org/apache/lucene/search/AbstractKnnVectorQuery$DocAndScoreQuery$1$1.class with "No such file or directory" 

WARNING: Failed to resolve file /org/apache/lucene/search/BlendedTermQuery.class with "No such file or directory" 

WARNING: Failed to resolve file /org/apache/lucene/search/BooleanScorer$DocIdStreamView.class with "No such file or directory" 

WARNING: Failed to resolve file /org/apache/lucene/search/CachingCollector$ScoreCachingLeafCollector.class with "No such file or directory" 

WARNING: Failed to resolve file /org/apache/lucene/search/ConstantScoreScorer$1.class with "No such file or directory" 

WARNING: Failed to resolve file /org/apache/lucene/search/DisjunctionSumScorer.class with "No such file or directory" 

WARNING: Failed to resolve file /org/apache/lucene/search/DoubleValuesSource$2.class with "No such file or directory" 

WARNING: Failed to resolve file /org/apache/lucene/search/ExactPhraseMatcher$1$SubIterator.class with "No such file or directory" 

WARNING: Failed to resolve file /org/apache/lucene/search/FilterScorer.class with "No such file or directory" 

WARNING: Failed to resolve file /org/apache/lucene/search/IndexSearcher$CachingLeafSlicesSupplier.class with "No such file or directory" 

WARNING: Failed to resolve file /org/apache/lucene/search/KnnCollector.class with "No such file or directory" 

WARNING: Failed to resolve file /org/apache/lucene/search/LongValuesSource$ConstantLongValuesSource.class with "No such file or directory" 

WARNING: Failed to resolve file /org/apache/lucene/search/MaxNonCompetitiveBoostAttribute.class with "No such file or directory" 

WARNING: Failed to resolve file /org/apache/lucene/search/MultiPhraseQuery.class with "No such file or directory" 

WARNING: Failed to resolve file /org/apache/lucene/search/PhrasePositions.class with "No such file or directory" 

WARNING: Failed to resolve file /org/apache/lucene/search/PointRangeQuery$1$2.class with "No such file or directory" 

WARNING: Failed to resolve file /org/apache/lucene/search/RegexpQuery.class with "No such file or directory" 

WARNING: Failed to resolve file /org/apache/lucene/search/ScoringRewrite$ParallelArraysTermCollector.class with "No such file or directory" 

WARNING: Failed to resolve file /org/apache/lucene/search/SortField$Type.class with "No such file or directory" 

WARNING: Failed to resolve file /org/apache/lucene/search/SortedSetSelector$1.class with "No such file or directory" 

WARNING: Failed to resolve file /org/apache/lucene/search/TaskExecutor$TaskGroup$1.class with "No such file or directory" 

WARNING: Failed to resolve file /org/apache/lucene/search/TimeLimitingCollector$TimerThreadHolder.class with "No such file or directory" 

WARNING: Failed to resolve file /org/apache/lucene/search/TopScoreDocCollector$SimpleTopScoreDocCollector$1.class with "No such file or directory" 

WARNING: Failed to resolve file /org/apache/lucene/search/WANDScorer.class with "No such file or directory" 

WARNING: Failed to resolve file /org/apache/lucene/search/comparators/TermOrdValComparator$CompetitiveIterator$1.class with "No such file or directory" 

WARNING: Failed to resolve file /org/apache/lucene/search/similarities/BasicModelG.class with "No such file or directory" 

WARNING: Failed to resolve file /org/apache/lucene/search/similarities/LMJelinekMercerSimilarity.class with "No such file or directory" 

WARNING: Failed to resolve file /org/apache/lucene/search/similarities/SimilarityBase$BasicSimScorer.class with "No such file or directory" 

WARNING: Failed to resolve file /org/apache/lucene/store/ByteBuffersDirectory$1.class with "No such file or directory" 

WARNING: Failed to resolve file /org/apache/lucene/store/IndexInput.class with "No such file or directory" 

WARNING: Failed to resolve file /org/apache/lucene/store/NoLockFactory.class with "No such file or directory" 

WARNING: Failed to resolve file /org/apache/lucene/util/ArrayTimSorter.class with "No such file or directory" 

WARNING: Failed to resolve file /org/apache/lucene/util/Bits$MatchAllBits.class with "No such file or directory" 

WARNING: Failed to resolve file /org/apache/lucene/util/BytesRefHash$DirectBytesStartArray.class with "No such file or directory" 

WARNING: Failed to resolve file /org/apache/lucene/util/DocIdSetBuilder$BulkAdder.class with "No such file or directory" 

WARNING: Failed to resolve file /org/apache/lucene/util/IOUtils$1.class with "No such file or directory" 

WARNING: Failed to resolve file /org/apache/lucene/util/LongValues$1.class with "No such file or directory" 

WARNING: Failed to resolve file /org/apache/lucene/util/OfflineSorter$ByteSequencesWriter.class with "No such file or directory" 

WARNING: Failed to resolve file /org/apache/lucene/util/RamUsageEstimator.class with "No such file or directory" 

WARNING: Failed to resolve file /org/apache/lucene/util/SortableBytesRefArray.class with "No such file or directory" 

WARNING: Failed to resolve file /org/apache/lucene/util/Unwrappable.class with "No such file or directory" 

WARNING: Failed to resolve file /org/apache/lucene/util/automaton/DaciukMihovAutomatonBuilder.class with "No such file or directory" 

WARNING: Failed to resolve file /org/apache/lucene/util/automaton/RegExp$Kind.class with "No such file or directory" 

WARNING: Failed to resolve file /org/apache/lucene/util/bkd/BKDReader.class with "No such file or directory" 

WARNING: Failed to resolve file /org/apache/lucene/util/bkd/OfflinePointReader$OfflinePointValue.class with "No such file or directory" 

WARNING: Failed to resolve file /org/apache/lucene/util/fst/FST$Arc.class with "No such file or directory" 

WARNING: Failed to resolve file /org/apache/lucene/util/fst/NoOutputs.class with "No such file or directory" 

WARNING: Failed to resolve file /org/apache/lucene/util/graph/GraphTokenStreamFiniteStrings.class with "No such file or directory" 

WARNING: Failed to resolve file /org/apache/lucene/util/hnsw/HnswUtil$Component.class with "No such file or directory" 

WARNING: Failed to resolve file /org/apache/lucene/util/hnsw/RandomVectorScorerSupplier.class with "No such file or directory" 

WARNING: Failed to resolve file /org/apache/lucene/util/packed/BulkOperationPacked14.class with "No such file or directory" 

WARNING: Failed to resolve file /org/apache/lucene/util/packed/DeltaPackedLongValues.class with "No such file or directory" 

WARNING: Failed to resolve file /org/apache/lucene/util/packed/DirectReader.class with "No such file or directory" 

WARNING: Failed to resolve file /org/apache/lucene/util/packed/Packed64SingleBlock$Packed64SingleBlock8.class with "No such file or directory" 

WARNING: Failed to resolve file /org/apache/lucene/util/packed/PackedLongValues$Builder.class with "No such file or directory" 

WARNING: Failed to resolve file /org/bouncycastle/LICENSE.class with "No such file or directory" 

WARNING: Failed to resolve file /org/bouncycastle/asn1/ASN1GeneralizedTime$1.class with "No such file or directory" 

WARNING: Failed to resolve file /org/bouncycastle/asn1/ASN1OctetString.class with "No such file or directory" 

WARNING: Failed to resolve file /org/bouncycastle/asn1/ASN1T61String$1.class with "No such file or directory" 

WARNING: Failed to resolve file /org/bouncycastle/asn1/BERFactory.class with "No such file or directory" 

WARNING: Failed to resolve file /org/bouncycastle/asn1/DERFactory.class with "No such file or directory" 

WARNING: Failed to resolve file /org/bouncycastle/asn1/DERVisibleString.class with "No such file or directory" 

WARNING: Failed to resolve file /org/bouncycastle/asn1/anssi/ANSSINamedCurves$1.class with "No such file or directory" 

WARNING: Failed to resolve file /org/bouncycastle/asn1/cryptopro/ECGOST3410NamedCurves$4.class with "No such file or directory" 

WARNING: Failed to resolve file /org/bouncycastle/asn1/nist/NISTObjectIdentifiers.class with "No such file or directory" 

WARNING: Failed to resolve file /org/bouncycastle/asn1/pkcs/CertBag.class with "No such file or directory" 

WARNING: Failed to resolve file /org/bouncycastle/asn1/pkcs/RSAPrivateKey.class with "No such file or directory" 

WARNING: Failed to resolve file /org/bouncycastle/asn1/sec/SECNamedCurves$20.class with "No such file or directory" 

WARNING: Failed to resolve file /org/bouncycastle/asn1/sec/SECNamedCurves.class with "No such file or directory" 

WARNING: Failed to resolve file /org/bouncycastle/asn1/ua/DSTU4145Params.class with "No such file or directory" 

WARNING: Failed to resolve file /org/bouncycastle/asn1/x509/AltSignatureValue.class with "No such file or directory" 

WARNING: Failed to resolve file /org/bouncycastle/asn1/x509/DistributionPoint.class with "No such file or directory" 

WARNING: Failed to resolve file /org/bouncycastle/asn1/x509/OtherName.class with "No such file or directory" 

WARNING: Failed to resolve file /org/bouncycastle/asn1/x509/TBSCertificateStructure.class with "No such file or directory" 

WARNING: Failed to resolve file /org/bouncycastle/asn1/x509/qualified/BiometricData.class with "No such file or directory" 

WARNING: Failed to resolve file /org/bouncycastle/asn1/x9/X962NamedCurves$11.class with "No such file or directory" 

WARNING: Failed to resolve file /org/bouncycastle/asn1/x9/X962NamedCurves.class with "No such file or directory" 

WARNING: Failed to resolve file /org/bouncycastle/crypto/Commitment.class with "No such file or directory" 

WARNING: Failed to resolve file /org/bouncycastle/crypto/Digest.class with "No such file or directory" 

WARNING: Failed to resolve file /org/bouncycastle/crypto/RawAgreement.class with "No such file or directory" 

WARNING: Failed to resolve file /org/bouncycastle/crypto/agreement/ECDHCUnifiedAgreement.class with "No such file or directory" 

WARNING: Failed to resolve file /org/bouncycastle/crypto/agreement/kdf/GSKKDFParameters.class with "No such file or directory" 

WARNING: Failed to resolve file /org/bouncycastle/crypto/digests/AsconXof$AsconParameters.class with "No such file or directory" 

WARNING: Failed to resolve file /org/bouncycastle/crypto/digests/Kangaroo$KangarooParameters$Builder.class with "No such file or directory" 

WARNING: Failed to resolve file /org/bouncycastle/crypto/digests/RIPEMD320Digest.class with "No such file or directory" 

WARNING: Failed to resolve file /org/bouncycastle/crypto/digests/TigerDigest.class with "No such file or directory" 

WARNING: Failed to resolve file /org/bouncycastle/crypto/ec/CustomNamedCurves$20.class with "No such file or directory" 

WARNING: Failed to resolve file /org/bouncycastle/crypto/ec/ECDecryptor.class with "No such file or directory" 

WARNING: Failed to resolve file /org/bouncycastle/crypto/engines/ARIAWrapPadEngine.class with "No such file or directory" 

WARNING: Failed to resolve file /org/bouncycastle/crypto/engines/DSTU7624Engine.class with "No such file or directory" 

WARNING: Failed to resolve file /org/bouncycastle/crypto/engines/ISAPEngine$1.class with "No such file or directory" 

WARNING: Failed to resolve file /org/bouncycastle/crypto/engines/RC532Engine.class with "No such file or directory" 

WARNING: Failed to resolve file /org/bouncycastle/crypto/engines/SkipjackEngine.class with "No such file or directory" 

WARNING: Failed to resolve file /org/bouncycastle/crypto/engines/Zuc128Engine.class with "No such file or directory" 

WARNING: Failed to resolve file /org/bouncycastle/crypto/generators/DHBasicKeyPairGenerator.class with "No such file or directory" 

WARNING: Failed to resolve file /org/bouncycastle/crypto/generators/KDFFeedbackBytesGenerator.class with "No such file or directory" 

WARNING: Failed to resolve file /org/bouncycastle/crypto/io/CipherIOException.class with "No such file or directory" 

WARNING: Failed to resolve file /org/bouncycastle/crypto/macs/CMac.class with "No such file or directory" 

WARNING: Failed to resolve file /org/bouncycastle/crypto/macs/Zuc256Mac.class with "No such file or directory" 

WARNING: Failed to resolve file /org/bouncycastle/crypto/modes/GCMModeCipher.class with "No such file or directory" 

WARNING: Failed to resolve file /org/bouncycastle/crypto/modes/gcm/BasicGCMExponentiator.class with "No such file or directory" 

WARNING: Failed to resolve file /org/bouncycastle/crypto/paddings/ISO7816d4Padding.class with "No such file or directory" 

WARNING: Failed to resolve file /org/bouncycastle/crypto/params/DHKeyParameters.class with "No such file or directory" 

WARNING: Failed to resolve file /org/bouncycastle/crypto/params/ECKeyGenerationParameters.class with "No such file or directory" 

WARNING: Failed to resolve file /org/bouncycastle/crypto/params/GOST3410PublicKeyParameters.class with "No such file or directory" 

WARNING: Failed to resolve file /org/bouncycastle/crypto/params/ParametersWithSalt.class with "No such file or directory" 

WARNING: Failed to resolve file /org/bouncycastle/crypto/params/XDHUPrivateParameters.class with "No such file or directory" 

WARNING: Failed to resolve file /org/bouncycastle/crypto/prng/ThreadedSeedGenerator$SeedGenerator.class with "No such file or directory" 

WARNING: Failed to resolve file /org/bouncycastle/crypto/signers/ECNRSigner.class with "No such file or directory" 

WARNING: Failed to resolve file /org/bouncycastle/crypto/signers/RandomDSAKCalculator.class with "No such file or directory" 

WARNING: Failed to resolve file /org/bouncycastle/crypto/util/DigestFactory$10.class with "No such file or directory" 

WARNING: Failed to resolve file /org/bouncycastle/crypto/util/PBKDF2Config.class with "No such file or directory" 

WARNING: Failed to resolve file /org/bouncycastle/crypto/util/RadixConverter.class with "No such file or directory" 

WARNING: Failed to resolve file /org/bouncycastle/i18n/filter/HTMLFilter.class with "No such file or directory" 

WARNING: Failed to resolve file /org/bouncycastle/internal/asn1/misc/IDEACBCPar.class with "No such file or directory" 

WARNING: Failed to resolve file /org/bouncycastle/jcajce/CompositePublicKey.class with "No such file or directory" 

WARNING: Failed to resolve file /org/bouncycastle/jcajce/PKIXCertStoreSelector.class with "No such file or directory" 

WARNING: Failed to resolve file /org/bouncycastle/jcajce/io/SignatureUpdatingOutputStream.class with "No such file or directory" 

WARNING: Failed to resolve file /org/bouncycastle/jcajce/provider/asymmetric/EXTERNAL$Mappings.class with "No such file or directory" 

WARNING: Failed to resolve file /org/bouncycastle/jcajce/provider/asymmetric/SPHINCSPlus.class with "No such file or directory" 

WARNING: Failed to resolve file /org/bouncycastle/jcajce/provider/asymmetric/compositesignatures/KeyPairGeneratorSpi$MLDSA87_ECDSA_P384_SHA512.class with "No such file or directory" 

WARNING: Failed to resolve file /org/bouncycastle/jcajce/provider/asymmetric/compositesignatures/SignatureSpi.class with "No such file or directory" 

WARNING: Failed to resolve file /org/bouncycastle/jcajce/provider/asymmetric/dh/KeyAgreementSpi$DHwithRFC2631KDF.class with "No such file or directory" 

WARNING: Failed to resolve file /org/bouncycastle/jcajce/provider/asymmetric/dh/KeyAgreementSpi.class with "No such file or directory" 

WARNING: Failed to resolve file /org/bouncycastle/jcajce/provider/asymmetric/dsa/DSASigner$dsaSha3_224.class with "No such file or directory" 

WARNING: Failed to resolve file /org/bouncycastle/jcajce/provider/asymmetric/ec/GMCipherSpi$ErasableOutputStream.class with "No such file or directory" 

WARNING: Failed to resolve file /org/bouncycastle/jcajce/provider/asymmetric/ec/IESCipher$ECIESwithAESCBC.class with "No such file or directory" 

WARNING: Failed to resolve file /org/bouncycastle/jcajce/provider/asymmetric/ec/KeyAgreementSpi$CDHwithSHA384KDFAndSharedInfo.class with "No such file or directory" 

WARNING: Failed to resolve file /org/bouncycastle/jcajce/provider/asymmetric/ec/KeyAgreementSpi$DHwithSHA384CKDF.class with "No such file or directory" 

WARNING: Failed to resolve file /org/bouncycastle/jcajce/provider/asymmetric/ec/KeyAgreementSpi$MQVwithSHA384KDF.class with "No such file or directory" 

WARNING: Failed to resolve file /org/bouncycastle/jcajce/provider/asymmetric/ec/SignatureSpi$ecCVCDSA224.class with "No such file or directory" 

WARNING: Failed to resolve file /org/bouncycastle/jcajce/provider/asymmetric/ec/SignatureSpi$ecDetDSA.class with "No such file or directory" 

WARNING: Failed to resolve file /org/bouncycastle/jcajce/provider/asymmetric/ecgost/KeyFactorySpi.class with "No such file or directory" 

WARNING: Failed to resolve file /org/bouncycastle/jcajce/provider/asymmetric/edec/IESCipher$XIESwithCipher.class with "No such file or directory" 

WARNING: Failed to resolve file /org/bouncycastle/jcajce/provider/asymmetric/edec/KeyAgreementSpi$X448UwithSHA512CKDF.class with "No such file or directory" 

WARNING: Failed to resolve file /org/bouncycastle/jcajce/provider/asymmetric/edec/KeyPairGeneratorSpi$XDH.class with "No such file or directory" 

WARNING: Failed to resolve file /org/bouncycastle/jcajce/provider/asymmetric/gost/GOSTUtil.class with "No such file or directory" 

WARNING: Failed to resolve file /org/bouncycastle/jcajce/provider/asymmetric/rsa/DigestSignatureSpi$MD5.class with "No such file or directory" 

WARNING: Failed to resolve file /org/bouncycastle/jcajce/provider/asymmetric/rsa/ISOSignatureSpi$SHA256WithRSAEncryption.class with "No such file or directory" 

WARNING: Failed to resolve file /org/bouncycastle/jcajce/provider/asymmetric/rsa/PSSSignatureSpi$SHA384withRSA.class with "No such file or directory" 

WARNING: Failed to resolve file /org/bouncycastle/jcajce/provider/asymmetric/rsa/PSSSignatureSpi$SHA512withRSA.class with "No such file or directory" 

WARNING: Failed to resolve file /org/bouncycastle/jcajce/provider/asymmetric/util/BaseCipherSpi$1.class with "No such file or directory" 

WARNING: Failed to resolve file /org/bouncycastle/jcajce/provider/asymmetric/x509/KeyFactory.class with "No such file or directory" 

WARNING: Failed to resolve file /org/bouncycastle/jcajce/provider/asymmetric/x509/X509SignatureUtil.class with "No such file or directory" 

WARNING: Failed to resolve file /org/bouncycastle/jcajce/provider/digest/DSTU7564$Digest256.class with "No such file or directory" 

WARNING: Failed to resolve file /org/bouncycastle/jcajce/provider/digest/GOST3411$KeyGenerator2012_512.class with "No such file or directory" 

WARNING: Failed to resolve file /org/bouncycastle/jcajce/provider/digest/Keccak$KeyGenerator288.class with "No such file or directory" 

WARNING: Failed to resolve file /org/bouncycastle/jcajce/provider/digest/RIPEMD128$HashMac.class with "No such file or directory" 

WARNING: Failed to resolve file /org/bouncycastle/jcajce/provider/digest/SHA1$Digest.class with "No such file or directory" 

WARNING: Failed to resolve file /org/bouncycastle/jcajce/provider/digest/SHA3$Digest512.class with "No such file or directory" 

WARNING: Failed to resolve file /org/bouncycastle/jcajce/provider/digest/SHA3$KeyGenerator512.class with "No such file or directory" 

WARNING: Failed to resolve file /org/bouncycastle/jcajce/provider/digest/SHA512$OldSHA512.class with "No such file or directory" 

WARNING: Failed to resolve file /org/bouncycastle/jcajce/provider/digest/Skein$Digest_512_384.class with "No such file or directory" 

WARNING: Failed to resolve file /org/bouncycastle/jcajce/provider/digest/Skein$HashMac_256_256.class with "No such file or directory" 

WARNING: Failed to resolve file /org/bouncycastle/jcajce/provider/digest/Skein$SkeinMac_1024_1024.class with "No such file or directory" 

WARNING: Failed to resolve file /org/bouncycastle/jcajce/provider/digest/Tiger.class with "No such file or directory" 

WARNING: Failed to resolve file /org/bouncycastle/jcajce/provider/drbg/DRBG$OneShotHybridEntropySource.class with "No such file or directory" 

WARNING: Failed to resolve file /org/bouncycastle/jcajce/provider/keystore/bc/BcKeyStoreSpi$Version1.class with "No such file or directory" 

WARNING: Failed to resolve file /org/bouncycastle/jcajce/provider/keystore/pkcs12/PKCS12KeyStoreSpi$DefPKCS12KeyStore3DES.class with "No such file or directory" 

WARNING: Failed to resolve file /org/bouncycastle/jcajce/provider/symmetric/AES$AlgParamsGCM.class with "No such file or directory" 

WARNING: Failed to resolve file /org/bouncycastle/jcajce/provider/symmetric/AES$PBEWithSHA256AESCBC128.class with "No such file or directory" 

WARNING: Failed to resolve file /org/bouncycastle/jcajce/provider/symmetric/ARC4$PBEWithSHAAnd40Bit.class with "No such file or directory" 

WARNING: Failed to resolve file /org/bouncycastle/jcajce/provider/symmetric/ARIA$Poly1305.class with "No such file or directory" 

WARNING: Failed to resolve file /org/bouncycastle/jcajce/provider/symmetric/CAST6$ECB$1.class with "No such file or directory" 

WARNING: Failed to resolve file /org/bouncycastle/jcajce/provider/symmetric/Camellia$Poly1305KeyGen.class with "No such file or directory" 

WARNING: Failed to resolve file /org/bouncycastle/jcajce/provider/symmetric/DES$DESCFB8.class with "No such file or directory" 

WARNING: Failed to resolve file /org/bouncycastle/jcajce/provider/symmetric/DESede$ECB.class with "No such file or directory" 

WARNING: Failed to resolve file /org/bouncycastle/jcajce/provider/symmetric/DSTU7624$CCM256.class with "No such file or directory" 

WARNING: Failed to resolve file /org/bouncycastle/jcajce/provider/symmetric/DSTU7624$GMAC256.class with "No such file or directory" 

WARNING: Failed to resolve file /org/bouncycastle/jcajce/provider/symmetric/GOST28147$GCFB.class with "No such file or directory" 

WARNING: Failed to resolve file /org/bouncycastle/jcajce/provider/symmetric/Grainv1$Base.class with "No such file or directory" 

WARNING: Failed to resolve file /org/bouncycastle/jcajce/provider/symmetric/IDEA$Mappings.class with "No such file or directory" 

WARNING: Failed to resolve file /org/bouncycastle/jcajce/provider/symmetric/PBEPBKDF2$BasePBKDF2.class with "No such file or directory" 

WARNING: Failed to resolve file /org/bouncycastle/jcajce/provider/symmetric/Poly1305.class with "No such file or directory" 

WARNING: Failed to resolve file /org/bouncycastle/jcajce/provider/symmetric/RC5$AlgParams.class with "No such file or directory" 

WARNING: Failed to resolve file /org/bouncycastle/jcajce/provider/symmetric/RC6$Poly1305KeyGen.class with "No such file or directory" 

WARNING: Failed to resolve file /org/bouncycastle/jcajce/provider/symmetric/SEED$Mappings.class with "No such file or directory" 

WARNING: Failed to resolve file /org/bouncycastle/jcajce/provider/symmetric/Serpent$AlgParams.class with "No such file or directory" 

WARNING: Failed to resolve file /org/bouncycastle/jcajce/provider/symmetric/Shacal2$ECB$1.class with "No such file or directory" 

WARNING: Failed to resolve file /org/bouncycastle/jcajce/provider/symmetric/Skipjack.class with "No such file or directory" 

WARNING: Failed to resolve file /org/bouncycastle/jcajce/provider/symmetric/Threefish$CMAC_512.class with "No such file or directory" 

WARNING: Failed to resolve file /org/bouncycastle/jcajce/provider/symmetric/VMPC$KeyGen.class with "No such file or directory" 

WARNING: Failed to resolve file /org/bouncycastle/jcajce/provider/symmetric/Zuc$Mappings.class with "No such file or directory" 

WARNING: Failed to resolve file /org/bouncycastle/jcajce/provider/symmetric/util/BaseWrapCipher$InvalidKeyOrParametersException.class with "No such file or directory" 

WARNING: Failed to resolve file /org/bouncycastle/jcajce/spec/AEADParameterSpec.class with "No such file or directory" 

WARNING: Failed to resolve file /org/bouncycastle/jcajce/spec/OpenSSHPrivateKeySpec.class with "No such file or directory" 

WARNING: Failed to resolve file /org/bouncycastle/jcajce/util/JcaJceUtils.class with "No such file or directory" 

WARNING: Failed to resolve file /org/bouncycastle/jce/exception/ExtCertificateEncodingException.class with "No such file or directory" 

WARNING: Failed to resolve file /org/bouncycastle/jce/provider/BouncyCastleProvider$1.class with "No such file or directory" 

WARNING: Failed to resolve file /org/bouncycastle/jce/provider/ExtCRLException.class with "No such file or directory" 

WARNING: Failed to resolve file /org/bouncycastle/jce/provider/PKIXCertPathBuilderSpi_8.class with "No such file or directory" 

WARNING: Failed to resolve file /org/bouncycastle/jce/provider/X509CertificateObject.class with "No such file or directory" 

WARNING: Failed to resolve file /org/bouncycastle/jce/spec/ElGamalPrivateKeySpec.class with "No such file or directory" 

WARNING: Failed to resolve file /org/bouncycastle/math/ec/ECCurve$Config.class with "No such file or directory" 

WARNING: Failed to resolve file /org/bouncycastle/math/ec/FixedPointUtil$1.class with "No such file or directory" 

WARNING: Failed to resolve file /org/bouncycastle/math/ec/WTauNafMultiplier.class with "No such file or directory" 

WARNING: Failed to resolve file /org/bouncycastle/math/ec/custom/sec/SecP160R1Curve$1.class with "No such file or directory" 

WARNING: Failed to resolve file /org/bouncycastle/math/ec/custom/sec/SecP224K1Curve.class with "No such file or directory" 

WARNING: Failed to resolve file /org/bouncycastle/math/ec/custom/sec/SecP384R1Field.class with "No such file or directory" 

WARNING: Failed to resolve file /org/bouncycastle/math/ec/custom/sec/SecT131R2Curve$1.class with "No such file or directory" 

WARNING: Failed to resolve file /org/bouncycastle/math/ec/custom/sec/SecT193R2Point.class with "No such file or directory" 

WARNING: Failed to resolve file /org/bouncycastle/math/ec/custom/sec/SecT283R1Point.class with "No such file or directory" 

WARNING: Failed to resolve file /org/bouncycastle/math/ec/endo/GLVEndomorphism.class with "No such file or directory" 

WARNING: Failed to resolve file /org/bouncycastle/math/ec/rfc8032/Ed25519$PointPrecomp.class with "No such file or directory" 

WARNING: Failed to resolve file /org/bouncycastle/math/field/FiniteField.class with "No such file or directory" 

WARNING: Failed to resolve file /org/bouncycastle/math/raw/Nat576.class with "No such file or directory" 

WARNING: Failed to resolve file /org/bouncycastle/pqc/asn1/SPHINCSPLUSPublicKey.class with "No such file or directory" 

WARNING: Failed to resolve file /org/bouncycastle/pqc/crypto/bike/BIKEKeyParameters.class with "No such file or directory" 

WARNING: Failed to resolve file /org/bouncycastle/pqc/crypto/cmce/Utils.class with "No such file or directory" 

WARNING: Failed to resolve file /org/bouncycastle/pqc/crypto/crystals/kyber/KyberEngine.class with "No such file or directory" 

WARNING: Failed to resolve file /org/bouncycastle/pqc/crypto/falcon/FalconConversions.class with "No such file or directory" 

WARNING: Failed to resolve file /org/bouncycastle/pqc/crypto/frodo/FrodoKEMExtractor.class with "No such file or directory" 

WARNING: Failed to resolve file /org/bouncycastle/pqc/crypto/gemss/GeMSSSigner.class with "No such file or directory" 

WARNING: Failed to resolve file /org/bouncycastle/pqc/crypto/hqc/FastFourierTransform.class with "No such file or directory" 

WARNING: Failed to resolve file /org/bouncycastle/pqc/crypto/lms/HSS.class with "No such file or directory" 

WARNING: Failed to resolve file /org/bouncycastle/pqc/crypto/lms/LMSPrivateKeyParameters$CacheKey.class with "No such file or directory" 

WARNING: Failed to resolve file /org/bouncycastle/pqc/crypto/newhope/NHSecretKeyProcessor$1.class with "No such file or directory" 

WARNING: Failed to resolve file /org/bouncycastle/pqc/crypto/ntru/OWCPAKeyPair.class with "No such file or directory" 

WARNING: Failed to resolve file /org/bouncycastle/pqc/crypto/picnic/LowmcConstants.class with "No such file or directory" 

WARNING: Failed to resolve file /org/bouncycastle/pqc/crypto/picnic/Tree.class with "No such file or directory" 

WARNING: Failed to resolve file /org/bouncycastle/pqc/crypto/saber/SABERKEMExtractor.class with "No such file or directory" 

WARNING: Failed to resolve file /org/bouncycastle/pqc/crypto/sphincs/SPHINCSPublicKeyParameters.class with "No such file or directory" 

WARNING: Failed to resolve file /org/bouncycastle/pqc/crypto/sphincsplus/SPHINCSPlusEngine$Shake256Engine.class with "No such file or directory" 

WARNING: Failed to resolve file /org/bouncycastle/pqc/crypto/util/PublicKeyFactory$CMCEConverter.class with "No such file or directory" 

WARNING: Failed to resolve file /org/bouncycastle/pqc/crypto/util/PublicKeyFactory.class with "No such file or directory" 

WARNING: Failed to resolve file /org/bouncycastle/pqc/crypto/xmss/WOTSPlusOid.class with "No such file or directory" 

WARNING: Failed to resolve file /org/bouncycastle/pqc/crypto/xmss/XMSSMTPublicKeyParameters.class with "No such file or directory" 

WARNING: Failed to resolve file /org/bouncycastle/pqc/crypto/xmss/XMSSStoreableObjectInterface.class with "No such file or directory" 

WARNING: Failed to resolve file /org/bouncycastle/pqc/jcajce/interfaces/KyberKey.class with "No such file or directory" 

WARNING: Failed to resolve file /org/bouncycastle/pqc/jcajce/interfaces/StateAwareSignature.class with "No such file or directory" 

WARNING: Failed to resolve file /org/bouncycastle/pqc/jcajce/provider/Kyber.class with "No such file or directory" 

WARNING: Failed to resolve file /org/bouncycastle/pqc/jcajce/provider/XMSS$Mappings.class with "No such file or directory" 

WARNING: Failed to resolve file /org/bouncycastle/pqc/jcajce/provider/cmce/CMCEKeyFactorySpi.class with "No such file or directory" 

WARNING: Failed to resolve file /org/bouncycastle/pqc/jcajce/provider/falcon/BCFalconPrivateKey.class with "No such file or directory" 

WARNING: Failed to resolve file /org/bouncycastle/pqc/jcajce/provider/hqc/BCHQCPublicKey.class with "No such file or directory" 

WARNING: Failed to resolve file /org/bouncycastle/pqc/jcajce/provider/kyber/KyberKeyFactorySpi$Kyber768_AES.class with "No such file or directory" 

WARNING: Failed to resolve file /org/bouncycastle/pqc/jcajce/provider/mceliece/McElieceCCA2KeyFactorySpi.class with "No such file or directory" 

WARNING: Failed to resolve file /org/bouncycastle/pqc/jcajce/provider/mceliece/McEliecePointchevalCipherSpi$McEliecePointcheval512.class with "No such file or directory" 

WARNING: Failed to resolve file /org/bouncycastle/pqc/jcajce/provider/ntruprime/NTRULPRimeKeyFactorySpi.class with "No such file or directory" 

WARNING: Failed to resolve file /org/bouncycastle/pqc/jcajce/provider/rainbow/RainbowKeyPairGeneratorSpi$RainbowIIIclassic.class with "No such file or directory" 

WARNING: Failed to resolve file /org/bouncycastle/pqc/jcajce/provider/sphincs/BCSphincs256PrivateKey.class with "No such file or directory" 

WARNING: Failed to resolve file /org/bouncycastle/pqc/jcajce/provider/sphincsplus/SPHINCSPlusKeyPairGeneratorSpi$Shake_256s.class with "No such file or directory" 

WARNING: Failed to resolve file /org/bouncycastle/pqc/jcajce/provider/xmss/XMSSMTKeyPairGeneratorSpi.class with "No such file or directory" 

WARNING: Failed to resolve file /org/bouncycastle/pqc/jcajce/provider/xmss/XMSSSignatureSpi$withShake256.class with "No such file or directory" 

WARNING: Failed to resolve file /org/bouncycastle/pqc/jcajce/spec/RainbowParameterSpec.class with "No such file or directory" 

WARNING: Failed to resolve file /org/bouncycastle/pqc/legacy/crypto/gmss/Treehash.class with "No such file or directory" 

WARNING: Failed to resolve file /org/bouncycastle/pqc/legacy/crypto/mceliece/McEliecePrivateKeyParameters.class with "No such file or directory" 

WARNING: Failed to resolve file /org/bouncycastle/pqc/legacy/crypto/ntru/NTRUSigningPrivateKeyParameters$Basis.class with "No such file or directory" 

WARNING: Failed to resolve file /org/bouncycastle/pqc/legacy/crypto/rainbow/RainbowParameters.class with "No such file or directory" 

WARNING: Failed to resolve file /org/bouncycastle/pqc/legacy/math/linearalgebra/GF2nPolynomial.class with "No such file or directory" 

WARNING: Failed to resolve file /org/bouncycastle/pqc/legacy/math/ntru/polynomial/Constants.class with "No such file or directory" 

WARNING: Failed to resolve file /org/bouncycastle/pqc/math/ntru/Polynomial.class with "No such file or directory" 

WARNING: Failed to resolve file /org/bouncycastle/util/IPAddress.class with "No such file or directory" 

WARNING: Failed to resolve file /org/bouncycastle/util/Times.class with "No such file or directory" 

WARNING: Failed to resolve file /org/bouncycastle/util/io/Streams.class with "No such file or directory" 

WARNING: Failed to resolve file /org/bouncycastle/util/test/TestFailedException.class with "No such file or directory" 

WARNING: Failed to resolve file /org/bouncycastle/x509/X509AttributeCertStoreSelector.class with "No such file or directory" 

WARNING: Failed to resolve file /org/bouncycastle/x509/util/LDAPStoreHelper.class with "No such file or directory" 

Found 542 (out of 11364) source files to analyze in /home/udesou/.bench-agent/git/macro-benches/vendor/.infer-capture-ocaml-5.5.1-46e1c32-fp
ondemand engine did not return the expected specialized summary
ondemand engine did not return the expected specialized summary
ondemand engine did not return the expected specialized summary
ondemand engine did not return the expected specialized summary
ondemand engine did not return the expected specialized summary
ondemand engine did not return the expected specialized summary
ondemand engine did not return the expected specialized summary
ondemand engine did not return the expected specialized summary
ondemand engine did not return the expected specialized summary
ondemand engine did not return the expected specialized summary
ondemand engine did not return the expected specialized summary
ondemand engine did not return the expected specialized summary
ondemand engine did not return the expected specialized summary
ondemand engine did not return the expected specialized summary
ondemand engine did not return the expected specialized summary
ondemand engine did not return the expected specialized summary
ondemand engine did not return the expected specialized summary
ondemand engine did not return the expected specialized summary
ondemand engine did not return the expected specialized summary
ondemand engine did not return the expected specialized summary
ondemand engine did not return the expected specialized summary
ondemand engine did not return the expected specialized summary
ondemand engine did not return the expected specialized summary
ondemand engine did not return the expected specialized summary
ondemand engine did not return the expected specialized summary
ondemand engine did not return the expected specialized summary
ondemand engine did not return the expected specialized summary
ondemand engine did not return the expected specialized summary
ondemand engine did not return the expected specialized summary
ondemand engine did not return the expected specialized summary
ondemand engine did not return the expected specialized summary
ondemand engine did not return the expected specialized summary
ondemand engine did not return the expected specialized summary
ondemand engine did not return the expected specialized summary
ondemand engine did not return the expected specialized summary
ondemand engine did not return the expected specialized summary
ondemand engine did not return the expected specialized summary
ondemand engine did not return the expected specialized summary
ondemand engine did not return the expected specialized summary
ondemand engine did not return the expected specialized summary
ondemand engine did not return the expected specialized summary
ondemand engine did not return the expected specialized summary
ondemand engine did not return the expected specialized summary
ondemand engine did not return the expected specialized summary
ondemand engine did not return the expected specialized summary
ondemand engine did not return the expected specialized summary
ondemand engine did not return the expected specialized summary
ondemand engine did not return the expected specialized summary
ondemand engine did not return the expected specialized summary
ondemand engine did not return the expected specialized summary
ondemand engine did not return the expected specialized summary
ondemand engine did not return the expected specialized summary
ondemand engine did not return the expected specialized summary
Could not read file /org/apache/lucene/util/RamUsageEstimator.class
Could not read file /org/bouncycastle/x509/util/LDAPStoreHelper.class
*****
{
  "rusage": {
    "user_time": 1062.423,
    "system_time": 77.807,
    "minor_faults": 2153499,
    "major_faults": 7,
    "voluntary_ctx_switches": 4676233,
    "involuntary_ctx_switches": 238579
  },
  "olly": {
    "version": 2,
    "wall_time": 376.84,
    "cpu_time": 2630.12,
    "gc_time": 160.6,
    "gc_overhead": 6.11,
    "max_rss_kb": 7271732,
    "domain_stats": {
      "0": {
        "wall_time": 376.84,
        "gc_time": 24.16,
        "gc_overhead": 6.41
      },
      "1": {
        "wall_time": 375.54,
        "gc_time": 38.55,
        "gc_overhead": 10.27
      },
      "2": {
        "wall_time": 375.54,
        "gc_time": 41.5,
        "gc_overhead": 11.05
      },
      "3": {
        "wall_time": 375.55,
        "gc_time": 14.66,
        "gc_overhead": 3.9
      },
      "4": {
        "wall_time": 375.54,
        "gc_time": 15.93,
        "gc_overhead": 4.24
      },
      "5": {
        "wall_time": 375.55,
        "gc_time": 13.3,
        "gc_overhead": 3.54
      },
      "6": {
        "wall_time": 375.55,
        "gc_time": 12.5,
        "gc_overhead": 3.33
      }
    },
    "mean_latency": 2.044821,
    "stddev_latency": 4.492784,
    "min_latency": 0.0,
    "max_latency": 184.811519,
    "distr_latency": {
      "25.0000": 0.001687,
      "50.0000": 0.003063,
      "60.0000": 0.016687,
      "70.0000": 2.387967,
      "75.0000": 3.268607,
      "80.0000": 4.179967,
      "85.0000": 4.968447,
      "90.0000": 5.947391,
      "95.0000": 7.520255,
      "96.0000": 8.421375,
      "97.0000": 9.912319,
      "98.0000": 13.213695,
      "99.0000": 20.479999,
      "99.9000": 45.613055,
      "99.9900": 61.702143,
      "99.9990": 116.326399,
      "99.9999": 184.811519,
      "100.0000": 184.811519
    },
    "outliers": {
      "count": 0,
      "mean_latency": 0.0,
      "max_latency": 0.0
    },
    "allocations": {
      "total_heap": 144544122979,
      "minor_heap": 140792571464,
      "major_heap": 5739316358,
      "promoted_words": 1987764843,
      "promoted_pct": 1.41
    },
    "domain_alloc_stats": {
      "0": {
        "total": 432812419,
        "minor": 393604702,
        "promoted": 20491986,
        "major": 59699703,
        "promoted_pct": 5.21
      },
      "1": {
        "total": 22858058313,
        "minor": 19984196510,
        "promoted": 181225977,
        "major": 3055087780,
        "promoted_pct": 0.91
      },
      "2": {
        "total": 57779718888,
        "minor": 56565383301,
        "promoted": 762193614,
        "major": 1976529201,
        "promoted_pct": 1.35
      },
      "3": {
        "total": 18549487354,
        "minor": 18642312239,
        "promoted": 361646319,
        "major": 268821434,
        "promoted_pct": 1.94
      },
      "4": {
        "total": 13722111291,
        "minor": 13827070126,
        "promoted": 203135270,
        "major": 98176435,
        "promoted_pct": 1.47
      },
      "5": {
        "total": 16218248688,
        "minor": 16322621548,
        "promoted": 247310372,
        "major": 142937512,
        "promoted_pct": 1.52
      },
      "6": {
        "total": 14983686026,
        "minor": 15057383038,
        "promoted": 211761305,
        "major": 138064293,
        "promoted_pct": 1.41
      }
    },
    "collections": {
      "minor": 7331,
      "major": 74,
      "forced_major": 0,
      "compactions": 0
    },
    "stats_reliable": true
  },
  "counter_backend": "linux-perf",
  "perf": [
    {
      "counter-value": "1138105.428434",
      "unit": "msec",
      "event": "task-clock",
      "event-runtime": 1138105428434,
      "pcnt-running": 100.0,
      "metric-value": "3.015832",
      "metric-unit": "CPUs utilized"
    },
    {
      "counter-value": "2152409.000000",
      "unit": "",
      "event": "page-faults",
      "event-runtime": 1138105428434,
      "pcnt-running": 100.0,
      "metric-value": "1.891221",
      "metric-unit": "K/sec"
    },
    {
      "counter-value": "3721232670472.000000",
      "unit": "",
      "event": "cycles",
      "event-runtime": 1138105428434,
      "pcnt-running": 100.0,
      "metric-value": "3.269673",
      "metric-unit": "GHz"
    },
    {
      "counter-value": "4374059295185.000000",
      "unit": "",
      "event": "instructions",
      "event-runtime": 1138105428434,
      "pcnt-running": 100.0,
      "metric-value": "1.175433",
      "metric-unit": "insn per cycle"
    }
  ]
}
-----
mkdir -p PLOTTY_WORKAROUND; timedrun; OCAMLRUNPARAM="e=18,d=128" taskset -c "4,6,8,10,12,14" /home/udesou/.bench-agent/git/macro-benches/benchmarks/infer/infer_large-ocaml-5.5.1-46e1c32-fp
running-ng v0.3.8
Sun Sep 13 02:20:33 PM UTC 2026

 14:20:33 up 6 days, 14:14,  2 users,  load average: 1.93, 2.64, 2.91
USER     TTY      FROM             LOGIN@   IDLE   JCPU   PCPU  WHAT

procs -----------memory---------- ---swap-- -----io---- -system-- -------cpu-------
 r  b   swpd   free   buff  cache   si   so    bi    bo   in   cs us sy id wa st gu
 1  1    512 6647968 4621140 53176496    0    0    39  1134 2375    7 11  1 79  9  0  0
 0  1    512 6648256 4621140 53175996    0    0     0     8 1697 2913  0  0 88 12  0  0

top - 14:20:34 up 6 days, 14:14,  2 users,  load average: 1.93, 2.64, 2.91
Tasks: 280 total,   1 running, 279 sleeping,   0 stopped,   0 zombie
%Cpu(s):  0.0 us,  1.1 sy,  0.0 ni, 86.2 id, 12.6 wa,  0.0 hi,  0.0 si,  0.0 st 
MiB Mem :  64272.5 total,   6492.4 free,   2061.7 used,  56442.5 buff/cache     
MiB Swap:   8192.0 total,   8191.5 free,      0.5 used.  62210.8 avail Mem 

    PID USER      PR  NI    VIRT    RES    SHR S  %CPU  %MEM     TIME+ COMMAND
     36 root      20   0       0      0      0 I   9.1   0.0  46:02.54 [rcuog/4]
      1 root      20   0   22936  14244   9608 S   0.0   0.0   4:06.23 /usr/lib/systemd/systemd --system --deserialize=173
      2 root      20   0       0      0      0 S   0.0   0.0   0:00.07 [kthreadd]
      3 root      20   0       0      0      0 S   0.0   0.0   0:00.00 [pool_workqueue_release]
      4 root       0 -20       0      0      0 I   0.0   0.0   0:00.00 [kworker/R-rcu_g]

Environment variables: 
	CONFIG_FILE=/home/udesou/.bench-agent/work/run-20260913-001-e1/run-20260913-001.yml
	HOME=/home/udesou
	LANG=en_US.UTF-8
	LOGNAME=udesou
	LOG_DIR=/home/udesou/.bench-agent/logs
	OLLY_DIR=/home/udesou/.bench-agent/git/olly
	PATH=/usr/local/bin:/home/udesou/.bench-agent/git/olly/_build/install/default/bin:/home/udesou/.opam/running-ng-tools/bin:/home/udesou/.vscode-server/data/User/globalStorage/github.copilot-chat/debugCommand:/home/udesou/.vscode-server/data/User/globalStorage/github.copilot-chat/copilotCli:/home/udesou/.vscode-server/cli/servers/Stable-08d4889f9ec4a1685d257b9b95de036c8e1ce1e5/server/bin/remote-cli:/home/udesou/.opam/running-ng-ocaml-5.5.0-f523850-fp-flambda/bin:/home/udesou/.local/bin:/home/udesou/.opam/running-ng-ocaml-5.5.0-f523850-fp-flambda/bin:/home/udesou/.local/bin:/usr/local/sbin:/usr/local/bin:/usr/sbin:/usr/bin:/sbin:/bin:/usr/games:/usr/local/games:/snap/bin
	PWD=/home/udesou/ocaml-bench-service
	PYTHONPATH=/home/udesou/.bench-agent/git/running-ng/src
	RUNNING_BENCH_DIR=/home/udesou/.bench-agent/git/macro-benches
	RUNNING_MACRO_BENCH_DIR=/home/udesou/.bench-agent/git/macro-benches
	RUNNING_NG_PACKAGE_DATA=/home/udesou/.bench-agent/git/running-ng/src/running/config
	RUNNING_REUSE_SWITCHES=1
	RUNNING_TAG=default_run,large_run
	SHELL=/bin/bash
	SHLVL=1
	TERM=screen.xterm-256color
	USER=udesou
	_=/usr/bin/python3
OS: Linux obelisk 6.8.0-139-generic #139-Ubuntu SMP PREEMPT_DYNAMIC Sat Aug  1 03:52:05 UTC 2026 x86_64 x86_64 x86_64 GNU/Linux
CPU: Intel(R) Xeon(R) CPU E5-2667 v2 @ 3.30GHz
number of cores: 8
Frequency of cpu 0: 3.30 GHz
Governor of cpu 0: performance
Scaling_min_freq of cpu 0: 1.20 GHz
Frequency of cpu 2: 3.30 GHz
Governor of cpu 2: performance
Scaling_min_freq of cpu 2: 1.20 GHz
Frequency of cpu 4: 3.30 GHz
Governor of cpu 4: performance
Scaling_min_freq of cpu 4: 1.20 GHz
Frequency of cpu 6: 3.30 GHz
Governor of cpu 6: performance
Scaling_min_freq of cpu 6: 1.20 GHz
WARNING: Failed to resolve file /com/google/common/annotations/Beta.class with "No such file or directory" 

WARNING: Failed to resolve file /com/google/common/base/CharMatcher$BitSetMatcher.class with "No such file or directory" 

WARNING: Failed to resolve file /com/google/common/base/CharMatcher$RangesMatcher.class with "No such file or directory" 

WARNING: Failed to resolve file /com/google/common/base/Equivalence$Wrapper.class with "No such file or directory" 

WARNING: Failed to resolve file /com/google/common/base/Functions$SupplierFunction.class with "No such file or directory" 

WARNING: Failed to resolve file /com/google/common/base/Platform$JdkPatternCompiler.class with "No such file or directory" 

WARNING: Failed to resolve file /com/google/common/base/Present.class with "No such file or directory" 

WARNING: Failed to resolve file /com/google/common/base/Suppliers$MemoizingSupplier.class with "No such file or directory" 

WARNING: Failed to resolve file /com/google/common/cache/Cache.class with "No such file or directory" 

WARNING: Failed to resolve file /com/google/common/cache/CacheBuilderSpec$WriteDurationParser.class with "No such file or directory" 

WARNING: Failed to resolve file /com/google/common/cache/LocalCache$AccessQueue.class with "No such file or directory" 

WARNING: Failed to resolve file /com/google/common/cache/LocalCache$ManualSerializationProxy.class with "No such file or directory" 

WARNING: Failed to resolve file /com/google/common/cache/LocalCache$WeakWriteEntry.class with "No such file or directory" 

WARNING: Failed to resolve file /com/google/common/cache/RemovalCause.class with "No such file or directory" 

WARNING: Failed to resolve file /com/google/common/collect/AbstractIterator.class with "No such file or directory" 

WARNING: Failed to resolve file /com/google/common/collect/AbstractMapBasedMultimap$WrappedSortedSet.class with "No such file or directory" 

WARNING: Failed to resolve file /com/google/common/collect/AbstractSortedKeySortedSetMultimap.class with "No such file or directory" 

WARNING: Failed to resolve file /com/google/common/collect/ArrayTable.class with "No such file or directory" 

WARNING: Failed to resolve file /com/google/common/collect/Collections2.class with "No such file or directory" 

WARNING: Failed to resolve file /com/google/common/collect/ComparisonChain.class with "No such file or directory" 

WARNING: Failed to resolve file /com/google/common/collect/DenseImmutableTable$ImmutableArrayMap$1.class with "No such file or directory" 

WARNING: Failed to resolve file /com/google/common/collect/EnumMultiset$1.class with "No such file or directory" 

WARNING: Failed to resolve file /com/google/common/collect/FilteredKeyMultimap$Entries.class with "No such file or directory" 

WARNING: Failed to resolve file /com/google/common/collect/ForwardingIterator.class with "No such file or directory" 

WARNING: Failed to resolve file /com/google/common/collect/ForwardingSetMultimap.class with "No such file or directory" 

WARNING: Failed to resolve file /com/google/common/collect/HashBiMap$InverseSerializedForm.class with "No such file or directory" 

WARNING: Failed to resolve file /com/google/common/collect/ImmutableEnumMap$1.class with "No such file or directory" 

WARNING: Failed to resolve file /com/google/common/collect/ImmutableMap$SerializedForm.class with "No such file or directory" 

WARNING: Failed to resolve file /com/google/common/collect/ImmutableMultimap$Values.class with "No such file or directory" 

WARNING: Failed to resolve file /com/google/common/collect/ImmutableRangeSet$ComplementRanges.class with "No such file or directory" 

WARNING: Failed to resolve file /com/google/common/collect/ImmutableSortedMap.class with "No such file or directory" 

WARNING: Failed to resolve file /com/google/common/collect/Interners$InternerBuilder.class with "No such file or directory" 

WARNING: Failed to resolve file /com/google/common/collect/Iterators$3.class with "No such file or directory" 

WARNING: Failed to resolve file /com/google/common/collect/LinkedHashMultimap$1.class with "No such file or directory" 

WARNING: Failed to resolve file /com/google/common/collect/Lists$2.class with "No such file or directory" 

WARNING: Failed to resolve file /com/google/common/collect/MapMakerInternalMap$1.class with "No such file or directory" 

WARNING: Failed to resolve file /com/google/common/collect/MapMakerInternalMap$StrongKeyDummyValueSegment.class with "No such file or directory" 

WARNING: Failed to resolve file /com/google/common/collect/MapMakerInternalMap$WeakValueReferenceImpl.class with "No such file or directory" 

WARNING: Failed to resolve file /com/google/common/collect/Maps$DescendingMap$1EntrySetImpl.class with "No such file or directory" 

WARNING: Failed to resolve file /com/google/common/collect/Maps$IteratorBasedAbstractMap.class with "No such file or directory" 

WARNING: Failed to resolve file /com/google/common/collect/MinMaxPriorityQueue$Heap.class with "No such file or directory" 

WARNING: Failed to resolve file /com/google/common/collect/MultimapBuilder$MultimapBuilderWithKeys$5.class with "No such file or directory" 

WARNING: Failed to resolve file /com/google/common/collect/Multimaps$TransformedEntriesListMultimap.class with "No such file or directory" 

WARNING: Failed to resolve file /com/google/common/collect/Multisets$AbstractEntry.class with "No such file or directory" 

WARNING: Failed to resolve file /com/google/common/collect/Ordering$ArbitraryOrderingHolder.class with "No such file or directory" 

WARNING: Failed to resolve file /com/google/common/collect/RegularImmutableBiMap$Inverse$InverseEntrySet$1.class with "No such file or directory" 

WARNING: Failed to resolve file /com/google/common/collect/ReverseOrdering.class with "No such file or directory" 

WARNING: Failed to resolve file /com/google/common/collect/Sets$DescendingSet.class with "No such file or directory" 

WARNING: Failed to resolve file /com/google/common/collect/SortedLists$KeyAbsentBehavior$3.class with "No such file or directory" 

WARNING: Failed to resolve file /com/google/common/collect/StandardTable$CellIterator.class with "No such file or directory" 

WARNING: Failed to resolve file /com/google/common/collect/Streams$1.class with "No such file or directory" 

WARNING: Failed to resolve file /com/google/common/collect/Synchronized$SynchronizedAsMapEntries.class with "No such file or directory" 

WARNING: Failed to resolve file /com/google/common/collect/Synchronized$SynchronizedSortedSetMultimap.class with "No such file or directory" 

WARNING: Failed to resolve file /com/google/common/collect/TransformedListIterator.class with "No such file or directory" 

WARNING: Failed to resolve file /com/google/common/collect/TreeRangeMap$SubRangeMap$1.class with "No such file or directory" 

WARNING: Failed to resolve file /com/google/common/collect/TreeRangeSet.class with "No such file or directory" 

WARNING: Failed to resolve file /com/google/common/collect/package-info.class with "No such file or directory" 

WARNING: Failed to resolve file /com/google/common/eventbus/Dispatcher$1.class with "No such file or directory" 

WARNING: Failed to resolve file /com/google/common/eventbus/package-info.class with "No such file or directory" 

WARNING: Failed to resolve file /com/google/common/graph/AbstractValueGraph$2.class with "No such file or directory" 

WARNING: Failed to resolve file /com/google/common/graph/EndpointPair$1.class with "No such file or directory" 

WARNING: Failed to resolve file /com/google/common/graph/ImmutableGraph.class with "No such file or directory" 

WARNING: Failed to resolve file /com/google/common/graph/SuccessorsFunction.class with "No such file or directory" 

WARNING: Failed to resolve file /com/google/common/graph/UndirectedMultiNetworkConnections.class with "No such file or directory" 

WARNING: Failed to resolve file /com/google/common/hash/BloomFilterStrategies.class with "No such file or directory" 

WARNING: Failed to resolve file /com/google/common/hash/HashFunction.class with "No such file or directory" 

WARNING: Failed to resolve file /com/google/common/hash/LittleEndianByteArray$UnsafeByteArray$1.class with "No such file or directory" 

WARNING: Failed to resolve file /com/google/common/hash/Murmur3_32HashFunction.class with "No such file or directory" 

WARNING: Failed to resolve file /com/google/common/io/BaseEncoding$StandardBaseEncoding$1.class with "No such file or directory" 

WARNING: Failed to resolve file /com/google/common/io/CharSequenceReader.class with "No such file or directory" 

WARNING: Failed to resolve file /com/google/common/io/FileBackedOutputStream.class with "No such file or directory" 

WARNING: Failed to resolve file /com/google/common/io/MoreFiles$3.class with "No such file or directory" 

WARNING: Failed to resolve file /com/google/common/math/LinearTransformation$1.class with "No such file or directory" 

WARNING: Failed to resolve file /com/google/common/math/package-info.class with "No such file or directory" 

WARNING: Failed to resolve file /com/google/common/primitives/Chars$CharArrayAsList.class with "No such file or directory" 

WARNING: Failed to resolve file /com/google/common/primitives/ImmutableLongArray$Builder.class with "No such file or directory" 

WARNING: Failed to resolve file /com/google/common/primitives/UnsignedBytes$LexicographicalComparatorHolder$UnsafeComparator.class with "No such file or directory" 

WARNING: Failed to resolve file /com/google/common/reflect/ImmutableTypeToInstanceMap.class with "No such file or directory" 

WARNING: Failed to resolve file /com/google/common/reflect/TypeToInstanceMap.class with "No such file or directory" 

WARNING: Failed to resolve file /com/google/common/reflect/TypeVisitor.class with "No such file or directory" 

WARNING: Failed to resolve file /com/google/common/reflect/Types.class with "No such file or directory" 

WARNING: Failed to resolve file /com/google/common/util/concurrent/AbstractFuture$TrustedFuture.class with "No such file or directory" 

WARNING: Failed to resolve file /com/google/common/util/concurrent/AbstractScheduledService$ServiceDelegate$2.class with "No such file or directory" 

WARNING: Failed to resolve file /com/google/common/util/concurrent/AggregateFuture$RunningState.class with "No such file or directory" 

WARNING: Failed to resolve file /com/google/common/util/concurrent/CollectionFuture$ListFuture.class with "No such file or directory" 

WARNING: Failed to resolve file /com/google/common/util/concurrent/CycleDetectingLockFactory$WithExplicitOrdering.class with "No such file or directory" 

WARNING: Failed to resolve file /com/google/common/util/concurrent/ForwardingFluentFuture.class with "No such file or directory" 

WARNING: Failed to resolve file /com/google/common/util/concurrent/FuturesGetChecked$GetCheckedTypeValidatorHolder$ClassValueValidator$1.class with "No such file or directory" 

WARNING: Failed to resolve file /com/google/common/util/concurrent/ListenableScheduledFuture.class with "No such file or directory" 

WARNING: Failed to resolve file /com/google/common/util/concurrent/MoreExecutors$ScheduledListeningDecorator.class with "No such file or directory" 

WARNING: Failed to resolve file /com/google/common/util/concurrent/Service$State$6.class with "No such file or directory" 

WARNING: Failed to resolve file /com/google/common/util/concurrent/SmoothRateLimiter$SmoothBursty.class with "No such file or directory" 

WARNING: Failed to resolve file /com/google/common/util/concurrent/ThreadFactoryBuilder.class with "No such file or directory" 

WARNING: Failed to resolve file /com/google/common/xml/package-info.class with "No such file or directory" 

WARNING: Failed to resolve file /net/bytebuddy/NamingStrategy$Suffixing$BaseNameResolver$WithCallerSuffix.class with "No such file or directory" 

WARNING: Failed to resolve file /net/bytebuddy/agent/builder/AgentBuilder$CircularityLock$Global.class with "No such file or directory" 

WARNING: Failed to resolve file /net/bytebuddy/agent/builder/AgentBuilder$Default$Redefining$WithResubmission.class with "No such file or directory" 

WARNING: Failed to resolve file /net/bytebuddy/agent/builder/AgentBuilder$DescriptionStrategy$SuperTypeLoading.class with "No such file or directory" 

WARNING: Failed to resolve file /net/bytebuddy/agent/builder/AgentBuilder$InitializationStrategy.class with "No such file or directory" 

WARNING: Failed to resolve file /net/bytebuddy/agent/builder/AgentBuilder$LambdaInstrumentationStrategy$LambdaInstanceFactory$FactoryImplementation.class with "No such file or directory" 

WARNING: Failed to resolve file /net/bytebuddy/agent/builder/AgentBuilder$Listener$StreamWriting.class with "No such file or directory" 

WARNING: Failed to resolve file /net/bytebuddy/agent/builder/AgentBuilder$PoolStrategy$Eager.class with "No such file or directory" 

WARNING: Failed to resolve file /net/bytebuddy/agent/builder/AgentBuilder$RedefinitionListenable$ResubmissionOnErrorMatcher.class with "No such file or directory" 

WARNING: Failed to resolve file /net/bytebuddy/agent/builder/AgentBuilder$RedefinitionStrategy$DiscoveryStrategy$Explicit.class with "No such file or directory" 

WARNING: Failed to resolve file /net/bytebuddy/agent/builder/AgentBuilder$RedefinitionStrategy$Listener$Yielding.class with "No such file or directory" 

WARNING: Failed to resolve file /net/bytebuddy/agent/builder/AgentBuilder$Transformer$ForAdvice$Entry$ForSplitAdvice.class with "No such file or directory" 

WARNING: Failed to resolve file /net/bytebuddy/agent/builder/package-info.class with "No such file or directory" 

WARNING: Failed to resolve file /net/bytebuddy/asm/Advice$ArgumentHandler$ForInstrumentedMethod.class with "No such file or directory" 

WARNING: Failed to resolve file /net/bytebuddy/asm/Advice$AssignReturned$ToAllArguments$Handler.class with "No such file or directory" 

WARNING: Failed to resolve file /net/bytebuddy/asm/Advice$Delegator$ForStaticInvocation.class with "No such file or directory" 

WARNING: Failed to resolve file /net/bytebuddy/asm/Advice$Dispatcher$Inlining$Resolved$ForMethodEnter$WithRetainedEnterType.class with "No such file or directory" 

WARNING: Failed to resolve file /net/bytebuddy/asm/Advice$Dispatcher$RelocationHandler.class with "No such file or directory" 

WARNING: Failed to resolve file /net/bytebuddy/asm/Advice$Local.class with "No such file or directory" 

WARNING: Failed to resolve file /net/bytebuddy/asm/Advice$OffsetMapping$ForEnterValue$Factory.class with "No such file or directory" 

WARNING: Failed to resolve file /net/bytebuddy/asm/Advice$OffsetMapping$ForOrigin$Renderer$ForJavaSignature.class with "No such file or directory" 

WARNING: Failed to resolve file /net/bytebuddy/asm/Advice$OffsetMapping$ForThrowable.class with "No such file or directory" 

WARNING: Failed to resolve file /net/bytebuddy/asm/Advice$OffsetMapping$Target$ForVariable.class with "No such file or directory" 

WARNING: Failed to resolve file /net/bytebuddy/asm/Advice$StackMapFrameHandler$Default$TranslationMode.class with "No such file or directory" 

WARNING: Failed to resolve file /net/bytebuddy/asm/AsmVisitorWrapper$ForDeclaredFields$FieldVisitorWrapper.class with "No such file or directory" 

WARNING: Failed to resolve file /net/bytebuddy/asm/MemberAttributeExtension$ForField$FieldAttributeVisitor.class with "No such file or directory" 

WARNING: Failed to resolve file /net/bytebuddy/asm/MemberSubstitution$Substitution$Chain$Factory.class with "No such file or directory" 

WARNING: Failed to resolve file /net/bytebuddy/asm/MemberSubstitution$Substitution.class with "No such file or directory" 

WARNING: Failed to resolve file /net/bytebuddy/asm/package-info.class with "No such file or directory" 

WARNING: Failed to resolve file /net/bytebuddy/build/CachedReturnPlugin$Advice$float.class with "No such file or directory" 

WARNING: Failed to resolve file /net/bytebuddy/build/HashCodeAndEqualsPlugin$Enhance$InvokeSuper$3.class with "No such file or directory" 

WARNING: Failed to resolve file /net/bytebuddy/build/Plugin$Engine$Dispatcher$ForParallelTransformation$WithThrowawayExecutorService.class with "No such file or directory" 

WARNING: Failed to resolve file /net/bytebuddy/build/Plugin$Engine$Listener$Adapter.class with "No such file or directory" 

WARNING: Failed to resolve file /net/bytebuddy/build/Plugin$Engine$Source$ForFolder.class with "No such file or directory" 

WARNING: Failed to resolve file /net/bytebuddy/build/Plugin$Engine$TypeStrategy$Default.class with "No such file or directory" 

WARNING: Failed to resolve file /net/bytebuddy/build/Plugin$NoOp.class with "No such file or directory" 

WARNING: Failed to resolve file /net/bytebuddy/description/ModifierReviewable$ForParameterDescription.class with "No such file or directory" 

WARNING: Failed to resolve file /net/bytebuddy/description/annotation/AnnotationDescription$Latent.class with "No such file or directory" 

WARNING: Failed to resolve file /net/bytebuddy/description/annotation/AnnotationValue$ForConstant$PropertyDelegate$ForArrayType$3.class with "No such file or directory" 

WARNING: Failed to resolve file /net/bytebuddy/description/annotation/AnnotationValue$ForDescriptionArray.class with "No such file or directory" 

WARNING: Failed to resolve file /net/bytebuddy/description/annotation/AnnotationValue$RenderingDispatcher$3.class with "No such file or directory" 

WARNING: Failed to resolve file /net/bytebuddy/description/field/FieldDescription$TypeSubstituting.class with "No such file or directory" 

WARNING: Failed to resolve file /net/bytebuddy/description/method/MethodDescription$Token.class with "No such file or directory" 

WARNING: Failed to resolve file /net/bytebuddy/description/method/ParameterDescription$InDefinedShape$AbstractBase.class with "No such file or directory" 

WARNING: Failed to resolve file /net/bytebuddy/description/method/package-info.class with "No such file or directory" 

WARNING: Failed to resolve file /net/bytebuddy/description/modifier/Visibility.class with "No such file or directory" 

WARNING: Failed to resolve file /net/bytebuddy/description/type/RecordComponentList$ForTokens.class with "No such file or directory" 

WARNING: Failed to resolve file /net/bytebuddy/description/type/TypeDescription$Generic$AnnotationReader$Delegator$ForLoadedField$Dispatcher.class with "No such file or directory" 

WARNING: Failed to resolve file /net/bytebuddy/description/type/TypeDescription$Generic$AnnotationReader$ForWildcardLowerBoundType.class with "No such file or directory" 

WARNING: Failed to resolve file /net/bytebuddy/description/type/TypeDescription$Generic$LazyProjection$WithLazyNavigation$LazySuperClass.class with "No such file or directory" 

WARNING: Failed to resolve file /net/bytebuddy/description/type/TypeDescription$Generic$OfParameterizedType$RenderingDelegate.class with "No such file or directory" 

WARNING: Failed to resolve file /net/bytebuddy/description/type/TypeDescription$Generic$Visitor$Assigner$Dispatcher$ForParameterizedType.class with "No such file or directory" 

WARNING: Failed to resolve file /net/bytebuddy/description/type/TypeDescription$Generic$Visitor$TypeErasing.class with "No such file or directory" 

WARNING: Failed to resolve file /net/bytebuddy/description/type/TypeList$Generic$AbstractBase.class with "No such file or directory" 

WARNING: Failed to resolve file /net/bytebuddy/dynamic/ClassFileLocator$ForClassLoader$WeaklyReferenced.class with "No such file or directory" 

WARNING: Failed to resolve file /net/bytebuddy/dynamic/ClassFileLocator$ForUrl.class with "No such file or directory" 

WARNING: Failed to resolve file /net/bytebuddy/dynamic/DynamicType$Builder$AbstractBase$Adapter$RecordComponentMatchAdapter.class with "No such file or directory" 

WARNING: Failed to resolve file /net/bytebuddy/dynamic/DynamicType$Builder$MethodDefinition$ImplementationDefinition.class with "No such file or directory" 

WARNING: Failed to resolve file /net/bytebuddy/dynamic/DynamicType$Builder$RecordComponentDefinition$Optional$AbstractBase.class with "No such file or directory" 

WARNING: Failed to resolve file /net/bytebuddy/dynamic/Transformer$ForField$FieldModifierTransformer.class with "No such file or directory" 

WARNING: Failed to resolve file /net/bytebuddy/dynamic/VisibilityBridgeStrategy$Default$3.class with "No such file or directory" 

WARNING: Failed to resolve file /net/bytebuddy/dynamic/loading/ByteArrayClassLoader$SynchronizationStrategy$ForJava8CapableVm.class with "No such file or directory" 

WARNING: Failed to resolve file /net/bytebuddy/dynamic/loading/ClassInjector$UsingJna$Dispatcher.class with "No such file or directory" 

WARNING: Failed to resolve file /net/bytebuddy/dynamic/loading/ClassInjector$UsingUnsafe$Dispatcher$Initializable.class with "No such file or directory" 

WARNING: Failed to resolve file /net/bytebuddy/dynamic/loading/ClassReloadingStrategy$BootstrapInjection.class with "No such file or directory" 

WARNING: Failed to resolve file /net/bytebuddy/dynamic/loading/PackageDefinitionStrategy$ManifestReading.class with "No such file or directory" 

WARNING: Failed to resolve file /net/bytebuddy/dynamic/scaffold/FieldLocator$Resolution$Illegal.class with "No such file or directory" 

WARNING: Failed to resolve file /net/bytebuddy/dynamic/scaffold/InstrumentedType.class with "No such file or directory" 

WARNING: Failed to resolve file /net/bytebuddy/dynamic/scaffold/MethodGraph$Compiler$ForDeclaredMethods.class with "No such file or directory" 

WARNING: Failed to resolve file /net/bytebuddy/dynamic/scaffold/MethodRegistry$Handler$ForAnnotationValue.class with "No such file or directory" 

WARNING: Failed to resolve file /net/bytebuddy/dynamic/scaffold/TypeWriter$Default$ClassDumpAction$Dispatcher$Disabled.class with "No such file or directory" 

WARNING: Failed to resolve file /net/bytebuddy/dynamic/scaffold/TypeWriter$Default$ForInlining$WithFullProcessing$InitializationHandler$Appending$WithoutDrain.class with "No such file or directory" 

WARNING: Failed to resolve file /net/bytebuddy/dynamic/scaffold/TypeWriter$Default$ValidatingClassVisitor$Constraint.class with "No such file or directory" 

WARNING: Failed to resolve file /net/bytebuddy/dynamic/scaffold/TypeWriter$MethodPool$Record.class with "No such file or directory" 

WARNING: Failed to resolve file /net/bytebuddy/dynamic/scaffold/inline/MethodRebaseResolver$Resolution.class with "No such file or directory" 

WARNING: Failed to resolve file /net/bytebuddy/dynamic/scaffold/subclass/SubclassImplementationTarget$1.class with "No such file or directory" 

WARNING: Failed to resolve file /net/bytebuddy/implementation/EqualsMethod$SuperClassCheck.class with "No such file or directory" 

WARNING: Failed to resolve file /net/bytebuddy/implementation/EqualsMethod$ValueComparator$9.class with "No such file or directory" 

WARNING: Failed to resolve file /net/bytebuddy/implementation/FieldAccessor$ForSetter$OfDefaultValue.class with "No such file or directory" 

WARNING: Failed to resolve file /net/bytebuddy/implementation/FixedValue$ForValue.class with "No such file or directory" 

WARNING: Failed to resolve file /net/bytebuddy/implementation/HashCodeMethod$ValueTransformer$4.class with "No such file or directory" 

WARNING: Failed to resolve file /net/bytebuddy/implementation/Implementation$Context$Default$FieldGetterDelegation.class with "No such file or directory" 

WARNING: Failed to resolve file /net/bytebuddy/implementation/Implementation$SpecialMethodInvocation.class with "No such file or directory" 

WARNING: Failed to resolve file /net/bytebuddy/implementation/InvokeDynamic$InvocationProvider$ArgumentProvider$ConstantPoolWrapper$4.class with "No such file or directory" 

WARNING: Failed to resolve file /net/bytebuddy/implementation/InvokeDynamic$InvocationProvider$ArgumentProvider$ForLongConstant.class with "No such file or directory" 

WARNING: Failed to resolve file /net/bytebuddy/implementation/InvokeDynamic$InvocationProvider.class with "No such file or directory" 

WARNING: Failed to resolve file /net/bytebuddy/implementation/MethodCall$ArgumentLoader$Factory.class with "No such file or directory" 

WARNING: Failed to resolve file /net/bytebuddy/implementation/MethodCall$ArgumentLoader$ForThisReference$Factory.class with "No such file or directory" 

WARNING: Failed to resolve file /net/bytebuddy/implementation/MethodCall$MethodLocator.class with "No such file or directory" 

WARNING: Failed to resolve file /net/bytebuddy/implementation/MethodCall$TargetHandler.class with "No such file or directory" 

WARNING: Failed to resolve file /net/bytebuddy/implementation/MethodDelegation$ImplementationDelegate$ForField.class with "No such file or directory" 

WARNING: Failed to resolve file /net/bytebuddy/implementation/ToStringMethod$PrefixResolver.class with "No such file or directory" 

WARNING: Failed to resolve file /net/bytebuddy/implementation/ToStringMethod.class with "No such file or directory" 

WARNING: Failed to resolve file /net/bytebuddy/implementation/attribute/FieldAttributeAppender$Factory.class with "No such file or directory" 

WARNING: Failed to resolve file /net/bytebuddy/implementation/attribute/RecordComponentAttributeAppender$Factory.class with "No such file or directory" 

WARNING: Failed to resolve file /net/bytebuddy/implementation/auxiliary/MethodCallProxy$MethodCall$Appender.class with "No such file or directory" 

WARNING: Failed to resolve file /net/bytebuddy/implementation/auxiliary/package-info.class with "No such file or directory" 

WARNING: Failed to resolve file /net/bytebuddy/implementation/bind/MethodDelegationBinder$MethodInvoker.class with "No such file or directory" 

WARNING: Failed to resolve file /net/bytebuddy/implementation/bind/annotation/Argument$BindingMechanic$2.class with "No such file or directory" 

WARNING: Failed to resolve file /net/bytebuddy/implementation/bind/annotation/Empty$Binder.class with "No such file or directory" 

WARNING: Failed to resolve file /net/bytebuddy/implementation/bind/annotation/FieldValue$Binder.class with "No such file or directory" 

WARNING: Failed to resolve file /net/bytebuddy/implementation/bind/annotation/Pipe$Binder$RedirectionProxy$MethodCall.class with "No such file or directory" 

WARNING: Failed to resolve file /net/bytebuddy/implementation/bind/annotation/SuperMethod$Binder.class with "No such file or directory" 

WARNING: Failed to resolve file /net/bytebuddy/implementation/bytecode/ByteCodeAppender.class with "No such file or directory" 

WARNING: Failed to resolve file /net/bytebuddy/implementation/bytecode/StackManipulation$Size.class with "No such file or directory" 

WARNING: Failed to resolve file /net/bytebuddy/implementation/bytecode/assign/primitive/PrimitiveUnboxingDelegate$ExplicitlyTypedUnboxingResponsible.class with "No such file or directory" 

WARNING: Failed to resolve file /net/bytebuddy/implementation/bytecode/collection/ArrayFactory$ArrayCreator$ForPrimitiveType.class with "No such file or directory" 

WARNING: Failed to resolve file /net/bytebuddy/implementation/bytecode/constant/JavaConstantValue$Visitor.class with "No such file or directory" 

WARNING: Failed to resolve file /net/bytebuddy/implementation/bytecode/member/FieldAccess$Defined.class with "No such file or directory" 

WARNING: Failed to resolve file /net/bytebuddy/implementation/bytecode/member/package-info.class with "No such file or directory" 

WARNING: Failed to resolve file /net/bytebuddy/jar/asm/Handler.class with "No such file or directory" 

WARNING: Failed to resolve file /net/bytebuddy/jar/asm/commons/ModuleRemapper.class with "No such file or directory" 

WARNING: Failed to resolve file /net/bytebuddy/matcher/CollectionSizeMatcher.class with "No such file or directory" 

WARNING: Failed to resolve file /net/bytebuddy/matcher/HasSuperClassMatcher.class with "No such file or directory" 

WARNING: Failed to resolve file /net/bytebuddy/matcher/MethodSortMatcher$1.class with "No such file or directory" 

WARNING: Failed to resolve file /net/bytebuddy/matcher/StringMatcher$Mode$5.class with "No such file or directory" 

WARNING: Failed to resolve file /net/bytebuddy/pool/TypePool$CacheProvider$Simple$UsingSoftReference.class with "No such file or directory" 

WARNING: Failed to resolve file /net/bytebuddy/pool/TypePool$Default$GenericTypeExtractor$ForSignature$OfMethod$ParameterTypeRegistrant.class with "No such file or directory" 

WARNING: Failed to resolve file /net/bytebuddy/pool/TypePool$Default$LazyTypeDescription$AnnotationToken.class with "No such file or directory" 

WARNING: Failed to resolve file /net/bytebuddy/pool/TypePool$Default$LazyTypeDescription$GenericTypeToken$ForUnboundWildcard.class with "No such file or directory" 

WARNING: Failed to resolve file /net/bytebuddy/pool/TypePool$Default$LazyTypeDescription$LazyAnnotationDescription.class with "No such file or directory" 

WARNING: Failed to resolve file /net/bytebuddy/pool/TypePool$Default$LazyTypeDescription$MethodTokenList.class with "No such file or directory" 

WARNING: Failed to resolve file /net/bytebuddy/pool/TypePool$Default$TypeExtractor.class with "No such file or directory" 

WARNING: Failed to resolve file /net/bytebuddy/utility/FileSystem$ForNio2CapableVm$Files.class with "No such file or directory" 

WARNING: Failed to resolve file /net/bytebuddy/utility/JavaConstant$Simple$Dispatcher$OfMethodHandleDesc.class with "No such file or directory" 

WARNING: Failed to resolve file /net/bytebuddy/utility/dispatcher/JavaDispatcher$Container.class with "No such file or directory" 

WARNING: Failed to resolve file /net/bytebuddy/utility/dispatcher/JavaDispatcher$IsStatic.class with "No such file or directory" 

WARNING: Failed to resolve file /net/bytebuddy/utility/visitor/StackAwareMethodVisitor$1.class with "No such file or directory" 

WARNING: Failed to resolve file /org/apache/lucene/analysis/CharArrayMap$MapEntry.class with "No such file or directory" 

WARNING: Failed to resolve file /org/apache/lucene/analysis/TokenStream.class with "No such file or directory" 

WARNING: Failed to resolve file /org/apache/lucene/analysis/tokenattributes/OffsetAttribute.class with "No such file or directory" 

WARNING: Failed to resolve file /org/apache/lucene/codecs/BufferingKnnVectorsWriter$BufferedFloatVectorValues.class with "No such file or directory" 

WARNING: Failed to resolve file /org/apache/lucene/codecs/DocValuesConsumer$8$1.class with "No such file or directory" 

WARNING: Failed to resolve file /org/apache/lucene/codecs/KnnVectorsFormat.class with "No such file or directory" 

WARNING: Failed to resolve file /org/apache/lucene/codecs/PointsFormat.class with "No such file or directory" 

WARNING: Failed to resolve file /org/apache/lucene/codecs/TermVectorsWriter$TermVectorsMergeSub.class with "No such file or directory" 

WARNING: Failed to resolve file /org/apache/lucene/codecs/hnsw/FlatFieldVectorsWriter.class with "No such file or directory" 

WARNING: Failed to resolve file /org/apache/lucene/codecs/lucene90/LZ4WithPresetDictCompressionMode$LZ4WithPresetDictCompressor.class with "No such file or directory" 

WARNING: Failed to resolve file /org/apache/lucene/codecs/lucene90/Lucene90DocValuesProducer$13.class with "No such file or directory" 

WARNING: Failed to resolve file /org/apache/lucene/codecs/lucene90/Lucene90DocValuesProducer$7.class with "No such file or directory" 

WARNING: Failed to resolve file /org/apache/lucene/codecs/lucene90/Lucene90NormsProducer$1.class with "No such file or directory" 

WARNING: Failed to resolve file /org/apache/lucene/codecs/lucene90/Lucene90StoredFieldsFormat.class with "No such file or directory" 

WARNING: Failed to resolve file /org/apache/lucene/codecs/lucene90/compressing/FieldsIndex.class with "No such file or directory" 

WARNING: Failed to resolve file /org/apache/lucene/codecs/lucene90/compressing/Lucene90CompressingTermVectorsWriter$DocData.class with "No such file or directory" 

WARNING: Failed to resolve file /org/apache/lucene/codecs/lucene912/Lucene912PostingsWriter.class with "No such file or directory" 

WARNING: Failed to resolve file /org/apache/lucene/codecs/lucene99/Lucene99FlatVectorsFormat.class with "No such file or directory" 

WARNING: Failed to resolve file /org/apache/lucene/codecs/lucene99/Lucene99ScalarQuantizedVectorScorer$DotProduct.class with "No such file or directory" 

WARNING: Failed to resolve file /org/apache/lucene/codecs/lucene99/OffHeapQuantizedByteVectorValues$DenseOffHeapVectorValues.class with "No such file or directory" 

WARNING: Failed to resolve file /org/apache/lucene/codecs/perfield/PerFieldPostingsFormat$FieldsWriter.class with "No such file or directory" 

WARNING: Failed to resolve file /org/apache/lucene/document/Document.class with "No such file or directory" 

WARNING: Failed to resolve file /org/apache/lucene/document/FeatureField$SaturationFunction.class with "No such file or directory" 

WARNING: Failed to resolve file /org/apache/lucene/document/FloatRange.class with "No such file or directory" 

WARNING: Failed to resolve file /org/apache/lucene/document/KnnFloatVectorField.class with "No such file or directory" 

WARNING: Failed to resolve file /org/apache/lucene/document/LatLonPointDistanceFeatureQuery$DistanceScorer.class with "No such file or directory" 

WARNING: Failed to resolve file /org/apache/lucene/document/LatLonShapeQuery$2.class with "No such file or directory" 

WARNING: Failed to resolve file /org/apache/lucene/document/RangeFieldQuery$1$3.class with "No such file or directory" 

WARNING: Failed to resolve file /org/apache/lucene/document/SortedDocValuesField.class with "No such file or directory" 

WARNING: Failed to resolve file /org/apache/lucene/document/SpatialQuery$3.class with "No such file or directory" 

WARNING: Failed to resolve file /org/apache/lucene/document/XYPointField.class with "No such file or directory" 

WARNING: Failed to resolve file /org/apache/lucene/geo/ComponentTree.class with "No such file or directory" 

WARNING: Failed to resolve file /org/apache/lucene/geo/SimpleWKTShapeParser.class with "No such file or directory" 

WARNING: Failed to resolve file /org/apache/lucene/index/BinaryDocValues.class with "No such file or directory" 

WARNING: Failed to resolve file /org/apache/lucene/index/CheckIndex$1.class with "No such file or directory" 

WARNING: Failed to resolve file /org/apache/lucene/index/CodecReader$1.class with "No such file or directory" 

WARNING: Failed to resolve file /org/apache/lucene/index/DocValuesFieldUpdates$1.class with "No such file or directory" 

WARNING: Failed to resolve file /org/apache/lucene/index/DocumentsWriterDeleteQueue$DeleteSlice.class with "No such file or directory" 

WARNING: Failed to resolve file /org/apache/lucene/index/ExitableDirectoryReader$ExitableFilterAtomicReader$5.class with "No such file or directory" 

WARNING: Failed to resolve file /org/apache/lucene/index/FieldTermIterator.class with "No such file or directory" 

WARNING: Failed to resolve file /org/apache/lucene/index/FilterVectorValues.class with "No such file or directory" 

WARNING: Failed to resolve file /org/apache/lucene/index/FreqProxTermsWriterPerField.class with "No such file or directory" 

WARNING: Failed to resolve file /org/apache/lucene/index/IndexReader.class with "No such file or directory" 

WARNING: Failed to resolve file /org/apache/lucene/index/IndexWriter$DocModifier.class with "No such file or directory" 

WARNING: Failed to resolve file /org/apache/lucene/index/IndexingChain.class with "No such file or directory" 

WARNING: Failed to resolve file /org/apache/lucene/index/MergePolicy$OneMerge.class with "No such file or directory" 

WARNING: Failed to resolve file /org/apache/lucene/index/MultiPostingsEnum.class with "No such file or directory" 

WARNING: Failed to resolve file /org/apache/lucene/index/NumericDocValuesWriter$NumericDVs.class with "No such file or directory" 

WARNING: Failed to resolve file /org/apache/lucene/index/PointValues$1.class with "No such file or directory" 

WARNING: Failed to resolve file /org/apache/lucene/index/ReaderUtil.class with "No such file or directory" 

WARNING: Failed to resolve file /org/apache/lucene/index/SegmentMerger.class with "No such file or directory" 

WARNING: Failed to resolve file /org/apache/lucene/index/SlowCodecReaderWrapper.class with "No such file or directory" 

WARNING: Failed to resolve file /org/apache/lucene/index/SnapshotDeletionPolicy.class with "No such file or directory" 

WARNING: Failed to resolve file /org/apache/lucene/index/SortedNumericDocValuesWriter$LongValues.class with "No such file or directory" 

WARNING: Failed to resolve file /org/apache/lucene/index/SortingCodecReader$6.class with "No such file or directory" 

WARNING: Failed to resolve file /org/apache/lucene/index/StoredFieldVisitor$Status.class with "No such file or directory" 

WARNING: Failed to resolve file /org/apache/lucene/index/TermsEnumIndex$TermState.class with "No such file or directory" 

WARNING: Failed to resolve file /org/apache/lucene/index/VectorSimilarityFunction.class with "No such file or directory" 

WARNING: Failed to resolve file /org/apache/lucene/internal/hppc/IntArrayList$ValueIterator.class with "No such file or directory" 

WARNING: Failed to resolve file /org/apache/lucene/internal/hppc/IntIntHashMap$IntIntCursor.class with "No such file or directory" 

WARNING: Failed to resolve file /org/apache/lucene/internal/hppc/LongArrayList.class with "No such file or directory" 

WARNING: Failed to resolve file /org/apache/lucene/internal/hppc/LongObjectHashMap$LongObjectCursor.class with "No such file or directory" 

WARNING: Failed to resolve file /org/apache/lucene/search/AbstractKnnVectorQuery$DocAndScoreQuery$1$1.class with "No such file or directory" 

WARNING: Failed to resolve file /org/apache/lucene/search/BlendedTermQuery.class with "No such file or directory" 

WARNING: Failed to resolve file /org/apache/lucene/search/BooleanScorer$DocIdStreamView.class with "No such file or directory" 

WARNING: Failed to resolve file /org/apache/lucene/search/CachingCollector$ScoreCachingLeafCollector.class with "No such file or directory" 

WARNING: Failed to resolve file /org/apache/lucene/search/ConstantScoreScorer$1.class with "No such file or directory" 

WARNING: Failed to resolve file /org/apache/lucene/search/DisjunctionSumScorer.class with "No such file or directory" 

WARNING: Failed to resolve file /org/apache/lucene/search/DoubleValuesSource$2.class with "No such file or directory" 

WARNING: Failed to resolve file /org/apache/lucene/search/ExactPhraseMatcher$1$SubIterator.class with "No such file or directory" 

WARNING: Failed to resolve file /org/apache/lucene/search/FilterScorer.class with "No such file or directory" 

WARNING: Failed to resolve file /org/apache/lucene/search/IndexSearcher$CachingLeafSlicesSupplier.class with "No such file or directory" 

WARNING: Failed to resolve file /org/apache/lucene/search/KnnCollector.class with "No such file or directory" 

WARNING: Failed to resolve file /org/apache/lucene/search/LongValuesSource$ConstantLongValuesSource.class with "No such file or directory" 

WARNING: Failed to resolve file /org/apache/lucene/search/MaxNonCompetitiveBoostAttribute.class with "No such file or directory" 

WARNING: Failed to resolve file /org/apache/lucene/search/MultiPhraseQuery.class with "No such file or directory" 

WARNING: Failed to resolve file /org/apache/lucene/search/PhrasePositions.class with "No such file or directory" 

WARNING: Failed to resolve file /org/apache/lucene/search/PointRangeQuery$1$2.class with "No such file or directory" 

WARNING: Failed to resolve file /org/apache/lucene/search/RegexpQuery.class with "No such file or directory" 

WARNING: Failed to resolve file /org/apache/lucene/search/ScoringRewrite$ParallelArraysTermCollector.class with "No such file or directory" 

WARNING: Failed to resolve file /org/apache/lucene/search/SortField$Type.class with "No such file or directory" 

WARNING: Failed to resolve file /org/apache/lucene/search/SortedSetSelector$1.class with "No such file or directory" 

WARNING: Failed to resolve file /org/apache/lucene/search/TaskExecutor$TaskGroup$1.class with "No such file or directory" 

WARNING: Failed to resolve file /org/apache/lucene/search/TimeLimitingCollector$TimerThreadHolder.class with "No such file or directory" 

WARNING: Failed to resolve file /org/apache/lucene/search/TopScoreDocCollector$SimpleTopScoreDocCollector$1.class with "No such file or directory" 

WARNING: Failed to resolve file /org/apache/lucene/search/WANDScorer.class with "No such file or directory" 

WARNING: Failed to resolve file /org/apache/lucene/search/comparators/TermOrdValComparator$CompetitiveIterator$1.class with "No such file or directory" 

WARNING: Failed to resolve file /org/apache/lucene/search/similarities/BasicModelG.class with "No such file or directory" 

WARNING: Failed to resolve file /org/apache/lucene/search/similarities/LMJelinekMercerSimilarity.class with "No such file or directory" 

WARNING: Failed to resolve file /org/apache/lucene/search/similarities/SimilarityBase$BasicSimScorer.class with "No such file or directory" 

WARNING: Failed to resolve file /org/apache/lucene/store/ByteBuffersDirectory$1.class with "No such file or directory" 

WARNING: Failed to resolve file /org/apache/lucene/store/IndexInput.class with "No such file or directory" 

WARNING: Failed to resolve file /org/apache/lucene/store/NoLockFactory.class with "No such file or directory" 

WARNING: Failed to resolve file /org/apache/lucene/util/ArrayTimSorter.class with "No such file or directory" 

WARNING: Failed to resolve file /org/apache/lucene/util/Bits$MatchAllBits.class with "No such file or directory" 

WARNING: Failed to resolve file /org/apache/lucene/util/BytesRefHash$DirectBytesStartArray.class with "No such file or directory" 

WARNING: Failed to resolve file /org/apache/lucene/util/DocIdSetBuilder$BulkAdder.class with "No such file or directory" 

WARNING: Failed to resolve file /org/apache/lucene/util/IOUtils$1.class with "No such file or directory" 

WARNING: Failed to resolve file /org/apache/lucene/util/LongValues$1.class with "No such file or directory" 

WARNING: Failed to resolve file /org/apache/lucene/util/OfflineSorter$ByteSequencesWriter.class with "No such file or directory" 

WARNING: Failed to resolve file /org/apache/lucene/util/RamUsageEstimator.class with "No such file or directory" 

WARNING: Failed to resolve file /org/apache/lucene/util/SortableBytesRefArray.class with "No such file or directory" 

WARNING: Failed to resolve file /org/apache/lucene/util/Unwrappable.class with "No such file or directory" 

WARNING: Failed to resolve file /org/apache/lucene/util/automaton/DaciukMihovAutomatonBuilder.class with "No such file or directory" 

WARNING: Failed to resolve file /org/apache/lucene/util/automaton/RegExp$Kind.class with "No such file or directory" 

WARNING: Failed to resolve file /org/apache/lucene/util/bkd/BKDReader.class with "No such file or directory" 

WARNING: Failed to resolve file /org/apache/lucene/util/bkd/OfflinePointReader$OfflinePointValue.class with "No such file or directory" 

WARNING: Failed to resolve file /org/apache/lucene/util/fst/FST$Arc.class with "No such file or directory" 

WARNING: Failed to resolve file /org/apache/lucene/util/fst/NoOutputs.class with "No such file or directory" 

WARNING: Failed to resolve file /org/apache/lucene/util/graph/GraphTokenStreamFiniteStrings.class with "No such file or directory" 

WARNING: Failed to resolve file /org/apache/lucene/util/hnsw/HnswUtil$Component.class with "No such file or directory" 

WARNING: Failed to resolve file /org/apache/lucene/util/hnsw/RandomVectorScorerSupplier.class with "No such file or directory" 

WARNING: Failed to resolve file /org/apache/lucene/util/packed/BulkOperationPacked14.class with "No such file or directory" 

WARNING: Failed to resolve file /org/apache/lucene/util/packed/DeltaPackedLongValues.class with "No such file or directory" 

WARNING: Failed to resolve file /org/apache/lucene/util/packed/DirectReader.class with "No such file or directory" 

WARNING: Failed to resolve file /org/apache/lucene/util/packed/Packed64SingleBlock$Packed64SingleBlock8.class with "No such file or directory" 

WARNING: Failed to resolve file /org/apache/lucene/util/packed/PackedLongValues$Builder.class with "No such file or directory" 

WARNING: Failed to resolve file /org/bouncycastle/LICENSE.class with "No such file or directory" 

WARNING: Failed to resolve file /org/bouncycastle/asn1/ASN1GeneralizedTime$1.class with "No such file or directory" 

WARNING: Failed to resolve file /org/bouncycastle/asn1/ASN1OctetString.class with "No such file or directory" 

WARNING: Failed to resolve file /org/bouncycastle/asn1/ASN1T61String$1.class with "No such file or directory" 

WARNING: Failed to resolve file /org/bouncycastle/asn1/BERFactory.class with "No such file or directory" 

WARNING: Failed to resolve file /org/bouncycastle/asn1/DERFactory.class with "No such file or directory" 

WARNING: Failed to resolve file /org/bouncycastle/asn1/DERVisibleString.class with "No such file or directory" 

WARNING: Failed to resolve file /org/bouncycastle/asn1/anssi/ANSSINamedCurves$1.class with "No such file or directory" 

WARNING: Failed to resolve file /org/bouncycastle/asn1/cryptopro/ECGOST3410NamedCurves$4.class with "No such file or directory" 

WARNING: Failed to resolve file /org/bouncycastle/asn1/nist/NISTObjectIdentifiers.class with "No such file or directory" 

WARNING: Failed to resolve file /org/bouncycastle/asn1/pkcs/CertBag.class with "No such file or directory" 

WARNING: Failed to resolve file /org/bouncycastle/asn1/pkcs/RSAPrivateKey.class with "No such file or directory" 

WARNING: Failed to resolve file /org/bouncycastle/asn1/sec/SECNamedCurves$20.class with "No such file or directory" 

WARNING: Failed to resolve file /org/bouncycastle/asn1/sec/SECNamedCurves.class with "No such file or directory" 

WARNING: Failed to resolve file /org/bouncycastle/asn1/ua/DSTU4145Params.class with "No such file or directory" 

WARNING: Failed to resolve file /org/bouncycastle/asn1/x509/AltSignatureValue.class with "No such file or directory" 

WARNING: Failed to resolve file /org/bouncycastle/asn1/x509/DistributionPoint.class with "No such file or directory" 

WARNING: Failed to resolve file /org/bouncycastle/asn1/x509/OtherName.class with "No such file or directory" 

WARNING: Failed to resolve file /org/bouncycastle/asn1/x509/TBSCertificateStructure.class with "No such file or directory" 

WARNING: Failed to resolve file /org/bouncycastle/asn1/x509/qualified/BiometricData.class with "No such file or directory" 

WARNING: Failed to resolve file /org/bouncycastle/asn1/x9/X962NamedCurves$11.class with "No such file or directory" 

WARNING: Failed to resolve file /org/bouncycastle/asn1/x9/X962NamedCurves.class with "No such file or directory" 

WARNING: Failed to resolve file /org/bouncycastle/crypto/Commitment.class with "No such file or directory" 

WARNING: Failed to resolve file /org/bouncycastle/crypto/Digest.class with "No such file or directory" 

WARNING: Failed to resolve file /org/bouncycastle/crypto/RawAgreement.class with "No such file or directory" 

WARNING: Failed to resolve file /org/bouncycastle/crypto/agreement/ECDHCUnifiedAgreement.class with "No such file or directory" 

WARNING: Failed to resolve file /org/bouncycastle/crypto/agreement/kdf/GSKKDFParameters.class with "No such file or directory" 

WARNING: Failed to resolve file /org/bouncycastle/crypto/digests/AsconXof$AsconParameters.class with "No such file or directory" 

WARNING: Failed to resolve file /org/bouncycastle/crypto/digests/Kangaroo$KangarooParameters$Builder.class with "No such file or directory" 

WARNING: Failed to resolve file /org/bouncycastle/crypto/digests/RIPEMD320Digest.class with "No such file or directory" 

WARNING: Failed to resolve file /org/bouncycastle/crypto/digests/TigerDigest.class with "No such file or directory" 

WARNING: Failed to resolve file /org/bouncycastle/crypto/ec/CustomNamedCurves$20.class with "No such file or directory" 

WARNING: Failed to resolve file /org/bouncycastle/crypto/ec/ECDecryptor.class with "No such file or directory" 

WARNING: Failed to resolve file /org/bouncycastle/crypto/engines/ARIAWrapPadEngine.class with "No such file or directory" 

WARNING: Failed to resolve file /org/bouncycastle/crypto/engines/DSTU7624Engine.class with "No such file or directory" 

WARNING: Failed to resolve file /org/bouncycastle/crypto/engines/ISAPEngine$1.class with "No such file or directory" 

WARNING: Failed to resolve file /org/bouncycastle/crypto/engines/RC532Engine.class with "No such file or directory" 

WARNING: Failed to resolve file /org/bouncycastle/crypto/engines/SkipjackEngine.class with "No such file or directory" 

WARNING: Failed to resolve file /org/bouncycastle/crypto/engines/Zuc128Engine.class with "No such file or directory" 

WARNING: Failed to resolve file /org/bouncycastle/crypto/generators/DHBasicKeyPairGenerator.class with "No such file or directory" 

WARNING: Failed to resolve file /org/bouncycastle/crypto/generators/KDFFeedbackBytesGenerator.class with "No such file or directory" 

WARNING: Failed to resolve file /org/bouncycastle/crypto/io/CipherIOException.class with "No such file or directory" 

WARNING: Failed to resolve file /org/bouncycastle/crypto/macs/CMac.class with "No such file or directory" 

WARNING: Failed to resolve file /org/bouncycastle/crypto/macs/Zuc256Mac.class with "No such file or directory" 

WARNING: Failed to resolve file /org/bouncycastle/crypto/modes/GCMModeCipher.class with "No such file or directory" 

WARNING: Failed to resolve file /org/bouncycastle/crypto/modes/gcm/BasicGCMExponentiator.class with "No such file or directory" 

WARNING: Failed to resolve file /org/bouncycastle/crypto/paddings/ISO7816d4Padding.class with "No such file or directory" 

WARNING: Failed to resolve file /org/bouncycastle/crypto/params/DHKeyParameters.class with "No such file or directory" 

WARNING: Failed to resolve file /org/bouncycastle/crypto/params/ECKeyGenerationParameters.class with "No such file or directory" 

WARNING: Failed to resolve file /org/bouncycastle/crypto/params/GOST3410PublicKeyParameters.class with "No such file or directory" 

WARNING: Failed to resolve file /org/bouncycastle/crypto/params/ParametersWithSalt.class with "No such file or directory" 

WARNING: Failed to resolve file /org/bouncycastle/crypto/params/XDHUPrivateParameters.class with "No such file or directory" 

WARNING: Failed to resolve file /org/bouncycastle/crypto/prng/ThreadedSeedGenerator$SeedGenerator.class with "No such file or directory" 

WARNING: Failed to resolve file /org/bouncycastle/crypto/signers/ECNRSigner.class with "No such file or directory" 

WARNING: Failed to resolve file /org/bouncycastle/crypto/signers/RandomDSAKCalculator.class with "No such file or directory" 

WARNING: Failed to resolve file /org/bouncycastle/crypto/util/DigestFactory$10.class with "No such file or directory" 

WARNING: Failed to resolve file /org/bouncycastle/crypto/util/PBKDF2Config.class with "No such file or directory" 

WARNING: Failed to resolve file /org/bouncycastle/crypto/util/RadixConverter.class with "No such file or directory" 

WARNING: Failed to resolve file /org/bouncycastle/i18n/filter/HTMLFilter.class with "No such file or directory" 

WARNING: Failed to resolve file /org/bouncycastle/internal/asn1/misc/IDEACBCPar.class with "No such file or directory" 

WARNING: Failed to resolve file /org/bouncycastle/jcajce/CompositePublicKey.class with "No such file or directory" 

WARNING: Failed to resolve file /org/bouncycastle/jcajce/PKIXCertStoreSelector.class with "No such file or directory" 

WARNING: Failed to resolve file /org/bouncycastle/jcajce/io/SignatureUpdatingOutputStream.class with "No such file or directory" 

WARNING: Failed to resolve file /org/bouncycastle/jcajce/provider/asymmetric/EXTERNAL$Mappings.class with "No such file or directory" 

WARNING: Failed to resolve file /org/bouncycastle/jcajce/provider/asymmetric/SPHINCSPlus.class with "No such file or directory" 

WARNING: Failed to resolve file /org/bouncycastle/jcajce/provider/asymmetric/compositesignatures/KeyPairGeneratorSpi$MLDSA87_ECDSA_P384_SHA512.class with "No such file or directory" 

WARNING: Failed to resolve file /org/bouncycastle/jcajce/provider/asymmetric/compositesignatures/SignatureSpi.class with "No such file or directory" 

WARNING: Failed to resolve file /org/bouncycastle/jcajce/provider/asymmetric/dh/KeyAgreementSpi$DHwithRFC2631KDF.class with "No such file or directory" 

WARNING: Failed to resolve file /org/bouncycastle/jcajce/provider/asymmetric/dh/KeyAgreementSpi.class with "No such file or directory" 

WARNING: Failed to resolve file /org/bouncycastle/jcajce/provider/asymmetric/dsa/DSASigner$dsaSha3_224.class with "No such file or directory" 

WARNING: Failed to resolve file /org/bouncycastle/jcajce/provider/asymmetric/ec/GMCipherSpi$ErasableOutputStream.class with "No such file or directory" 

WARNING: Failed to resolve file /org/bouncycastle/jcajce/provider/asymmetric/ec/IESCipher$ECIESwithAESCBC.class with "No such file or directory" 

WARNING: Failed to resolve file /org/bouncycastle/jcajce/provider/asymmetric/ec/KeyAgreementSpi$CDHwithSHA384KDFAndSharedInfo.class with "No such file or directory" 

WARNING: Failed to resolve file /org/bouncycastle/jcajce/provider/asymmetric/ec/KeyAgreementSpi$DHwithSHA384CKDF.class with "No such file or directory" 

WARNING: Failed to resolve file /org/bouncycastle/jcajce/provider/asymmetric/ec/KeyAgreementSpi$MQVwithSHA384KDF.class with "No such file or directory" 

WARNING: Failed to resolve file /org/bouncycastle/jcajce/provider/asymmetric/ec/SignatureSpi$ecCVCDSA224.class with "No such file or directory" 

WARNING: Failed to resolve file /org/bouncycastle/jcajce/provider/asymmetric/ec/SignatureSpi$ecDetDSA.class with "No such file or directory" 

WARNING: Failed to resolve file /org/bouncycastle/jcajce/provider/asymmetric/ecgost/KeyFactorySpi.class with "No such file or directory" 

WARNING: Failed to resolve file /org/bouncycastle/jcajce/provider/asymmetric/edec/IESCipher$XIESwithCipher.class with "No such file or directory" 

WARNING: Failed to resolve file /org/bouncycastle/jcajce/provider/asymmetric/edec/KeyAgreementSpi$X448UwithSHA512CKDF.class with "No such file or directory" 

WARNING: Failed to resolve file /org/bouncycastle/jcajce/provider/asymmetric/edec/KeyPairGeneratorSpi$XDH.class with "No such file or directory" 

WARNING: Failed to resolve file /org/bouncycastle/jcajce/provider/asymmetric/gost/GOSTUtil.class with "No such file or directory" 

WARNING: Failed to resolve file /org/bouncycastle/jcajce/provider/asymmetric/rsa/DigestSignatureSpi$MD5.class with "No such file or directory" 

WARNING: Failed to resolve file /org/bouncycastle/jcajce/provider/asymmetric/rsa/ISOSignatureSpi$SHA256WithRSAEncryption.class with "No such file or directory" 

WARNING: Failed to resolve file /org/bouncycastle/jcajce/provider/asymmetric/rsa/PSSSignatureSpi$SHA384withRSA.class with "No such file or directory" 

WARNING: Failed to resolve file /org/bouncycastle/jcajce/provider/asymmetric/rsa/PSSSignatureSpi$SHA512withRSA.class with "No such file or directory" 

WARNING: Failed to resolve file /org/bouncycastle/jcajce/provider/asymmetric/util/BaseCipherSpi$1.class with "No such file or directory" 

WARNING: Failed to resolve file /org/bouncycastle/jcajce/provider/asymmetric/x509/KeyFactory.class with "No such file or directory" 

WARNING: Failed to resolve file /org/bouncycastle/jcajce/provider/asymmetric/x509/X509SignatureUtil.class with "No such file or directory" 

WARNING: Failed to resolve file /org/bouncycastle/jcajce/provider/digest/DSTU7564$Digest256.class with "No such file or directory" 

WARNING: Failed to resolve file /org/bouncycastle/jcajce/provider/digest/GOST3411$KeyGenerator2012_512.class with "No such file or directory" 

WARNING: Failed to resolve file /org/bouncycastle/jcajce/provider/digest/Keccak$KeyGenerator288.class with "No such file or directory" 

WARNING: Failed to resolve file /org/bouncycastle/jcajce/provider/digest/RIPEMD128$HashMac.class with "No such file or directory" 

WARNING: Failed to resolve file /org/bouncycastle/jcajce/provider/digest/SHA1$Digest.class with "No such file or directory" 

WARNING: Failed to resolve file /org/bouncycastle/jcajce/provider/digest/SHA3$Digest512.class with "No such file or directory" 

WARNING: Failed to resolve file /org/bouncycastle/jcajce/provider/digest/SHA3$KeyGenerator512.class with "No such file or directory" 

WARNING: Failed to resolve file /org/bouncycastle/jcajce/provider/digest/SHA512$OldSHA512.class with "No such file or directory" 

WARNING: Failed to resolve file /org/bouncycastle/jcajce/provider/digest/Skein$Digest_512_384.class with "No such file or directory" 

WARNING: Failed to resolve file /org/bouncycastle/jcajce/provider/digest/Skein$HashMac_256_256.class with "No such file or directory" 

WARNING: Failed to resolve file /org/bouncycastle/jcajce/provider/digest/Skein$SkeinMac_1024_1024.class with "No such file or directory" 

WARNING: Failed to resolve file /org/bouncycastle/jcajce/provider/digest/Tiger.class with "No such file or directory" 

WARNING: Failed to resolve file /org/bouncycastle/jcajce/provider/drbg/DRBG$OneShotHybridEntropySource.class with "No such file or directory" 

WARNING: Failed to resolve file /org/bouncycastle/jcajce/provider/keystore/bc/BcKeyStoreSpi$Version1.class with "No such file or directory" 

WARNING: Failed to resolve file /org/bouncycastle/jcajce/provider/keystore/pkcs12/PKCS12KeyStoreSpi$DefPKCS12KeyStore3DES.class with "No such file or directory" 

WARNING: Failed to resolve file /org/bouncycastle/jcajce/provider/symmetric/AES$AlgParamsGCM.class with "No such file or directory" 

WARNING: Failed to resolve file /org/bouncycastle/jcajce/provider/symmetric/AES$PBEWithSHA256AESCBC128.class with "No such file or directory" 

WARNING: Failed to resolve file /org/bouncycastle/jcajce/provider/symmetric/ARC4$PBEWithSHAAnd40Bit.class with "No such file or directory" 

WARNING: Failed to resolve file /org/bouncycastle/jcajce/provider/symmetric/ARIA$Poly1305.class with "No such file or directory" 

WARNING: Failed to resolve file /org/bouncycastle/jcajce/provider/symmetric/CAST6$ECB$1.class with "No such file or directory" 

WARNING: Failed to resolve file /org/bouncycastle/jcajce/provider/symmetric/Camellia$Poly1305KeyGen.class with "No such file or directory" 

WARNING: Failed to resolve file /org/bouncycastle/jcajce/provider/symmetric/DES$DESCFB8.class with "No such file or directory" 

WARNING: Failed to resolve file /org/bouncycastle/jcajce/provider/symmetric/DESede$ECB.class with "No such file or directory" 

WARNING: Failed to resolve file /org/bouncycastle/jcajce/provider/symmetric/DSTU7624$CCM256.class with "No such file or directory" 

WARNING: Failed to resolve file /org/bouncycastle/jcajce/provider/symmetric/DSTU7624$GMAC256.class with "No such file or directory" 

WARNING: Failed to resolve file /org/bouncycastle/jcajce/provider/symmetric/GOST28147$GCFB.class with "No such file or directory" 

WARNING: Failed to resolve file /org/bouncycastle/jcajce/provider/symmetric/Grainv1$Base.class with "No such file or directory" 

WARNING: Failed to resolve file /org/bouncycastle/jcajce/provider/symmetric/IDEA$Mappings.class with "No such file or directory" 

WARNING: Failed to resolve file /org/bouncycastle/jcajce/provider/symmetric/PBEPBKDF2$BasePBKDF2.class with "No such file or directory" 

WARNING: Failed to resolve file /org/bouncycastle/jcajce/provider/symmetric/Poly1305.class with "No such file or directory" 

WARNING: Failed to resolve file /org/bouncycastle/jcajce/provider/symmetric/RC5$AlgParams.class with "No such file or directory" 

WARNING: Failed to resolve file /org/bouncycastle/jcajce/provider/symmetric/RC6$Poly1305KeyGen.class with "No such file or directory" 

WARNING: Failed to resolve file /org/bouncycastle/jcajce/provider/symmetric/SEED$Mappings.class with "No such file or directory" 

WARNING: Failed to resolve file /org/bouncycastle/jcajce/provider/symmetric/Serpent$AlgParams.class with "No such file or directory" 

WARNING: Failed to resolve file /org/bouncycastle/jcajce/provider/symmetric/Shacal2$ECB$1.class with "No such file or directory" 

WARNING: Failed to resolve file /org/bouncycastle/jcajce/provider/symmetric/Skipjack.class with "No such file or directory" 

WARNING: Failed to resolve file /org/bouncycastle/jcajce/provider/symmetric/Threefish$CMAC_512.class with "No such file or directory" 

WARNING: Failed to resolve file /org/bouncycastle/jcajce/provider/symmetric/VMPC$KeyGen.class with "No such file or directory" 

WARNING: Failed to resolve file /org/bouncycastle/jcajce/provider/symmetric/Zuc$Mappings.class with "No such file or directory" 

WARNING: Failed to resolve file /org/bouncycastle/jcajce/provider/symmetric/util/BaseWrapCipher$InvalidKeyOrParametersException.class with "No such file or directory" 

WARNING: Failed to resolve file /org/bouncycastle/jcajce/spec/AEADParameterSpec.class with "No such file or directory" 

WARNING: Failed to resolve file /org/bouncycastle/jcajce/spec/OpenSSHPrivateKeySpec.class with "No such file or directory" 

WARNING: Failed to resolve file /org/bouncycastle/jcajce/util/JcaJceUtils.class with "No such file or directory" 

WARNING: Failed to resolve file /org/bouncycastle/jce/exception/ExtCertificateEncodingException.class with "No such file or directory" 

WARNING: Failed to resolve file /org/bouncycastle/jce/provider/BouncyCastleProvider$1.class with "No such file or directory" 

WARNING: Failed to resolve file /org/bouncycastle/jce/provider/ExtCRLException.class with "No such file or directory" 

WARNING: Failed to resolve file /org/bouncycastle/jce/provider/PKIXCertPathBuilderSpi_8.class with "No such file or directory" 

WARNING: Failed to resolve file /org/bouncycastle/jce/provider/X509CertificateObject.class with "No such file or directory" 

WARNING: Failed to resolve file /org/bouncycastle/jce/spec/ElGamalPrivateKeySpec.class with "No such file or directory" 

WARNING: Failed to resolve file /org/bouncycastle/math/ec/ECCurve$Config.class with "No such file or directory" 

WARNING: Failed to resolve file /org/bouncycastle/math/ec/FixedPointUtil$1.class with "No such file or directory" 

WARNING: Failed to resolve file /org/bouncycastle/math/ec/WTauNafMultiplier.class with "No such file or directory" 

WARNING: Failed to resolve file /org/bouncycastle/math/ec/custom/sec/SecP160R1Curve$1.class with "No such file or directory" 

WARNING: Failed to resolve file /org/bouncycastle/math/ec/custom/sec/SecP224K1Curve.class with "No such file or directory" 

WARNING: Failed to resolve file /org/bouncycastle/math/ec/custom/sec/SecP384R1Field.class with "No such file or directory" 

WARNING: Failed to resolve file /org/bouncycastle/math/ec/custom/sec/SecT131R2Curve$1.class with "No such file or directory" 

WARNING: Failed to resolve file /org/bouncycastle/math/ec/custom/sec/SecT193R2Point.class with "No such file or directory" 

WARNING: Failed to resolve file /org/bouncycastle/math/ec/custom/sec/SecT283R1Point.class with "No such file or directory" 

WARNING: Failed to resolve file /org/bouncycastle/math/ec/endo/GLVEndomorphism.class with "No such file or directory" 

WARNING: Failed to resolve file /org/bouncycastle/math/ec/rfc8032/Ed25519$PointPrecomp.class with "No such file or directory" 

WARNING: Failed to resolve file /org/bouncycastle/math/field/FiniteField.class with "No such file or directory" 

WARNING: Failed to resolve file /org/bouncycastle/math/raw/Nat576.class with "No such file or directory" 

WARNING: Failed to resolve file /org/bouncycastle/pqc/asn1/SPHINCSPLUSPublicKey.class with "No such file or directory" 

WARNING: Failed to resolve file /org/bouncycastle/pqc/crypto/bike/BIKEKeyParameters.class with "No such file or directory" 

WARNING: Failed to resolve file /org/bouncycastle/pqc/crypto/cmce/Utils.class with "No such file or directory" 

WARNING: Failed to resolve file /org/bouncycastle/pqc/crypto/crystals/kyber/KyberEngine.class with "No such file or directory" 

WARNING: Failed to resolve file /org/bouncycastle/pqc/crypto/falcon/FalconConversions.class with "No such file or directory" 

WARNING: Failed to resolve file /org/bouncycastle/pqc/crypto/frodo/FrodoKEMExtractor.class with "No such file or directory" 

WARNING: Failed to resolve file /org/bouncycastle/pqc/crypto/gemss/GeMSSSigner.class with "No such file or directory" 

WARNING: Failed to resolve file /org/bouncycastle/pqc/crypto/hqc/FastFourierTransform.class with "No such file or directory" 

WARNING: Failed to resolve file /org/bouncycastle/pqc/crypto/lms/HSS.class with "No such file or directory" 

WARNING: Failed to resolve file /org/bouncycastle/pqc/crypto/lms/LMSPrivateKeyParameters$CacheKey.class with "No such file or directory" 

WARNING: Failed to resolve file /org/bouncycastle/pqc/crypto/newhope/NHSecretKeyProcessor$1.class with "No such file or directory" 

WARNING: Failed to resolve file /org/bouncycastle/pqc/crypto/ntru/OWCPAKeyPair.class with "No such file or directory" 

WARNING: Failed to resolve file /org/bouncycastle/pqc/crypto/picnic/LowmcConstants.class with "No such file or directory" 

WARNING: Failed to resolve file /org/bouncycastle/pqc/crypto/picnic/Tree.class with "No such file or directory" 

WARNING: Failed to resolve file /org/bouncycastle/pqc/crypto/saber/SABERKEMExtractor.class with "No such file or directory" 

WARNING: Failed to resolve file /org/bouncycastle/pqc/crypto/sphincs/SPHINCSPublicKeyParameters.class with "No such file or directory" 

WARNING: Failed to resolve file /org/bouncycastle/pqc/crypto/sphincsplus/SPHINCSPlusEngine$Shake256Engine.class with "No such file or directory" 

WARNING: Failed to resolve file /org/bouncycastle/pqc/crypto/util/PublicKeyFactory$CMCEConverter.class with "No such file or directory" 

WARNING: Failed to resolve file /org/bouncycastle/pqc/crypto/util/PublicKeyFactory.class with "No such file or directory" 

WARNING: Failed to resolve file /org/bouncycastle/pqc/crypto/xmss/WOTSPlusOid.class with "No such file or directory" 

WARNING: Failed to resolve file /org/bouncycastle/pqc/crypto/xmss/XMSSMTPublicKeyParameters.class with "No such file or directory" 

WARNING: Failed to resolve file /org/bouncycastle/pqc/crypto/xmss/XMSSStoreableObjectInterface.class with "No such file or directory" 

WARNING: Failed to resolve file /org/bouncycastle/pqc/jcajce/interfaces/KyberKey.class with "No such file or directory" 

WARNING: Failed to resolve file /org/bouncycastle/pqc/jcajce/interfaces/StateAwareSignature.class with "No such file or directory" 

WARNING: Failed to resolve file /org/bouncycastle/pqc/jcajce/provider/Kyber.class with "No such file or directory" 

WARNING: Failed to resolve file /org/bouncycastle/pqc/jcajce/provider/XMSS$Mappings.class with "No such file or directory" 

WARNING: Failed to resolve file /org/bouncycastle/pqc/jcajce/provider/cmce/CMCEKeyFactorySpi.class with "No such file or directory" 

WARNING: Failed to resolve file /org/bouncycastle/pqc/jcajce/provider/falcon/BCFalconPrivateKey.class with "No such file or directory" 

WARNING: Failed to resolve file /org/bouncycastle/pqc/jcajce/provider/hqc/BCHQCPublicKey.class with "No such file or directory" 

WARNING: Failed to resolve file /org/bouncycastle/pqc/jcajce/provider/kyber/KyberKeyFactorySpi$Kyber768_AES.class with "No such file or directory" 

WARNING: Failed to resolve file /org/bouncycastle/pqc/jcajce/provider/mceliece/McElieceCCA2KeyFactorySpi.class with "No such file or directory" 

WARNING: Failed to resolve file /org/bouncycastle/pqc/jcajce/provider/mceliece/McEliecePointchevalCipherSpi$McEliecePointcheval512.class with "No such file or directory" 

WARNING: Failed to resolve file /org/bouncycastle/pqc/jcajce/provider/ntruprime/NTRULPRimeKeyFactorySpi.class with "No such file or directory" 

WARNING: Failed to resolve file /org/bouncycastle/pqc/jcajce/provider/rainbow/RainbowKeyPairGeneratorSpi$RainbowIIIclassic.class with "No such file or directory" 

WARNING: Failed to resolve file /org/bouncycastle/pqc/jcajce/provider/sphincs/BCSphincs256PrivateKey.class with "No such file or directory" 

WARNING: Failed to resolve file /org/bouncycastle/pqc/jcajce/provider/sphincsplus/SPHINCSPlusKeyPairGeneratorSpi$Shake_256s.class with "No such file or directory" 

WARNING: Failed to resolve file /org/bouncycastle/pqc/jcajce/provider/xmss/XMSSMTKeyPairGeneratorSpi.class with "No such file or directory" 

WARNING: Failed to resolve file /org/bouncycastle/pqc/jcajce/provider/xmss/XMSSSignatureSpi$withShake256.class with "No such file or directory" 

WARNING: Failed to resolve file /org/bouncycastle/pqc/jcajce/spec/RainbowParameterSpec.class with "No such file or directory" 

WARNING: Failed to resolve file /org/bouncycastle/pqc/legacy/crypto/gmss/Treehash.class with "No such file or directory" 

WARNING: Failed to resolve file /org/bouncycastle/pqc/legacy/crypto/mceliece/McEliecePrivateKeyParameters.class with "No such file or directory" 

WARNING: Failed to resolve file /org/bouncycastle/pqc/legacy/crypto/ntru/NTRUSigningPrivateKeyParameters$Basis.class with "No such file or directory" 

WARNING: Failed to resolve file /org/bouncycastle/pqc/legacy/crypto/rainbow/RainbowParameters.class with "No such file or directory" 

WARNING: Failed to resolve file /org/bouncycastle/pqc/legacy/math/linearalgebra/GF2nPolynomial.class with "No such file or directory" 

WARNING: Failed to resolve file /org/bouncycastle/pqc/legacy/math/ntru/polynomial/Constants.class with "No such file or directory" 

WARNING: Failed to resolve file /org/bouncycastle/pqc/math/ntru/Polynomial.class with "No such file or directory" 

WARNING: Failed to resolve file /org/bouncycastle/util/IPAddress.class with "No such file or directory" 

WARNING: Failed to resolve file /org/bouncycastle/util/Times.class with "No such file or directory" 

WARNING: Failed to resolve file /org/bouncycastle/util/io/Streams.class with "No such file or directory" 

WARNING: Failed to resolve file /org/bouncycastle/util/test/TestFailedException.class with "No such file or directory" 

WARNING: Failed to resolve file /org/bouncycastle/x509/X509AttributeCertStoreSelector.class with "No such file or directory" 

WARNING: Failed to resolve file /org/bouncycastle/x509/util/LDAPStoreHelper.class with "No such file or directory" 

Found 542 (out of 11364) source files to analyze in /home/udesou/.bench-agent/git/macro-benches/vendor/.infer-capture-ocaml-5.5.1-46e1c32-fp
ondemand engine did not return the expected specialized summary
ondemand engine did not return the expected specialized summary
ondemand engine did not return the expected specialized summary
ondemand engine did not return the expected specialized summary
ondemand engine did not return the expected specialized summary
ondemand engine did not return the expected specialized summary
ondemand engine did not return the expected specialized summary
ondemand engine did not return the expected specialized summary
ondemand engine did not return the expected specialized summary
ondemand engine did not return the expected specialized summary
ondemand engine did not return the expected specialized summary
ondemand engine did not return the expected specialized summary
ondemand engine did not return the expected specialized summary
ondemand engine did not return the expected specialized summary
ondemand engine did not return the expected specialized summary
ondemand engine did not return the expected specialized summary
ondemand engine did not return the expected specialized summary
ondemand engine did not return the expected specialized summary
ondemand engine did not return the expected specialized summary
ondemand engine did not return the expected specialized summary
ondemand engine did not return the expected specialized summary
ondemand engine did not return the expected specialized summary
ondemand engine did not return the expected specialized summary
ondemand engine did not return the expected specialized summary
ondemand engine did not return the expected specialized summary
ondemand engine did not return the expected specialized summary
ondemand engine did not return the expected specialized summary
ondemand engine did not return the expected specialized summary
ondemand engine did not return the expected specialized summary
ondemand engine did not return the expected specialized summary
ondemand engine did not return the expected specialized summary
ondemand engine did not return the expected specialized summary
ondemand engine did not return the expected specialized summary
ondemand engine did not return the expected specialized summary
ondemand engine did not return the expected specialized summary
ondemand engine did not return the expected specialized summary
ondemand engine did not return the expected specialized summary
ondemand engine did not return the expected specialized summary
ondemand engine did not return the expected specialized summary
ondemand engine did not return the expected specialized summary
ondemand engine did not return the expected specialized summary
ondemand engine did not return the expected specialized summary
ondemand engine did not return the expected specialized summary
ondemand engine did not return the expected specialized summary
ondemand engine did not return the expected specialized summary
ondemand engine did not return the expected specialized summary
ondemand engine did not return the expected specialized summary
ondemand engine did not return the expected specialized summary
ondemand engine did not return the expected specialized summary
ondemand engine did not return the expected specialized summary
ondemand engine did not return the expected specialized summary
ondemand engine did not return the expected specialized summary
ondemand engine did not return the expected specialized summary
Could not read file /org/apache/lucene/util/RamUsageEstimator.class
Could not read file /org/bouncycastle/x509/util/LDAPStoreHelper.class
*****
{
  "rusage": {
    "user_time": 1099.727,
    "system_time": 95.03,
    "minor_faults": 1823444,
    "major_faults": 7,
    "voluntary_ctx_switches": 4991607,
    "involuntary_ctx_switches": 2258092
  },
  "olly": {
    "version": 2,
    "wall_time": 460.44,
    "cpu_time": 3209.94,
    "gc_time": 202.34,
    "gc_overhead": 6.3,
    "max_rss_kb": 7243604,
    "domain_stats": {
      "0": {
        "wall_time": 460.44,
        "gc_time": 27.99,
        "gc_overhead": 6.08
      },
      "1": {
        "wall_time": 458.78,
        "gc_time": 48.94,
        "gc_overhead": 10.67
      },
      "2": {
        "wall_time": 458.11,
        "gc_time": 18.0,
        "gc_overhead": 3.93
      },
      "3": {
        "wall_time": 458.13,
        "gc_time": 23.79,
        "gc_overhead": 5.19
      },
      "4": {
        "wall_time": 458.13,
        "gc_time": 16.53,
        "gc_overhead": 3.61
      },
      "5": {
        "wall_time": 458.11,
        "gc_time": 18.61,
        "gc_overhead": 4.06
      },
      "6": {
        "wall_time": 458.25,
        "gc_time": 48.48,
        "gc_overhead": 10.58
      }
    },
    "mean_latency": 2.565334,
    "stddev_latency": 7.148634,
    "min_latency": 0.0,
    "max_latency": 128.516095,
    "distr_latency": {
      "25.0000": 0.001655,
      "50.0000": 0.003127,
      "60.0000": 0.029663,
      "70.0000": 2.742271,
      "75.0000": 3.667967,
      "80.0000": 4.501503,
      "85.0000": 5.263359,
      "90.0000": 6.361087,
      "95.0000": 9.043967,
      "96.0000": 10.067967,
      "97.0000": 11.796479,
      "98.0000": 16.572415,
      "99.0000": 34.603007,
      "99.9000": 92.143615,
      "99.9900": 116.457471,
      "99.9990": 125.304831,
      "99.9999": 128.516095,
      "100.0000": 128.516095
    },
    "outliers": {
      "count": 0,
      "mean_latency": 0.0,
      "max_latency": 0.0
    },
    "allocations": {
      "total_heap": 145431007372,
      "minor_heap": 141362567545,
      "major_heap": 6059769166,
      "promoted_words": 1991329339,
      "promoted_pct": 1.41
    },
    "domain_alloc_stats": {
      "0": {
        "total": 463958051,
        "minor": 426274457,
        "promoted": 23547121,
        "major": 61230715,
        "promoted_pct": 5.52
      },
      "1": {
        "total": 25799328863,
        "minor": 22635079077,
        "promoted": 193984424,
        "major": 3358234210,
        "promoted_pct": 0.86
      },
      "2": {
        "total": 13893667742,
        "minor": 13966468258,
        "promoted": 188008269,
        "major": 115207753,
        "promoted_pct": 1.35
      },
      "3": {
        "total": 15713685507,
        "minor": 15830830711,
        "promoted": 231086104,
        "major": 113940900,
        "promoted_pct": 1.46
      },
      "4": {
        "total": 15763768316,
        "minor": 15850565395,
        "promoted": 250497888,
        "major": 163700809,
        "promoted_pct": 1.58
      },
      "5": {
        "total": 17670429796,
        "minor": 17757871059,
        "promoted": 354467833,
        "major": 267026570,
        "promoted_pct": 2.0
      },
      "6": {
        "total": 56126169097,
        "minor": 54895478588,
        "promoted": 749737700,
        "major": 1980428209,
        "promoted_pct": 1.37
      }
    },
    "collections": {
      "minor": 7360,
      "major": 79,
      "forced_major": 0,
      "compactions": 0
    },
    "stats_reliable": true
  },
  "counter_backend": "linux-perf",
  "perf": [
    {
      "counter-value": "1193445.487110",
      "unit": "msec",
      "event": "task-clock",
      "event-runtime": 1193445487110,
      "pcnt-running": 100.0,
      "metric-value": "2.586233",
      "metric-unit": "CPUs utilized"
    },
    {
      "counter-value": "1822354.000000",
      "unit": "",
      "event": "page-faults",
      "event-runtime": 1193445487110,
      "pcnt-running": 100.0,
      "metric-value": "1.526969",
      "metric-unit": "K/sec"
    },
    {
      "counter-value": "3907846925186.000000",
      "unit": "",
      "event": "cycles",
      "event-runtime": 1193445487110,
      "pcnt-running": 100.0,
      "metric-value": "3.274424",
      "metric-unit": "GHz"
    },
    {
      "counter-value": "4484491413350.000000",
      "unit": "",
      "event": "instructions",
      "event-runtime": 1193445487110,
      "pcnt-running": 100.0,
      "metric-value": "1.147561",
      "metric-unit": "insn per cycle"
    }
  ]
}
-----
mkdir -p PLOTTY_WORKAROUND; timedrun; OCAMLRUNPARAM="e=18,d=128" taskset -c "4,6,8,10,12,14" /home/udesou/.bench-agent/git/macro-benches/benchmarks/infer/infer_large-ocaml-5.5.1-46e1c32-fp
running-ng v0.3.8
Sun Sep 13 02:44:24 PM UTC 2026

 14:44:24 up 6 days, 14:38,  2 users,  load average: 2.39, 2.75, 2.92
USER     TTY      FROM             LOGIN@   IDLE   JCPU   PCPU  WHAT

procs -----------memory---------- ---swap-- -----io---- -system-- -------cpu-------
 r  b   swpd   free   buff  cache   si   so    bi    bo   in   cs us sy id wa st gu
 0  1    512 6777424 4621932 53035360    0    0    39  1141 2388    7 11  1 79  9  0  0
 0  1    512 6777676 4621932 53035156    0    0     0     0 1723 3033  0  0 88 12  0  0

top - 14:44:26 up 6 days, 14:38,  2 users,  load average: 2.28, 2.72, 2.91
Tasks: 282 total,   1 running, 281 sleeping,   0 stopped,   0 zombie
%Cpu(s):  1.1 us,  1.1 sy,  0.0 ni, 87.4 id, 10.3 wa,  0.0 hi,  0.0 si,  0.0 st 
MiB Mem :  64272.5 total,   6618.8 free,   2072.1 used,  56305.8 buff/cache     
MiB Swap:   8192.0 total,   8191.5 free,      0.5 used.  62200.4 avail Mem 

    PID USER      PR  NI    VIRT    RES    SHR S  %CPU  %MEM     TIME+ COMMAND
 946558 udesou    20   0   11912   5732   3580 R  10.0   0.0   0:00.01 top -bcn 1 -w512
      1 root      20   0   22936  14244   9608 S   0.0   0.0   4:06.81 /usr/lib/systemd/systemd --system --deserialize=173
      2 root      20   0       0      0      0 S   0.0   0.0   0:00.07 [kthreadd]
      3 root      20   0       0      0      0 S   0.0   0.0   0:00.00 [pool_workqueue_release]
      4 root       0 -20       0      0      0 I   0.0   0.0   0:00.00 [kworker/R-rcu_g]

Environment variables: 
	CONFIG_FILE=/home/udesou/.bench-agent/work/run-20260913-001-e1/run-20260913-001.yml
	HOME=/home/udesou
	LANG=en_US.UTF-8
	LOGNAME=udesou
	LOG_DIR=/home/udesou/.bench-agent/logs
	OLLY_DIR=/home/udesou/.bench-agent/git/olly
	PATH=/usr/local/bin:/home/udesou/.bench-agent/git/olly/_build/install/default/bin:/home/udesou/.opam/running-ng-tools/bin:/home/udesou/.vscode-server/data/User/globalStorage/github.copilot-chat/debugCommand:/home/udesou/.vscode-server/data/User/globalStorage/github.copilot-chat/copilotCli:/home/udesou/.vscode-server/cli/servers/Stable-08d4889f9ec4a1685d257b9b95de036c8e1ce1e5/server/bin/remote-cli:/home/udesou/.opam/running-ng-ocaml-5.5.0-f523850-fp-flambda/bin:/home/udesou/.local/bin:/home/udesou/.opam/running-ng-ocaml-5.5.0-f523850-fp-flambda/bin:/home/udesou/.local/bin:/usr/local/sbin:/usr/local/bin:/usr/sbin:/usr/bin:/sbin:/bin:/usr/games:/usr/local/games:/snap/bin
	PWD=/home/udesou/ocaml-bench-service
	PYTHONPATH=/home/udesou/.bench-agent/git/running-ng/src
	RUNNING_BENCH_DIR=/home/udesou/.bench-agent/git/macro-benches
	RUNNING_MACRO_BENCH_DIR=/home/udesou/.bench-agent/git/macro-benches
	RUNNING_NG_PACKAGE_DATA=/home/udesou/.bench-agent/git/running-ng/src/running/config
	RUNNING_REUSE_SWITCHES=1
	RUNNING_TAG=default_run,large_run
	SHELL=/bin/bash
	SHLVL=1
	TERM=screen.xterm-256color
	USER=udesou
	_=/usr/bin/python3
OS: Linux obelisk 6.8.0-139-generic #139-Ubuntu SMP PREEMPT_DYNAMIC Sat Aug  1 03:52:05 UTC 2026 x86_64 x86_64 x86_64 GNU/Linux
CPU: Intel(R) Xeon(R) CPU E5-2667 v2 @ 3.30GHz
number of cores: 8
Frequency of cpu 0: 3.30 GHz
Governor of cpu 0: performance
Scaling_min_freq of cpu 0: 1.20 GHz
Frequency of cpu 2: 3.30 GHz
Governor of cpu 2: performance
Scaling_min_freq of cpu 2: 1.20 GHz
Frequency of cpu 4: 3.30 GHz
Governor of cpu 4: performance
Scaling_min_freq of cpu 4: 1.20 GHz
Frequency of cpu 6: 3.30 GHz
Governor of cpu 6: performance
Scaling_min_freq of cpu 6: 1.20 GHz
WARNING: Failed to resolve file /com/google/common/annotations/Beta.class with "No such file or directory" 

WARNING: Failed to resolve file /com/google/common/base/CharMatcher$BitSetMatcher.class with "No such file or directory" 

WARNING: Failed to resolve file /com/google/common/base/CharMatcher$RangesMatcher.class with "No such file or directory" 

WARNING: Failed to resolve file /com/google/common/base/Equivalence$Wrapper.class with "No such file or directory" 

WARNING: Failed to resolve file /com/google/common/base/Functions$SupplierFunction.class with "No such file or directory" 

WARNING: Failed to resolve file /com/google/common/base/Platform$JdkPatternCompiler.class with "No such file or directory" 

WARNING: Failed to resolve file /com/google/common/base/Present.class with "No such file or directory" 

WARNING: Failed to resolve file /com/google/common/base/Suppliers$MemoizingSupplier.class with "No such file or directory" 

WARNING: Failed to resolve file /com/google/common/cache/Cache.class with "No such file or directory" 

WARNING: Failed to resolve file /com/google/common/cache/CacheBuilderSpec$WriteDurationParser.class with "No such file or directory" 

WARNING: Failed to resolve file /com/google/common/cache/LocalCache$AccessQueue.class with "No such file or directory" 

WARNING: Failed to resolve file /com/google/common/cache/LocalCache$ManualSerializationProxy.class with "No such file or directory" 

WARNING: Failed to resolve file /com/google/common/cache/LocalCache$WeakWriteEntry.class with "No such file or directory" 

WARNING: Failed to resolve file /com/google/common/cache/RemovalCause.class with "No such file or directory" 

WARNING: Failed to resolve file /com/google/common/collect/AbstractIterator.class with "No such file or directory" 

WARNING: Failed to resolve file /com/google/common/collect/AbstractMapBasedMultimap$WrappedSortedSet.class with "No such file or directory" 

WARNING: Failed to resolve file /com/google/common/collect/AbstractSortedKeySortedSetMultimap.class with "No such file or directory" 

WARNING: Failed to resolve file /com/google/common/collect/ArrayTable.class with "No such file or directory" 

WARNING: Failed to resolve file /com/google/common/collect/Collections2.class with "No such file or directory" 

WARNING: Failed to resolve file /com/google/common/collect/ComparisonChain.class with "No such file or directory" 

WARNING: Failed to resolve file /com/google/common/collect/DenseImmutableTable$ImmutableArrayMap$1.class with "No such file or directory" 

WARNING: Failed to resolve file /com/google/common/collect/EnumMultiset$1.class with "No such file or directory" 

WARNING: Failed to resolve file /com/google/common/collect/FilteredKeyMultimap$Entries.class with "No such file or directory" 

WARNING: Failed to resolve file /com/google/common/collect/ForwardingIterator.class with "No such file or directory" 

WARNING: Failed to resolve file /com/google/common/collect/ForwardingSetMultimap.class with "No such file or directory" 

WARNING: Failed to resolve file /com/google/common/collect/HashBiMap$InverseSerializedForm.class with "No such file or directory" 

WARNING: Failed to resolve file /com/google/common/collect/ImmutableEnumMap$1.class with "No such file or directory" 

WARNING: Failed to resolve file /com/google/common/collect/ImmutableMap$SerializedForm.class with "No such file or directory" 

WARNING: Failed to resolve file /com/google/common/collect/ImmutableMultimap$Values.class with "No such file or directory" 

WARNING: Failed to resolve file /com/google/common/collect/ImmutableRangeSet$ComplementRanges.class with "No such file or directory" 

WARNING: Failed to resolve file /com/google/common/collect/ImmutableSortedMap.class with "No such file or directory" 

WARNING: Failed to resolve file /com/google/common/collect/Interners$InternerBuilder.class with "No such file or directory" 

WARNING: Failed to resolve file /com/google/common/collect/Iterators$3.class with "No such file or directory" 

WARNING: Failed to resolve file /com/google/common/collect/LinkedHashMultimap$1.class with "No such file or directory" 

WARNING: Failed to resolve file /com/google/common/collect/Lists$2.class with "No such file or directory" 

WARNING: Failed to resolve file /com/google/common/collect/MapMakerInternalMap$1.class with "No such file or directory" 

WARNING: Failed to resolve file /com/google/common/collect/MapMakerInternalMap$StrongKeyDummyValueSegment.class with "No such file or directory" 

WARNING: Failed to resolve file /com/google/common/collect/MapMakerInternalMap$WeakValueReferenceImpl.class with "No such file or directory" 

WARNING: Failed to resolve file /com/google/common/collect/Maps$DescendingMap$1EntrySetImpl.class with "No such file or directory" 

WARNING: Failed to resolve file /com/google/common/collect/Maps$IteratorBasedAbstractMap.class with "No such file or directory" 

WARNING: Failed to resolve file /com/google/common/collect/MinMaxPriorityQueue$Heap.class with "No such file or directory" 

WARNING: Failed to resolve file /com/google/common/collect/MultimapBuilder$MultimapBuilderWithKeys$5.class with "No such file or directory" 

WARNING: Failed to resolve file /com/google/common/collect/Multimaps$TransformedEntriesListMultimap.class with "No such file or directory" 

WARNING: Failed to resolve file /com/google/common/collect/Multisets$AbstractEntry.class with "No such file or directory" 

WARNING: Failed to resolve file /com/google/common/collect/Ordering$ArbitraryOrderingHolder.class with "No such file or directory" 

WARNING: Failed to resolve file /com/google/common/collect/RegularImmutableBiMap$Inverse$InverseEntrySet$1.class with "No such file or directory" 

WARNING: Failed to resolve file /com/google/common/collect/ReverseOrdering.class with "No such file or directory" 

WARNING: Failed to resolve file /com/google/common/collect/Sets$DescendingSet.class with "No such file or directory" 

WARNING: Failed to resolve file /com/google/common/collect/SortedLists$KeyAbsentBehavior$3.class with "No such file or directory" 

WARNING: Failed to resolve file /com/google/common/collect/StandardTable$CellIterator.class with "No such file or directory" 

WARNING: Failed to resolve file /com/google/common/collect/Streams$1.class with "No such file or directory" 

WARNING: Failed to resolve file /com/google/common/collect/Synchronized$SynchronizedAsMapEntries.class with "No such file or directory" 

WARNING: Failed to resolve file /com/google/common/collect/Synchronized$SynchronizedSortedSetMultimap.class with "No such file or directory" 

WARNING: Failed to resolve file /com/google/common/collect/TransformedListIterator.class with "No such file or directory" 

WARNING: Failed to resolve file /com/google/common/collect/TreeRangeMap$SubRangeMap$1.class with "No such file or directory" 

WARNING: Failed to resolve file /com/google/common/collect/TreeRangeSet.class with "No such file or directory" 

WARNING: Failed to resolve file /com/google/common/collect/package-info.class with "No such file or directory" 

WARNING: Failed to resolve file /com/google/common/eventbus/Dispatcher$1.class with "No such file or directory" 

WARNING: Failed to resolve file /com/google/common/eventbus/package-info.class with "No such file or directory" 

WARNING: Failed to resolve file /com/google/common/graph/AbstractValueGraph$2.class with "No such file or directory" 

WARNING: Failed to resolve file /com/google/common/graph/EndpointPair$1.class with "No such file or directory" 

WARNING: Failed to resolve file /com/google/common/graph/ImmutableGraph.class with "No such file or directory" 

WARNING: Failed to resolve file /com/google/common/graph/SuccessorsFunction.class with "No such file or directory" 

WARNING: Failed to resolve file /com/google/common/graph/UndirectedMultiNetworkConnections.class with "No such file or directory" 

WARNING: Failed to resolve file /com/google/common/hash/BloomFilterStrategies.class with "No such file or directory" 

WARNING: Failed to resolve file /com/google/common/hash/HashFunction.class with "No such file or directory" 

WARNING: Failed to resolve file /com/google/common/hash/LittleEndianByteArray$UnsafeByteArray$1.class with "No such file or directory" 

WARNING: Failed to resolve file /com/google/common/hash/Murmur3_32HashFunction.class with "No such file or directory" 

WARNING: Failed to resolve file /com/google/common/io/BaseEncoding$StandardBaseEncoding$1.class with "No such file or directory" 

WARNING: Failed to resolve file /com/google/common/io/CharSequenceReader.class with "No such file or directory" 

WARNING: Failed to resolve file /com/google/common/io/FileBackedOutputStream.class with "No such file or directory" 

WARNING: Failed to resolve file /com/google/common/io/MoreFiles$3.class with "No such file or directory" 

WARNING: Failed to resolve file /com/google/common/math/LinearTransformation$1.class with "No such file or directory" 

WARNING: Failed to resolve file /com/google/common/math/package-info.class with "No such file or directory" 

WARNING: Failed to resolve file /com/google/common/primitives/Chars$CharArrayAsList.class with "No such file or directory" 

WARNING: Failed to resolve file /com/google/common/primitives/ImmutableLongArray$Builder.class with "No such file or directory" 

WARNING: Failed to resolve file /com/google/common/primitives/UnsignedBytes$LexicographicalComparatorHolder$UnsafeComparator.class with "No such file or directory" 

WARNING: Failed to resolve file /com/google/common/reflect/ImmutableTypeToInstanceMap.class with "No such file or directory" 

WARNING: Failed to resolve file /com/google/common/reflect/TypeToInstanceMap.class with "No such file or directory" 

WARNING: Failed to resolve file /com/google/common/reflect/TypeVisitor.class with "No such file or directory" 

WARNING: Failed to resolve file /com/google/common/reflect/Types.class with "No such file or directory" 

WARNING: Failed to resolve file /com/google/common/util/concurrent/AbstractFuture$TrustedFuture.class with "No such file or directory" 

WARNING: Failed to resolve file /com/google/common/util/concurrent/AbstractScheduledService$ServiceDelegate$2.class with "No such file or directory" 

WARNING: Failed to resolve file /com/google/common/util/concurrent/AggregateFuture$RunningState.class with "No such file or directory" 

WARNING: Failed to resolve file /com/google/common/util/concurrent/CollectionFuture$ListFuture.class with "No such file or directory" 

WARNING: Failed to resolve file /com/google/common/util/concurrent/CycleDetectingLockFactory$WithExplicitOrdering.class with "No such file or directory" 

WARNING: Failed to resolve file /com/google/common/util/concurrent/ForwardingFluentFuture.class with "No such file or directory" 

WARNING: Failed to resolve file /com/google/common/util/concurrent/FuturesGetChecked$GetCheckedTypeValidatorHolder$ClassValueValidator$1.class with "No such file or directory" 

WARNING: Failed to resolve file /com/google/common/util/concurrent/ListenableScheduledFuture.class with "No such file or directory" 

WARNING: Failed to resolve file /com/google/common/util/concurrent/MoreExecutors$ScheduledListeningDecorator.class with "No such file or directory" 

WARNING: Failed to resolve file /com/google/common/util/concurrent/Service$State$6.class with "No such file or directory" 

WARNING: Failed to resolve file /com/google/common/util/concurrent/SmoothRateLimiter$SmoothBursty.class with "No such file or directory" 

WARNING: Failed to resolve file /com/google/common/util/concurrent/ThreadFactoryBuilder.class with "No such file or directory" 

WARNING: Failed to resolve file /com/google/common/xml/package-info.class with "No such file or directory" 

WARNING: Failed to resolve file /net/bytebuddy/NamingStrategy$Suffixing$BaseNameResolver$WithCallerSuffix.class with "No such file or directory" 

WARNING: Failed to resolve file /net/bytebuddy/agent/builder/AgentBuilder$CircularityLock$Global.class with "No such file or directory" 

WARNING: Failed to resolve file /net/bytebuddy/agent/builder/AgentBuilder$Default$Redefining$WithResubmission.class with "No such file or directory" 

WARNING: Failed to resolve file /net/bytebuddy/agent/builder/AgentBuilder$DescriptionStrategy$SuperTypeLoading.class with "No such file or directory" 

WARNING: Failed to resolve file /net/bytebuddy/agent/builder/AgentBuilder$InitializationStrategy.class with "No such file or directory" 

WARNING: Failed to resolve file /net/bytebuddy/agent/builder/AgentBuilder$LambdaInstrumentationStrategy$LambdaInstanceFactory$FactoryImplementation.class with "No such file or directory" 

WARNING: Failed to resolve file /net/bytebuddy/agent/builder/AgentBuilder$Listener$StreamWriting.class with "No such file or directory" 

WARNING: Failed to resolve file /net/bytebuddy/agent/builder/AgentBuilder$PoolStrategy$Eager.class with "No such file or directory" 

WARNING: Failed to resolve file /net/bytebuddy/agent/builder/AgentBuilder$RedefinitionListenable$ResubmissionOnErrorMatcher.class with "No such file or directory" 

WARNING: Failed to resolve file /net/bytebuddy/agent/builder/AgentBuilder$RedefinitionStrategy$DiscoveryStrategy$Explicit.class with "No such file or directory" 

WARNING: Failed to resolve file /net/bytebuddy/agent/builder/AgentBuilder$RedefinitionStrategy$Listener$Yielding.class with "No such file or directory" 

WARNING: Failed to resolve file /net/bytebuddy/agent/builder/AgentBuilder$Transformer$ForAdvice$Entry$ForSplitAdvice.class with "No such file or directory" 

WARNING: Failed to resolve file /net/bytebuddy/agent/builder/package-info.class with "No such file or directory" 

WARNING: Failed to resolve file /net/bytebuddy/asm/Advice$ArgumentHandler$ForInstrumentedMethod.class with "No such file or directory" 

WARNING: Failed to resolve file /net/bytebuddy/asm/Advice$AssignReturned$ToAllArguments$Handler.class with "No such file or directory" 

WARNING: Failed to resolve file /net/bytebuddy/asm/Advice$Delegator$ForStaticInvocation.class with "No such file or directory" 

WARNING: Failed to resolve file /net/bytebuddy/asm/Advice$Dispatcher$Inlining$Resolved$ForMethodEnter$WithRetainedEnterType.class with "No such file or directory" 

WARNING: Failed to resolve file /net/bytebuddy/asm/Advice$Dispatcher$RelocationHandler.class with "No such file or directory" 

WARNING: Failed to resolve file /net/bytebuddy/asm/Advice$Local.class with "No such file or directory" 

WARNING: Failed to resolve file /net/bytebuddy/asm/Advice$OffsetMapping$ForEnterValue$Factory.class with "No such file or directory" 

WARNING: Failed to resolve file /net/bytebuddy/asm/Advice$OffsetMapping$ForOrigin$Renderer$ForJavaSignature.class with "No such file or directory" 

WARNING: Failed to resolve file /net/bytebuddy/asm/Advice$OffsetMapping$ForThrowable.class with "No such file or directory" 

WARNING: Failed to resolve file /net/bytebuddy/asm/Advice$OffsetMapping$Target$ForVariable.class with "No such file or directory" 

WARNING: Failed to resolve file /net/bytebuddy/asm/Advice$StackMapFrameHandler$Default$TranslationMode.class with "No such file or directory" 

WARNING: Failed to resolve file /net/bytebuddy/asm/AsmVisitorWrapper$ForDeclaredFields$FieldVisitorWrapper.class with "No such file or directory" 

WARNING: Failed to resolve file /net/bytebuddy/asm/MemberAttributeExtension$ForField$FieldAttributeVisitor.class with "No such file or directory" 

WARNING: Failed to resolve file /net/bytebuddy/asm/MemberSubstitution$Substitution$Chain$Factory.class with "No such file or directory" 

WARNING: Failed to resolve file /net/bytebuddy/asm/MemberSubstitution$Substitution.class with "No such file or directory" 

WARNING: Failed to resolve file /net/bytebuddy/asm/package-info.class with "No such file or directory" 

WARNING: Failed to resolve file /net/bytebuddy/build/CachedReturnPlugin$Advice$float.class with "No such file or directory" 

WARNING: Failed to resolve file /net/bytebuddy/build/HashCodeAndEqualsPlugin$Enhance$InvokeSuper$3.class with "No such file or directory" 

WARNING: Failed to resolve file /net/bytebuddy/build/Plugin$Engine$Dispatcher$ForParallelTransformation$WithThrowawayExecutorService.class with "No such file or directory" 

WARNING: Failed to resolve file /net/bytebuddy/build/Plugin$Engine$Listener$Adapter.class with "No such file or directory" 

WARNING: Failed to resolve file /net/bytebuddy/build/Plugin$Engine$Source$ForFolder.class with "No such file or directory" 

WARNING: Failed to resolve file /net/bytebuddy/build/Plugin$Engine$TypeStrategy$Default.class with "No such file or directory" 

WARNING: Failed to resolve file /net/bytebuddy/build/Plugin$NoOp.class with "No such file or directory" 

WARNING: Failed to resolve file /net/bytebuddy/description/ModifierReviewable$ForParameterDescription.class with "No such file or directory" 

WARNING: Failed to resolve file /net/bytebuddy/description/annotation/AnnotationDescription$Latent.class with "No such file or directory" 

WARNING: Failed to resolve file /net/bytebuddy/description/annotation/AnnotationValue$ForConstant$PropertyDelegate$ForArrayType$3.class with "No such file or directory" 

WARNING: Failed to resolve file /net/bytebuddy/description/annotation/AnnotationValue$ForDescriptionArray.class with "No such file or directory" 

WARNING: Failed to resolve file /net/bytebuddy/description/annotation/AnnotationValue$RenderingDispatcher$3.class with "No such file or directory" 

WARNING: Failed to resolve file /net/bytebuddy/description/field/FieldDescription$TypeSubstituting.class with "No such file or directory" 

WARNING: Failed to resolve file /net/bytebuddy/description/method/MethodDescription$Token.class with "No such file or directory" 

WARNING: Failed to resolve file /net/bytebuddy/description/method/ParameterDescription$InDefinedShape$AbstractBase.class with "No such file or directory" 

WARNING: Failed to resolve file /net/bytebuddy/description/method/package-info.class with "No such file or directory" 

WARNING: Failed to resolve file /net/bytebuddy/description/modifier/Visibility.class with "No such file or directory" 

WARNING: Failed to resolve file /net/bytebuddy/description/type/RecordComponentList$ForTokens.class with "No such file or directory" 

WARNING: Failed to resolve file /net/bytebuddy/description/type/TypeDescription$Generic$AnnotationReader$Delegator$ForLoadedField$Dispatcher.class with "No such file or directory" 

WARNING: Failed to resolve file /net/bytebuddy/description/type/TypeDescription$Generic$AnnotationReader$ForWildcardLowerBoundType.class with "No such file or directory" 

WARNING: Failed to resolve file /net/bytebuddy/description/type/TypeDescription$Generic$LazyProjection$WithLazyNavigation$LazySuperClass.class with "No such file or directory" 

WARNING: Failed to resolve file /net/bytebuddy/description/type/TypeDescription$Generic$OfParameterizedType$RenderingDelegate.class with "No such file or directory" 

WARNING: Failed to resolve file /net/bytebuddy/description/type/TypeDescription$Generic$Visitor$Assigner$Dispatcher$ForParameterizedType.class with "No such file or directory" 

WARNING: Failed to resolve file /net/bytebuddy/description/type/TypeDescription$Generic$Visitor$TypeErasing.class with "No such file or directory" 

WARNING: Failed to resolve file /net/bytebuddy/description/type/TypeList$Generic$AbstractBase.class with "No such file or directory" 

WARNING: Failed to resolve file /net/bytebuddy/dynamic/ClassFileLocator$ForClassLoader$WeaklyReferenced.class with "No such file or directory" 

WARNING: Failed to resolve file /net/bytebuddy/dynamic/ClassFileLocator$ForUrl.class with "No such file or directory" 

WARNING: Failed to resolve file /net/bytebuddy/dynamic/DynamicType$Builder$AbstractBase$Adapter$RecordComponentMatchAdapter.class with "No such file or directory" 

WARNING: Failed to resolve file /net/bytebuddy/dynamic/DynamicType$Builder$MethodDefinition$ImplementationDefinition.class with "No such file or directory" 

WARNING: Failed to resolve file /net/bytebuddy/dynamic/DynamicType$Builder$RecordComponentDefinition$Optional$AbstractBase.class with "No such file or directory" 

WARNING: Failed to resolve file /net/bytebuddy/dynamic/Transformer$ForField$FieldModifierTransformer.class with "No such file or directory" 

WARNING: Failed to resolve file /net/bytebuddy/dynamic/VisibilityBridgeStrategy$Default$3.class with "No such file or directory" 

WARNING: Failed to resolve file /net/bytebuddy/dynamic/loading/ByteArrayClassLoader$SynchronizationStrategy$ForJava8CapableVm.class with "No such file or directory" 

WARNING: Failed to resolve file /net/bytebuddy/dynamic/loading/ClassInjector$UsingJna$Dispatcher.class with "No such file or directory" 

WARNING: Failed to resolve file /net/bytebuddy/dynamic/loading/ClassInjector$UsingUnsafe$Dispatcher$Initializable.class with "No such file or directory" 

WARNING: Failed to resolve file /net/bytebuddy/dynamic/loading/ClassReloadingStrategy$BootstrapInjection.class with "No such file or directory" 

WARNING: Failed to resolve file /net/bytebuddy/dynamic/loading/PackageDefinitionStrategy$ManifestReading.class with "No such file or directory" 

WARNING: Failed to resolve file /net/bytebuddy/dynamic/scaffold/FieldLocator$Resolution$Illegal.class with "No such file or directory" 

WARNING: Failed to resolve file /net/bytebuddy/dynamic/scaffold/InstrumentedType.class with "No such file or directory" 

WARNING: Failed to resolve file /net/bytebuddy/dynamic/scaffold/MethodGraph$Compiler$ForDeclaredMethods.class with "No such file or directory" 

WARNING: Failed to resolve file /net/bytebuddy/dynamic/scaffold/MethodRegistry$Handler$ForAnnotationValue.class with "No such file or directory" 

WARNING: Failed to resolve file /net/bytebuddy/dynamic/scaffold/TypeWriter$Default$ClassDumpAction$Dispatcher$Disabled.class with "No such file or directory" 

WARNING: Failed to resolve file /net/bytebuddy/dynamic/scaffold/TypeWriter$Default$ForInlining$WithFullProcessing$InitializationHandler$Appending$WithoutDrain.class with "No such file or directory" 

WARNING: Failed to resolve file /net/bytebuddy/dynamic/scaffold/TypeWriter$Default$ValidatingClassVisitor$Constraint.class with "No such file or directory" 

WARNING: Failed to resolve file /net/bytebuddy/dynamic/scaffold/TypeWriter$MethodPool$Record.class with "No such file or directory" 

WARNING: Failed to resolve file /net/bytebuddy/dynamic/scaffold/inline/MethodRebaseResolver$Resolution.class with "No such file or directory" 

WARNING: Failed to resolve file /net/bytebuddy/dynamic/scaffold/subclass/SubclassImplementationTarget$1.class with "No such file or directory" 

WARNING: Failed to resolve file /net/bytebuddy/implementation/EqualsMethod$SuperClassCheck.class with "No such file or directory" 

WARNING: Failed to resolve file /net/bytebuddy/implementation/EqualsMethod$ValueComparator$9.class with "No such file or directory" 

WARNING: Failed to resolve file /net/bytebuddy/implementation/FieldAccessor$ForSetter$OfDefaultValue.class with "No such file or directory" 

WARNING: Failed to resolve file /net/bytebuddy/implementation/FixedValue$ForValue.class with "No such file or directory" 

WARNING: Failed to resolve file /net/bytebuddy/implementation/HashCodeMethod$ValueTransformer$4.class with "No such file or directory" 

WARNING: Failed to resolve file /net/bytebuddy/implementation/Implementation$Context$Default$FieldGetterDelegation.class with "No such file or directory" 

WARNING: Failed to resolve file /net/bytebuddy/implementation/Implementation$SpecialMethodInvocation.class with "No such file or directory" 

WARNING: Failed to resolve file /net/bytebuddy/implementation/InvokeDynamic$InvocationProvider$ArgumentProvider$ConstantPoolWrapper$4.class with "No such file or directory" 

WARNING: Failed to resolve file /net/bytebuddy/implementation/InvokeDynamic$InvocationProvider$ArgumentProvider$ForLongConstant.class with "No such file or directory" 

WARNING: Failed to resolve file /net/bytebuddy/implementation/InvokeDynamic$InvocationProvider.class with "No such file or directory" 

WARNING: Failed to resolve file /net/bytebuddy/implementation/MethodCall$ArgumentLoader$Factory.class with "No such file or directory" 

WARNING: Failed to resolve file /net/bytebuddy/implementation/MethodCall$ArgumentLoader$ForThisReference$Factory.class with "No such file or directory" 

WARNING: Failed to resolve file /net/bytebuddy/implementation/MethodCall$MethodLocator.class with "No such file or directory" 

WARNING: Failed to resolve file /net/bytebuddy/implementation/MethodCall$TargetHandler.class with "No such file or directory" 

WARNING: Failed to resolve file /net/bytebuddy/implementation/MethodDelegation$ImplementationDelegate$ForField.class with "No such file or directory" 

WARNING: Failed to resolve file /net/bytebuddy/implementation/ToStringMethod$PrefixResolver.class with "No such file or directory" 

WARNING: Failed to resolve file /net/bytebuddy/implementation/ToStringMethod.class with "No such file or directory" 

WARNING: Failed to resolve file /net/bytebuddy/implementation/attribute/FieldAttributeAppender$Factory.class with "No such file or directory" 

WARNING: Failed to resolve file /net/bytebuddy/implementation/attribute/RecordComponentAttributeAppender$Factory.class with "No such file or directory" 

WARNING: Failed to resolve file /net/bytebuddy/implementation/auxiliary/MethodCallProxy$MethodCall$Appender.class with "No such file or directory" 

WARNING: Failed to resolve file /net/bytebuddy/implementation/auxiliary/package-info.class with "No such file or directory" 

WARNING: Failed to resolve file /net/bytebuddy/implementation/bind/MethodDelegationBinder$MethodInvoker.class with "No such file or directory" 

WARNING: Failed to resolve file /net/bytebuddy/implementation/bind/annotation/Argument$BindingMechanic$2.class with "No such file or directory" 

WARNING: Failed to resolve file /net/bytebuddy/implementation/bind/annotation/Empty$Binder.class with "No such file or directory" 

WARNING: Failed to resolve file /net/bytebuddy/implementation/bind/annotation/FieldValue$Binder.class with "No such file or directory" 

WARNING: Failed to resolve file /net/bytebuddy/implementation/bind/annotation/Pipe$Binder$RedirectionProxy$MethodCall.class with "No such file or directory" 

WARNING: Failed to resolve file /net/bytebuddy/implementation/bind/annotation/SuperMethod$Binder.class with "No such file or directory" 

WARNING: Failed to resolve file /net/bytebuddy/implementation/bytecode/ByteCodeAppender.class with "No such file or directory" 

WARNING: Failed to resolve file /net/bytebuddy/implementation/bytecode/StackManipulation$Size.class with "No such file or directory" 

WARNING: Failed to resolve file /net/bytebuddy/implementation/bytecode/assign/primitive/PrimitiveUnboxingDelegate$ExplicitlyTypedUnboxingResponsible.class with "No such file or directory" 

WARNING: Failed to resolve file /net/bytebuddy/implementation/bytecode/collection/ArrayFactory$ArrayCreator$ForPrimitiveType.class with "No such file or directory" 

WARNING: Failed to resolve file /net/bytebuddy/implementation/bytecode/constant/JavaConstantValue$Visitor.class with "No such file or directory" 

WARNING: Failed to resolve file /net/bytebuddy/implementation/bytecode/member/FieldAccess$Defined.class with "No such file or directory" 

WARNING: Failed to resolve file /net/bytebuddy/implementation/bytecode/member/package-info.class with "No such file or directory" 

WARNING: Failed to resolve file /net/bytebuddy/jar/asm/Handler.class with "No such file or directory" 

WARNING: Failed to resolve file /net/bytebuddy/jar/asm/commons/ModuleRemapper.class with "No such file or directory" 

WARNING: Failed to resolve file /net/bytebuddy/matcher/CollectionSizeMatcher.class with "No such file or directory" 

WARNING: Failed to resolve file /net/bytebuddy/matcher/HasSuperClassMatcher.class with "No such file or directory" 

WARNING: Failed to resolve file /net/bytebuddy/matcher/MethodSortMatcher$1.class with "No such file or directory" 

WARNING: Failed to resolve file /net/bytebuddy/matcher/StringMatcher$Mode$5.class with "No such file or directory" 

WARNING: Failed to resolve file /net/bytebuddy/pool/TypePool$CacheProvider$Simple$UsingSoftReference.class with "No such file or directory" 

WARNING: Failed to resolve file /net/bytebuddy/pool/TypePool$Default$GenericTypeExtractor$ForSignature$OfMethod$ParameterTypeRegistrant.class with "No such file or directory" 

WARNING: Failed to resolve file /net/bytebuddy/pool/TypePool$Default$LazyTypeDescription$AnnotationToken.class with "No such file or directory" 

WARNING: Failed to resolve file /net/bytebuddy/pool/TypePool$Default$LazyTypeDescription$GenericTypeToken$ForUnboundWildcard.class with "No such file or directory" 

WARNING: Failed to resolve file /net/bytebuddy/pool/TypePool$Default$LazyTypeDescription$LazyAnnotationDescription.class with "No such file or directory" 

WARNING: Failed to resolve file /net/bytebuddy/pool/TypePool$Default$LazyTypeDescription$MethodTokenList.class with "No such file or directory" 

WARNING: Failed to resolve file /net/bytebuddy/pool/TypePool$Default$TypeExtractor.class with "No such file or directory" 

WARNING: Failed to resolve file /net/bytebuddy/utility/FileSystem$ForNio2CapableVm$Files.class with "No such file or directory" 

WARNING: Failed to resolve file /net/bytebuddy/utility/JavaConstant$Simple$Dispatcher$OfMethodHandleDesc.class with "No such file or directory" 

WARNING: Failed to resolve file /net/bytebuddy/utility/dispatcher/JavaDispatcher$Container.class with "No such file or directory" 

WARNING: Failed to resolve file /net/bytebuddy/utility/dispatcher/JavaDispatcher$IsStatic.class with "No such file or directory" 

WARNING: Failed to resolve file /net/bytebuddy/utility/visitor/StackAwareMethodVisitor$1.class with "No such file or directory" 

WARNING: Failed to resolve file /org/apache/lucene/analysis/CharArrayMap$MapEntry.class with "No such file or directory" 

WARNING: Failed to resolve file /org/apache/lucene/analysis/TokenStream.class with "No such file or directory" 

WARNING: Failed to resolve file /org/apache/lucene/analysis/tokenattributes/OffsetAttribute.class with "No such file or directory" 

WARNING: Failed to resolve file /org/apache/lucene/codecs/BufferingKnnVectorsWriter$BufferedFloatVectorValues.class with "No such file or directory" 

WARNING: Failed to resolve file /org/apache/lucene/codecs/DocValuesConsumer$8$1.class with "No such file or directory" 

WARNING: Failed to resolve file /org/apache/lucene/codecs/KnnVectorsFormat.class with "No such file or directory" 

WARNING: Failed to resolve file /org/apache/lucene/codecs/PointsFormat.class with "No such file or directory" 

WARNING: Failed to resolve file /org/apache/lucene/codecs/TermVectorsWriter$TermVectorsMergeSub.class with "No such file or directory" 

WARNING: Failed to resolve file /org/apache/lucene/codecs/hnsw/FlatFieldVectorsWriter.class with "No such file or directory" 

WARNING: Failed to resolve file /org/apache/lucene/codecs/lucene90/LZ4WithPresetDictCompressionMode$LZ4WithPresetDictCompressor.class with "No such file or directory" 

WARNING: Failed to resolve file /org/apache/lucene/codecs/lucene90/Lucene90DocValuesProducer$13.class with "No such file or directory" 

WARNING: Failed to resolve file /org/apache/lucene/codecs/lucene90/Lucene90DocValuesProducer$7.class with "No such file or directory" 

WARNING: Failed to resolve file /org/apache/lucene/codecs/lucene90/Lucene90NormsProducer$1.class with "No such file or directory" 

WARNING: Failed to resolve file /org/apache/lucene/codecs/lucene90/Lucene90StoredFieldsFormat.class with "No such file or directory" 

WARNING: Failed to resolve file /org/apache/lucene/codecs/lucene90/compressing/FieldsIndex.class with "No such file or directory" 

WARNING: Failed to resolve file /org/apache/lucene/codecs/lucene90/compressing/Lucene90CompressingTermVectorsWriter$DocData.class with "No such file or directory" 

WARNING: Failed to resolve file /org/apache/lucene/codecs/lucene912/Lucene912PostingsWriter.class with "No such file or directory" 

WARNING: Failed to resolve file /org/apache/lucene/codecs/lucene99/Lucene99FlatVectorsFormat.class with "No such file or directory" 

WARNING: Failed to resolve file /org/apache/lucene/codecs/lucene99/Lucene99ScalarQuantizedVectorScorer$DotProduct.class with "No such file or directory" 

WARNING: Failed to resolve file /org/apache/lucene/codecs/lucene99/OffHeapQuantizedByteVectorValues$DenseOffHeapVectorValues.class with "No such file or directory" 

WARNING: Failed to resolve file /org/apache/lucene/codecs/perfield/PerFieldPostingsFormat$FieldsWriter.class with "No such file or directory" 

WARNING: Failed to resolve file /org/apache/lucene/document/Document.class with "No such file or directory" 

WARNING: Failed to resolve file /org/apache/lucene/document/FeatureField$SaturationFunction.class with "No such file or directory" 

WARNING: Failed to resolve file /org/apache/lucene/document/FloatRange.class with "No such file or directory" 

WARNING: Failed to resolve file /org/apache/lucene/document/KnnFloatVectorField.class with "No such file or directory" 

WARNING: Failed to resolve file /org/apache/lucene/document/LatLonPointDistanceFeatureQuery$DistanceScorer.class with "No such file or directory" 

WARNING: Failed to resolve file /org/apache/lucene/document/LatLonShapeQuery$2.class with "No such file or directory" 

WARNING: Failed to resolve file /org/apache/lucene/document/RangeFieldQuery$1$3.class with "No such file or directory" 

WARNING: Failed to resolve file /org/apache/lucene/document/SortedDocValuesField.class with "No such file or directory" 

WARNING: Failed to resolve file /org/apache/lucene/document/SpatialQuery$3.class with "No such file or directory" 

WARNING: Failed to resolve file /org/apache/lucene/document/XYPointField.class with "No such file or directory" 

WARNING: Failed to resolve file /org/apache/lucene/geo/ComponentTree.class with "No such file or directory" 

WARNING: Failed to resolve file /org/apache/lucene/geo/SimpleWKTShapeParser.class with "No such file or directory" 

WARNING: Failed to resolve file /org/apache/lucene/index/BinaryDocValues.class with "No such file or directory" 

WARNING: Failed to resolve file /org/apache/lucene/index/CheckIndex$1.class with "No such file or directory" 

WARNING: Failed to resolve file /org/apache/lucene/index/CodecReader$1.class with "No such file or directory" 

WARNING: Failed to resolve file /org/apache/lucene/index/DocValuesFieldUpdates$1.class with "No such file or directory" 

WARNING: Failed to resolve file /org/apache/lucene/index/DocumentsWriterDeleteQueue$DeleteSlice.class with "No such file or directory" 

WARNING: Failed to resolve file /org/apache/lucene/index/ExitableDirectoryReader$ExitableFilterAtomicReader$5.class with "No such file or directory" 

WARNING: Failed to resolve file /org/apache/lucene/index/FieldTermIterator.class with "No such file or directory" 

WARNING: Failed to resolve file /org/apache/lucene/index/FilterVectorValues.class with "No such file or directory" 

WARNING: Failed to resolve file /org/apache/lucene/index/FreqProxTermsWriterPerField.class with "No such file or directory" 

WARNING: Failed to resolve file /org/apache/lucene/index/IndexReader.class with "No such file or directory" 

WARNING: Failed to resolve file /org/apache/lucene/index/IndexWriter$DocModifier.class with "No such file or directory" 

WARNING: Failed to resolve file /org/apache/lucene/index/IndexingChain.class with "No such file or directory" 

WARNING: Failed to resolve file /org/apache/lucene/index/MergePolicy$OneMerge.class with "No such file or directory" 

WARNING: Failed to resolve file /org/apache/lucene/index/MultiPostingsEnum.class with "No such file or directory" 

WARNING: Failed to resolve file /org/apache/lucene/index/NumericDocValuesWriter$NumericDVs.class with "No such file or directory" 

WARNING: Failed to resolve file /org/apache/lucene/index/PointValues$1.class with "No such file or directory" 

WARNING: Failed to resolve file /org/apache/lucene/index/ReaderUtil.class with "No such file or directory" 

WARNING: Failed to resolve file /org/apache/lucene/index/SegmentMerger.class with "No such file or directory" 

WARNING: Failed to resolve file /org/apache/lucene/index/SlowCodecReaderWrapper.class with "No such file or directory" 

WARNING: Failed to resolve file /org/apache/lucene/index/SnapshotDeletionPolicy.class with "No such file or directory" 

WARNING: Failed to resolve file /org/apache/lucene/index/SortedNumericDocValuesWriter$LongValues.class with "No such file or directory" 

WARNING: Failed to resolve file /org/apache/lucene/index/SortingCodecReader$6.class with "No such file or directory" 

WARNING: Failed to resolve file /org/apache/lucene/index/StoredFieldVisitor$Status.class with "No such file or directory" 

WARNING: Failed to resolve file /org/apache/lucene/index/TermsEnumIndex$TermState.class with "No such file or directory" 

WARNING: Failed to resolve file /org/apache/lucene/index/VectorSimilarityFunction.class with "No such file or directory" 

WARNING: Failed to resolve file /org/apache/lucene/internal/hppc/IntArrayList$ValueIterator.class with "No such file or directory" 

WARNING: Failed to resolve file /org/apache/lucene/internal/hppc/IntIntHashMap$IntIntCursor.class with "No such file or directory" 

WARNING: Failed to resolve file /org/apache/lucene/internal/hppc/LongArrayList.class with "No such file or directory" 

WARNING: Failed to resolve file /org/apache/lucene/internal/hppc/LongObjectHashMap$LongObjectCursor.class with "No such file or directory" 

WARNING: Failed to resolve file /org/apache/lucene/search/AbstractKnnVectorQuery$DocAndScoreQuery$1$1.class with "No such file or directory" 

WARNING: Failed to resolve file /org/apache/lucene/search/BlendedTermQuery.class with "No such file or directory" 

WARNING: Failed to resolve file /org/apache/lucene/search/BooleanScorer$DocIdStreamView.class with "No such file or directory" 

WARNING: Failed to resolve file /org/apache/lucene/search/CachingCollector$ScoreCachingLeafCollector.class with "No such file or directory" 

WARNING: Failed to resolve file /org/apache/lucene/search/ConstantScoreScorer$1.class with "No such file or directory" 

WARNING: Failed to resolve file /org/apache/lucene/search/DisjunctionSumScorer.class with "No such file or directory" 

WARNING: Failed to resolve file /org/apache/lucene/search/DoubleValuesSource$2.class with "No such file or directory" 

WARNING: Failed to resolve file /org/apache/lucene/search/ExactPhraseMatcher$1$SubIterator.class with "No such file or directory" 

WARNING: Failed to resolve file /org/apache/lucene/search/FilterScorer.class with "No such file or directory" 

WARNING: Failed to resolve file /org/apache/lucene/search/IndexSearcher$CachingLeafSlicesSupplier.class with "No such file or directory" 

WARNING: Failed to resolve file /org/apache/lucene/search/KnnCollector.class with "No such file or directory" 

WARNING: Failed to resolve file /org/apache/lucene/search/LongValuesSource$ConstantLongValuesSource.class with "No such file or directory" 

WARNING: Failed to resolve file /org/apache/lucene/search/MaxNonCompetitiveBoostAttribute.class with "No such file or directory" 

WARNING: Failed to resolve file /org/apache/lucene/search/MultiPhraseQuery.class with "No such file or directory" 

WARNING: Failed to resolve file /org/apache/lucene/search/PhrasePositions.class with "No such file or directory" 

WARNING: Failed to resolve file /org/apache/lucene/search/PointRangeQuery$1$2.class with "No such file or directory" 

WARNING: Failed to resolve file /org/apache/lucene/search/RegexpQuery.class with "No such file or directory" 

WARNING: Failed to resolve file /org/apache/lucene/search/ScoringRewrite$ParallelArraysTermCollector.class with "No such file or directory" 

WARNING: Failed to resolve file /org/apache/lucene/search/SortField$Type.class with "No such file or directory" 

WARNING: Failed to resolve file /org/apache/lucene/search/SortedSetSelector$1.class with "No such file or directory" 

WARNING: Failed to resolve file /org/apache/lucene/search/TaskExecutor$TaskGroup$1.class with "No such file or directory" 

WARNING: Failed to resolve file /org/apache/lucene/search/TimeLimitingCollector$TimerThreadHolder.class with "No such file or directory" 

WARNING: Failed to resolve file /org/apache/lucene/search/TopScoreDocCollector$SimpleTopScoreDocCollector$1.class with "No such file or directory" 

WARNING: Failed to resolve file /org/apache/lucene/search/WANDScorer.class with "No such file or directory" 

WARNING: Failed to resolve file /org/apache/lucene/search/comparators/TermOrdValComparator$CompetitiveIterator$1.class with "No such file or directory" 

WARNING: Failed to resolve file /org/apache/lucene/search/similarities/BasicModelG.class with "No such file or directory" 

WARNING: Failed to resolve file /org/apache/lucene/search/similarities/LMJelinekMercerSimilarity.class with "No such file or directory" 

WARNING: Failed to resolve file /org/apache/lucene/search/similarities/SimilarityBase$BasicSimScorer.class with "No such file or directory" 

WARNING: Failed to resolve file /org/apache/lucene/store/ByteBuffersDirectory$1.class with "No such file or directory" 

WARNING: Failed to resolve file /org/apache/lucene/store/IndexInput.class with "No such file or directory" 

WARNING: Failed to resolve file /org/apache/lucene/store/NoLockFactory.class with "No such file or directory" 

WARNING: Failed to resolve file /org/apache/lucene/util/ArrayTimSorter.class with "No such file or directory" 

WARNING: Failed to resolve file /org/apache/lucene/util/Bits$MatchAllBits.class with "No such file or directory" 

WARNING: Failed to resolve file /org/apache/lucene/util/BytesRefHash$DirectBytesStartArray.class with "No such file or directory" 

WARNING: Failed to resolve file /org/apache/lucene/util/DocIdSetBuilder$BulkAdder.class with "No such file or directory" 

WARNING: Failed to resolve file /org/apache/lucene/util/IOUtils$1.class with "No such file or directory" 

WARNING: Failed to resolve file /org/apache/lucene/util/LongValues$1.class with "No such file or directory" 

WARNING: Failed to resolve file /org/apache/lucene/util/OfflineSorter$ByteSequencesWriter.class with "No such file or directory" 

WARNING: Failed to resolve file /org/apache/lucene/util/RamUsageEstimator.class with "No such file or directory" 

WARNING: Failed to resolve file /org/apache/lucene/util/SortableBytesRefArray.class with "No such file or directory" 

WARNING: Failed to resolve file /org/apache/lucene/util/Unwrappable.class with "No such file or directory" 

WARNING: Failed to resolve file /org/apache/lucene/util/automaton/DaciukMihovAutomatonBuilder.class with "No such file or directory" 

WARNING: Failed to resolve file /org/apache/lucene/util/automaton/RegExp$Kind.class with "No such file or directory" 

WARNING: Failed to resolve file /org/apache/lucene/util/bkd/BKDReader.class with "No such file or directory" 

WARNING: Failed to resolve file /org/apache/lucene/util/bkd/OfflinePointReader$OfflinePointValue.class with "No such file or directory" 

WARNING: Failed to resolve file /org/apache/lucene/util/fst/FST$Arc.class with "No such file or directory" 

WARNING: Failed to resolve file /org/apache/lucene/util/fst/NoOutputs.class with "No such file or directory" 

WARNING: Failed to resolve file /org/apache/lucene/util/graph/GraphTokenStreamFiniteStrings.class with "No such file or directory" 

WARNING: Failed to resolve file /org/apache/lucene/util/hnsw/HnswUtil$Component.class with "No such file or directory" 

WARNING: Failed to resolve file /org/apache/lucene/util/hnsw/RandomVectorScorerSupplier.class with "No such file or directory" 

WARNING: Failed to resolve file /org/apache/lucene/util/packed/BulkOperationPacked14.class with "No such file or directory" 

WARNING: Failed to resolve file /org/apache/lucene/util/packed/DeltaPackedLongValues.class with "No such file or directory" 

WARNING: Failed to resolve file /org/apache/lucene/util/packed/DirectReader.class with "No such file or directory" 

WARNING: Failed to resolve file /org/apache/lucene/util/packed/Packed64SingleBlock$Packed64SingleBlock8.class with "No such file or directory" 

WARNING: Failed to resolve file /org/apache/lucene/util/packed/PackedLongValues$Builder.class with "No such file or directory" 

WARNING: Failed to resolve file /org/bouncycastle/LICENSE.class with "No such file or directory" 

WARNING: Failed to resolve file /org/bouncycastle/asn1/ASN1GeneralizedTime$1.class with "No such file or directory" 

WARNING: Failed to resolve file /org/bouncycastle/asn1/ASN1OctetString.class with "No such file or directory" 

WARNING: Failed to resolve file /org/bouncycastle/asn1/ASN1T61String$1.class with "No such file or directory" 

WARNING: Failed to resolve file /org/bouncycastle/asn1/BERFactory.class with "No such file or directory" 

WARNING: Failed to resolve file /org/bouncycastle/asn1/DERFactory.class with "No such file or directory" 

WARNING: Failed to resolve file /org/bouncycastle/asn1/DERVisibleString.class with "No such file or directory" 

WARNING: Failed to resolve file /org/bouncycastle/asn1/anssi/ANSSINamedCurves$1.class with "No such file or directory" 

WARNING: Failed to resolve file /org/bouncycastle/asn1/cryptopro/ECGOST3410NamedCurves$4.class with "No such file or directory" 

WARNING: Failed to resolve file /org/bouncycastle/asn1/nist/NISTObjectIdentifiers.class with "No such file or directory" 

WARNING: Failed to resolve file /org/bouncycastle/asn1/pkcs/CertBag.class with "No such file or directory" 

WARNING: Failed to resolve file /org/bouncycastle/asn1/pkcs/RSAPrivateKey.class with "No such file or directory" 

WARNING: Failed to resolve file /org/bouncycastle/asn1/sec/SECNamedCurves$20.class with "No such file or directory" 

WARNING: Failed to resolve file /org/bouncycastle/asn1/sec/SECNamedCurves.class with "No such file or directory" 

WARNING: Failed to resolve file /org/bouncycastle/asn1/ua/DSTU4145Params.class with "No such file or directory" 

WARNING: Failed to resolve file /org/bouncycastle/asn1/x509/AltSignatureValue.class with "No such file or directory" 

WARNING: Failed to resolve file /org/bouncycastle/asn1/x509/DistributionPoint.class with "No such file or directory" 

WARNING: Failed to resolve file /org/bouncycastle/asn1/x509/OtherName.class with "No such file or directory" 

WARNING: Failed to resolve file /org/bouncycastle/asn1/x509/TBSCertificateStructure.class with "No such file or directory" 

WARNING: Failed to resolve file /org/bouncycastle/asn1/x509/qualified/BiometricData.class with "No such file or directory" 

WARNING: Failed to resolve file /org/bouncycastle/asn1/x9/X962NamedCurves$11.class with "No such file or directory" 

WARNING: Failed to resolve file /org/bouncycastle/asn1/x9/X962NamedCurves.class with "No such file or directory" 

WARNING: Failed to resolve file /org/bouncycastle/crypto/Commitment.class with "No such file or directory" 

WARNING: Failed to resolve file /org/bouncycastle/crypto/Digest.class with "No such file or directory" 

WARNING: Failed to resolve file /org/bouncycastle/crypto/RawAgreement.class with "No such file or directory" 

WARNING: Failed to resolve file /org/bouncycastle/crypto/agreement/ECDHCUnifiedAgreement.class with "No such file or directory" 

WARNING: Failed to resolve file /org/bouncycastle/crypto/agreement/kdf/GSKKDFParameters.class with "No such file or directory" 

WARNING: Failed to resolve file /org/bouncycastle/crypto/digests/AsconXof$AsconParameters.class with "No such file or directory" 

WARNING: Failed to resolve file /org/bouncycastle/crypto/digests/Kangaroo$KangarooParameters$Builder.class with "No such file or directory" 

WARNING: Failed to resolve file /org/bouncycastle/crypto/digests/RIPEMD320Digest.class with "No such file or directory" 

WARNING: Failed to resolve file /org/bouncycastle/crypto/digests/TigerDigest.class with "No such file or directory" 

WARNING: Failed to resolve file /org/bouncycastle/crypto/ec/CustomNamedCurves$20.class with "No such file or directory" 

WARNING: Failed to resolve file /org/bouncycastle/crypto/ec/ECDecryptor.class with "No such file or directory" 

WARNING: Failed to resolve file /org/bouncycastle/crypto/engines/ARIAWrapPadEngine.class with "No such file or directory" 

WARNING: Failed to resolve file /org/bouncycastle/crypto/engines/DSTU7624Engine.class with "No such file or directory" 

WARNING: Failed to resolve file /org/bouncycastle/crypto/engines/ISAPEngine$1.class with "No such file or directory" 

WARNING: Failed to resolve file /org/bouncycastle/crypto/engines/RC532Engine.class with "No such file or directory" 

WARNING: Failed to resolve file /org/bouncycastle/crypto/engines/SkipjackEngine.class with "No such file or directory" 

WARNING: Failed to resolve file /org/bouncycastle/crypto/engines/Zuc128Engine.class with "No such file or directory" 

WARNING: Failed to resolve file /org/bouncycastle/crypto/generators/DHBasicKeyPairGenerator.class with "No such file or directory" 

WARNING: Failed to resolve file /org/bouncycastle/crypto/generators/KDFFeedbackBytesGenerator.class with "No such file or directory" 

WARNING: Failed to resolve file /org/bouncycastle/crypto/io/CipherIOException.class with "No such file or directory" 

WARNING: Failed to resolve file /org/bouncycastle/crypto/macs/CMac.class with "No such file or directory" 

WARNING: Failed to resolve file /org/bouncycastle/crypto/macs/Zuc256Mac.class with "No such file or directory" 

WARNING: Failed to resolve file /org/bouncycastle/crypto/modes/GCMModeCipher.class with "No such file or directory" 

WARNING: Failed to resolve file /org/bouncycastle/crypto/modes/gcm/BasicGCMExponentiator.class with "No such file or directory" 

WARNING: Failed to resolve file /org/bouncycastle/crypto/paddings/ISO7816d4Padding.class with "No such file or directory" 

WARNING: Failed to resolve file /org/bouncycastle/crypto/params/DHKeyParameters.class with "No such file or directory" 

WARNING: Failed to resolve file /org/bouncycastle/crypto/params/ECKeyGenerationParameters.class with "No such file or directory" 

WARNING: Failed to resolve file /org/bouncycastle/crypto/params/GOST3410PublicKeyParameters.class with "No such file or directory" 

WARNING: Failed to resolve file /org/bouncycastle/crypto/params/ParametersWithSalt.class with "No such file or directory" 

WARNING: Failed to resolve file /org/bouncycastle/crypto/params/XDHUPrivateParameters.class with "No such file or directory" 

WARNING: Failed to resolve file /org/bouncycastle/crypto/prng/ThreadedSeedGenerator$SeedGenerator.class with "No such file or directory" 

WARNING: Failed to resolve file /org/bouncycastle/crypto/signers/ECNRSigner.class with "No such file or directory" 

WARNING: Failed to resolve file /org/bouncycastle/crypto/signers/RandomDSAKCalculator.class with "No such file or directory" 

WARNING: Failed to resolve file /org/bouncycastle/crypto/util/DigestFactory$10.class with "No such file or directory" 

WARNING: Failed to resolve file /org/bouncycastle/crypto/util/PBKDF2Config.class with "No such file or directory" 

WARNING: Failed to resolve file /org/bouncycastle/crypto/util/RadixConverter.class with "No such file or directory" 

WARNING: Failed to resolve file /org/bouncycastle/i18n/filter/HTMLFilter.class with "No such file or directory" 

WARNING: Failed to resolve file /org/bouncycastle/internal/asn1/misc/IDEACBCPar.class with "No such file or directory" 

WARNING: Failed to resolve file /org/bouncycastle/jcajce/CompositePublicKey.class with "No such file or directory" 

WARNING: Failed to resolve file /org/bouncycastle/jcajce/PKIXCertStoreSelector.class with "No such file or directory" 

WARNING: Failed to resolve file /org/bouncycastle/jcajce/io/SignatureUpdatingOutputStream.class with "No such file or directory" 

WARNING: Failed to resolve file /org/bouncycastle/jcajce/provider/asymmetric/EXTERNAL$Mappings.class with "No such file or directory" 

WARNING: Failed to resolve file /org/bouncycastle/jcajce/provider/asymmetric/SPHINCSPlus.class with "No such file or directory" 

WARNING: Failed to resolve file /org/bouncycastle/jcajce/provider/asymmetric/compositesignatures/KeyPairGeneratorSpi$MLDSA87_ECDSA_P384_SHA512.class with "No such file or directory" 

WARNING: Failed to resolve file /org/bouncycastle/jcajce/provider/asymmetric/compositesignatures/SignatureSpi.class with "No such file or directory" 

WARNING: Failed to resolve file /org/bouncycastle/jcajce/provider/asymmetric/dh/KeyAgreementSpi$DHwithRFC2631KDF.class with "No such file or directory" 

WARNING: Failed to resolve file /org/bouncycastle/jcajce/provider/asymmetric/dh/KeyAgreementSpi.class with "No such file or directory" 

WARNING: Failed to resolve file /org/bouncycastle/jcajce/provider/asymmetric/dsa/DSASigner$dsaSha3_224.class with "No such file or directory" 

WARNING: Failed to resolve file /org/bouncycastle/jcajce/provider/asymmetric/ec/GMCipherSpi$ErasableOutputStream.class with "No such file or directory" 

WARNING: Failed to resolve file /org/bouncycastle/jcajce/provider/asymmetric/ec/IESCipher$ECIESwithAESCBC.class with "No such file or directory" 

WARNING: Failed to resolve file /org/bouncycastle/jcajce/provider/asymmetric/ec/KeyAgreementSpi$CDHwithSHA384KDFAndSharedInfo.class with "No such file or directory" 

WARNING: Failed to resolve file /org/bouncycastle/jcajce/provider/asymmetric/ec/KeyAgreementSpi$DHwithSHA384CKDF.class with "No such file or directory" 

WARNING: Failed to resolve file /org/bouncycastle/jcajce/provider/asymmetric/ec/KeyAgreementSpi$MQVwithSHA384KDF.class with "No such file or directory" 

WARNING: Failed to resolve file /org/bouncycastle/jcajce/provider/asymmetric/ec/SignatureSpi$ecCVCDSA224.class with "No such file or directory" 

WARNING: Failed to resolve file /org/bouncycastle/jcajce/provider/asymmetric/ec/SignatureSpi$ecDetDSA.class with "No such file or directory" 

WARNING: Failed to resolve file /org/bouncycastle/jcajce/provider/asymmetric/ecgost/KeyFactorySpi.class with "No such file or directory" 

WARNING: Failed to resolve file /org/bouncycastle/jcajce/provider/asymmetric/edec/IESCipher$XIESwithCipher.class with "No such file or directory" 

WARNING: Failed to resolve file /org/bouncycastle/jcajce/provider/asymmetric/edec/KeyAgreementSpi$X448UwithSHA512CKDF.class with "No such file or directory" 

WARNING: Failed to resolve file /org/bouncycastle/jcajce/provider/asymmetric/edec/KeyPairGeneratorSpi$XDH.class with "No such file or directory" 

WARNING: Failed to resolve file /org/bouncycastle/jcajce/provider/asymmetric/gost/GOSTUtil.class with "No such file or directory" 

WARNING: Failed to resolve file /org/bouncycastle/jcajce/provider/asymmetric/rsa/DigestSignatureSpi$MD5.class with "No such file or directory" 

WARNING: Failed to resolve file /org/bouncycastle/jcajce/provider/asymmetric/rsa/ISOSignatureSpi$SHA256WithRSAEncryption.class with "No such file or directory" 

WARNING: Failed to resolve file /org/bouncycastle/jcajce/provider/asymmetric/rsa/PSSSignatureSpi$SHA384withRSA.class with "No such file or directory" 

WARNING: Failed to resolve file /org/bouncycastle/jcajce/provider/asymmetric/rsa/PSSSignatureSpi$SHA512withRSA.class with "No such file or directory" 

WARNING: Failed to resolve file /org/bouncycastle/jcajce/provider/asymmetric/util/BaseCipherSpi$1.class with "No such file or directory" 

WARNING: Failed to resolve file /org/bouncycastle/jcajce/provider/asymmetric/x509/KeyFactory.class with "No such file or directory" 

WARNING: Failed to resolve file /org/bouncycastle/jcajce/provider/asymmetric/x509/X509SignatureUtil.class with "No such file or directory" 

WARNING: Failed to resolve file /org/bouncycastle/jcajce/provider/digest/DSTU7564$Digest256.class with "No such file or directory" 

WARNING: Failed to resolve file /org/bouncycastle/jcajce/provider/digest/GOST3411$KeyGenerator2012_512.class with "No such file or directory" 

WARNING: Failed to resolve file /org/bouncycastle/jcajce/provider/digest/Keccak$KeyGenerator288.class with "No such file or directory" 

WARNING: Failed to resolve file /org/bouncycastle/jcajce/provider/digest/RIPEMD128$HashMac.class with "No such file or directory" 

WARNING: Failed to resolve file /org/bouncycastle/jcajce/provider/digest/SHA1$Digest.class with "No such file or directory" 

WARNING: Failed to resolve file /org/bouncycastle/jcajce/provider/digest/SHA3$Digest512.class with "No such file or directory" 

WARNING: Failed to resolve file /org/bouncycastle/jcajce/provider/digest/SHA3$KeyGenerator512.class with "No such file or directory" 

WARNING: Failed to resolve file /org/bouncycastle/jcajce/provider/digest/SHA512$OldSHA512.class with "No such file or directory" 

WARNING: Failed to resolve file /org/bouncycastle/jcajce/provider/digest/Skein$Digest_512_384.class with "No such file or directory" 

WARNING: Failed to resolve file /org/bouncycastle/jcajce/provider/digest/Skein$HashMac_256_256.class with "No such file or directory" 

WARNING: Failed to resolve file /org/bouncycastle/jcajce/provider/digest/Skein$SkeinMac_1024_1024.class with "No such file or directory" 

WARNING: Failed to resolve file /org/bouncycastle/jcajce/provider/digest/Tiger.class with "No such file or directory" 

WARNING: Failed to resolve file /org/bouncycastle/jcajce/provider/drbg/DRBG$OneShotHybridEntropySource.class with "No such file or directory" 

WARNING: Failed to resolve file /org/bouncycastle/jcajce/provider/keystore/bc/BcKeyStoreSpi$Version1.class with "No such file or directory" 

WARNING: Failed to resolve file /org/bouncycastle/jcajce/provider/keystore/pkcs12/PKCS12KeyStoreSpi$DefPKCS12KeyStore3DES.class with "No such file or directory" 

WARNING: Failed to resolve file /org/bouncycastle/jcajce/provider/symmetric/AES$AlgParamsGCM.class with "No such file or directory" 

WARNING: Failed to resolve file /org/bouncycastle/jcajce/provider/symmetric/AES$PBEWithSHA256AESCBC128.class with "No such file or directory" 

WARNING: Failed to resolve file /org/bouncycastle/jcajce/provider/symmetric/ARC4$PBEWithSHAAnd40Bit.class with "No such file or directory" 

WARNING: Failed to resolve file /org/bouncycastle/jcajce/provider/symmetric/ARIA$Poly1305.class with "No such file or directory" 

WARNING: Failed to resolve file /org/bouncycastle/jcajce/provider/symmetric/CAST6$ECB$1.class with "No such file or directory" 

WARNING: Failed to resolve file /org/bouncycastle/jcajce/provider/symmetric/Camellia$Poly1305KeyGen.class with "No such file or directory" 

WARNING: Failed to resolve file /org/bouncycastle/jcajce/provider/symmetric/DES$DESCFB8.class with "No such file or directory" 

WARNING: Failed to resolve file /org/bouncycastle/jcajce/provider/symmetric/DESede$ECB.class with "No such file or directory" 

WARNING: Failed to resolve file /org/bouncycastle/jcajce/provider/symmetric/DSTU7624$CCM256.class with "No such file or directory" 

WARNING: Failed to resolve file /org/bouncycastle/jcajce/provider/symmetric/DSTU7624$GMAC256.class with "No such file or directory" 

WARNING: Failed to resolve file /org/bouncycastle/jcajce/provider/symmetric/GOST28147$GCFB.class with "No such file or directory" 

WARNING: Failed to resolve file /org/bouncycastle/jcajce/provider/symmetric/Grainv1$Base.class with "No such file or directory" 

WARNING: Failed to resolve file /org/bouncycastle/jcajce/provider/symmetric/IDEA$Mappings.class with "No such file or directory" 

WARNING: Failed to resolve file /org/bouncycastle/jcajce/provider/symmetric/PBEPBKDF2$BasePBKDF2.class with "No such file or directory" 

WARNING: Failed to resolve file /org/bouncycastle/jcajce/provider/symmetric/Poly1305.class with "No such file or directory" 

WARNING: Failed to resolve file /org/bouncycastle/jcajce/provider/symmetric/RC5$AlgParams.class with "No such file or directory" 

WARNING: Failed to resolve file /org/bouncycastle/jcajce/provider/symmetric/RC6$Poly1305KeyGen.class with "No such file or directory" 

WARNING: Failed to resolve file /org/bouncycastle/jcajce/provider/symmetric/SEED$Mappings.class with "No such file or directory" 

WARNING: Failed to resolve file /org/bouncycastle/jcajce/provider/symmetric/Serpent$AlgParams.class with "No such file or directory" 

WARNING: Failed to resolve file /org/bouncycastle/jcajce/provider/symmetric/Shacal2$ECB$1.class with "No such file or directory" 

WARNING: Failed to resolve file /org/bouncycastle/jcajce/provider/symmetric/Skipjack.class with "No such file or directory" 

WARNING: Failed to resolve file /org/bouncycastle/jcajce/provider/symmetric/Threefish$CMAC_512.class with "No such file or directory" 

WARNING: Failed to resolve file /org/bouncycastle/jcajce/provider/symmetric/VMPC$KeyGen.class with "No such file or directory" 

WARNING: Failed to resolve file /org/bouncycastle/jcajce/provider/symmetric/Zuc$Mappings.class with "No such file or directory" 

WARNING: Failed to resolve file /org/bouncycastle/jcajce/provider/symmetric/util/BaseWrapCipher$InvalidKeyOrParametersException.class with "No such file or directory" 

WARNING: Failed to resolve file /org/bouncycastle/jcajce/spec/AEADParameterSpec.class with "No such file or directory" 

WARNING: Failed to resolve file /org/bouncycastle/jcajce/spec/OpenSSHPrivateKeySpec.class with "No such file or directory" 

WARNING: Failed to resolve file /org/bouncycastle/jcajce/util/JcaJceUtils.class with "No such file or directory" 

WARNING: Failed to resolve file /org/bouncycastle/jce/exception/ExtCertificateEncodingException.class with "No such file or directory" 

WARNING: Failed to resolve file /org/bouncycastle/jce/provider/BouncyCastleProvider$1.class with "No such file or directory" 

WARNING: Failed to resolve file /org/bouncycastle/jce/provider/ExtCRLException.class with "No such file or directory" 

WARNING: Failed to resolve file /org/bouncycastle/jce/provider/PKIXCertPathBuilderSpi_8.class with "No such file or directory" 

WARNING: Failed to resolve file /org/bouncycastle/jce/provider/X509CertificateObject.class with "No such file or directory" 

WARNING: Failed to resolve file /org/bouncycastle/jce/spec/ElGamalPrivateKeySpec.class with "No such file or directory" 

WARNING: Failed to resolve file /org/bouncycastle/math/ec/ECCurve$Config.class with "No such file or directory" 

WARNING: Failed to resolve file /org/bouncycastle/math/ec/FixedPointUtil$1.class with "No such file or directory" 

WARNING: Failed to resolve file /org/bouncycastle/math/ec/WTauNafMultiplier.class with "No such file or directory" 

WARNING: Failed to resolve file /org/bouncycastle/math/ec/custom/sec/SecP160R1Curve$1.class with "No such file or directory" 

WARNING: Failed to resolve file /org/bouncycastle/math/ec/custom/sec/SecP224K1Curve.class with "No such file or directory" 

WARNING: Failed to resolve file /org/bouncycastle/math/ec/custom/sec/SecP384R1Field.class with "No such file or directory" 

WARNING: Failed to resolve file /org/bouncycastle/math/ec/custom/sec/SecT131R2Curve$1.class with "No such file or directory" 

WARNING: Failed to resolve file /org/bouncycastle/math/ec/custom/sec/SecT193R2Point.class with "No such file or directory" 

WARNING: Failed to resolve file /org/bouncycastle/math/ec/custom/sec/SecT283R1Point.class with "No such file or directory" 

WARNING: Failed to resolve file /org/bouncycastle/math/ec/endo/GLVEndomorphism.class with "No such file or directory" 

WARNING: Failed to resolve file /org/bouncycastle/math/ec/rfc8032/Ed25519$PointPrecomp.class with "No such file or directory" 

WARNING: Failed to resolve file /org/bouncycastle/math/field/FiniteField.class with "No such file or directory" 

WARNING: Failed to resolve file /org/bouncycastle/math/raw/Nat576.class with "No such file or directory" 

WARNING: Failed to resolve file /org/bouncycastle/pqc/asn1/SPHINCSPLUSPublicKey.class with "No such file or directory" 

WARNING: Failed to resolve file /org/bouncycastle/pqc/crypto/bike/BIKEKeyParameters.class with "No such file or directory" 

WARNING: Failed to resolve file /org/bouncycastle/pqc/crypto/cmce/Utils.class with "No such file or directory" 

WARNING: Failed to resolve file /org/bouncycastle/pqc/crypto/crystals/kyber/KyberEngine.class with "No such file or directory" 

WARNING: Failed to resolve file /org/bouncycastle/pqc/crypto/falcon/FalconConversions.class with "No such file or directory" 

WARNING: Failed to resolve file /org/bouncycastle/pqc/crypto/frodo/FrodoKEMExtractor.class with "No such file or directory" 

WARNING: Failed to resolve file /org/bouncycastle/pqc/crypto/gemss/GeMSSSigner.class with "No such file or directory" 

WARNING: Failed to resolve file /org/bouncycastle/pqc/crypto/hqc/FastFourierTransform.class with "No such file or directory" 

WARNING: Failed to resolve file /org/bouncycastle/pqc/crypto/lms/HSS.class with "No such file or directory" 

WARNING: Failed to resolve file /org/bouncycastle/pqc/crypto/lms/LMSPrivateKeyParameters$CacheKey.class with "No such file or directory" 

WARNING: Failed to resolve file /org/bouncycastle/pqc/crypto/newhope/NHSecretKeyProcessor$1.class with "No such file or directory" 

WARNING: Failed to resolve file /org/bouncycastle/pqc/crypto/ntru/OWCPAKeyPair.class with "No such file or directory" 

WARNING: Failed to resolve file /org/bouncycastle/pqc/crypto/picnic/LowmcConstants.class with "No such file or directory" 

WARNING: Failed to resolve file /org/bouncycastle/pqc/crypto/picnic/Tree.class with "No such file or directory" 

WARNING: Failed to resolve file /org/bouncycastle/pqc/crypto/saber/SABERKEMExtractor.class with "No such file or directory" 

WARNING: Failed to resolve file /org/bouncycastle/pqc/crypto/sphincs/SPHINCSPublicKeyParameters.class with "No such file or directory" 

WARNING: Failed to resolve file /org/bouncycastle/pqc/crypto/sphincsplus/SPHINCSPlusEngine$Shake256Engine.class with "No such file or directory" 

WARNING: Failed to resolve file /org/bouncycastle/pqc/crypto/util/PublicKeyFactory$CMCEConverter.class with "No such file or directory" 

WARNING: Failed to resolve file /org/bouncycastle/pqc/crypto/util/PublicKeyFactory.class with "No such file or directory" 

WARNING: Failed to resolve file /org/bouncycastle/pqc/crypto/xmss/WOTSPlusOid.class with "No such file or directory" 

WARNING: Failed to resolve file /org/bouncycastle/pqc/crypto/xmss/XMSSMTPublicKeyParameters.class with "No such file or directory" 

WARNING: Failed to resolve file /org/bouncycastle/pqc/crypto/xmss/XMSSStoreableObjectInterface.class with "No such file or directory" 

WARNING: Failed to resolve file /org/bouncycastle/pqc/jcajce/interfaces/KyberKey.class with "No such file or directory" 

WARNING: Failed to resolve file /org/bouncycastle/pqc/jcajce/interfaces/StateAwareSignature.class with "No such file or directory" 

WARNING: Failed to resolve file /org/bouncycastle/pqc/jcajce/provider/Kyber.class with "No such file or directory" 

WARNING: Failed to resolve file /org/bouncycastle/pqc/jcajce/provider/XMSS$Mappings.class with "No such file or directory" 

WARNING: Failed to resolve file /org/bouncycastle/pqc/jcajce/provider/cmce/CMCEKeyFactorySpi.class with "No such file or directory" 

WARNING: Failed to resolve file /org/bouncycastle/pqc/jcajce/provider/falcon/BCFalconPrivateKey.class with "No such file or directory" 

WARNING: Failed to resolve file /org/bouncycastle/pqc/jcajce/provider/hqc/BCHQCPublicKey.class with "No such file or directory" 

WARNING: Failed to resolve file /org/bouncycastle/pqc/jcajce/provider/kyber/KyberKeyFactorySpi$Kyber768_AES.class with "No such file or directory" 

WARNING: Failed to resolve file /org/bouncycastle/pqc/jcajce/provider/mceliece/McElieceCCA2KeyFactorySpi.class with "No such file or directory" 

WARNING: Failed to resolve file /org/bouncycastle/pqc/jcajce/provider/mceliece/McEliecePointchevalCipherSpi$McEliecePointcheval512.class with "No such file or directory" 

WARNING: Failed to resolve file /org/bouncycastle/pqc/jcajce/provider/ntruprime/NTRULPRimeKeyFactorySpi.class with "No such file or directory" 

WARNING: Failed to resolve file /org/bouncycastle/pqc/jcajce/provider/rainbow/RainbowKeyPairGeneratorSpi$RainbowIIIclassic.class with "No such file or directory" 

WARNING: Failed to resolve file /org/bouncycastle/pqc/jcajce/provider/sphincs/BCSphincs256PrivateKey.class with "No such file or directory" 

WARNING: Failed to resolve file /org/bouncycastle/pqc/jcajce/provider/sphincsplus/SPHINCSPlusKeyPairGeneratorSpi$Shake_256s.class with "No such file or directory" 

WARNING: Failed to resolve file /org/bouncycastle/pqc/jcajce/provider/xmss/XMSSMTKeyPairGeneratorSpi.class with "No such file or directory" 

WARNING: Failed to resolve file /org/bouncycastle/pqc/jcajce/provider/xmss/XMSSSignatureSpi$withShake256.class with "No such file or directory" 

WARNING: Failed to resolve file /org/bouncycastle/pqc/jcajce/spec/RainbowParameterSpec.class with "No such file or directory" 

WARNING: Failed to resolve file /org/bouncycastle/pqc/legacy/crypto/gmss/Treehash.class with "No such file or directory" 

WARNING: Failed to resolve file /org/bouncycastle/pqc/legacy/crypto/mceliece/McEliecePrivateKeyParameters.class with "No such file or directory" 

WARNING: Failed to resolve file /org/bouncycastle/pqc/legacy/crypto/ntru/NTRUSigningPrivateKeyParameters$Basis.class with "No such file or directory" 

WARNING: Failed to resolve file /org/bouncycastle/pqc/legacy/crypto/rainbow/RainbowParameters.class with "No such file or directory" 

WARNING: Failed to resolve file /org/bouncycastle/pqc/legacy/math/linearalgebra/GF2nPolynomial.class with "No such file or directory" 

WARNING: Failed to resolve file /org/bouncycastle/pqc/legacy/math/ntru/polynomial/Constants.class with "No such file or directory" 

WARNING: Failed to resolve file /org/bouncycastle/pqc/math/ntru/Polynomial.class with "No such file or directory" 

WARNING: Failed to resolve file /org/bouncycastle/util/IPAddress.class with "No such file or directory" 

WARNING: Failed to resolve file /org/bouncycastle/util/Times.class with "No such file or directory" 

WARNING: Failed to resolve file /org/bouncycastle/util/io/Streams.class with "No such file or directory" 

WARNING: Failed to resolve file /org/bouncycastle/util/test/TestFailedException.class with "No such file or directory" 

WARNING: Failed to resolve file /org/bouncycastle/x509/X509AttributeCertStoreSelector.class with "No such file or directory" 

WARNING: Failed to resolve file /org/bouncycastle/x509/util/LDAPStoreHelper.class with "No such file or directory" 

Found 542 (out of 11364) source files to analyze in /home/udesou/.bench-agent/git/macro-benches/vendor/.infer-capture-ocaml-5.5.1-46e1c32-fp
ondemand engine did not return the expected specialized summary
ondemand engine did not return the expected specialized summary
ondemand engine did not return the expected specialized summary
ondemand engine did not return the expected specialized summary
ondemand engine did not return the expected specialized summary
ondemand engine did not return the expected specialized summary
ondemand engine did not return the expected specialized summary
ondemand engine did not return the expected specialized summary
ondemand engine did not return the expected specialized summary
ondemand engine did not return the expected specialized summary
ondemand engine did not return the expected specialized summary
ondemand engine did not return the expected specialized summary
ondemand engine did not return the expected specialized summary
ondemand engine did not return the expected specialized summary
ondemand engine did not return the expected specialized summary
ondemand engine did not return the expected specialized summary
ondemand engine did not return the expected specialized summary
ondemand engine did not return the expected specialized summary
ondemand engine did not return the expected specialized summary
ondemand engine did not return the expected specialized summary
ondemand engine did not return the expected specialized summary
ondemand engine did not return the expected specialized summary
ondemand engine did not return the expected specialized summary
ondemand engine did not return the expected specialized summary
ondemand engine did not return the expected specialized summary
ondemand engine did not return the expected specialized summary
ondemand engine did not return the expected specialized summary
ondemand engine did not return the expected specialized summary
ondemand engine did not return the expected specialized summary
ondemand engine did not return the expected specialized summary
ondemand engine did not return the expected specialized summary
ondemand engine did not return the expected specialized summary
ondemand engine did not return the expected specialized summary
ondemand engine did not return the expected specialized summary
ondemand engine did not return the expected specialized summary
ondemand engine did not return the expected specialized summary
ondemand engine did not return the expected specialized summary
ondemand engine did not return the expected specialized summary
ondemand engine did not return the expected specialized summary
ondemand engine did not return the expected specialized summary
ondemand engine did not return the expected specialized summary
ondemand engine did not return the expected specialized summary
ondemand engine did not return the expected specialized summary
ondemand engine did not return the expected specialized summary
ondemand engine did not return the expected specialized summary
ondemand engine did not return the expected specialized summary
ondemand engine did not return the expected specialized summary
ondemand engine did not return the expected specialized summary
ondemand engine did not return the expected specialized summary
ondemand engine did not return the expected specialized summary
ondemand engine did not return the expected specialized summary
ondemand engine did not return the expected specialized summary
ondemand engine did not return the expected specialized summary
Could not read file /org/apache/lucene/util/RamUsageEstimator.class
Could not read file /org/bouncycastle/x509/util/LDAPStoreHelper.class
*****
{
  "rusage": {
    "user_time": 1076.632,
    "system_time": 80.871,
    "minor_faults": 1862784,
    "major_faults": 7,
    "voluntary_ctx_switches": 4874515,
    "involuntary_ctx_switches": 278073
  },
  "olly": {
    "version": 2,
    "wall_time": 386.24,
    "cpu_time": 2691.28,
    "gc_time": 165.52,
    "gc_overhead": 6.15,
    "max_rss_kb": 7276408,
    "domain_stats": {
      "0": {
        "wall_time": 386.24,
        "gc_time": 9.63,
        "gc_overhead": 2.49
      },
      "1": {
        "wall_time": 384.61,
        "gc_time": 48.0,
        "gc_overhead": 12.48
      },
      "2": {
        "wall_time": 384.74,
        "gc_time": 45.87,
        "gc_overhead": 11.92
      },
      "3": {
        "wall_time": 383.93,
        "gc_time": 17.8,
        "gc_overhead": 4.64
      },
      "4": {
        "wall_time": 383.92,
        "gc_time": 14.62,
        "gc_overhead": 3.81
      },
      "5": {
        "wall_time": 383.93,
        "gc_time": 17.01,
        "gc_overhead": 4.43
      },
      "6": {
        "wall_time": 383.91,
        "gc_time": 12.6,
        "gc_overhead": 3.28
      }
    },
    "mean_latency": 2.127757,
    "stddev_latency": 4.659244,
    "min_latency": 0.0,
    "max_latency": 134.610943,
    "distr_latency": {
      "25.0000": 0.001711,
      "50.0000": 0.003159,
      "60.0000": 0.035039,
      "70.0000": 2.406399,
      "75.0000": 3.241983,
      "80.0000": 4.169727,
      "85.0000": 5.005311,
      "90.0000": 6.098943,
      "95.0000": 8.228863,
      "96.0000": 9.027583,
      "97.0000": 10.625023,
      "98.0000": 13.688831,
      "99.0000": 21.659647,
      "99.9000": 45.940735,
      "99.9900": 82.903039,
      "99.9990": 121.634815,
      "99.9999": 134.610943,
      "100.0000": 134.610943
    },
    "outliers": {
      "count": 0,
      "mean_latency": 0.0,
      "max_latency": 0.0
    },
    "allocations": {
      "total_heap": 145142167927,
      "minor_heap": 141394929426,
      "major_heap": 5738250516,
      "promoted_words": 1991012015,
      "promoted_pct": 1.41
    },
    "domain_alloc_stats": {
      "0": {
        "total": 452675059,
        "minor": 412898819,
        "promoted": 19330967,
        "major": 59107207,
        "promoted_pct": 4.68
      },
      "1": {
        "total": 57328435199,
        "minor": 56156717135,
        "promoted": 733830130,
        "major": 1905548194,
        "promoted_pct": 1.31
      },
      "2": {
        "total": 23748314978,
        "minor": 20843481429,
        "promoted": 214226698,
        "major": 3119060247,
        "promoted_pct": 1.03
      },
      "3": {
        "total": 15222051366,
        "minor": 15339156804,
        "promoted": 220463106,
        "major": 103357668,
        "promoted_pct": 1.44
      },
      "4": {
        "total": 15328788451,
        "minor": 15428949572,
        "promoted": 232731889,
        "major": 132570768,
        "promoted_pct": 1.51
      },
      "5": {
        "total": 18451515494,
        "minor": 18546668499,
        "promoted": 355087742,
        "major": 259934737,
        "promoted_pct": 1.91
      },
      "6": {
        "total": 14610387380,
        "minor": 14667057168,
        "promoted": 215341483,
        "major": 158671695,
        "promoted_pct": 1.47
      }
    },
    "collections": {
      "minor": 7340,
      "major": 76,
      "forced_major": 0,
      "compactions": 0
    },
    "stats_reliable": true
  },
  "counter_backend": "linux-perf",
  "perf": [
    {
      "counter-value": "1155452.989622",
      "unit": "msec",
      "event": "task-clock",
      "event-runtime": 1155452989622,
      "pcnt-running": 100.0,
      "metric-value": "2.982684",
      "metric-unit": "CPUs utilized"
    },
    {
      "counter-value": "1861694.000000",
      "unit": "",
      "event": "page-faults",
      "event-runtime": 1155452989622,
      "pcnt-running": 100.0,
      "metric-value": "1.611224",
      "metric-unit": "K/sec"
    },
    {
      "counter-value": "3776988403412.000000",
      "unit": "",
      "event": "cycles",
      "event-runtime": 1155452989622,
      "pcnt-running": 100.0,
      "metric-value": "3.268838",
      "metric-unit": "GHz"
    },
    {
      "counter-value": "4439936784969.000000",
      "unit": "",
      "event": "instructions",
      "event-runtime": 1155452989622,
      "pcnt-running": 100.0,
      "metric-value": "1.175523",
      "metric-unit": "insn per cycle"
    }
  ]
}
-----
mkdir -p PLOTTY_WORKAROUND; timedrun; OCAMLRUNPARAM="e=18,d=128" taskset -c "4,6,8,10,12,14" /home/udesou/.bench-agent/git/macro-benches/benchmarks/infer/infer_large-ocaml-5.5.1-46e1c32-fp
running-ng v0.3.8
Sun Sep 13 03:06:58 PM UTC 2026

 15:06:58 up 6 days, 15:00,  2 users,  load average: 2.12, 2.66, 2.90
USER     TTY      FROM             LOGIN@   IDLE   JCPU   PCPU  WHAT

procs -----------memory---------- ---swap-- -----io---- -system-- -------cpu-------
 r  b   swpd   free   buff  cache   si   so    bi    bo   in   cs us sy id wa st gu
 0  1    512 6866160 4622708 53082200    0    0    39  1148 2393    7 11  1 79  9  0  0
 0  1    512 6866412 4622712 53081996    0    0     0   112 1833 2829  0  0 88 12  0  0

top - 15:06:59 up 6 days, 15:00,  2 users,  load average: 2.12, 2.66, 2.90
Tasks: 278 total,   2 running, 276 sleeping,   0 stopped,   0 zombie
%Cpu(s):  1.1 us,  1.1 sy,  0.0 ni, 86.4 id, 11.4 wa,  0.0 hi,  0.0 si,  0.0 st 
MiB Mem :  64272.5 total,   6705.5 free,   1940.2 used,  56352.3 buff/cache     
MiB Swap:   8192.0 total,   8191.5 free,      0.5 used.  62332.3 avail Mem 

    PID USER      PR  NI    VIRT    RES    SHR S  %CPU  %MEM     TIME+ COMMAND
      1 root      20   0   22936  14244   9608 S   0.0   0.0   4:07.35 /usr/lib/systemd/systemd --system --deserialize=173
      2 root      20   0       0      0      0 S   0.0   0.0   0:00.07 [kthreadd]
      3 root      20   0       0      0      0 S   0.0   0.0   0:00.00 [pool_workqueue_release]
      4 root       0 -20       0      0      0 I   0.0   0.0   0:00.00 [kworker/R-rcu_g]
      5 root       0 -20       0      0      0 I   0.0   0.0   0:00.00 [kworker/R-rcu_p]

Environment variables: 
	CONFIG_FILE=/home/udesou/.bench-agent/work/run-20260913-001-e1/run-20260913-001.yml
	HOME=/home/udesou
	LANG=en_US.UTF-8
	LOGNAME=udesou
	LOG_DIR=/home/udesou/.bench-agent/logs
	OLLY_DIR=/home/udesou/.bench-agent/git/olly
	PATH=/usr/local/bin:/home/udesou/.bench-agent/git/olly/_build/install/default/bin:/home/udesou/.opam/running-ng-tools/bin:/home/udesou/.vscode-server/data/User/globalStorage/github.copilot-chat/debugCommand:/home/udesou/.vscode-server/data/User/globalStorage/github.copilot-chat/copilotCli:/home/udesou/.vscode-server/cli/servers/Stable-08d4889f9ec4a1685d257b9b95de036c8e1ce1e5/server/bin/remote-cli:/home/udesou/.opam/running-ng-ocaml-5.5.0-f523850-fp-flambda/bin:/home/udesou/.local/bin:/home/udesou/.opam/running-ng-ocaml-5.5.0-f523850-fp-flambda/bin:/home/udesou/.local/bin:/usr/local/sbin:/usr/local/bin:/usr/sbin:/usr/bin:/sbin:/bin:/usr/games:/usr/local/games:/snap/bin
	PWD=/home/udesou/ocaml-bench-service
	PYTHONPATH=/home/udesou/.bench-agent/git/running-ng/src
	RUNNING_BENCH_DIR=/home/udesou/.bench-agent/git/macro-benches
	RUNNING_MACRO_BENCH_DIR=/home/udesou/.bench-agent/git/macro-benches
	RUNNING_NG_PACKAGE_DATA=/home/udesou/.bench-agent/git/running-ng/src/running/config
	RUNNING_REUSE_SWITCHES=1
	RUNNING_TAG=default_run,large_run
	SHELL=/bin/bash
	SHLVL=1
	TERM=screen.xterm-256color
	USER=udesou
	_=/usr/bin/python3
OS: Linux obelisk 6.8.0-139-generic #139-Ubuntu SMP PREEMPT_DYNAMIC Sat Aug  1 03:52:05 UTC 2026 x86_64 x86_64 x86_64 GNU/Linux
CPU: Intel(R) Xeon(R) CPU E5-2667 v2 @ 3.30GHz
number of cores: 8
Frequency of cpu 0: 3.30 GHz
Governor of cpu 0: performance
Scaling_min_freq of cpu 0: 1.20 GHz
Frequency of cpu 2: 3.30 GHz
Governor of cpu 2: performance
Scaling_min_freq of cpu 2: 1.20 GHz
Frequency of cpu 4: 3.30 GHz
Governor of cpu 4: performance
Scaling_min_freq of cpu 4: 1.20 GHz
Frequency of cpu 6: 3.30 GHz
Governor of cpu 6: performance
Scaling_min_freq of cpu 6: 1.20 GHz
WARNING: Failed to resolve file /com/google/common/annotations/Beta.class with "No such file or directory" 

WARNING: Failed to resolve file /com/google/common/base/CharMatcher$BitSetMatcher.class with "No such file or directory" 

WARNING: Failed to resolve file /com/google/common/base/CharMatcher$RangesMatcher.class with "No such file or directory" 

WARNING: Failed to resolve file /com/google/common/base/Equivalence$Wrapper.class with "No such file or directory" 

WARNING: Failed to resolve file /com/google/common/base/Functions$SupplierFunction.class with "No such file or directory" 

WARNING: Failed to resolve file /com/google/common/base/Platform$JdkPatternCompiler.class with "No such file or directory" 

WARNING: Failed to resolve file /com/google/common/base/Present.class with "No such file or directory" 

WARNING: Failed to resolve file /com/google/common/base/Suppliers$MemoizingSupplier.class with "No such file or directory" 

WARNING: Failed to resolve file /com/google/common/cache/Cache.class with "No such file or directory" 

WARNING: Failed to resolve file /com/google/common/cache/CacheBuilderSpec$WriteDurationParser.class with "No such file or directory" 

WARNING: Failed to resolve file /com/google/common/cache/LocalCache$AccessQueue.class with "No such file or directory" 

WARNING: Failed to resolve file /com/google/common/cache/LocalCache$ManualSerializationProxy.class with "No such file or directory" 

WARNING: Failed to resolve file /com/google/common/cache/LocalCache$WeakWriteEntry.class with "No such file or directory" 

WARNING: Failed to resolve file /com/google/common/cache/RemovalCause.class with "No such file or directory" 

WARNING: Failed to resolve file /com/google/common/collect/AbstractIterator.class with "No such file or directory" 

WARNING: Failed to resolve file /com/google/common/collect/AbstractMapBasedMultimap$WrappedSortedSet.class with "No such file or directory" 

WARNING: Failed to resolve file /com/google/common/collect/AbstractSortedKeySortedSetMultimap.class with "No such file or directory" 

WARNING: Failed to resolve file /com/google/common/collect/ArrayTable.class with "No such file or directory" 

WARNING: Failed to resolve file /com/google/common/collect/Collections2.class with "No such file or directory" 

WARNING: Failed to resolve file /com/google/common/collect/ComparisonChain.class with "No such file or directory" 

WARNING: Failed to resolve file /com/google/common/collect/DenseImmutableTable$ImmutableArrayMap$1.class with "No such file or directory" 

WARNING: Failed to resolve file /com/google/common/collect/EnumMultiset$1.class with "No such file or directory" 

WARNING: Failed to resolve file /com/google/common/collect/FilteredKeyMultimap$Entries.class with "No such file or directory" 

WARNING: Failed to resolve file /com/google/common/collect/ForwardingIterator.class with "No such file or directory" 

WARNING: Failed to resolve file /com/google/common/collect/ForwardingSetMultimap.class with "No such file or directory" 

WARNING: Failed to resolve file /com/google/common/collect/HashBiMap$InverseSerializedForm.class with "No such file or directory" 

WARNING: Failed to resolve file /com/google/common/collect/ImmutableEnumMap$1.class with "No such file or directory" 

WARNING: Failed to resolve file /com/google/common/collect/ImmutableMap$SerializedForm.class with "No such file or directory" 

WARNING: Failed to resolve file /com/google/common/collect/ImmutableMultimap$Values.class with "No such file or directory" 

WARNING: Failed to resolve file /com/google/common/collect/ImmutableRangeSet$ComplementRanges.class with "No such file or directory" 

WARNING: Failed to resolve file /com/google/common/collect/ImmutableSortedMap.class with "No such file or directory" 

WARNING: Failed to resolve file /com/google/common/collect/Interners$InternerBuilder.class with "No such file or directory" 

WARNING: Failed to resolve file /com/google/common/collect/Iterators$3.class with "No such file or directory" 

WARNING: Failed to resolve file /com/google/common/collect/LinkedHashMultimap$1.class with "No such file or directory" 

WARNING: Failed to resolve file /com/google/common/collect/Lists$2.class with "No such file or directory" 

WARNING: Failed to resolve file /com/google/common/collect/MapMakerInternalMap$1.class with "No such file or directory" 

WARNING: Failed to resolve file /com/google/common/collect/MapMakerInternalMap$StrongKeyDummyValueSegment.class with "No such file or directory" 

WARNING: Failed to resolve file /com/google/common/collect/MapMakerInternalMap$WeakValueReferenceImpl.class with "No such file or directory" 

WARNING: Failed to resolve file /com/google/common/collect/Maps$DescendingMap$1EntrySetImpl.class with "No such file or directory" 

WARNING: Failed to resolve file /com/google/common/collect/Maps$IteratorBasedAbstractMap.class with "No such file or directory" 

WARNING: Failed to resolve file /com/google/common/collect/MinMaxPriorityQueue$Heap.class with "No such file or directory" 

WARNING: Failed to resolve file /com/google/common/collect/MultimapBuilder$MultimapBuilderWithKeys$5.class with "No such file or directory" 

WARNING: Failed to resolve file /com/google/common/collect/Multimaps$TransformedEntriesListMultimap.class with "No such file or directory" 

WARNING: Failed to resolve file /com/google/common/collect/Multisets$AbstractEntry.class with "No such file or directory" 

WARNING: Failed to resolve file /com/google/common/collect/Ordering$ArbitraryOrderingHolder.class with "No such file or directory" 

WARNING: Failed to resolve file /com/google/common/collect/RegularImmutableBiMap$Inverse$InverseEntrySet$1.class with "No such file or directory" 

WARNING: Failed to resolve file /com/google/common/collect/ReverseOrdering.class with "No such file or directory" 

WARNING: Failed to resolve file /com/google/common/collect/Sets$DescendingSet.class with "No such file or directory" 

WARNING: Failed to resolve file /com/google/common/collect/SortedLists$KeyAbsentBehavior$3.class with "No such file or directory" 

WARNING: Failed to resolve file /com/google/common/collect/StandardTable$CellIterator.class with "No such file or directory" 

WARNING: Failed to resolve file /com/google/common/collect/Streams$1.class with "No such file or directory" 

WARNING: Failed to resolve file /com/google/common/collect/Synchronized$SynchronizedAsMapEntries.class with "No such file or directory" 

WARNING: Failed to resolve file /com/google/common/collect/Synchronized$SynchronizedSortedSetMultimap.class with "No such file or directory" 

WARNING: Failed to resolve file /com/google/common/collect/TransformedListIterator.class with "No such file or directory" 

WARNING: Failed to resolve file /com/google/common/collect/TreeRangeMap$SubRangeMap$1.class with "No such file or directory" 

WARNING: Failed to resolve file /com/google/common/collect/TreeRangeSet.class with "No such file or directory" 

WARNING: Failed to resolve file /com/google/common/collect/package-info.class with "No such file or directory" 

WARNING: Failed to resolve file /com/google/common/eventbus/Dispatcher$1.class with "No such file or directory" 

WARNING: Failed to resolve file /com/google/common/eventbus/package-info.class with "No such file or directory" 

WARNING: Failed to resolve file /com/google/common/graph/AbstractValueGraph$2.class with "No such file or directory" 

WARNING: Failed to resolve file /com/google/common/graph/EndpointPair$1.class with "No such file or directory" 

WARNING: Failed to resolve file /com/google/common/graph/ImmutableGraph.class with "No such file or directory" 

WARNING: Failed to resolve file /com/google/common/graph/SuccessorsFunction.class with "No such file or directory" 

WARNING: Failed to resolve file /com/google/common/graph/UndirectedMultiNetworkConnections.class with "No such file or directory" 

WARNING: Failed to resolve file /com/google/common/hash/BloomFilterStrategies.class with "No such file or directory" 

WARNING: Failed to resolve file /com/google/common/hash/HashFunction.class with "No such file or directory" 

WARNING: Failed to resolve file /com/google/common/hash/LittleEndianByteArray$UnsafeByteArray$1.class with "No such file or directory" 

WARNING: Failed to resolve file /com/google/common/hash/Murmur3_32HashFunction.class with "No such file or directory" 

WARNING: Failed to resolve file /com/google/common/io/BaseEncoding$StandardBaseEncoding$1.class with "No such file or directory" 

WARNING: Failed to resolve file /com/google/common/io/CharSequenceReader.class with "No such file or directory" 

WARNING: Failed to resolve file /com/google/common/io/FileBackedOutputStream.class with "No such file or directory" 

WARNING: Failed to resolve file /com/google/common/io/MoreFiles$3.class with "No such file or directory" 

WARNING: Failed to resolve file /com/google/common/math/LinearTransformation$1.class with "No such file or directory" 

WARNING: Failed to resolve file /com/google/common/math/package-info.class with "No such file or directory" 

WARNING: Failed to resolve file /com/google/common/primitives/Chars$CharArrayAsList.class with "No such file or directory" 

WARNING: Failed to resolve file /com/google/common/primitives/ImmutableLongArray$Builder.class with "No such file or directory" 

WARNING: Failed to resolve file /com/google/common/primitives/UnsignedBytes$LexicographicalComparatorHolder$UnsafeComparator.class with "No such file or directory" 

WARNING: Failed to resolve file /com/google/common/reflect/ImmutableTypeToInstanceMap.class with "No such file or directory" 

WARNING: Failed to resolve file /com/google/common/reflect/TypeToInstanceMap.class with "No such file or directory" 

WARNING: Failed to resolve file /com/google/common/reflect/TypeVisitor.class with "No such file or directory" 

WARNING: Failed to resolve file /com/google/common/reflect/Types.class with "No such file or directory" 

WARNING: Failed to resolve file /com/google/common/util/concurrent/AbstractFuture$TrustedFuture.class with "No such file or directory" 

WARNING: Failed to resolve file /com/google/common/util/concurrent/AbstractScheduledService$ServiceDelegate$2.class with "No such file or directory" 

WARNING: Failed to resolve file /com/google/common/util/concurrent/AggregateFuture$RunningState.class with "No such file or directory" 

WARNING: Failed to resolve file /com/google/common/util/concurrent/CollectionFuture$ListFuture.class with "No such file or directory" 

WARNING: Failed to resolve file /com/google/common/util/concurrent/CycleDetectingLockFactory$WithExplicitOrdering.class with "No such file or directory" 

WARNING: Failed to resolve file /com/google/common/util/concurrent/ForwardingFluentFuture.class with "No such file or directory" 

WARNING: Failed to resolve file /com/google/common/util/concurrent/FuturesGetChecked$GetCheckedTypeValidatorHolder$ClassValueValidator$1.class with "No such file or directory" 

WARNING: Failed to resolve file /com/google/common/util/concurrent/ListenableScheduledFuture.class with "No such file or directory" 

WARNING: Failed to resolve file /com/google/common/util/concurrent/MoreExecutors$ScheduledListeningDecorator.class with "No such file or directory" 

WARNING: Failed to resolve file /com/google/common/util/concurrent/Service$State$6.class with "No such file or directory" 

WARNING: Failed to resolve file /com/google/common/util/concurrent/SmoothRateLimiter$SmoothBursty.class with "No such file or directory" 

WARNING: Failed to resolve file /com/google/common/util/concurrent/ThreadFactoryBuilder.class with "No such file or directory" 

WARNING: Failed to resolve file /com/google/common/xml/package-info.class with "No such file or directory" 

WARNING: Failed to resolve file /net/bytebuddy/NamingStrategy$Suffixing$BaseNameResolver$WithCallerSuffix.class with "No such file or directory" 

WARNING: Failed to resolve file /net/bytebuddy/agent/builder/AgentBuilder$CircularityLock$Global.class with "No such file or directory" 

WARNING: Failed to resolve file /net/bytebuddy/agent/builder/AgentBuilder$Default$Redefining$WithResubmission.class with "No such file or directory" 

WARNING: Failed to resolve file /net/bytebuddy/agent/builder/AgentBuilder$DescriptionStrategy$SuperTypeLoading.class with "No such file or directory" 

WARNING: Failed to resolve file /net/bytebuddy/agent/builder/AgentBuilder$InitializationStrategy.class with "No such file or directory" 

WARNING: Failed to resolve file /net/bytebuddy/agent/builder/AgentBuilder$LambdaInstrumentationStrategy$LambdaInstanceFactory$FactoryImplementation.class with "No such file or directory" 

WARNING: Failed to resolve file /net/bytebuddy/agent/builder/AgentBuilder$Listener$StreamWriting.class with "No such file or directory" 

WARNING: Failed to resolve file /net/bytebuddy/agent/builder/AgentBuilder$PoolStrategy$Eager.class with "No such file or directory" 

WARNING: Failed to resolve file /net/bytebuddy/agent/builder/AgentBuilder$RedefinitionListenable$ResubmissionOnErrorMatcher.class with "No such file or directory" 

WARNING: Failed to resolve file /net/bytebuddy/agent/builder/AgentBuilder$RedefinitionStrategy$DiscoveryStrategy$Explicit.class with "No such file or directory" 

WARNING: Failed to resolve file /net/bytebuddy/agent/builder/AgentBuilder$RedefinitionStrategy$Listener$Yielding.class with "No such file or directory" 

WARNING: Failed to resolve file /net/bytebuddy/agent/builder/AgentBuilder$Transformer$ForAdvice$Entry$ForSplitAdvice.class with "No such file or directory" 

WARNING: Failed to resolve file /net/bytebuddy/agent/builder/package-info.class with "No such file or directory" 

WARNING: Failed to resolve file /net/bytebuddy/asm/Advice$ArgumentHandler$ForInstrumentedMethod.class with "No such file or directory" 

WARNING: Failed to resolve file /net/bytebuddy/asm/Advice$AssignReturned$ToAllArguments$Handler.class with "No such file or directory" 

WARNING: Failed to resolve file /net/bytebuddy/asm/Advice$Delegator$ForStaticInvocation.class with "No such file or directory" 

WARNING: Failed to resolve file /net/bytebuddy/asm/Advice$Dispatcher$Inlining$Resolved$ForMethodEnter$WithRetainedEnterType.class with "No such file or directory" 

WARNING: Failed to resolve file /net/bytebuddy/asm/Advice$Dispatcher$RelocationHandler.class with "No such file or directory" 

WARNING: Failed to resolve file /net/bytebuddy/asm/Advice$Local.class with "No such file or directory" 

WARNING: Failed to resolve file /net/bytebuddy/asm/Advice$OffsetMapping$ForEnterValue$Factory.class with "No such file or directory" 

WARNING: Failed to resolve file /net/bytebuddy/asm/Advice$OffsetMapping$ForOrigin$Renderer$ForJavaSignature.class with "No such file or directory" 

WARNING: Failed to resolve file /net/bytebuddy/asm/Advice$OffsetMapping$ForThrowable.class with "No such file or directory" 

WARNING: Failed to resolve file /net/bytebuddy/asm/Advice$OffsetMapping$Target$ForVariable.class with "No such file or directory" 

WARNING: Failed to resolve file /net/bytebuddy/asm/Advice$StackMapFrameHandler$Default$TranslationMode.class with "No such file or directory" 

WARNING: Failed to resolve file /net/bytebuddy/asm/AsmVisitorWrapper$ForDeclaredFields$FieldVisitorWrapper.class with "No such file or directory" 

WARNING: Failed to resolve file /net/bytebuddy/asm/MemberAttributeExtension$ForField$FieldAttributeVisitor.class with "No such file or directory" 

WARNING: Failed to resolve file /net/bytebuddy/asm/MemberSubstitution$Substitution$Chain$Factory.class with "No such file or directory" 

WARNING: Failed to resolve file /net/bytebuddy/asm/MemberSubstitution$Substitution.class with "No such file or directory" 

WARNING: Failed to resolve file /net/bytebuddy/asm/package-info.class with "No such file or directory" 

WARNING: Failed to resolve file /net/bytebuddy/build/CachedReturnPlugin$Advice$float.class with "No such file or directory" 

WARNING: Failed to resolve file /net/bytebuddy/build/HashCodeAndEqualsPlugin$Enhance$InvokeSuper$3.class with "No such file or directory" 

WARNING: Failed to resolve file /net/bytebuddy/build/Plugin$Engine$Dispatcher$ForParallelTransformation$WithThrowawayExecutorService.class with "No such file or directory" 

WARNING: Failed to resolve file /net/bytebuddy/build/Plugin$Engine$Listener$Adapter.class with "No such file or directory" 

WARNING: Failed to resolve file /net/bytebuddy/build/Plugin$Engine$Source$ForFolder.class with "No such file or directory" 

WARNING: Failed to resolve file /net/bytebuddy/build/Plugin$Engine$TypeStrategy$Default.class with "No such file or directory" 

WARNING: Failed to resolve file /net/bytebuddy/build/Plugin$NoOp.class with "No such file or directory" 

WARNING: Failed to resolve file /net/bytebuddy/description/ModifierReviewable$ForParameterDescription.class with "No such file or directory" 

WARNING: Failed to resolve file /net/bytebuddy/description/annotation/AnnotationDescription$Latent.class with "No such file or directory" 

WARNING: Failed to resolve file /net/bytebuddy/description/annotation/AnnotationValue$ForConstant$PropertyDelegate$ForArrayType$3.class with "No such file or directory" 

WARNING: Failed to resolve file /net/bytebuddy/description/annotation/AnnotationValue$ForDescriptionArray.class with "No such file or directory" 

WARNING: Failed to resolve file /net/bytebuddy/description/annotation/AnnotationValue$RenderingDispatcher$3.class with "No such file or directory" 

WARNING: Failed to resolve file /net/bytebuddy/description/field/FieldDescription$TypeSubstituting.class with "No such file or directory" 

WARNING: Failed to resolve file /net/bytebuddy/description/method/MethodDescription$Token.class with "No such file or directory" 

WARNING: Failed to resolve file /net/bytebuddy/description/method/ParameterDescription$InDefinedShape$AbstractBase.class with "No such file or directory" 

WARNING: Failed to resolve file /net/bytebuddy/description/method/package-info.class with "No such file or directory" 

WARNING: Failed to resolve file /net/bytebuddy/description/modifier/Visibility.class with "No such file or directory" 

WARNING: Failed to resolve file /net/bytebuddy/description/type/RecordComponentList$ForTokens.class with "No such file or directory" 

WARNING: Failed to resolve file /net/bytebuddy/description/type/TypeDescription$Generic$AnnotationReader$Delegator$ForLoadedField$Dispatcher.class with "No such file or directory" 

WARNING: Failed to resolve file /net/bytebuddy/description/type/TypeDescription$Generic$AnnotationReader$ForWildcardLowerBoundType.class with "No such file or directory" 

WARNING: Failed to resolve file /net/bytebuddy/description/type/TypeDescription$Generic$LazyProjection$WithLazyNavigation$LazySuperClass.class with "No such file or directory" 

WARNING: Failed to resolve file /net/bytebuddy/description/type/TypeDescription$Generic$OfParameterizedType$RenderingDelegate.class with "No such file or directory" 

WARNING: Failed to resolve file /net/bytebuddy/description/type/TypeDescription$Generic$Visitor$Assigner$Dispatcher$ForParameterizedType.class with "No such file or directory" 

WARNING: Failed to resolve file /net/bytebuddy/description/type/TypeDescription$Generic$Visitor$TypeErasing.class with "No such file or directory" 

WARNING: Failed to resolve file /net/bytebuddy/description/type/TypeList$Generic$AbstractBase.class with "No such file or directory" 

WARNING: Failed to resolve file /net/bytebuddy/dynamic/ClassFileLocator$ForClassLoader$WeaklyReferenced.class with "No such file or directory" 

WARNING: Failed to resolve file /net/bytebuddy/dynamic/ClassFileLocator$ForUrl.class with "No such file or directory" 

WARNING: Failed to resolve file /net/bytebuddy/dynamic/DynamicType$Builder$AbstractBase$Adapter$RecordComponentMatchAdapter.class with "No such file or directory" 

WARNING: Failed to resolve file /net/bytebuddy/dynamic/DynamicType$Builder$MethodDefinition$ImplementationDefinition.class with "No such file or directory" 

WARNING: Failed to resolve file /net/bytebuddy/dynamic/DynamicType$Builder$RecordComponentDefinition$Optional$AbstractBase.class with "No such file or directory" 

WARNING: Failed to resolve file /net/bytebuddy/dynamic/Transformer$ForField$FieldModifierTransformer.class with "No such file or directory" 

WARNING: Failed to resolve file /net/bytebuddy/dynamic/VisibilityBridgeStrategy$Default$3.class with "No such file or directory" 

WARNING: Failed to resolve file /net/bytebuddy/dynamic/loading/ByteArrayClassLoader$SynchronizationStrategy$ForJava8CapableVm.class with "No such file or directory" 

WARNING: Failed to resolve file /net/bytebuddy/dynamic/loading/ClassInjector$UsingJna$Dispatcher.class with "No such file or directory" 

WARNING: Failed to resolve file /net/bytebuddy/dynamic/loading/ClassInjector$UsingUnsafe$Dispatcher$Initializable.class with "No such file or directory" 

WARNING: Failed to resolve file /net/bytebuddy/dynamic/loading/ClassReloadingStrategy$BootstrapInjection.class with "No such file or directory" 

WARNING: Failed to resolve file /net/bytebuddy/dynamic/loading/PackageDefinitionStrategy$ManifestReading.class with "No such file or directory" 

WARNING: Failed to resolve file /net/bytebuddy/dynamic/scaffold/FieldLocator$Resolution$Illegal.class with "No such file or directory" 

WARNING: Failed to resolve file /net/bytebuddy/dynamic/scaffold/InstrumentedType.class with "No such file or directory" 

WARNING: Failed to resolve file /net/bytebuddy/dynamic/scaffold/MethodGraph$Compiler$ForDeclaredMethods.class with "No such file or directory" 

WARNING: Failed to resolve file /net/bytebuddy/dynamic/scaffold/MethodRegistry$Handler$ForAnnotationValue.class with "No such file or directory" 

WARNING: Failed to resolve file /net/bytebuddy/dynamic/scaffold/TypeWriter$Default$ClassDumpAction$Dispatcher$Disabled.class with "No such file or directory" 

WARNING: Failed to resolve file /net/bytebuddy/dynamic/scaffold/TypeWriter$Default$ForInlining$WithFullProcessing$InitializationHandler$Appending$WithoutDrain.class with "No such file or directory" 

WARNING: Failed to resolve file /net/bytebuddy/dynamic/scaffold/TypeWriter$Default$ValidatingClassVisitor$Constraint.class with "No such file or directory" 

WARNING: Failed to resolve file /net/bytebuddy/dynamic/scaffold/TypeWriter$MethodPool$Record.class with "No such file or directory" 

WARNING: Failed to resolve file /net/bytebuddy/dynamic/scaffold/inline/MethodRebaseResolver$Resolution.class with "No such file or directory" 

WARNING: Failed to resolve file /net/bytebuddy/dynamic/scaffold/subclass/SubclassImplementationTarget$1.class with "No such file or directory" 

WARNING: Failed to resolve file /net/bytebuddy/implementation/EqualsMethod$SuperClassCheck.class with "No such file or directory" 

WARNING: Failed to resolve file /net/bytebuddy/implementation/EqualsMethod$ValueComparator$9.class with "No such file or directory" 

WARNING: Failed to resolve file /net/bytebuddy/implementation/FieldAccessor$ForSetter$OfDefaultValue.class with "No such file or directory" 

WARNING: Failed to resolve file /net/bytebuddy/implementation/FixedValue$ForValue.class with "No such file or directory" 

WARNING: Failed to resolve file /net/bytebuddy/implementation/HashCodeMethod$ValueTransformer$4.class with "No such file or directory" 

WARNING: Failed to resolve file /net/bytebuddy/implementation/Implementation$Context$Default$FieldGetterDelegation.class with "No such file or directory" 

WARNING: Failed to resolve file /net/bytebuddy/implementation/Implementation$SpecialMethodInvocation.class with "No such file or directory" 

WARNING: Failed to resolve file /net/bytebuddy/implementation/InvokeDynamic$InvocationProvider$ArgumentProvider$ConstantPoolWrapper$4.class with "No such file or directory" 

WARNING: Failed to resolve file /net/bytebuddy/implementation/InvokeDynamic$InvocationProvider$ArgumentProvider$ForLongConstant.class with "No such file or directory" 

WARNING: Failed to resolve file /net/bytebuddy/implementation/InvokeDynamic$InvocationProvider.class with "No such file or directory" 

WARNING: Failed to resolve file /net/bytebuddy/implementation/MethodCall$ArgumentLoader$Factory.class with "No such file or directory" 

WARNING: Failed to resolve file /net/bytebuddy/implementation/MethodCall$ArgumentLoader$ForThisReference$Factory.class with "No such file or directory" 

WARNING: Failed to resolve file /net/bytebuddy/implementation/MethodCall$MethodLocator.class with "No such file or directory" 

WARNING: Failed to resolve file /net/bytebuddy/implementation/MethodCall$TargetHandler.class with "No such file or directory" 

WARNING: Failed to resolve file /net/bytebuddy/implementation/MethodDelegation$ImplementationDelegate$ForField.class with "No such file or directory" 

WARNING: Failed to resolve file /net/bytebuddy/implementation/ToStringMethod$PrefixResolver.class with "No such file or directory" 

WARNING: Failed to resolve file /net/bytebuddy/implementation/ToStringMethod.class with "No such file or directory" 

WARNING: Failed to resolve file /net/bytebuddy/implementation/attribute/FieldAttributeAppender$Factory.class with "No such file or directory" 

WARNING: Failed to resolve file /net/bytebuddy/implementation/attribute/RecordComponentAttributeAppender$Factory.class with "No such file or directory" 

WARNING: Failed to resolve file /net/bytebuddy/implementation/auxiliary/MethodCallProxy$MethodCall$Appender.class with "No such file or directory" 

WARNING: Failed to resolve file /net/bytebuddy/implementation/auxiliary/package-info.class with "No such file or directory" 

WARNING: Failed to resolve file /net/bytebuddy/implementation/bind/MethodDelegationBinder$MethodInvoker.class with "No such file or directory" 

WARNING: Failed to resolve file /net/bytebuddy/implementation/bind/annotation/Argument$BindingMechanic$2.class with "No such file or directory" 

WARNING: Failed to resolve file /net/bytebuddy/implementation/bind/annotation/Empty$Binder.class with "No such file or directory" 

WARNING: Failed to resolve file /net/bytebuddy/implementation/bind/annotation/FieldValue$Binder.class with "No such file or directory" 

WARNING: Failed to resolve file /net/bytebuddy/implementation/bind/annotation/Pipe$Binder$RedirectionProxy$MethodCall.class with "No such file or directory" 

WARNING: Failed to resolve file /net/bytebuddy/implementation/bind/annotation/SuperMethod$Binder.class with "No such file or directory" 

WARNING: Failed to resolve file /net/bytebuddy/implementation/bytecode/ByteCodeAppender.class with "No such file or directory" 

WARNING: Failed to resolve file /net/bytebuddy/implementation/bytecode/StackManipulation$Size.class with "No such file or directory" 

WARNING: Failed to resolve file /net/bytebuddy/implementation/bytecode/assign/primitive/PrimitiveUnboxingDelegate$ExplicitlyTypedUnboxingResponsible.class with "No such file or directory" 

WARNING: Failed to resolve file /net/bytebuddy/implementation/bytecode/collection/ArrayFactory$ArrayCreator$ForPrimitiveType.class with "No such file or directory" 

WARNING: Failed to resolve file /net/bytebuddy/implementation/bytecode/constant/JavaConstantValue$Visitor.class with "No such file or directory" 

WARNING: Failed to resolve file /net/bytebuddy/implementation/bytecode/member/FieldAccess$Defined.class with "No such file or directory" 

WARNING: Failed to resolve file /net/bytebuddy/implementation/bytecode/member/package-info.class with "No such file or directory" 

WARNING: Failed to resolve file /net/bytebuddy/jar/asm/Handler.class with "No such file or directory" 

WARNING: Failed to resolve file /net/bytebuddy/jar/asm/commons/ModuleRemapper.class with "No such file or directory" 

WARNING: Failed to resolve file /net/bytebuddy/matcher/CollectionSizeMatcher.class with "No such file or directory" 

WARNING: Failed to resolve file /net/bytebuddy/matcher/HasSuperClassMatcher.class with "No such file or directory" 

WARNING: Failed to resolve file /net/bytebuddy/matcher/MethodSortMatcher$1.class with "No such file or directory" 

WARNING: Failed to resolve file /net/bytebuddy/matcher/StringMatcher$Mode$5.class with "No such file or directory" 

WARNING: Failed to resolve file /net/bytebuddy/pool/TypePool$CacheProvider$Simple$UsingSoftReference.class with "No such file or directory" 

WARNING: Failed to resolve file /net/bytebuddy/pool/TypePool$Default$GenericTypeExtractor$ForSignature$OfMethod$ParameterTypeRegistrant.class with "No such file or directory" 

WARNING: Failed to resolve file /net/bytebuddy/pool/TypePool$Default$LazyTypeDescription$AnnotationToken.class with "No such file or directory" 

WARNING: Failed to resolve file /net/bytebuddy/pool/TypePool$Default$LazyTypeDescription$GenericTypeToken$ForUnboundWildcard.class with "No such file or directory" 

WARNING: Failed to resolve file /net/bytebuddy/pool/TypePool$Default$LazyTypeDescription$LazyAnnotationDescription.class with "No such file or directory" 

WARNING: Failed to resolve file /net/bytebuddy/pool/TypePool$Default$LazyTypeDescription$MethodTokenList.class with "No such file or directory" 

WARNING: Failed to resolve file /net/bytebuddy/pool/TypePool$Default$TypeExtractor.class with "No such file or directory" 

WARNING: Failed to resolve file /net/bytebuddy/utility/FileSystem$ForNio2CapableVm$Files.class with "No such file or directory" 

WARNING: Failed to resolve file /net/bytebuddy/utility/JavaConstant$Simple$Dispatcher$OfMethodHandleDesc.class with "No such file or directory" 

WARNING: Failed to resolve file /net/bytebuddy/utility/dispatcher/JavaDispatcher$Container.class with "No such file or directory" 

WARNING: Failed to resolve file /net/bytebuddy/utility/dispatcher/JavaDispatcher$IsStatic.class with "No such file or directory" 

WARNING: Failed to resolve file /net/bytebuddy/utility/visitor/StackAwareMethodVisitor$1.class with "No such file or directory" 

WARNING: Failed to resolve file /org/apache/lucene/analysis/CharArrayMap$MapEntry.class with "No such file or directory" 

WARNING: Failed to resolve file /org/apache/lucene/analysis/TokenStream.class with "No such file or directory" 

WARNING: Failed to resolve file /org/apache/lucene/analysis/tokenattributes/OffsetAttribute.class with "No such file or directory" 

WARNING: Failed to resolve file /org/apache/lucene/codecs/BufferingKnnVectorsWriter$BufferedFloatVectorValues.class with "No such file or directory" 

WARNING: Failed to resolve file /org/apache/lucene/codecs/DocValuesConsumer$8$1.class with "No such file or directory" 

WARNING: Failed to resolve file /org/apache/lucene/codecs/KnnVectorsFormat.class with "No such file or directory" 

WARNING: Failed to resolve file /org/apache/lucene/codecs/PointsFormat.class with "No such file or directory" 

WARNING: Failed to resolve file /org/apache/lucene/codecs/TermVectorsWriter$TermVectorsMergeSub.class with "No such file or directory" 

WARNING: Failed to resolve file /org/apache/lucene/codecs/hnsw/FlatFieldVectorsWriter.class with "No such file or directory" 

WARNING: Failed to resolve file /org/apache/lucene/codecs/lucene90/LZ4WithPresetDictCompressionMode$LZ4WithPresetDictCompressor.class with "No such file or directory" 

WARNING: Failed to resolve file /org/apache/lucene/codecs/lucene90/Lucene90DocValuesProducer$13.class with "No such file or directory" 

WARNING: Failed to resolve file /org/apache/lucene/codecs/lucene90/Lucene90DocValuesProducer$7.class with "No such file or directory" 

WARNING: Failed to resolve file /org/apache/lucene/codecs/lucene90/Lucene90NormsProducer$1.class with "No such file or directory" 

WARNING: Failed to resolve file /org/apache/lucene/codecs/lucene90/Lucene90StoredFieldsFormat.class with "No such file or directory" 

WARNING: Failed to resolve file /org/apache/lucene/codecs/lucene90/compressing/FieldsIndex.class with "No such file or directory" 

WARNING: Failed to resolve file /org/apache/lucene/codecs/lucene90/compressing/Lucene90CompressingTermVectorsWriter$DocData.class with "No such file or directory" 

WARNING: Failed to resolve file /org/apache/lucene/codecs/lucene912/Lucene912PostingsWriter.class with "No such file or directory" 

WARNING: Failed to resolve file /org/apache/lucene/codecs/lucene99/Lucene99FlatVectorsFormat.class with "No such file or directory" 

WARNING: Failed to resolve file /org/apache/lucene/codecs/lucene99/Lucene99ScalarQuantizedVectorScorer$DotProduct.class with "No such file or directory" 

WARNING: Failed to resolve file /org/apache/lucene/codecs/lucene99/OffHeapQuantizedByteVectorValues$DenseOffHeapVectorValues.class with "No such file or directory" 

WARNING: Failed to resolve file /org/apache/lucene/codecs/perfield/PerFieldPostingsFormat$FieldsWriter.class with "No such file or directory" 

WARNING: Failed to resolve file /org/apache/lucene/document/Document.class with "No such file or directory" 

WARNING: Failed to resolve file /org/apache/lucene/document/FeatureField$SaturationFunction.class with "No such file or directory" 

WARNING: Failed to resolve file /org/apache/lucene/document/FloatRange.class with "No such file or directory" 

WARNING: Failed to resolve file /org/apache/lucene/document/KnnFloatVectorField.class with "No such file or directory" 

WARNING: Failed to resolve file /org/apache/lucene/document/LatLonPointDistanceFeatureQuery$DistanceScorer.class with "No such file or directory" 

WARNING: Failed to resolve file /org/apache/lucene/document/LatLonShapeQuery$2.class with "No such file or directory" 

WARNING: Failed to resolve file /org/apache/lucene/document/RangeFieldQuery$1$3.class with "No such file or directory" 

WARNING: Failed to resolve file /org/apache/lucene/document/SortedDocValuesField.class with "No such file or directory" 

WARNING: Failed to resolve file /org/apache/lucene/document/SpatialQuery$3.class with "No such file or directory" 

WARNING: Failed to resolve file /org/apache/lucene/document/XYPointField.class with "No such file or directory" 

WARNING: Failed to resolve file /org/apache/lucene/geo/ComponentTree.class with "No such file or directory" 

WARNING: Failed to resolve file /org/apache/lucene/geo/SimpleWKTShapeParser.class with "No such file or directory" 

WARNING: Failed to resolve file /org/apache/lucene/index/BinaryDocValues.class with "No such file or directory" 

WARNING: Failed to resolve file /org/apache/lucene/index/CheckIndex$1.class with "No such file or directory" 

WARNING: Failed to resolve file /org/apache/lucene/index/CodecReader$1.class with "No such file or directory" 

WARNING: Failed to resolve file /org/apache/lucene/index/DocValuesFieldUpdates$1.class with "No such file or directory" 

WARNING: Failed to resolve file /org/apache/lucene/index/DocumentsWriterDeleteQueue$DeleteSlice.class with "No such file or directory" 

WARNING: Failed to resolve file /org/apache/lucene/index/ExitableDirectoryReader$ExitableFilterAtomicReader$5.class with "No such file or directory" 

WARNING: Failed to resolve file /org/apache/lucene/index/FieldTermIterator.class with "No such file or directory" 

WARNING: Failed to resolve file /org/apache/lucene/index/FilterVectorValues.class with "No such file or directory" 

WARNING: Failed to resolve file /org/apache/lucene/index/FreqProxTermsWriterPerField.class with "No such file or directory" 

WARNING: Failed to resolve file /org/apache/lucene/index/IndexReader.class with "No such file or directory" 

WARNING: Failed to resolve file /org/apache/lucene/index/IndexWriter$DocModifier.class with "No such file or directory" 

WARNING: Failed to resolve file /org/apache/lucene/index/IndexingChain.class with "No such file or directory" 

WARNING: Failed to resolve file /org/apache/lucene/index/MergePolicy$OneMerge.class with "No such file or directory" 

WARNING: Failed to resolve file /org/apache/lucene/index/MultiPostingsEnum.class with "No such file or directory" 

WARNING: Failed to resolve file /org/apache/lucene/index/NumericDocValuesWriter$NumericDVs.class with "No such file or directory" 

WARNING: Failed to resolve file /org/apache/lucene/index/PointValues$1.class with "No such file or directory" 

WARNING: Failed to resolve file /org/apache/lucene/index/ReaderUtil.class with "No such file or directory" 

WARNING: Failed to resolve file /org/apache/lucene/index/SegmentMerger.class with "No such file or directory" 

WARNING: Failed to resolve file /org/apache/lucene/index/SlowCodecReaderWrapper.class with "No such file or directory" 

WARNING: Failed to resolve file /org/apache/lucene/index/SnapshotDeletionPolicy.class with "No such file or directory" 

WARNING: Failed to resolve file /org/apache/lucene/index/SortedNumericDocValuesWriter$LongValues.class with "No such file or directory" 

WARNING: Failed to resolve file /org/apache/lucene/index/SortingCodecReader$6.class with "No such file or directory" 

WARNING: Failed to resolve file /org/apache/lucene/index/StoredFieldVisitor$Status.class with "No such file or directory" 

WARNING: Failed to resolve file /org/apache/lucene/index/TermsEnumIndex$TermState.class with "No such file or directory" 

WARNING: Failed to resolve file /org/apache/lucene/index/VectorSimilarityFunction.class with "No such file or directory" 

WARNING: Failed to resolve file /org/apache/lucene/internal/hppc/IntArrayList$ValueIterator.class with "No such file or directory" 

WARNING: Failed to resolve file /org/apache/lucene/internal/hppc/IntIntHashMap$IntIntCursor.class with "No such file or directory" 

WARNING: Failed to resolve file /org/apache/lucene/internal/hppc/LongArrayList.class with "No such file or directory" 

WARNING: Failed to resolve file /org/apache/lucene/internal/hppc/LongObjectHashMap$LongObjectCursor.class with "No such file or directory" 

WARNING: Failed to resolve file /org/apache/lucene/search/AbstractKnnVectorQuery$DocAndScoreQuery$1$1.class with "No such file or directory" 

WARNING: Failed to resolve file /org/apache/lucene/search/BlendedTermQuery.class with "No such file or directory" 

WARNING: Failed to resolve file /org/apache/lucene/search/BooleanScorer$DocIdStreamView.class with "No such file or directory" 

WARNING: Failed to resolve file /org/apache/lucene/search/CachingCollector$ScoreCachingLeafCollector.class with "No such file or directory" 

WARNING: Failed to resolve file /org/apache/lucene/search/ConstantScoreScorer$1.class with "No such file or directory" 

WARNING: Failed to resolve file /org/apache/lucene/search/DisjunctionSumScorer.class with "No such file or directory" 

WARNING: Failed to resolve file /org/apache/lucene/search/DoubleValuesSource$2.class with "No such file or directory" 

WARNING: Failed to resolve file /org/apache/lucene/search/ExactPhraseMatcher$1$SubIterator.class with "No such file or directory" 

WARNING: Failed to resolve file /org/apache/lucene/search/FilterScorer.class with "No such file or directory" 

WARNING: Failed to resolve file /org/apache/lucene/search/IndexSearcher$CachingLeafSlicesSupplier.class with "No such file or directory" 

WARNING: Failed to resolve file /org/apache/lucene/search/KnnCollector.class with "No such file or directory" 

WARNING: Failed to resolve file /org/apache/lucene/search/LongValuesSource$ConstantLongValuesSource.class with "No such file or directory" 

WARNING: Failed to resolve file /org/apache/lucene/search/MaxNonCompetitiveBoostAttribute.class with "No such file or directory" 

WARNING: Failed to resolve file /org/apache/lucene/search/MultiPhraseQuery.class with "No such file or directory" 

WARNING: Failed to resolve file /org/apache/lucene/search/PhrasePositions.class with "No such file or directory" 

WARNING: Failed to resolve file /org/apache/lucene/search/PointRangeQuery$1$2.class with "No such file or directory" 

WARNING: Failed to resolve file /org/apache/lucene/search/RegexpQuery.class with "No such file or directory" 

WARNING: Failed to resolve file /org/apache/lucene/search/ScoringRewrite$ParallelArraysTermCollector.class with "No such file or directory" 

WARNING: Failed to resolve file /org/apache/lucene/search/SortField$Type.class with "No such file or directory" 

WARNING: Failed to resolve file /org/apache/lucene/search/SortedSetSelector$1.class with "No such file or directory" 

WARNING: Failed to resolve file /org/apache/lucene/search/TaskExecutor$TaskGroup$1.class with "No such file or directory" 

WARNING: Failed to resolve file /org/apache/lucene/search/TimeLimitingCollector$TimerThreadHolder.class with "No such file or directory" 

WARNING: Failed to resolve file /org/apache/lucene/search/TopScoreDocCollector$SimpleTopScoreDocCollector$1.class with "No such file or directory" 

WARNING: Failed to resolve file /org/apache/lucene/search/WANDScorer.class with "No such file or directory" 

WARNING: Failed to resolve file /org/apache/lucene/search/comparators/TermOrdValComparator$CompetitiveIterator$1.class with "No such file or directory" 

WARNING: Failed to resolve file /org/apache/lucene/search/similarities/BasicModelG.class with "No such file or directory" 

WARNING: Failed to resolve file /org/apache/lucene/search/similarities/LMJelinekMercerSimilarity.class with "No such file or directory" 

WARNING: Failed to resolve file /org/apache/lucene/search/similarities/SimilarityBase$BasicSimScorer.class with "No such file or directory" 

WARNING: Failed to resolve file /org/apache/lucene/store/ByteBuffersDirectory$1.class with "No such file or directory" 

WARNING: Failed to resolve file /org/apache/lucene/store/IndexInput.class with "No such file or directory" 

WARNING: Failed to resolve file /org/apache/lucene/store/NoLockFactory.class with "No such file or directory" 

WARNING: Failed to resolve file /org/apache/lucene/util/ArrayTimSorter.class with "No such file or directory" 

WARNING: Failed to resolve file /org/apache/lucene/util/Bits$MatchAllBits.class with "No such file or directory" 

WARNING: Failed to resolve file /org/apache/lucene/util/BytesRefHash$DirectBytesStartArray.class with "No such file or directory" 

WARNING: Failed to resolve file /org/apache/lucene/util/DocIdSetBuilder$BulkAdder.class with "No such file or directory" 

WARNING: Failed to resolve file /org/apache/lucene/util/IOUtils$1.class with "No such file or directory" 

WARNING: Failed to resolve file /org/apache/lucene/util/LongValues$1.class with "No such file or directory" 

WARNING: Failed to resolve file /org/apache/lucene/util/OfflineSorter$ByteSequencesWriter.class with "No such file or directory" 

WARNING: Failed to resolve file /org/apache/lucene/util/RamUsageEstimator.class with "No such file or directory" 

WARNING: Failed to resolve file /org/apache/lucene/util/SortableBytesRefArray.class with "No such file or directory" 

WARNING: Failed to resolve file /org/apache/lucene/util/Unwrappable.class with "No such file or directory" 

WARNING: Failed to resolve file /org/apache/lucene/util/automaton/DaciukMihovAutomatonBuilder.class with "No such file or directory" 

WARNING: Failed to resolve file /org/apache/lucene/util/automaton/RegExp$Kind.class with "No such file or directory" 

WARNING: Failed to resolve file /org/apache/lucene/util/bkd/BKDReader.class with "No such file or directory" 

WARNING: Failed to resolve file /org/apache/lucene/util/bkd/OfflinePointReader$OfflinePointValue.class with "No such file or directory" 

WARNING: Failed to resolve file /org/apache/lucene/util/fst/FST$Arc.class with "No such file or directory" 

WARNING: Failed to resolve file /org/apache/lucene/util/fst/NoOutputs.class with "No such file or directory" 

WARNING: Failed to resolve file /org/apache/lucene/util/graph/GraphTokenStreamFiniteStrings.class with "No such file or directory" 

WARNING: Failed to resolve file /org/apache/lucene/util/hnsw/HnswUtil$Component.class with "No such file or directory" 

WARNING: Failed to resolve file /org/apache/lucene/util/hnsw/RandomVectorScorerSupplier.class with "No such file or directory" 

WARNING: Failed to resolve file /org/apache/lucene/util/packed/BulkOperationPacked14.class with "No such file or directory" 

WARNING: Failed to resolve file /org/apache/lucene/util/packed/DeltaPackedLongValues.class with "No such file or directory" 

WARNING: Failed to resolve file /org/apache/lucene/util/packed/DirectReader.class with "No such file or directory" 

WARNING: Failed to resolve file /org/apache/lucene/util/packed/Packed64SingleBlock$Packed64SingleBlock8.class with "No such file or directory" 

WARNING: Failed to resolve file /org/apache/lucene/util/packed/PackedLongValues$Builder.class with "No such file or directory" 

WARNING: Failed to resolve file /org/bouncycastle/LICENSE.class with "No such file or directory" 

WARNING: Failed to resolve file /org/bouncycastle/asn1/ASN1GeneralizedTime$1.class with "No such file or directory" 

WARNING: Failed to resolve file /org/bouncycastle/asn1/ASN1OctetString.class with "No such file or directory" 

WARNING: Failed to resolve file /org/bouncycastle/asn1/ASN1T61String$1.class with "No such file or directory" 

WARNING: Failed to resolve file /org/bouncycastle/asn1/BERFactory.class with "No such file or directory" 

WARNING: Failed to resolve file /org/bouncycastle/asn1/DERFactory.class with "No such file or directory" 

WARNING: Failed to resolve file /org/bouncycastle/asn1/DERVisibleString.class with "No such file or directory" 

WARNING: Failed to resolve file /org/bouncycastle/asn1/anssi/ANSSINamedCurves$1.class with "No such file or directory" 

WARNING: Failed to resolve file /org/bouncycastle/asn1/cryptopro/ECGOST3410NamedCurves$4.class with "No such file or directory" 

WARNING: Failed to resolve file /org/bouncycastle/asn1/nist/NISTObjectIdentifiers.class with "No such file or directory" 

WARNING: Failed to resolve file /org/bouncycastle/asn1/pkcs/CertBag.class with "No such file or directory" 

WARNING: Failed to resolve file /org/bouncycastle/asn1/pkcs/RSAPrivateKey.class with "No such file or directory" 

WARNING: Failed to resolve file /org/bouncycastle/asn1/sec/SECNamedCurves$20.class with "No such file or directory" 

WARNING: Failed to resolve file /org/bouncycastle/asn1/sec/SECNamedCurves.class with "No such file or directory" 

WARNING: Failed to resolve file /org/bouncycastle/asn1/ua/DSTU4145Params.class with "No such file or directory" 

WARNING: Failed to resolve file /org/bouncycastle/asn1/x509/AltSignatureValue.class with "No such file or directory" 

WARNING: Failed to resolve file /org/bouncycastle/asn1/x509/DistributionPoint.class with "No such file or directory" 

WARNING: Failed to resolve file /org/bouncycastle/asn1/x509/OtherName.class with "No such file or directory" 

WARNING: Failed to resolve file /org/bouncycastle/asn1/x509/TBSCertificateStructure.class with "No such file or directory" 

WARNING: Failed to resolve file /org/bouncycastle/asn1/x509/qualified/BiometricData.class with "No such file or directory" 

WARNING: Failed to resolve file /org/bouncycastle/asn1/x9/X962NamedCurves$11.class with "No such file or directory" 

WARNING: Failed to resolve file /org/bouncycastle/asn1/x9/X962NamedCurves.class with "No such file or directory" 

WARNING: Failed to resolve file /org/bouncycastle/crypto/Commitment.class with "No such file or directory" 

WARNING: Failed to resolve file /org/bouncycastle/crypto/Digest.class with "No such file or directory" 

WARNING: Failed to resolve file /org/bouncycastle/crypto/RawAgreement.class with "No such file or directory" 

WARNING: Failed to resolve file /org/bouncycastle/crypto/agreement/ECDHCUnifiedAgreement.class with "No such file or directory" 

WARNING: Failed to resolve file /org/bouncycastle/crypto/agreement/kdf/GSKKDFParameters.class with "No such file or directory" 

WARNING: Failed to resolve file /org/bouncycastle/crypto/digests/AsconXof$AsconParameters.class with "No such file or directory" 

WARNING: Failed to resolve file /org/bouncycastle/crypto/digests/Kangaroo$KangarooParameters$Builder.class with "No such file or directory" 

WARNING: Failed to resolve file /org/bouncycastle/crypto/digests/RIPEMD320Digest.class with "No such file or directory" 

WARNING: Failed to resolve file /org/bouncycastle/crypto/digests/TigerDigest.class with "No such file or directory" 

WARNING: Failed to resolve file /org/bouncycastle/crypto/ec/CustomNamedCurves$20.class with "No such file or directory" 

WARNING: Failed to resolve file /org/bouncycastle/crypto/ec/ECDecryptor.class with "No such file or directory" 

WARNING: Failed to resolve file /org/bouncycastle/crypto/engines/ARIAWrapPadEngine.class with "No such file or directory" 

WARNING: Failed to resolve file /org/bouncycastle/crypto/engines/DSTU7624Engine.class with "No such file or directory" 

WARNING: Failed to resolve file /org/bouncycastle/crypto/engines/ISAPEngine$1.class with "No such file or directory" 

WARNING: Failed to resolve file /org/bouncycastle/crypto/engines/RC532Engine.class with "No such file or directory" 

WARNING: Failed to resolve file /org/bouncycastle/crypto/engines/SkipjackEngine.class with "No such file or directory" 

WARNING: Failed to resolve file /org/bouncycastle/crypto/engines/Zuc128Engine.class with "No such file or directory" 

WARNING: Failed to resolve file /org/bouncycastle/crypto/generators/DHBasicKeyPairGenerator.class with "No such file or directory" 

WARNING: Failed to resolve file /org/bouncycastle/crypto/generators/KDFFeedbackBytesGenerator.class with "No such file or directory" 

WARNING: Failed to resolve file /org/bouncycastle/crypto/io/CipherIOException.class with "No such file or directory" 

WARNING: Failed to resolve file /org/bouncycastle/crypto/macs/CMac.class with "No such file or directory" 

WARNING: Failed to resolve file /org/bouncycastle/crypto/macs/Zuc256Mac.class with "No such file or directory" 

WARNING: Failed to resolve file /org/bouncycastle/crypto/modes/GCMModeCipher.class with "No such file or directory" 

WARNING: Failed to resolve file /org/bouncycastle/crypto/modes/gcm/BasicGCMExponentiator.class with "No such file or directory" 

WARNING: Failed to resolve file /org/bouncycastle/crypto/paddings/ISO7816d4Padding.class with "No such file or directory" 

WARNING: Failed to resolve file /org/bouncycastle/crypto/params/DHKeyParameters.class with "No such file or directory" 

WARNING: Failed to resolve file /org/bouncycastle/crypto/params/ECKeyGenerationParameters.class with "No such file or directory" 

WARNING: Failed to resolve file /org/bouncycastle/crypto/params/GOST3410PublicKeyParameters.class with "No such file or directory" 

WARNING: Failed to resolve file /org/bouncycastle/crypto/params/ParametersWithSalt.class with "No such file or directory" 

WARNING: Failed to resolve file /org/bouncycastle/crypto/params/XDHUPrivateParameters.class with "No such file or directory" 

WARNING: Failed to resolve file /org/bouncycastle/crypto/prng/ThreadedSeedGenerator$SeedGenerator.class with "No such file or directory" 

WARNING: Failed to resolve file /org/bouncycastle/crypto/signers/ECNRSigner.class with "No such file or directory" 

WARNING: Failed to resolve file /org/bouncycastle/crypto/signers/RandomDSAKCalculator.class with "No such file or directory" 

WARNING: Failed to resolve file /org/bouncycastle/crypto/util/DigestFactory$10.class with "No such file or directory" 

WARNING: Failed to resolve file /org/bouncycastle/crypto/util/PBKDF2Config.class with "No such file or directory" 

WARNING: Failed to resolve file /org/bouncycastle/crypto/util/RadixConverter.class with "No such file or directory" 

WARNING: Failed to resolve file /org/bouncycastle/i18n/filter/HTMLFilter.class with "No such file or directory" 

WARNING: Failed to resolve file /org/bouncycastle/internal/asn1/misc/IDEACBCPar.class with "No such file or directory" 

WARNING: Failed to resolve file /org/bouncycastle/jcajce/CompositePublicKey.class with "No such file or directory" 

WARNING: Failed to resolve file /org/bouncycastle/jcajce/PKIXCertStoreSelector.class with "No such file or directory" 

WARNING: Failed to resolve file /org/bouncycastle/jcajce/io/SignatureUpdatingOutputStream.class with "No such file or directory" 

WARNING: Failed to resolve file /org/bouncycastle/jcajce/provider/asymmetric/EXTERNAL$Mappings.class with "No such file or directory" 

WARNING: Failed to resolve file /org/bouncycastle/jcajce/provider/asymmetric/SPHINCSPlus.class with "No such file or directory" 

WARNING: Failed to resolve file /org/bouncycastle/jcajce/provider/asymmetric/compositesignatures/KeyPairGeneratorSpi$MLDSA87_ECDSA_P384_SHA512.class with "No such file or directory" 

WARNING: Failed to resolve file /org/bouncycastle/jcajce/provider/asymmetric/compositesignatures/SignatureSpi.class with "No such file or directory" 

WARNING: Failed to resolve file /org/bouncycastle/jcajce/provider/asymmetric/dh/KeyAgreementSpi$DHwithRFC2631KDF.class with "No such file or directory" 

WARNING: Failed to resolve file /org/bouncycastle/jcajce/provider/asymmetric/dh/KeyAgreementSpi.class with "No such file or directory" 

WARNING: Failed to resolve file /org/bouncycastle/jcajce/provider/asymmetric/dsa/DSASigner$dsaSha3_224.class with "No such file or directory" 

WARNING: Failed to resolve file /org/bouncycastle/jcajce/provider/asymmetric/ec/GMCipherSpi$ErasableOutputStream.class with "No such file or directory" 

WARNING: Failed to resolve file /org/bouncycastle/jcajce/provider/asymmetric/ec/IESCipher$ECIESwithAESCBC.class with "No such file or directory" 

WARNING: Failed to resolve file /org/bouncycastle/jcajce/provider/asymmetric/ec/KeyAgreementSpi$CDHwithSHA384KDFAndSharedInfo.class with "No such file or directory" 

WARNING: Failed to resolve file /org/bouncycastle/jcajce/provider/asymmetric/ec/KeyAgreementSpi$DHwithSHA384CKDF.class with "No such file or directory" 

WARNING: Failed to resolve file /org/bouncycastle/jcajce/provider/asymmetric/ec/KeyAgreementSpi$MQVwithSHA384KDF.class with "No such file or directory" 

WARNING: Failed to resolve file /org/bouncycastle/jcajce/provider/asymmetric/ec/SignatureSpi$ecCVCDSA224.class with "No such file or directory" 

WARNING: Failed to resolve file /org/bouncycastle/jcajce/provider/asymmetric/ec/SignatureSpi$ecDetDSA.class with "No such file or directory" 

WARNING: Failed to resolve file /org/bouncycastle/jcajce/provider/asymmetric/ecgost/KeyFactorySpi.class with "No such file or directory" 

WARNING: Failed to resolve file /org/bouncycastle/jcajce/provider/asymmetric/edec/IESCipher$XIESwithCipher.class with "No such file or directory" 

WARNING: Failed to resolve file /org/bouncycastle/jcajce/provider/asymmetric/edec/KeyAgreementSpi$X448UwithSHA512CKDF.class with "No such file or directory" 

WARNING: Failed to resolve file /org/bouncycastle/jcajce/provider/asymmetric/edec/KeyPairGeneratorSpi$XDH.class with "No such file or directory" 

WARNING: Failed to resolve file /org/bouncycastle/jcajce/provider/asymmetric/gost/GOSTUtil.class with "No such file or directory" 

WARNING: Failed to resolve file /org/bouncycastle/jcajce/provider/asymmetric/rsa/DigestSignatureSpi$MD5.class with "No such file or directory" 

WARNING: Failed to resolve file /org/bouncycastle/jcajce/provider/asymmetric/rsa/ISOSignatureSpi$SHA256WithRSAEncryption.class with "No such file or directory" 

WARNING: Failed to resolve file /org/bouncycastle/jcajce/provider/asymmetric/rsa/PSSSignatureSpi$SHA384withRSA.class with "No such file or directory" 

WARNING: Failed to resolve file /org/bouncycastle/jcajce/provider/asymmetric/rsa/PSSSignatureSpi$SHA512withRSA.class with "No such file or directory" 

WARNING: Failed to resolve file /org/bouncycastle/jcajce/provider/asymmetric/util/BaseCipherSpi$1.class with "No such file or directory" 

WARNING: Failed to resolve file /org/bouncycastle/jcajce/provider/asymmetric/x509/KeyFactory.class with "No such file or directory" 

WARNING: Failed to resolve file /org/bouncycastle/jcajce/provider/asymmetric/x509/X509SignatureUtil.class with "No such file or directory" 

WARNING: Failed to resolve file /org/bouncycastle/jcajce/provider/digest/DSTU7564$Digest256.class with "No such file or directory" 

WARNING: Failed to resolve file /org/bouncycastle/jcajce/provider/digest/GOST3411$KeyGenerator2012_512.class with "No such file or directory" 

WARNING: Failed to resolve file /org/bouncycastle/jcajce/provider/digest/Keccak$KeyGenerator288.class with "No such file or directory" 

WARNING: Failed to resolve file /org/bouncycastle/jcajce/provider/digest/RIPEMD128$HashMac.class with "No such file or directory" 

WARNING: Failed to resolve file /org/bouncycastle/jcajce/provider/digest/SHA1$Digest.class with "No such file or directory" 

WARNING: Failed to resolve file /org/bouncycastle/jcajce/provider/digest/SHA3$Digest512.class with "No such file or directory" 

WARNING: Failed to resolve file /org/bouncycastle/jcajce/provider/digest/SHA3$KeyGenerator512.class with "No such file or directory" 

WARNING: Failed to resolve file /org/bouncycastle/jcajce/provider/digest/SHA512$OldSHA512.class with "No such file or directory" 

WARNING: Failed to resolve file /org/bouncycastle/jcajce/provider/digest/Skein$Digest_512_384.class with "No such file or directory" 

WARNING: Failed to resolve file /org/bouncycastle/jcajce/provider/digest/Skein$HashMac_256_256.class with "No such file or directory" 

WARNING: Failed to resolve file /org/bouncycastle/jcajce/provider/digest/Skein$SkeinMac_1024_1024.class with "No such file or directory" 

WARNING: Failed to resolve file /org/bouncycastle/jcajce/provider/digest/Tiger.class with "No such file or directory" 

WARNING: Failed to resolve file /org/bouncycastle/jcajce/provider/drbg/DRBG$OneShotHybridEntropySource.class with "No such file or directory" 

WARNING: Failed to resolve file /org/bouncycastle/jcajce/provider/keystore/bc/BcKeyStoreSpi$Version1.class with "No such file or directory" 

WARNING: Failed to resolve file /org/bouncycastle/jcajce/provider/keystore/pkcs12/PKCS12KeyStoreSpi$DefPKCS12KeyStore3DES.class with "No such file or directory" 

WARNING: Failed to resolve file /org/bouncycastle/jcajce/provider/symmetric/AES$AlgParamsGCM.class with "No such file or directory" 

WARNING: Failed to resolve file /org/bouncycastle/jcajce/provider/symmetric/AES$PBEWithSHA256AESCBC128.class with "No such file or directory" 

WARNING: Failed to resolve file /org/bouncycastle/jcajce/provider/symmetric/ARC4$PBEWithSHAAnd40Bit.class with "No such file or directory" 

WARNING: Failed to resolve file /org/bouncycastle/jcajce/provider/symmetric/ARIA$Poly1305.class with "No such file or directory" 

WARNING: Failed to resolve file /org/bouncycastle/jcajce/provider/symmetric/CAST6$ECB$1.class with "No such file or directory" 

WARNING: Failed to resolve file /org/bouncycastle/jcajce/provider/symmetric/Camellia$Poly1305KeyGen.class with "No such file or directory" 

WARNING: Failed to resolve file /org/bouncycastle/jcajce/provider/symmetric/DES$DESCFB8.class with "No such file or directory" 

WARNING: Failed to resolve file /org/bouncycastle/jcajce/provider/symmetric/DESede$ECB.class with "No such file or directory" 

WARNING: Failed to resolve file /org/bouncycastle/jcajce/provider/symmetric/DSTU7624$CCM256.class with "No such file or directory" 

WARNING: Failed to resolve file /org/bouncycastle/jcajce/provider/symmetric/DSTU7624$GMAC256.class with "No such file or directory" 

WARNING: Failed to resolve file /org/bouncycastle/jcajce/provider/symmetric/GOST28147$GCFB.class with "No such file or directory" 

WARNING: Failed to resolve file /org/bouncycastle/jcajce/provider/symmetric/Grainv1$Base.class with "No such file or directory" 

WARNING: Failed to resolve file /org/bouncycastle/jcajce/provider/symmetric/IDEA$Mappings.class with "No such file or directory" 

WARNING: Failed to resolve file /org/bouncycastle/jcajce/provider/symmetric/PBEPBKDF2$BasePBKDF2.class with "No such file or directory" 

WARNING: Failed to resolve file /org/bouncycastle/jcajce/provider/symmetric/Poly1305.class with "No such file or directory" 

WARNING: Failed to resolve file /org/bouncycastle/jcajce/provider/symmetric/RC5$AlgParams.class with "No such file or directory" 

WARNING: Failed to resolve file /org/bouncycastle/jcajce/provider/symmetric/RC6$Poly1305KeyGen.class with "No such file or directory" 

WARNING: Failed to resolve file /org/bouncycastle/jcajce/provider/symmetric/SEED$Mappings.class with "No such file or directory" 

WARNING: Failed to resolve file /org/bouncycastle/jcajce/provider/symmetric/Serpent$AlgParams.class with "No such file or directory" 

WARNING: Failed to resolve file /org/bouncycastle/jcajce/provider/symmetric/Shacal2$ECB$1.class with "No such file or directory" 

WARNING: Failed to resolve file /org/bouncycastle/jcajce/provider/symmetric/Skipjack.class with "No such file or directory" 

WARNING: Failed to resolve file /org/bouncycastle/jcajce/provider/symmetric/Threefish$CMAC_512.class with "No such file or directory" 

WARNING: Failed to resolve file /org/bouncycastle/jcajce/provider/symmetric/VMPC$KeyGen.class with "No such file or directory" 

WARNING: Failed to resolve file /org/bouncycastle/jcajce/provider/symmetric/Zuc$Mappings.class with "No such file or directory" 

WARNING: Failed to resolve file /org/bouncycastle/jcajce/provider/symmetric/util/BaseWrapCipher$InvalidKeyOrParametersException.class with "No such file or directory" 

WARNING: Failed to resolve file /org/bouncycastle/jcajce/spec/AEADParameterSpec.class with "No such file or directory" 

WARNING: Failed to resolve file /org/bouncycastle/jcajce/spec/OpenSSHPrivateKeySpec.class with "No such file or directory" 

WARNING: Failed to resolve file /org/bouncycastle/jcajce/util/JcaJceUtils.class with "No such file or directory" 

WARNING: Failed to resolve file /org/bouncycastle/jce/exception/ExtCertificateEncodingException.class with "No such file or directory" 

WARNING: Failed to resolve file /org/bouncycastle/jce/provider/BouncyCastleProvider$1.class with "No such file or directory" 

WARNING: Failed to resolve file /org/bouncycastle/jce/provider/ExtCRLException.class with "No such file or directory" 

WARNING: Failed to resolve file /org/bouncycastle/jce/provider/PKIXCertPathBuilderSpi_8.class with "No such file or directory" 

WARNING: Failed to resolve file /org/bouncycastle/jce/provider/X509CertificateObject.class with "No such file or directory" 

WARNING: Failed to resolve file /org/bouncycastle/jce/spec/ElGamalPrivateKeySpec.class with "No such file or directory" 

WARNING: Failed to resolve file /org/bouncycastle/math/ec/ECCurve$Config.class with "No such file or directory" 

WARNING: Failed to resolve file /org/bouncycastle/math/ec/FixedPointUtil$1.class with "No such file or directory" 

WARNING: Failed to resolve file /org/bouncycastle/math/ec/WTauNafMultiplier.class with "No such file or directory" 

WARNING: Failed to resolve file /org/bouncycastle/math/ec/custom/sec/SecP160R1Curve$1.class with "No such file or directory" 

WARNING: Failed to resolve file /org/bouncycastle/math/ec/custom/sec/SecP224K1Curve.class with "No such file or directory" 

WARNING: Failed to resolve file /org/bouncycastle/math/ec/custom/sec/SecP384R1Field.class with "No such file or directory" 

WARNING: Failed to resolve file /org/bouncycastle/math/ec/custom/sec/SecT131R2Curve$1.class with "No such file or directory" 

WARNING: Failed to resolve file /org/bouncycastle/math/ec/custom/sec/SecT193R2Point.class with "No such file or directory" 

WARNING: Failed to resolve file /org/bouncycastle/math/ec/custom/sec/SecT283R1Point.class with "No such file or directory" 

WARNING: Failed to resolve file /org/bouncycastle/math/ec/endo/GLVEndomorphism.class with "No such file or directory" 

WARNING: Failed to resolve file /org/bouncycastle/math/ec/rfc8032/Ed25519$PointPrecomp.class with "No such file or directory" 

WARNING: Failed to resolve file /org/bouncycastle/math/field/FiniteField.class with "No such file or directory" 

WARNING: Failed to resolve file /org/bouncycastle/math/raw/Nat576.class with "No such file or directory" 

WARNING: Failed to resolve file /org/bouncycastle/pqc/asn1/SPHINCSPLUSPublicKey.class with "No such file or directory" 

WARNING: Failed to resolve file /org/bouncycastle/pqc/crypto/bike/BIKEKeyParameters.class with "No such file or directory" 

WARNING: Failed to resolve file /org/bouncycastle/pqc/crypto/cmce/Utils.class with "No such file or directory" 

WARNING: Failed to resolve file /org/bouncycastle/pqc/crypto/crystals/kyber/KyberEngine.class with "No such file or directory" 

WARNING: Failed to resolve file /org/bouncycastle/pqc/crypto/falcon/FalconConversions.class with "No such file or directory" 

WARNING: Failed to resolve file /org/bouncycastle/pqc/crypto/frodo/FrodoKEMExtractor.class with "No such file or directory" 

WARNING: Failed to resolve file /org/bouncycastle/pqc/crypto/gemss/GeMSSSigner.class with "No such file or directory" 

WARNING: Failed to resolve file /org/bouncycastle/pqc/crypto/hqc/FastFourierTransform.class with "No such file or directory" 

WARNING: Failed to resolve file /org/bouncycastle/pqc/crypto/lms/HSS.class with "No such file or directory" 

WARNING: Failed to resolve file /org/bouncycastle/pqc/crypto/lms/LMSPrivateKeyParameters$CacheKey.class with "No such file or directory" 

WARNING: Failed to resolve file /org/bouncycastle/pqc/crypto/newhope/NHSecretKeyProcessor$1.class with "No such file or directory" 

WARNING: Failed to resolve file /org/bouncycastle/pqc/crypto/ntru/OWCPAKeyPair.class with "No such file or directory" 

WARNING: Failed to resolve file /org/bouncycastle/pqc/crypto/picnic/LowmcConstants.class with "No such file or directory" 

WARNING: Failed to resolve file /org/bouncycastle/pqc/crypto/picnic/Tree.class with "No such file or directory" 

WARNING: Failed to resolve file /org/bouncycastle/pqc/crypto/saber/SABERKEMExtractor.class with "No such file or directory" 

WARNING: Failed to resolve file /org/bouncycastle/pqc/crypto/sphincs/SPHINCSPublicKeyParameters.class with "No such file or directory" 

WARNING: Failed to resolve file /org/bouncycastle/pqc/crypto/sphincsplus/SPHINCSPlusEngine$Shake256Engine.class with "No such file or directory" 

WARNING: Failed to resolve file /org/bouncycastle/pqc/crypto/util/PublicKeyFactory$CMCEConverter.class with "No such file or directory" 

WARNING: Failed to resolve file /org/bouncycastle/pqc/crypto/util/PublicKeyFactory.class with "No such file or directory" 

WARNING: Failed to resolve file /org/bouncycastle/pqc/crypto/xmss/WOTSPlusOid.class with "No such file or directory" 

WARNING: Failed to resolve file /org/bouncycastle/pqc/crypto/xmss/XMSSMTPublicKeyParameters.class with "No such file or directory" 

WARNING: Failed to resolve file /org/bouncycastle/pqc/crypto/xmss/XMSSStoreableObjectInterface.class with "No such file or directory" 

WARNING: Failed to resolve file /org/bouncycastle/pqc/jcajce/interfaces/KyberKey.class with "No such file or directory" 

WARNING: Failed to resolve file /org/bouncycastle/pqc/jcajce/interfaces/StateAwareSignature.class with "No such file or directory" 

WARNING: Failed to resolve file /org/bouncycastle/pqc/jcajce/provider/Kyber.class with "No such file or directory" 

WARNING: Failed to resolve file /org/bouncycastle/pqc/jcajce/provider/XMSS$Mappings.class with "No such file or directory" 

WARNING: Failed to resolve file /org/bouncycastle/pqc/jcajce/provider/cmce/CMCEKeyFactorySpi.class with "No such file or directory" 

WARNING: Failed to resolve file /org/bouncycastle/pqc/jcajce/provider/falcon/BCFalconPrivateKey.class with "No such file or directory" 

WARNING: Failed to resolve file /org/bouncycastle/pqc/jcajce/provider/hqc/BCHQCPublicKey.class with "No such file or directory" 

WARNING: Failed to resolve file /org/bouncycastle/pqc/jcajce/provider/kyber/KyberKeyFactorySpi$Kyber768_AES.class with "No such file or directory" 

WARNING: Failed to resolve file /org/bouncycastle/pqc/jcajce/provider/mceliece/McElieceCCA2KeyFactorySpi.class with "No such file or directory" 

WARNING: Failed to resolve file /org/bouncycastle/pqc/jcajce/provider/mceliece/McEliecePointchevalCipherSpi$McEliecePointcheval512.class with "No such file or directory" 

WARNING: Failed to resolve file /org/bouncycastle/pqc/jcajce/provider/ntruprime/NTRULPRimeKeyFactorySpi.class with "No such file or directory" 

WARNING: Failed to resolve file /org/bouncycastle/pqc/jcajce/provider/rainbow/RainbowKeyPairGeneratorSpi$RainbowIIIclassic.class with "No such file or directory" 

WARNING: Failed to resolve file /org/bouncycastle/pqc/jcajce/provider/sphincs/BCSphincs256PrivateKey.class with "No such file or directory" 

WARNING: Failed to resolve file /org/bouncycastle/pqc/jcajce/provider/sphincsplus/SPHINCSPlusKeyPairGeneratorSpi$Shake_256s.class with "No such file or directory" 

WARNING: Failed to resolve file /org/bouncycastle/pqc/jcajce/provider/xmss/XMSSMTKeyPairGeneratorSpi.class with "No such file or directory" 

WARNING: Failed to resolve file /org/bouncycastle/pqc/jcajce/provider/xmss/XMSSSignatureSpi$withShake256.class with "No such file or directory" 

WARNING: Failed to resolve file /org/bouncycastle/pqc/jcajce/spec/RainbowParameterSpec.class with "No such file or directory" 

WARNING: Failed to resolve file /org/bouncycastle/pqc/legacy/crypto/gmss/Treehash.class with "No such file or directory" 

WARNING: Failed to resolve file /org/bouncycastle/pqc/legacy/crypto/mceliece/McEliecePrivateKeyParameters.class with "No such file or directory" 

WARNING: Failed to resolve file /org/bouncycastle/pqc/legacy/crypto/ntru/NTRUSigningPrivateKeyParameters$Basis.class with "No such file or directory" 

WARNING: Failed to resolve file /org/bouncycastle/pqc/legacy/crypto/rainbow/RainbowParameters.class with "No such file or directory" 

WARNING: Failed to resolve file /org/bouncycastle/pqc/legacy/math/linearalgebra/GF2nPolynomial.class with "No such file or directory" 

WARNING: Failed to resolve file /org/bouncycastle/pqc/legacy/math/ntru/polynomial/Constants.class with "No such file or directory" 

WARNING: Failed to resolve file /org/bouncycastle/pqc/math/ntru/Polynomial.class with "No such file or directory" 

WARNING: Failed to resolve file /org/bouncycastle/util/IPAddress.class with "No such file or directory" 

WARNING: Failed to resolve file /org/bouncycastle/util/Times.class with "No such file or directory" 

WARNING: Failed to resolve file /org/bouncycastle/util/io/Streams.class with "No such file or directory" 

WARNING: Failed to resolve file /org/bouncycastle/util/test/TestFailedException.class with "No such file or directory" 

WARNING: Failed to resolve file /org/bouncycastle/x509/X509AttributeCertStoreSelector.class with "No such file or directory" 

WARNING: Failed to resolve file /org/bouncycastle/x509/util/LDAPStoreHelper.class with "No such file or directory" 

Found 542 (out of 11364) source files to analyze in /home/udesou/.bench-agent/git/macro-benches/vendor/.infer-capture-ocaml-5.5.1-46e1c32-fp
ondemand engine did not return the expected specialized summary
ondemand engine did not return the expected specialized summary
ondemand engine did not return the expected specialized summary
ondemand engine did not return the expected specialized summary
ondemand engine did not return the expected specialized summary
ondemand engine did not return the expected specialized summary
ondemand engine did not return the expected specialized summary
ondemand engine did not return the expected specialized summary
ondemand engine did not return the expected specialized summary
ondemand engine did not return the expected specialized summary
ondemand engine did not return the expected specialized summary
ondemand engine did not return the expected specialized summary
ondemand engine did not return the expected specialized summary
ondemand engine did not return the expected specialized summary
ondemand engine did not return the expected specialized summary
ondemand engine did not return the expected specialized summary
ondemand engine did not return the expected specialized summary
ondemand engine did not return the expected specialized summary
ondemand engine did not return the expected specialized summary
ondemand engine did not return the expected specialized summary
ondemand engine did not return the expected specialized summary
ondemand engine did not return the expected specialized summary
ondemand engine did not return the expected specialized summary
ondemand engine did not return the expected specialized summary
ondemand engine did not return the expected specialized summary
ondemand engine did not return the expected specialized summary
ondemand engine did not return the expected specialized summary
ondemand engine did not return the expected specialized summary
ondemand engine did not return the expected specialized summary
ondemand engine did not return the expected specialized summary
ondemand engine did not return the expected specialized summary
ondemand engine did not return the expected specialized summary
ondemand engine did not return the expected specialized summary
ondemand engine did not return the expected specialized summary
ondemand engine did not return the expected specialized summary
ondemand engine did not return the expected specialized summary
ondemand engine did not return the expected specialized summary
ondemand engine did not return the expected specialized summary
ondemand engine did not return the expected specialized summary
ondemand engine did not return the expected specialized summary
ondemand engine did not return the expected specialized summary
ondemand engine did not return the expected specialized summary
ondemand engine did not return the expected specialized summary
ondemand engine did not return the expected specialized summary
ondemand engine did not return the expected specialized summary
ondemand engine did not return the expected specialized summary
ondemand engine did not return the expected specialized summary
ondemand engine did not return the expected specialized summary
ondemand engine did not return the expected specialized summary
ondemand engine did not return the expected specialized summary
ondemand engine did not return the expected specialized summary
ondemand engine did not return the expected specialized summary
ondemand engine did not return the expected specialized summary
Could not read file /org/apache/lucene/util/RamUsageEstimator.class
Could not read file /org/bouncycastle/x509/util/LDAPStoreHelper.class
*****
{
  "rusage": {
    "user_time": 1074.446,
    "system_time": 80.147,
    "minor_faults": 1835334,
    "major_faults": 7,
    "voluntary_ctx_switches": 4834803,
    "involuntary_ctx_switches": 276991
  },
  "olly": {
    "version": 2,
    "wall_time": 380.79,
    "cpu_time": 2652.13,
    "gc_time": 163.44,
    "gc_overhead": 6.16,
    "max_rss_kb": 7183224,
    "domain_stats": {
      "0": {
        "wall_time": 380.79,
        "gc_time": 15.07,
        "gc_overhead": 3.96
      },
      "1": {
        "wall_time": 378.87,
        "gc_time": 40.56,
        "gc_overhead": 10.71
      },
      "2": {
        "wall_time": 379.35,
        "gc_time": 44.18,
        "gc_overhead": 11.65
      },
      "3": {
        "wall_time": 378.28,
        "gc_time": 20.03,
        "gc_overhead": 5.29
      },
      "4": {
        "wall_time": 378.27,
        "gc_time": 16.07,
        "gc_overhead": 4.25
      },
      "5": {
        "wall_time": 378.28,
        "gc_time": 14.65,
        "gc_overhead": 3.87
      },
      "6": {
        "wall_time": 378.29,
        "gc_time": 12.87,
        "gc_overhead": 3.4
      }
    },
    "mean_latency": 2.073947,
    "stddev_latency": 4.644195,
    "min_latency": 0.0,
    "max_latency": 169.476095,
    "distr_latency": {
      "25.0000": 0.001695,
      "50.0000": 0.003103,
      "60.0000": 0.023679,
      "70.0000": 2.402303,
      "75.0000": 3.289087,
      "80.0000": 4.184063,
      "85.0000": 5.001215,
      "90.0000": 5.935103,
      "95.0000": 7.450623,
      "96.0000": 8.278015,
      "97.0000": 9.682943,
      "98.0000": 13.180927,
      "99.0000": 22.331391,
      "99.9000": 47.448063,
      "99.9900": 68.485119,
      "99.9990": 139.722751,
      "99.9999": 169.476095,
      "100.0000": 169.476095
    },
    "outliers": {
      "count": 0,
      "mean_latency": 0.0,
      "max_latency": 0.0
    },
    "allocations": {
      "total_heap": 144994845049,
      "minor_heap": 141186324505,
      "major_heap": 5796330584,
      "promoted_words": 1987810040,
      "promoted_pct": 1.41
    },
    "domain_alloc_stats": {
      "0": {
        "total": 444716499,
        "minor": 405190564,
        "promoted": 19125921,
        "major": 58651856,
        "promoted_pct": 4.72
      },
      "1": {
        "total": 23244985904,
        "minor": 20287212506,
        "promoted": 178945651,
        "major": 3136719049,
        "promoted_pct": 0.88
      },
      "2": {
        "total": 57392584888,
        "minor": 56167056908,
        "promoted": 750374792,
        "major": 1975902772,
        "promoted_pct": 1.34
      },
      "3": {
        "total": 18381043205,
        "minor": 18482699801,
        "promoted": 358575566,
        "major": 256918970,
        "promoted_pct": 1.94
      },
      "4": {
        "total": 14699961747,
        "minor": 14812509961,
        "promoted": 214317782,
        "major": 101769568,
        "promoted_pct": 1.45
      },
      "5": {
        "total": 15932639088,
        "minor": 16038636359,
        "promoted": 239475682,
        "major": 133478411,
        "promoted_pct": 1.49
      },
      "6": {
        "total": 14898913718,
        "minor": 14993018406,
        "promoted": 226994646,
        "major": 132889958,
        "promoted_pct": 1.51
      }
    },
    "collections": {
      "minor": 7332,
      "major": 78,
      "forced_major": 0,
      "compactions": 0
    },
    "stats_reliable": true
  },
  "counter_backend": "linux-perf",
  "perf": [
    {
      "counter-value": "1152541.117834",
      "unit": "msec",
      "event": "task-clock",
      "event-runtime": 1152541117834,
      "pcnt-running": 100.0,
      "metric-value": "3.022021",
      "metric-unit": "CPUs utilized"
    },
    {
      "counter-value": "1834244.000000",
      "unit": "",
      "event": "page-faults",
      "event-runtime": 1152541117834,
      "pcnt-running": 100.0,
      "metric-value": "1.591478",
      "metric-unit": "K/sec"
    },
    {
      "counter-value": "3767646435206.000000",
      "unit": "",
      "event": "cycles",
      "event-runtime": 1152541117834,
      "pcnt-running": 100.0,
      "metric-value": "3.268991",
      "metric-unit": "GHz"
    },
    {
      "counter-value": "4426200757758.000000",
      "unit": "",
      "event": "instructions",
      "event-runtime": 1152541117834,
      "pcnt-running": 100.0,
      "metric-value": "1.174792",
      "metric-unit": "insn per cycle"
    }
  ]
}
-----
mkdir -p PLOTTY_WORKAROUND; timedrun; OCAMLRUNPARAM="e=18,d=128" taskset -c "4,6,8,10,12,14" /home/udesou/.bench-agent/git/macro-benches/benchmarks/infer/infer_large-ocaml-5.5.1-46e1c32-fp
running-ng v0.3.8
Sun Sep 13 03:31:35 PM UTC 2026

 15:31:35 up 6 days, 15:25,  2 users,  load average: 2.15, 2.64, 2.89
USER     TTY      FROM             LOGIN@   IDLE   JCPU   PCPU  WHAT

procs -----------memory---------- ---swap-- -----io---- -system-- -------cpu-------
 r  b   swpd   free   buff  cache   si   so    bi    bo   in   cs us sy id wa st gu
 0  1    512 6774644 4623112 53088244    0    0    39  1155 2412    7 11  1 79  9  0  0
 0  1    512 6774932 4623112 53087724    0    0     0     0 1862 2813  0  0 88 12  0  0

top - 15:31:36 up 6 days, 15:25,  2 users,  load average: 1.97, 2.59, 2.87
Tasks: 280 total,   1 running, 279 sleeping,   0 stopped,   0 zombie
%Cpu(s):  0.0 us,  1.2 sy,  0.0 ni, 87.1 id, 11.8 wa,  0.0 hi,  0.0 si,  0.0 st 
MiB Mem :  64272.5 total,   6616.1 free,   2022.6 used,  56358.2 buff/cache     
MiB Swap:   8192.0 total,   8191.5 free,      0.5 used.  62249.9 avail Mem 

    PID USER      PR  NI    VIRT    RES    SHR S  %CPU  %MEM     TIME+ COMMAND
 947704 udesou    20   0   11912   5732   3580 R   9.1   0.0   0:00.01 top -bcn 1 -w512
      1 root      20   0   22936  14244   9608 S   0.0   0.0   4:07.97 /usr/lib/systemd/systemd --system --deserialize=173
      2 root      20   0       0      0      0 S   0.0   0.0   0:00.07 [kthreadd]
      3 root      20   0       0      0      0 S   0.0   0.0   0:00.00 [pool_workqueue_release]
      4 root       0 -20       0      0      0 I   0.0   0.0   0:00.00 [kworker/R-rcu_g]

Environment variables: 
	CONFIG_FILE=/home/udesou/.bench-agent/work/run-20260913-001-e1/run-20260913-001.yml
	HOME=/home/udesou
	LANG=en_US.UTF-8
	LOGNAME=udesou
	LOG_DIR=/home/udesou/.bench-agent/logs
	OLLY_DIR=/home/udesou/.bench-agent/git/olly
	PATH=/usr/local/bin:/home/udesou/.bench-agent/git/olly/_build/install/default/bin:/home/udesou/.opam/running-ng-tools/bin:/home/udesou/.vscode-server/data/User/globalStorage/github.copilot-chat/debugCommand:/home/udesou/.vscode-server/data/User/globalStorage/github.copilot-chat/copilotCli:/home/udesou/.vscode-server/cli/servers/Stable-08d4889f9ec4a1685d257b9b95de036c8e1ce1e5/server/bin/remote-cli:/home/udesou/.opam/running-ng-ocaml-5.5.0-f523850-fp-flambda/bin:/home/udesou/.local/bin:/home/udesou/.opam/running-ng-ocaml-5.5.0-f523850-fp-flambda/bin:/home/udesou/.local/bin:/usr/local/sbin:/usr/local/bin:/usr/sbin:/usr/bin:/sbin:/bin:/usr/games:/usr/local/games:/snap/bin
	PWD=/home/udesou/ocaml-bench-service
	PYTHONPATH=/home/udesou/.bench-agent/git/running-ng/src
	RUNNING_BENCH_DIR=/home/udesou/.bench-agent/git/macro-benches
	RUNNING_MACRO_BENCH_DIR=/home/udesou/.bench-agent/git/macro-benches
	RUNNING_NG_PACKAGE_DATA=/home/udesou/.bench-agent/git/running-ng/src/running/config
	RUNNING_REUSE_SWITCHES=1
	RUNNING_TAG=default_run,large_run
	SHELL=/bin/bash
	SHLVL=1
	TERM=screen.xterm-256color
	USER=udesou
	_=/usr/bin/python3
OS: Linux obelisk 6.8.0-139-generic #139-Ubuntu SMP PREEMPT_DYNAMIC Sat Aug  1 03:52:05 UTC 2026 x86_64 x86_64 x86_64 GNU/Linux
CPU: Intel(R) Xeon(R) CPU E5-2667 v2 @ 3.30GHz
number of cores: 8
Frequency of cpu 0: 3.30 GHz
Governor of cpu 0: performance
Scaling_min_freq of cpu 0: 1.20 GHz
Frequency of cpu 2: 3.30 GHz
Governor of cpu 2: performance
Scaling_min_freq of cpu 2: 1.20 GHz
Frequency of cpu 4: 3.30 GHz
Governor of cpu 4: performance
Scaling_min_freq of cpu 4: 1.20 GHz
Frequency of cpu 6: 3.30 GHz
Governor of cpu 6: performance
Scaling_min_freq of cpu 6: 1.20 GHz
WARNING: Failed to resolve file /com/google/common/annotations/Beta.class with "No such file or directory" 

WARNING: Failed to resolve file /com/google/common/base/CharMatcher$BitSetMatcher.class with "No such file or directory" 

WARNING: Failed to resolve file /com/google/common/base/CharMatcher$RangesMatcher.class with "No such file or directory" 

WARNING: Failed to resolve file /com/google/common/base/Equivalence$Wrapper.class with "No such file or directory" 

WARNING: Failed to resolve file /com/google/common/base/Functions$SupplierFunction.class with "No such file or directory" 

WARNING: Failed to resolve file /com/google/common/base/Platform$JdkPatternCompiler.class with "No such file or directory" 

WARNING: Failed to resolve file /com/google/common/base/Present.class with "No such file or directory" 

WARNING: Failed to resolve file /com/google/common/base/Suppliers$MemoizingSupplier.class with "No such file or directory" 

WARNING: Failed to resolve file /com/google/common/cache/Cache.class with "No such file or directory" 

WARNING: Failed to resolve file /com/google/common/cache/CacheBuilderSpec$WriteDurationParser.class with "No such file or directory" 

WARNING: Failed to resolve file /com/google/common/cache/LocalCache$AccessQueue.class with "No such file or directory" 

WARNING: Failed to resolve file /com/google/common/cache/LocalCache$ManualSerializationProxy.class with "No such file or directory" 

WARNING: Failed to resolve file /com/google/common/cache/LocalCache$WeakWriteEntry.class with "No such file or directory" 

WARNING: Failed to resolve file /com/google/common/cache/RemovalCause.class with "No such file or directory" 

WARNING: Failed to resolve file /com/google/common/collect/AbstractIterator.class with "No such file or directory" 

WARNING: Failed to resolve file /com/google/common/collect/AbstractMapBasedMultimap$WrappedSortedSet.class with "No such file or directory" 

WARNING: Failed to resolve file /com/google/common/collect/AbstractSortedKeySortedSetMultimap.class with "No such file or directory" 

WARNING: Failed to resolve file /com/google/common/collect/ArrayTable.class with "No such file or directory" 

WARNING: Failed to resolve file /com/google/common/collect/Collections2.class with "No such file or directory" 

WARNING: Failed to resolve file /com/google/common/collect/ComparisonChain.class with "No such file or directory" 

WARNING: Failed to resolve file /com/google/common/collect/DenseImmutableTable$ImmutableArrayMap$1.class with "No such file or directory" 

WARNING: Failed to resolve file /com/google/common/collect/EnumMultiset$1.class with "No such file or directory" 

WARNING: Failed to resolve file /com/google/common/collect/FilteredKeyMultimap$Entries.class with "No such file or directory" 

WARNING: Failed to resolve file /com/google/common/collect/ForwardingIterator.class with "No such file or directory" 

WARNING: Failed to resolve file /com/google/common/collect/ForwardingSetMultimap.class with "No such file or directory" 

WARNING: Failed to resolve file /com/google/common/collect/HashBiMap$InverseSerializedForm.class with "No such file or directory" 

WARNING: Failed to resolve file /com/google/common/collect/ImmutableEnumMap$1.class with "No such file or directory" 

WARNING: Failed to resolve file /com/google/common/collect/ImmutableMap$SerializedForm.class with "No such file or directory" 

WARNING: Failed to resolve file /com/google/common/collect/ImmutableMultimap$Values.class with "No such file or directory" 

WARNING: Failed to resolve file /com/google/common/collect/ImmutableRangeSet$ComplementRanges.class with "No such file or directory" 

WARNING: Failed to resolve file /com/google/common/collect/ImmutableSortedMap.class with "No such file or directory" 

WARNING: Failed to resolve file /com/google/common/collect/Interners$InternerBuilder.class with "No such file or directory" 

WARNING: Failed to resolve file /com/google/common/collect/Iterators$3.class with "No such file or directory" 

WARNING: Failed to resolve file /com/google/common/collect/LinkedHashMultimap$1.class with "No such file or directory" 

WARNING: Failed to resolve file /com/google/common/collect/Lists$2.class with "No such file or directory" 

WARNING: Failed to resolve file /com/google/common/collect/MapMakerInternalMap$1.class with "No such file or directory" 

WARNING: Failed to resolve file /com/google/common/collect/MapMakerInternalMap$StrongKeyDummyValueSegment.class with "No such file or directory" 

WARNING: Failed to resolve file /com/google/common/collect/MapMakerInternalMap$WeakValueReferenceImpl.class with "No such file or directory" 

WARNING: Failed to resolve file /com/google/common/collect/Maps$DescendingMap$1EntrySetImpl.class with "No such file or directory" 

WARNING: Failed to resolve file /com/google/common/collect/Maps$IteratorBasedAbstractMap.class with "No such file or directory" 

WARNING: Failed to resolve file /com/google/common/collect/MinMaxPriorityQueue$Heap.class with "No such file or directory" 

WARNING: Failed to resolve file /com/google/common/collect/MultimapBuilder$MultimapBuilderWithKeys$5.class with "No such file or directory" 

WARNING: Failed to resolve file /com/google/common/collect/Multimaps$TransformedEntriesListMultimap.class with "No such file or directory" 

WARNING: Failed to resolve file /com/google/common/collect/Multisets$AbstractEntry.class with "No such file or directory" 

WARNING: Failed to resolve file /com/google/common/collect/Ordering$ArbitraryOrderingHolder.class with "No such file or directory" 

WARNING: Failed to resolve file /com/google/common/collect/RegularImmutableBiMap$Inverse$InverseEntrySet$1.class with "No such file or directory" 

WARNING: Failed to resolve file /com/google/common/collect/ReverseOrdering.class with "No such file or directory" 

WARNING: Failed to resolve file /com/google/common/collect/Sets$DescendingSet.class with "No such file or directory" 

WARNING: Failed to resolve file /com/google/common/collect/SortedLists$KeyAbsentBehavior$3.class with "No such file or directory" 

WARNING: Failed to resolve file /com/google/common/collect/StandardTable$CellIterator.class with "No such file or directory" 

WARNING: Failed to resolve file /com/google/common/collect/Streams$1.class with "No such file or directory" 

WARNING: Failed to resolve file /com/google/common/collect/Synchronized$SynchronizedAsMapEntries.class with "No such file or directory" 

WARNING: Failed to resolve file /com/google/common/collect/Synchronized$SynchronizedSortedSetMultimap.class with "No such file or directory" 

WARNING: Failed to resolve file /com/google/common/collect/TransformedListIterator.class with "No such file or directory" 

WARNING: Failed to resolve file /com/google/common/collect/TreeRangeMap$SubRangeMap$1.class with "No such file or directory" 

WARNING: Failed to resolve file /com/google/common/collect/TreeRangeSet.class with "No such file or directory" 

WARNING: Failed to resolve file /com/google/common/collect/package-info.class with "No such file or directory" 

WARNING: Failed to resolve file /com/google/common/eventbus/Dispatcher$1.class with "No such file or directory" 

WARNING: Failed to resolve file /com/google/common/eventbus/package-info.class with "No such file or directory" 

WARNING: Failed to resolve file /com/google/common/graph/AbstractValueGraph$2.class with "No such file or directory" 

WARNING: Failed to resolve file /com/google/common/graph/EndpointPair$1.class with "No such file or directory" 

WARNING: Failed to resolve file /com/google/common/graph/ImmutableGraph.class with "No such file or directory" 

WARNING: Failed to resolve file /com/google/common/graph/SuccessorsFunction.class with "No such file or directory" 

WARNING: Failed to resolve file /com/google/common/graph/UndirectedMultiNetworkConnections.class with "No such file or directory" 

WARNING: Failed to resolve file /com/google/common/hash/BloomFilterStrategies.class with "No such file or directory" 

WARNING: Failed to resolve file /com/google/common/hash/HashFunction.class with "No such file or directory" 

WARNING: Failed to resolve file /com/google/common/hash/LittleEndianByteArray$UnsafeByteArray$1.class with "No such file or directory" 

WARNING: Failed to resolve file /com/google/common/hash/Murmur3_32HashFunction.class with "No such file or directory" 

WARNING: Failed to resolve file /com/google/common/io/BaseEncoding$StandardBaseEncoding$1.class with "No such file or directory" 

WARNING: Failed to resolve file /com/google/common/io/CharSequenceReader.class with "No such file or directory" 

WARNING: Failed to resolve file /com/google/common/io/FileBackedOutputStream.class with "No such file or directory" 

WARNING: Failed to resolve file /com/google/common/io/MoreFiles$3.class with "No such file or directory" 

WARNING: Failed to resolve file /com/google/common/math/LinearTransformation$1.class with "No such file or directory" 

WARNING: Failed to resolve file /com/google/common/math/package-info.class with "No such file or directory" 

WARNING: Failed to resolve file /com/google/common/primitives/Chars$CharArrayAsList.class with "No such file or directory" 

WARNING: Failed to resolve file /com/google/common/primitives/ImmutableLongArray$Builder.class with "No such file or directory" 

WARNING: Failed to resolve file /com/google/common/primitives/UnsignedBytes$LexicographicalComparatorHolder$UnsafeComparator.class with "No such file or directory" 

WARNING: Failed to resolve file /com/google/common/reflect/ImmutableTypeToInstanceMap.class with "No such file or directory" 

WARNING: Failed to resolve file /com/google/common/reflect/TypeToInstanceMap.class with "No such file or directory" 

WARNING: Failed to resolve file /com/google/common/reflect/TypeVisitor.class with "No such file or directory" 

WARNING: Failed to resolve file /com/google/common/reflect/Types.class with "No such file or directory" 

WARNING: Failed to resolve file /com/google/common/util/concurrent/AbstractFuture$TrustedFuture.class with "No such file or directory" 

WARNING: Failed to resolve file /com/google/common/util/concurrent/AbstractScheduledService$ServiceDelegate$2.class with "No such file or directory" 

WARNING: Failed to resolve file /com/google/common/util/concurrent/AggregateFuture$RunningState.class with "No such file or directory" 

WARNING: Failed to resolve file /com/google/common/util/concurrent/CollectionFuture$ListFuture.class with "No such file or directory" 

WARNING: Failed to resolve file /com/google/common/util/concurrent/CycleDetectingLockFactory$WithExplicitOrdering.class with "No such file or directory" 

WARNING: Failed to resolve file /com/google/common/util/concurrent/ForwardingFluentFuture.class with "No such file or directory" 

WARNING: Failed to resolve file /com/google/common/util/concurrent/FuturesGetChecked$GetCheckedTypeValidatorHolder$ClassValueValidator$1.class with "No such file or directory" 

WARNING: Failed to resolve file /com/google/common/util/concurrent/ListenableScheduledFuture.class with "No such file or directory" 

WARNING: Failed to resolve file /com/google/common/util/concurrent/MoreExecutors$ScheduledListeningDecorator.class with "No such file or directory" 

WARNING: Failed to resolve file /com/google/common/util/concurrent/Service$State$6.class with "No such file or directory" 

WARNING: Failed to resolve file /com/google/common/util/concurrent/SmoothRateLimiter$SmoothBursty.class with "No such file or directory" 

WARNING: Failed to resolve file /com/google/common/util/concurrent/ThreadFactoryBuilder.class with "No such file or directory" 

WARNING: Failed to resolve file /com/google/common/xml/package-info.class with "No such file or directory" 

WARNING: Failed to resolve file /net/bytebuddy/NamingStrategy$Suffixing$BaseNameResolver$WithCallerSuffix.class with "No such file or directory" 

WARNING: Failed to resolve file /net/bytebuddy/agent/builder/AgentBuilder$CircularityLock$Global.class with "No such file or directory" 

WARNING: Failed to resolve file /net/bytebuddy/agent/builder/AgentBuilder$Default$Redefining$WithResubmission.class with "No such file or directory" 

WARNING: Failed to resolve file /net/bytebuddy/agent/builder/AgentBuilder$DescriptionStrategy$SuperTypeLoading.class with "No such file or directory" 

WARNING: Failed to resolve file /net/bytebuddy/agent/builder/AgentBuilder$InitializationStrategy.class with "No such file or directory" 

WARNING: Failed to resolve file /net/bytebuddy/agent/builder/AgentBuilder$LambdaInstrumentationStrategy$LambdaInstanceFactory$FactoryImplementation.class with "No such file or directory" 

WARNING: Failed to resolve file /net/bytebuddy/agent/builder/AgentBuilder$Listener$StreamWriting.class with "No such file or directory" 

WARNING: Failed to resolve file /net/bytebuddy/agent/builder/AgentBuilder$PoolStrategy$Eager.class with "No such file or directory" 

WARNING: Failed to resolve file /net/bytebuddy/agent/builder/AgentBuilder$RedefinitionListenable$ResubmissionOnErrorMatcher.class with "No such file or directory" 

WARNING: Failed to resolve file /net/bytebuddy/agent/builder/AgentBuilder$RedefinitionStrategy$DiscoveryStrategy$Explicit.class with "No such file or directory" 

WARNING: Failed to resolve file /net/bytebuddy/agent/builder/AgentBuilder$RedefinitionStrategy$Listener$Yielding.class with "No such file or directory" 

WARNING: Failed to resolve file /net/bytebuddy/agent/builder/AgentBuilder$Transformer$ForAdvice$Entry$ForSplitAdvice.class with "No such file or directory" 

WARNING: Failed to resolve file /net/bytebuddy/agent/builder/package-info.class with "No such file or directory" 

WARNING: Failed to resolve file /net/bytebuddy/asm/Advice$ArgumentHandler$ForInstrumentedMethod.class with "No such file or directory" 

WARNING: Failed to resolve file /net/bytebuddy/asm/Advice$AssignReturned$ToAllArguments$Handler.class with "No such file or directory" 

WARNING: Failed to resolve file /net/bytebuddy/asm/Advice$Delegator$ForStaticInvocation.class with "No such file or directory" 

WARNING: Failed to resolve file /net/bytebuddy/asm/Advice$Dispatcher$Inlining$Resolved$ForMethodEnter$WithRetainedEnterType.class with "No such file or directory" 

WARNING: Failed to resolve file /net/bytebuddy/asm/Advice$Dispatcher$RelocationHandler.class with "No such file or directory" 

WARNING: Failed to resolve file /net/bytebuddy/asm/Advice$Local.class with "No such file or directory" 

WARNING: Failed to resolve file /net/bytebuddy/asm/Advice$OffsetMapping$ForEnterValue$Factory.class with "No such file or directory" 

WARNING: Failed to resolve file /net/bytebuddy/asm/Advice$OffsetMapping$ForOrigin$Renderer$ForJavaSignature.class with "No such file or directory" 

WARNING: Failed to resolve file /net/bytebuddy/asm/Advice$OffsetMapping$ForThrowable.class with "No such file or directory" 

WARNING: Failed to resolve file /net/bytebuddy/asm/Advice$OffsetMapping$Target$ForVariable.class with "No such file or directory" 

WARNING: Failed to resolve file /net/bytebuddy/asm/Advice$StackMapFrameHandler$Default$TranslationMode.class with "No such file or directory" 

WARNING: Failed to resolve file /net/bytebuddy/asm/AsmVisitorWrapper$ForDeclaredFields$FieldVisitorWrapper.class with "No such file or directory" 

WARNING: Failed to resolve file /net/bytebuddy/asm/MemberAttributeExtension$ForField$FieldAttributeVisitor.class with "No such file or directory" 

WARNING: Failed to resolve file /net/bytebuddy/asm/MemberSubstitution$Substitution$Chain$Factory.class with "No such file or directory" 

WARNING: Failed to resolve file /net/bytebuddy/asm/MemberSubstitution$Substitution.class with "No such file or directory" 

WARNING: Failed to resolve file /net/bytebuddy/asm/package-info.class with "No such file or directory" 

WARNING: Failed to resolve file /net/bytebuddy/build/CachedReturnPlugin$Advice$float.class with "No such file or directory" 

WARNING: Failed to resolve file /net/bytebuddy/build/HashCodeAndEqualsPlugin$Enhance$InvokeSuper$3.class with "No such file or directory" 

WARNING: Failed to resolve file /net/bytebuddy/build/Plugin$Engine$Dispatcher$ForParallelTransformation$WithThrowawayExecutorService.class with "No such file or directory" 

WARNING: Failed to resolve file /net/bytebuddy/build/Plugin$Engine$Listener$Adapter.class with "No such file or directory" 

WARNING: Failed to resolve file /net/bytebuddy/build/Plugin$Engine$Source$ForFolder.class with "No such file or directory" 

WARNING: Failed to resolve file /net/bytebuddy/build/Plugin$Engine$TypeStrategy$Default.class with "No such file or directory" 

WARNING: Failed to resolve file /net/bytebuddy/build/Plugin$NoOp.class with "No such file or directory" 

WARNING: Failed to resolve file /net/bytebuddy/description/ModifierReviewable$ForParameterDescription.class with "No such file or directory" 

WARNING: Failed to resolve file /net/bytebuddy/description/annotation/AnnotationDescription$Latent.class with "No such file or directory" 

WARNING: Failed to resolve file /net/bytebuddy/description/annotation/AnnotationValue$ForConstant$PropertyDelegate$ForArrayType$3.class with "No such file or directory" 

WARNING: Failed to resolve file /net/bytebuddy/description/annotation/AnnotationValue$ForDescriptionArray.class with "No such file or directory" 

WARNING: Failed to resolve file /net/bytebuddy/description/annotation/AnnotationValue$RenderingDispatcher$3.class with "No such file or directory" 

WARNING: Failed to resolve file /net/bytebuddy/description/field/FieldDescription$TypeSubstituting.class with "No such file or directory" 

WARNING: Failed to resolve file /net/bytebuddy/description/method/MethodDescription$Token.class with "No such file or directory" 

WARNING: Failed to resolve file /net/bytebuddy/description/method/ParameterDescription$InDefinedShape$AbstractBase.class with "No such file or directory" 

WARNING: Failed to resolve file /net/bytebuddy/description/method/package-info.class with "No such file or directory" 

WARNING: Failed to resolve file /net/bytebuddy/description/modifier/Visibility.class with "No such file or directory" 

WARNING: Failed to resolve file /net/bytebuddy/description/type/RecordComponentList$ForTokens.class with "No such file or directory" 

WARNING: Failed to resolve file /net/bytebuddy/description/type/TypeDescription$Generic$AnnotationReader$Delegator$ForLoadedField$Dispatcher.class with "No such file or directory" 

WARNING: Failed to resolve file /net/bytebuddy/description/type/TypeDescription$Generic$AnnotationReader$ForWildcardLowerBoundType.class with "No such file or directory" 

WARNING: Failed to resolve file /net/bytebuddy/description/type/TypeDescription$Generic$LazyProjection$WithLazyNavigation$LazySuperClass.class with "No such file or directory" 

WARNING: Failed to resolve file /net/bytebuddy/description/type/TypeDescription$Generic$OfParameterizedType$RenderingDelegate.class with "No such file or directory" 

WARNING: Failed to resolve file /net/bytebuddy/description/type/TypeDescription$Generic$Visitor$Assigner$Dispatcher$ForParameterizedType.class with "No such file or directory" 

WARNING: Failed to resolve file /net/bytebuddy/description/type/TypeDescription$Generic$Visitor$TypeErasing.class with "No such file or directory" 

WARNING: Failed to resolve file /net/bytebuddy/description/type/TypeList$Generic$AbstractBase.class with "No such file or directory" 

WARNING: Failed to resolve file /net/bytebuddy/dynamic/ClassFileLocator$ForClassLoader$WeaklyReferenced.class with "No such file or directory" 

WARNING: Failed to resolve file /net/bytebuddy/dynamic/ClassFileLocator$ForUrl.class with "No such file or directory" 

WARNING: Failed to resolve file /net/bytebuddy/dynamic/DynamicType$Builder$AbstractBase$Adapter$RecordComponentMatchAdapter.class with "No such file or directory" 

WARNING: Failed to resolve file /net/bytebuddy/dynamic/DynamicType$Builder$MethodDefinition$ImplementationDefinition.class with "No such file or directory" 

WARNING: Failed to resolve file /net/bytebuddy/dynamic/DynamicType$Builder$RecordComponentDefinition$Optional$AbstractBase.class with "No such file or directory" 

WARNING: Failed to resolve file /net/bytebuddy/dynamic/Transformer$ForField$FieldModifierTransformer.class with "No such file or directory" 

WARNING: Failed to resolve file /net/bytebuddy/dynamic/VisibilityBridgeStrategy$Default$3.class with "No such file or directory" 

WARNING: Failed to resolve file /net/bytebuddy/dynamic/loading/ByteArrayClassLoader$SynchronizationStrategy$ForJava8CapableVm.class with "No such file or directory" 

WARNING: Failed to resolve file /net/bytebuddy/dynamic/loading/ClassInjector$UsingJna$Dispatcher.class with "No such file or directory" 

WARNING: Failed to resolve file /net/bytebuddy/dynamic/loading/ClassInjector$UsingUnsafe$Dispatcher$Initializable.class with "No such file or directory" 

WARNING: Failed to resolve file /net/bytebuddy/dynamic/loading/ClassReloadingStrategy$BootstrapInjection.class with "No such file or directory" 

WARNING: Failed to resolve file /net/bytebuddy/dynamic/loading/PackageDefinitionStrategy$ManifestReading.class with "No such file or directory" 

WARNING: Failed to resolve file /net/bytebuddy/dynamic/scaffold/FieldLocator$Resolution$Illegal.class with "No such file or directory" 

WARNING: Failed to resolve file /net/bytebuddy/dynamic/scaffold/InstrumentedType.class with "No such file or directory" 

WARNING: Failed to resolve file /net/bytebuddy/dynamic/scaffold/MethodGraph$Compiler$ForDeclaredMethods.class with "No such file or directory" 

WARNING: Failed to resolve file /net/bytebuddy/dynamic/scaffold/MethodRegistry$Handler$ForAnnotationValue.class with "No such file or directory" 

WARNING: Failed to resolve file /net/bytebuddy/dynamic/scaffold/TypeWriter$Default$ClassDumpAction$Dispatcher$Disabled.class with "No such file or directory" 

WARNING: Failed to resolve file /net/bytebuddy/dynamic/scaffold/TypeWriter$Default$ForInlining$WithFullProcessing$InitializationHandler$Appending$WithoutDrain.class with "No such file or directory" 

WARNING: Failed to resolve file /net/bytebuddy/dynamic/scaffold/TypeWriter$Default$ValidatingClassVisitor$Constraint.class with "No such file or directory" 

WARNING: Failed to resolve file /net/bytebuddy/dynamic/scaffold/TypeWriter$MethodPool$Record.class with "No such file or directory" 

WARNING: Failed to resolve file /net/bytebuddy/dynamic/scaffold/inline/MethodRebaseResolver$Resolution.class with "No such file or directory" 

WARNING: Failed to resolve file /net/bytebuddy/dynamic/scaffold/subclass/SubclassImplementationTarget$1.class with "No such file or directory" 

WARNING: Failed to resolve file /net/bytebuddy/implementation/EqualsMethod$SuperClassCheck.class with "No such file or directory" 

WARNING: Failed to resolve file /net/bytebuddy/implementation/EqualsMethod$ValueComparator$9.class with "No such file or directory" 

WARNING: Failed to resolve file /net/bytebuddy/implementation/FieldAccessor$ForSetter$OfDefaultValue.class with "No such file or directory" 

WARNING: Failed to resolve file /net/bytebuddy/implementation/FixedValue$ForValue.class with "No such file or directory" 

WARNING: Failed to resolve file /net/bytebuddy/implementation/HashCodeMethod$ValueTransformer$4.class with "No such file or directory" 

WARNING: Failed to resolve file /net/bytebuddy/implementation/Implementation$Context$Default$FieldGetterDelegation.class with "No such file or directory" 

WARNING: Failed to resolve file /net/bytebuddy/implementation/Implementation$SpecialMethodInvocation.class with "No such file or directory" 

WARNING: Failed to resolve file /net/bytebuddy/implementation/InvokeDynamic$InvocationProvider$ArgumentProvider$ConstantPoolWrapper$4.class with "No such file or directory" 

WARNING: Failed to resolve file /net/bytebuddy/implementation/InvokeDynamic$InvocationProvider$ArgumentProvider$ForLongConstant.class with "No such file or directory" 

WARNING: Failed to resolve file /net/bytebuddy/implementation/InvokeDynamic$InvocationProvider.class with "No such file or directory" 

WARNING: Failed to resolve file /net/bytebuddy/implementation/MethodCall$ArgumentLoader$Factory.class with "No such file or directory" 

WARNING: Failed to resolve file /net/bytebuddy/implementation/MethodCall$ArgumentLoader$ForThisReference$Factory.class with "No such file or directory" 

WARNING: Failed to resolve file /net/bytebuddy/implementation/MethodCall$MethodLocator.class with "No such file or directory" 

WARNING: Failed to resolve file /net/bytebuddy/implementation/MethodCall$TargetHandler.class with "No such file or directory" 

WARNING: Failed to resolve file /net/bytebuddy/implementation/MethodDelegation$ImplementationDelegate$ForField.class with "No such file or directory" 

WARNING: Failed to resolve file /net/bytebuddy/implementation/ToStringMethod$PrefixResolver.class with "No such file or directory" 

WARNING: Failed to resolve file /net/bytebuddy/implementation/ToStringMethod.class with "No such file or directory" 

WARNING: Failed to resolve file /net/bytebuddy/implementation/attribute/FieldAttributeAppender$Factory.class with "No such file or directory" 

WARNING: Failed to resolve file /net/bytebuddy/implementation/attribute/RecordComponentAttributeAppender$Factory.class with "No such file or directory" 

WARNING: Failed to resolve file /net/bytebuddy/implementation/auxiliary/MethodCallProxy$MethodCall$Appender.class with "No such file or directory" 

WARNING: Failed to resolve file /net/bytebuddy/implementation/auxiliary/package-info.class with "No such file or directory" 

WARNING: Failed to resolve file /net/bytebuddy/implementation/bind/MethodDelegationBinder$MethodInvoker.class with "No such file or directory" 

WARNING: Failed to resolve file /net/bytebuddy/implementation/bind/annotation/Argument$BindingMechanic$2.class with "No such file or directory" 

WARNING: Failed to resolve file /net/bytebuddy/implementation/bind/annotation/Empty$Binder.class with "No such file or directory" 

WARNING: Failed to resolve file /net/bytebuddy/implementation/bind/annotation/FieldValue$Binder.class with "No such file or directory" 

WARNING: Failed to resolve file /net/bytebuddy/implementation/bind/annotation/Pipe$Binder$RedirectionProxy$MethodCall.class with "No such file or directory" 

WARNING: Failed to resolve file /net/bytebuddy/implementation/bind/annotation/SuperMethod$Binder.class with "No such file or directory" 

WARNING: Failed to resolve file /net/bytebuddy/implementation/bytecode/ByteCodeAppender.class with "No such file or directory" 

WARNING: Failed to resolve file /net/bytebuddy/implementation/bytecode/StackManipulation$Size.class with "No such file or directory" 

WARNING: Failed to resolve file /net/bytebuddy/implementation/bytecode/assign/primitive/PrimitiveUnboxingDelegate$ExplicitlyTypedUnboxingResponsible.class with "No such file or directory" 

WARNING: Failed to resolve file /net/bytebuddy/implementation/bytecode/collection/ArrayFactory$ArrayCreator$ForPrimitiveType.class with "No such file or directory" 

WARNING: Failed to resolve file /net/bytebuddy/implementation/bytecode/constant/JavaConstantValue$Visitor.class with "No such file or directory" 

WARNING: Failed to resolve file /net/bytebuddy/implementation/bytecode/member/FieldAccess$Defined.class with "No such file or directory" 

WARNING: Failed to resolve file /net/bytebuddy/implementation/bytecode/member/package-info.class with "No such file or directory" 

WARNING: Failed to resolve file /net/bytebuddy/jar/asm/Handler.class with "No such file or directory" 

WARNING: Failed to resolve file /net/bytebuddy/jar/asm/commons/ModuleRemapper.class with "No such file or directory" 

WARNING: Failed to resolve file /net/bytebuddy/matcher/CollectionSizeMatcher.class with "No such file or directory" 

WARNING: Failed to resolve file /net/bytebuddy/matcher/HasSuperClassMatcher.class with "No such file or directory" 

WARNING: Failed to resolve file /net/bytebuddy/matcher/MethodSortMatcher$1.class with "No such file or directory" 

WARNING: Failed to resolve file /net/bytebuddy/matcher/StringMatcher$Mode$5.class with "No such file or directory" 

WARNING: Failed to resolve file /net/bytebuddy/pool/TypePool$CacheProvider$Simple$UsingSoftReference.class with "No such file or directory" 

WARNING: Failed to resolve file /net/bytebuddy/pool/TypePool$Default$GenericTypeExtractor$ForSignature$OfMethod$ParameterTypeRegistrant.class with "No such file or directory" 

WARNING: Failed to resolve file /net/bytebuddy/pool/TypePool$Default$LazyTypeDescription$AnnotationToken.class with "No such file or directory" 

WARNING: Failed to resolve file /net/bytebuddy/pool/TypePool$Default$LazyTypeDescription$GenericTypeToken$ForUnboundWildcard.class with "No such file or directory" 

WARNING: Failed to resolve file /net/bytebuddy/pool/TypePool$Default$LazyTypeDescription$LazyAnnotationDescription.class with "No such file or directory" 

WARNING: Failed to resolve file /net/bytebuddy/pool/TypePool$Default$LazyTypeDescription$MethodTokenList.class with "No such file or directory" 

WARNING: Failed to resolve file /net/bytebuddy/pool/TypePool$Default$TypeExtractor.class with "No such file or directory" 

WARNING: Failed to resolve file /net/bytebuddy/utility/FileSystem$ForNio2CapableVm$Files.class with "No such file or directory" 

WARNING: Failed to resolve file /net/bytebuddy/utility/JavaConstant$Simple$Dispatcher$OfMethodHandleDesc.class with "No such file or directory" 

WARNING: Failed to resolve file /net/bytebuddy/utility/dispatcher/JavaDispatcher$Container.class with "No such file or directory" 

WARNING: Failed to resolve file /net/bytebuddy/utility/dispatcher/JavaDispatcher$IsStatic.class with "No such file or directory" 

WARNING: Failed to resolve file /net/bytebuddy/utility/visitor/StackAwareMethodVisitor$1.class with "No such file or directory" 

WARNING: Failed to resolve file /org/apache/lucene/analysis/CharArrayMap$MapEntry.class with "No such file or directory" 

WARNING: Failed to resolve file /org/apache/lucene/analysis/TokenStream.class with "No such file or directory" 

WARNING: Failed to resolve file /org/apache/lucene/analysis/tokenattributes/OffsetAttribute.class with "No such file or directory" 

WARNING: Failed to resolve file /org/apache/lucene/codecs/BufferingKnnVectorsWriter$BufferedFloatVectorValues.class with "No such file or directory" 

WARNING: Failed to resolve file /org/apache/lucene/codecs/DocValuesConsumer$8$1.class with "No such file or directory" 

WARNING: Failed to resolve file /org/apache/lucene/codecs/KnnVectorsFormat.class with "No such file or directory" 

WARNING: Failed to resolve file /org/apache/lucene/codecs/PointsFormat.class with "No such file or directory" 

WARNING: Failed to resolve file /org/apache/lucene/codecs/TermVectorsWriter$TermVectorsMergeSub.class with "No such file or directory" 

WARNING: Failed to resolve file /org/apache/lucene/codecs/hnsw/FlatFieldVectorsWriter.class with "No such file or directory" 

WARNING: Failed to resolve file /org/apache/lucene/codecs/lucene90/LZ4WithPresetDictCompressionMode$LZ4WithPresetDictCompressor.class with "No such file or directory" 

WARNING: Failed to resolve file /org/apache/lucene/codecs/lucene90/Lucene90DocValuesProducer$13.class with "No such file or directory" 

WARNING: Failed to resolve file /org/apache/lucene/codecs/lucene90/Lucene90DocValuesProducer$7.class with "No such file or directory" 

WARNING: Failed to resolve file /org/apache/lucene/codecs/lucene90/Lucene90NormsProducer$1.class with "No such file or directory" 

WARNING: Failed to resolve file /org/apache/lucene/codecs/lucene90/Lucene90StoredFieldsFormat.class with "No such file or directory" 

WARNING: Failed to resolve file /org/apache/lucene/codecs/lucene90/compressing/FieldsIndex.class with "No such file or directory" 

WARNING: Failed to resolve file /org/apache/lucene/codecs/lucene90/compressing/Lucene90CompressingTermVectorsWriter$DocData.class with "No such file or directory" 

WARNING: Failed to resolve file /org/apache/lucene/codecs/lucene912/Lucene912PostingsWriter.class with "No such file or directory" 

WARNING: Failed to resolve file /org/apache/lucene/codecs/lucene99/Lucene99FlatVectorsFormat.class with "No such file or directory" 

WARNING: Failed to resolve file /org/apache/lucene/codecs/lucene99/Lucene99ScalarQuantizedVectorScorer$DotProduct.class with "No such file or directory" 

WARNING: Failed to resolve file /org/apache/lucene/codecs/lucene99/OffHeapQuantizedByteVectorValues$DenseOffHeapVectorValues.class with "No such file or directory" 

WARNING: Failed to resolve file /org/apache/lucene/codecs/perfield/PerFieldPostingsFormat$FieldsWriter.class with "No such file or directory" 

WARNING: Failed to resolve file /org/apache/lucene/document/Document.class with "No such file or directory" 

WARNING: Failed to resolve file /org/apache/lucene/document/FeatureField$SaturationFunction.class with "No such file or directory" 

WARNING: Failed to resolve file /org/apache/lucene/document/FloatRange.class with "No such file or directory" 

WARNING: Failed to resolve file /org/apache/lucene/document/KnnFloatVectorField.class with "No such file or directory" 

WARNING: Failed to resolve file /org/apache/lucene/document/LatLonPointDistanceFeatureQuery$DistanceScorer.class with "No such file or directory" 

WARNING: Failed to resolve file /org/apache/lucene/document/LatLonShapeQuery$2.class with "No such file or directory" 

WARNING: Failed to resolve file /org/apache/lucene/document/RangeFieldQuery$1$3.class with "No such file or directory" 

WARNING: Failed to resolve file /org/apache/lucene/document/SortedDocValuesField.class with "No such file or directory" 

WARNING: Failed to resolve file /org/apache/lucene/document/SpatialQuery$3.class with "No such file or directory" 

WARNING: Failed to resolve file /org/apache/lucene/document/XYPointField.class with "No such file or directory" 

WARNING: Failed to resolve file /org/apache/lucene/geo/ComponentTree.class with "No such file or directory" 

WARNING: Failed to resolve file /org/apache/lucene/geo/SimpleWKTShapeParser.class with "No such file or directory" 

WARNING: Failed to resolve file /org/apache/lucene/index/BinaryDocValues.class with "No such file or directory" 

WARNING: Failed to resolve file /org/apache/lucene/index/CheckIndex$1.class with "No such file or directory" 

WARNING: Failed to resolve file /org/apache/lucene/index/CodecReader$1.class with "No such file or directory" 

WARNING: Failed to resolve file /org/apache/lucene/index/DocValuesFieldUpdates$1.class with "No such file or directory" 

WARNING: Failed to resolve file /org/apache/lucene/index/DocumentsWriterDeleteQueue$DeleteSlice.class with "No such file or directory" 

WARNING: Failed to resolve file /org/apache/lucene/index/ExitableDirectoryReader$ExitableFilterAtomicReader$5.class with "No such file or directory" 

WARNING: Failed to resolve file /org/apache/lucene/index/FieldTermIterator.class with "No such file or directory" 

WARNING: Failed to resolve file /org/apache/lucene/index/FilterVectorValues.class with "No such file or directory" 

WARNING: Failed to resolve file /org/apache/lucene/index/FreqProxTermsWriterPerField.class with "No such file or directory" 

WARNING: Failed to resolve file /org/apache/lucene/index/IndexReader.class with "No such file or directory" 

WARNING: Failed to resolve file /org/apache/lucene/index/IndexWriter$DocModifier.class with "No such file or directory" 

WARNING: Failed to resolve file /org/apache/lucene/index/IndexingChain.class with "No such file or directory" 

WARNING: Failed to resolve file /org/apache/lucene/index/MergePolicy$OneMerge.class with "No such file or directory" 

WARNING: Failed to resolve file /org/apache/lucene/index/MultiPostingsEnum.class with "No such file or directory" 

WARNING: Failed to resolve file /org/apache/lucene/index/NumericDocValuesWriter$NumericDVs.class with "No such file or directory" 

WARNING: Failed to resolve file /org/apache/lucene/index/PointValues$1.class with "No such file or directory" 

WARNING: Failed to resolve file /org/apache/lucene/index/ReaderUtil.class with "No such file or directory" 

WARNING: Failed to resolve file /org/apache/lucene/index/SegmentMerger.class with "No such file or directory" 

WARNING: Failed to resolve file /org/apache/lucene/index/SlowCodecReaderWrapper.class with "No such file or directory" 

WARNING: Failed to resolve file /org/apache/lucene/index/SnapshotDeletionPolicy.class with "No such file or directory" 

WARNING: Failed to resolve file /org/apache/lucene/index/SortedNumericDocValuesWriter$LongValues.class with "No such file or directory" 

WARNING: Failed to resolve file /org/apache/lucene/index/SortingCodecReader$6.class with "No such file or directory" 

WARNING: Failed to resolve file /org/apache/lucene/index/StoredFieldVisitor$Status.class with "No such file or directory" 

WARNING: Failed to resolve file /org/apache/lucene/index/TermsEnumIndex$TermState.class with "No such file or directory" 

WARNING: Failed to resolve file /org/apache/lucene/index/VectorSimilarityFunction.class with "No such file or directory" 

WARNING: Failed to resolve file /org/apache/lucene/internal/hppc/IntArrayList$ValueIterator.class with "No such file or directory" 

WARNING: Failed to resolve file /org/apache/lucene/internal/hppc/IntIntHashMap$IntIntCursor.class with "No such file or directory" 

WARNING: Failed to resolve file /org/apache/lucene/internal/hppc/LongArrayList.class with "No such file or directory" 

WARNING: Failed to resolve file /org/apache/lucene/internal/hppc/LongObjectHashMap$LongObjectCursor.class with "No such file or directory" 

WARNING: Failed to resolve file /org/apache/lucene/search/AbstractKnnVectorQuery$DocAndScoreQuery$1$1.class with "No such file or directory" 

WARNING: Failed to resolve file /org/apache/lucene/search/BlendedTermQuery.class with "No such file or directory" 

WARNING: Failed to resolve file /org/apache/lucene/search/BooleanScorer$DocIdStreamView.class with "No such file or directory" 

WARNING: Failed to resolve file /org/apache/lucene/search/CachingCollector$ScoreCachingLeafCollector.class with "No such file or directory" 

WARNING: Failed to resolve file /org/apache/lucene/search/ConstantScoreScorer$1.class with "No such file or directory" 

WARNING: Failed to resolve file /org/apache/lucene/search/DisjunctionSumScorer.class with "No such file or directory" 

WARNING: Failed to resolve file /org/apache/lucene/search/DoubleValuesSource$2.class with "No such file or directory" 

WARNING: Failed to resolve file /org/apache/lucene/search/ExactPhraseMatcher$1$SubIterator.class with "No such file or directory" 

WARNING: Failed to resolve file /org/apache/lucene/search/FilterScorer.class with "No such file or directory" 

WARNING: Failed to resolve file /org/apache/lucene/search/IndexSearcher$CachingLeafSlicesSupplier.class with "No such file or directory" 

WARNING: Failed to resolve file /org/apache/lucene/search/KnnCollector.class with "No such file or directory" 

WARNING: Failed to resolve file /org/apache/lucene/search/LongValuesSource$ConstantLongValuesSource.class with "No such file or directory" 

WARNING: Failed to resolve file /org/apache/lucene/search/MaxNonCompetitiveBoostAttribute.class with "No such file or directory" 

WARNING: Failed to resolve file /org/apache/lucene/search/MultiPhraseQuery.class with "No such file or directory" 

WARNING: Failed to resolve file /org/apache/lucene/search/PhrasePositions.class with "No such file or directory" 

WARNING: Failed to resolve file /org/apache/lucene/search/PointRangeQuery$1$2.class with "No such file or directory" 

WARNING: Failed to resolve file /org/apache/lucene/search/RegexpQuery.class with "No such file or directory" 

WARNING: Failed to resolve file /org/apache/lucene/search/ScoringRewrite$ParallelArraysTermCollector.class with "No such file or directory" 

WARNING: Failed to resolve file /org/apache/lucene/search/SortField$Type.class with "No such file or directory" 

WARNING: Failed to resolve file /org/apache/lucene/search/SortedSetSelector$1.class with "No such file or directory" 

WARNING: Failed to resolve file /org/apache/lucene/search/TaskExecutor$TaskGroup$1.class with "No such file or directory" 

WARNING: Failed to resolve file /org/apache/lucene/search/TimeLimitingCollector$TimerThreadHolder.class with "No such file or directory" 

WARNING: Failed to resolve file /org/apache/lucene/search/TopScoreDocCollector$SimpleTopScoreDocCollector$1.class with "No such file or directory" 

WARNING: Failed to resolve file /org/apache/lucene/search/WANDScorer.class with "No such file or directory" 

WARNING: Failed to resolve file /org/apache/lucene/search/comparators/TermOrdValComparator$CompetitiveIterator$1.class with "No such file or directory" 

WARNING: Failed to resolve file /org/apache/lucene/search/similarities/BasicModelG.class with "No such file or directory" 

WARNING: Failed to resolve file /org/apache/lucene/search/similarities/LMJelinekMercerSimilarity.class with "No such file or directory" 

WARNING: Failed to resolve file /org/apache/lucene/search/similarities/SimilarityBase$BasicSimScorer.class with "No such file or directory" 

WARNING: Failed to resolve file /org/apache/lucene/store/ByteBuffersDirectory$1.class with "No such file or directory" 

WARNING: Failed to resolve file /org/apache/lucene/store/IndexInput.class with "No such file or directory" 

WARNING: Failed to resolve file /org/apache/lucene/store/NoLockFactory.class with "No such file or directory" 

WARNING: Failed to resolve file /org/apache/lucene/util/ArrayTimSorter.class with "No such file or directory" 

WARNING: Failed to resolve file /org/apache/lucene/util/Bits$MatchAllBits.class with "No such file or directory" 

WARNING: Failed to resolve file /org/apache/lucene/util/BytesRefHash$DirectBytesStartArray.class with "No such file or directory" 

WARNING: Failed to resolve file /org/apache/lucene/util/DocIdSetBuilder$BulkAdder.class with "No such file or directory" 

WARNING: Failed to resolve file /org/apache/lucene/util/IOUtils$1.class with "No such file or directory" 

WARNING: Failed to resolve file /org/apache/lucene/util/LongValues$1.class with "No such file or directory" 

WARNING: Failed to resolve file /org/apache/lucene/util/OfflineSorter$ByteSequencesWriter.class with "No such file or directory" 

WARNING: Failed to resolve file /org/apache/lucene/util/RamUsageEstimator.class with "No such file or directory" 

WARNING: Failed to resolve file /org/apache/lucene/util/SortableBytesRefArray.class with "No such file or directory" 

WARNING: Failed to resolve file /org/apache/lucene/util/Unwrappable.class with "No such file or directory" 

WARNING: Failed to resolve file /org/apache/lucene/util/automaton/DaciukMihovAutomatonBuilder.class with "No such file or directory" 

WARNING: Failed to resolve file /org/apache/lucene/util/automaton/RegExp$Kind.class with "No such file or directory" 

WARNING: Failed to resolve file /org/apache/lucene/util/bkd/BKDReader.class with "No such file or directory" 

WARNING: Failed to resolve file /org/apache/lucene/util/bkd/OfflinePointReader$OfflinePointValue.class with "No such file or directory" 

WARNING: Failed to resolve file /org/apache/lucene/util/fst/FST$Arc.class with "No such file or directory" 

WARNING: Failed to resolve file /org/apache/lucene/util/fst/NoOutputs.class with "No such file or directory" 

WARNING: Failed to resolve file /org/apache/lucene/util/graph/GraphTokenStreamFiniteStrings.class with "No such file or directory" 

WARNING: Failed to resolve file /org/apache/lucene/util/hnsw/HnswUtil$Component.class with "No such file or directory" 

WARNING: Failed to resolve file /org/apache/lucene/util/hnsw/RandomVectorScorerSupplier.class with "No such file or directory" 

WARNING: Failed to resolve file /org/apache/lucene/util/packed/BulkOperationPacked14.class with "No such file or directory" 

WARNING: Failed to resolve file /org/apache/lucene/util/packed/DeltaPackedLongValues.class with "No such file or directory" 

WARNING: Failed to resolve file /org/apache/lucene/util/packed/DirectReader.class with "No such file or directory" 

WARNING: Failed to resolve file /org/apache/lucene/util/packed/Packed64SingleBlock$Packed64SingleBlock8.class with "No such file or directory" 

WARNING: Failed to resolve file /org/apache/lucene/util/packed/PackedLongValues$Builder.class with "No such file or directory" 

WARNING: Failed to resolve file /org/bouncycastle/LICENSE.class with "No such file or directory" 

WARNING: Failed to resolve file /org/bouncycastle/asn1/ASN1GeneralizedTime$1.class with "No such file or directory" 

WARNING: Failed to resolve file /org/bouncycastle/asn1/ASN1OctetString.class with "No such file or directory" 

WARNING: Failed to resolve file /org/bouncycastle/asn1/ASN1T61String$1.class with "No such file or directory" 

WARNING: Failed to resolve file /org/bouncycastle/asn1/BERFactory.class with "No such file or directory" 

WARNING: Failed to resolve file /org/bouncycastle/asn1/DERFactory.class with "No such file or directory" 

WARNING: Failed to resolve file /org/bouncycastle/asn1/DERVisibleString.class with "No such file or directory" 

WARNING: Failed to resolve file /org/bouncycastle/asn1/anssi/ANSSINamedCurves$1.class with "No such file or directory" 

WARNING: Failed to resolve file /org/bouncycastle/asn1/cryptopro/ECGOST3410NamedCurves$4.class with "No such file or directory" 

WARNING: Failed to resolve file /org/bouncycastle/asn1/nist/NISTObjectIdentifiers.class with "No such file or directory" 

WARNING: Failed to resolve file /org/bouncycastle/asn1/pkcs/CertBag.class with "No such file or directory" 

WARNING: Failed to resolve file /org/bouncycastle/asn1/pkcs/RSAPrivateKey.class with "No such file or directory" 

WARNING: Failed to resolve file /org/bouncycastle/asn1/sec/SECNamedCurves$20.class with "No such file or directory" 

WARNING: Failed to resolve file /org/bouncycastle/asn1/sec/SECNamedCurves.class with "No such file or directory" 

WARNING: Failed to resolve file /org/bouncycastle/asn1/ua/DSTU4145Params.class with "No such file or directory" 

WARNING: Failed to resolve file /org/bouncycastle/asn1/x509/AltSignatureValue.class with "No such file or directory" 

WARNING: Failed to resolve file /org/bouncycastle/asn1/x509/DistributionPoint.class with "No such file or directory" 

WARNING: Failed to resolve file /org/bouncycastle/asn1/x509/OtherName.class with "No such file or directory" 

WARNING: Failed to resolve file /org/bouncycastle/asn1/x509/TBSCertificateStructure.class with "No such file or directory" 

WARNING: Failed to resolve file /org/bouncycastle/asn1/x509/qualified/BiometricData.class with "No such file or directory" 

WARNING: Failed to resolve file /org/bouncycastle/asn1/x9/X962NamedCurves$11.class with "No such file or directory" 

WARNING: Failed to resolve file /org/bouncycastle/asn1/x9/X962NamedCurves.class with "No such file or directory" 

WARNING: Failed to resolve file /org/bouncycastle/crypto/Commitment.class with "No such file or directory" 

WARNING: Failed to resolve file /org/bouncycastle/crypto/Digest.class with "No such file or directory" 

WARNING: Failed to resolve file /org/bouncycastle/crypto/RawAgreement.class with "No such file or directory" 

WARNING: Failed to resolve file /org/bouncycastle/crypto/agreement/ECDHCUnifiedAgreement.class with "No such file or directory" 

WARNING: Failed to resolve file /org/bouncycastle/crypto/agreement/kdf/GSKKDFParameters.class with "No such file or directory" 

WARNING: Failed to resolve file /org/bouncycastle/crypto/digests/AsconXof$AsconParameters.class with "No such file or directory" 

WARNING: Failed to resolve file /org/bouncycastle/crypto/digests/Kangaroo$KangarooParameters$Builder.class with "No such file or directory" 

WARNING: Failed to resolve file /org/bouncycastle/crypto/digests/RIPEMD320Digest.class with "No such file or directory" 

WARNING: Failed to resolve file /org/bouncycastle/crypto/digests/TigerDigest.class with "No such file or directory" 

WARNING: Failed to resolve file /org/bouncycastle/crypto/ec/CustomNamedCurves$20.class with "No such file or directory" 

WARNING: Failed to resolve file /org/bouncycastle/crypto/ec/ECDecryptor.class with "No such file or directory" 

WARNING: Failed to resolve file /org/bouncycastle/crypto/engines/ARIAWrapPadEngine.class with "No such file or directory" 

WARNING: Failed to resolve file /org/bouncycastle/crypto/engines/DSTU7624Engine.class with "No such file or directory" 

WARNING: Failed to resolve file /org/bouncycastle/crypto/engines/ISAPEngine$1.class with "No such file or directory" 

WARNING: Failed to resolve file /org/bouncycastle/crypto/engines/RC532Engine.class with "No such file or directory" 

WARNING: Failed to resolve file /org/bouncycastle/crypto/engines/SkipjackEngine.class with "No such file or directory" 

WARNING: Failed to resolve file /org/bouncycastle/crypto/engines/Zuc128Engine.class with "No such file or directory" 

WARNING: Failed to resolve file /org/bouncycastle/crypto/generators/DHBasicKeyPairGenerator.class with "No such file or directory" 

WARNING: Failed to resolve file /org/bouncycastle/crypto/generators/KDFFeedbackBytesGenerator.class with "No such file or directory" 

WARNING: Failed to resolve file /org/bouncycastle/crypto/io/CipherIOException.class with "No such file or directory" 

WARNING: Failed to resolve file /org/bouncycastle/crypto/macs/CMac.class with "No such file or directory" 

WARNING: Failed to resolve file /org/bouncycastle/crypto/macs/Zuc256Mac.class with "No such file or directory" 

WARNING: Failed to resolve file /org/bouncycastle/crypto/modes/GCMModeCipher.class with "No such file or directory" 

WARNING: Failed to resolve file /org/bouncycastle/crypto/modes/gcm/BasicGCMExponentiator.class with "No such file or directory" 

WARNING: Failed to resolve file /org/bouncycastle/crypto/paddings/ISO7816d4Padding.class with "No such file or directory" 

WARNING: Failed to resolve file /org/bouncycastle/crypto/params/DHKeyParameters.class with "No such file or directory" 

WARNING: Failed to resolve file /org/bouncycastle/crypto/params/ECKeyGenerationParameters.class with "No such file or directory" 

WARNING: Failed to resolve file /org/bouncycastle/crypto/params/GOST3410PublicKeyParameters.class with "No such file or directory" 

WARNING: Failed to resolve file /org/bouncycastle/crypto/params/ParametersWithSalt.class with "No such file or directory" 

WARNING: Failed to resolve file /org/bouncycastle/crypto/params/XDHUPrivateParameters.class with "No such file or directory" 

WARNING: Failed to resolve file /org/bouncycastle/crypto/prng/ThreadedSeedGenerator$SeedGenerator.class with "No such file or directory" 

WARNING: Failed to resolve file /org/bouncycastle/crypto/signers/ECNRSigner.class with "No such file or directory" 

WARNING: Failed to resolve file /org/bouncycastle/crypto/signers/RandomDSAKCalculator.class with "No such file or directory" 

WARNING: Failed to resolve file /org/bouncycastle/crypto/util/DigestFactory$10.class with "No such file or directory" 

WARNING: Failed to resolve file /org/bouncycastle/crypto/util/PBKDF2Config.class with "No such file or directory" 

WARNING: Failed to resolve file /org/bouncycastle/crypto/util/RadixConverter.class with "No such file or directory" 

WARNING: Failed to resolve file /org/bouncycastle/i18n/filter/HTMLFilter.class with "No such file or directory" 

WARNING: Failed to resolve file /org/bouncycastle/internal/asn1/misc/IDEACBCPar.class with "No such file or directory" 

WARNING: Failed to resolve file /org/bouncycastle/jcajce/CompositePublicKey.class with "No such file or directory" 

WARNING: Failed to resolve file /org/bouncycastle/jcajce/PKIXCertStoreSelector.class with "No such file or directory" 

WARNING: Failed to resolve file /org/bouncycastle/jcajce/io/SignatureUpdatingOutputStream.class with "No such file or directory" 

WARNING: Failed to resolve file /org/bouncycastle/jcajce/provider/asymmetric/EXTERNAL$Mappings.class with "No such file or directory" 

WARNING: Failed to resolve file /org/bouncycastle/jcajce/provider/asymmetric/SPHINCSPlus.class with "No such file or directory" 

WARNING: Failed to resolve file /org/bouncycastle/jcajce/provider/asymmetric/compositesignatures/KeyPairGeneratorSpi$MLDSA87_ECDSA_P384_SHA512.class with "No such file or directory" 

WARNING: Failed to resolve file /org/bouncycastle/jcajce/provider/asymmetric/compositesignatures/SignatureSpi.class with "No such file or directory" 

WARNING: Failed to resolve file /org/bouncycastle/jcajce/provider/asymmetric/dh/KeyAgreementSpi$DHwithRFC2631KDF.class with "No such file or directory" 

WARNING: Failed to resolve file /org/bouncycastle/jcajce/provider/asymmetric/dh/KeyAgreementSpi.class with "No such file or directory" 

WARNING: Failed to resolve file /org/bouncycastle/jcajce/provider/asymmetric/dsa/DSASigner$dsaSha3_224.class with "No such file or directory" 

WARNING: Failed to resolve file /org/bouncycastle/jcajce/provider/asymmetric/ec/GMCipherSpi$ErasableOutputStream.class with "No such file or directory" 

WARNING: Failed to resolve file /org/bouncycastle/jcajce/provider/asymmetric/ec/IESCipher$ECIESwithAESCBC.class with "No such file or directory" 

WARNING: Failed to resolve file /org/bouncycastle/jcajce/provider/asymmetric/ec/KeyAgreementSpi$CDHwithSHA384KDFAndSharedInfo.class with "No such file or directory" 

WARNING: Failed to resolve file /org/bouncycastle/jcajce/provider/asymmetric/ec/KeyAgreementSpi$DHwithSHA384CKDF.class with "No such file or directory" 

WARNING: Failed to resolve file /org/bouncycastle/jcajce/provider/asymmetric/ec/KeyAgreementSpi$MQVwithSHA384KDF.class with "No such file or directory" 

WARNING: Failed to resolve file /org/bouncycastle/jcajce/provider/asymmetric/ec/SignatureSpi$ecCVCDSA224.class with "No such file or directory" 

WARNING: Failed to resolve file /org/bouncycastle/jcajce/provider/asymmetric/ec/SignatureSpi$ecDetDSA.class with "No such file or directory" 

WARNING: Failed to resolve file /org/bouncycastle/jcajce/provider/asymmetric/ecgost/KeyFactorySpi.class with "No such file or directory" 

WARNING: Failed to resolve file /org/bouncycastle/jcajce/provider/asymmetric/edec/IESCipher$XIESwithCipher.class with "No such file or directory" 

WARNING: Failed to resolve file /org/bouncycastle/jcajce/provider/asymmetric/edec/KeyAgreementSpi$X448UwithSHA512CKDF.class with "No such file or directory" 

WARNING: Failed to resolve file /org/bouncycastle/jcajce/provider/asymmetric/edec/KeyPairGeneratorSpi$XDH.class with "No such file or directory" 

WARNING: Failed to resolve file /org/bouncycastle/jcajce/provider/asymmetric/gost/GOSTUtil.class with "No such file or directory" 

WARNING: Failed to resolve file /org/bouncycastle/jcajce/provider/asymmetric/rsa/DigestSignatureSpi$MD5.class with "No such file or directory" 

WARNING: Failed to resolve file /org/bouncycastle/jcajce/provider/asymmetric/rsa/ISOSignatureSpi$SHA256WithRSAEncryption.class with "No such file or directory" 

WARNING: Failed to resolve file /org/bouncycastle/jcajce/provider/asymmetric/rsa/PSSSignatureSpi$SHA384withRSA.class with "No such file or directory" 

WARNING: Failed to resolve file /org/bouncycastle/jcajce/provider/asymmetric/rsa/PSSSignatureSpi$SHA512withRSA.class with "No such file or directory" 

WARNING: Failed to resolve file /org/bouncycastle/jcajce/provider/asymmetric/util/BaseCipherSpi$1.class with "No such file or directory" 

WARNING: Failed to resolve file /org/bouncycastle/jcajce/provider/asymmetric/x509/KeyFactory.class with "No such file or directory" 

WARNING: Failed to resolve file /org/bouncycastle/jcajce/provider/asymmetric/x509/X509SignatureUtil.class with "No such file or directory" 

WARNING: Failed to resolve file /org/bouncycastle/jcajce/provider/digest/DSTU7564$Digest256.class with "No such file or directory" 

WARNING: Failed to resolve file /org/bouncycastle/jcajce/provider/digest/GOST3411$KeyGenerator2012_512.class with "No such file or directory" 

WARNING: Failed to resolve file /org/bouncycastle/jcajce/provider/digest/Keccak$KeyGenerator288.class with "No such file or directory" 

WARNING: Failed to resolve file /org/bouncycastle/jcajce/provider/digest/RIPEMD128$HashMac.class with "No such file or directory" 

WARNING: Failed to resolve file /org/bouncycastle/jcajce/provider/digest/SHA1$Digest.class with "No such file or directory" 

WARNING: Failed to resolve file /org/bouncycastle/jcajce/provider/digest/SHA3$Digest512.class with "No such file or directory" 

WARNING: Failed to resolve file /org/bouncycastle/jcajce/provider/digest/SHA3$KeyGenerator512.class with "No such file or directory" 

WARNING: Failed to resolve file /org/bouncycastle/jcajce/provider/digest/SHA512$OldSHA512.class with "No such file or directory" 

WARNING: Failed to resolve file /org/bouncycastle/jcajce/provider/digest/Skein$Digest_512_384.class with "No such file or directory" 

WARNING: Failed to resolve file /org/bouncycastle/jcajce/provider/digest/Skein$HashMac_256_256.class with "No such file or directory" 

WARNING: Failed to resolve file /org/bouncycastle/jcajce/provider/digest/Skein$SkeinMac_1024_1024.class with "No such file or directory" 

WARNING: Failed to resolve file /org/bouncycastle/jcajce/provider/digest/Tiger.class with "No such file or directory" 

WARNING: Failed to resolve file /org/bouncycastle/jcajce/provider/drbg/DRBG$OneShotHybridEntropySource.class with "No such file or directory" 

WARNING: Failed to resolve file /org/bouncycastle/jcajce/provider/keystore/bc/BcKeyStoreSpi$Version1.class with "No such file or directory" 

WARNING: Failed to resolve file /org/bouncycastle/jcajce/provider/keystore/pkcs12/PKCS12KeyStoreSpi$DefPKCS12KeyStore3DES.class with "No such file or directory" 

WARNING: Failed to resolve file /org/bouncycastle/jcajce/provider/symmetric/AES$AlgParamsGCM.class with "No such file or directory" 

WARNING: Failed to resolve file /org/bouncycastle/jcajce/provider/symmetric/AES$PBEWithSHA256AESCBC128.class with "No such file or directory" 

WARNING: Failed to resolve file /org/bouncycastle/jcajce/provider/symmetric/ARC4$PBEWithSHAAnd40Bit.class with "No such file or directory" 

WARNING: Failed to resolve file /org/bouncycastle/jcajce/provider/symmetric/ARIA$Poly1305.class with "No such file or directory" 

WARNING: Failed to resolve file /org/bouncycastle/jcajce/provider/symmetric/CAST6$ECB$1.class with "No such file or directory" 

WARNING: Failed to resolve file /org/bouncycastle/jcajce/provider/symmetric/Camellia$Poly1305KeyGen.class with "No such file or directory" 

WARNING: Failed to resolve file /org/bouncycastle/jcajce/provider/symmetric/DES$DESCFB8.class with "No such file or directory" 

WARNING: Failed to resolve file /org/bouncycastle/jcajce/provider/symmetric/DESede$ECB.class with "No such file or directory" 

WARNING: Failed to resolve file /org/bouncycastle/jcajce/provider/symmetric/DSTU7624$CCM256.class with "No such file or directory" 

WARNING: Failed to resolve file /org/bouncycastle/jcajce/provider/symmetric/DSTU7624$GMAC256.class with "No such file or directory" 

WARNING: Failed to resolve file /org/bouncycastle/jcajce/provider/symmetric/GOST28147$GCFB.class with "No such file or directory" 

WARNING: Failed to resolve file /org/bouncycastle/jcajce/provider/symmetric/Grainv1$Base.class with "No such file or directory" 

WARNING: Failed to resolve file /org/bouncycastle/jcajce/provider/symmetric/IDEA$Mappings.class with "No such file or directory" 

WARNING: Failed to resolve file /org/bouncycastle/jcajce/provider/symmetric/PBEPBKDF2$BasePBKDF2.class with "No such file or directory" 

WARNING: Failed to resolve file /org/bouncycastle/jcajce/provider/symmetric/Poly1305.class with "No such file or directory" 

WARNING: Failed to resolve file /org/bouncycastle/jcajce/provider/symmetric/RC5$AlgParams.class with "No such file or directory" 

WARNING: Failed to resolve file /org/bouncycastle/jcajce/provider/symmetric/RC6$Poly1305KeyGen.class with "No such file or directory" 

WARNING: Failed to resolve file /org/bouncycastle/jcajce/provider/symmetric/SEED$Mappings.class with "No such file or directory" 

WARNING: Failed to resolve file /org/bouncycastle/jcajce/provider/symmetric/Serpent$AlgParams.class with "No such file or directory" 

WARNING: Failed to resolve file /org/bouncycastle/jcajce/provider/symmetric/Shacal2$ECB$1.class with "No such file or directory" 

WARNING: Failed to resolve file /org/bouncycastle/jcajce/provider/symmetric/Skipjack.class with "No such file or directory" 

WARNING: Failed to resolve file /org/bouncycastle/jcajce/provider/symmetric/Threefish$CMAC_512.class with "No such file or directory" 

WARNING: Failed to resolve file /org/bouncycastle/jcajce/provider/symmetric/VMPC$KeyGen.class with "No such file or directory" 

WARNING: Failed to resolve file /org/bouncycastle/jcajce/provider/symmetric/Zuc$Mappings.class with "No such file or directory" 

WARNING: Failed to resolve file /org/bouncycastle/jcajce/provider/symmetric/util/BaseWrapCipher$InvalidKeyOrParametersException.class with "No such file or directory" 

WARNING: Failed to resolve file /org/bouncycastle/jcajce/spec/AEADParameterSpec.class with "No such file or directory" 

WARNING: Failed to resolve file /org/bouncycastle/jcajce/spec/OpenSSHPrivateKeySpec.class with "No such file or directory" 

WARNING: Failed to resolve file /org/bouncycastle/jcajce/util/JcaJceUtils.class with "No such file or directory" 

WARNING: Failed to resolve file /org/bouncycastle/jce/exception/ExtCertificateEncodingException.class with "No such file or directory" 

WARNING: Failed to resolve file /org/bouncycastle/jce/provider/BouncyCastleProvider$1.class with "No such file or directory" 

WARNING: Failed to resolve file /org/bouncycastle/jce/provider/ExtCRLException.class with "No such file or directory" 

WARNING: Failed to resolve file /org/bouncycastle/jce/provider/PKIXCertPathBuilderSpi_8.class with "No such file or directory" 

WARNING: Failed to resolve file /org/bouncycastle/jce/provider/X509CertificateObject.class with "No such file or directory" 

WARNING: Failed to resolve file /org/bouncycastle/jce/spec/ElGamalPrivateKeySpec.class with "No such file or directory" 

WARNING: Failed to resolve file /org/bouncycastle/math/ec/ECCurve$Config.class with "No such file or directory" 

WARNING: Failed to resolve file /org/bouncycastle/math/ec/FixedPointUtil$1.class with "No such file or directory" 

WARNING: Failed to resolve file /org/bouncycastle/math/ec/WTauNafMultiplier.class with "No such file or directory" 

WARNING: Failed to resolve file /org/bouncycastle/math/ec/custom/sec/SecP160R1Curve$1.class with "No such file or directory" 

WARNING: Failed to resolve file /org/bouncycastle/math/ec/custom/sec/SecP224K1Curve.class with "No such file or directory" 

WARNING: Failed to resolve file /org/bouncycastle/math/ec/custom/sec/SecP384R1Field.class with "No such file or directory" 

WARNING: Failed to resolve file /org/bouncycastle/math/ec/custom/sec/SecT131R2Curve$1.class with "No such file or directory" 

WARNING: Failed to resolve file /org/bouncycastle/math/ec/custom/sec/SecT193R2Point.class with "No such file or directory" 

WARNING: Failed to resolve file /org/bouncycastle/math/ec/custom/sec/SecT283R1Point.class with "No such file or directory" 

WARNING: Failed to resolve file /org/bouncycastle/math/ec/endo/GLVEndomorphism.class with "No such file or directory" 

WARNING: Failed to resolve file /org/bouncycastle/math/ec/rfc8032/Ed25519$PointPrecomp.class with "No such file or directory" 

WARNING: Failed to resolve file /org/bouncycastle/math/field/FiniteField.class with "No such file or directory" 

WARNING: Failed to resolve file /org/bouncycastle/math/raw/Nat576.class with "No such file or directory" 

WARNING: Failed to resolve file /org/bouncycastle/pqc/asn1/SPHINCSPLUSPublicKey.class with "No such file or directory" 

WARNING: Failed to resolve file /org/bouncycastle/pqc/crypto/bike/BIKEKeyParameters.class with "No such file or directory" 

WARNING: Failed to resolve file /org/bouncycastle/pqc/crypto/cmce/Utils.class with "No such file or directory" 

WARNING: Failed to resolve file /org/bouncycastle/pqc/crypto/crystals/kyber/KyberEngine.class with "No such file or directory" 

WARNING: Failed to resolve file /org/bouncycastle/pqc/crypto/falcon/FalconConversions.class with "No such file or directory" 

WARNING: Failed to resolve file /org/bouncycastle/pqc/crypto/frodo/FrodoKEMExtractor.class with "No such file or directory" 

WARNING: Failed to resolve file /org/bouncycastle/pqc/crypto/gemss/GeMSSSigner.class with "No such file or directory" 

WARNING: Failed to resolve file /org/bouncycastle/pqc/crypto/hqc/FastFourierTransform.class with "No such file or directory" 

WARNING: Failed to resolve file /org/bouncycastle/pqc/crypto/lms/HSS.class with "No such file or directory" 

WARNING: Failed to resolve file /org/bouncycastle/pqc/crypto/lms/LMSPrivateKeyParameters$CacheKey.class with "No such file or directory" 

WARNING: Failed to resolve file /org/bouncycastle/pqc/crypto/newhope/NHSecretKeyProcessor$1.class with "No such file or directory" 

WARNING: Failed to resolve file /org/bouncycastle/pqc/crypto/ntru/OWCPAKeyPair.class with "No such file or directory" 

WARNING: Failed to resolve file /org/bouncycastle/pqc/crypto/picnic/LowmcConstants.class with "No such file or directory" 

WARNING: Failed to resolve file /org/bouncycastle/pqc/crypto/picnic/Tree.class with "No such file or directory" 

WARNING: Failed to resolve file /org/bouncycastle/pqc/crypto/saber/SABERKEMExtractor.class with "No such file or directory" 

WARNING: Failed to resolve file /org/bouncycastle/pqc/crypto/sphincs/SPHINCSPublicKeyParameters.class with "No such file or directory" 

WARNING: Failed to resolve file /org/bouncycastle/pqc/crypto/sphincsplus/SPHINCSPlusEngine$Shake256Engine.class with "No such file or directory" 

WARNING: Failed to resolve file /org/bouncycastle/pqc/crypto/util/PublicKeyFactory$CMCEConverter.class with "No such file or directory" 

WARNING: Failed to resolve file /org/bouncycastle/pqc/crypto/util/PublicKeyFactory.class with "No such file or directory" 

WARNING: Failed to resolve file /org/bouncycastle/pqc/crypto/xmss/WOTSPlusOid.class with "No such file or directory" 

WARNING: Failed to resolve file /org/bouncycastle/pqc/crypto/xmss/XMSSMTPublicKeyParameters.class with "No such file or directory" 

WARNING: Failed to resolve file /org/bouncycastle/pqc/crypto/xmss/XMSSStoreableObjectInterface.class with "No such file or directory" 

WARNING: Failed to resolve file /org/bouncycastle/pqc/jcajce/interfaces/KyberKey.class with "No such file or directory" 

WARNING: Failed to resolve file /org/bouncycastle/pqc/jcajce/interfaces/StateAwareSignature.class with "No such file or directory" 

WARNING: Failed to resolve file /org/bouncycastle/pqc/jcajce/provider/Kyber.class with "No such file or directory" 

WARNING: Failed to resolve file /org/bouncycastle/pqc/jcajce/provider/XMSS$Mappings.class with "No such file or directory" 

WARNING: Failed to resolve file /org/bouncycastle/pqc/jcajce/provider/cmce/CMCEKeyFactorySpi.class with "No such file or directory" 

WARNING: Failed to resolve file /org/bouncycastle/pqc/jcajce/provider/falcon/BCFalconPrivateKey.class with "No such file or directory" 

WARNING: Failed to resolve file /org/bouncycastle/pqc/jcajce/provider/hqc/BCHQCPublicKey.class with "No such file or directory" 

WARNING: Failed to resolve file /org/bouncycastle/pqc/jcajce/provider/kyber/KyberKeyFactorySpi$Kyber768_AES.class with "No such file or directory" 

WARNING: Failed to resolve file /org/bouncycastle/pqc/jcajce/provider/mceliece/McElieceCCA2KeyFactorySpi.class with "No such file or directory" 

WARNING: Failed to resolve file /org/bouncycastle/pqc/jcajce/provider/mceliece/McEliecePointchevalCipherSpi$McEliecePointcheval512.class with "No such file or directory" 

WARNING: Failed to resolve file /org/bouncycastle/pqc/jcajce/provider/ntruprime/NTRULPRimeKeyFactorySpi.class with "No such file or directory" 

WARNING: Failed to resolve file /org/bouncycastle/pqc/jcajce/provider/rainbow/RainbowKeyPairGeneratorSpi$RainbowIIIclassic.class with "No such file or directory" 

WARNING: Failed to resolve file /org/bouncycastle/pqc/jcajce/provider/sphincs/BCSphincs256PrivateKey.class with "No such file or directory" 

WARNING: Failed to resolve file /org/bouncycastle/pqc/jcajce/provider/sphincsplus/SPHINCSPlusKeyPairGeneratorSpi$Shake_256s.class with "No such file or directory" 

WARNING: Failed to resolve file /org/bouncycastle/pqc/jcajce/provider/xmss/XMSSMTKeyPairGeneratorSpi.class with "No such file or directory" 

WARNING: Failed to resolve file /org/bouncycastle/pqc/jcajce/provider/xmss/XMSSSignatureSpi$withShake256.class with "No such file or directory" 

WARNING: Failed to resolve file /org/bouncycastle/pqc/jcajce/spec/RainbowParameterSpec.class with "No such file or directory" 

WARNING: Failed to resolve file /org/bouncycastle/pqc/legacy/crypto/gmss/Treehash.class with "No such file or directory" 

WARNING: Failed to resolve file /org/bouncycastle/pqc/legacy/crypto/mceliece/McEliecePrivateKeyParameters.class with "No such file or directory" 

WARNING: Failed to resolve file /org/bouncycastle/pqc/legacy/crypto/ntru/NTRUSigningPrivateKeyParameters$Basis.class with "No such file or directory" 

WARNING: Failed to resolve file /org/bouncycastle/pqc/legacy/crypto/rainbow/RainbowParameters.class with "No such file or directory" 

WARNING: Failed to resolve file /org/bouncycastle/pqc/legacy/math/linearalgebra/GF2nPolynomial.class with "No such file or directory" 

WARNING: Failed to resolve file /org/bouncycastle/pqc/legacy/math/ntru/polynomial/Constants.class with "No such file or directory" 

WARNING: Failed to resolve file /org/bouncycastle/pqc/math/ntru/Polynomial.class with "No such file or directory" 

WARNING: Failed to resolve file /org/bouncycastle/util/IPAddress.class with "No such file or directory" 

WARNING: Failed to resolve file /org/bouncycastle/util/Times.class with "No such file or directory" 

WARNING: Failed to resolve file /org/bouncycastle/util/io/Streams.class with "No such file or directory" 

WARNING: Failed to resolve file /org/bouncycastle/util/test/TestFailedException.class with "No such file or directory" 

WARNING: Failed to resolve file /org/bouncycastle/x509/X509AttributeCertStoreSelector.class with "No such file or directory" 

WARNING: Failed to resolve file /org/bouncycastle/x509/util/LDAPStoreHelper.class with "No such file or directory" 

Found 542 (out of 11364) source files to analyze in /home/udesou/.bench-agent/git/macro-benches/vendor/.infer-capture-ocaml-5.5.1-46e1c32-fp
ondemand engine did not return the expected specialized summary
ondemand engine did not return the expected specialized summary
ondemand engine did not return the expected specialized summary
ondemand engine did not return the expected specialized summary
ondemand engine did not return the expected specialized summary
ondemand engine did not return the expected specialized summary
ondemand engine did not return the expected specialized summary
ondemand engine did not return the expected specialized summary
ondemand engine did not return the expected specialized summary
ondemand engine did not return the expected specialized summary
ondemand engine did not return the expected specialized summary
ondemand engine did not return the expected specialized summary
ondemand engine did not return the expected specialized summary
ondemand engine did not return the expected specialized summary
ondemand engine did not return the expected specialized summary
ondemand engine did not return the expected specialized summary
ondemand engine did not return the expected specialized summary
ondemand engine did not return the expected specialized summary
ondemand engine did not return the expected specialized summary
ondemand engine did not return the expected specialized summary
ondemand engine did not return the expected specialized summary
ondemand engine did not return the expected specialized summary
ondemand engine did not return the expected specialized summary
ondemand engine did not return the expected specialized summary
ondemand engine did not return the expected specialized summary
ondemand engine did not return the expected specialized summary
ondemand engine did not return the expected specialized summary
ondemand engine did not return the expected specialized summary
ondemand engine did not return the expected specialized summary
ondemand engine did not return the expected specialized summary
ondemand engine did not return the expected specialized summary
ondemand engine did not return the expected specialized summary
ondemand engine did not return the expected specialized summary
ondemand engine did not return the expected specialized summary
ondemand engine did not return the expected specialized summary
ondemand engine did not return the expected specialized summary
ondemand engine did not return the expected specialized summary
ondemand engine did not return the expected specialized summary
ondemand engine did not return the expected specialized summary
ondemand engine did not return the expected specialized summary
ondemand engine did not return the expected specialized summary
ondemand engine did not return the expected specialized summary
ondemand engine did not return the expected specialized summary
ondemand engine did not return the expected specialized summary
ondemand engine did not return the expected specialized summary
ondemand engine did not return the expected specialized summary
ondemand engine did not return the expected specialized summary
ondemand engine did not return the expected specialized summary
ondemand engine did not return the expected specialized summary
ondemand engine did not return the expected specialized summary
ondemand engine did not return the expected specialized summary
ondemand engine did not return the expected specialized summary
ondemand engine did not return the expected specialized summary
Could not read file /org/apache/lucene/util/RamUsageEstimator.class
Could not read file /org/bouncycastle/x509/util/LDAPStoreHelper.class
*****
{
  "rusage": {
    "user_time": 1068.477,
    "system_time": 78.912,
    "minor_faults": 2003212,
    "major_faults": 7,
    "voluntary_ctx_switches": 4744972,
    "involuntary_ctx_switches": 197546
  },
  "olly": {
    "version": 2,
    "wall_time": 381.9,
    "cpu_time": 2659.07,
    "gc_time": 161.57,
    "gc_overhead": 6.08,
    "max_rss_kb": 7338284,
    "domain_stats": {
      "0": {
        "wall_time": 381.9,
        "gc_time": 22.11,
        "gc_overhead": 5.79
      },
      "1": {
        "wall_time": 379.99,
        "gc_time": 42.48,
        "gc_overhead": 11.18
      },
      "2": {
        "wall_time": 379.6,
        "gc_time": 44.4,
        "gc_overhead": 11.7
      },
      "3": {
        "wall_time": 379.39,
        "gc_time": 13.29,
        "gc_overhead": 3.5
      },
      "4": {
        "wall_time": 379.4,
        "gc_time": 13.11,
        "gc_overhead": 3.46
      },
      "5": {
        "wall_time": 379.4,
        "gc_time": 13.26,
        "gc_overhead": 3.5
      },
      "6": {
        "wall_time": 379.39,
        "gc_time": 12.92,
        "gc_overhead": 3.41
      }
    },
    "mean_latency": 2.059327,
    "stddev_latency": 4.470798,
    "min_latency": 0.0,
    "max_latency": 133.103615,
    "distr_latency": {
      "25.0000": 0.001703,
      "50.0000": 0.003119,
      "60.0000": 0.022239,
      "70.0000": 2.418687,
      "75.0000": 3.358719,
      "80.0000": 4.263935,
      "85.0000": 5.042175,
      "90.0000": 5.996543,
      "95.0000": 7.569407,
      "96.0000": 8.384511,
      "97.0000": 10.010623,
      "98.0000": 13.115391,
      "99.0000": 19.759103,
      "99.9000": 45.285375,
      "99.9900": 62.554111,
      "99.9990": 121.831423,
      "99.9999": 133.103615,
      "100.0000": 133.103615
    },
    "outliers": {
      "count": 0,
      "mean_latency": 0.0,
      "max_latency": 0.0
    },
    "allocations": {
      "total_heap": 144740333882,
      "minor_heap": 141025076853,
      "major_heap": 5708102402,
      "promoted_words": 1992845373,
      "promoted_pct": 1.41
    },
    "domain_alloc_stats": {
      "0": {
        "total": 439400930,
        "minor": 401815242,
        "promoted": 19395488,
        "major": 56981176,
        "promoted_pct": 4.83
      },
      "1": {
        "total": 24837193135,
        "minor": 21967859934,
        "promoted": 185297093,
        "major": 3054630294,
        "promoted_pct": 0.84
      },
      "2": {
        "total": 55439787774,
        "minor": 54257430919,
        "promoted": 740212899,
        "major": 1922569754,
        "promoted_pct": 1.36
      },
      "3": {
        "total": 14896362349,
        "minor": 14999355098,
        "promoted": 233107746,
        "major": 130114997,
        "promoted_pct": 1.55
      },
      "4": {
        "total": 17808004044,
        "minor": 17894529338,
        "promoted": 348519342,
        "major": 261994048,
        "promoted_pct": 1.95
      },
      "5": {
        "total": 15710708745,
        "minor": 15811973512,
        "promoted": 233935138,
        "major": 132670371,
        "promoted_pct": 1.48
      },
      "6": {
        "total": 15608876905,
        "minor": 15692112810,
        "promoted": 232377667,
        "major": 149141762,
        "promoted_pct": 1.48
      }
    },
    "collections": {
      "minor": 7337,
      "major": 75,
      "forced_major": 0,
      "compactions": 0
    },
    "stats_reliable": true
  },
  "counter_backend": "linux-perf",
  "perf": [
    {
      "counter-value": "1145260.900223",
      "unit": "msec",
      "event": "task-clock",
      "event-runtime": 1145260900223,
      "pcnt-running": 100.0,
      "metric-value": "2.995071",
      "metric-unit": "CPUs utilized"
    },
    {
      "counter-value": "2002122.000000",
      "unit": "",
      "event": "page-faults",
      "event-runtime": 1145260900223,
      "pcnt-running": 100.0,
      "metric-value": "1.748180",
      "metric-unit": "K/sec"
    },
    {
      "counter-value": "3744033884225.000000",
      "unit": "",
      "event": "cycles",
      "event-runtime": 1145260900223,
      "pcnt-running": 100.0,
      "metric-value": "3.269154",
      "metric-unit": "GHz"
    },
    {
      "counter-value": "4398805528000.000000",
      "unit": "",
      "event": "instructions",
      "event-runtime": 1145260900223,
      "pcnt-running": 100.0,
      "metric-value": "1.174884",
      "metric-unit": "insn per cycle"
    }
  ]
}