
-----
mkdir -p PLOTTY_WORKAROUND; timedrun; OCAMLRUNPARAM="e=18,d=128" taskset -c "4,6,8,10,12,14" /home/udesou/.bench-agent/git/macro-benches/benchmarks/infer/infer_default-ocaml-5.5.1-46e1c32
running-ng v0.3.8
Sun Sep 13 01:06:02 PM UTC 2026

 13:06:02 up 6 days, 13:00,  2 users,  load average: 1.00, 1.00, 1.00
USER     TTY      FROM             LOGIN@   IDLE   JCPU   PCPU  WHAT

procs -----------memory---------- ---swap-- -----io---- -system-- -------cpu-------
 r  b   swpd   free   buff  cache   si   so    bi    bo   in   cs us sy id wa st gu
 0  1    512 6783172 4618964 52208916    0    0    39  1117 2326    6 10  1 80  9  0  0
 0  1    512 6783424 4618964 52208800    0    0     0     0 1690 2611  0  0 88 12  0  0

top - 13:06:03 up 6 days, 13:00,  2 users,  load average: 1.00, 1.00, 1.00
Tasks: 279 total,   1 running, 278 sleeping,   0 stopped,   0 zombie
%Cpu(s):  0.0 us,  0.0 sy,  0.0 ni, 88.1 id, 11.9 wa,  0.0 hi,  0.0 si,  0.0 st 
MiB Mem :  64272.5 total,   6624.4 free,   2876.7 used,  55495.9 buff/cache     
MiB Swap:   8192.0 total,   8191.5 free,      0.5 used.  61395.8 avail Mem 

    PID USER      PR  NI    VIRT    RES    SHR S  %CPU  %MEM     TIME+ COMMAND
 943554 udesou    20   0   11912   5732   3580 R  10.0   0.0   0:00.01 top -bcn 1 -w512
      1 root      20   0   22936  14244   9608 S   0.0   0.0   4:04.41 /usr/lib/systemd/systemd --system --deserialize=173
      2 root      20   0       0      0      0 S   0.0   0.0   0:00.07 [kthreadd]
      3 root      20   0       0      0      0 S   0.0   0.0   0:00.00 [pool_workqueue_release]
      4 root       0 -20       0      0      0 I   0.0   0.0   0:00.00 [kworker/R-rcu_g]

Environment variables: 
	CONFIG_FILE=/home/udesou/.bench-agent/work/run-20260913-001-e1/run-20260913-001.yml
	HOME=/home/udesou
	LANG=en_US.UTF-8
	LOGNAME=udesou
	LOG_DIR=/home/udesou/.bench-agent/logs
	OLLY_DIR=/home/udesou/.bench-agent/git/olly
	PATH=/usr/local/bin:/home/udesou/.bench-agent/git/olly/_build/install/default/bin:/home/udesou/.opam/running-ng-tools/bin:/home/udesou/.vscode-server/data/User/globalStorage/github.copilot-chat/debugCommand:/home/udesou/.vscode-server/data/User/globalStorage/github.copilot-chat/copilotCli:/home/udesou/.vscode-server/cli/servers/Stable-08d4889f9ec4a1685d257b9b95de036c8e1ce1e5/server/bin/remote-cli:/home/udesou/.opam/running-ng-ocaml-5.5.0-f523850-fp-flambda/bin:/home/udesou/.local/bin:/home/udesou/.opam/running-ng-ocaml-5.5.0-f523850-fp-flambda/bin:/home/udesou/.local/bin:/usr/local/sbin:/usr/local/bin:/usr/sbin:/usr/bin:/sbin:/bin:/usr/games:/usr/local/games:/snap/bin
	PWD=/home/udesou/ocaml-bench-service
	PYTHONPATH=/home/udesou/.bench-agent/git/running-ng/src
	RUNNING_BENCH_DIR=/home/udesou/.bench-agent/git/macro-benches
	RUNNING_MACRO_BENCH_DIR=/home/udesou/.bench-agent/git/macro-benches
	RUNNING_NG_PACKAGE_DATA=/home/udesou/.bench-agent/git/running-ng/src/running/config
	RUNNING_REUSE_SWITCHES=1
	RUNNING_TAG=default_run,large_run
	SHELL=/bin/bash
	SHLVL=1
	TERM=screen.xterm-256color
	USER=udesou
	_=/usr/bin/python3
OS: Linux obelisk 6.8.0-139-generic #139-Ubuntu SMP PREEMPT_DYNAMIC Sat Aug  1 03:52:05 UTC 2026 x86_64 x86_64 x86_64 GNU/Linux
CPU: Intel(R) Xeon(R) CPU E5-2667 v2 @ 3.30GHz
number of cores: 8
Frequency of cpu 0: 3.30 GHz
Governor of cpu 0: performance
Scaling_min_freq of cpu 0: 1.20 GHz
Frequency of cpu 2: 3.30 GHz
Governor of cpu 2: performance
Scaling_min_freq of cpu 2: 1.20 GHz
Frequency of cpu 4: 3.30 GHz
Governor of cpu 4: performance
Scaling_min_freq of cpu 4: 1.20 GHz
Frequency of cpu 6: 3.30 GHz
Governor of cpu 6: performance
Scaling_min_freq of cpu 6: 1.20 GHz
WARNING: Failed to resolve file /com/google/common/annotations/Beta.class with "No such file or directory" 

WARNING: Failed to resolve file /com/google/common/base/Converter$IdentityConverter.class with "No such file or directory" 

WARNING: Failed to resolve file /com/google/common/base/Platform.class with "No such file or directory" 

WARNING: Failed to resolve file /com/google/common/base/Utf8.class with "No such file or directory" 

WARNING: Failed to resolve file /com/google/common/cache/LocalCache$EntryFactory$2.class with "No such file or directory" 

WARNING: Failed to resolve file /com/google/common/cache/LongAddables.class with "No such file or directory" 

WARNING: Failed to resolve file /com/google/common/collect/AbstractMapBasedMultiset$2$1.class with "No such file or directory" 

WARNING: Failed to resolve file /com/google/common/collect/CollectSpliterators.class with "No such file or directory" 

WARNING: Failed to resolve file /com/google/common/collect/DenseImmutableTable.class with "No such file or directory" 

WARNING: Failed to resolve file /com/google/common/collect/ForwardingConcurrentMap.class with "No such file or directory" 

WARNING: Failed to resolve file /com/google/common/collect/HashMultimap.class with "No such file or directory" 

WARNING: Failed to resolve file /com/google/common/collect/ImmutableMultimap$Builder.class with "No such file or directory" 

WARNING: Failed to resolve file /com/google/common/collect/ImmutableSortedSet$1.class with "No such file or directory" 

WARNING: Failed to resolve file /com/google/common/collect/JdkBackedImmutableMap.class with "No such file or directory" 

WARNING: Failed to resolve file /com/google/common/collect/MapMakerInternalMap$EntrySet.class with "No such file or directory" 

WARNING: Failed to resolve file /com/google/common/collect/Maps$AsMapView$1EntrySetImpl.class with "No such file or directory" 

WARNING: Failed to resolve file /com/google/common/collect/MultimapBuilder$2.class with "No such file or directory" 

WARNING: Failed to resolve file /com/google/common/collect/Multisets$4.class with "No such file or directory" 

WARNING: Failed to resolve file /com/google/common/collect/RegularImmutableMap$Values.class with "No such file or directory" 

WARNING: Failed to resolve file /com/google/common/collect/SortedLists$KeyAbsentBehavior$2.class with "No such file or directory" 

WARNING: Failed to resolve file /com/google/common/collect/Streams$DoubleFunctionWithIndex.class with "No such file or directory" 

WARNING: Failed to resolve file /com/google/common/collect/TransformedListIterator.class with "No such file or directory" 

WARNING: Failed to resolve file /com/google/common/collect/TreeTraverser.class with "No such file or directory" 

WARNING: Failed to resolve file /com/google/common/graph/AbstractBaseGraph$1.class with "No such file or directory" 

WARNING: Failed to resolve file /com/google/common/graph/GraphBuilder.class with "No such file or directory" 

WARNING: Failed to resolve file /com/google/common/graph/ValueGraph.class with "No such file or directory" 

WARNING: Failed to resolve file /com/google/common/hash/Hashing.class with "No such file or directory" 

WARNING: Failed to resolve file /com/google/common/io/BaseEncoding.class with "No such file or directory" 

WARNING: Failed to resolve file /com/google/common/io/LineProcessor.class with "No such file or directory" 

WARNING: Failed to resolve file /com/google/common/net/HttpHeaders.class with "No such file or directory" 

WARNING: Failed to resolve file /com/google/common/primitives/Shorts$ShortConverter.class with "No such file or directory" 

WARNING: Failed to resolve file /com/google/common/reflect/TypeToken$Bounds.class with "No such file or directory" 

WARNING: Failed to resolve file /com/google/common/util/concurrent/AbstractFuture$Listener.class with "No such file or directory" 

WARNING: Failed to resolve file /com/google/common/util/concurrent/AggregateFutureState.class with "No such file or directory" 

WARNING: Failed to resolve file /com/google/common/util/concurrent/ForwardingCheckedFuture$SimpleForwardingCheckedFuture.class with "No such file or directory" 

WARNING: Failed to resolve file /com/google/common/util/concurrent/Monitor$Guard.class with "No such file or directory" 

WARNING: Failed to resolve file /com/google/common/util/concurrent/SimpleTimeLimiter$1.class with "No such file or directory" 

WARNING: Failed to resolve file /net/bytebuddy/ByteBuddy$RecordConstructorStrategy.class with "No such file or directory" 

WARNING: Failed to resolve file /net/bytebuddy/agent/builder/AgentBuilder$Default$NativeMethodStrategy$ForPrefix.class with "No such file or directory" 

WARNING: Failed to resolve file /net/bytebuddy/agent/builder/AgentBuilder$InstallationListener$Compound.class with "No such file or directory" 

WARNING: Failed to resolve file /net/bytebuddy/agent/builder/AgentBuilder$PoolStrategy$Default.class with "No such file or directory" 

WARNING: Failed to resolve file /net/bytebuddy/agent/builder/AgentBuilder$RedefinitionStrategy$Listener$Adapter.class with "No such file or directory" 

WARNING: Failed to resolve file /net/bytebuddy/agent/builder/package-info.class with "No such file or directory" 

WARNING: Failed to resolve file /net/bytebuddy/asm/Advice$AssignReturned$ToReturned$Handler.class with "No such file or directory" 

WARNING: Failed to resolve file /net/bytebuddy/asm/Advice$Dispatcher$Resolved$AbstractBase.class with "No such file or directory" 

WARNING: Failed to resolve file /net/bytebuddy/asm/Advice$OffsetMapping$ForInstrumentedMethod$2.class with "No such file or directory" 

WARNING: Failed to resolve file /net/bytebuddy/asm/Advice$OffsetMapping.class with "No such file or directory" 

WARNING: Failed to resolve file /net/bytebuddy/asm/ClassVisitorFactory$FrameTranslator.class with "No such file or directory" 

WARNING: Failed to resolve file /net/bytebuddy/asm/MemberSubstitution$TypePoolResolver$OfImplicitPool.class with "No such file or directory" 

WARNING: Failed to resolve file /net/bytebuddy/build/EntryPoint$Default.class with "No such file or directory" 

WARNING: Failed to resolve file /net/bytebuddy/build/Plugin$Engine$Listener$StreamWriting.class with "No such file or directory" 

WARNING: Failed to resolve file /net/bytebuddy/build/Plugin$Factory$UsingReflection$Instantiator$Unresolved.class with "No such file or directory" 

WARNING: Failed to resolve file /net/bytebuddy/description/annotation/AnnotationDescription.class with "No such file or directory" 

WARNING: Failed to resolve file /net/bytebuddy/description/annotation/AnnotationValue$Loaded$AbstractBase$ForUnresolvedProperty.class with "No such file or directory" 

WARNING: Failed to resolve file /net/bytebuddy/description/method/MethodList$Explicit.class with "No such file or directory" 

WARNING: Failed to resolve file /net/bytebuddy/description/modifier/SynchronizationState.class with "No such file or directory" 

WARNING: Failed to resolve file /net/bytebuddy/description/type/TypeDescription$Generic$AnnotationReader$Delegator$ForLoadedTypeVariable.class with "No such file or directory" 

WARNING: Failed to resolve file /net/bytebuddy/description/type/TypeDescription$Generic$OfParameterizedType$Latent.class with "No such file or directory" 

WARNING: Failed to resolve file /net/bytebuddy/description/type/TypeDescription$Latent.class with "No such file or directory" 

WARNING: Failed to resolve file /net/bytebuddy/dynamic/ClassFileLocator$ForModuleFile.class with "No such file or directory" 

WARNING: Failed to resolve file /net/bytebuddy/dynamic/DynamicType$Builder$MethodDefinition$ParameterDefinition$Simple$Annotatable$AbstractBase.class with "No such file or directory" 

WARNING: Failed to resolve file /net/bytebuddy/dynamic/VisibilityBridgeStrategy$Default$2.class with "No such file or directory" 

WARNING: Failed to resolve file /net/bytebuddy/dynamic/loading/ClassInjector$UsingReflection$Dispatcher$Initializable.class with "No such file or directory" 

WARNING: Failed to resolve file /net/bytebuddy/dynamic/loading/PackageDefinitionStrategy$ManifestReading.class with "No such file or directory" 

WARNING: Failed to resolve file /net/bytebuddy/dynamic/scaffold/MethodGraph$Compiler$Default$Key$Store$Entry$Initial.class with "No such file or directory" 

WARNING: Failed to resolve file /net/bytebuddy/dynamic/scaffold/TypeWriter$Default$ClassDumpAction$Dispatcher$Enabled.class with "No such file or directory" 

WARNING: Failed to resolve file /net/bytebuddy/dynamic/scaffold/TypeWriter$MethodPool$Record$AccessBridgeWrapper.class with "No such file or directory" 

WARNING: Failed to resolve file /net/bytebuddy/dynamic/scaffold/subclass/SubclassImplementationTarget$OriginTypeResolver$1.class with "No such file or directory" 

WARNING: Failed to resolve file /net/bytebuddy/implementation/FieldAccessor$FieldLocation.class with "No such file or directory" 

WARNING: Failed to resolve file /net/bytebuddy/implementation/HashCodeMethod$ValueTransformer$7.class with "No such file or directory" 

WARNING: Failed to resolve file /net/bytebuddy/implementation/InvocationHandlerAdapter.class with "No such file or directory" 

WARNING: Failed to resolve file /net/bytebuddy/implementation/InvokeDynamic$WithImplicitArguments.class with "No such file or directory" 

WARNING: Failed to resolve file /net/bytebuddy/implementation/MethodCall$MethodInvoker.class with "No such file or directory" 

WARNING: Failed to resolve file /net/bytebuddy/implementation/MethodDelegation.class with "No such file or directory" 

WARNING: Failed to resolve file /net/bytebuddy/implementation/attribute/AnnotationValueFilter$Factory.class with "No such file or directory" 

WARNING: Failed to resolve file /net/bytebuddy/implementation/auxiliary/TypeProxy$1.class with "No such file or directory" 

WARNING: Failed to resolve file /net/bytebuddy/implementation/bind/annotation/AllArguments.class with "No such file or directory" 

WARNING: Failed to resolve file /net/bytebuddy/implementation/bind/annotation/Morph$Binder$RedirectionProxy$InstanceFieldConstructor$Appender.class with "No such file or directory" 

WARNING: Failed to resolve file /net/bytebuddy/implementation/bytecode/ByteCodeAppender$Compound.class with "No such file or directory" 

WARNING: Failed to resolve file /net/bytebuddy/implementation/bytecode/assign/reference/GenericTypeAwareAssigner$IsAssignableToVisitor$OfGenericArray.class with "No such file or directory" 

WARNING: Failed to resolve file /net/bytebuddy/implementation/bytecode/member/FieldAccess$AccessDispatcher$FieldPutInstruction.class with "No such file or directory" 

WARNING: Failed to resolve file /net/bytebuddy/jar/asm/RecordComponentWriter.class with "No such file or directory" 

WARNING: Failed to resolve file /net/bytebuddy/matcher/FilterableList.class with "No such file or directory" 

WARNING: Failed to resolve file /net/bytebuddy/matcher/TypeSortMatcher.class with "No such file or directory" 

WARNING: Failed to resolve file /net/bytebuddy/pool/TypePool$Default$LazyTypeDescription$AnnotationToken.class with "No such file or directory" 

WARNING: Failed to resolve file /net/bytebuddy/pool/TypePool$Default$LazyTypeDescription$LazyMethodDescription$LazyParameterizedReceiverType$TypeArgumentList$AnnotatedTypeVariable.class with "No such file or directory" 

WARNING: Failed to resolve file /net/bytebuddy/utility/FileSystem$ForNio2CapableVm$StandardCopyOption.class with "No such file or directory" 

WARNING: Failed to resolve file /net/bytebuddy/utility/dispatcher/JavaDispatcher$Dispatcher.class with "No such file or directory" 

WARNING: Failed to resolve file /org/apache/lucene/analysis/CharArrayMap.class with "No such file or directory" 

WARNING: Failed to resolve file /org/apache/lucene/analysis/tokenattributes/TermToBytesRefAttribute.class with "No such file or directory" 

WARNING: Failed to resolve file /org/apache/lucene/codecs/KnnVectorsWriter$ByteVectorValuesSub.class with "No such file or directory" 

WARNING: Failed to resolve file /org/apache/lucene/codecs/hnsw/DefaultFlatVectorScorer$ByteScoringSupplier$1.class with "No such file or directory" 

WARNING: Failed to resolve file /org/apache/lucene/codecs/lucene90/Lucene90DocValuesProducer$17.class with "No such file or directory" 

WARNING: Failed to resolve file /org/apache/lucene/codecs/lucene90/Lucene90PointsFormat.class with "No such file or directory" 

WARNING: Failed to resolve file /org/apache/lucene/codecs/lucene912/ForUtil.class with "No such file or directory" 

WARNING: Failed to resolve file /org/apache/lucene/codecs/lucene99/Lucene99HnswVectorsWriter$2.class with "No such file or directory" 

WARNING: Failed to resolve file /org/apache/lucene/document/BinaryPoint$1.class with "No such file or directory" 

WARNING: Failed to resolve file /org/apache/lucene/document/FloatPoint$2.class with "No such file or directory" 

WARNING: Failed to resolve file /org/apache/lucene/document/LatLonPointDistanceQuery.class with "No such file or directory" 

WARNING: Failed to resolve file /org/apache/lucene/document/ShapeField$QueryRelation.class with "No such file or directory" 

WARNING: Failed to resolve file /org/apache/lucene/document/XYShapeDocValues.class with "No such file or directory" 

WARNING: Failed to resolve file /org/apache/lucene/index/BaseTermsEnum$1.class with "No such file or directory" 

WARNING: Failed to resolve file /org/apache/lucene/index/ConcurrentMergeScheduler.class with "No such file or directory" 

WARNING: Failed to resolve file /org/apache/lucene/index/ExitableDirectoryReader$ExitableFilterAtomicReader$4.class with "No such file or directory" 

WARNING: Failed to resolve file /org/apache/lucene/index/FreqProxFields$FreqProxTermsEnum$1.class with "No such file or directory" 

WARNING: Failed to resolve file /org/apache/lucene/index/IndexWriter$DocModifier.class with "No such file or directory" 

WARNING: Failed to resolve file /org/apache/lucene/index/MultiDocValues$1.class with "No such file or directory" 

WARNING: Failed to resolve file /org/apache/lucene/index/PointValues$IntersectVisitor.class with "No such file or directory" 

WARNING: Failed to resolve file /org/apache/lucene/index/SingletonSortedSetDocValues.class with "No such file or directory" 

WARNING: Failed to resolve file /org/apache/lucene/index/SortedNumericDocValuesWriter.class with "No such file or directory" 

WARNING: Failed to resolve file /org/apache/lucene/index/TermVectorsConsumerPerField$TermVectorsPostingsArray.class with "No such file or directory" 

WARNING: Failed to resolve file /org/apache/lucene/internal/hppc/IntDoubleHashMap$EntryIterator.class with "No such file or directory" 

WARNING: Failed to resolve file /org/apache/lucene/internal/hppc/LongIntHashMap$LongIntCursor.class with "No such file or directory" 

WARNING: Failed to resolve file /org/apache/lucene/search/BlockMaxConjunctionScorer$2.class with "No such file or directory" 

WARNING: Failed to resolve file /org/apache/lucene/search/ConstantScoreQuery$1$1.class with "No such file or directory" 

WARNING: Failed to resolve file /org/apache/lucene/search/DoubleValuesSource$DoubleValuesComparatorSource$1.class with "No such file or directory" 

WARNING: Failed to resolve file /org/apache/lucene/search/ImpactsDISI.class with "No such file or directory" 

WARNING: Failed to resolve file /org/apache/lucene/search/LongValuesSource$LongValuesComparatorSource.class with "No such file or directory" 

WARNING: Failed to resolve file /org/apache/lucene/search/NamedMatches$NamedQuery.class with "No such file or directory" 

WARNING: Failed to resolve file /org/apache/lucene/search/ReqOptSumScorer.class with "No such file or directory" 

WARNING: Failed to resolve file /org/apache/lucene/search/SortedNumericSortField$5.class with "No such file or directory" 

WARNING: Failed to resolve file /org/apache/lucene/search/TopDocsCollector.class with "No such file or directory" 

WARNING: Failed to resolve file /org/apache/lucene/search/comparators/NumericComparator$NumericLeafComparator.class with "No such file or directory" 

WARNING: Failed to resolve file /org/apache/lucene/search/similarities/MultiSimilarity.class with "No such file or directory" 

WARNING: Failed to resolve file /org/apache/lucene/store/IndexInput$1.class with "No such file or directory" 

WARNING: Failed to resolve file /org/apache/lucene/util/AttributeImpl.class with "No such file or directory" 

WARNING: Failed to resolve file /org/apache/lucene/util/DocIdSetBuilder$BulkAdder.class with "No such file or directory" 

WARNING: Failed to resolve file /org/apache/lucene/util/ModuleResourceLoader.class with "No such file or directory" 

WARNING: Failed to resolve file /org/apache/lucene/util/Sorter.class with "No such file or directory" 

WARNING: Failed to resolve file /org/apache/lucene/util/automaton/MinimizationOperations$IntPair.class with "No such file or directory" 

WARNING: Failed to resolve file /org/apache/lucene/util/bkd/OfflinePointWriter.class with "No such file or directory" 

WARNING: Failed to resolve file /org/apache/lucene/util/fst/Util$FSTPath.class with "No such file or directory" 

WARNING: Failed to resolve file /org/apache/lucene/util/mutable/MutableValueDate.class with "No such file or directory" 

WARNING: Failed to resolve file /org/apache/lucene/util/packed/DirectReader$DirectPackedReader32.class with "No such file or directory" 

WARNING: Failed to resolve file /org/apache/lucene/util/packed/PackedWriter.class with "No such file or directory" 

WARNING: Failed to resolve file /org/bouncycastle/asn1/ASN1ObjectDescriptor$1.class with "No such file or directory" 

WARNING: Failed to resolve file /org/bouncycastle/asn1/BEROctetStringParser.class with "No such file or directory" 

WARNING: Failed to resolve file /org/bouncycastle/asn1/LazyEncodedSequence.class with "No such file or directory" 

WARNING: Failed to resolve file /org/bouncycastle/asn1/ocsp/OCSPRequest.class with "No such file or directory" 

WARNING: Failed to resolve file /org/bouncycastle/asn1/sec/SECNamedCurves$17.class with "No such file or directory" 

WARNING: Failed to resolve file /org/bouncycastle/asn1/x500/DirectoryString.class with "No such file or directory" 

WARNING: Failed to resolve file /org/bouncycastle/asn1/x509/NameConstraints.class with "No such file or directory" 

WARNING: Failed to resolve file /org/bouncycastle/asn1/x509/sigi/NameOrPseudonym.class with "No such file or directory" 

WARNING: Failed to resolve file /org/bouncycastle/crypto/CipherKeyGenerator.class with "No such file or directory" 

WARNING: Failed to resolve file /org/bouncycastle/crypto/StagedAgreement.class with "No such file or directory" 

WARNING: Failed to resolve file /org/bouncycastle/crypto/digests/AsconXof$1.class with "No such file or directory" 

WARNING: Failed to resolve file /org/bouncycastle/crypto/digests/ShortenedDigest.class with "No such file or directory" 

WARNING: Failed to resolve file /org/bouncycastle/crypto/ec/ECDecryptor.class with "No such file or directory" 

WARNING: Failed to resolve file /org/bouncycastle/crypto/engines/GOST3412_2015Engine.class with "No such file or directory" 

WARNING: Failed to resolve file /org/bouncycastle/crypto/engines/SparkleEngine$1.class with "No such file or directory" 

WARNING: Failed to resolve file /org/bouncycastle/crypto/generators/ElGamalParametersGenerator.class with "No such file or directory" 

WARNING: Failed to resolve file /org/bouncycastle/crypto/macs/DSTU7564Mac.class with "No such file or directory" 

WARNING: Failed to resolve file /org/bouncycastle/crypto/modes/NISTCTSBlockCipher.class with "No such file or directory" 

WARNING: Failed to resolve file /org/bouncycastle/crypto/params/DHParameters.class with "No such file or directory" 

WARNING: Failed to resolve file /org/bouncycastle/crypto/params/NaccacheSternKeyGenerationParameters.class with "No such file or directory" 

WARNING: Failed to resolve file /org/bouncycastle/crypto/prng/X931SecureRandom.class with "No such file or directory" 

WARNING: Failed to resolve file /org/bouncycastle/crypto/util/DEROtherInfo$1.class with "No such file or directory" 

WARNING: Failed to resolve file /org/bouncycastle/crypto/util/SSHNamedCurves$3.class with "No such file or directory" 

WARNING: Failed to resolve file /org/bouncycastle/jcajce/BCFKSLoadStoreParameter$SignatureAlgorithm.class with "No such file or directory" 

WARNING: Failed to resolve file /org/bouncycastle/jcajce/provider/asymmetric/CompositeSignatures.class with "No such file or directory" 

WARNING: Failed to resolve file /org/bouncycastle/jcajce/provider/asymmetric/compositesignatures/KeyPairGeneratorSpi$MLDSA65_ECDSA_brainpoolP256r1_SHA512.class with "No such file or directory" 

WARNING: Failed to resolve file /org/bouncycastle/jcajce/provider/asymmetric/dh/KeyAgreementSpi$DHwithSHA384CKDF.class with "No such file or directory" 

WARNING: Failed to resolve file /org/bouncycastle/jcajce/provider/asymmetric/ec/BCECPrivateKey.class with "No such file or directory" 

WARNING: Failed to resolve file /org/bouncycastle/jcajce/provider/asymmetric/ec/KeyAgreementSpi$DHUwithSHA224KDF.class with "No such file or directory" 

WARNING: Failed to resolve file /org/bouncycastle/jcajce/provider/asymmetric/ec/KeyPairGeneratorSpi.class with "No such file or directory" 

WARNING: Failed to resolve file /org/bouncycastle/jcajce/provider/asymmetric/ecgost12/KeyAgreementSpi$ECVKO512.class with "No such file or directory" 

WARNING: Failed to resolve file /org/bouncycastle/jcajce/provider/asymmetric/edec/KeyPairGeneratorSpi$X448.class with "No such file or directory" 

WARNING: Failed to resolve file /org/bouncycastle/jcajce/provider/asymmetric/rsa/DigestSignatureSpi$SHA3_384.class with "No such file or directory" 

WARNING: Failed to resolve file /org/bouncycastle/jcajce/provider/asymmetric/rsa/PSSSignatureSpi$SHA512withRSA.class with "No such file or directory" 

WARNING: Failed to resolve file /org/bouncycastle/jcajce/provider/asymmetric/x509/X509CRLInternal.class with "No such file or directory" 

WARNING: Failed to resolve file /org/bouncycastle/jcajce/provider/digest/GOST3411$Mappings.class with "No such file or directory" 

WARNING: Failed to resolve file /org/bouncycastle/jcajce/provider/digest/RIPEMD256$HashMac.class with "No such file or directory" 

WARNING: Failed to resolve file /org/bouncycastle/jcajce/provider/digest/SHA3$Mappings.class with "No such file or directory" 

WARNING: Failed to resolve file /org/bouncycastle/jcajce/provider/digest/Skein$HMacKeyGenerator_512_384.class with "No such file or directory" 

WARNING: Failed to resolve file /org/bouncycastle/jcajce/provider/digest/Whirlpool$KeyGenerator.class with "No such file or directory" 

WARNING: Failed to resolve file /org/bouncycastle/jcajce/provider/keystore/pkcs12/PKCS12KeyStoreSpi$1.class with "No such file or directory" 

WARNING: Failed to resolve file /org/bouncycastle/jcajce/provider/symmetric/AES$PBEWithSHA256And192BitAESBC.class with "No such file or directory" 

WARNING: Failed to resolve file /org/bouncycastle/jcajce/provider/symmetric/CAST5$CBC.class with "No such file or directory" 

WARNING: Failed to resolve file /org/bouncycastle/jcajce/provider/symmetric/DES$Mappings.class with "No such file or directory" 

WARNING: Failed to resolve file /org/bouncycastle/jcajce/provider/symmetric/DSTU7624$GCM128.class with "No such file or directory" 

WARNING: Failed to resolve file /org/bouncycastle/jcajce/provider/symmetric/HC128$KeyGen.class with "No such file or directory" 

WARNING: Failed to resolve file /org/bouncycastle/jcajce/provider/symmetric/PBEPKCS12.class with "No such file or directory" 

WARNING: Failed to resolve file /org/bouncycastle/jcajce/provider/symmetric/Rijndael.class with "No such file or directory" 

WARNING: Failed to resolve file /org/bouncycastle/jcajce/provider/symmetric/Shacal2$AlgParams.class with "No such file or directory" 

WARNING: Failed to resolve file /org/bouncycastle/jcajce/provider/symmetric/Threefish.class with "No such file or directory" 

WARNING: Failed to resolve file /org/bouncycastle/jcajce/provider/symmetric/util/BaseStreamCipher.class with "No such file or directory" 

WARNING: Failed to resolve file /org/bouncycastle/jcajce/spec/SkeinParameterSpec.class with "No such file or directory" 

WARNING: Failed to resolve file /org/bouncycastle/jce/provider/AnnotatedException.class with "No such file or directory" 

WARNING: Failed to resolve file /org/bouncycastle/jce/provider/RFC3280CertPathUtilities.class with "No such file or directory" 

WARNING: Failed to resolve file /org/bouncycastle/math/ec/ECCurve$Config.class with "No such file or directory" 

WARNING: Failed to resolve file /org/bouncycastle/math/ec/custom/gm/SM2P256V1FieldElement.class with "No such file or directory" 

WARNING: Failed to resolve file /org/bouncycastle/math/ec/custom/sec/SecP384R1FieldElement.class with "No such file or directory" 

WARNING: Failed to resolve file /org/bouncycastle/math/ec/custom/sec/SecT239K1Curve.class with "No such file or directory" 

WARNING: Failed to resolve file /org/bouncycastle/math/ec/rfc8032/Ed25519$PointTemp.class with "No such file or directory" 

WARNING: Failed to resolve file /org/bouncycastle/pqc/asn1/PQCObjectIdentifiers.class with "No such file or directory" 

WARNING: Failed to resolve file /org/bouncycastle/pqc/crypto/crystals/dilithium/DilithiumKeyPairGenerator.class with "No such file or directory" 

WARNING: Failed to resolve file /org/bouncycastle/pqc/crypto/falcon/FalconSmallPrime.class with "No such file or directory" 

WARNING: Failed to resolve file /org/bouncycastle/pqc/crypto/hqc/HQCKEMExtractor.class with "No such file or directory" 

WARNING: Failed to resolve file /org/bouncycastle/pqc/crypto/newhope/NHKeyPairGenerator.class with "No such file or directory" 

WARNING: Failed to resolve file /org/bouncycastle/pqc/crypto/picnic/PicnicEngine.class with "No such file or directory" 

WARNING: Failed to resolve file /org/bouncycastle/pqc/crypto/sphincs/SPHINCS256KeyGenerationParameters.class with "No such file or directory" 

WARNING: Failed to resolve file /org/bouncycastle/pqc/crypto/util/PublicKeyFactory$LMSConverter.class with "No such file or directory" 

WARNING: Failed to resolve file /org/bouncycastle/pqc/crypto/xmss/XMSSMTPrivateKeyParameters$Builder.class with "No such file or directory" 

WARNING: Failed to resolve file /org/bouncycastle/pqc/jcajce/interfaces/NHPublicKey.class with "No such file or directory" 

WARNING: Failed to resolve file /org/bouncycastle/pqc/jcajce/provider/SPHINCS.class with "No such file or directory" 

WARNING: Failed to resolve file /org/bouncycastle/pqc/jcajce/provider/falcon/SignatureSpi$Base.class with "No such file or directory" 

WARNING: Failed to resolve file /org/bouncycastle/pqc/jcajce/provider/mceliece/BCMcEliecePrivateKey.class with "No such file or directory" 

WARNING: Failed to resolve file /org/bouncycastle/pqc/jcajce/provider/picnic/BCPicnicPublicKey.class with "No such file or directory" 

WARNING: Failed to resolve file /org/bouncycastle/pqc/jcajce/provider/sphincsplus/SPHINCSPlusKeyPairGeneratorSpi$Shake_256f.class with "No such file or directory" 

WARNING: Failed to resolve file /org/bouncycastle/pqc/jcajce/spec/KyberParameterSpec.class with "No such file or directory" 

WARNING: Failed to resolve file /org/bouncycastle/pqc/legacy/crypto/mceliece/McEliecePrivateKeyParameters.class with "No such file or directory" 

WARNING: Failed to resolve file /org/bouncycastle/pqc/legacy/math/linearalgebra/GF2Matrix.class with "No such file or directory" 

WARNING: Failed to resolve file /org/bouncycastle/pqc/math/ntru/parameters/NTRUHPS2048509.class with "No such file or directory" 

WARNING: Failed to resolve file /org/bouncycastle/util/encoders/HexTranslator.class with "No such file or directory" 

WARNING: Failed to resolve file /org/bouncycastle/x509/X509CRLStoreSelector.class with "No such file or directory" 

Found 215 (out of 11364) source files to analyze in /home/udesou/.bench-agent/git/macro-benches/vendor/.infer-capture-ocaml-5.5.1-46e1c32
Could not read file /com/google/common/collect/DenseImmutableTable.class
Could not read file /org/apache/lucene/document/ShapeDocValues.class
Could not read file /org/apache/lucene/index/MergeRateLimiter.class
*****
{
  "rusage": {
    "user_time": 435.374,
    "system_time": 32.04,
    "minor_faults": 1124927,
    "major_faults": 7,
    "voluntary_ctx_switches": 1929471,
    "involuntary_ctx_switches": 164880
  },
  "olly": {
    "version": 2,
    "wall_time": 133.15,
    "cpu_time": 926.86,
    "gc_time": 54.05,
    "gc_overhead": 5.83,
    "max_rss_kb": 4494344,
    "domain_stats": {
      "0": {
        "wall_time": 133.15,
        "gc_time": 3.33,
        "gc_overhead": 2.5
      },
      "1": {
        "wall_time": 132.57,
        "gc_time": 12.92,
        "gc_overhead": 9.74
      },
      "2": {
        "wall_time": 132.13,
        "gc_time": 6.15,
        "gc_overhead": 4.66
      },
      "3": {
        "wall_time": 132.12,
        "gc_time": 5.65,
        "gc_overhead": 4.28
      },
      "4": {
        "wall_time": 132.68,
        "gc_time": 13.99,
        "gc_overhead": 10.54
      },
      "5": {
        "wall_time": 132.11,
        "gc_time": 5.8,
        "gc_overhead": 4.39
      },
      "6": {
        "wall_time": 132.11,
        "gc_time": 6.21,
        "gc_overhead": 4.7
      }
    },
    "mean_latency": 1.291612,
    "stddev_latency": 2.203214,
    "min_latency": 0.0,
    "max_latency": 34.537471,
    "distr_latency": {
      "25.0000": 0.001599,
      "50.0000": 0.002727,
      "60.0000": 0.033023,
      "70.0000": 1.521663,
      "75.0000": 2.369535,
      "80.0000": 3.022847,
      "85.0000": 3.602431,
      "90.0000": 4.358143,
      "95.0000": 5.537791,
      "96.0000": 5.885951,
      "97.0000": 6.311935,
      "98.0000": 7.081983,
      "99.0000": 8.462335,
      "99.9000": 17.530879,
      "99.9900": 31.031295,
      "99.9990": 34.537471,
      "99.9999": 34.537471,
      "100.0000": 34.537471
    },
    "outliers": {
      "count": 0,
      "mean_latency": 0.0,
      "max_latency": 0.0
    },
    "allocations": {
      "total_heap": 79280260340,
      "minor_heap": 78761425989,
      "major_heap": 1374448650,
      "promoted_words": 855614299,
      "promoted_pct": 1.09
    },
    "domain_alloc_stats": {
      "0": {
        "total": 174556037,
        "minor": 155106153,
        "promoted": 7560358,
        "major": 27010242,
        "promoted_pct": 4.87
      },
      "1": {
        "total": 13820580118,
        "minor": 13194396727,
        "promoted": 73647896,
        "major": 699831287,
        "promoted_pct": 0.56
      },
      "2": {
        "total": 7753078497,
        "minor": 7732908154,
        "promoted": 109342004,
        "major": 129512347,
        "promoted_pct": 1.41
      },
      "3": {
        "total": 7204210720,
        "minor": 7195808215,
        "promoted": 92741015,
        "major": 101143520,
        "promoted_pct": 1.29
      },
      "4": {
        "total": 32625859163,
        "minor": 32721167967,
        "promoted": 334073687,
        "major": 238764883,
        "promoted_pct": 1.02
      },
      "5": {
        "total": 8476543535,
        "minor": 8501775438,
        "promoted": 114760406,
        "major": 89528503,
        "promoted_pct": 1.35
      },
      "6": {
        "total": 9225432270,
        "minor": 9260263335,
        "promoted": 123488933,
        "major": 88657868,
        "promoted_pct": 1.33
      }
    },
    "collections": {
      "minor": 3990,
      "major": 43,
      "forced_major": 0,
      "compactions": 0
    },
    "stats_reliable": true
  },
  "counter_backend": "linux-perf",
  "perf": [
    {
      "counter-value": "466219.696506",
      "unit": "msec",
      "event": "task-clock",
      "event-runtime": 466219696506,
      "pcnt-running": 100.0,
      "metric-value": "3.475777",
      "metric-unit": "CPUs utilized"
    },
    {
      "counter-value": "1123837.000000",
      "unit": "",
      "event": "page-faults",
      "event-runtime": 466219696506,
      "pcnt-running": 100.0,
      "metric-value": "2.410531",
      "metric-unit": "K/sec"
    },
    {
      "counter-value": "1524986910936.000000",
      "unit": "",
      "event": "cycles",
      "event-runtime": 466219696506,
      "pcnt-running": 100.0,
      "metric-value": "3.270962",
      "metric-unit": "GHz"
    },
    {
      "counter-value": "1848284968578.000000",
      "unit": "",
      "event": "instructions",
      "event-runtime": 466219696506,
      "pcnt-running": 100.0,
      "metric-value": "1.212001",
      "metric-unit": "insn per cycle"
    }
  ]
}
-----
mkdir -p PLOTTY_WORKAROUND; timedrun; OCAMLRUNPARAM="e=18,d=128" taskset -c "4,6,8,10,12,14" /home/udesou/.bench-agent/git/macro-benches/benchmarks/infer/infer_default-ocaml-5.5.1-46e1c32
running-ng v0.3.8
Sun Sep 13 01:14:59 PM UTC 2026

 13:14:59 up 6 days, 13:08,  2 users,  load average: 2.72, 2.87, 2.06
USER     TTY      FROM             LOGIN@   IDLE   JCPU   PCPU  WHAT

procs -----------memory---------- ---swap-- -----io---- -system-- -------cpu-------
 r  b   swpd   free   buff  cache   si   so    bi    bo   in   cs us sy id wa st gu
 0  1    512 5830956 4619316 53005348    0    0    39  1117 2334    6 10  1 80  9  0  0
 0  1    512 5831004 4619316 53004848    0    0     0     0 1690 2812  0  0 88 12  0  0

top - 13:15:00 up 6 days, 13:08,  2 users,  load average: 2.50, 2.82, 2.05
Tasks: 279 total,   1 running, 278 sleeping,   0 stopped,   0 zombie
%Cpu(s):  0.0 us,  0.0 sy,  0.0 ni, 88.1 id, 11.9 wa,  0.0 hi,  0.0 si,  0.0 st 
MiB Mem :  64272.5 total,   5694.3 free,   3029.0 used,  56273.6 buff/cache     
MiB Swap:   8192.0 total,   8191.5 free,      0.5 used.  61243.4 avail Mem 

    PID USER      PR  NI    VIRT    RES    SHR S  %CPU  %MEM     TIME+ COMMAND
     51 root      20   0       0      0      0 I   9.1   0.0  45:51.65 [rcuog/8]
 943967 udesou    20   0   11912   5732   3580 R   9.1   0.0   0:00.01 top -bcn 1 -w512
      1 root      20   0   22936  14244   9608 S   0.0   0.0   4:04.62 /usr/lib/systemd/systemd --system --deserialize=173
      2 root      20   0       0      0      0 S   0.0   0.0   0:00.07 [kthreadd]
      3 root      20   0       0      0      0 S   0.0   0.0   0:00.00 [pool_workqueue_release]

Environment variables: 
	CONFIG_FILE=/home/udesou/.bench-agent/work/run-20260913-001-e1/run-20260913-001.yml
	HOME=/home/udesou
	LANG=en_US.UTF-8
	LOGNAME=udesou
	LOG_DIR=/home/udesou/.bench-agent/logs
	OLLY_DIR=/home/udesou/.bench-agent/git/olly
	PATH=/usr/local/bin:/home/udesou/.bench-agent/git/olly/_build/install/default/bin:/home/udesou/.opam/running-ng-tools/bin:/home/udesou/.vscode-server/data/User/globalStorage/github.copilot-chat/debugCommand:/home/udesou/.vscode-server/data/User/globalStorage/github.copilot-chat/copilotCli:/home/udesou/.vscode-server/cli/servers/Stable-08d4889f9ec4a1685d257b9b95de036c8e1ce1e5/server/bin/remote-cli:/home/udesou/.opam/running-ng-ocaml-5.5.0-f523850-fp-flambda/bin:/home/udesou/.local/bin:/home/udesou/.opam/running-ng-ocaml-5.5.0-f523850-fp-flambda/bin:/home/udesou/.local/bin:/usr/local/sbin:/usr/local/bin:/usr/sbin:/usr/bin:/sbin:/bin:/usr/games:/usr/local/games:/snap/bin
	PWD=/home/udesou/ocaml-bench-service
	PYTHONPATH=/home/udesou/.bench-agent/git/running-ng/src
	RUNNING_BENCH_DIR=/home/udesou/.bench-agent/git/macro-benches
	RUNNING_MACRO_BENCH_DIR=/home/udesou/.bench-agent/git/macro-benches
	RUNNING_NG_PACKAGE_DATA=/home/udesou/.bench-agent/git/running-ng/src/running/config
	RUNNING_REUSE_SWITCHES=1
	RUNNING_TAG=default_run,large_run
	SHELL=/bin/bash
	SHLVL=1
	TERM=screen.xterm-256color
	USER=udesou
	_=/usr/bin/python3
OS: Linux obelisk 6.8.0-139-generic #139-Ubuntu SMP PREEMPT_DYNAMIC Sat Aug  1 03:52:05 UTC 2026 x86_64 x86_64 x86_64 GNU/Linux
CPU: Intel(R) Xeon(R) CPU E5-2667 v2 @ 3.30GHz
number of cores: 8
Frequency of cpu 0: 3.30 GHz
Governor of cpu 0: performance
Scaling_min_freq of cpu 0: 1.20 GHz
Frequency of cpu 2: 3.30 GHz
Governor of cpu 2: performance
Scaling_min_freq of cpu 2: 1.20 GHz
Frequency of cpu 4: 3.30 GHz
Governor of cpu 4: performance
Scaling_min_freq of cpu 4: 1.20 GHz
Frequency of cpu 6: 3.30 GHz
Governor of cpu 6: performance
Scaling_min_freq of cpu 6: 1.20 GHz
WARNING: Failed to resolve file /com/google/common/annotations/Beta.class with "No such file or directory" 

WARNING: Failed to resolve file /com/google/common/base/Converter$IdentityConverter.class with "No such file or directory" 

WARNING: Failed to resolve file /com/google/common/base/Platform.class with "No such file or directory" 

WARNING: Failed to resolve file /com/google/common/base/Utf8.class with "No such file or directory" 

WARNING: Failed to resolve file /com/google/common/cache/LocalCache$EntryFactory$2.class with "No such file or directory" 

WARNING: Failed to resolve file /com/google/common/cache/LongAddables.class with "No such file or directory" 

WARNING: Failed to resolve file /com/google/common/collect/AbstractMapBasedMultiset$2$1.class with "No such file or directory" 

WARNING: Failed to resolve file /com/google/common/collect/CollectSpliterators.class with "No such file or directory" 

WARNING: Failed to resolve file /com/google/common/collect/DenseImmutableTable.class with "No such file or directory" 

WARNING: Failed to resolve file /com/google/common/collect/ForwardingConcurrentMap.class with "No such file or directory" 

WARNING: Failed to resolve file /com/google/common/collect/HashMultimap.class with "No such file or directory" 

WARNING: Failed to resolve file /com/google/common/collect/ImmutableMultimap$Builder.class with "No such file or directory" 

WARNING: Failed to resolve file /com/google/common/collect/ImmutableSortedSet$1.class with "No such file or directory" 

WARNING: Failed to resolve file /com/google/common/collect/JdkBackedImmutableMap.class with "No such file or directory" 

WARNING: Failed to resolve file /com/google/common/collect/MapMakerInternalMap$EntrySet.class with "No such file or directory" 

WARNING: Failed to resolve file /com/google/common/collect/Maps$AsMapView$1EntrySetImpl.class with "No such file or directory" 

WARNING: Failed to resolve file /com/google/common/collect/MultimapBuilder$2.class with "No such file or directory" 

WARNING: Failed to resolve file /com/google/common/collect/Multisets$4.class with "No such file or directory" 

WARNING: Failed to resolve file /com/google/common/collect/RegularImmutableMap$Values.class with "No such file or directory" 

WARNING: Failed to resolve file /com/google/common/collect/SortedLists$KeyAbsentBehavior$2.class with "No such file or directory" 

WARNING: Failed to resolve file /com/google/common/collect/Streams$DoubleFunctionWithIndex.class with "No such file or directory" 

WARNING: Failed to resolve file /com/google/common/collect/TransformedListIterator.class with "No such file or directory" 

WARNING: Failed to resolve file /com/google/common/collect/TreeTraverser.class with "No such file or directory" 

WARNING: Failed to resolve file /com/google/common/graph/AbstractBaseGraph$1.class with "No such file or directory" 

WARNING: Failed to resolve file /com/google/common/graph/GraphBuilder.class with "No such file or directory" 

WARNING: Failed to resolve file /com/google/common/graph/ValueGraph.class with "No such file or directory" 

WARNING: Failed to resolve file /com/google/common/hash/Hashing.class with "No such file or directory" 

WARNING: Failed to resolve file /com/google/common/io/BaseEncoding.class with "No such file or directory" 

WARNING: Failed to resolve file /com/google/common/io/LineProcessor.class with "No such file or directory" 

WARNING: Failed to resolve file /com/google/common/net/HttpHeaders.class with "No such file or directory" 

WARNING: Failed to resolve file /com/google/common/primitives/Shorts$ShortConverter.class with "No such file or directory" 

WARNING: Failed to resolve file /com/google/common/reflect/TypeToken$Bounds.class with "No such file or directory" 

WARNING: Failed to resolve file /com/google/common/util/concurrent/AbstractFuture$Listener.class with "No such file or directory" 

WARNING: Failed to resolve file /com/google/common/util/concurrent/AggregateFutureState.class with "No such file or directory" 

WARNING: Failed to resolve file /com/google/common/util/concurrent/ForwardingCheckedFuture$SimpleForwardingCheckedFuture.class with "No such file or directory" 

WARNING: Failed to resolve file /com/google/common/util/concurrent/Monitor$Guard.class with "No such file or directory" 

WARNING: Failed to resolve file /com/google/common/util/concurrent/SimpleTimeLimiter$1.class with "No such file or directory" 

WARNING: Failed to resolve file /net/bytebuddy/ByteBuddy$RecordConstructorStrategy.class with "No such file or directory" 

WARNING: Failed to resolve file /net/bytebuddy/agent/builder/AgentBuilder$Default$NativeMethodStrategy$ForPrefix.class with "No such file or directory" 

WARNING: Failed to resolve file /net/bytebuddy/agent/builder/AgentBuilder$InstallationListener$Compound.class with "No such file or directory" 

WARNING: Failed to resolve file /net/bytebuddy/agent/builder/AgentBuilder$PoolStrategy$Default.class with "No such file or directory" 

WARNING: Failed to resolve file /net/bytebuddy/agent/builder/AgentBuilder$RedefinitionStrategy$Listener$Adapter.class with "No such file or directory" 

WARNING: Failed to resolve file /net/bytebuddy/agent/builder/package-info.class with "No such file or directory" 

WARNING: Failed to resolve file /net/bytebuddy/asm/Advice$AssignReturned$ToReturned$Handler.class with "No such file or directory" 

WARNING: Failed to resolve file /net/bytebuddy/asm/Advice$Dispatcher$Resolved$AbstractBase.class with "No such file or directory" 

WARNING: Failed to resolve file /net/bytebuddy/asm/Advice$OffsetMapping$ForInstrumentedMethod$2.class with "No such file or directory" 

WARNING: Failed to resolve file /net/bytebuddy/asm/Advice$OffsetMapping.class with "No such file or directory" 

WARNING: Failed to resolve file /net/bytebuddy/asm/ClassVisitorFactory$FrameTranslator.class with "No such file or directory" 

WARNING: Failed to resolve file /net/bytebuddy/asm/MemberSubstitution$TypePoolResolver$OfImplicitPool.class with "No such file or directory" 

WARNING: Failed to resolve file /net/bytebuddy/build/EntryPoint$Default.class with "No such file or directory" 

WARNING: Failed to resolve file /net/bytebuddy/build/Plugin$Engine$Listener$StreamWriting.class with "No such file or directory" 

WARNING: Failed to resolve file /net/bytebuddy/build/Plugin$Factory$UsingReflection$Instantiator$Unresolved.class with "No such file or directory" 

WARNING: Failed to resolve file /net/bytebuddy/description/annotation/AnnotationDescription.class with "No such file or directory" 

WARNING: Failed to resolve file /net/bytebuddy/description/annotation/AnnotationValue$Loaded$AbstractBase$ForUnresolvedProperty.class with "No such file or directory" 

WARNING: Failed to resolve file /net/bytebuddy/description/method/MethodList$Explicit.class with "No such file or directory" 

WARNING: Failed to resolve file /net/bytebuddy/description/modifier/SynchronizationState.class with "No such file or directory" 

WARNING: Failed to resolve file /net/bytebuddy/description/type/TypeDescription$Generic$AnnotationReader$Delegator$ForLoadedTypeVariable.class with "No such file or directory" 

WARNING: Failed to resolve file /net/bytebuddy/description/type/TypeDescription$Generic$OfParameterizedType$Latent.class with "No such file or directory" 

WARNING: Failed to resolve file /net/bytebuddy/description/type/TypeDescription$Latent.class with "No such file or directory" 

WARNING: Failed to resolve file /net/bytebuddy/dynamic/ClassFileLocator$ForModuleFile.class with "No such file or directory" 

WARNING: Failed to resolve file /net/bytebuddy/dynamic/DynamicType$Builder$MethodDefinition$ParameterDefinition$Simple$Annotatable$AbstractBase.class with "No such file or directory" 

WARNING: Failed to resolve file /net/bytebuddy/dynamic/VisibilityBridgeStrategy$Default$2.class with "No such file or directory" 

WARNING: Failed to resolve file /net/bytebuddy/dynamic/loading/ClassInjector$UsingReflection$Dispatcher$Initializable.class with "No such file or directory" 

WARNING: Failed to resolve file /net/bytebuddy/dynamic/loading/PackageDefinitionStrategy$ManifestReading.class with "No such file or directory" 

WARNING: Failed to resolve file /net/bytebuddy/dynamic/scaffold/MethodGraph$Compiler$Default$Key$Store$Entry$Initial.class with "No such file or directory" 

WARNING: Failed to resolve file /net/bytebuddy/dynamic/scaffold/TypeWriter$Default$ClassDumpAction$Dispatcher$Enabled.class with "No such file or directory" 

WARNING: Failed to resolve file /net/bytebuddy/dynamic/scaffold/TypeWriter$MethodPool$Record$AccessBridgeWrapper.class with "No such file or directory" 

WARNING: Failed to resolve file /net/bytebuddy/dynamic/scaffold/subclass/SubclassImplementationTarget$OriginTypeResolver$1.class with "No such file or directory" 

WARNING: Failed to resolve file /net/bytebuddy/implementation/FieldAccessor$FieldLocation.class with "No such file or directory" 

WARNING: Failed to resolve file /net/bytebuddy/implementation/HashCodeMethod$ValueTransformer$7.class with "No such file or directory" 

WARNING: Failed to resolve file /net/bytebuddy/implementation/InvocationHandlerAdapter.class with "No such file or directory" 

WARNING: Failed to resolve file /net/bytebuddy/implementation/InvokeDynamic$WithImplicitArguments.class with "No such file or directory" 

WARNING: Failed to resolve file /net/bytebuddy/implementation/MethodCall$MethodInvoker.class with "No such file or directory" 

WARNING: Failed to resolve file /net/bytebuddy/implementation/MethodDelegation.class with "No such file or directory" 

WARNING: Failed to resolve file /net/bytebuddy/implementation/attribute/AnnotationValueFilter$Factory.class with "No such file or directory" 

WARNING: Failed to resolve file /net/bytebuddy/implementation/auxiliary/TypeProxy$1.class with "No such file or directory" 

WARNING: Failed to resolve file /net/bytebuddy/implementation/bind/annotation/AllArguments.class with "No such file or directory" 

WARNING: Failed to resolve file /net/bytebuddy/implementation/bind/annotation/Morph$Binder$RedirectionProxy$InstanceFieldConstructor$Appender.class with "No such file or directory" 

WARNING: Failed to resolve file /net/bytebuddy/implementation/bytecode/ByteCodeAppender$Compound.class with "No such file or directory" 

WARNING: Failed to resolve file /net/bytebuddy/implementation/bytecode/assign/reference/GenericTypeAwareAssigner$IsAssignableToVisitor$OfGenericArray.class with "No such file or directory" 

WARNING: Failed to resolve file /net/bytebuddy/implementation/bytecode/member/FieldAccess$AccessDispatcher$FieldPutInstruction.class with "No such file or directory" 

WARNING: Failed to resolve file /net/bytebuddy/jar/asm/RecordComponentWriter.class with "No such file or directory" 

WARNING: Failed to resolve file /net/bytebuddy/matcher/FilterableList.class with "No such file or directory" 

WARNING: Failed to resolve file /net/bytebuddy/matcher/TypeSortMatcher.class with "No such file or directory" 

WARNING: Failed to resolve file /net/bytebuddy/pool/TypePool$Default$LazyTypeDescription$AnnotationToken.class with "No such file or directory" 

WARNING: Failed to resolve file /net/bytebuddy/pool/TypePool$Default$LazyTypeDescription$LazyMethodDescription$LazyParameterizedReceiverType$TypeArgumentList$AnnotatedTypeVariable.class with "No such file or directory" 

WARNING: Failed to resolve file /net/bytebuddy/utility/FileSystem$ForNio2CapableVm$StandardCopyOption.class with "No such file or directory" 

WARNING: Failed to resolve file /net/bytebuddy/utility/dispatcher/JavaDispatcher$Dispatcher.class with "No such file or directory" 

WARNING: Failed to resolve file /org/apache/lucene/analysis/CharArrayMap.class with "No such file or directory" 

WARNING: Failed to resolve file /org/apache/lucene/analysis/tokenattributes/TermToBytesRefAttribute.class with "No such file or directory" 

WARNING: Failed to resolve file /org/apache/lucene/codecs/KnnVectorsWriter$ByteVectorValuesSub.class with "No such file or directory" 

WARNING: Failed to resolve file /org/apache/lucene/codecs/hnsw/DefaultFlatVectorScorer$ByteScoringSupplier$1.class with "No such file or directory" 

WARNING: Failed to resolve file /org/apache/lucene/codecs/lucene90/Lucene90DocValuesProducer$17.class with "No such file or directory" 

WARNING: Failed to resolve file /org/apache/lucene/codecs/lucene90/Lucene90PointsFormat.class with "No such file or directory" 

WARNING: Failed to resolve file /org/apache/lucene/codecs/lucene912/ForUtil.class with "No such file or directory" 

WARNING: Failed to resolve file /org/apache/lucene/codecs/lucene99/Lucene99HnswVectorsWriter$2.class with "No such file or directory" 

WARNING: Failed to resolve file /org/apache/lucene/document/BinaryPoint$1.class with "No such file or directory" 

WARNING: Failed to resolve file /org/apache/lucene/document/FloatPoint$2.class with "No such file or directory" 

WARNING: Failed to resolve file /org/apache/lucene/document/LatLonPointDistanceQuery.class with "No such file or directory" 

WARNING: Failed to resolve file /org/apache/lucene/document/ShapeField$QueryRelation.class with "No such file or directory" 

WARNING: Failed to resolve file /org/apache/lucene/document/XYShapeDocValues.class with "No such file or directory" 

WARNING: Failed to resolve file /org/apache/lucene/index/BaseTermsEnum$1.class with "No such file or directory" 

WARNING: Failed to resolve file /org/apache/lucene/index/ConcurrentMergeScheduler.class with "No such file or directory" 

WARNING: Failed to resolve file /org/apache/lucene/index/ExitableDirectoryReader$ExitableFilterAtomicReader$4.class with "No such file or directory" 

WARNING: Failed to resolve file /org/apache/lucene/index/FreqProxFields$FreqProxTermsEnum$1.class with "No such file or directory" 

WARNING: Failed to resolve file /org/apache/lucene/index/IndexWriter$DocModifier.class with "No such file or directory" 

WARNING: Failed to resolve file /org/apache/lucene/index/MultiDocValues$1.class with "No such file or directory" 

WARNING: Failed to resolve file /org/apache/lucene/index/PointValues$IntersectVisitor.class with "No such file or directory" 

WARNING: Failed to resolve file /org/apache/lucene/index/SingletonSortedSetDocValues.class with "No such file or directory" 

WARNING: Failed to resolve file /org/apache/lucene/index/SortedNumericDocValuesWriter.class with "No such file or directory" 

WARNING: Failed to resolve file /org/apache/lucene/index/TermVectorsConsumerPerField$TermVectorsPostingsArray.class with "No such file or directory" 

WARNING: Failed to resolve file /org/apache/lucene/internal/hppc/IntDoubleHashMap$EntryIterator.class with "No such file or directory" 

WARNING: Failed to resolve file /org/apache/lucene/internal/hppc/LongIntHashMap$LongIntCursor.class with "No such file or directory" 

WARNING: Failed to resolve file /org/apache/lucene/search/BlockMaxConjunctionScorer$2.class with "No such file or directory" 

WARNING: Failed to resolve file /org/apache/lucene/search/ConstantScoreQuery$1$1.class with "No such file or directory" 

WARNING: Failed to resolve file /org/apache/lucene/search/DoubleValuesSource$DoubleValuesComparatorSource$1.class with "No such file or directory" 

WARNING: Failed to resolve file /org/apache/lucene/search/ImpactsDISI.class with "No such file or directory" 

WARNING: Failed to resolve file /org/apache/lucene/search/LongValuesSource$LongValuesComparatorSource.class with "No such file or directory" 

WARNING: Failed to resolve file /org/apache/lucene/search/NamedMatches$NamedQuery.class with "No such file or directory" 

WARNING: Failed to resolve file /org/apache/lucene/search/ReqOptSumScorer.class with "No such file or directory" 

WARNING: Failed to resolve file /org/apache/lucene/search/SortedNumericSortField$5.class with "No such file or directory" 

WARNING: Failed to resolve file /org/apache/lucene/search/TopDocsCollector.class with "No such file or directory" 

WARNING: Failed to resolve file /org/apache/lucene/search/comparators/NumericComparator$NumericLeafComparator.class with "No such file or directory" 

WARNING: Failed to resolve file /org/apache/lucene/search/similarities/MultiSimilarity.class with "No such file or directory" 

WARNING: Failed to resolve file /org/apache/lucene/store/IndexInput$1.class with "No such file or directory" 

WARNING: Failed to resolve file /org/apache/lucene/util/AttributeImpl.class with "No such file or directory" 

WARNING: Failed to resolve file /org/apache/lucene/util/DocIdSetBuilder$BulkAdder.class with "No such file or directory" 

WARNING: Failed to resolve file /org/apache/lucene/util/ModuleResourceLoader.class with "No such file or directory" 

WARNING: Failed to resolve file /org/apache/lucene/util/Sorter.class with "No such file or directory" 

WARNING: Failed to resolve file /org/apache/lucene/util/automaton/MinimizationOperations$IntPair.class with "No such file or directory" 

WARNING: Failed to resolve file /org/apache/lucene/util/bkd/OfflinePointWriter.class with "No such file or directory" 

WARNING: Failed to resolve file /org/apache/lucene/util/fst/Util$FSTPath.class with "No such file or directory" 

WARNING: Failed to resolve file /org/apache/lucene/util/mutable/MutableValueDate.class with "No such file or directory" 

WARNING: Failed to resolve file /org/apache/lucene/util/packed/DirectReader$DirectPackedReader32.class with "No such file or directory" 

WARNING: Failed to resolve file /org/apache/lucene/util/packed/PackedWriter.class with "No such file or directory" 

WARNING: Failed to resolve file /org/bouncycastle/asn1/ASN1ObjectDescriptor$1.class with "No such file or directory" 

WARNING: Failed to resolve file /org/bouncycastle/asn1/BEROctetStringParser.class with "No such file or directory" 

WARNING: Failed to resolve file /org/bouncycastle/asn1/LazyEncodedSequence.class with "No such file or directory" 

WARNING: Failed to resolve file /org/bouncycastle/asn1/ocsp/OCSPRequest.class with "No such file or directory" 

WARNING: Failed to resolve file /org/bouncycastle/asn1/sec/SECNamedCurves$17.class with "No such file or directory" 

WARNING: Failed to resolve file /org/bouncycastle/asn1/x500/DirectoryString.class with "No such file or directory" 

WARNING: Failed to resolve file /org/bouncycastle/asn1/x509/NameConstraints.class with "No such file or directory" 

WARNING: Failed to resolve file /org/bouncycastle/asn1/x509/sigi/NameOrPseudonym.class with "No such file or directory" 

WARNING: Failed to resolve file /org/bouncycastle/crypto/CipherKeyGenerator.class with "No such file or directory" 

WARNING: Failed to resolve file /org/bouncycastle/crypto/StagedAgreement.class with "No such file or directory" 

WARNING: Failed to resolve file /org/bouncycastle/crypto/digests/AsconXof$1.class with "No such file or directory" 

WARNING: Failed to resolve file /org/bouncycastle/crypto/digests/ShortenedDigest.class with "No such file or directory" 

WARNING: Failed to resolve file /org/bouncycastle/crypto/ec/ECDecryptor.class with "No such file or directory" 

WARNING: Failed to resolve file /org/bouncycastle/crypto/engines/GOST3412_2015Engine.class with "No such file or directory" 

WARNING: Failed to resolve file /org/bouncycastle/crypto/engines/SparkleEngine$1.class with "No such file or directory" 

WARNING: Failed to resolve file /org/bouncycastle/crypto/generators/ElGamalParametersGenerator.class with "No such file or directory" 

WARNING: Failed to resolve file /org/bouncycastle/crypto/macs/DSTU7564Mac.class with "No such file or directory" 

WARNING: Failed to resolve file /org/bouncycastle/crypto/modes/NISTCTSBlockCipher.class with "No such file or directory" 

WARNING: Failed to resolve file /org/bouncycastle/crypto/params/DHParameters.class with "No such file or directory" 

WARNING: Failed to resolve file /org/bouncycastle/crypto/params/NaccacheSternKeyGenerationParameters.class with "No such file or directory" 

WARNING: Failed to resolve file /org/bouncycastle/crypto/prng/X931SecureRandom.class with "No such file or directory" 

WARNING: Failed to resolve file /org/bouncycastle/crypto/util/DEROtherInfo$1.class with "No such file or directory" 

WARNING: Failed to resolve file /org/bouncycastle/crypto/util/SSHNamedCurves$3.class with "No such file or directory" 

WARNING: Failed to resolve file /org/bouncycastle/jcajce/BCFKSLoadStoreParameter$SignatureAlgorithm.class with "No such file or directory" 

WARNING: Failed to resolve file /org/bouncycastle/jcajce/provider/asymmetric/CompositeSignatures.class with "No such file or directory" 

WARNING: Failed to resolve file /org/bouncycastle/jcajce/provider/asymmetric/compositesignatures/KeyPairGeneratorSpi$MLDSA65_ECDSA_brainpoolP256r1_SHA512.class with "No such file or directory" 

WARNING: Failed to resolve file /org/bouncycastle/jcajce/provider/asymmetric/dh/KeyAgreementSpi$DHwithSHA384CKDF.class with "No such file or directory" 

WARNING: Failed to resolve file /org/bouncycastle/jcajce/provider/asymmetric/ec/BCECPrivateKey.class with "No such file or directory" 

WARNING: Failed to resolve file /org/bouncycastle/jcajce/provider/asymmetric/ec/KeyAgreementSpi$DHUwithSHA224KDF.class with "No such file or directory" 

WARNING: Failed to resolve file /org/bouncycastle/jcajce/provider/asymmetric/ec/KeyPairGeneratorSpi.class with "No such file or directory" 

WARNING: Failed to resolve file /org/bouncycastle/jcajce/provider/asymmetric/ecgost12/KeyAgreementSpi$ECVKO512.class with "No such file or directory" 

WARNING: Failed to resolve file /org/bouncycastle/jcajce/provider/asymmetric/edec/KeyPairGeneratorSpi$X448.class with "No such file or directory" 

WARNING: Failed to resolve file /org/bouncycastle/jcajce/provider/asymmetric/rsa/DigestSignatureSpi$SHA3_384.class with "No such file or directory" 

WARNING: Failed to resolve file /org/bouncycastle/jcajce/provider/asymmetric/rsa/PSSSignatureSpi$SHA512withRSA.class with "No such file or directory" 

WARNING: Failed to resolve file /org/bouncycastle/jcajce/provider/asymmetric/x509/X509CRLInternal.class with "No such file or directory" 

WARNING: Failed to resolve file /org/bouncycastle/jcajce/provider/digest/GOST3411$Mappings.class with "No such file or directory" 

WARNING: Failed to resolve file /org/bouncycastle/jcajce/provider/digest/RIPEMD256$HashMac.class with "No such file or directory" 

WARNING: Failed to resolve file /org/bouncycastle/jcajce/provider/digest/SHA3$Mappings.class with "No such file or directory" 

WARNING: Failed to resolve file /org/bouncycastle/jcajce/provider/digest/Skein$HMacKeyGenerator_512_384.class with "No such file or directory" 

WARNING: Failed to resolve file /org/bouncycastle/jcajce/provider/digest/Whirlpool$KeyGenerator.class with "No such file or directory" 

WARNING: Failed to resolve file /org/bouncycastle/jcajce/provider/keystore/pkcs12/PKCS12KeyStoreSpi$1.class with "No such file or directory" 

WARNING: Failed to resolve file /org/bouncycastle/jcajce/provider/symmetric/AES$PBEWithSHA256And192BitAESBC.class with "No such file or directory" 

WARNING: Failed to resolve file /org/bouncycastle/jcajce/provider/symmetric/CAST5$CBC.class with "No such file or directory" 

WARNING: Failed to resolve file /org/bouncycastle/jcajce/provider/symmetric/DES$Mappings.class with "No such file or directory" 

WARNING: Failed to resolve file /org/bouncycastle/jcajce/provider/symmetric/DSTU7624$GCM128.class with "No such file or directory" 

WARNING: Failed to resolve file /org/bouncycastle/jcajce/provider/symmetric/HC128$KeyGen.class with "No such file or directory" 

WARNING: Failed to resolve file /org/bouncycastle/jcajce/provider/symmetric/PBEPKCS12.class with "No such file or directory" 

WARNING: Failed to resolve file /org/bouncycastle/jcajce/provider/symmetric/Rijndael.class with "No such file or directory" 

WARNING: Failed to resolve file /org/bouncycastle/jcajce/provider/symmetric/Shacal2$AlgParams.class with "No such file or directory" 

WARNING: Failed to resolve file /org/bouncycastle/jcajce/provider/symmetric/Threefish.class with "No such file or directory" 

WARNING: Failed to resolve file /org/bouncycastle/jcajce/provider/symmetric/util/BaseStreamCipher.class with "No such file or directory" 

WARNING: Failed to resolve file /org/bouncycastle/jcajce/spec/SkeinParameterSpec.class with "No such file or directory" 

WARNING: Failed to resolve file /org/bouncycastle/jce/provider/AnnotatedException.class with "No such file or directory" 

WARNING: Failed to resolve file /org/bouncycastle/jce/provider/RFC3280CertPathUtilities.class with "No such file or directory" 

WARNING: Failed to resolve file /org/bouncycastle/math/ec/ECCurve$Config.class with "No such file or directory" 

WARNING: Failed to resolve file /org/bouncycastle/math/ec/custom/gm/SM2P256V1FieldElement.class with "No such file or directory" 

WARNING: Failed to resolve file /org/bouncycastle/math/ec/custom/sec/SecP384R1FieldElement.class with "No such file or directory" 

WARNING: Failed to resolve file /org/bouncycastle/math/ec/custom/sec/SecT239K1Curve.class with "No such file or directory" 

WARNING: Failed to resolve file /org/bouncycastle/math/ec/rfc8032/Ed25519$PointTemp.class with "No such file or directory" 

WARNING: Failed to resolve file /org/bouncycastle/pqc/asn1/PQCObjectIdentifiers.class with "No such file or directory" 

WARNING: Failed to resolve file /org/bouncycastle/pqc/crypto/crystals/dilithium/DilithiumKeyPairGenerator.class with "No such file or directory" 

WARNING: Failed to resolve file /org/bouncycastle/pqc/crypto/falcon/FalconSmallPrime.class with "No such file or directory" 

WARNING: Failed to resolve file /org/bouncycastle/pqc/crypto/hqc/HQCKEMExtractor.class with "No such file or directory" 

WARNING: Failed to resolve file /org/bouncycastle/pqc/crypto/newhope/NHKeyPairGenerator.class with "No such file or directory" 

WARNING: Failed to resolve file /org/bouncycastle/pqc/crypto/picnic/PicnicEngine.class with "No such file or directory" 

WARNING: Failed to resolve file /org/bouncycastle/pqc/crypto/sphincs/SPHINCS256KeyGenerationParameters.class with "No such file or directory" 

WARNING: Failed to resolve file /org/bouncycastle/pqc/crypto/util/PublicKeyFactory$LMSConverter.class with "No such file or directory" 

WARNING: Failed to resolve file /org/bouncycastle/pqc/crypto/xmss/XMSSMTPrivateKeyParameters$Builder.class with "No such file or directory" 

WARNING: Failed to resolve file /org/bouncycastle/pqc/jcajce/interfaces/NHPublicKey.class with "No such file or directory" 

WARNING: Failed to resolve file /org/bouncycastle/pqc/jcajce/provider/SPHINCS.class with "No such file or directory" 

WARNING: Failed to resolve file /org/bouncycastle/pqc/jcajce/provider/falcon/SignatureSpi$Base.class with "No such file or directory" 

WARNING: Failed to resolve file /org/bouncycastle/pqc/jcajce/provider/mceliece/BCMcEliecePrivateKey.class with "No such file or directory" 

WARNING: Failed to resolve file /org/bouncycastle/pqc/jcajce/provider/picnic/BCPicnicPublicKey.class with "No such file or directory" 

WARNING: Failed to resolve file /org/bouncycastle/pqc/jcajce/provider/sphincsplus/SPHINCSPlusKeyPairGeneratorSpi$Shake_256f.class with "No such file or directory" 

WARNING: Failed to resolve file /org/bouncycastle/pqc/jcajce/spec/KyberParameterSpec.class with "No such file or directory" 

WARNING: Failed to resolve file /org/bouncycastle/pqc/legacy/crypto/mceliece/McEliecePrivateKeyParameters.class with "No such file or directory" 

WARNING: Failed to resolve file /org/bouncycastle/pqc/legacy/math/linearalgebra/GF2Matrix.class with "No such file or directory" 

WARNING: Failed to resolve file /org/bouncycastle/pqc/math/ntru/parameters/NTRUHPS2048509.class with "No such file or directory" 

WARNING: Failed to resolve file /org/bouncycastle/util/encoders/HexTranslator.class with "No such file or directory" 

WARNING: Failed to resolve file /org/bouncycastle/x509/X509CRLStoreSelector.class with "No such file or directory" 

Found 215 (out of 11364) source files to analyze in /home/udesou/.bench-agent/git/macro-benches/vendor/.infer-capture-ocaml-5.5.1-46e1c32
Could not read file /com/google/common/collect/DenseImmutableTable.class
Could not read file /org/apache/lucene/document/ShapeDocValues.class
Could not read file /org/apache/lucene/index/MergeRateLimiter.class
*****
{
  "rusage": {
    "user_time": 434.818,
    "system_time": 31.846,
    "minor_faults": 1111829,
    "major_faults": 7,
    "voluntary_ctx_switches": 1907589,
    "involuntary_ctx_switches": 146265
  },
  "olly": {
    "version": 2,
    "wall_time": 133.17,
    "cpu_time": 924.16,
    "gc_time": 54.12,
    "gc_overhead": 5.86,
    "max_rss_kb": 4424484,
    "domain_stats": {
      "0": {
        "wall_time": 133.17,
        "gc_time": 3.41,
        "gc_overhead": 2.56
      },
      "1": {
        "wall_time": 132.47,
        "gc_time": 12.64,
        "gc_overhead": 9.54
      },
      "2": {
        "wall_time": 131.67,
        "gc_time": 6.22,
        "gc_overhead": 4.72
      },
      "3": {
        "wall_time": 131.66,
        "gc_time": 6.43,
        "gc_overhead": 4.88
      },
      "4": {
        "wall_time": 131.87,
        "gc_time": 13.58,
        "gc_overhead": 10.3
      },
      "5": {
        "wall_time": 131.65,
        "gc_time": 5.86,
        "gc_overhead": 4.45
      },
      "6": {
        "wall_time": 131.66,
        "gc_time": 5.98,
        "gc_overhead": 4.54
      }
    },
    "mean_latency": 1.292784,
    "stddev_latency": 2.249838,
    "min_latency": 0.0,
    "max_latency": 38.436863,
    "distr_latency": {
      "25.0000": 0.001583,
      "50.0000": 0.002719,
      "60.0000": 0.030767,
      "70.0000": 1.485823,
      "75.0000": 2.316287,
      "80.0000": 2.996223,
      "85.0000": 3.700735,
      "90.0000": 4.399103,
      "95.0000": 5.443583,
      "96.0000": 5.775359,
      "97.0000": 6.328319,
      "98.0000": 7.094271,
      "99.0000": 8.568831,
      "99.9000": 17.629183,
      "99.9900": 34.242559,
      "99.9990": 38.436863,
      "99.9999": 38.436863,
      "100.0000": 38.436863
    },
    "outliers": {
      "count": 0,
      "mean_latency": 0.0,
      "max_latency": 0.0
    },
    "allocations": {
      "total_heap": 79229682945,
      "minor_heap": 78725645751,
      "major_heap": 1358651608,
      "promoted_words": 854614414,
      "promoted_pct": 1.09
    },
    "domain_alloc_stats": {
      "0": {
        "total": 173456715,
        "minor": 153556762,
        "promoted": 7994440,
        "major": 27894393,
        "promoted_pct": 5.21
      },
      "1": {
        "total": 10571711314,
        "minor": 9938249734,
        "promoted": 110189737,
        "major": 743651317,
        "promoted_pct": 1.11
      },
      "2": {
        "total": 9444684735,
        "minor": 9473402649,
        "promoted": 110733063,
        "major": 82015149,
        "promoted_pct": 1.17
      },
      "3": {
        "total": 7322422971,
        "minor": 7302610640,
        "promoted": 96139601,
        "major": 115951932,
        "promoted_pct": 1.32
      },
      "4": {
        "total": 32618147823,
        "minor": 32715176628,
        "promoted": 334342961,
        "major": 237314156,
        "promoted_pct": 1.02
      },
      "5": {
        "total": 8000252654,
        "minor": 8012001122,
        "promoted": 111163807,
        "major": 99415339,
        "promoted_pct": 1.39
      },
      "6": {
        "total": 11099006733,
        "minor": 11130648216,
        "promoted": 84050805,
        "major": 52409322,
        "promoted_pct": 0.76
      }
    },
    "collections": {
      "minor": 3983,
      "major": 43,
      "forced_major": 0,
      "compactions": 0
    },
    "stats_reliable": true
  },
  "counter_backend": "linux-perf",
  "perf": [
    {
      "counter-value": "465530.717208",
      "unit": "msec",
      "event": "task-clock",
      "event-runtime": 465530717208,
      "pcnt-running": 100.0,
      "metric-value": "3.470641",
      "metric-unit": "CPUs utilized"
    },
    {
      "counter-value": "1110739.000000",
      "unit": "",
      "event": "page-faults",
      "event-runtime": 465530717208,
      "pcnt-running": 100.0,
      "metric-value": "2.385963",
      "metric-unit": "K/sec"
    },
    {
      "counter-value": "1522873439015.000000",
      "unit": "",
      "event": "cycles",
      "event-runtime": 465530717208,
      "pcnt-running": 100.0,
      "metric-value": "3.271263",
      "metric-unit": "GHz"
    },
    {
      "counter-value": "1846604858088.000000",
      "unit": "",
      "event": "instructions",
      "event-runtime": 465530717208,
      "pcnt-running": 100.0,
      "metric-value": "1.212579",
      "metric-unit": "insn per cycle"
    }
  ]
}
-----
mkdir -p PLOTTY_WORKAROUND; timedrun; OCAMLRUNPARAM="e=18,d=128" taskset -c "4,6,8,10,12,14" /home/udesou/.bench-agent/git/macro-benches/benchmarks/infer/infer_default-ocaml-5.5.1-46e1c32
running-ng v0.3.8
Sun Sep 13 01:23:56 PM UTC 2026

 13:23:56 up 6 days, 13:17,  2 users,  load average: 2.47, 3.09, 2.61
USER     TTY      FROM             LOGIN@   IDLE   JCPU   PCPU  WHAT

procs -----------memory---------- ---swap-- -----io---- -system-- -------cpu-------
 r  b   swpd   free   buff  cache   si   so    bi    bo   in   cs us sy id wa st gu
 0  1    512 5140972 4619688 53725032    0    0    39  1120 2339    6 10  1 80  9  0  0
 0  1    512 5141216 4619688 53724772    0    0     0     0 1719 3100  0  0 88 12  0  0

top - 13:23:58 up 6 days, 13:17,  2 users,  load average: 2.47, 3.09, 2.61
Tasks: 280 total,   1 running, 279 sleeping,   0 stopped,   0 zombie
%Cpu(s):  0.0 us,  1.1 sy,  0.0 ni, 86.2 id, 12.6 wa,  0.0 hi,  0.0 si,  0.0 st 
MiB Mem :  64272.5 total,   5020.7 free,   3000.2 used,  56977.0 buff/cache     
MiB Swap:   8192.0 total,   8191.5 free,      0.5 used.  61272.3 avail Mem 

    PID USER      PR  NI    VIRT    RES    SHR S  %CPU  %MEM     TIME+ COMMAND
      1 root      20   0   22936  14244   9608 S   0.0   0.0   4:04.83 /usr/lib/systemd/systemd --system --deserialize=173
      2 root      20   0       0      0      0 S   0.0   0.0   0:00.07 [kthreadd]
      3 root      20   0       0      0      0 S   0.0   0.0   0:00.00 [pool_workqueue_release]
      4 root       0 -20       0      0      0 I   0.0   0.0   0:00.00 [kworker/R-rcu_g]
      5 root       0 -20       0      0      0 I   0.0   0.0   0:00.00 [kworker/R-rcu_p]

Environment variables: 
	CONFIG_FILE=/home/udesou/.bench-agent/work/run-20260913-001-e1/run-20260913-001.yml
	HOME=/home/udesou
	LANG=en_US.UTF-8
	LOGNAME=udesou
	LOG_DIR=/home/udesou/.bench-agent/logs
	OLLY_DIR=/home/udesou/.bench-agent/git/olly
	PATH=/usr/local/bin:/home/udesou/.bench-agent/git/olly/_build/install/default/bin:/home/udesou/.opam/running-ng-tools/bin:/home/udesou/.vscode-server/data/User/globalStorage/github.copilot-chat/debugCommand:/home/udesou/.vscode-server/data/User/globalStorage/github.copilot-chat/copilotCli:/home/udesou/.vscode-server/cli/servers/Stable-08d4889f9ec4a1685d257b9b95de036c8e1ce1e5/server/bin/remote-cli:/home/udesou/.opam/running-ng-ocaml-5.5.0-f523850-fp-flambda/bin:/home/udesou/.local/bin:/home/udesou/.opam/running-ng-ocaml-5.5.0-f523850-fp-flambda/bin:/home/udesou/.local/bin:/usr/local/sbin:/usr/local/bin:/usr/sbin:/usr/bin:/sbin:/bin:/usr/games:/usr/local/games:/snap/bin
	PWD=/home/udesou/ocaml-bench-service
	PYTHONPATH=/home/udesou/.bench-agent/git/running-ng/src
	RUNNING_BENCH_DIR=/home/udesou/.bench-agent/git/macro-benches
	RUNNING_MACRO_BENCH_DIR=/home/udesou/.bench-agent/git/macro-benches
	RUNNING_NG_PACKAGE_DATA=/home/udesou/.bench-agent/git/running-ng/src/running/config
	RUNNING_REUSE_SWITCHES=1
	RUNNING_TAG=default_run,large_run
	SHELL=/bin/bash
	SHLVL=1
	TERM=screen.xterm-256color
	USER=udesou
	_=/usr/bin/python3
OS: Linux obelisk 6.8.0-139-generic #139-Ubuntu SMP PREEMPT_DYNAMIC Sat Aug  1 03:52:05 UTC 2026 x86_64 x86_64 x86_64 GNU/Linux
CPU: Intel(R) Xeon(R) CPU E5-2667 v2 @ 3.30GHz
number of cores: 8
Frequency of cpu 0: 3.30 GHz
Governor of cpu 0: performance
Scaling_min_freq of cpu 0: 1.20 GHz
Frequency of cpu 2: 3.30 GHz
Governor of cpu 2: performance
Scaling_min_freq of cpu 2: 1.20 GHz
Frequency of cpu 4: 3.30 GHz
Governor of cpu 4: performance
Scaling_min_freq of cpu 4: 1.20 GHz
Frequency of cpu 6: 3.30 GHz
Governor of cpu 6: performance
Scaling_min_freq of cpu 6: 1.20 GHz
WARNING: Failed to resolve file /com/google/common/annotations/Beta.class with "No such file or directory" 

WARNING: Failed to resolve file /com/google/common/base/Converter$IdentityConverter.class with "No such file or directory" 

WARNING: Failed to resolve file /com/google/common/base/Platform.class with "No such file or directory" 

WARNING: Failed to resolve file /com/google/common/base/Utf8.class with "No such file or directory" 

WARNING: Failed to resolve file /com/google/common/cache/LocalCache$EntryFactory$2.class with "No such file or directory" 

WARNING: Failed to resolve file /com/google/common/cache/LongAddables.class with "No such file or directory" 

WARNING: Failed to resolve file /com/google/common/collect/AbstractMapBasedMultiset$2$1.class with "No such file or directory" 

WARNING: Failed to resolve file /com/google/common/collect/CollectSpliterators.class with "No such file or directory" 

WARNING: Failed to resolve file /com/google/common/collect/DenseImmutableTable.class with "No such file or directory" 

WARNING: Failed to resolve file /com/google/common/collect/ForwardingConcurrentMap.class with "No such file or directory" 

WARNING: Failed to resolve file /com/google/common/collect/HashMultimap.class with "No such file or directory" 

WARNING: Failed to resolve file /com/google/common/collect/ImmutableMultimap$Builder.class with "No such file or directory" 

WARNING: Failed to resolve file /com/google/common/collect/ImmutableSortedSet$1.class with "No such file or directory" 

WARNING: Failed to resolve file /com/google/common/collect/JdkBackedImmutableMap.class with "No such file or directory" 

WARNING: Failed to resolve file /com/google/common/collect/MapMakerInternalMap$EntrySet.class with "No such file or directory" 

WARNING: Failed to resolve file /com/google/common/collect/Maps$AsMapView$1EntrySetImpl.class with "No such file or directory" 

WARNING: Failed to resolve file /com/google/common/collect/MultimapBuilder$2.class with "No such file or directory" 

WARNING: Failed to resolve file /com/google/common/collect/Multisets$4.class with "No such file or directory" 

WARNING: Failed to resolve file /com/google/common/collect/RegularImmutableMap$Values.class with "No such file or directory" 

WARNING: Failed to resolve file /com/google/common/collect/SortedLists$KeyAbsentBehavior$2.class with "No such file or directory" 

WARNING: Failed to resolve file /com/google/common/collect/Streams$DoubleFunctionWithIndex.class with "No such file or directory" 

WARNING: Failed to resolve file /com/google/common/collect/TransformedListIterator.class with "No such file or directory" 

WARNING: Failed to resolve file /com/google/common/collect/TreeTraverser.class with "No such file or directory" 

WARNING: Failed to resolve file /com/google/common/graph/AbstractBaseGraph$1.class with "No such file or directory" 

WARNING: Failed to resolve file /com/google/common/graph/GraphBuilder.class with "No such file or directory" 

WARNING: Failed to resolve file /com/google/common/graph/ValueGraph.class with "No such file or directory" 

WARNING: Failed to resolve file /com/google/common/hash/Hashing.class with "No such file or directory" 

WARNING: Failed to resolve file /com/google/common/io/BaseEncoding.class with "No such file or directory" 

WARNING: Failed to resolve file /com/google/common/io/LineProcessor.class with "No such file or directory" 

WARNING: Failed to resolve file /com/google/common/net/HttpHeaders.class with "No such file or directory" 

WARNING: Failed to resolve file /com/google/common/primitives/Shorts$ShortConverter.class with "No such file or directory" 

WARNING: Failed to resolve file /com/google/common/reflect/TypeToken$Bounds.class with "No such file or directory" 

WARNING: Failed to resolve file /com/google/common/util/concurrent/AbstractFuture$Listener.class with "No such file or directory" 

WARNING: Failed to resolve file /com/google/common/util/concurrent/AggregateFutureState.class with "No such file or directory" 

WARNING: Failed to resolve file /com/google/common/util/concurrent/ForwardingCheckedFuture$SimpleForwardingCheckedFuture.class with "No such file or directory" 

WARNING: Failed to resolve file /com/google/common/util/concurrent/Monitor$Guard.class with "No such file or directory" 

WARNING: Failed to resolve file /com/google/common/util/concurrent/SimpleTimeLimiter$1.class with "No such file or directory" 

WARNING: Failed to resolve file /net/bytebuddy/ByteBuddy$RecordConstructorStrategy.class with "No such file or directory" 

WARNING: Failed to resolve file /net/bytebuddy/agent/builder/AgentBuilder$Default$NativeMethodStrategy$ForPrefix.class with "No such file or directory" 

WARNING: Failed to resolve file /net/bytebuddy/agent/builder/AgentBuilder$InstallationListener$Compound.class with "No such file or directory" 

WARNING: Failed to resolve file /net/bytebuddy/agent/builder/AgentBuilder$PoolStrategy$Default.class with "No such file or directory" 

WARNING: Failed to resolve file /net/bytebuddy/agent/builder/AgentBuilder$RedefinitionStrategy$Listener$Adapter.class with "No such file or directory" 

WARNING: Failed to resolve file /net/bytebuddy/agent/builder/package-info.class with "No such file or directory" 

WARNING: Failed to resolve file /net/bytebuddy/asm/Advice$AssignReturned$ToReturned$Handler.class with "No such file or directory" 

WARNING: Failed to resolve file /net/bytebuddy/asm/Advice$Dispatcher$Resolved$AbstractBase.class with "No such file or directory" 

WARNING: Failed to resolve file /net/bytebuddy/asm/Advice$OffsetMapping$ForInstrumentedMethod$2.class with "No such file or directory" 

WARNING: Failed to resolve file /net/bytebuddy/asm/Advice$OffsetMapping.class with "No such file or directory" 

WARNING: Failed to resolve file /net/bytebuddy/asm/ClassVisitorFactory$FrameTranslator.class with "No such file or directory" 

WARNING: Failed to resolve file /net/bytebuddy/asm/MemberSubstitution$TypePoolResolver$OfImplicitPool.class with "No such file or directory" 

WARNING: Failed to resolve file /net/bytebuddy/build/EntryPoint$Default.class with "No such file or directory" 

WARNING: Failed to resolve file /net/bytebuddy/build/Plugin$Engine$Listener$StreamWriting.class with "No such file or directory" 

WARNING: Failed to resolve file /net/bytebuddy/build/Plugin$Factory$UsingReflection$Instantiator$Unresolved.class with "No such file or directory" 

WARNING: Failed to resolve file /net/bytebuddy/description/annotation/AnnotationDescription.class with "No such file or directory" 

WARNING: Failed to resolve file /net/bytebuddy/description/annotation/AnnotationValue$Loaded$AbstractBase$ForUnresolvedProperty.class with "No such file or directory" 

WARNING: Failed to resolve file /net/bytebuddy/description/method/MethodList$Explicit.class with "No such file or directory" 

WARNING: Failed to resolve file /net/bytebuddy/description/modifier/SynchronizationState.class with "No such file or directory" 

WARNING: Failed to resolve file /net/bytebuddy/description/type/TypeDescription$Generic$AnnotationReader$Delegator$ForLoadedTypeVariable.class with "No such file or directory" 

WARNING: Failed to resolve file /net/bytebuddy/description/type/TypeDescription$Generic$OfParameterizedType$Latent.class with "No such file or directory" 

WARNING: Failed to resolve file /net/bytebuddy/description/type/TypeDescription$Latent.class with "No such file or directory" 

WARNING: Failed to resolve file /net/bytebuddy/dynamic/ClassFileLocator$ForModuleFile.class with "No such file or directory" 

WARNING: Failed to resolve file /net/bytebuddy/dynamic/DynamicType$Builder$MethodDefinition$ParameterDefinition$Simple$Annotatable$AbstractBase.class with "No such file or directory" 

WARNING: Failed to resolve file /net/bytebuddy/dynamic/VisibilityBridgeStrategy$Default$2.class with "No such file or directory" 

WARNING: Failed to resolve file /net/bytebuddy/dynamic/loading/ClassInjector$UsingReflection$Dispatcher$Initializable.class with "No such file or directory" 

WARNING: Failed to resolve file /net/bytebuddy/dynamic/loading/PackageDefinitionStrategy$ManifestReading.class with "No such file or directory" 

WARNING: Failed to resolve file /net/bytebuddy/dynamic/scaffold/MethodGraph$Compiler$Default$Key$Store$Entry$Initial.class with "No such file or directory" 

WARNING: Failed to resolve file /net/bytebuddy/dynamic/scaffold/TypeWriter$Default$ClassDumpAction$Dispatcher$Enabled.class with "No such file or directory" 

WARNING: Failed to resolve file /net/bytebuddy/dynamic/scaffold/TypeWriter$MethodPool$Record$AccessBridgeWrapper.class with "No such file or directory" 

WARNING: Failed to resolve file /net/bytebuddy/dynamic/scaffold/subclass/SubclassImplementationTarget$OriginTypeResolver$1.class with "No such file or directory" 

WARNING: Failed to resolve file /net/bytebuddy/implementation/FieldAccessor$FieldLocation.class with "No such file or directory" 

WARNING: Failed to resolve file /net/bytebuddy/implementation/HashCodeMethod$ValueTransformer$7.class with "No such file or directory" 

WARNING: Failed to resolve file /net/bytebuddy/implementation/InvocationHandlerAdapter.class with "No such file or directory" 

WARNING: Failed to resolve file /net/bytebuddy/implementation/InvokeDynamic$WithImplicitArguments.class with "No such file or directory" 

WARNING: Failed to resolve file /net/bytebuddy/implementation/MethodCall$MethodInvoker.class with "No such file or directory" 

WARNING: Failed to resolve file /net/bytebuddy/implementation/MethodDelegation.class with "No such file or directory" 

WARNING: Failed to resolve file /net/bytebuddy/implementation/attribute/AnnotationValueFilter$Factory.class with "No such file or directory" 

WARNING: Failed to resolve file /net/bytebuddy/implementation/auxiliary/TypeProxy$1.class with "No such file or directory" 

WARNING: Failed to resolve file /net/bytebuddy/implementation/bind/annotation/AllArguments.class with "No such file or directory" 

WARNING: Failed to resolve file /net/bytebuddy/implementation/bind/annotation/Morph$Binder$RedirectionProxy$InstanceFieldConstructor$Appender.class with "No such file or directory" 

WARNING: Failed to resolve file /net/bytebuddy/implementation/bytecode/ByteCodeAppender$Compound.class with "No such file or directory" 

WARNING: Failed to resolve file /net/bytebuddy/implementation/bytecode/assign/reference/GenericTypeAwareAssigner$IsAssignableToVisitor$OfGenericArray.class with "No such file or directory" 

WARNING: Failed to resolve file /net/bytebuddy/implementation/bytecode/member/FieldAccess$AccessDispatcher$FieldPutInstruction.class with "No such file or directory" 

WARNING: Failed to resolve file /net/bytebuddy/jar/asm/RecordComponentWriter.class with "No such file or directory" 

WARNING: Failed to resolve file /net/bytebuddy/matcher/FilterableList.class with "No such file or directory" 

WARNING: Failed to resolve file /net/bytebuddy/matcher/TypeSortMatcher.class with "No such file or directory" 

WARNING: Failed to resolve file /net/bytebuddy/pool/TypePool$Default$LazyTypeDescription$AnnotationToken.class with "No such file or directory" 

WARNING: Failed to resolve file /net/bytebuddy/pool/TypePool$Default$LazyTypeDescription$LazyMethodDescription$LazyParameterizedReceiverType$TypeArgumentList$AnnotatedTypeVariable.class with "No such file or directory" 

WARNING: Failed to resolve file /net/bytebuddy/utility/FileSystem$ForNio2CapableVm$StandardCopyOption.class with "No such file or directory" 

WARNING: Failed to resolve file /net/bytebuddy/utility/dispatcher/JavaDispatcher$Dispatcher.class with "No such file or directory" 

WARNING: Failed to resolve file /org/apache/lucene/analysis/CharArrayMap.class with "No such file or directory" 

WARNING: Failed to resolve file /org/apache/lucene/analysis/tokenattributes/TermToBytesRefAttribute.class with "No such file or directory" 

WARNING: Failed to resolve file /org/apache/lucene/codecs/KnnVectorsWriter$ByteVectorValuesSub.class with "No such file or directory" 

WARNING: Failed to resolve file /org/apache/lucene/codecs/hnsw/DefaultFlatVectorScorer$ByteScoringSupplier$1.class with "No such file or directory" 

WARNING: Failed to resolve file /org/apache/lucene/codecs/lucene90/Lucene90DocValuesProducer$17.class with "No such file or directory" 

WARNING: Failed to resolve file /org/apache/lucene/codecs/lucene90/Lucene90PointsFormat.class with "No such file or directory" 

WARNING: Failed to resolve file /org/apache/lucene/codecs/lucene912/ForUtil.class with "No such file or directory" 

WARNING: Failed to resolve file /org/apache/lucene/codecs/lucene99/Lucene99HnswVectorsWriter$2.class with "No such file or directory" 

WARNING: Failed to resolve file /org/apache/lucene/document/BinaryPoint$1.class with "No such file or directory" 

WARNING: Failed to resolve file /org/apache/lucene/document/FloatPoint$2.class with "No such file or directory" 

WARNING: Failed to resolve file /org/apache/lucene/document/LatLonPointDistanceQuery.class with "No such file or directory" 

WARNING: Failed to resolve file /org/apache/lucene/document/ShapeField$QueryRelation.class with "No such file or directory" 

WARNING: Failed to resolve file /org/apache/lucene/document/XYShapeDocValues.class with "No such file or directory" 

WARNING: Failed to resolve file /org/apache/lucene/index/BaseTermsEnum$1.class with "No such file or directory" 

WARNING: Failed to resolve file /org/apache/lucene/index/ConcurrentMergeScheduler.class with "No such file or directory" 

WARNING: Failed to resolve file /org/apache/lucene/index/ExitableDirectoryReader$ExitableFilterAtomicReader$4.class with "No such file or directory" 

WARNING: Failed to resolve file /org/apache/lucene/index/FreqProxFields$FreqProxTermsEnum$1.class with "No such file or directory" 

WARNING: Failed to resolve file /org/apache/lucene/index/IndexWriter$DocModifier.class with "No such file or directory" 

WARNING: Failed to resolve file /org/apache/lucene/index/MultiDocValues$1.class with "No such file or directory" 

WARNING: Failed to resolve file /org/apache/lucene/index/PointValues$IntersectVisitor.class with "No such file or directory" 

WARNING: Failed to resolve file /org/apache/lucene/index/SingletonSortedSetDocValues.class with "No such file or directory" 

WARNING: Failed to resolve file /org/apache/lucene/index/SortedNumericDocValuesWriter.class with "No such file or directory" 

WARNING: Failed to resolve file /org/apache/lucene/index/TermVectorsConsumerPerField$TermVectorsPostingsArray.class with "No such file or directory" 

WARNING: Failed to resolve file /org/apache/lucene/internal/hppc/IntDoubleHashMap$EntryIterator.class with "No such file or directory" 

WARNING: Failed to resolve file /org/apache/lucene/internal/hppc/LongIntHashMap$LongIntCursor.class with "No such file or directory" 

WARNING: Failed to resolve file /org/apache/lucene/search/BlockMaxConjunctionScorer$2.class with "No such file or directory" 

WARNING: Failed to resolve file /org/apache/lucene/search/ConstantScoreQuery$1$1.class with "No such file or directory" 

WARNING: Failed to resolve file /org/apache/lucene/search/DoubleValuesSource$DoubleValuesComparatorSource$1.class with "No such file or directory" 

WARNING: Failed to resolve file /org/apache/lucene/search/ImpactsDISI.class with "No such file or directory" 

WARNING: Failed to resolve file /org/apache/lucene/search/LongValuesSource$LongValuesComparatorSource.class with "No such file or directory" 

WARNING: Failed to resolve file /org/apache/lucene/search/NamedMatches$NamedQuery.class with "No such file or directory" 

WARNING: Failed to resolve file /org/apache/lucene/search/ReqOptSumScorer.class with "No such file or directory" 

WARNING: Failed to resolve file /org/apache/lucene/search/SortedNumericSortField$5.class with "No such file or directory" 

WARNING: Failed to resolve file /org/apache/lucene/search/TopDocsCollector.class with "No such file or directory" 

WARNING: Failed to resolve file /org/apache/lucene/search/comparators/NumericComparator$NumericLeafComparator.class with "No such file or directory" 

WARNING: Failed to resolve file /org/apache/lucene/search/similarities/MultiSimilarity.class with "No such file or directory" 

WARNING: Failed to resolve file /org/apache/lucene/store/IndexInput$1.class with "No such file or directory" 

WARNING: Failed to resolve file /org/apache/lucene/util/AttributeImpl.class with "No such file or directory" 

WARNING: Failed to resolve file /org/apache/lucene/util/DocIdSetBuilder$BulkAdder.class with "No such file or directory" 

WARNING: Failed to resolve file /org/apache/lucene/util/ModuleResourceLoader.class with "No such file or directory" 

WARNING: Failed to resolve file /org/apache/lucene/util/Sorter.class with "No such file or directory" 

WARNING: Failed to resolve file /org/apache/lucene/util/automaton/MinimizationOperations$IntPair.class with "No such file or directory" 

WARNING: Failed to resolve file /org/apache/lucene/util/bkd/OfflinePointWriter.class with "No such file or directory" 

WARNING: Failed to resolve file /org/apache/lucene/util/fst/Util$FSTPath.class with "No such file or directory" 

WARNING: Failed to resolve file /org/apache/lucene/util/mutable/MutableValueDate.class with "No such file or directory" 

WARNING: Failed to resolve file /org/apache/lucene/util/packed/DirectReader$DirectPackedReader32.class with "No such file or directory" 

WARNING: Failed to resolve file /org/apache/lucene/util/packed/PackedWriter.class with "No such file or directory" 

WARNING: Failed to resolve file /org/bouncycastle/asn1/ASN1ObjectDescriptor$1.class with "No such file or directory" 

WARNING: Failed to resolve file /org/bouncycastle/asn1/BEROctetStringParser.class with "No such file or directory" 

WARNING: Failed to resolve file /org/bouncycastle/asn1/LazyEncodedSequence.class with "No such file or directory" 

WARNING: Failed to resolve file /org/bouncycastle/asn1/ocsp/OCSPRequest.class with "No such file or directory" 

WARNING: Failed to resolve file /org/bouncycastle/asn1/sec/SECNamedCurves$17.class with "No such file or directory" 

WARNING: Failed to resolve file /org/bouncycastle/asn1/x500/DirectoryString.class with "No such file or directory" 

WARNING: Failed to resolve file /org/bouncycastle/asn1/x509/NameConstraints.class with "No such file or directory" 

WARNING: Failed to resolve file /org/bouncycastle/asn1/x509/sigi/NameOrPseudonym.class with "No such file or directory" 

WARNING: Failed to resolve file /org/bouncycastle/crypto/CipherKeyGenerator.class with "No such file or directory" 

WARNING: Failed to resolve file /org/bouncycastle/crypto/StagedAgreement.class with "No such file or directory" 

WARNING: Failed to resolve file /org/bouncycastle/crypto/digests/AsconXof$1.class with "No such file or directory" 

WARNING: Failed to resolve file /org/bouncycastle/crypto/digests/ShortenedDigest.class with "No such file or directory" 

WARNING: Failed to resolve file /org/bouncycastle/crypto/ec/ECDecryptor.class with "No such file or directory" 

WARNING: Failed to resolve file /org/bouncycastle/crypto/engines/GOST3412_2015Engine.class with "No such file or directory" 

WARNING: Failed to resolve file /org/bouncycastle/crypto/engines/SparkleEngine$1.class with "No such file or directory" 

WARNING: Failed to resolve file /org/bouncycastle/crypto/generators/ElGamalParametersGenerator.class with "No such file or directory" 

WARNING: Failed to resolve file /org/bouncycastle/crypto/macs/DSTU7564Mac.class with "No such file or directory" 

WARNING: Failed to resolve file /org/bouncycastle/crypto/modes/NISTCTSBlockCipher.class with "No such file or directory" 

WARNING: Failed to resolve file /org/bouncycastle/crypto/params/DHParameters.class with "No such file or directory" 

WARNING: Failed to resolve file /org/bouncycastle/crypto/params/NaccacheSternKeyGenerationParameters.class with "No such file or directory" 

WARNING: Failed to resolve file /org/bouncycastle/crypto/prng/X931SecureRandom.class with "No such file or directory" 

WARNING: Failed to resolve file /org/bouncycastle/crypto/util/DEROtherInfo$1.class with "No such file or directory" 

WARNING: Failed to resolve file /org/bouncycastle/crypto/util/SSHNamedCurves$3.class with "No such file or directory" 

WARNING: Failed to resolve file /org/bouncycastle/jcajce/BCFKSLoadStoreParameter$SignatureAlgorithm.class with "No such file or directory" 

WARNING: Failed to resolve file /org/bouncycastle/jcajce/provider/asymmetric/CompositeSignatures.class with "No such file or directory" 

WARNING: Failed to resolve file /org/bouncycastle/jcajce/provider/asymmetric/compositesignatures/KeyPairGeneratorSpi$MLDSA65_ECDSA_brainpoolP256r1_SHA512.class with "No such file or directory" 

WARNING: Failed to resolve file /org/bouncycastle/jcajce/provider/asymmetric/dh/KeyAgreementSpi$DHwithSHA384CKDF.class with "No such file or directory" 

WARNING: Failed to resolve file /org/bouncycastle/jcajce/provider/asymmetric/ec/BCECPrivateKey.class with "No such file or directory" 

WARNING: Failed to resolve file /org/bouncycastle/jcajce/provider/asymmetric/ec/KeyAgreementSpi$DHUwithSHA224KDF.class with "No such file or directory" 

WARNING: Failed to resolve file /org/bouncycastle/jcajce/provider/asymmetric/ec/KeyPairGeneratorSpi.class with "No such file or directory" 

WARNING: Failed to resolve file /org/bouncycastle/jcajce/provider/asymmetric/ecgost12/KeyAgreementSpi$ECVKO512.class with "No such file or directory" 

WARNING: Failed to resolve file /org/bouncycastle/jcajce/provider/asymmetric/edec/KeyPairGeneratorSpi$X448.class with "No such file or directory" 

WARNING: Failed to resolve file /org/bouncycastle/jcajce/provider/asymmetric/rsa/DigestSignatureSpi$SHA3_384.class with "No such file or directory" 

WARNING: Failed to resolve file /org/bouncycastle/jcajce/provider/asymmetric/rsa/PSSSignatureSpi$SHA512withRSA.class with "No such file or directory" 

WARNING: Failed to resolve file /org/bouncycastle/jcajce/provider/asymmetric/x509/X509CRLInternal.class with "No such file or directory" 

WARNING: Failed to resolve file /org/bouncycastle/jcajce/provider/digest/GOST3411$Mappings.class with "No such file or directory" 

WARNING: Failed to resolve file /org/bouncycastle/jcajce/provider/digest/RIPEMD256$HashMac.class with "No such file or directory" 

WARNING: Failed to resolve file /org/bouncycastle/jcajce/provider/digest/SHA3$Mappings.class with "No such file or directory" 

WARNING: Failed to resolve file /org/bouncycastle/jcajce/provider/digest/Skein$HMacKeyGenerator_512_384.class with "No such file or directory" 

WARNING: Failed to resolve file /org/bouncycastle/jcajce/provider/digest/Whirlpool$KeyGenerator.class with "No such file or directory" 

WARNING: Failed to resolve file /org/bouncycastle/jcajce/provider/keystore/pkcs12/PKCS12KeyStoreSpi$1.class with "No such file or directory" 

WARNING: Failed to resolve file /org/bouncycastle/jcajce/provider/symmetric/AES$PBEWithSHA256And192BitAESBC.class with "No such file or directory" 

WARNING: Failed to resolve file /org/bouncycastle/jcajce/provider/symmetric/CAST5$CBC.class with "No such file or directory" 

WARNING: Failed to resolve file /org/bouncycastle/jcajce/provider/symmetric/DES$Mappings.class with "No such file or directory" 

WARNING: Failed to resolve file /org/bouncycastle/jcajce/provider/symmetric/DSTU7624$GCM128.class with "No such file or directory" 

WARNING: Failed to resolve file /org/bouncycastle/jcajce/provider/symmetric/HC128$KeyGen.class with "No such file or directory" 

WARNING: Failed to resolve file /org/bouncycastle/jcajce/provider/symmetric/PBEPKCS12.class with "No such file or directory" 

WARNING: Failed to resolve file /org/bouncycastle/jcajce/provider/symmetric/Rijndael.class with "No such file or directory" 

WARNING: Failed to resolve file /org/bouncycastle/jcajce/provider/symmetric/Shacal2$AlgParams.class with "No such file or directory" 

WARNING: Failed to resolve file /org/bouncycastle/jcajce/provider/symmetric/Threefish.class with "No such file or directory" 

WARNING: Failed to resolve file /org/bouncycastle/jcajce/provider/symmetric/util/BaseStreamCipher.class with "No such file or directory" 

WARNING: Failed to resolve file /org/bouncycastle/jcajce/spec/SkeinParameterSpec.class with "No such file or directory" 

WARNING: Failed to resolve file /org/bouncycastle/jce/provider/AnnotatedException.class with "No such file or directory" 

WARNING: Failed to resolve file /org/bouncycastle/jce/provider/RFC3280CertPathUtilities.class with "No such file or directory" 

WARNING: Failed to resolve file /org/bouncycastle/math/ec/ECCurve$Config.class with "No such file or directory" 

WARNING: Failed to resolve file /org/bouncycastle/math/ec/custom/gm/SM2P256V1FieldElement.class with "No such file or directory" 

WARNING: Failed to resolve file /org/bouncycastle/math/ec/custom/sec/SecP384R1FieldElement.class with "No such file or directory" 

WARNING: Failed to resolve file /org/bouncycastle/math/ec/custom/sec/SecT239K1Curve.class with "No such file or directory" 

WARNING: Failed to resolve file /org/bouncycastle/math/ec/rfc8032/Ed25519$PointTemp.class with "No such file or directory" 

WARNING: Failed to resolve file /org/bouncycastle/pqc/asn1/PQCObjectIdentifiers.class with "No such file or directory" 

WARNING: Failed to resolve file /org/bouncycastle/pqc/crypto/crystals/dilithium/DilithiumKeyPairGenerator.class with "No such file or directory" 

WARNING: Failed to resolve file /org/bouncycastle/pqc/crypto/falcon/FalconSmallPrime.class with "No such file or directory" 

WARNING: Failed to resolve file /org/bouncycastle/pqc/crypto/hqc/HQCKEMExtractor.class with "No such file or directory" 

WARNING: Failed to resolve file /org/bouncycastle/pqc/crypto/newhope/NHKeyPairGenerator.class with "No such file or directory" 

WARNING: Failed to resolve file /org/bouncycastle/pqc/crypto/picnic/PicnicEngine.class with "No such file or directory" 

WARNING: Failed to resolve file /org/bouncycastle/pqc/crypto/sphincs/SPHINCS256KeyGenerationParameters.class with "No such file or directory" 

WARNING: Failed to resolve file /org/bouncycastle/pqc/crypto/util/PublicKeyFactory$LMSConverter.class with "No such file or directory" 

WARNING: Failed to resolve file /org/bouncycastle/pqc/crypto/xmss/XMSSMTPrivateKeyParameters$Builder.class with "No such file or directory" 

WARNING: Failed to resolve file /org/bouncycastle/pqc/jcajce/interfaces/NHPublicKey.class with "No such file or directory" 

WARNING: Failed to resolve file /org/bouncycastle/pqc/jcajce/provider/SPHINCS.class with "No such file or directory" 

WARNING: Failed to resolve file /org/bouncycastle/pqc/jcajce/provider/falcon/SignatureSpi$Base.class with "No such file or directory" 

WARNING: Failed to resolve file /org/bouncycastle/pqc/jcajce/provider/mceliece/BCMcEliecePrivateKey.class with "No such file or directory" 

WARNING: Failed to resolve file /org/bouncycastle/pqc/jcajce/provider/picnic/BCPicnicPublicKey.class with "No such file or directory" 

WARNING: Failed to resolve file /org/bouncycastle/pqc/jcajce/provider/sphincsplus/SPHINCSPlusKeyPairGeneratorSpi$Shake_256f.class with "No such file or directory" 

WARNING: Failed to resolve file /org/bouncycastle/pqc/jcajce/spec/KyberParameterSpec.class with "No such file or directory" 

WARNING: Failed to resolve file /org/bouncycastle/pqc/legacy/crypto/mceliece/McEliecePrivateKeyParameters.class with "No such file or directory" 

WARNING: Failed to resolve file /org/bouncycastle/pqc/legacy/math/linearalgebra/GF2Matrix.class with "No such file or directory" 

WARNING: Failed to resolve file /org/bouncycastle/pqc/math/ntru/parameters/NTRUHPS2048509.class with "No such file or directory" 

WARNING: Failed to resolve file /org/bouncycastle/util/encoders/HexTranslator.class with "No such file or directory" 

WARNING: Failed to resolve file /org/bouncycastle/x509/X509CRLStoreSelector.class with "No such file or directory" 

Found 215 (out of 11364) source files to analyze in /home/udesou/.bench-agent/git/macro-benches/vendor/.infer-capture-ocaml-5.5.1-46e1c32
Could not read file /com/google/common/collect/DenseImmutableTable.class
Could not read file /org/apache/lucene/document/ShapeDocValues.class
Could not read file /org/apache/lucene/index/MergeRateLimiter.class
*****
{
  "rusage": {
    "user_time": 410.086,
    "system_time": 31.621,
    "minor_faults": 1086335,
    "major_faults": 7,
    "voluntary_ctx_switches": 1625393,
    "involuntary_ctx_switches": 691700
  },
  "olly": {
    "version": 2,
    "wall_time": 133.13,
    "cpu_time": 926.11,
    "gc_time": 55.12,
    "gc_overhead": 5.95,
    "max_rss_kb": 4405156,
    "domain_stats": {
      "0": {
        "wall_time": 133.13,
        "gc_time": 4.89,
        "gc_overhead": 3.67
      },
      "1": {
        "wall_time": 132.28,
        "gc_time": 12.38,
        "gc_overhead": 9.36
      },
      "2": {
        "wall_time": 132.13,
        "gc_time": 6.11,
        "gc_overhead": 4.63
      },
      "3": {
        "wall_time": 132.12,
        "gc_time": 5.93,
        "gc_overhead": 4.49
      },
      "4": {
        "wall_time": 132.12,
        "gc_time": 6.36,
        "gc_overhead": 4.81
      },
      "5": {
        "wall_time": 132.13,
        "gc_time": 6.17,
        "gc_overhead": 4.67
      },
      "6": {
        "wall_time": 132.2,
        "gc_time": 13.28,
        "gc_overhead": 10.05
      }
    },
    "mean_latency": 1.468979,
    "stddev_latency": 2.491097,
    "min_latency": 0.0,
    "max_latency": 41.975807,
    "distr_latency": {
      "25.0000": 0.001607,
      "50.0000": 0.002735,
      "60.0000": 0.044063,
      "70.0000": 2.099199,
      "75.0000": 2.824191,
      "80.0000": 3.375103,
      "85.0000": 3.956735,
      "90.0000": 4.620287,
      "95.0000": 5.701631,
      "96.0000": 6.127615,
      "97.0000": 6.705151,
      "98.0000": 7.757823,
      "99.0000": 9.592831,
      "99.9000": 21.135359,
      "99.9900": 33.652735,
      "99.9990": 41.975807,
      "99.9999": 41.975807,
      "100.0000": 41.975807
    },
    "outliers": {
      "count": 0,
      "mean_latency": 0.0,
      "max_latency": 0.0
    },
    "allocations": {
      "total_heap": 74274911218,
      "minor_heap": 73916058231,
      "major_heap": 1171167119,
      "promoted_words": 812314132,
      "promoted_pct": 1.1
    },
    "domain_alloc_stats": {
      "0": {
        "total": 148877191,
        "minor": 129376999,
        "promoted": 6853425,
        "major": 26353617,
        "promoted_pct": 5.3
      },
      "1": {
        "total": 9581935335,
        "minor": 9075587374,
        "promoted": 101543580,
        "major": 607891541,
        "promoted_pct": 1.12
      },
      "2": {
        "total": 7947811441,
        "minor": 7950515997,
        "promoted": 115396765,
        "major": 112692209,
        "promoted_pct": 1.45
      },
      "3": {
        "total": 7336801575,
        "minor": 7326707011,
        "promoted": 94863533,
        "major": 104958097,
        "promoted_pct": 1.29
      },
      "4": {
        "total": 9817653830,
        "minor": 9848750167,
        "promoted": 120549460,
        "major": 89453123,
        "promoted_pct": 1.22
      },
      "5": {
        "total": 11311197855,
        "minor": 11342578869,
        "promoted": 80296046,
        "major": 48915032,
        "promoted_pct": 0.71
      },
      "6": {
        "total": 28130633991,
        "minor": 28242541814,
        "promoted": 292811323,
        "major": 180903500,
        "promoted_pct": 1.04
      }
    },
    "collections": {
      "minor": 3524,
      "major": 41,
      "forced_major": 0,
      "compactions": 0
    },
    "stats_reliable": true
  },
  "counter_backend": "linux-perf",
  "perf": [
    {
      "counter-value": "441051.416335",
      "unit": "msec",
      "event": "task-clock",
      "event-runtime": 441051416335,
      "pcnt-running": 100.0,
      "metric-value": "3.288142",
      "metric-unit": "CPUs utilized"
    },
    {
      "counter-value": "1085245.000000",
      "unit": "",
      "event": "page-faults",
      "event-runtime": 441051416335,
      "pcnt-running": 100.0,
      "metric-value": "2.460586",
      "metric-unit": "K/sec"
    },
    {
      "counter-value": "1445760748164.000000",
      "unit": "",
      "event": "cycles",
      "event-runtime": 441051416335,
      "pcnt-running": 100.0,
      "metric-value": "3.277987",
      "metric-unit": "GHz"
    },
    {
      "counter-value": "1713288682579.000000",
      "unit": "",
      "event": "instructions",
      "event-runtime": 441051416335,
      "pcnt-running": 100.0,
      "metric-value": "1.185043",
      "metric-unit": "insn per cycle"
    }
  ]
}
-----
mkdir -p PLOTTY_WORKAROUND; timedrun; OCAMLRUNPARAM="e=18,d=128" taskset -c "4,6,8,10,12,14" /home/udesou/.bench-agent/git/macro-benches/benchmarks/infer/infer_default-ocaml-5.5.1-46e1c32
running-ng v0.3.8
Sun Sep 13 01:32:55 PM UTC 2026

 13:32:55 up 6 days, 13:26,  2 users,  load average: 2.55, 3.17, 2.94
USER     TTY      FROM             LOGIN@   IDLE   JCPU   PCPU  WHAT

procs -----------memory---------- ---swap-- -----io---- -system-- -------cpu-------
 r  b   swpd   free   buff  cache   si   so    bi    bo   in   cs us sy id wa st gu
 0  1    512 5071936 4620132 53725724    0    0    39  1123 2349    6 10  1 80  9  0  0
 0  1    512 5071960 4620132 53725164    0    0     0     0 1687 2848  0  0 88 12  0  0

top - 13:32:56 up 6 days, 13:26,  2 users,  load average: 2.55, 3.17, 2.94
Tasks: 280 total,   2 running, 278 sleeping,   0 stopped,   0 zombie
%Cpu(s):  1.2 us,  1.2 sy,  0.0 ni, 86.0 id, 11.6 wa,  0.0 hi,  0.0 si,  0.0 st 
MiB Mem :  64272.5 total,   4953.1 free,   3066.7 used,  56977.8 buff/cache     
MiB Swap:   8192.0 total,   8191.5 free,      0.5 used.  61205.8 avail Mem 

    PID USER      PR  NI    VIRT    RES    SHR S  %CPU  %MEM     TIME+ COMMAND
      1 root      20   0   22936  14244   9608 S   0.0   0.0   4:05.06 /usr/lib/systemd/systemd --system --deserialize=173
      2 root      20   0       0      0      0 S   0.0   0.0   0:00.07 [kthreadd]
      3 root      20   0       0      0      0 S   0.0   0.0   0:00.00 [pool_workqueue_release]
      4 root       0 -20       0      0      0 I   0.0   0.0   0:00.00 [kworker/R-rcu_g]
      5 root       0 -20       0      0      0 I   0.0   0.0   0:00.00 [kworker/R-rcu_p]

Environment variables: 
	CONFIG_FILE=/home/udesou/.bench-agent/work/run-20260913-001-e1/run-20260913-001.yml
	HOME=/home/udesou
	LANG=en_US.UTF-8
	LOGNAME=udesou
	LOG_DIR=/home/udesou/.bench-agent/logs
	OLLY_DIR=/home/udesou/.bench-agent/git/olly
	PATH=/usr/local/bin:/home/udesou/.bench-agent/git/olly/_build/install/default/bin:/home/udesou/.opam/running-ng-tools/bin:/home/udesou/.vscode-server/data/User/globalStorage/github.copilot-chat/debugCommand:/home/udesou/.vscode-server/data/User/globalStorage/github.copilot-chat/copilotCli:/home/udesou/.vscode-server/cli/servers/Stable-08d4889f9ec4a1685d257b9b95de036c8e1ce1e5/server/bin/remote-cli:/home/udesou/.opam/running-ng-ocaml-5.5.0-f523850-fp-flambda/bin:/home/udesou/.local/bin:/home/udesou/.opam/running-ng-ocaml-5.5.0-f523850-fp-flambda/bin:/home/udesou/.local/bin:/usr/local/sbin:/usr/local/bin:/usr/sbin:/usr/bin:/sbin:/bin:/usr/games:/usr/local/games:/snap/bin
	PWD=/home/udesou/ocaml-bench-service
	PYTHONPATH=/home/udesou/.bench-agent/git/running-ng/src
	RUNNING_BENCH_DIR=/home/udesou/.bench-agent/git/macro-benches
	RUNNING_MACRO_BENCH_DIR=/home/udesou/.bench-agent/git/macro-benches
	RUNNING_NG_PACKAGE_DATA=/home/udesou/.bench-agent/git/running-ng/src/running/config
	RUNNING_REUSE_SWITCHES=1
	RUNNING_TAG=default_run,large_run
	SHELL=/bin/bash
	SHLVL=1
	TERM=screen.xterm-256color
	USER=udesou
	_=/usr/bin/python3
OS: Linux obelisk 6.8.0-139-generic #139-Ubuntu SMP PREEMPT_DYNAMIC Sat Aug  1 03:52:05 UTC 2026 x86_64 x86_64 x86_64 GNU/Linux
CPU: Intel(R) Xeon(R) CPU E5-2667 v2 @ 3.30GHz
number of cores: 8
Frequency of cpu 0: 3.30 GHz
Governor of cpu 0: performance
Scaling_min_freq of cpu 0: 1.20 GHz
Frequency of cpu 2: 3.30 GHz
Governor of cpu 2: performance
Scaling_min_freq of cpu 2: 1.20 GHz
Frequency of cpu 4: 3.30 GHz
Governor of cpu 4: performance
Scaling_min_freq of cpu 4: 1.20 GHz
Frequency of cpu 6: 3.30 GHz
Governor of cpu 6: performance
Scaling_min_freq of cpu 6: 1.20 GHz
WARNING: Failed to resolve file /com/google/common/annotations/Beta.class with "No such file or directory" 

WARNING: Failed to resolve file /com/google/common/base/Converter$IdentityConverter.class with "No such file or directory" 

WARNING: Failed to resolve file /com/google/common/base/Platform.class with "No such file or directory" 

WARNING: Failed to resolve file /com/google/common/base/Utf8.class with "No such file or directory" 

WARNING: Failed to resolve file /com/google/common/cache/LocalCache$EntryFactory$2.class with "No such file or directory" 

WARNING: Failed to resolve file /com/google/common/cache/LongAddables.class with "No such file or directory" 

WARNING: Failed to resolve file /com/google/common/collect/AbstractMapBasedMultiset$2$1.class with "No such file or directory" 

WARNING: Failed to resolve file /com/google/common/collect/CollectSpliterators.class with "No such file or directory" 

WARNING: Failed to resolve file /com/google/common/collect/DenseImmutableTable.class with "No such file or directory" 

WARNING: Failed to resolve file /com/google/common/collect/ForwardingConcurrentMap.class with "No such file or directory" 

WARNING: Failed to resolve file /com/google/common/collect/HashMultimap.class with "No such file or directory" 

WARNING: Failed to resolve file /com/google/common/collect/ImmutableMultimap$Builder.class with "No such file or directory" 

WARNING: Failed to resolve file /com/google/common/collect/ImmutableSortedSet$1.class with "No such file or directory" 

WARNING: Failed to resolve file /com/google/common/collect/JdkBackedImmutableMap.class with "No such file or directory" 

WARNING: Failed to resolve file /com/google/common/collect/MapMakerInternalMap$EntrySet.class with "No such file or directory" 

WARNING: Failed to resolve file /com/google/common/collect/Maps$AsMapView$1EntrySetImpl.class with "No such file or directory" 

WARNING: Failed to resolve file /com/google/common/collect/MultimapBuilder$2.class with "No such file or directory" 

WARNING: Failed to resolve file /com/google/common/collect/Multisets$4.class with "No such file or directory" 

WARNING: Failed to resolve file /com/google/common/collect/RegularImmutableMap$Values.class with "No such file or directory" 

WARNING: Failed to resolve file /com/google/common/collect/SortedLists$KeyAbsentBehavior$2.class with "No such file or directory" 

WARNING: Failed to resolve file /com/google/common/collect/Streams$DoubleFunctionWithIndex.class with "No such file or directory" 

WARNING: Failed to resolve file /com/google/common/collect/TransformedListIterator.class with "No such file or directory" 

WARNING: Failed to resolve file /com/google/common/collect/TreeTraverser.class with "No such file or directory" 

WARNING: Failed to resolve file /com/google/common/graph/AbstractBaseGraph$1.class with "No such file or directory" 

WARNING: Failed to resolve file /com/google/common/graph/GraphBuilder.class with "No such file or directory" 

WARNING: Failed to resolve file /com/google/common/graph/ValueGraph.class with "No such file or directory" 

WARNING: Failed to resolve file /com/google/common/hash/Hashing.class with "No such file or directory" 

WARNING: Failed to resolve file /com/google/common/io/BaseEncoding.class with "No such file or directory" 

WARNING: Failed to resolve file /com/google/common/io/LineProcessor.class with "No such file or directory" 

WARNING: Failed to resolve file /com/google/common/net/HttpHeaders.class with "No such file or directory" 

WARNING: Failed to resolve file /com/google/common/primitives/Shorts$ShortConverter.class with "No such file or directory" 

WARNING: Failed to resolve file /com/google/common/reflect/TypeToken$Bounds.class with "No such file or directory" 

WARNING: Failed to resolve file /com/google/common/util/concurrent/AbstractFuture$Listener.class with "No such file or directory" 

WARNING: Failed to resolve file /com/google/common/util/concurrent/AggregateFutureState.class with "No such file or directory" 

WARNING: Failed to resolve file /com/google/common/util/concurrent/ForwardingCheckedFuture$SimpleForwardingCheckedFuture.class with "No such file or directory" 

WARNING: Failed to resolve file /com/google/common/util/concurrent/Monitor$Guard.class with "No such file or directory" 

WARNING: Failed to resolve file /com/google/common/util/concurrent/SimpleTimeLimiter$1.class with "No such file or directory" 

WARNING: Failed to resolve file /net/bytebuddy/ByteBuddy$RecordConstructorStrategy.class with "No such file or directory" 

WARNING: Failed to resolve file /net/bytebuddy/agent/builder/AgentBuilder$Default$NativeMethodStrategy$ForPrefix.class with "No such file or directory" 

WARNING: Failed to resolve file /net/bytebuddy/agent/builder/AgentBuilder$InstallationListener$Compound.class with "No such file or directory" 

WARNING: Failed to resolve file /net/bytebuddy/agent/builder/AgentBuilder$PoolStrategy$Default.class with "No such file or directory" 

WARNING: Failed to resolve file /net/bytebuddy/agent/builder/AgentBuilder$RedefinitionStrategy$Listener$Adapter.class with "No such file or directory" 

WARNING: Failed to resolve file /net/bytebuddy/agent/builder/package-info.class with "No such file or directory" 

WARNING: Failed to resolve file /net/bytebuddy/asm/Advice$AssignReturned$ToReturned$Handler.class with "No such file or directory" 

WARNING: Failed to resolve file /net/bytebuddy/asm/Advice$Dispatcher$Resolved$AbstractBase.class with "No such file or directory" 

WARNING: Failed to resolve file /net/bytebuddy/asm/Advice$OffsetMapping$ForInstrumentedMethod$2.class with "No such file or directory" 

WARNING: Failed to resolve file /net/bytebuddy/asm/Advice$OffsetMapping.class with "No such file or directory" 

WARNING: Failed to resolve file /net/bytebuddy/asm/ClassVisitorFactory$FrameTranslator.class with "No such file or directory" 

WARNING: Failed to resolve file /net/bytebuddy/asm/MemberSubstitution$TypePoolResolver$OfImplicitPool.class with "No such file or directory" 

WARNING: Failed to resolve file /net/bytebuddy/build/EntryPoint$Default.class with "No such file or directory" 

WARNING: Failed to resolve file /net/bytebuddy/build/Plugin$Engine$Listener$StreamWriting.class with "No such file or directory" 

WARNING: Failed to resolve file /net/bytebuddy/build/Plugin$Factory$UsingReflection$Instantiator$Unresolved.class with "No such file or directory" 

WARNING: Failed to resolve file /net/bytebuddy/description/annotation/AnnotationDescription.class with "No such file or directory" 

WARNING: Failed to resolve file /net/bytebuddy/description/annotation/AnnotationValue$Loaded$AbstractBase$ForUnresolvedProperty.class with "No such file or directory" 

WARNING: Failed to resolve file /net/bytebuddy/description/method/MethodList$Explicit.class with "No such file or directory" 

WARNING: Failed to resolve file /net/bytebuddy/description/modifier/SynchronizationState.class with "No such file or directory" 

WARNING: Failed to resolve file /net/bytebuddy/description/type/TypeDescription$Generic$AnnotationReader$Delegator$ForLoadedTypeVariable.class with "No such file or directory" 

WARNING: Failed to resolve file /net/bytebuddy/description/type/TypeDescription$Generic$OfParameterizedType$Latent.class with "No such file or directory" 

WARNING: Failed to resolve file /net/bytebuddy/description/type/TypeDescription$Latent.class with "No such file or directory" 

WARNING: Failed to resolve file /net/bytebuddy/dynamic/ClassFileLocator$ForModuleFile.class with "No such file or directory" 

WARNING: Failed to resolve file /net/bytebuddy/dynamic/DynamicType$Builder$MethodDefinition$ParameterDefinition$Simple$Annotatable$AbstractBase.class with "No such file or directory" 

WARNING: Failed to resolve file /net/bytebuddy/dynamic/VisibilityBridgeStrategy$Default$2.class with "No such file or directory" 

WARNING: Failed to resolve file /net/bytebuddy/dynamic/loading/ClassInjector$UsingReflection$Dispatcher$Initializable.class with "No such file or directory" 

WARNING: Failed to resolve file /net/bytebuddy/dynamic/loading/PackageDefinitionStrategy$ManifestReading.class with "No such file or directory" 

WARNING: Failed to resolve file /net/bytebuddy/dynamic/scaffold/MethodGraph$Compiler$Default$Key$Store$Entry$Initial.class with "No such file or directory" 

WARNING: Failed to resolve file /net/bytebuddy/dynamic/scaffold/TypeWriter$Default$ClassDumpAction$Dispatcher$Enabled.class with "No such file or directory" 

WARNING: Failed to resolve file /net/bytebuddy/dynamic/scaffold/TypeWriter$MethodPool$Record$AccessBridgeWrapper.class with "No such file or directory" 

WARNING: Failed to resolve file /net/bytebuddy/dynamic/scaffold/subclass/SubclassImplementationTarget$OriginTypeResolver$1.class with "No such file or directory" 

WARNING: Failed to resolve file /net/bytebuddy/implementation/FieldAccessor$FieldLocation.class with "No such file or directory" 

WARNING: Failed to resolve file /net/bytebuddy/implementation/HashCodeMethod$ValueTransformer$7.class with "No such file or directory" 

WARNING: Failed to resolve file /net/bytebuddy/implementation/InvocationHandlerAdapter.class with "No such file or directory" 

WARNING: Failed to resolve file /net/bytebuddy/implementation/InvokeDynamic$WithImplicitArguments.class with "No such file or directory" 

WARNING: Failed to resolve file /net/bytebuddy/implementation/MethodCall$MethodInvoker.class with "No such file or directory" 

WARNING: Failed to resolve file /net/bytebuddy/implementation/MethodDelegation.class with "No such file or directory" 

WARNING: Failed to resolve file /net/bytebuddy/implementation/attribute/AnnotationValueFilter$Factory.class with "No such file or directory" 

WARNING: Failed to resolve file /net/bytebuddy/implementation/auxiliary/TypeProxy$1.class with "No such file or directory" 

WARNING: Failed to resolve file /net/bytebuddy/implementation/bind/annotation/AllArguments.class with "No such file or directory" 

WARNING: Failed to resolve file /net/bytebuddy/implementation/bind/annotation/Morph$Binder$RedirectionProxy$InstanceFieldConstructor$Appender.class with "No such file or directory" 

WARNING: Failed to resolve file /net/bytebuddy/implementation/bytecode/ByteCodeAppender$Compound.class with "No such file or directory" 

WARNING: Failed to resolve file /net/bytebuddy/implementation/bytecode/assign/reference/GenericTypeAwareAssigner$IsAssignableToVisitor$OfGenericArray.class with "No such file or directory" 

WARNING: Failed to resolve file /net/bytebuddy/implementation/bytecode/member/FieldAccess$AccessDispatcher$FieldPutInstruction.class with "No such file or directory" 

WARNING: Failed to resolve file /net/bytebuddy/jar/asm/RecordComponentWriter.class with "No such file or directory" 

WARNING: Failed to resolve file /net/bytebuddy/matcher/FilterableList.class with "No such file or directory" 

WARNING: Failed to resolve file /net/bytebuddy/matcher/TypeSortMatcher.class with "No such file or directory" 

WARNING: Failed to resolve file /net/bytebuddy/pool/TypePool$Default$LazyTypeDescription$AnnotationToken.class with "No such file or directory" 

WARNING: Failed to resolve file /net/bytebuddy/pool/TypePool$Default$LazyTypeDescription$LazyMethodDescription$LazyParameterizedReceiverType$TypeArgumentList$AnnotatedTypeVariable.class with "No such file or directory" 

WARNING: Failed to resolve file /net/bytebuddy/utility/FileSystem$ForNio2CapableVm$StandardCopyOption.class with "No such file or directory" 

WARNING: Failed to resolve file /net/bytebuddy/utility/dispatcher/JavaDispatcher$Dispatcher.class with "No such file or directory" 

WARNING: Failed to resolve file /org/apache/lucene/analysis/CharArrayMap.class with "No such file or directory" 

WARNING: Failed to resolve file /org/apache/lucene/analysis/tokenattributes/TermToBytesRefAttribute.class with "No such file or directory" 

WARNING: Failed to resolve file /org/apache/lucene/codecs/KnnVectorsWriter$ByteVectorValuesSub.class with "No such file or directory" 

WARNING: Failed to resolve file /org/apache/lucene/codecs/hnsw/DefaultFlatVectorScorer$ByteScoringSupplier$1.class with "No such file or directory" 

WARNING: Failed to resolve file /org/apache/lucene/codecs/lucene90/Lucene90DocValuesProducer$17.class with "No such file or directory" 

WARNING: Failed to resolve file /org/apache/lucene/codecs/lucene90/Lucene90PointsFormat.class with "No such file or directory" 

WARNING: Failed to resolve file /org/apache/lucene/codecs/lucene912/ForUtil.class with "No such file or directory" 

WARNING: Failed to resolve file /org/apache/lucene/codecs/lucene99/Lucene99HnswVectorsWriter$2.class with "No such file or directory" 

WARNING: Failed to resolve file /org/apache/lucene/document/BinaryPoint$1.class with "No such file or directory" 

WARNING: Failed to resolve file /org/apache/lucene/document/FloatPoint$2.class with "No such file or directory" 

WARNING: Failed to resolve file /org/apache/lucene/document/LatLonPointDistanceQuery.class with "No such file or directory" 

WARNING: Failed to resolve file /org/apache/lucene/document/ShapeField$QueryRelation.class with "No such file or directory" 

WARNING: Failed to resolve file /org/apache/lucene/document/XYShapeDocValues.class with "No such file or directory" 

WARNING: Failed to resolve file /org/apache/lucene/index/BaseTermsEnum$1.class with "No such file or directory" 

WARNING: Failed to resolve file /org/apache/lucene/index/ConcurrentMergeScheduler.class with "No such file or directory" 

WARNING: Failed to resolve file /org/apache/lucene/index/ExitableDirectoryReader$ExitableFilterAtomicReader$4.class with "No such file or directory" 

WARNING: Failed to resolve file /org/apache/lucene/index/FreqProxFields$FreqProxTermsEnum$1.class with "No such file or directory" 

WARNING: Failed to resolve file /org/apache/lucene/index/IndexWriter$DocModifier.class with "No such file or directory" 

WARNING: Failed to resolve file /org/apache/lucene/index/MultiDocValues$1.class with "No such file or directory" 

WARNING: Failed to resolve file /org/apache/lucene/index/PointValues$IntersectVisitor.class with "No such file or directory" 

WARNING: Failed to resolve file /org/apache/lucene/index/SingletonSortedSetDocValues.class with "No such file or directory" 

WARNING: Failed to resolve file /org/apache/lucene/index/SortedNumericDocValuesWriter.class with "No such file or directory" 

WARNING: Failed to resolve file /org/apache/lucene/index/TermVectorsConsumerPerField$TermVectorsPostingsArray.class with "No such file or directory" 

WARNING: Failed to resolve file /org/apache/lucene/internal/hppc/IntDoubleHashMap$EntryIterator.class with "No such file or directory" 

WARNING: Failed to resolve file /org/apache/lucene/internal/hppc/LongIntHashMap$LongIntCursor.class with "No such file or directory" 

WARNING: Failed to resolve file /org/apache/lucene/search/BlockMaxConjunctionScorer$2.class with "No such file or directory" 

WARNING: Failed to resolve file /org/apache/lucene/search/ConstantScoreQuery$1$1.class with "No such file or directory" 

WARNING: Failed to resolve file /org/apache/lucene/search/DoubleValuesSource$DoubleValuesComparatorSource$1.class with "No such file or directory" 

WARNING: Failed to resolve file /org/apache/lucene/search/ImpactsDISI.class with "No such file or directory" 

WARNING: Failed to resolve file /org/apache/lucene/search/LongValuesSource$LongValuesComparatorSource.class with "No such file or directory" 

WARNING: Failed to resolve file /org/apache/lucene/search/NamedMatches$NamedQuery.class with "No such file or directory" 

WARNING: Failed to resolve file /org/apache/lucene/search/ReqOptSumScorer.class with "No such file or directory" 

WARNING: Failed to resolve file /org/apache/lucene/search/SortedNumericSortField$5.class with "No such file or directory" 

WARNING: Failed to resolve file /org/apache/lucene/search/TopDocsCollector.class with "No such file or directory" 

WARNING: Failed to resolve file /org/apache/lucene/search/comparators/NumericComparator$NumericLeafComparator.class with "No such file or directory" 

WARNING: Failed to resolve file /org/apache/lucene/search/similarities/MultiSimilarity.class with "No such file or directory" 

WARNING: Failed to resolve file /org/apache/lucene/store/IndexInput$1.class with "No such file or directory" 

WARNING: Failed to resolve file /org/apache/lucene/util/AttributeImpl.class with "No such file or directory" 

WARNING: Failed to resolve file /org/apache/lucene/util/DocIdSetBuilder$BulkAdder.class with "No such file or directory" 

WARNING: Failed to resolve file /org/apache/lucene/util/ModuleResourceLoader.class with "No such file or directory" 

WARNING: Failed to resolve file /org/apache/lucene/util/Sorter.class with "No such file or directory" 

WARNING: Failed to resolve file /org/apache/lucene/util/automaton/MinimizationOperations$IntPair.class with "No such file or directory" 

WARNING: Failed to resolve file /org/apache/lucene/util/bkd/OfflinePointWriter.class with "No such file or directory" 

WARNING: Failed to resolve file /org/apache/lucene/util/fst/Util$FSTPath.class with "No such file or directory" 

WARNING: Failed to resolve file /org/apache/lucene/util/mutable/MutableValueDate.class with "No such file or directory" 

WARNING: Failed to resolve file /org/apache/lucene/util/packed/DirectReader$DirectPackedReader32.class with "No such file or directory" 

WARNING: Failed to resolve file /org/apache/lucene/util/packed/PackedWriter.class with "No such file or directory" 

WARNING: Failed to resolve file /org/bouncycastle/asn1/ASN1ObjectDescriptor$1.class with "No such file or directory" 

WARNING: Failed to resolve file /org/bouncycastle/asn1/BEROctetStringParser.class with "No such file or directory" 

WARNING: Failed to resolve file /org/bouncycastle/asn1/LazyEncodedSequence.class with "No such file or directory" 

WARNING: Failed to resolve file /org/bouncycastle/asn1/ocsp/OCSPRequest.class with "No such file or directory" 

WARNING: Failed to resolve file /org/bouncycastle/asn1/sec/SECNamedCurves$17.class with "No such file or directory" 

WARNING: Failed to resolve file /org/bouncycastle/asn1/x500/DirectoryString.class with "No such file or directory" 

WARNING: Failed to resolve file /org/bouncycastle/asn1/x509/NameConstraints.class with "No such file or directory" 

WARNING: Failed to resolve file /org/bouncycastle/asn1/x509/sigi/NameOrPseudonym.class with "No such file or directory" 

WARNING: Failed to resolve file /org/bouncycastle/crypto/CipherKeyGenerator.class with "No such file or directory" 

WARNING: Failed to resolve file /org/bouncycastle/crypto/StagedAgreement.class with "No such file or directory" 

WARNING: Failed to resolve file /org/bouncycastle/crypto/digests/AsconXof$1.class with "No such file or directory" 

WARNING: Failed to resolve file /org/bouncycastle/crypto/digests/ShortenedDigest.class with "No such file or directory" 

WARNING: Failed to resolve file /org/bouncycastle/crypto/ec/ECDecryptor.class with "No such file or directory" 

WARNING: Failed to resolve file /org/bouncycastle/crypto/engines/GOST3412_2015Engine.class with "No such file or directory" 

WARNING: Failed to resolve file /org/bouncycastle/crypto/engines/SparkleEngine$1.class with "No such file or directory" 

WARNING: Failed to resolve file /org/bouncycastle/crypto/generators/ElGamalParametersGenerator.class with "No such file or directory" 

WARNING: Failed to resolve file /org/bouncycastle/crypto/macs/DSTU7564Mac.class with "No such file or directory" 

WARNING: Failed to resolve file /org/bouncycastle/crypto/modes/NISTCTSBlockCipher.class with "No such file or directory" 

WARNING: Failed to resolve file /org/bouncycastle/crypto/params/DHParameters.class with "No such file or directory" 

WARNING: Failed to resolve file /org/bouncycastle/crypto/params/NaccacheSternKeyGenerationParameters.class with "No such file or directory" 

WARNING: Failed to resolve file /org/bouncycastle/crypto/prng/X931SecureRandom.class with "No such file or directory" 

WARNING: Failed to resolve file /org/bouncycastle/crypto/util/DEROtherInfo$1.class with "No such file or directory" 

WARNING: Failed to resolve file /org/bouncycastle/crypto/util/SSHNamedCurves$3.class with "No such file or directory" 

WARNING: Failed to resolve file /org/bouncycastle/jcajce/BCFKSLoadStoreParameter$SignatureAlgorithm.class with "No such file or directory" 

WARNING: Failed to resolve file /org/bouncycastle/jcajce/provider/asymmetric/CompositeSignatures.class with "No such file or directory" 

WARNING: Failed to resolve file /org/bouncycastle/jcajce/provider/asymmetric/compositesignatures/KeyPairGeneratorSpi$MLDSA65_ECDSA_brainpoolP256r1_SHA512.class with "No such file or directory" 

WARNING: Failed to resolve file /org/bouncycastle/jcajce/provider/asymmetric/dh/KeyAgreementSpi$DHwithSHA384CKDF.class with "No such file or directory" 

WARNING: Failed to resolve file /org/bouncycastle/jcajce/provider/asymmetric/ec/BCECPrivateKey.class with "No such file or directory" 

WARNING: Failed to resolve file /org/bouncycastle/jcajce/provider/asymmetric/ec/KeyAgreementSpi$DHUwithSHA224KDF.class with "No such file or directory" 

WARNING: Failed to resolve file /org/bouncycastle/jcajce/provider/asymmetric/ec/KeyPairGeneratorSpi.class with "No such file or directory" 

WARNING: Failed to resolve file /org/bouncycastle/jcajce/provider/asymmetric/ecgost12/KeyAgreementSpi$ECVKO512.class with "No such file or directory" 

WARNING: Failed to resolve file /org/bouncycastle/jcajce/provider/asymmetric/edec/KeyPairGeneratorSpi$X448.class with "No such file or directory" 

WARNING: Failed to resolve file /org/bouncycastle/jcajce/provider/asymmetric/rsa/DigestSignatureSpi$SHA3_384.class with "No such file or directory" 

WARNING: Failed to resolve file /org/bouncycastle/jcajce/provider/asymmetric/rsa/PSSSignatureSpi$SHA512withRSA.class with "No such file or directory" 

WARNING: Failed to resolve file /org/bouncycastle/jcajce/provider/asymmetric/x509/X509CRLInternal.class with "No such file or directory" 

WARNING: Failed to resolve file /org/bouncycastle/jcajce/provider/digest/GOST3411$Mappings.class with "No such file or directory" 

WARNING: Failed to resolve file /org/bouncycastle/jcajce/provider/digest/RIPEMD256$HashMac.class with "No such file or directory" 

WARNING: Failed to resolve file /org/bouncycastle/jcajce/provider/digest/SHA3$Mappings.class with "No such file or directory" 

WARNING: Failed to resolve file /org/bouncycastle/jcajce/provider/digest/Skein$HMacKeyGenerator_512_384.class with "No such file or directory" 

WARNING: Failed to resolve file /org/bouncycastle/jcajce/provider/digest/Whirlpool$KeyGenerator.class with "No such file or directory" 

WARNING: Failed to resolve file /org/bouncycastle/jcajce/provider/keystore/pkcs12/PKCS12KeyStoreSpi$1.class with "No such file or directory" 

WARNING: Failed to resolve file /org/bouncycastle/jcajce/provider/symmetric/AES$PBEWithSHA256And192BitAESBC.class with "No such file or directory" 

WARNING: Failed to resolve file /org/bouncycastle/jcajce/provider/symmetric/CAST5$CBC.class with "No such file or directory" 

WARNING: Failed to resolve file /org/bouncycastle/jcajce/provider/symmetric/DES$Mappings.class with "No such file or directory" 

WARNING: Failed to resolve file /org/bouncycastle/jcajce/provider/symmetric/DSTU7624$GCM128.class with "No such file or directory" 

WARNING: Failed to resolve file /org/bouncycastle/jcajce/provider/symmetric/HC128$KeyGen.class with "No such file or directory" 

WARNING: Failed to resolve file /org/bouncycastle/jcajce/provider/symmetric/PBEPKCS12.class with "No such file or directory" 

WARNING: Failed to resolve file /org/bouncycastle/jcajce/provider/symmetric/Rijndael.class with "No such file or directory" 

WARNING: Failed to resolve file /org/bouncycastle/jcajce/provider/symmetric/Shacal2$AlgParams.class with "No such file or directory" 

WARNING: Failed to resolve file /org/bouncycastle/jcajce/provider/symmetric/Threefish.class with "No such file or directory" 

WARNING: Failed to resolve file /org/bouncycastle/jcajce/provider/symmetric/util/BaseStreamCipher.class with "No such file or directory" 

WARNING: Failed to resolve file /org/bouncycastle/jcajce/spec/SkeinParameterSpec.class with "No such file or directory" 

WARNING: Failed to resolve file /org/bouncycastle/jce/provider/AnnotatedException.class with "No such file or directory" 

WARNING: Failed to resolve file /org/bouncycastle/jce/provider/RFC3280CertPathUtilities.class with "No such file or directory" 

WARNING: Failed to resolve file /org/bouncycastle/math/ec/ECCurve$Config.class with "No such file or directory" 

WARNING: Failed to resolve file /org/bouncycastle/math/ec/custom/gm/SM2P256V1FieldElement.class with "No such file or directory" 

WARNING: Failed to resolve file /org/bouncycastle/math/ec/custom/sec/SecP384R1FieldElement.class with "No such file or directory" 

WARNING: Failed to resolve file /org/bouncycastle/math/ec/custom/sec/SecT239K1Curve.class with "No such file or directory" 

WARNING: Failed to resolve file /org/bouncycastle/math/ec/rfc8032/Ed25519$PointTemp.class with "No such file or directory" 

WARNING: Failed to resolve file /org/bouncycastle/pqc/asn1/PQCObjectIdentifiers.class with "No such file or directory" 

WARNING: Failed to resolve file /org/bouncycastle/pqc/crypto/crystals/dilithium/DilithiumKeyPairGenerator.class with "No such file or directory" 

WARNING: Failed to resolve file /org/bouncycastle/pqc/crypto/falcon/FalconSmallPrime.class with "No such file or directory" 

WARNING: Failed to resolve file /org/bouncycastle/pqc/crypto/hqc/HQCKEMExtractor.class with "No such file or directory" 

WARNING: Failed to resolve file /org/bouncycastle/pqc/crypto/newhope/NHKeyPairGenerator.class with "No such file or directory" 

WARNING: Failed to resolve file /org/bouncycastle/pqc/crypto/picnic/PicnicEngine.class with "No such file or directory" 

WARNING: Failed to resolve file /org/bouncycastle/pqc/crypto/sphincs/SPHINCS256KeyGenerationParameters.class with "No such file or directory" 

WARNING: Failed to resolve file /org/bouncycastle/pqc/crypto/util/PublicKeyFactory$LMSConverter.class with "No such file or directory" 

WARNING: Failed to resolve file /org/bouncycastle/pqc/crypto/xmss/XMSSMTPrivateKeyParameters$Builder.class with "No such file or directory" 

WARNING: Failed to resolve file /org/bouncycastle/pqc/jcajce/interfaces/NHPublicKey.class with "No such file or directory" 

WARNING: Failed to resolve file /org/bouncycastle/pqc/jcajce/provider/SPHINCS.class with "No such file or directory" 

WARNING: Failed to resolve file /org/bouncycastle/pqc/jcajce/provider/falcon/SignatureSpi$Base.class with "No such file or directory" 

WARNING: Failed to resolve file /org/bouncycastle/pqc/jcajce/provider/mceliece/BCMcEliecePrivateKey.class with "No such file or directory" 

WARNING: Failed to resolve file /org/bouncycastle/pqc/jcajce/provider/picnic/BCPicnicPublicKey.class with "No such file or directory" 

WARNING: Failed to resolve file /org/bouncycastle/pqc/jcajce/provider/sphincsplus/SPHINCSPlusKeyPairGeneratorSpi$Shake_256f.class with "No such file or directory" 

WARNING: Failed to resolve file /org/bouncycastle/pqc/jcajce/spec/KyberParameterSpec.class with "No such file or directory" 

WARNING: Failed to resolve file /org/bouncycastle/pqc/legacy/crypto/mceliece/McEliecePrivateKeyParameters.class with "No such file or directory" 

WARNING: Failed to resolve file /org/bouncycastle/pqc/legacy/math/linearalgebra/GF2Matrix.class with "No such file or directory" 

WARNING: Failed to resolve file /org/bouncycastle/pqc/math/ntru/parameters/NTRUHPS2048509.class with "No such file or directory" 

WARNING: Failed to resolve file /org/bouncycastle/util/encoders/HexTranslator.class with "No such file or directory" 

WARNING: Failed to resolve file /org/bouncycastle/x509/X509CRLStoreSelector.class with "No such file or directory" 

Found 215 (out of 11364) source files to analyze in /home/udesou/.bench-agent/git/macro-benches/vendor/.infer-capture-ocaml-5.5.1-46e1c32
Could not read file /com/google/common/collect/DenseImmutableTable.class
Could not read file /org/apache/lucene/document/ShapeDocValues.class
Could not read file /org/apache/lucene/index/MergeRateLimiter.class
*****
{
  "rusage": {
    "user_time": 434.473,
    "system_time": 32.145,
    "minor_faults": 1118224,
    "major_faults": 7,
    "voluntary_ctx_switches": 1904556,
    "involuntary_ctx_switches": 181912
  },
  "olly": {
    "version": 2,
    "wall_time": 132.24,
    "cpu_time": 920.67,
    "gc_time": 54.55,
    "gc_overhead": 5.93,
    "max_rss_kb": 4436072,
    "domain_stats": {
      "0": {
        "wall_time": 132.24,
        "gc_time": 3.23,
        "gc_overhead": 2.44
      },
      "1": {
        "wall_time": 131.4,
        "gc_time": 12.31,
        "gc_overhead": 9.37
      },
      "2": {
        "wall_time": 131.41,
        "gc_time": 13.57,
        "gc_overhead": 10.32
      },
      "3": {
        "wall_time": 131.4,
        "gc_time": 7.02,
        "gc_overhead": 5.35
      },
      "4": {
        "wall_time": 131.4,
        "gc_time": 5.81,
        "gc_overhead": 4.42
      },
      "5": {
        "wall_time": 131.4,
        "gc_time": 6.18,
        "gc_overhead": 4.7
      },
      "6": {
        "wall_time": 131.41,
        "gc_time": 6.43,
        "gc_overhead": 4.89
      }
    },
    "mean_latency": 1.302058,
    "stddev_latency": 2.274447,
    "min_latency": 0.0,
    "max_latency": 46.759935,
    "distr_latency": {
      "25.0000": 0.001607,
      "50.0000": 0.002735,
      "60.0000": 0.035775,
      "70.0000": 1.483775,
      "75.0000": 2.398207,
      "80.0000": 3.026943,
      "85.0000": 3.639295,
      "90.0000": 4.370431,
      "95.0000": 5.464063,
      "96.0000": 5.767167,
      "97.0000": 6.340607,
      "98.0000": 7.270399,
      "99.0000": 8.527871,
      "99.9000": 17.383423,
      "99.9900": 37.847039,
      "99.9990": 46.759935,
      "99.9999": 46.759935,
      "100.0000": 46.759935
    },
    "outliers": {
      "count": 0,
      "mean_latency": 0.0,
      "max_latency": 0.0
    },
    "allocations": {
      "total_heap": 79279711246,
      "minor_heap": 78782104508,
      "major_heap": 1349695308,
      "promoted_words": 852088570,
      "promoted_pct": 1.08
    },
    "domain_alloc_stats": {
      "0": {
        "total": 170608258,
        "minor": 150555829,
        "promoted": 8744857,
        "major": 28797286,
        "promoted_pct": 5.81
      },
      "1": {
        "total": 10093653210,
        "minor": 9464315189,
        "promoted": 95816640,
        "major": 725154661,
        "promoted_pct": 1.01
      },
      "2": {
        "total": 32398053090,
        "minor": 32475944128,
        "promoted": 323289361,
        "major": 245398323,
        "promoted_pct": 1.0
      },
      "3": {
        "total": 11549757370,
        "minor": 11541492627,
        "promoted": 84935570,
        "major": 93200313,
        "promoted_pct": 0.74
      },
      "4": {
        "total": 7673901481,
        "minor": 7684961253,
        "promoted": 110507684,
        "major": 99447912,
        "promoted_pct": 1.44
      },
      "5": {
        "total": 7785400438,
        "minor": 7818134705,
        "promoted": 111239429,
        "major": 78505162,
        "promoted_pct": 1.42
      },
      "6": {
        "total": 9608337399,
        "minor": 9646700777,
        "promoted": 117555029,
        "major": 79191651,
        "promoted_pct": 1.22
      }
    },
    "collections": {
      "minor": 3989,
      "major": 43,
      "forced_major": 0,
      "compactions": 0
    },
    "stats_reliable": true
  },
  "counter_backend": "linux-perf",
  "perf": [
    {
      "counter-value": "465521.309161",
      "unit": "msec",
      "event": "task-clock",
      "event-runtime": 465521309161,
      "pcnt-running": 100.0,
      "metric-value": "3.496665",
      "metric-unit": "CPUs utilized"
    },
    {
      "counter-value": "1117134.000000",
      "unit": "",
      "event": "page-faults",
      "event-runtime": 465521309161,
      "pcnt-running": 100.0,
      "metric-value": "2.399748",
      "metric-unit": "K/sec"
    },
    {
      "counter-value": "1522832593456.000000",
      "unit": "",
      "event": "cycles",
      "event-runtime": 465521309161,
      "pcnt-running": 100.0,
      "metric-value": "3.271241",
      "metric-unit": "GHz"
    },
    {
      "counter-value": "1842181586752.000000",
      "unit": "",
      "event": "instructions",
      "event-runtime": 465521309161,
      "pcnt-running": 100.0,
      "metric-value": "1.209707",
      "metric-unit": "insn per cycle"
    }
  ]
}
-----
mkdir -p PLOTTY_WORKAROUND; timedrun; OCAMLRUNPARAM="e=18,d=128" taskset -c "4,6,8,10,12,14" /home/udesou/.bench-agent/git/macro-benches/benchmarks/infer/infer_default-ocaml-5.5.1-46e1c32
running-ng v0.3.8
Sun Sep 13 01:41:52 PM UTC 2026

 13:41:52 up 6 days, 13:35,  2 users,  load average: 2.79, 3.24, 3.13
USER     TTY      FROM             LOGIN@   IDLE   JCPU   PCPU  WHAT

procs -----------memory---------- ---swap-- -----io---- -system-- -------cpu-------
 r  b   swpd   free   buff  cache   si   so    bi    bo   in   cs us sy id wa st gu
 0  1    512 5109260 4620372 53726792    0    0    39  1125 2353    6 11  1 80  9  0  0
 0  1    512 5109296 4620372 53726264    0    0     0   120 1704 2758  0  0 88 12  0  0

top - 13:41:53 up 6 days, 13:35,  2 users,  load average: 2.79, 3.24, 3.13
Tasks: 282 total,   1 running, 281 sleeping,   0 stopped,   0 zombie
%Cpu(s):  0.0 us,  1.2 sy,  0.0 ni, 86.0 id, 12.8 wa,  0.0 hi,  0.0 si,  0.0 st 
MiB Mem :  64272.5 total,   4989.5 free,   3028.6 used,  56979.1 buff/cache     
MiB Swap:   8192.0 total,   8191.5 free,      0.5 used.  61243.9 avail Mem 

    PID USER      PR  NI    VIRT    RES    SHR S  %CPU  %MEM     TIME+ COMMAND
     36 root      20   0       0      0      0 I  10.0   0.0  45:55.06 [rcuog/4]
     66 root      20   0       0      0      0 I  10.0   0.0  45:54.15 [rcuog/12]
 944958 udesou    20   0   11912   5732   3580 R  10.0   0.0   0:00.01 top -bcn 1 -w512
      1 root      20   0   22936  14244   9608 S   0.0   0.0   4:05.29 /usr/lib/systemd/systemd --system --deserialize=173
      2 root      20   0       0      0      0 S   0.0   0.0   0:00.07 [kthreadd]

Environment variables: 
	CONFIG_FILE=/home/udesou/.bench-agent/work/run-20260913-001-e1/run-20260913-001.yml
	HOME=/home/udesou
	LANG=en_US.UTF-8
	LOGNAME=udesou
	LOG_DIR=/home/udesou/.bench-agent/logs
	OLLY_DIR=/home/udesou/.bench-agent/git/olly
	PATH=/usr/local/bin:/home/udesou/.bench-agent/git/olly/_build/install/default/bin:/home/udesou/.opam/running-ng-tools/bin:/home/udesou/.vscode-server/data/User/globalStorage/github.copilot-chat/debugCommand:/home/udesou/.vscode-server/data/User/globalStorage/github.copilot-chat/copilotCli:/home/udesou/.vscode-server/cli/servers/Stable-08d4889f9ec4a1685d257b9b95de036c8e1ce1e5/server/bin/remote-cli:/home/udesou/.opam/running-ng-ocaml-5.5.0-f523850-fp-flambda/bin:/home/udesou/.local/bin:/home/udesou/.opam/running-ng-ocaml-5.5.0-f523850-fp-flambda/bin:/home/udesou/.local/bin:/usr/local/sbin:/usr/local/bin:/usr/sbin:/usr/bin:/sbin:/bin:/usr/games:/usr/local/games:/snap/bin
	PWD=/home/udesou/ocaml-bench-service
	PYTHONPATH=/home/udesou/.bench-agent/git/running-ng/src
	RUNNING_BENCH_DIR=/home/udesou/.bench-agent/git/macro-benches
	RUNNING_MACRO_BENCH_DIR=/home/udesou/.bench-agent/git/macro-benches
	RUNNING_NG_PACKAGE_DATA=/home/udesou/.bench-agent/git/running-ng/src/running/config
	RUNNING_REUSE_SWITCHES=1
	RUNNING_TAG=default_run,large_run
	SHELL=/bin/bash
	SHLVL=1
	TERM=screen.xterm-256color
	USER=udesou
	_=/usr/bin/python3
OS: Linux obelisk 6.8.0-139-generic #139-Ubuntu SMP PREEMPT_DYNAMIC Sat Aug  1 03:52:05 UTC 2026 x86_64 x86_64 x86_64 GNU/Linux
CPU: Intel(R) Xeon(R) CPU E5-2667 v2 @ 3.30GHz
number of cores: 8
Frequency of cpu 0: 3.30 GHz
Governor of cpu 0: performance
Scaling_min_freq of cpu 0: 1.20 GHz
Frequency of cpu 2: 3.30 GHz
Governor of cpu 2: performance
Scaling_min_freq of cpu 2: 1.20 GHz
Frequency of cpu 4: 3.30 GHz
Governor of cpu 4: performance
Scaling_min_freq of cpu 4: 1.20 GHz
Frequency of cpu 6: 3.30 GHz
Governor of cpu 6: performance
Scaling_min_freq of cpu 6: 1.20 GHz
WARNING: Failed to resolve file /com/google/common/annotations/Beta.class with "No such file or directory" 

WARNING: Failed to resolve file /com/google/common/base/Converter$IdentityConverter.class with "No such file or directory" 

WARNING: Failed to resolve file /com/google/common/base/Platform.class with "No such file or directory" 

WARNING: Failed to resolve file /com/google/common/base/Utf8.class with "No such file or directory" 

WARNING: Failed to resolve file /com/google/common/cache/LocalCache$EntryFactory$2.class with "No such file or directory" 

WARNING: Failed to resolve file /com/google/common/cache/LongAddables.class with "No such file or directory" 

WARNING: Failed to resolve file /com/google/common/collect/AbstractMapBasedMultiset$2$1.class with "No such file or directory" 

WARNING: Failed to resolve file /com/google/common/collect/CollectSpliterators.class with "No such file or directory" 

WARNING: Failed to resolve file /com/google/common/collect/DenseImmutableTable.class with "No such file or directory" 

WARNING: Failed to resolve file /com/google/common/collect/ForwardingConcurrentMap.class with "No such file or directory" 

WARNING: Failed to resolve file /com/google/common/collect/HashMultimap.class with "No such file or directory" 

WARNING: Failed to resolve file /com/google/common/collect/ImmutableMultimap$Builder.class with "No such file or directory" 

WARNING: Failed to resolve file /com/google/common/collect/ImmutableSortedSet$1.class with "No such file or directory" 

WARNING: Failed to resolve file /com/google/common/collect/JdkBackedImmutableMap.class with "No such file or directory" 

WARNING: Failed to resolve file /com/google/common/collect/MapMakerInternalMap$EntrySet.class with "No such file or directory" 

WARNING: Failed to resolve file /com/google/common/collect/Maps$AsMapView$1EntrySetImpl.class with "No such file or directory" 

WARNING: Failed to resolve file /com/google/common/collect/MultimapBuilder$2.class with "No such file or directory" 

WARNING: Failed to resolve file /com/google/common/collect/Multisets$4.class with "No such file or directory" 

WARNING: Failed to resolve file /com/google/common/collect/RegularImmutableMap$Values.class with "No such file or directory" 

WARNING: Failed to resolve file /com/google/common/collect/SortedLists$KeyAbsentBehavior$2.class with "No such file or directory" 

WARNING: Failed to resolve file /com/google/common/collect/Streams$DoubleFunctionWithIndex.class with "No such file or directory" 

WARNING: Failed to resolve file /com/google/common/collect/TransformedListIterator.class with "No such file or directory" 

WARNING: Failed to resolve file /com/google/common/collect/TreeTraverser.class with "No such file or directory" 

WARNING: Failed to resolve file /com/google/common/graph/AbstractBaseGraph$1.class with "No such file or directory" 

WARNING: Failed to resolve file /com/google/common/graph/GraphBuilder.class with "No such file or directory" 

WARNING: Failed to resolve file /com/google/common/graph/ValueGraph.class with "No such file or directory" 

WARNING: Failed to resolve file /com/google/common/hash/Hashing.class with "No such file or directory" 

WARNING: Failed to resolve file /com/google/common/io/BaseEncoding.class with "No such file or directory" 

WARNING: Failed to resolve file /com/google/common/io/LineProcessor.class with "No such file or directory" 

WARNING: Failed to resolve file /com/google/common/net/HttpHeaders.class with "No such file or directory" 

WARNING: Failed to resolve file /com/google/common/primitives/Shorts$ShortConverter.class with "No such file or directory" 

WARNING: Failed to resolve file /com/google/common/reflect/TypeToken$Bounds.class with "No such file or directory" 

WARNING: Failed to resolve file /com/google/common/util/concurrent/AbstractFuture$Listener.class with "No such file or directory" 

WARNING: Failed to resolve file /com/google/common/util/concurrent/AggregateFutureState.class with "No such file or directory" 

WARNING: Failed to resolve file /com/google/common/util/concurrent/ForwardingCheckedFuture$SimpleForwardingCheckedFuture.class with "No such file or directory" 

WARNING: Failed to resolve file /com/google/common/util/concurrent/Monitor$Guard.class with "No such file or directory" 

WARNING: Failed to resolve file /com/google/common/util/concurrent/SimpleTimeLimiter$1.class with "No such file or directory" 

WARNING: Failed to resolve file /net/bytebuddy/ByteBuddy$RecordConstructorStrategy.class with "No such file or directory" 

WARNING: Failed to resolve file /net/bytebuddy/agent/builder/AgentBuilder$Default$NativeMethodStrategy$ForPrefix.class with "No such file or directory" 

WARNING: Failed to resolve file /net/bytebuddy/agent/builder/AgentBuilder$InstallationListener$Compound.class with "No such file or directory" 

WARNING: Failed to resolve file /net/bytebuddy/agent/builder/AgentBuilder$PoolStrategy$Default.class with "No such file or directory" 

WARNING: Failed to resolve file /net/bytebuddy/agent/builder/AgentBuilder$RedefinitionStrategy$Listener$Adapter.class with "No such file or directory" 

WARNING: Failed to resolve file /net/bytebuddy/agent/builder/package-info.class with "No such file or directory" 

WARNING: Failed to resolve file /net/bytebuddy/asm/Advice$AssignReturned$ToReturned$Handler.class with "No such file or directory" 

WARNING: Failed to resolve file /net/bytebuddy/asm/Advice$Dispatcher$Resolved$AbstractBase.class with "No such file or directory" 

WARNING: Failed to resolve file /net/bytebuddy/asm/Advice$OffsetMapping$ForInstrumentedMethod$2.class with "No such file or directory" 

WARNING: Failed to resolve file /net/bytebuddy/asm/Advice$OffsetMapping.class with "No such file or directory" 

WARNING: Failed to resolve file /net/bytebuddy/asm/ClassVisitorFactory$FrameTranslator.class with "No such file or directory" 

WARNING: Failed to resolve file /net/bytebuddy/asm/MemberSubstitution$TypePoolResolver$OfImplicitPool.class with "No such file or directory" 

WARNING: Failed to resolve file /net/bytebuddy/build/EntryPoint$Default.class with "No such file or directory" 

WARNING: Failed to resolve file /net/bytebuddy/build/Plugin$Engine$Listener$StreamWriting.class with "No such file or directory" 

WARNING: Failed to resolve file /net/bytebuddy/build/Plugin$Factory$UsingReflection$Instantiator$Unresolved.class with "No such file or directory" 

WARNING: Failed to resolve file /net/bytebuddy/description/annotation/AnnotationDescription.class with "No such file or directory" 

WARNING: Failed to resolve file /net/bytebuddy/description/annotation/AnnotationValue$Loaded$AbstractBase$ForUnresolvedProperty.class with "No such file or directory" 

WARNING: Failed to resolve file /net/bytebuddy/description/method/MethodList$Explicit.class with "No such file or directory" 

WARNING: Failed to resolve file /net/bytebuddy/description/modifier/SynchronizationState.class with "No such file or directory" 

WARNING: Failed to resolve file /net/bytebuddy/description/type/TypeDescription$Generic$AnnotationReader$Delegator$ForLoadedTypeVariable.class with "No such file or directory" 

WARNING: Failed to resolve file /net/bytebuddy/description/type/TypeDescription$Generic$OfParameterizedType$Latent.class with "No such file or directory" 

WARNING: Failed to resolve file /net/bytebuddy/description/type/TypeDescription$Latent.class with "No such file or directory" 

WARNING: Failed to resolve file /net/bytebuddy/dynamic/ClassFileLocator$ForModuleFile.class with "No such file or directory" 

WARNING: Failed to resolve file /net/bytebuddy/dynamic/DynamicType$Builder$MethodDefinition$ParameterDefinition$Simple$Annotatable$AbstractBase.class with "No such file or directory" 

WARNING: Failed to resolve file /net/bytebuddy/dynamic/VisibilityBridgeStrategy$Default$2.class with "No such file or directory" 

WARNING: Failed to resolve file /net/bytebuddy/dynamic/loading/ClassInjector$UsingReflection$Dispatcher$Initializable.class with "No such file or directory" 

WARNING: Failed to resolve file /net/bytebuddy/dynamic/loading/PackageDefinitionStrategy$ManifestReading.class with "No such file or directory" 

WARNING: Failed to resolve file /net/bytebuddy/dynamic/scaffold/MethodGraph$Compiler$Default$Key$Store$Entry$Initial.class with "No such file or directory" 

WARNING: Failed to resolve file /net/bytebuddy/dynamic/scaffold/TypeWriter$Default$ClassDumpAction$Dispatcher$Enabled.class with "No such file or directory" 

WARNING: Failed to resolve file /net/bytebuddy/dynamic/scaffold/TypeWriter$MethodPool$Record$AccessBridgeWrapper.class with "No such file or directory" 

WARNING: Failed to resolve file /net/bytebuddy/dynamic/scaffold/subclass/SubclassImplementationTarget$OriginTypeResolver$1.class with "No such file or directory" 

WARNING: Failed to resolve file /net/bytebuddy/implementation/FieldAccessor$FieldLocation.class with "No such file or directory" 

WARNING: Failed to resolve file /net/bytebuddy/implementation/HashCodeMethod$ValueTransformer$7.class with "No such file or directory" 

WARNING: Failed to resolve file /net/bytebuddy/implementation/InvocationHandlerAdapter.class with "No such file or directory" 

WARNING: Failed to resolve file /net/bytebuddy/implementation/InvokeDynamic$WithImplicitArguments.class with "No such file or directory" 

WARNING: Failed to resolve file /net/bytebuddy/implementation/MethodCall$MethodInvoker.class with "No such file or directory" 

WARNING: Failed to resolve file /net/bytebuddy/implementation/MethodDelegation.class with "No such file or directory" 

WARNING: Failed to resolve file /net/bytebuddy/implementation/attribute/AnnotationValueFilter$Factory.class with "No such file or directory" 

WARNING: Failed to resolve file /net/bytebuddy/implementation/auxiliary/TypeProxy$1.class with "No such file or directory" 

WARNING: Failed to resolve file /net/bytebuddy/implementation/bind/annotation/AllArguments.class with "No such file or directory" 

WARNING: Failed to resolve file /net/bytebuddy/implementation/bind/annotation/Morph$Binder$RedirectionProxy$InstanceFieldConstructor$Appender.class with "No such file or directory" 

WARNING: Failed to resolve file /net/bytebuddy/implementation/bytecode/ByteCodeAppender$Compound.class with "No such file or directory" 

WARNING: Failed to resolve file /net/bytebuddy/implementation/bytecode/assign/reference/GenericTypeAwareAssigner$IsAssignableToVisitor$OfGenericArray.class with "No such file or directory" 

WARNING: Failed to resolve file /net/bytebuddy/implementation/bytecode/member/FieldAccess$AccessDispatcher$FieldPutInstruction.class with "No such file or directory" 

WARNING: Failed to resolve file /net/bytebuddy/jar/asm/RecordComponentWriter.class with "No such file or directory" 

WARNING: Failed to resolve file /net/bytebuddy/matcher/FilterableList.class with "No such file or directory" 

WARNING: Failed to resolve file /net/bytebuddy/matcher/TypeSortMatcher.class with "No such file or directory" 

WARNING: Failed to resolve file /net/bytebuddy/pool/TypePool$Default$LazyTypeDescription$AnnotationToken.class with "No such file or directory" 

WARNING: Failed to resolve file /net/bytebuddy/pool/TypePool$Default$LazyTypeDescription$LazyMethodDescription$LazyParameterizedReceiverType$TypeArgumentList$AnnotatedTypeVariable.class with "No such file or directory" 

WARNING: Failed to resolve file /net/bytebuddy/utility/FileSystem$ForNio2CapableVm$StandardCopyOption.class with "No such file or directory" 

WARNING: Failed to resolve file /net/bytebuddy/utility/dispatcher/JavaDispatcher$Dispatcher.class with "No such file or directory" 

WARNING: Failed to resolve file /org/apache/lucene/analysis/CharArrayMap.class with "No such file or directory" 

WARNING: Failed to resolve file /org/apache/lucene/analysis/tokenattributes/TermToBytesRefAttribute.class with "No such file or directory" 

WARNING: Failed to resolve file /org/apache/lucene/codecs/KnnVectorsWriter$ByteVectorValuesSub.class with "No such file or directory" 

WARNING: Failed to resolve file /org/apache/lucene/codecs/hnsw/DefaultFlatVectorScorer$ByteScoringSupplier$1.class with "No such file or directory" 

WARNING: Failed to resolve file /org/apache/lucene/codecs/lucene90/Lucene90DocValuesProducer$17.class with "No such file or directory" 

WARNING: Failed to resolve file /org/apache/lucene/codecs/lucene90/Lucene90PointsFormat.class with "No such file or directory" 

WARNING: Failed to resolve file /org/apache/lucene/codecs/lucene912/ForUtil.class with "No such file or directory" 

WARNING: Failed to resolve file /org/apache/lucene/codecs/lucene99/Lucene99HnswVectorsWriter$2.class with "No such file or directory" 

WARNING: Failed to resolve file /org/apache/lucene/document/BinaryPoint$1.class with "No such file or directory" 

WARNING: Failed to resolve file /org/apache/lucene/document/FloatPoint$2.class with "No such file or directory" 

WARNING: Failed to resolve file /org/apache/lucene/document/LatLonPointDistanceQuery.class with "No such file or directory" 

WARNING: Failed to resolve file /org/apache/lucene/document/ShapeField$QueryRelation.class with "No such file or directory" 

WARNING: Failed to resolve file /org/apache/lucene/document/XYShapeDocValues.class with "No such file or directory" 

WARNING: Failed to resolve file /org/apache/lucene/index/BaseTermsEnum$1.class with "No such file or directory" 

WARNING: Failed to resolve file /org/apache/lucene/index/ConcurrentMergeScheduler.class with "No such file or directory" 

WARNING: Failed to resolve file /org/apache/lucene/index/ExitableDirectoryReader$ExitableFilterAtomicReader$4.class with "No such file or directory" 

WARNING: Failed to resolve file /org/apache/lucene/index/FreqProxFields$FreqProxTermsEnum$1.class with "No such file or directory" 

WARNING: Failed to resolve file /org/apache/lucene/index/IndexWriter$DocModifier.class with "No such file or directory" 

WARNING: Failed to resolve file /org/apache/lucene/index/MultiDocValues$1.class with "No such file or directory" 

WARNING: Failed to resolve file /org/apache/lucene/index/PointValues$IntersectVisitor.class with "No such file or directory" 

WARNING: Failed to resolve file /org/apache/lucene/index/SingletonSortedSetDocValues.class with "No such file or directory" 

WARNING: Failed to resolve file /org/apache/lucene/index/SortedNumericDocValuesWriter.class with "No such file or directory" 

WARNING: Failed to resolve file /org/apache/lucene/index/TermVectorsConsumerPerField$TermVectorsPostingsArray.class with "No such file or directory" 

WARNING: Failed to resolve file /org/apache/lucene/internal/hppc/IntDoubleHashMap$EntryIterator.class with "No such file or directory" 

WARNING: Failed to resolve file /org/apache/lucene/internal/hppc/LongIntHashMap$LongIntCursor.class with "No such file or directory" 

WARNING: Failed to resolve file /org/apache/lucene/search/BlockMaxConjunctionScorer$2.class with "No such file or directory" 

WARNING: Failed to resolve file /org/apache/lucene/search/ConstantScoreQuery$1$1.class with "No such file or directory" 

WARNING: Failed to resolve file /org/apache/lucene/search/DoubleValuesSource$DoubleValuesComparatorSource$1.class with "No such file or directory" 

WARNING: Failed to resolve file /org/apache/lucene/search/ImpactsDISI.class with "No such file or directory" 

WARNING: Failed to resolve file /org/apache/lucene/search/LongValuesSource$LongValuesComparatorSource.class with "No such file or directory" 

WARNING: Failed to resolve file /org/apache/lucene/search/NamedMatches$NamedQuery.class with "No such file or directory" 

WARNING: Failed to resolve file /org/apache/lucene/search/ReqOptSumScorer.class with "No such file or directory" 

WARNING: Failed to resolve file /org/apache/lucene/search/SortedNumericSortField$5.class with "No such file or directory" 

WARNING: Failed to resolve file /org/apache/lucene/search/TopDocsCollector.class with "No such file or directory" 

WARNING: Failed to resolve file /org/apache/lucene/search/comparators/NumericComparator$NumericLeafComparator.class with "No such file or directory" 

WARNING: Failed to resolve file /org/apache/lucene/search/similarities/MultiSimilarity.class with "No such file or directory" 

WARNING: Failed to resolve file /org/apache/lucene/store/IndexInput$1.class with "No such file or directory" 

WARNING: Failed to resolve file /org/apache/lucene/util/AttributeImpl.class with "No such file or directory" 

WARNING: Failed to resolve file /org/apache/lucene/util/DocIdSetBuilder$BulkAdder.class with "No such file or directory" 

WARNING: Failed to resolve file /org/apache/lucene/util/ModuleResourceLoader.class with "No such file or directory" 

WARNING: Failed to resolve file /org/apache/lucene/util/Sorter.class with "No such file or directory" 

WARNING: Failed to resolve file /org/apache/lucene/util/automaton/MinimizationOperations$IntPair.class with "No such file or directory" 

WARNING: Failed to resolve file /org/apache/lucene/util/bkd/OfflinePointWriter.class with "No such file or directory" 

WARNING: Failed to resolve file /org/apache/lucene/util/fst/Util$FSTPath.class with "No such file or directory" 

WARNING: Failed to resolve file /org/apache/lucene/util/mutable/MutableValueDate.class with "No such file or directory" 

WARNING: Failed to resolve file /org/apache/lucene/util/packed/DirectReader$DirectPackedReader32.class with "No such file or directory" 

WARNING: Failed to resolve file /org/apache/lucene/util/packed/PackedWriter.class with "No such file or directory" 

WARNING: Failed to resolve file /org/bouncycastle/asn1/ASN1ObjectDescriptor$1.class with "No such file or directory" 

WARNING: Failed to resolve file /org/bouncycastle/asn1/BEROctetStringParser.class with "No such file or directory" 

WARNING: Failed to resolve file /org/bouncycastle/asn1/LazyEncodedSequence.class with "No such file or directory" 

WARNING: Failed to resolve file /org/bouncycastle/asn1/ocsp/OCSPRequest.class with "No such file or directory" 

WARNING: Failed to resolve file /org/bouncycastle/asn1/sec/SECNamedCurves$17.class with "No such file or directory" 

WARNING: Failed to resolve file /org/bouncycastle/asn1/x500/DirectoryString.class with "No such file or directory" 

WARNING: Failed to resolve file /org/bouncycastle/asn1/x509/NameConstraints.class with "No such file or directory" 

WARNING: Failed to resolve file /org/bouncycastle/asn1/x509/sigi/NameOrPseudonym.class with "No such file or directory" 

WARNING: Failed to resolve file /org/bouncycastle/crypto/CipherKeyGenerator.class with "No such file or directory" 

WARNING: Failed to resolve file /org/bouncycastle/crypto/StagedAgreement.class with "No such file or directory" 

WARNING: Failed to resolve file /org/bouncycastle/crypto/digests/AsconXof$1.class with "No such file or directory" 

WARNING: Failed to resolve file /org/bouncycastle/crypto/digests/ShortenedDigest.class with "No such file or directory" 

WARNING: Failed to resolve file /org/bouncycastle/crypto/ec/ECDecryptor.class with "No such file or directory" 

WARNING: Failed to resolve file /org/bouncycastle/crypto/engines/GOST3412_2015Engine.class with "No such file or directory" 

WARNING: Failed to resolve file /org/bouncycastle/crypto/engines/SparkleEngine$1.class with "No such file or directory" 

WARNING: Failed to resolve file /org/bouncycastle/crypto/generators/ElGamalParametersGenerator.class with "No such file or directory" 

WARNING: Failed to resolve file /org/bouncycastle/crypto/macs/DSTU7564Mac.class with "No such file or directory" 

WARNING: Failed to resolve file /org/bouncycastle/crypto/modes/NISTCTSBlockCipher.class with "No such file or directory" 

WARNING: Failed to resolve file /org/bouncycastle/crypto/params/DHParameters.class with "No such file or directory" 

WARNING: Failed to resolve file /org/bouncycastle/crypto/params/NaccacheSternKeyGenerationParameters.class with "No such file or directory" 

WARNING: Failed to resolve file /org/bouncycastle/crypto/prng/X931SecureRandom.class with "No such file or directory" 

WARNING: Failed to resolve file /org/bouncycastle/crypto/util/DEROtherInfo$1.class with "No such file or directory" 

WARNING: Failed to resolve file /org/bouncycastle/crypto/util/SSHNamedCurves$3.class with "No such file or directory" 

WARNING: Failed to resolve file /org/bouncycastle/jcajce/BCFKSLoadStoreParameter$SignatureAlgorithm.class with "No such file or directory" 

WARNING: Failed to resolve file /org/bouncycastle/jcajce/provider/asymmetric/CompositeSignatures.class with "No such file or directory" 

WARNING: Failed to resolve file /org/bouncycastle/jcajce/provider/asymmetric/compositesignatures/KeyPairGeneratorSpi$MLDSA65_ECDSA_brainpoolP256r1_SHA512.class with "No such file or directory" 

WARNING: Failed to resolve file /org/bouncycastle/jcajce/provider/asymmetric/dh/KeyAgreementSpi$DHwithSHA384CKDF.class with "No such file or directory" 

WARNING: Failed to resolve file /org/bouncycastle/jcajce/provider/asymmetric/ec/BCECPrivateKey.class with "No such file or directory" 

WARNING: Failed to resolve file /org/bouncycastle/jcajce/provider/asymmetric/ec/KeyAgreementSpi$DHUwithSHA224KDF.class with "No such file or directory" 

WARNING: Failed to resolve file /org/bouncycastle/jcajce/provider/asymmetric/ec/KeyPairGeneratorSpi.class with "No such file or directory" 

WARNING: Failed to resolve file /org/bouncycastle/jcajce/provider/asymmetric/ecgost12/KeyAgreementSpi$ECVKO512.class with "No such file or directory" 

WARNING: Failed to resolve file /org/bouncycastle/jcajce/provider/asymmetric/edec/KeyPairGeneratorSpi$X448.class with "No such file or directory" 

WARNING: Failed to resolve file /org/bouncycastle/jcajce/provider/asymmetric/rsa/DigestSignatureSpi$SHA3_384.class with "No such file or directory" 

WARNING: Failed to resolve file /org/bouncycastle/jcajce/provider/asymmetric/rsa/PSSSignatureSpi$SHA512withRSA.class with "No such file or directory" 

WARNING: Failed to resolve file /org/bouncycastle/jcajce/provider/asymmetric/x509/X509CRLInternal.class with "No such file or directory" 

WARNING: Failed to resolve file /org/bouncycastle/jcajce/provider/digest/GOST3411$Mappings.class with "No such file or directory" 

WARNING: Failed to resolve file /org/bouncycastle/jcajce/provider/digest/RIPEMD256$HashMac.class with "No such file or directory" 

WARNING: Failed to resolve file /org/bouncycastle/jcajce/provider/digest/SHA3$Mappings.class with "No such file or directory" 

WARNING: Failed to resolve file /org/bouncycastle/jcajce/provider/digest/Skein$HMacKeyGenerator_512_384.class with "No such file or directory" 

WARNING: Failed to resolve file /org/bouncycastle/jcajce/provider/digest/Whirlpool$KeyGenerator.class with "No such file or directory" 

WARNING: Failed to resolve file /org/bouncycastle/jcajce/provider/keystore/pkcs12/PKCS12KeyStoreSpi$1.class with "No such file or directory" 

WARNING: Failed to resolve file /org/bouncycastle/jcajce/provider/symmetric/AES$PBEWithSHA256And192BitAESBC.class with "No such file or directory" 

WARNING: Failed to resolve file /org/bouncycastle/jcajce/provider/symmetric/CAST5$CBC.class with "No such file or directory" 

WARNING: Failed to resolve file /org/bouncycastle/jcajce/provider/symmetric/DES$Mappings.class with "No such file or directory" 

WARNING: Failed to resolve file /org/bouncycastle/jcajce/provider/symmetric/DSTU7624$GCM128.class with "No such file or directory" 

WARNING: Failed to resolve file /org/bouncycastle/jcajce/provider/symmetric/HC128$KeyGen.class with "No such file or directory" 

WARNING: Failed to resolve file /org/bouncycastle/jcajce/provider/symmetric/PBEPKCS12.class with "No such file or directory" 

WARNING: Failed to resolve file /org/bouncycastle/jcajce/provider/symmetric/Rijndael.class with "No such file or directory" 

WARNING: Failed to resolve file /org/bouncycastle/jcajce/provider/symmetric/Shacal2$AlgParams.class with "No such file or directory" 

WARNING: Failed to resolve file /org/bouncycastle/jcajce/provider/symmetric/Threefish.class with "No such file or directory" 

WARNING: Failed to resolve file /org/bouncycastle/jcajce/provider/symmetric/util/BaseStreamCipher.class with "No such file or directory" 

WARNING: Failed to resolve file /org/bouncycastle/jcajce/spec/SkeinParameterSpec.class with "No such file or directory" 

WARNING: Failed to resolve file /org/bouncycastle/jce/provider/AnnotatedException.class with "No such file or directory" 

WARNING: Failed to resolve file /org/bouncycastle/jce/provider/RFC3280CertPathUtilities.class with "No such file or directory" 

WARNING: Failed to resolve file /org/bouncycastle/math/ec/ECCurve$Config.class with "No such file or directory" 

WARNING: Failed to resolve file /org/bouncycastle/math/ec/custom/gm/SM2P256V1FieldElement.class with "No such file or directory" 

WARNING: Failed to resolve file /org/bouncycastle/math/ec/custom/sec/SecP384R1FieldElement.class with "No such file or directory" 

WARNING: Failed to resolve file /org/bouncycastle/math/ec/custom/sec/SecT239K1Curve.class with "No such file or directory" 

WARNING: Failed to resolve file /org/bouncycastle/math/ec/rfc8032/Ed25519$PointTemp.class with "No such file or directory" 

WARNING: Failed to resolve file /org/bouncycastle/pqc/asn1/PQCObjectIdentifiers.class with "No such file or directory" 

WARNING: Failed to resolve file /org/bouncycastle/pqc/crypto/crystals/dilithium/DilithiumKeyPairGenerator.class with "No such file or directory" 

WARNING: Failed to resolve file /org/bouncycastle/pqc/crypto/falcon/FalconSmallPrime.class with "No such file or directory" 

WARNING: Failed to resolve file /org/bouncycastle/pqc/crypto/hqc/HQCKEMExtractor.class with "No such file or directory" 

WARNING: Failed to resolve file /org/bouncycastle/pqc/crypto/newhope/NHKeyPairGenerator.class with "No such file or directory" 

WARNING: Failed to resolve file /org/bouncycastle/pqc/crypto/picnic/PicnicEngine.class with "No such file or directory" 

WARNING: Failed to resolve file /org/bouncycastle/pqc/crypto/sphincs/SPHINCS256KeyGenerationParameters.class with "No such file or directory" 

WARNING: Failed to resolve file /org/bouncycastle/pqc/crypto/util/PublicKeyFactory$LMSConverter.class with "No such file or directory" 

WARNING: Failed to resolve file /org/bouncycastle/pqc/crypto/xmss/XMSSMTPrivateKeyParameters$Builder.class with "No such file or directory" 

WARNING: Failed to resolve file /org/bouncycastle/pqc/jcajce/interfaces/NHPublicKey.class with "No such file or directory" 

WARNING: Failed to resolve file /org/bouncycastle/pqc/jcajce/provider/SPHINCS.class with "No such file or directory" 

WARNING: Failed to resolve file /org/bouncycastle/pqc/jcajce/provider/falcon/SignatureSpi$Base.class with "No such file or directory" 

WARNING: Failed to resolve file /org/bouncycastle/pqc/jcajce/provider/mceliece/BCMcEliecePrivateKey.class with "No such file or directory" 

WARNING: Failed to resolve file /org/bouncycastle/pqc/jcajce/provider/picnic/BCPicnicPublicKey.class with "No such file or directory" 

WARNING: Failed to resolve file /org/bouncycastle/pqc/jcajce/provider/sphincsplus/SPHINCSPlusKeyPairGeneratorSpi$Shake_256f.class with "No such file or directory" 

WARNING: Failed to resolve file /org/bouncycastle/pqc/jcajce/spec/KyberParameterSpec.class with "No such file or directory" 

WARNING: Failed to resolve file /org/bouncycastle/pqc/legacy/crypto/mceliece/McEliecePrivateKeyParameters.class with "No such file or directory" 

WARNING: Failed to resolve file /org/bouncycastle/pqc/legacy/math/linearalgebra/GF2Matrix.class with "No such file or directory" 

WARNING: Failed to resolve file /org/bouncycastle/pqc/math/ntru/parameters/NTRUHPS2048509.class with "No such file or directory" 

WARNING: Failed to resolve file /org/bouncycastle/util/encoders/HexTranslator.class with "No such file or directory" 

WARNING: Failed to resolve file /org/bouncycastle/x509/X509CRLStoreSelector.class with "No such file or directory" 

Found 215 (out of 11364) source files to analyze in /home/udesou/.bench-agent/git/macro-benches/vendor/.infer-capture-ocaml-5.5.1-46e1c32
Could not read file /com/google/common/collect/DenseImmutableTable.class
Could not read file /org/apache/lucene/document/ShapeDocValues.class
Could not read file /org/apache/lucene/index/MergeRateLimiter.class
*****
{
  "rusage": {
    "user_time": 432.772,
    "system_time": 31.457,
    "minor_faults": 1125880,
    "major_faults": 7,
    "voluntary_ctx_switches": 1901800,
    "involuntary_ctx_switches": 102495
  },
  "olly": {
    "version": 2,
    "wall_time": 132.36,
    "cpu_time": 920.09,
    "gc_time": 54.05,
    "gc_overhead": 5.87,
    "max_rss_kb": 4427872,
    "domain_stats": {
      "0": {
        "wall_time": 132.36,
        "gc_time": 4.09,
        "gc_overhead": 3.09
      },
      "1": {
        "wall_time": 131.44,
        "gc_time": 12.11,
        "gc_overhead": 9.21
      },
      "2": {
        "wall_time": 131.37,
        "gc_time": 13.34,
        "gc_overhead": 10.16
      },
      "3": {
        "wall_time": 131.23,
        "gc_time": 6.28,
        "gc_overhead": 4.79
      },
      "4": {
        "wall_time": 131.23,
        "gc_time": 6.39,
        "gc_overhead": 4.87
      },
      "5": {
        "wall_time": 131.24,
        "gc_time": 5.95,
        "gc_overhead": 4.53
      },
      "6": {
        "wall_time": 131.22,
        "gc_time": 5.89,
        "gc_overhead": 4.49
      }
    },
    "mean_latency": 1.293777,
    "stddev_latency": 2.260231,
    "min_latency": 0.0,
    "max_latency": 41.025535,
    "distr_latency": {
      "25.0000": 0.001583,
      "50.0000": 0.002711,
      "60.0000": 0.027407,
      "70.0000": 1.510399,
      "75.0000": 2.367487,
      "80.0000": 3.008511,
      "85.0000": 3.727359,
      "90.0000": 4.411391,
      "95.0000": 5.435391,
      "96.0000": 5.726207,
      "97.0000": 6.291455,
      "98.0000": 7.098367,
      "99.0000": 8.601599,
      "99.9000": 15.753215,
      "99.9900": 37.584895,
      "99.9990": 41.025535,
      "99.9999": 41.025535,
      "100.0000": 41.025535
    },
    "outliers": {
      "count": 0,
      "mean_latency": 0.0,
      "max_latency": 0.0
    },
    "allocations": {
      "total_heap": 79196974096,
      "minor_heap": 78685957204,
      "major_heap": 1365494628,
      "promoted_words": 854477736,
      "promoted_pct": 1.09
    },
    "domain_alloc_stats": {
      "0": {
        "total": 171340986,
        "minor": 151967633,
        "promoted": 8731966,
        "major": 28105319,
        "promoted_pct": 5.75
      },
      "1": {
        "total": 11679992503,
        "minor": 11065231957,
        "promoted": 104673201,
        "major": 719433747,
        "promoted_pct": 0.95
      },
      "2": {
        "total": 32626025861,
        "minor": 32721008114,
        "promoted": 335045119,
        "major": 240062866,
        "promoted_pct": 1.02
      },
      "3": {
        "total": 11257668299,
        "minor": 11247589927,
        "promoted": 69731295,
        "major": 79809667,
        "promoted_pct": 0.62
      },
      "4": {
        "total": 7890002142,
        "minor": 7874970752,
        "promoted": 116411385,
        "major": 131442775,
        "promoted_pct": 1.48
      },
      "5": {
        "total": 7686199173,
        "minor": 7705692474,
        "promoted": 109067457,
        "major": 89574156,
        "promoted_pct": 1.42
      },
      "6": {
        "total": 7885745132,
        "minor": 7919496347,
        "promoted": 110817313,
        "major": 77066098,
        "promoted_pct": 1.4
      }
    },
    "collections": {
      "minor": 3992,
      "major": 43,
      "forced_major": 0,
      "compactions": 0
    },
    "stats_reliable": true
  },
  "counter_backend": "linux-perf",
  "perf": [
    {
      "counter-value": "463047.437981",
      "unit": "msec",
      "event": "task-clock",
      "event-runtime": 463047437981,
      "pcnt-running": 100.0,
      "metric-value": "3.478083",
      "metric-unit": "CPUs utilized"
    },
    {
      "counter-value": "1124790.000000",
      "unit": "",
      "event": "page-faults",
      "event-runtime": 463047437981,
      "pcnt-running": 100.0,
      "metric-value": "2.429103",
      "metric-unit": "K/sec"
    },
    {
      "counter-value": "1514720407965.000000",
      "unit": "",
      "event": "cycles",
      "event-runtime": 463047437981,
      "pcnt-running": 100.0,
      "metric-value": "3.271199",
      "metric-unit": "GHz"
    },
    {
      "counter-value": "1839158184484.000000",
      "unit": "",
      "event": "instructions",
      "event-runtime": 463047437981,
      "pcnt-running": 100.0,
      "metric-value": "1.214190",
      "metric-unit": "insn per cycle"
    }
  ]
}