
-----
mkdir -p PLOTTY_WORKAROUND; timedrun; OCAMLRUNPARAM="e=18,d=128" taskset -c "4,6,8,10,12,14" /home/udesou/.bench-agent/git/macro-benches/benchmarks/infer/infer_default-ocaml-5.5.1-46e1c32-fp-flambda
running-ng v0.3.8
Sun Sep 13 01:12:45 PM UTC 2026

 13:12:45 up 6 days, 13:06,  2 users,  load average: 2.39, 2.64, 1.86
USER     TTY      FROM             LOGIN@   IDLE   JCPU   PCPU  WHAT

procs -----------memory---------- ---swap-- -----io---- -system-- -------cpu-------
 r  b   swpd   free   buff  cache   si   so    bi    bo   in   cs us sy id wa st gu
 0  1    512 6038260 4619160 52799460    0    0    39  1117 2331    6 10  1 80  9  0  0
 0  1    512 6038328 4619160 52798956    0    0     0     0 1739 2903  0  0 88 12  0  0

top - 13:12:46 up 6 days, 13:06,  2 users,  load average: 2.39, 2.64, 1.86
Tasks: 281 total,   3 running, 278 sleeping,   0 stopped,   0 zombie
%Cpu(s):  1.2 us,  0.0 sy,  0.0 ni, 87.2 id, 11.6 wa,  0.0 hi,  0.0 si,  0.0 st 
MiB Mem :  64272.5 total,   5896.8 free,   3028.4 used,  56072.4 buff/cache     
MiB Swap:   8192.0 total,   8191.5 free,      0.5 used.  61244.0 avail Mem 

    PID USER      PR  NI    VIRT    RES    SHR S  %CPU  %MEM     TIME+ COMMAND
 943932 udesou    20   0   11912   5732   3580 R   9.1   0.0   0:00.01 top -bcn 1 -w512
      1 root      20   0   22936  14244   9608 S   0.0   0.0   4:04.58 /usr/lib/systemd/systemd --system --deserialize=173
      2 root      20   0       0      0      0 S   0.0   0.0   0:00.07 [kthreadd]
      3 root      20   0       0      0      0 S   0.0   0.0   0:00.00 [pool_workqueue_release]
      4 root       0 -20       0      0      0 I   0.0   0.0   0:00.00 [kworker/R-rcu_g]

Environment variables: 
	CONFIG_FILE=/home/udesou/.bench-agent/work/run-20260913-001-e1/run-20260913-001.yml
	HOME=/home/udesou
	LANG=en_US.UTF-8
	LOGNAME=udesou
	LOG_DIR=/home/udesou/.bench-agent/logs
	OLLY_DIR=/home/udesou/.bench-agent/git/olly
	PATH=/usr/local/bin:/home/udesou/.bench-agent/git/olly/_build/install/default/bin:/home/udesou/.opam/running-ng-tools/bin:/home/udesou/.vscode-server/data/User/globalStorage/github.copilot-chat/debugCommand:/home/udesou/.vscode-server/data/User/globalStorage/github.copilot-chat/copilotCli:/home/udesou/.vscode-server/cli/servers/Stable-08d4889f9ec4a1685d257b9b95de036c8e1ce1e5/server/bin/remote-cli:/home/udesou/.opam/running-ng-ocaml-5.5.0-f523850-fp-flambda/bin:/home/udesou/.local/bin:/home/udesou/.opam/running-ng-ocaml-5.5.0-f523850-fp-flambda/bin:/home/udesou/.local/bin:/usr/local/sbin:/usr/local/bin:/usr/sbin:/usr/bin:/sbin:/bin:/usr/games:/usr/local/games:/snap/bin
	PWD=/home/udesou/ocaml-bench-service
	PYTHONPATH=/home/udesou/.bench-agent/git/running-ng/src
	RUNNING_BENCH_DIR=/home/udesou/.bench-agent/git/macro-benches
	RUNNING_MACRO_BENCH_DIR=/home/udesou/.bench-agent/git/macro-benches
	RUNNING_NG_PACKAGE_DATA=/home/udesou/.bench-agent/git/running-ng/src/running/config
	RUNNING_REUSE_SWITCHES=1
	RUNNING_TAG=default_run,large_run
	SHELL=/bin/bash
	SHLVL=1
	TERM=screen.xterm-256color
	USER=udesou
	_=/usr/bin/python3
OS: Linux obelisk 6.8.0-139-generic #139-Ubuntu SMP PREEMPT_DYNAMIC Sat Aug  1 03:52:05 UTC 2026 x86_64 x86_64 x86_64 GNU/Linux
CPU: Intel(R) Xeon(R) CPU E5-2667 v2 @ 3.30GHz
number of cores: 8
Frequency of cpu 0: 3.30 GHz
Governor of cpu 0: performance
Scaling_min_freq of cpu 0: 1.20 GHz
Frequency of cpu 2: 3.30 GHz
Governor of cpu 2: performance
Scaling_min_freq of cpu 2: 1.20 GHz
Frequency of cpu 4: 3.30 GHz
Governor of cpu 4: performance
Scaling_min_freq of cpu 4: 1.20 GHz
Frequency of cpu 6: 3.30 GHz
Governor of cpu 6: performance
Scaling_min_freq of cpu 6: 1.20 GHz
WARNING: Failed to resolve file /com/google/common/annotations/Beta.class with "No such file or directory" 

WARNING: Failed to resolve file /com/google/common/base/Converter$IdentityConverter.class with "No such file or directory" 

WARNING: Failed to resolve file /com/google/common/base/Platform.class with "No such file or directory" 

WARNING: Failed to resolve file /com/google/common/base/Utf8.class with "No such file or directory" 

WARNING: Failed to resolve file /com/google/common/cache/LocalCache$EntryFactory$2.class with "No such file or directory" 

WARNING: Failed to resolve file /com/google/common/cache/LongAddables.class with "No such file or directory" 

WARNING: Failed to resolve file /com/google/common/collect/AbstractMapBasedMultiset$2$1.class with "No such file or directory" 

WARNING: Failed to resolve file /com/google/common/collect/CollectSpliterators.class with "No such file or directory" 

WARNING: Failed to resolve file /com/google/common/collect/DenseImmutableTable.class with "No such file or directory" 

WARNING: Failed to resolve file /com/google/common/collect/ForwardingConcurrentMap.class with "No such file or directory" 

WARNING: Failed to resolve file /com/google/common/collect/HashMultimap.class with "No such file or directory" 

WARNING: Failed to resolve file /com/google/common/collect/ImmutableMultimap$Builder.class with "No such file or directory" 

WARNING: Failed to resolve file /com/google/common/collect/ImmutableSortedSet$1.class with "No such file or directory" 

WARNING: Failed to resolve file /com/google/common/collect/JdkBackedImmutableMap.class with "No such file or directory" 

WARNING: Failed to resolve file /com/google/common/collect/MapMakerInternalMap$EntrySet.class with "No such file or directory" 

WARNING: Failed to resolve file /com/google/common/collect/Maps$AsMapView$1EntrySetImpl.class with "No such file or directory" 

WARNING: Failed to resolve file /com/google/common/collect/MultimapBuilder$2.class with "No such file or directory" 

WARNING: Failed to resolve file /com/google/common/collect/Multisets$4.class with "No such file or directory" 

WARNING: Failed to resolve file /com/google/common/collect/RegularImmutableMap$Values.class with "No such file or directory" 

WARNING: Failed to resolve file /com/google/common/collect/SortedLists$KeyAbsentBehavior$2.class with "No such file or directory" 

WARNING: Failed to resolve file /com/google/common/collect/Streams$DoubleFunctionWithIndex.class with "No such file or directory" 

WARNING: Failed to resolve file /com/google/common/collect/TransformedListIterator.class with "No such file or directory" 

WARNING: Failed to resolve file /com/google/common/collect/TreeTraverser.class with "No such file or directory" 

WARNING: Failed to resolve file /com/google/common/graph/AbstractBaseGraph$1.class with "No such file or directory" 

WARNING: Failed to resolve file /com/google/common/graph/GraphBuilder.class with "No such file or directory" 

WARNING: Failed to resolve file /com/google/common/graph/ValueGraph.class with "No such file or directory" 

WARNING: Failed to resolve file /com/google/common/hash/Hashing.class with "No such file or directory" 

WARNING: Failed to resolve file /com/google/common/io/BaseEncoding.class with "No such file or directory" 

WARNING: Failed to resolve file /com/google/common/io/LineProcessor.class with "No such file or directory" 

WARNING: Failed to resolve file /com/google/common/net/HttpHeaders.class with "No such file or directory" 

WARNING: Failed to resolve file /com/google/common/primitives/Shorts$ShortConverter.class with "No such file or directory" 

WARNING: Failed to resolve file /com/google/common/reflect/TypeToken$Bounds.class with "No such file or directory" 

WARNING: Failed to resolve file /com/google/common/util/concurrent/AbstractFuture$Listener.class with "No such file or directory" 

WARNING: Failed to resolve file /com/google/common/util/concurrent/AggregateFutureState.class with "No such file or directory" 

WARNING: Failed to resolve file /com/google/common/util/concurrent/ForwardingCheckedFuture$SimpleForwardingCheckedFuture.class with "No such file or directory" 

WARNING: Failed to resolve file /com/google/common/util/concurrent/Monitor$Guard.class with "No such file or directory" 

WARNING: Failed to resolve file /com/google/common/util/concurrent/SimpleTimeLimiter$1.class with "No such file or directory" 

WARNING: Failed to resolve file /net/bytebuddy/ByteBuddy$RecordConstructorStrategy.class with "No such file or directory" 

WARNING: Failed to resolve file /net/bytebuddy/agent/builder/AgentBuilder$Default$NativeMethodStrategy$ForPrefix.class with "No such file or directory" 

WARNING: Failed to resolve file /net/bytebuddy/agent/builder/AgentBuilder$InstallationListener$Compound.class with "No such file or directory" 

WARNING: Failed to resolve file /net/bytebuddy/agent/builder/AgentBuilder$PoolStrategy$Default.class with "No such file or directory" 

WARNING: Failed to resolve file /net/bytebuddy/agent/builder/AgentBuilder$RedefinitionStrategy$Listener$Adapter.class with "No such file or directory" 

WARNING: Failed to resolve file /net/bytebuddy/agent/builder/package-info.class with "No such file or directory" 

WARNING: Failed to resolve file /net/bytebuddy/asm/Advice$AssignReturned$ToReturned$Handler.class with "No such file or directory" 

WARNING: Failed to resolve file /net/bytebuddy/asm/Advice$Dispatcher$Resolved$AbstractBase.class with "No such file or directory" 

WARNING: Failed to resolve file /net/bytebuddy/asm/Advice$OffsetMapping$ForInstrumentedMethod$2.class with "No such file or directory" 

WARNING: Failed to resolve file /net/bytebuddy/asm/Advice$OffsetMapping.class with "No such file or directory" 

WARNING: Failed to resolve file /net/bytebuddy/asm/ClassVisitorFactory$FrameTranslator.class with "No such file or directory" 

WARNING: Failed to resolve file /net/bytebuddy/asm/MemberSubstitution$TypePoolResolver$OfImplicitPool.class with "No such file or directory" 

WARNING: Failed to resolve file /net/bytebuddy/build/EntryPoint$Default.class with "No such file or directory" 

WARNING: Failed to resolve file /net/bytebuddy/build/Plugin$Engine$Listener$StreamWriting.class with "No such file or directory" 

WARNING: Failed to resolve file /net/bytebuddy/build/Plugin$Factory$UsingReflection$Instantiator$Unresolved.class with "No such file or directory" 

WARNING: Failed to resolve file /net/bytebuddy/description/annotation/AnnotationDescription.class with "No such file or directory" 

WARNING: Failed to resolve file /net/bytebuddy/description/annotation/AnnotationValue$Loaded$AbstractBase$ForUnresolvedProperty.class with "No such file or directory" 

WARNING: Failed to resolve file /net/bytebuddy/description/method/MethodList$Explicit.class with "No such file or directory" 

WARNING: Failed to resolve file /net/bytebuddy/description/modifier/SynchronizationState.class with "No such file or directory" 

WARNING: Failed to resolve file /net/bytebuddy/description/type/TypeDescription$Generic$AnnotationReader$Delegator$ForLoadedTypeVariable.class with "No such file or directory" 

WARNING: Failed to resolve file /net/bytebuddy/description/type/TypeDescription$Generic$OfParameterizedType$Latent.class with "No such file or directory" 

WARNING: Failed to resolve file /net/bytebuddy/description/type/TypeDescription$Latent.class with "No such file or directory" 

WARNING: Failed to resolve file /net/bytebuddy/dynamic/ClassFileLocator$ForModuleFile.class with "No such file or directory" 

WARNING: Failed to resolve file /net/bytebuddy/dynamic/DynamicType$Builder$MethodDefinition$ParameterDefinition$Simple$Annotatable$AbstractBase.class with "No such file or directory" 

WARNING: Failed to resolve file /net/bytebuddy/dynamic/VisibilityBridgeStrategy$Default$2.class with "No such file or directory" 

WARNING: Failed to resolve file /net/bytebuddy/dynamic/loading/ClassInjector$UsingReflection$Dispatcher$Initializable.class with "No such file or directory" 

WARNING: Failed to resolve file /net/bytebuddy/dynamic/loading/PackageDefinitionStrategy$ManifestReading.class with "No such file or directory" 

WARNING: Failed to resolve file /net/bytebuddy/dynamic/scaffold/MethodGraph$Compiler$Default$Key$Store$Entry$Initial.class with "No such file or directory" 

WARNING: Failed to resolve file /net/bytebuddy/dynamic/scaffold/TypeWriter$Default$ClassDumpAction$Dispatcher$Enabled.class with "No such file or directory" 

WARNING: Failed to resolve file /net/bytebuddy/dynamic/scaffold/TypeWriter$MethodPool$Record$AccessBridgeWrapper.class with "No such file or directory" 

WARNING: Failed to resolve file /net/bytebuddy/dynamic/scaffold/subclass/SubclassImplementationTarget$OriginTypeResolver$1.class with "No such file or directory" 

WARNING: Failed to resolve file /net/bytebuddy/implementation/FieldAccessor$FieldLocation.class with "No such file or directory" 

WARNING: Failed to resolve file /net/bytebuddy/implementation/HashCodeMethod$ValueTransformer$7.class with "No such file or directory" 

WARNING: Failed to resolve file /net/bytebuddy/implementation/InvocationHandlerAdapter.class with "No such file or directory" 

WARNING: Failed to resolve file /net/bytebuddy/implementation/InvokeDynamic$WithImplicitArguments.class with "No such file or directory" 

WARNING: Failed to resolve file /net/bytebuddy/implementation/MethodCall$MethodInvoker.class with "No such file or directory" 

WARNING: Failed to resolve file /net/bytebuddy/implementation/MethodDelegation.class with "No such file or directory" 

WARNING: Failed to resolve file /net/bytebuddy/implementation/attribute/AnnotationValueFilter$Factory.class with "No such file or directory" 

WARNING: Failed to resolve file /net/bytebuddy/implementation/auxiliary/TypeProxy$1.class with "No such file or directory" 

WARNING: Failed to resolve file /net/bytebuddy/implementation/bind/annotation/AllArguments.class with "No such file or directory" 

WARNING: Failed to resolve file /net/bytebuddy/implementation/bind/annotation/Morph$Binder$RedirectionProxy$InstanceFieldConstructor$Appender.class with "No such file or directory" 

WARNING: Failed to resolve file /net/bytebuddy/implementation/bytecode/ByteCodeAppender$Compound.class with "No such file or directory" 

WARNING: Failed to resolve file /net/bytebuddy/implementation/bytecode/assign/reference/GenericTypeAwareAssigner$IsAssignableToVisitor$OfGenericArray.class with "No such file or directory" 

WARNING: Failed to resolve file /net/bytebuddy/implementation/bytecode/member/FieldAccess$AccessDispatcher$FieldPutInstruction.class with "No such file or directory" 

WARNING: Failed to resolve file /net/bytebuddy/jar/asm/RecordComponentWriter.class with "No such file or directory" 

WARNING: Failed to resolve file /net/bytebuddy/matcher/FilterableList.class with "No such file or directory" 

WARNING: Failed to resolve file /net/bytebuddy/matcher/TypeSortMatcher.class with "No such file or directory" 

WARNING: Failed to resolve file /net/bytebuddy/pool/TypePool$Default$LazyTypeDescription$AnnotationToken.class with "No such file or directory" 

WARNING: Failed to resolve file /net/bytebuddy/pool/TypePool$Default$LazyTypeDescription$LazyMethodDescription$LazyParameterizedReceiverType$TypeArgumentList$AnnotatedTypeVariable.class with "No such file or directory" 

WARNING: Failed to resolve file /net/bytebuddy/utility/FileSystem$ForNio2CapableVm$StandardCopyOption.class with "No such file or directory" 

WARNING: Failed to resolve file /net/bytebuddy/utility/dispatcher/JavaDispatcher$Dispatcher.class with "No such file or directory" 

WARNING: Failed to resolve file /org/apache/lucene/analysis/CharArrayMap.class with "No such file or directory" 

WARNING: Failed to resolve file /org/apache/lucene/analysis/tokenattributes/TermToBytesRefAttribute.class with "No such file or directory" 

WARNING: Failed to resolve file /org/apache/lucene/codecs/KnnVectorsWriter$ByteVectorValuesSub.class with "No such file or directory" 

WARNING: Failed to resolve file /org/apache/lucene/codecs/hnsw/DefaultFlatVectorScorer$ByteScoringSupplier$1.class with "No such file or directory" 

WARNING: Failed to resolve file /org/apache/lucene/codecs/lucene90/Lucene90DocValuesProducer$17.class with "No such file or directory" 

WARNING: Failed to resolve file /org/apache/lucene/codecs/lucene90/Lucene90PointsFormat.class with "No such file or directory" 

WARNING: Failed to resolve file /org/apache/lucene/codecs/lucene912/ForUtil.class with "No such file or directory" 

WARNING: Failed to resolve file /org/apache/lucene/codecs/lucene99/Lucene99HnswVectorsWriter$2.class with "No such file or directory" 

WARNING: Failed to resolve file /org/apache/lucene/document/BinaryPoint$1.class with "No such file or directory" 

WARNING: Failed to resolve file /org/apache/lucene/document/FloatPoint$2.class with "No such file or directory" 

WARNING: Failed to resolve file /org/apache/lucene/document/LatLonPointDistanceQuery.class with "No such file or directory" 

WARNING: Failed to resolve file /org/apache/lucene/document/ShapeField$QueryRelation.class with "No such file or directory" 

WARNING: Failed to resolve file /org/apache/lucene/document/XYShapeDocValues.class with "No such file or directory" 

WARNING: Failed to resolve file /org/apache/lucene/index/BaseTermsEnum$1.class with "No such file or directory" 

WARNING: Failed to resolve file /org/apache/lucene/index/ConcurrentMergeScheduler.class with "No such file or directory" 

WARNING: Failed to resolve file /org/apache/lucene/index/ExitableDirectoryReader$ExitableFilterAtomicReader$4.class with "No such file or directory" 

WARNING: Failed to resolve file /org/apache/lucene/index/FreqProxFields$FreqProxTermsEnum$1.class with "No such file or directory" 

WARNING: Failed to resolve file /org/apache/lucene/index/IndexWriter$DocModifier.class with "No such file or directory" 

WARNING: Failed to resolve file /org/apache/lucene/index/MultiDocValues$1.class with "No such file or directory" 

WARNING: Failed to resolve file /org/apache/lucene/index/PointValues$IntersectVisitor.class with "No such file or directory" 

WARNING: Failed to resolve file /org/apache/lucene/index/SingletonSortedSetDocValues.class with "No such file or directory" 

WARNING: Failed to resolve file /org/apache/lucene/index/SortedNumericDocValuesWriter.class with "No such file or directory" 

WARNING: Failed to resolve file /org/apache/lucene/index/TermVectorsConsumerPerField$TermVectorsPostingsArray.class with "No such file or directory" 

WARNING: Failed to resolve file /org/apache/lucene/internal/hppc/IntDoubleHashMap$EntryIterator.class with "No such file or directory" 

WARNING: Failed to resolve file /org/apache/lucene/internal/hppc/LongIntHashMap$LongIntCursor.class with "No such file or directory" 

WARNING: Failed to resolve file /org/apache/lucene/search/BlockMaxConjunctionScorer$2.class with "No such file or directory" 

WARNING: Failed to resolve file /org/apache/lucene/search/ConstantScoreQuery$1$1.class with "No such file or directory" 

WARNING: Failed to resolve file /org/apache/lucene/search/DoubleValuesSource$DoubleValuesComparatorSource$1.class with "No such file or directory" 

WARNING: Failed to resolve file /org/apache/lucene/search/ImpactsDISI.class with "No such file or directory" 

WARNING: Failed to resolve file /org/apache/lucene/search/LongValuesSource$LongValuesComparatorSource.class with "No such file or directory" 

WARNING: Failed to resolve file /org/apache/lucene/search/NamedMatches$NamedQuery.class with "No such file or directory" 

WARNING: Failed to resolve file /org/apache/lucene/search/ReqOptSumScorer.class with "No such file or directory" 

WARNING: Failed to resolve file /org/apache/lucene/search/SortedNumericSortField$5.class with "No such file or directory" 

WARNING: Failed to resolve file /org/apache/lucene/search/TopDocsCollector.class with "No such file or directory" 

WARNING: Failed to resolve file /org/apache/lucene/search/comparators/NumericComparator$NumericLeafComparator.class with "No such file or directory" 

WARNING: Failed to resolve file /org/apache/lucene/search/similarities/MultiSimilarity.class with "No such file or directory" 

WARNING: Failed to resolve file /org/apache/lucene/store/IndexInput$1.class with "No such file or directory" 

WARNING: Failed to resolve file /org/apache/lucene/util/AttributeImpl.class with "No such file or directory" 

WARNING: Failed to resolve file /org/apache/lucene/util/DocIdSetBuilder$BulkAdder.class with "No such file or directory" 

WARNING: Failed to resolve file /org/apache/lucene/util/ModuleResourceLoader.class with "No such file or directory" 

WARNING: Failed to resolve file /org/apache/lucene/util/Sorter.class with "No such file or directory" 

WARNING: Failed to resolve file /org/apache/lucene/util/automaton/MinimizationOperations$IntPair.class with "No such file or directory" 

WARNING: Failed to resolve file /org/apache/lucene/util/bkd/OfflinePointWriter.class with "No such file or directory" 

WARNING: Failed to resolve file /org/apache/lucene/util/fst/Util$FSTPath.class with "No such file or directory" 

WARNING: Failed to resolve file /org/apache/lucene/util/mutable/MutableValueDate.class with "No such file or directory" 

WARNING: Failed to resolve file /org/apache/lucene/util/packed/DirectReader$DirectPackedReader32.class with "No such file or directory" 

WARNING: Failed to resolve file /org/apache/lucene/util/packed/PackedWriter.class with "No such file or directory" 

WARNING: Failed to resolve file /org/bouncycastle/asn1/ASN1ObjectDescriptor$1.class with "No such file or directory" 

WARNING: Failed to resolve file /org/bouncycastle/asn1/BEROctetStringParser.class with "No such file or directory" 

WARNING: Failed to resolve file /org/bouncycastle/asn1/LazyEncodedSequence.class with "No such file or directory" 

WARNING: Failed to resolve file /org/bouncycastle/asn1/ocsp/OCSPRequest.class with "No such file or directory" 

WARNING: Failed to resolve file /org/bouncycastle/asn1/sec/SECNamedCurves$17.class with "No such file or directory" 

WARNING: Failed to resolve file /org/bouncycastle/asn1/x500/DirectoryString.class with "No such file or directory" 

WARNING: Failed to resolve file /org/bouncycastle/asn1/x509/NameConstraints.class with "No such file or directory" 

WARNING: Failed to resolve file /org/bouncycastle/asn1/x509/sigi/NameOrPseudonym.class with "No such file or directory" 

WARNING: Failed to resolve file /org/bouncycastle/crypto/CipherKeyGenerator.class with "No such file or directory" 

WARNING: Failed to resolve file /org/bouncycastle/crypto/StagedAgreement.class with "No such file or directory" 

WARNING: Failed to resolve file /org/bouncycastle/crypto/digests/AsconXof$1.class with "No such file or directory" 

WARNING: Failed to resolve file /org/bouncycastle/crypto/digests/ShortenedDigest.class with "No such file or directory" 

WARNING: Failed to resolve file /org/bouncycastle/crypto/ec/ECDecryptor.class with "No such file or directory" 

WARNING: Failed to resolve file /org/bouncycastle/crypto/engines/GOST3412_2015Engine.class with "No such file or directory" 

WARNING: Failed to resolve file /org/bouncycastle/crypto/engines/SparkleEngine$1.class with "No such file or directory" 

WARNING: Failed to resolve file /org/bouncycastle/crypto/generators/ElGamalParametersGenerator.class with "No such file or directory" 

WARNING: Failed to resolve file /org/bouncycastle/crypto/macs/DSTU7564Mac.class with "No such file or directory" 

WARNING: Failed to resolve file /org/bouncycastle/crypto/modes/NISTCTSBlockCipher.class with "No such file or directory" 

WARNING: Failed to resolve file /org/bouncycastle/crypto/params/DHParameters.class with "No such file or directory" 

WARNING: Failed to resolve file /org/bouncycastle/crypto/params/NaccacheSternKeyGenerationParameters.class with "No such file or directory" 

WARNING: Failed to resolve file /org/bouncycastle/crypto/prng/X931SecureRandom.class with "No such file or directory" 

WARNING: Failed to resolve file /org/bouncycastle/crypto/util/DEROtherInfo$1.class with "No such file or directory" 

WARNING: Failed to resolve file /org/bouncycastle/crypto/util/SSHNamedCurves$3.class with "No such file or directory" 

WARNING: Failed to resolve file /org/bouncycastle/jcajce/BCFKSLoadStoreParameter$SignatureAlgorithm.class with "No such file or directory" 

WARNING: Failed to resolve file /org/bouncycastle/jcajce/provider/asymmetric/CompositeSignatures.class with "No such file or directory" 

WARNING: Failed to resolve file /org/bouncycastle/jcajce/provider/asymmetric/compositesignatures/KeyPairGeneratorSpi$MLDSA65_ECDSA_brainpoolP256r1_SHA512.class with "No such file or directory" 

WARNING: Failed to resolve file /org/bouncycastle/jcajce/provider/asymmetric/dh/KeyAgreementSpi$DHwithSHA384CKDF.class with "No such file or directory" 

WARNING: Failed to resolve file /org/bouncycastle/jcajce/provider/asymmetric/ec/BCECPrivateKey.class with "No such file or directory" 

WARNING: Failed to resolve file /org/bouncycastle/jcajce/provider/asymmetric/ec/KeyAgreementSpi$DHUwithSHA224KDF.class with "No such file or directory" 

WARNING: Failed to resolve file /org/bouncycastle/jcajce/provider/asymmetric/ec/KeyPairGeneratorSpi.class with "No such file or directory" 

WARNING: Failed to resolve file /org/bouncycastle/jcajce/provider/asymmetric/ecgost12/KeyAgreementSpi$ECVKO512.class with "No such file or directory" 

WARNING: Failed to resolve file /org/bouncycastle/jcajce/provider/asymmetric/edec/KeyPairGeneratorSpi$X448.class with "No such file or directory" 

WARNING: Failed to resolve file /org/bouncycastle/jcajce/provider/asymmetric/rsa/DigestSignatureSpi$SHA3_384.class with "No such file or directory" 

WARNING: Failed to resolve file /org/bouncycastle/jcajce/provider/asymmetric/rsa/PSSSignatureSpi$SHA512withRSA.class with "No such file or directory" 

WARNING: Failed to resolve file /org/bouncycastle/jcajce/provider/asymmetric/x509/X509CRLInternal.class with "No such file or directory" 

WARNING: Failed to resolve file /org/bouncycastle/jcajce/provider/digest/GOST3411$Mappings.class with "No such file or directory" 

WARNING: Failed to resolve file /org/bouncycastle/jcajce/provider/digest/RIPEMD256$HashMac.class with "No such file or directory" 

WARNING: Failed to resolve file /org/bouncycastle/jcajce/provider/digest/SHA3$Mappings.class with "No such file or directory" 

WARNING: Failed to resolve file /org/bouncycastle/jcajce/provider/digest/Skein$HMacKeyGenerator_512_384.class with "No such file or directory" 

WARNING: Failed to resolve file /org/bouncycastle/jcajce/provider/digest/Whirlpool$KeyGenerator.class with "No such file or directory" 

WARNING: Failed to resolve file /org/bouncycastle/jcajce/provider/keystore/pkcs12/PKCS12KeyStoreSpi$1.class with "No such file or directory" 

WARNING: Failed to resolve file /org/bouncycastle/jcajce/provider/symmetric/AES$PBEWithSHA256And192BitAESBC.class with "No such file or directory" 

WARNING: Failed to resolve file /org/bouncycastle/jcajce/provider/symmetric/CAST5$CBC.class with "No such file or directory" 

WARNING: Failed to resolve file /org/bouncycastle/jcajce/provider/symmetric/DES$Mappings.class with "No such file or directory" 

WARNING: Failed to resolve file /org/bouncycastle/jcajce/provider/symmetric/DSTU7624$GCM128.class with "No such file or directory" 

WARNING: Failed to resolve file /org/bouncycastle/jcajce/provider/symmetric/HC128$KeyGen.class with "No such file or directory" 

WARNING: Failed to resolve file /org/bouncycastle/jcajce/provider/symmetric/PBEPKCS12.class with "No such file or directory" 

WARNING: Failed to resolve file /org/bouncycastle/jcajce/provider/symmetric/Rijndael.class with "No such file or directory" 

WARNING: Failed to resolve file /org/bouncycastle/jcajce/provider/symmetric/Shacal2$AlgParams.class with "No such file or directory" 

WARNING: Failed to resolve file /org/bouncycastle/jcajce/provider/symmetric/Threefish.class with "No such file or directory" 

WARNING: Failed to resolve file /org/bouncycastle/jcajce/provider/symmetric/util/BaseStreamCipher.class with "No such file or directory" 

WARNING: Failed to resolve file /org/bouncycastle/jcajce/spec/SkeinParameterSpec.class with "No such file or directory" 

WARNING: Failed to resolve file /org/bouncycastle/jce/provider/AnnotatedException.class with "No such file or directory" 

WARNING: Failed to resolve file /org/bouncycastle/jce/provider/RFC3280CertPathUtilities.class with "No such file or directory" 

WARNING: Failed to resolve file /org/bouncycastle/math/ec/ECCurve$Config.class with "No such file or directory" 

WARNING: Failed to resolve file /org/bouncycastle/math/ec/custom/gm/SM2P256V1FieldElement.class with "No such file or directory" 

WARNING: Failed to resolve file /org/bouncycastle/math/ec/custom/sec/SecP384R1FieldElement.class with "No such file or directory" 

WARNING: Failed to resolve file /org/bouncycastle/math/ec/custom/sec/SecT239K1Curve.class with "No such file or directory" 

WARNING: Failed to resolve file /org/bouncycastle/math/ec/rfc8032/Ed25519$PointTemp.class with "No such file or directory" 

WARNING: Failed to resolve file /org/bouncycastle/pqc/asn1/PQCObjectIdentifiers.class with "No such file or directory" 

WARNING: Failed to resolve file /org/bouncycastle/pqc/crypto/crystals/dilithium/DilithiumKeyPairGenerator.class with "No such file or directory" 

WARNING: Failed to resolve file /org/bouncycastle/pqc/crypto/falcon/FalconSmallPrime.class with "No such file or directory" 

WARNING: Failed to resolve file /org/bouncycastle/pqc/crypto/hqc/HQCKEMExtractor.class with "No such file or directory" 

WARNING: Failed to resolve file /org/bouncycastle/pqc/crypto/newhope/NHKeyPairGenerator.class with "No such file or directory" 

WARNING: Failed to resolve file /org/bouncycastle/pqc/crypto/picnic/PicnicEngine.class with "No such file or directory" 

WARNING: Failed to resolve file /org/bouncycastle/pqc/crypto/sphincs/SPHINCS256KeyGenerationParameters.class with "No such file or directory" 

WARNING: Failed to resolve file /org/bouncycastle/pqc/crypto/util/PublicKeyFactory$LMSConverter.class with "No such file or directory" 

WARNING: Failed to resolve file /org/bouncycastle/pqc/crypto/xmss/XMSSMTPrivateKeyParameters$Builder.class with "No such file or directory" 

WARNING: Failed to resolve file /org/bouncycastle/pqc/jcajce/interfaces/NHPublicKey.class with "No such file or directory" 

WARNING: Failed to resolve file /org/bouncycastle/pqc/jcajce/provider/SPHINCS.class with "No such file or directory" 

WARNING: Failed to resolve file /org/bouncycastle/pqc/jcajce/provider/falcon/SignatureSpi$Base.class with "No such file or directory" 

WARNING: Failed to resolve file /org/bouncycastle/pqc/jcajce/provider/mceliece/BCMcEliecePrivateKey.class with "No such file or directory" 

WARNING: Failed to resolve file /org/bouncycastle/pqc/jcajce/provider/picnic/BCPicnicPublicKey.class with "No such file or directory" 

WARNING: Failed to resolve file /org/bouncycastle/pqc/jcajce/provider/sphincsplus/SPHINCSPlusKeyPairGeneratorSpi$Shake_256f.class with "No such file or directory" 

WARNING: Failed to resolve file /org/bouncycastle/pqc/jcajce/spec/KyberParameterSpec.class with "No such file or directory" 

WARNING: Failed to resolve file /org/bouncycastle/pqc/legacy/crypto/mceliece/McEliecePrivateKeyParameters.class with "No such file or directory" 

WARNING: Failed to resolve file /org/bouncycastle/pqc/legacy/math/linearalgebra/GF2Matrix.class with "No such file or directory" 

WARNING: Failed to resolve file /org/bouncycastle/pqc/math/ntru/parameters/NTRUHPS2048509.class with "No such file or directory" 

WARNING: Failed to resolve file /org/bouncycastle/util/encoders/HexTranslator.class with "No such file or directory" 

WARNING: Failed to resolve file /org/bouncycastle/x509/X509CRLStoreSelector.class with "No such file or directory" 

Found 215 (out of 11364) source files to analyze in /home/udesou/.bench-agent/git/macro-benches/vendor/.infer-capture-ocaml-5.5.1-46e1c32-fp-flambda
Could not read file /com/google/common/collect/DenseImmutableTable.class
Could not read file /org/apache/lucene/document/ShapeDocValues.class
Could not read file /org/apache/lucene/index/MergeRateLimiter.class
*****
{
  "rusage": {
    "user_time": 370.561,
    "system_time": 33.366,
    "minor_faults": 1096769,
    "major_faults": 7,
    "voluntary_ctx_switches": 1774394,
    "involuntary_ctx_switches": 789418
  },
  "olly": {
    "version": 2,
    "wall_time": 130.89,
    "cpu_time": 912.35,
    "gc_time": 54.66,
    "gc_overhead": 5.99,
    "max_rss_kb": 4419744,
    "domain_stats": {
      "0": {
        "wall_time": 130.89,
        "gc_time": 4.05,
        "gc_overhead": 3.09
      },
      "1": {
        "wall_time": 130.48,
        "gc_time": 12.94,
        "gc_overhead": 9.92
      },
      "2": {
        "wall_time": 130.18,
        "gc_time": 6.16,
        "gc_overhead": 4.73
      },
      "3": {
        "wall_time": 130.16,
        "gc_time": 5.84,
        "gc_overhead": 4.48
      },
      "4": {
        "wall_time": 130.16,
        "gc_time": 5.72,
        "gc_overhead": 4.39
      },
      "5": {
        "wall_time": 130.17,
        "gc_time": 6.5,
        "gc_overhead": 4.99
      },
      "6": {
        "wall_time": 130.32,
        "gc_time": 13.46,
        "gc_overhead": 10.33
      }
    },
    "mean_latency": 1.490167,
    "stddev_latency": 2.642793,
    "min_latency": 0.0,
    "max_latency": 43.843583,
    "distr_latency": {
      "25.0000": 0.001639,
      "50.0000": 0.002759,
      "60.0000": 0.030191,
      "70.0000": 1.786879,
      "75.0000": 2.695167,
      "80.0000": 3.393535,
      "85.0000": 4.161535,
      "90.0000": 4.907007,
      "95.0000": 6.225919,
      "96.0000": 6.594559,
      "97.0000": 7.172095,
      "98.0000": 8.019967,
      "99.0000": 9.814015,
      "99.9000": 25.346047,
      "99.9900": 34.406399,
      "99.9990": 43.843583,
      "99.9999": 43.843583,
      "100.0000": 43.843583
    },
    "outliers": {
      "count": 0,
      "mean_latency": 0.0,
      "max_latency": 0.0
    },
    "allocations": {
      "total_heap": 61761502891,
      "minor_heap": 61389827525,
      "major_heap": 1176896885,
      "promoted_words": 805221519,
      "promoted_pct": 1.31
    },
    "domain_alloc_stats": {
      "0": {
        "total": 121963303,
        "minor": 103324205,
        "promoted": 9078392,
        "major": 27717490,
        "promoted_pct": 8.79
      },
      "1": {
        "total": 7087392594,
        "minor": 6550155276,
        "promoted": 98771559,
        "major": 636008877,
        "promoted_pct": 1.51
      },
      "2": {
        "total": 9208637207,
        "minor": 9229656405,
        "promoted": 77550221,
        "major": 56531023,
        "promoted_pct": 0.84
      },
      "3": {
        "total": 5854890590,
        "minor": 5882259090,
        "promoted": 109168877,
        "major": 81800377,
        "promoted_pct": 1.86
      },
      "4": {
        "total": 6217728593,
        "minor": 6218414149,
        "promoted": 100555262,
        "major": 99869706,
        "promoted_pct": 1.62
      },
      "5": {
        "total": 5028061032,
        "minor": 5047595176,
        "promoted": 110619531,
        "major": 91085387,
        "promoted_pct": 2.19
      },
      "6": {
        "total": 28242829572,
        "minor": 28358423224,
        "promoted": 299477677,
        "major": 183884025,
        "promoted_pct": 1.06
      }
    },
    "collections": {
      "minor": 3527,
      "major": 40,
      "forced_major": 0,
      "compactions": 0
    },
    "stats_reliable": true
  },
  "counter_backend": "linux-perf",
  "perf": [
    {
      "counter-value": "403187.436258",
      "unit": "msec",
      "event": "task-clock",
      "event-runtime": 403187436258,
      "pcnt-running": 100.0,
      "metric-value": "3.051400",
      "metric-unit": "CPUs utilized"
    },
    {
      "counter-value": "1095679.000000",
      "unit": "",
      "event": "page-faults",
      "event-runtime": 403187436258,
      "pcnt-running": 100.0,
      "metric-value": "2.717543",
      "metric-unit": "K/sec"
    },
    {
      "counter-value": "1320129093672.000000",
      "unit": "",
      "event": "cycles",
      "event-runtime": 403187436258,
      "pcnt-running": 100.0,
      "metric-value": "3.274232",
      "metric-unit": "GHz"
    },
    {
      "counter-value": "1605972933057.000000",
      "unit": "",
      "event": "instructions",
      "event-runtime": 403187436258,
      "pcnt-running": 100.0,
      "metric-value": "1.216527",
      "metric-unit": "insn per cycle"
    }
  ]
}
-----
mkdir -p PLOTTY_WORKAROUND; timedrun; OCAMLRUNPARAM="e=18,d=128" taskset -c "4,6,8,10,12,14" /home/udesou/.bench-agent/git/macro-benches/benchmarks/infer/infer_default-ocaml-5.5.1-46e1c32-fp-flambda
running-ng v0.3.8
Sun Sep 13 01:21:43 PM UTC 2026

 13:21:43 up 6 days, 13:15,  2 users,  load average: 2.62, 3.17, 2.54
USER     TTY      FROM             LOGIN@   IDLE   JCPU   PCPU  WHAT

procs -----------memory---------- ---swap-- -----io---- -system-- -------cpu-------
 r  b   swpd   free   buff  cache   si   so    bi    bo   in   cs us sy id wa st gu
 0  1    512 5286532 4619588 53552276    0    0    39  1120 2337    6 10  1 80  9  0  0
 0  1    512 5286592 4619588 53552012    0    0     0    44 1762 2919  0  0 88 12  0  0

top - 13:21:44 up 6 days, 13:15,  2 users,  load average: 2.41, 3.12, 2.53
Tasks: 280 total,   1 running, 279 sleeping,   0 stopped,   0 zombie
%Cpu(s):  0.0 us,  1.2 sy,  0.0 ni, 87.2 id, 11.6 wa,  0.0 hi,  0.0 si,  0.0 st 
MiB Mem :  64272.5 total,   5162.7 free,   3026.1 used,  56808.2 buff/cache     
MiB Swap:   8192.0 total,   8191.5 free,      0.5 used.  61246.4 avail Mem 

    PID USER      PR  NI    VIRT    RES    SHR S  %CPU  %MEM     TIME+ COMMAND
 944085 udesou    20   0   11912   5732   3580 R   9.1   0.0   0:00.01 top -bcn 1 -w512
      1 root      20   0   22936  14244   9608 S   0.0   0.0   4:04.79 /usr/lib/systemd/systemd --system --deserialize=173
      2 root      20   0       0      0      0 S   0.0   0.0   0:00.07 [kthreadd]
      3 root      20   0       0      0      0 S   0.0   0.0   0:00.00 [pool_workqueue_release]
      4 root       0 -20       0      0      0 I   0.0   0.0   0:00.00 [kworker/R-rcu_g]

Environment variables: 
	CONFIG_FILE=/home/udesou/.bench-agent/work/run-20260913-001-e1/run-20260913-001.yml
	HOME=/home/udesou
	LANG=en_US.UTF-8
	LOGNAME=udesou
	LOG_DIR=/home/udesou/.bench-agent/logs
	OLLY_DIR=/home/udesou/.bench-agent/git/olly
	PATH=/usr/local/bin:/home/udesou/.bench-agent/git/olly/_build/install/default/bin:/home/udesou/.opam/running-ng-tools/bin:/home/udesou/.vscode-server/data/User/globalStorage/github.copilot-chat/debugCommand:/home/udesou/.vscode-server/data/User/globalStorage/github.copilot-chat/copilotCli:/home/udesou/.vscode-server/cli/servers/Stable-08d4889f9ec4a1685d257b9b95de036c8e1ce1e5/server/bin/remote-cli:/home/udesou/.opam/running-ng-ocaml-5.5.0-f523850-fp-flambda/bin:/home/udesou/.local/bin:/home/udesou/.opam/running-ng-ocaml-5.5.0-f523850-fp-flambda/bin:/home/udesou/.local/bin:/usr/local/sbin:/usr/local/bin:/usr/sbin:/usr/bin:/sbin:/bin:/usr/games:/usr/local/games:/snap/bin
	PWD=/home/udesou/ocaml-bench-service
	PYTHONPATH=/home/udesou/.bench-agent/git/running-ng/src
	RUNNING_BENCH_DIR=/home/udesou/.bench-agent/git/macro-benches
	RUNNING_MACRO_BENCH_DIR=/home/udesou/.bench-agent/git/macro-benches
	RUNNING_NG_PACKAGE_DATA=/home/udesou/.bench-agent/git/running-ng/src/running/config
	RUNNING_REUSE_SWITCHES=1
	RUNNING_TAG=default_run,large_run
	SHELL=/bin/bash
	SHLVL=1
	TERM=screen.xterm-256color
	USER=udesou
	_=/usr/bin/python3
OS: Linux obelisk 6.8.0-139-generic #139-Ubuntu SMP PREEMPT_DYNAMIC Sat Aug  1 03:52:05 UTC 2026 x86_64 x86_64 x86_64 GNU/Linux
CPU: Intel(R) Xeon(R) CPU E5-2667 v2 @ 3.30GHz
number of cores: 8
Frequency of cpu 0: 3.30 GHz
Governor of cpu 0: performance
Scaling_min_freq of cpu 0: 1.20 GHz
Frequency of cpu 2: 3.30 GHz
Governor of cpu 2: performance
Scaling_min_freq of cpu 2: 1.20 GHz
Frequency of cpu 4: 3.30 GHz
Governor of cpu 4: performance
Scaling_min_freq of cpu 4: 1.20 GHz
Frequency of cpu 6: 3.30 GHz
Governor of cpu 6: performance
Scaling_min_freq of cpu 6: 1.20 GHz
WARNING: Failed to resolve file /com/google/common/annotations/Beta.class with "No such file or directory" 

WARNING: Failed to resolve file /com/google/common/base/Converter$IdentityConverter.class with "No such file or directory" 

WARNING: Failed to resolve file /com/google/common/base/Platform.class with "No such file or directory" 

WARNING: Failed to resolve file /com/google/common/base/Utf8.class with "No such file or directory" 

WARNING: Failed to resolve file /com/google/common/cache/LocalCache$EntryFactory$2.class with "No such file or directory" 

WARNING: Failed to resolve file /com/google/common/cache/LongAddables.class with "No such file or directory" 

WARNING: Failed to resolve file /com/google/common/collect/AbstractMapBasedMultiset$2$1.class with "No such file or directory" 

WARNING: Failed to resolve file /com/google/common/collect/CollectSpliterators.class with "No such file or directory" 

WARNING: Failed to resolve file /com/google/common/collect/DenseImmutableTable.class with "No such file or directory" 

WARNING: Failed to resolve file /com/google/common/collect/ForwardingConcurrentMap.class with "No such file or directory" 

WARNING: Failed to resolve file /com/google/common/collect/HashMultimap.class with "No such file or directory" 

WARNING: Failed to resolve file /com/google/common/collect/ImmutableMultimap$Builder.class with "No such file or directory" 

WARNING: Failed to resolve file /com/google/common/collect/ImmutableSortedSet$1.class with "No such file or directory" 

WARNING: Failed to resolve file /com/google/common/collect/JdkBackedImmutableMap.class with "No such file or directory" 

WARNING: Failed to resolve file /com/google/common/collect/MapMakerInternalMap$EntrySet.class with "No such file or directory" 

WARNING: Failed to resolve file /com/google/common/collect/Maps$AsMapView$1EntrySetImpl.class with "No such file or directory" 

WARNING: Failed to resolve file /com/google/common/collect/MultimapBuilder$2.class with "No such file or directory" 

WARNING: Failed to resolve file /com/google/common/collect/Multisets$4.class with "No such file or directory" 

WARNING: Failed to resolve file /com/google/common/collect/RegularImmutableMap$Values.class with "No such file or directory" 

WARNING: Failed to resolve file /com/google/common/collect/SortedLists$KeyAbsentBehavior$2.class with "No such file or directory" 

WARNING: Failed to resolve file /com/google/common/collect/Streams$DoubleFunctionWithIndex.class with "No such file or directory" 

WARNING: Failed to resolve file /com/google/common/collect/TransformedListIterator.class with "No such file or directory" 

WARNING: Failed to resolve file /com/google/common/collect/TreeTraverser.class with "No such file or directory" 

WARNING: Failed to resolve file /com/google/common/graph/AbstractBaseGraph$1.class with "No such file or directory" 

WARNING: Failed to resolve file /com/google/common/graph/GraphBuilder.class with "No such file or directory" 

WARNING: Failed to resolve file /com/google/common/graph/ValueGraph.class with "No such file or directory" 

WARNING: Failed to resolve file /com/google/common/hash/Hashing.class with "No such file or directory" 

WARNING: Failed to resolve file /com/google/common/io/BaseEncoding.class with "No such file or directory" 

WARNING: Failed to resolve file /com/google/common/io/LineProcessor.class with "No such file or directory" 

WARNING: Failed to resolve file /com/google/common/net/HttpHeaders.class with "No such file or directory" 

WARNING: Failed to resolve file /com/google/common/primitives/Shorts$ShortConverter.class with "No such file or directory" 

WARNING: Failed to resolve file /com/google/common/reflect/TypeToken$Bounds.class with "No such file or directory" 

WARNING: Failed to resolve file /com/google/common/util/concurrent/AbstractFuture$Listener.class with "No such file or directory" 

WARNING: Failed to resolve file /com/google/common/util/concurrent/AggregateFutureState.class with "No such file or directory" 

WARNING: Failed to resolve file /com/google/common/util/concurrent/ForwardingCheckedFuture$SimpleForwardingCheckedFuture.class with "No such file or directory" 

WARNING: Failed to resolve file /com/google/common/util/concurrent/Monitor$Guard.class with "No such file or directory" 

WARNING: Failed to resolve file /com/google/common/util/concurrent/SimpleTimeLimiter$1.class with "No such file or directory" 

WARNING: Failed to resolve file /net/bytebuddy/ByteBuddy$RecordConstructorStrategy.class with "No such file or directory" 

WARNING: Failed to resolve file /net/bytebuddy/agent/builder/AgentBuilder$Default$NativeMethodStrategy$ForPrefix.class with "No such file or directory" 

WARNING: Failed to resolve file /net/bytebuddy/agent/builder/AgentBuilder$InstallationListener$Compound.class with "No such file or directory" 

WARNING: Failed to resolve file /net/bytebuddy/agent/builder/AgentBuilder$PoolStrategy$Default.class with "No such file or directory" 

WARNING: Failed to resolve file /net/bytebuddy/agent/builder/AgentBuilder$RedefinitionStrategy$Listener$Adapter.class with "No such file or directory" 

WARNING: Failed to resolve file /net/bytebuddy/agent/builder/package-info.class with "No such file or directory" 

WARNING: Failed to resolve file /net/bytebuddy/asm/Advice$AssignReturned$ToReturned$Handler.class with "No such file or directory" 

WARNING: Failed to resolve file /net/bytebuddy/asm/Advice$Dispatcher$Resolved$AbstractBase.class with "No such file or directory" 

WARNING: Failed to resolve file /net/bytebuddy/asm/Advice$OffsetMapping$ForInstrumentedMethod$2.class with "No such file or directory" 

WARNING: Failed to resolve file /net/bytebuddy/asm/Advice$OffsetMapping.class with "No such file or directory" 

WARNING: Failed to resolve file /net/bytebuddy/asm/ClassVisitorFactory$FrameTranslator.class with "No such file or directory" 

WARNING: Failed to resolve file /net/bytebuddy/asm/MemberSubstitution$TypePoolResolver$OfImplicitPool.class with "No such file or directory" 

WARNING: Failed to resolve file /net/bytebuddy/build/EntryPoint$Default.class with "No such file or directory" 

WARNING: Failed to resolve file /net/bytebuddy/build/Plugin$Engine$Listener$StreamWriting.class with "No such file or directory" 

WARNING: Failed to resolve file /net/bytebuddy/build/Plugin$Factory$UsingReflection$Instantiator$Unresolved.class with "No such file or directory" 

WARNING: Failed to resolve file /net/bytebuddy/description/annotation/AnnotationDescription.class with "No such file or directory" 

WARNING: Failed to resolve file /net/bytebuddy/description/annotation/AnnotationValue$Loaded$AbstractBase$ForUnresolvedProperty.class with "No such file or directory" 

WARNING: Failed to resolve file /net/bytebuddy/description/method/MethodList$Explicit.class with "No such file or directory" 

WARNING: Failed to resolve file /net/bytebuddy/description/modifier/SynchronizationState.class with "No such file or directory" 

WARNING: Failed to resolve file /net/bytebuddy/description/type/TypeDescription$Generic$AnnotationReader$Delegator$ForLoadedTypeVariable.class with "No such file or directory" 

WARNING: Failed to resolve file /net/bytebuddy/description/type/TypeDescription$Generic$OfParameterizedType$Latent.class with "No such file or directory" 

WARNING: Failed to resolve file /net/bytebuddy/description/type/TypeDescription$Latent.class with "No such file or directory" 

WARNING: Failed to resolve file /net/bytebuddy/dynamic/ClassFileLocator$ForModuleFile.class with "No such file or directory" 

WARNING: Failed to resolve file /net/bytebuddy/dynamic/DynamicType$Builder$MethodDefinition$ParameterDefinition$Simple$Annotatable$AbstractBase.class with "No such file or directory" 

WARNING: Failed to resolve file /net/bytebuddy/dynamic/VisibilityBridgeStrategy$Default$2.class with "No such file or directory" 

WARNING: Failed to resolve file /net/bytebuddy/dynamic/loading/ClassInjector$UsingReflection$Dispatcher$Initializable.class with "No such file or directory" 

WARNING: Failed to resolve file /net/bytebuddy/dynamic/loading/PackageDefinitionStrategy$ManifestReading.class with "No such file or directory" 

WARNING: Failed to resolve file /net/bytebuddy/dynamic/scaffold/MethodGraph$Compiler$Default$Key$Store$Entry$Initial.class with "No such file or directory" 

WARNING: Failed to resolve file /net/bytebuddy/dynamic/scaffold/TypeWriter$Default$ClassDumpAction$Dispatcher$Enabled.class with "No such file or directory" 

WARNING: Failed to resolve file /net/bytebuddy/dynamic/scaffold/TypeWriter$MethodPool$Record$AccessBridgeWrapper.class with "No such file or directory" 

WARNING: Failed to resolve file /net/bytebuddy/dynamic/scaffold/subclass/SubclassImplementationTarget$OriginTypeResolver$1.class with "No such file or directory" 

WARNING: Failed to resolve file /net/bytebuddy/implementation/FieldAccessor$FieldLocation.class with "No such file or directory" 

WARNING: Failed to resolve file /net/bytebuddy/implementation/HashCodeMethod$ValueTransformer$7.class with "No such file or directory" 

WARNING: Failed to resolve file /net/bytebuddy/implementation/InvocationHandlerAdapter.class with "No such file or directory" 

WARNING: Failed to resolve file /net/bytebuddy/implementation/InvokeDynamic$WithImplicitArguments.class with "No such file or directory" 

WARNING: Failed to resolve file /net/bytebuddy/implementation/MethodCall$MethodInvoker.class with "No such file or directory" 

WARNING: Failed to resolve file /net/bytebuddy/implementation/MethodDelegation.class with "No such file or directory" 

WARNING: Failed to resolve file /net/bytebuddy/implementation/attribute/AnnotationValueFilter$Factory.class with "No such file or directory" 

WARNING: Failed to resolve file /net/bytebuddy/implementation/auxiliary/TypeProxy$1.class with "No such file or directory" 

WARNING: Failed to resolve file /net/bytebuddy/implementation/bind/annotation/AllArguments.class with "No such file or directory" 

WARNING: Failed to resolve file /net/bytebuddy/implementation/bind/annotation/Morph$Binder$RedirectionProxy$InstanceFieldConstructor$Appender.class with "No such file or directory" 

WARNING: Failed to resolve file /net/bytebuddy/implementation/bytecode/ByteCodeAppender$Compound.class with "No such file or directory" 

WARNING: Failed to resolve file /net/bytebuddy/implementation/bytecode/assign/reference/GenericTypeAwareAssigner$IsAssignableToVisitor$OfGenericArray.class with "No such file or directory" 

WARNING: Failed to resolve file /net/bytebuddy/implementation/bytecode/member/FieldAccess$AccessDispatcher$FieldPutInstruction.class with "No such file or directory" 

WARNING: Failed to resolve file /net/bytebuddy/jar/asm/RecordComponentWriter.class with "No such file or directory" 

WARNING: Failed to resolve file /net/bytebuddy/matcher/FilterableList.class with "No such file or directory" 

WARNING: Failed to resolve file /net/bytebuddy/matcher/TypeSortMatcher.class with "No such file or directory" 

WARNING: Failed to resolve file /net/bytebuddy/pool/TypePool$Default$LazyTypeDescription$AnnotationToken.class with "No such file or directory" 

WARNING: Failed to resolve file /net/bytebuddy/pool/TypePool$Default$LazyTypeDescription$LazyMethodDescription$LazyParameterizedReceiverType$TypeArgumentList$AnnotatedTypeVariable.class with "No such file or directory" 

WARNING: Failed to resolve file /net/bytebuddy/utility/FileSystem$ForNio2CapableVm$StandardCopyOption.class with "No such file or directory" 

WARNING: Failed to resolve file /net/bytebuddy/utility/dispatcher/JavaDispatcher$Dispatcher.class with "No such file or directory" 

WARNING: Failed to resolve file /org/apache/lucene/analysis/CharArrayMap.class with "No such file or directory" 

WARNING: Failed to resolve file /org/apache/lucene/analysis/tokenattributes/TermToBytesRefAttribute.class with "No such file or directory" 

WARNING: Failed to resolve file /org/apache/lucene/codecs/KnnVectorsWriter$ByteVectorValuesSub.class with "No such file or directory" 

WARNING: Failed to resolve file /org/apache/lucene/codecs/hnsw/DefaultFlatVectorScorer$ByteScoringSupplier$1.class with "No such file or directory" 

WARNING: Failed to resolve file /org/apache/lucene/codecs/lucene90/Lucene90DocValuesProducer$17.class with "No such file or directory" 

WARNING: Failed to resolve file /org/apache/lucene/codecs/lucene90/Lucene90PointsFormat.class with "No such file or directory" 

WARNING: Failed to resolve file /org/apache/lucene/codecs/lucene912/ForUtil.class with "No such file or directory" 

WARNING: Failed to resolve file /org/apache/lucene/codecs/lucene99/Lucene99HnswVectorsWriter$2.class with "No such file or directory" 

WARNING: Failed to resolve file /org/apache/lucene/document/BinaryPoint$1.class with "No such file or directory" 

WARNING: Failed to resolve file /org/apache/lucene/document/FloatPoint$2.class with "No such file or directory" 

WARNING: Failed to resolve file /org/apache/lucene/document/LatLonPointDistanceQuery.class with "No such file or directory" 

WARNING: Failed to resolve file /org/apache/lucene/document/ShapeField$QueryRelation.class with "No such file or directory" 

WARNING: Failed to resolve file /org/apache/lucene/document/XYShapeDocValues.class with "No such file or directory" 

WARNING: Failed to resolve file /org/apache/lucene/index/BaseTermsEnum$1.class with "No such file or directory" 

WARNING: Failed to resolve file /org/apache/lucene/index/ConcurrentMergeScheduler.class with "No such file or directory" 

WARNING: Failed to resolve file /org/apache/lucene/index/ExitableDirectoryReader$ExitableFilterAtomicReader$4.class with "No such file or directory" 

WARNING: Failed to resolve file /org/apache/lucene/index/FreqProxFields$FreqProxTermsEnum$1.class with "No such file or directory" 

WARNING: Failed to resolve file /org/apache/lucene/index/IndexWriter$DocModifier.class with "No such file or directory" 

WARNING: Failed to resolve file /org/apache/lucene/index/MultiDocValues$1.class with "No such file or directory" 

WARNING: Failed to resolve file /org/apache/lucene/index/PointValues$IntersectVisitor.class with "No such file or directory" 

WARNING: Failed to resolve file /org/apache/lucene/index/SingletonSortedSetDocValues.class with "No such file or directory" 

WARNING: Failed to resolve file /org/apache/lucene/index/SortedNumericDocValuesWriter.class with "No such file or directory" 

WARNING: Failed to resolve file /org/apache/lucene/index/TermVectorsConsumerPerField$TermVectorsPostingsArray.class with "No such file or directory" 

WARNING: Failed to resolve file /org/apache/lucene/internal/hppc/IntDoubleHashMap$EntryIterator.class with "No such file or directory" 

WARNING: Failed to resolve file /org/apache/lucene/internal/hppc/LongIntHashMap$LongIntCursor.class with "No such file or directory" 

WARNING: Failed to resolve file /org/apache/lucene/search/BlockMaxConjunctionScorer$2.class with "No such file or directory" 

WARNING: Failed to resolve file /org/apache/lucene/search/ConstantScoreQuery$1$1.class with "No such file or directory" 

WARNING: Failed to resolve file /org/apache/lucene/search/DoubleValuesSource$DoubleValuesComparatorSource$1.class with "No such file or directory" 

WARNING: Failed to resolve file /org/apache/lucene/search/ImpactsDISI.class with "No such file or directory" 

WARNING: Failed to resolve file /org/apache/lucene/search/LongValuesSource$LongValuesComparatorSource.class with "No such file or directory" 

WARNING: Failed to resolve file /org/apache/lucene/search/NamedMatches$NamedQuery.class with "No such file or directory" 

WARNING: Failed to resolve file /org/apache/lucene/search/ReqOptSumScorer.class with "No such file or directory" 

WARNING: Failed to resolve file /org/apache/lucene/search/SortedNumericSortField$5.class with "No such file or directory" 

WARNING: Failed to resolve file /org/apache/lucene/search/TopDocsCollector.class with "No such file or directory" 

WARNING: Failed to resolve file /org/apache/lucene/search/comparators/NumericComparator$NumericLeafComparator.class with "No such file or directory" 

WARNING: Failed to resolve file /org/apache/lucene/search/similarities/MultiSimilarity.class with "No such file or directory" 

WARNING: Failed to resolve file /org/apache/lucene/store/IndexInput$1.class with "No such file or directory" 

WARNING: Failed to resolve file /org/apache/lucene/util/AttributeImpl.class with "No such file or directory" 

WARNING: Failed to resolve file /org/apache/lucene/util/DocIdSetBuilder$BulkAdder.class with "No such file or directory" 

WARNING: Failed to resolve file /org/apache/lucene/util/ModuleResourceLoader.class with "No such file or directory" 

WARNING: Failed to resolve file /org/apache/lucene/util/Sorter.class with "No such file or directory" 

WARNING: Failed to resolve file /org/apache/lucene/util/automaton/MinimizationOperations$IntPair.class with "No such file or directory" 

WARNING: Failed to resolve file /org/apache/lucene/util/bkd/OfflinePointWriter.class with "No such file or directory" 

WARNING: Failed to resolve file /org/apache/lucene/util/fst/Util$FSTPath.class with "No such file or directory" 

WARNING: Failed to resolve file /org/apache/lucene/util/mutable/MutableValueDate.class with "No such file or directory" 

WARNING: Failed to resolve file /org/apache/lucene/util/packed/DirectReader$DirectPackedReader32.class with "No such file or directory" 

WARNING: Failed to resolve file /org/apache/lucene/util/packed/PackedWriter.class with "No such file or directory" 

WARNING: Failed to resolve file /org/bouncycastle/asn1/ASN1ObjectDescriptor$1.class with "No such file or directory" 

WARNING: Failed to resolve file /org/bouncycastle/asn1/BEROctetStringParser.class with "No such file or directory" 

WARNING: Failed to resolve file /org/bouncycastle/asn1/LazyEncodedSequence.class with "No such file or directory" 

WARNING: Failed to resolve file /org/bouncycastle/asn1/ocsp/OCSPRequest.class with "No such file or directory" 

WARNING: Failed to resolve file /org/bouncycastle/asn1/sec/SECNamedCurves$17.class with "No such file or directory" 

WARNING: Failed to resolve file /org/bouncycastle/asn1/x500/DirectoryString.class with "No such file or directory" 

WARNING: Failed to resolve file /org/bouncycastle/asn1/x509/NameConstraints.class with "No such file or directory" 

WARNING: Failed to resolve file /org/bouncycastle/asn1/x509/sigi/NameOrPseudonym.class with "No such file or directory" 

WARNING: Failed to resolve file /org/bouncycastle/crypto/CipherKeyGenerator.class with "No such file or directory" 

WARNING: Failed to resolve file /org/bouncycastle/crypto/StagedAgreement.class with "No such file or directory" 

WARNING: Failed to resolve file /org/bouncycastle/crypto/digests/AsconXof$1.class with "No such file or directory" 

WARNING: Failed to resolve file /org/bouncycastle/crypto/digests/ShortenedDigest.class with "No such file or directory" 

WARNING: Failed to resolve file /org/bouncycastle/crypto/ec/ECDecryptor.class with "No such file or directory" 

WARNING: Failed to resolve file /org/bouncycastle/crypto/engines/GOST3412_2015Engine.class with "No such file or directory" 

WARNING: Failed to resolve file /org/bouncycastle/crypto/engines/SparkleEngine$1.class with "No such file or directory" 

WARNING: Failed to resolve file /org/bouncycastle/crypto/generators/ElGamalParametersGenerator.class with "No such file or directory" 

WARNING: Failed to resolve file /org/bouncycastle/crypto/macs/DSTU7564Mac.class with "No such file or directory" 

WARNING: Failed to resolve file /org/bouncycastle/crypto/modes/NISTCTSBlockCipher.class with "No such file or directory" 

WARNING: Failed to resolve file /org/bouncycastle/crypto/params/DHParameters.class with "No such file or directory" 

WARNING: Failed to resolve file /org/bouncycastle/crypto/params/NaccacheSternKeyGenerationParameters.class with "No such file or directory" 

WARNING: Failed to resolve file /org/bouncycastle/crypto/prng/X931SecureRandom.class with "No such file or directory" 

WARNING: Failed to resolve file /org/bouncycastle/crypto/util/DEROtherInfo$1.class with "No such file or directory" 

WARNING: Failed to resolve file /org/bouncycastle/crypto/util/SSHNamedCurves$3.class with "No such file or directory" 

WARNING: Failed to resolve file /org/bouncycastle/jcajce/BCFKSLoadStoreParameter$SignatureAlgorithm.class with "No such file or directory" 

WARNING: Failed to resolve file /org/bouncycastle/jcajce/provider/asymmetric/CompositeSignatures.class with "No such file or directory" 

WARNING: Failed to resolve file /org/bouncycastle/jcajce/provider/asymmetric/compositesignatures/KeyPairGeneratorSpi$MLDSA65_ECDSA_brainpoolP256r1_SHA512.class with "No such file or directory" 

WARNING: Failed to resolve file /org/bouncycastle/jcajce/provider/asymmetric/dh/KeyAgreementSpi$DHwithSHA384CKDF.class with "No such file or directory" 

WARNING: Failed to resolve file /org/bouncycastle/jcajce/provider/asymmetric/ec/BCECPrivateKey.class with "No such file or directory" 

WARNING: Failed to resolve file /org/bouncycastle/jcajce/provider/asymmetric/ec/KeyAgreementSpi$DHUwithSHA224KDF.class with "No such file or directory" 

WARNING: Failed to resolve file /org/bouncycastle/jcajce/provider/asymmetric/ec/KeyPairGeneratorSpi.class with "No such file or directory" 

WARNING: Failed to resolve file /org/bouncycastle/jcajce/provider/asymmetric/ecgost12/KeyAgreementSpi$ECVKO512.class with "No such file or directory" 

WARNING: Failed to resolve file /org/bouncycastle/jcajce/provider/asymmetric/edec/KeyPairGeneratorSpi$X448.class with "No such file or directory" 

WARNING: Failed to resolve file /org/bouncycastle/jcajce/provider/asymmetric/rsa/DigestSignatureSpi$SHA3_384.class with "No such file or directory" 

WARNING: Failed to resolve file /org/bouncycastle/jcajce/provider/asymmetric/rsa/PSSSignatureSpi$SHA512withRSA.class with "No such file or directory" 

WARNING: Failed to resolve file /org/bouncycastle/jcajce/provider/asymmetric/x509/X509CRLInternal.class with "No such file or directory" 

WARNING: Failed to resolve file /org/bouncycastle/jcajce/provider/digest/GOST3411$Mappings.class with "No such file or directory" 

WARNING: Failed to resolve file /org/bouncycastle/jcajce/provider/digest/RIPEMD256$HashMac.class with "No such file or directory" 

WARNING: Failed to resolve file /org/bouncycastle/jcajce/provider/digest/SHA3$Mappings.class with "No such file or directory" 

WARNING: Failed to resolve file /org/bouncycastle/jcajce/provider/digest/Skein$HMacKeyGenerator_512_384.class with "No such file or directory" 

WARNING: Failed to resolve file /org/bouncycastle/jcajce/provider/digest/Whirlpool$KeyGenerator.class with "No such file or directory" 

WARNING: Failed to resolve file /org/bouncycastle/jcajce/provider/keystore/pkcs12/PKCS12KeyStoreSpi$1.class with "No such file or directory" 

WARNING: Failed to resolve file /org/bouncycastle/jcajce/provider/symmetric/AES$PBEWithSHA256And192BitAESBC.class with "No such file or directory" 

WARNING: Failed to resolve file /org/bouncycastle/jcajce/provider/symmetric/CAST5$CBC.class with "No such file or directory" 

WARNING: Failed to resolve file /org/bouncycastle/jcajce/provider/symmetric/DES$Mappings.class with "No such file or directory" 

WARNING: Failed to resolve file /org/bouncycastle/jcajce/provider/symmetric/DSTU7624$GCM128.class with "No such file or directory" 

WARNING: Failed to resolve file /org/bouncycastle/jcajce/provider/symmetric/HC128$KeyGen.class with "No such file or directory" 

WARNING: Failed to resolve file /org/bouncycastle/jcajce/provider/symmetric/PBEPKCS12.class with "No such file or directory" 

WARNING: Failed to resolve file /org/bouncycastle/jcajce/provider/symmetric/Rijndael.class with "No such file or directory" 

WARNING: Failed to resolve file /org/bouncycastle/jcajce/provider/symmetric/Shacal2$AlgParams.class with "No such file or directory" 

WARNING: Failed to resolve file /org/bouncycastle/jcajce/provider/symmetric/Threefish.class with "No such file or directory" 

WARNING: Failed to resolve file /org/bouncycastle/jcajce/provider/symmetric/util/BaseStreamCipher.class with "No such file or directory" 

WARNING: Failed to resolve file /org/bouncycastle/jcajce/spec/SkeinParameterSpec.class with "No such file or directory" 

WARNING: Failed to resolve file /org/bouncycastle/jce/provider/AnnotatedException.class with "No such file or directory" 

WARNING: Failed to resolve file /org/bouncycastle/jce/provider/RFC3280CertPathUtilities.class with "No such file or directory" 

WARNING: Failed to resolve file /org/bouncycastle/math/ec/ECCurve$Config.class with "No such file or directory" 

WARNING: Failed to resolve file /org/bouncycastle/math/ec/custom/gm/SM2P256V1FieldElement.class with "No such file or directory" 

WARNING: Failed to resolve file /org/bouncycastle/math/ec/custom/sec/SecP384R1FieldElement.class with "No such file or directory" 

WARNING: Failed to resolve file /org/bouncycastle/math/ec/custom/sec/SecT239K1Curve.class with "No such file or directory" 

WARNING: Failed to resolve file /org/bouncycastle/math/ec/rfc8032/Ed25519$PointTemp.class with "No such file or directory" 

WARNING: Failed to resolve file /org/bouncycastle/pqc/asn1/PQCObjectIdentifiers.class with "No such file or directory" 

WARNING: Failed to resolve file /org/bouncycastle/pqc/crypto/crystals/dilithium/DilithiumKeyPairGenerator.class with "No such file or directory" 

WARNING: Failed to resolve file /org/bouncycastle/pqc/crypto/falcon/FalconSmallPrime.class with "No such file or directory" 

WARNING: Failed to resolve file /org/bouncycastle/pqc/crypto/hqc/HQCKEMExtractor.class with "No such file or directory" 

WARNING: Failed to resolve file /org/bouncycastle/pqc/crypto/newhope/NHKeyPairGenerator.class with "No such file or directory" 

WARNING: Failed to resolve file /org/bouncycastle/pqc/crypto/picnic/PicnicEngine.class with "No such file or directory" 

WARNING: Failed to resolve file /org/bouncycastle/pqc/crypto/sphincs/SPHINCS256KeyGenerationParameters.class with "No such file or directory" 

WARNING: Failed to resolve file /org/bouncycastle/pqc/crypto/util/PublicKeyFactory$LMSConverter.class with "No such file or directory" 

WARNING: Failed to resolve file /org/bouncycastle/pqc/crypto/xmss/XMSSMTPrivateKeyParameters$Builder.class with "No such file or directory" 

WARNING: Failed to resolve file /org/bouncycastle/pqc/jcajce/interfaces/NHPublicKey.class with "No such file or directory" 

WARNING: Failed to resolve file /org/bouncycastle/pqc/jcajce/provider/SPHINCS.class with "No such file or directory" 

WARNING: Failed to resolve file /org/bouncycastle/pqc/jcajce/provider/falcon/SignatureSpi$Base.class with "No such file or directory" 

WARNING: Failed to resolve file /org/bouncycastle/pqc/jcajce/provider/mceliece/BCMcEliecePrivateKey.class with "No such file or directory" 

WARNING: Failed to resolve file /org/bouncycastle/pqc/jcajce/provider/picnic/BCPicnicPublicKey.class with "No such file or directory" 

WARNING: Failed to resolve file /org/bouncycastle/pqc/jcajce/provider/sphincsplus/SPHINCSPlusKeyPairGeneratorSpi$Shake_256f.class with "No such file or directory" 

WARNING: Failed to resolve file /org/bouncycastle/pqc/jcajce/spec/KyberParameterSpec.class with "No such file or directory" 

WARNING: Failed to resolve file /org/bouncycastle/pqc/legacy/crypto/mceliece/McEliecePrivateKeyParameters.class with "No such file or directory" 

WARNING: Failed to resolve file /org/bouncycastle/pqc/legacy/math/linearalgebra/GF2Matrix.class with "No such file or directory" 

WARNING: Failed to resolve file /org/bouncycastle/pqc/math/ntru/parameters/NTRUHPS2048509.class with "No such file or directory" 

WARNING: Failed to resolve file /org/bouncycastle/util/encoders/HexTranslator.class with "No such file or directory" 

WARNING: Failed to resolve file /org/bouncycastle/x509/X509CRLStoreSelector.class with "No such file or directory" 

Found 215 (out of 11364) source files to analyze in /home/udesou/.bench-agent/git/macro-benches/vendor/.infer-capture-ocaml-5.5.1-46e1c32-fp-flambda
Could not read file /com/google/common/collect/DenseImmutableTable.class
Could not read file /org/apache/lucene/document/ShapeDocValues.class
Could not read file /org/apache/lucene/index/MergeRateLimiter.class
*****
{
  "rusage": {
    "user_time": 397.666,
    "system_time": 33.953,
    "minor_faults": 1135448,
    "major_faults": 7,
    "voluntary_ctx_switches": 2101698,
    "involuntary_ctx_switches": 138889
  },
  "olly": {
    "version": 2,
    "wall_time": 131.54,
    "cpu_time": 914.76,
    "gc_time": 54.26,
    "gc_overhead": 5.93,
    "max_rss_kb": 4574588,
    "domain_stats": {
      "0": {
        "wall_time": 131.54,
        "gc_time": 4.74,
        "gc_overhead": 3.6
      },
      "1": {
        "wall_time": 130.89,
        "gc_time": 12.29,
        "gc_overhead": 9.39
      },
      "2": {
        "wall_time": 130.43,
        "gc_time": 6.17,
        "gc_overhead": 4.73
      },
      "3": {
        "wall_time": 130.64,
        "gc_time": 13.91,
        "gc_overhead": 10.65
      },
      "4": {
        "wall_time": 130.43,
        "gc_time": 5.52,
        "gc_overhead": 4.23
      },
      "5": {
        "wall_time": 130.43,
        "gc_time": 5.8,
        "gc_overhead": 4.44
      },
      "6": {
        "wall_time": 130.39,
        "gc_time": 5.84,
        "gc_overhead": 4.48
      }
    },
    "mean_latency": 1.295421,
    "stddev_latency": 2.286594,
    "min_latency": 0.0,
    "max_latency": 38.830079,
    "distr_latency": {
      "25.0000": 0.001655,
      "50.0000": 0.002679,
      "60.0000": 0.013799,
      "70.0000": 1.304575,
      "75.0000": 2.099199,
      "80.0000": 2.977791,
      "85.0000": 3.938303,
      "90.0000": 4.669439,
      "95.0000": 5.771263,
      "96.0000": 6.135807,
      "97.0000": 6.602751,
      "98.0000": 7.319551,
      "99.0000": 8.642559,
      "99.9000": 16.670719,
      "99.9900": 35.487743,
      "99.9990": 38.830079,
      "99.9999": 38.830079,
      "100.0000": 38.830079
    },
    "outliers": {
      "count": 0,
      "mean_latency": 0.0,
      "max_latency": 0.0
    },
    "allocations": {
      "total_heap": 67463128806,
      "minor_heap": 66927131661,
      "major_heap": 1406133277,
      "promoted_words": 870136132,
      "promoted_pct": 1.3
    },
    "domain_alloc_stats": {
      "0": {
        "total": 138890266,
        "minor": 121365394,
        "promoted": 8622807,
        "major": 26147679,
        "promoted_pct": 7.1
      },
      "1": {
        "total": 8932723234,
        "minor": 8285575511,
        "promoted": 107382496,
        "major": 754530219,
        "promoted_pct": 1.3
      },
      "2": {
        "total": 5830636622,
        "minor": 5842511934,
        "promoted": 108500596,
        "major": 96625284,
        "promoted_pct": 1.86
      },
      "3": {
        "total": 33425516749,
        "minor": 33527736129,
        "promoted": 363342399,
        "major": 261123019,
        "promoted_pct": 1.08
      },
      "4": {
        "total": 4862195857,
        "minor": 4841760742,
        "promoted": 92649434,
        "major": 113084549,
        "promoted_pct": 1.91
      },
      "5": {
        "total": 5088349644,
        "minor": 5097481573,
        "promoted": 105287390,
        "major": 96155461,
        "promoted_pct": 2.07
      },
      "6": {
        "total": 9184816434,
        "minor": 9210700378,
        "promoted": 84351010,
        "major": 58467066,
        "promoted_pct": 0.92
      }
    },
    "collections": {
      "minor": 4090,
      "major": 42,
      "forced_major": 0,
      "compactions": 0
    },
    "stats_reliable": true
  },
  "counter_backend": "linux-perf",
  "perf": [
    {
      "counter-value": "430294.018728",
      "unit": "msec",
      "event": "task-clock",
      "event-runtime": 430294018728,
      "pcnt-running": 100.0,
      "metric-value": "3.256548",
      "metric-unit": "CPUs utilized"
    },
    {
      "counter-value": "1134358.000000",
      "unit": "",
      "event": "page-faults",
      "event-runtime": 430294018728,
      "pcnt-running": 100.0,
      "metric-value": "2.636239",
      "metric-unit": "K/sec"
    },
    {
      "counter-value": "1405364590814.000000",
      "unit": "",
      "event": "cycles",
      "event-runtime": 430294018728,
      "pcnt-running": 100.0,
      "metric-value": "3.266057",
      "metric-unit": "GHz"
    },
    {
      "counter-value": "1757939794973.000000",
      "unit": "",
      "event": "instructions",
      "event-runtime": 430294018728,
      "pcnt-running": 100.0,
      "metric-value": "1.250878",
      "metric-unit": "insn per cycle"
    }
  ]
}
-----
mkdir -p PLOTTY_WORKAROUND; timedrun; OCAMLRUNPARAM="e=18,d=128" taskset -c "4,6,8,10,12,14" /home/udesou/.bench-agent/git/macro-benches/benchmarks/infer/infer_default-ocaml-5.5.1-46e1c32-fp-flambda
running-ng v0.3.8
Sun Sep 13 01:30:42 PM UTC 2026

 13:30:42 up 6 days, 13:24,  2 users,  load average: 2.46, 3.18, 2.89
USER     TTY      FROM             LOGIN@   IDLE   JCPU   PCPU  WHAT

procs -----------memory---------- ---swap-- -----io---- -system-- -------cpu-------
 r  b   swpd   free   buff  cache   si   so    bi    bo   in   cs us sy id wa st gu
 0  1    512 5121220 4620012 53724964    0    0    39  1122 2347    6 10  1 80  9  0  0
 0  1    512 5121508 4620012 53724424    0    0     0     0 1708 2733  0  0 88 12  0  0

top - 13:30:43 up 6 days, 13:24,  2 users,  load average: 2.46, 3.18, 2.89
Tasks: 280 total,   1 running, 279 sleeping,   0 stopped,   0 zombie
%Cpu(s):  1.1 us,  1.1 sy,  0.0 ni, 86.4 id, 11.4 wa,  0.0 hi,  0.0 si,  0.0 st 
MiB Mem :  64272.5 total,   5001.5 free,   3018.5 used,  56977.0 buff/cache     
MiB Swap:   8192.0 total,   8191.5 free,      0.5 used.  61254.0 avail Mem 

    PID USER      PR  NI    VIRT    RES    SHR S  %CPU  %MEM     TIME+ COMMAND
 944504 udesou    20   0   11912   5732   3580 R   9.1   0.0   0:00.01 top -bcn 1 -w512
      1 root      20   0   22936  14244   9608 S   0.0   0.0   4:05.01 /usr/lib/systemd/systemd --system --deserialize=173
      2 root      20   0       0      0      0 S   0.0   0.0   0:00.07 [kthreadd]
      3 root      20   0       0      0      0 S   0.0   0.0   0:00.00 [pool_workqueue_release]
      4 root       0 -20       0      0      0 I   0.0   0.0   0:00.00 [kworker/R-rcu_g]

Environment variables: 
	CONFIG_FILE=/home/udesou/.bench-agent/work/run-20260913-001-e1/run-20260913-001.yml
	HOME=/home/udesou
	LANG=en_US.UTF-8
	LOGNAME=udesou
	LOG_DIR=/home/udesou/.bench-agent/logs
	OLLY_DIR=/home/udesou/.bench-agent/git/olly
	PATH=/usr/local/bin:/home/udesou/.bench-agent/git/olly/_build/install/default/bin:/home/udesou/.opam/running-ng-tools/bin:/home/udesou/.vscode-server/data/User/globalStorage/github.copilot-chat/debugCommand:/home/udesou/.vscode-server/data/User/globalStorage/github.copilot-chat/copilotCli:/home/udesou/.vscode-server/cli/servers/Stable-08d4889f9ec4a1685d257b9b95de036c8e1ce1e5/server/bin/remote-cli:/home/udesou/.opam/running-ng-ocaml-5.5.0-f523850-fp-flambda/bin:/home/udesou/.local/bin:/home/udesou/.opam/running-ng-ocaml-5.5.0-f523850-fp-flambda/bin:/home/udesou/.local/bin:/usr/local/sbin:/usr/local/bin:/usr/sbin:/usr/bin:/sbin:/bin:/usr/games:/usr/local/games:/snap/bin
	PWD=/home/udesou/ocaml-bench-service
	PYTHONPATH=/home/udesou/.bench-agent/git/running-ng/src
	RUNNING_BENCH_DIR=/home/udesou/.bench-agent/git/macro-benches
	RUNNING_MACRO_BENCH_DIR=/home/udesou/.bench-agent/git/macro-benches
	RUNNING_NG_PACKAGE_DATA=/home/udesou/.bench-agent/git/running-ng/src/running/config
	RUNNING_REUSE_SWITCHES=1
	RUNNING_TAG=default_run,large_run
	SHELL=/bin/bash
	SHLVL=1
	TERM=screen.xterm-256color
	USER=udesou
	_=/usr/bin/python3
OS: Linux obelisk 6.8.0-139-generic #139-Ubuntu SMP PREEMPT_DYNAMIC Sat Aug  1 03:52:05 UTC 2026 x86_64 x86_64 x86_64 GNU/Linux
CPU: Intel(R) Xeon(R) CPU E5-2667 v2 @ 3.30GHz
number of cores: 8
Frequency of cpu 0: 3.30 GHz
Governor of cpu 0: performance
Scaling_min_freq of cpu 0: 1.20 GHz
Frequency of cpu 2: 3.30 GHz
Governor of cpu 2: performance
Scaling_min_freq of cpu 2: 1.20 GHz
Frequency of cpu 4: 3.30 GHz
Governor of cpu 4: performance
Scaling_min_freq of cpu 4: 1.20 GHz
Frequency of cpu 6: 3.30 GHz
Governor of cpu 6: performance
Scaling_min_freq of cpu 6: 1.20 GHz
WARNING: Failed to resolve file /com/google/common/annotations/Beta.class with "No such file or directory" 

WARNING: Failed to resolve file /com/google/common/base/Converter$IdentityConverter.class with "No such file or directory" 

WARNING: Failed to resolve file /com/google/common/base/Platform.class with "No such file or directory" 

WARNING: Failed to resolve file /com/google/common/base/Utf8.class with "No such file or directory" 

WARNING: Failed to resolve file /com/google/common/cache/LocalCache$EntryFactory$2.class with "No such file or directory" 

WARNING: Failed to resolve file /com/google/common/cache/LongAddables.class with "No such file or directory" 

WARNING: Failed to resolve file /com/google/common/collect/AbstractMapBasedMultiset$2$1.class with "No such file or directory" 

WARNING: Failed to resolve file /com/google/common/collect/CollectSpliterators.class with "No such file or directory" 

WARNING: Failed to resolve file /com/google/common/collect/DenseImmutableTable.class with "No such file or directory" 

WARNING: Failed to resolve file /com/google/common/collect/ForwardingConcurrentMap.class with "No such file or directory" 

WARNING: Failed to resolve file /com/google/common/collect/HashMultimap.class with "No such file or directory" 

WARNING: Failed to resolve file /com/google/common/collect/ImmutableMultimap$Builder.class with "No such file or directory" 

WARNING: Failed to resolve file /com/google/common/collect/ImmutableSortedSet$1.class with "No such file or directory" 

WARNING: Failed to resolve file /com/google/common/collect/JdkBackedImmutableMap.class with "No such file or directory" 

WARNING: Failed to resolve file /com/google/common/collect/MapMakerInternalMap$EntrySet.class with "No such file or directory" 

WARNING: Failed to resolve file /com/google/common/collect/Maps$AsMapView$1EntrySetImpl.class with "No such file or directory" 

WARNING: Failed to resolve file /com/google/common/collect/MultimapBuilder$2.class with "No such file or directory" 

WARNING: Failed to resolve file /com/google/common/collect/Multisets$4.class with "No such file or directory" 

WARNING: Failed to resolve file /com/google/common/collect/RegularImmutableMap$Values.class with "No such file or directory" 

WARNING: Failed to resolve file /com/google/common/collect/SortedLists$KeyAbsentBehavior$2.class with "No such file or directory" 

WARNING: Failed to resolve file /com/google/common/collect/Streams$DoubleFunctionWithIndex.class with "No such file or directory" 

WARNING: Failed to resolve file /com/google/common/collect/TransformedListIterator.class with "No such file or directory" 

WARNING: Failed to resolve file /com/google/common/collect/TreeTraverser.class with "No such file or directory" 

WARNING: Failed to resolve file /com/google/common/graph/AbstractBaseGraph$1.class with "No such file or directory" 

WARNING: Failed to resolve file /com/google/common/graph/GraphBuilder.class with "No such file or directory" 

WARNING: Failed to resolve file /com/google/common/graph/ValueGraph.class with "No such file or directory" 

WARNING: Failed to resolve file /com/google/common/hash/Hashing.class with "No such file or directory" 

WARNING: Failed to resolve file /com/google/common/io/BaseEncoding.class with "No such file or directory" 

WARNING: Failed to resolve file /com/google/common/io/LineProcessor.class with "No such file or directory" 

WARNING: Failed to resolve file /com/google/common/net/HttpHeaders.class with "No such file or directory" 

WARNING: Failed to resolve file /com/google/common/primitives/Shorts$ShortConverter.class with "No such file or directory" 

WARNING: Failed to resolve file /com/google/common/reflect/TypeToken$Bounds.class with "No such file or directory" 

WARNING: Failed to resolve file /com/google/common/util/concurrent/AbstractFuture$Listener.class with "No such file or directory" 

WARNING: Failed to resolve file /com/google/common/util/concurrent/AggregateFutureState.class with "No such file or directory" 

WARNING: Failed to resolve file /com/google/common/util/concurrent/ForwardingCheckedFuture$SimpleForwardingCheckedFuture.class with "No such file or directory" 

WARNING: Failed to resolve file /com/google/common/util/concurrent/Monitor$Guard.class with "No such file or directory" 

WARNING: Failed to resolve file /com/google/common/util/concurrent/SimpleTimeLimiter$1.class with "No such file or directory" 

WARNING: Failed to resolve file /net/bytebuddy/ByteBuddy$RecordConstructorStrategy.class with "No such file or directory" 

WARNING: Failed to resolve file /net/bytebuddy/agent/builder/AgentBuilder$Default$NativeMethodStrategy$ForPrefix.class with "No such file or directory" 

WARNING: Failed to resolve file /net/bytebuddy/agent/builder/AgentBuilder$InstallationListener$Compound.class with "No such file or directory" 

WARNING: Failed to resolve file /net/bytebuddy/agent/builder/AgentBuilder$PoolStrategy$Default.class with "No such file or directory" 

WARNING: Failed to resolve file /net/bytebuddy/agent/builder/AgentBuilder$RedefinitionStrategy$Listener$Adapter.class with "No such file or directory" 

WARNING: Failed to resolve file /net/bytebuddy/agent/builder/package-info.class with "No such file or directory" 

WARNING: Failed to resolve file /net/bytebuddy/asm/Advice$AssignReturned$ToReturned$Handler.class with "No such file or directory" 

WARNING: Failed to resolve file /net/bytebuddy/asm/Advice$Dispatcher$Resolved$AbstractBase.class with "No such file or directory" 

WARNING: Failed to resolve file /net/bytebuddy/asm/Advice$OffsetMapping$ForInstrumentedMethod$2.class with "No such file or directory" 

WARNING: Failed to resolve file /net/bytebuddy/asm/Advice$OffsetMapping.class with "No such file or directory" 

WARNING: Failed to resolve file /net/bytebuddy/asm/ClassVisitorFactory$FrameTranslator.class with "No such file or directory" 

WARNING: Failed to resolve file /net/bytebuddy/asm/MemberSubstitution$TypePoolResolver$OfImplicitPool.class with "No such file or directory" 

WARNING: Failed to resolve file /net/bytebuddy/build/EntryPoint$Default.class with "No such file or directory" 

WARNING: Failed to resolve file /net/bytebuddy/build/Plugin$Engine$Listener$StreamWriting.class with "No such file or directory" 

WARNING: Failed to resolve file /net/bytebuddy/build/Plugin$Factory$UsingReflection$Instantiator$Unresolved.class with "No such file or directory" 

WARNING: Failed to resolve file /net/bytebuddy/description/annotation/AnnotationDescription.class with "No such file or directory" 

WARNING: Failed to resolve file /net/bytebuddy/description/annotation/AnnotationValue$Loaded$AbstractBase$ForUnresolvedProperty.class with "No such file or directory" 

WARNING: Failed to resolve file /net/bytebuddy/description/method/MethodList$Explicit.class with "No such file or directory" 

WARNING: Failed to resolve file /net/bytebuddy/description/modifier/SynchronizationState.class with "No such file or directory" 

WARNING: Failed to resolve file /net/bytebuddy/description/type/TypeDescription$Generic$AnnotationReader$Delegator$ForLoadedTypeVariable.class with "No such file or directory" 

WARNING: Failed to resolve file /net/bytebuddy/description/type/TypeDescription$Generic$OfParameterizedType$Latent.class with "No such file or directory" 

WARNING: Failed to resolve file /net/bytebuddy/description/type/TypeDescription$Latent.class with "No such file or directory" 

WARNING: Failed to resolve file /net/bytebuddy/dynamic/ClassFileLocator$ForModuleFile.class with "No such file or directory" 

WARNING: Failed to resolve file /net/bytebuddy/dynamic/DynamicType$Builder$MethodDefinition$ParameterDefinition$Simple$Annotatable$AbstractBase.class with "No such file or directory" 

WARNING: Failed to resolve file /net/bytebuddy/dynamic/VisibilityBridgeStrategy$Default$2.class with "No such file or directory" 

WARNING: Failed to resolve file /net/bytebuddy/dynamic/loading/ClassInjector$UsingReflection$Dispatcher$Initializable.class with "No such file or directory" 

WARNING: Failed to resolve file /net/bytebuddy/dynamic/loading/PackageDefinitionStrategy$ManifestReading.class with "No such file or directory" 

WARNING: Failed to resolve file /net/bytebuddy/dynamic/scaffold/MethodGraph$Compiler$Default$Key$Store$Entry$Initial.class with "No such file or directory" 

WARNING: Failed to resolve file /net/bytebuddy/dynamic/scaffold/TypeWriter$Default$ClassDumpAction$Dispatcher$Enabled.class with "No such file or directory" 

WARNING: Failed to resolve file /net/bytebuddy/dynamic/scaffold/TypeWriter$MethodPool$Record$AccessBridgeWrapper.class with "No such file or directory" 

WARNING: Failed to resolve file /net/bytebuddy/dynamic/scaffold/subclass/SubclassImplementationTarget$OriginTypeResolver$1.class with "No such file or directory" 

WARNING: Failed to resolve file /net/bytebuddy/implementation/FieldAccessor$FieldLocation.class with "No such file or directory" 

WARNING: Failed to resolve file /net/bytebuddy/implementation/HashCodeMethod$ValueTransformer$7.class with "No such file or directory" 

WARNING: Failed to resolve file /net/bytebuddy/implementation/InvocationHandlerAdapter.class with "No such file or directory" 

WARNING: Failed to resolve file /net/bytebuddy/implementation/InvokeDynamic$WithImplicitArguments.class with "No such file or directory" 

WARNING: Failed to resolve file /net/bytebuddy/implementation/MethodCall$MethodInvoker.class with "No such file or directory" 

WARNING: Failed to resolve file /net/bytebuddy/implementation/MethodDelegation.class with "No such file or directory" 

WARNING: Failed to resolve file /net/bytebuddy/implementation/attribute/AnnotationValueFilter$Factory.class with "No such file or directory" 

WARNING: Failed to resolve file /net/bytebuddy/implementation/auxiliary/TypeProxy$1.class with "No such file or directory" 

WARNING: Failed to resolve file /net/bytebuddy/implementation/bind/annotation/AllArguments.class with "No such file or directory" 

WARNING: Failed to resolve file /net/bytebuddy/implementation/bind/annotation/Morph$Binder$RedirectionProxy$InstanceFieldConstructor$Appender.class with "No such file or directory" 

WARNING: Failed to resolve file /net/bytebuddy/implementation/bytecode/ByteCodeAppender$Compound.class with "No such file or directory" 

WARNING: Failed to resolve file /net/bytebuddy/implementation/bytecode/assign/reference/GenericTypeAwareAssigner$IsAssignableToVisitor$OfGenericArray.class with "No such file or directory" 

WARNING: Failed to resolve file /net/bytebuddy/implementation/bytecode/member/FieldAccess$AccessDispatcher$FieldPutInstruction.class with "No such file or directory" 

WARNING: Failed to resolve file /net/bytebuddy/jar/asm/RecordComponentWriter.class with "No such file or directory" 

WARNING: Failed to resolve file /net/bytebuddy/matcher/FilterableList.class with "No such file or directory" 

WARNING: Failed to resolve file /net/bytebuddy/matcher/TypeSortMatcher.class with "No such file or directory" 

WARNING: Failed to resolve file /net/bytebuddy/pool/TypePool$Default$LazyTypeDescription$AnnotationToken.class with "No such file or directory" 

WARNING: Failed to resolve file /net/bytebuddy/pool/TypePool$Default$LazyTypeDescription$LazyMethodDescription$LazyParameterizedReceiverType$TypeArgumentList$AnnotatedTypeVariable.class with "No such file or directory" 

WARNING: Failed to resolve file /net/bytebuddy/utility/FileSystem$ForNio2CapableVm$StandardCopyOption.class with "No such file or directory" 

WARNING: Failed to resolve file /net/bytebuddy/utility/dispatcher/JavaDispatcher$Dispatcher.class with "No such file or directory" 

WARNING: Failed to resolve file /org/apache/lucene/analysis/CharArrayMap.class with "No such file or directory" 

WARNING: Failed to resolve file /org/apache/lucene/analysis/tokenattributes/TermToBytesRefAttribute.class with "No such file or directory" 

WARNING: Failed to resolve file /org/apache/lucene/codecs/KnnVectorsWriter$ByteVectorValuesSub.class with "No such file or directory" 

WARNING: Failed to resolve file /org/apache/lucene/codecs/hnsw/DefaultFlatVectorScorer$ByteScoringSupplier$1.class with "No such file or directory" 

WARNING: Failed to resolve file /org/apache/lucene/codecs/lucene90/Lucene90DocValuesProducer$17.class with "No such file or directory" 

WARNING: Failed to resolve file /org/apache/lucene/codecs/lucene90/Lucene90PointsFormat.class with "No such file or directory" 

WARNING: Failed to resolve file /org/apache/lucene/codecs/lucene912/ForUtil.class with "No such file or directory" 

WARNING: Failed to resolve file /org/apache/lucene/codecs/lucene99/Lucene99HnswVectorsWriter$2.class with "No such file or directory" 

WARNING: Failed to resolve file /org/apache/lucene/document/BinaryPoint$1.class with "No such file or directory" 

WARNING: Failed to resolve file /org/apache/lucene/document/FloatPoint$2.class with "No such file or directory" 

WARNING: Failed to resolve file /org/apache/lucene/document/LatLonPointDistanceQuery.class with "No such file or directory" 

WARNING: Failed to resolve file /org/apache/lucene/document/ShapeField$QueryRelation.class with "No such file or directory" 

WARNING: Failed to resolve file /org/apache/lucene/document/XYShapeDocValues.class with "No such file or directory" 

WARNING: Failed to resolve file /org/apache/lucene/index/BaseTermsEnum$1.class with "No such file or directory" 

WARNING: Failed to resolve file /org/apache/lucene/index/ConcurrentMergeScheduler.class with "No such file or directory" 

WARNING: Failed to resolve file /org/apache/lucene/index/ExitableDirectoryReader$ExitableFilterAtomicReader$4.class with "No such file or directory" 

WARNING: Failed to resolve file /org/apache/lucene/index/FreqProxFields$FreqProxTermsEnum$1.class with "No such file or directory" 

WARNING: Failed to resolve file /org/apache/lucene/index/IndexWriter$DocModifier.class with "No such file or directory" 

WARNING: Failed to resolve file /org/apache/lucene/index/MultiDocValues$1.class with "No such file or directory" 

WARNING: Failed to resolve file /org/apache/lucene/index/PointValues$IntersectVisitor.class with "No such file or directory" 

WARNING: Failed to resolve file /org/apache/lucene/index/SingletonSortedSetDocValues.class with "No such file or directory" 

WARNING: Failed to resolve file /org/apache/lucene/index/SortedNumericDocValuesWriter.class with "No such file or directory" 

WARNING: Failed to resolve file /org/apache/lucene/index/TermVectorsConsumerPerField$TermVectorsPostingsArray.class with "No such file or directory" 

WARNING: Failed to resolve file /org/apache/lucene/internal/hppc/IntDoubleHashMap$EntryIterator.class with "No such file or directory" 

WARNING: Failed to resolve file /org/apache/lucene/internal/hppc/LongIntHashMap$LongIntCursor.class with "No such file or directory" 

WARNING: Failed to resolve file /org/apache/lucene/search/BlockMaxConjunctionScorer$2.class with "No such file or directory" 

WARNING: Failed to resolve file /org/apache/lucene/search/ConstantScoreQuery$1$1.class with "No such file or directory" 

WARNING: Failed to resolve file /org/apache/lucene/search/DoubleValuesSource$DoubleValuesComparatorSource$1.class with "No such file or directory" 

WARNING: Failed to resolve file /org/apache/lucene/search/ImpactsDISI.class with "No such file or directory" 

WARNING: Failed to resolve file /org/apache/lucene/search/LongValuesSource$LongValuesComparatorSource.class with "No such file or directory" 

WARNING: Failed to resolve file /org/apache/lucene/search/NamedMatches$NamedQuery.class with "No such file or directory" 

WARNING: Failed to resolve file /org/apache/lucene/search/ReqOptSumScorer.class with "No such file or directory" 

WARNING: Failed to resolve file /org/apache/lucene/search/SortedNumericSortField$5.class with "No such file or directory" 

WARNING: Failed to resolve file /org/apache/lucene/search/TopDocsCollector.class with "No such file or directory" 

WARNING: Failed to resolve file /org/apache/lucene/search/comparators/NumericComparator$NumericLeafComparator.class with "No such file or directory" 

WARNING: Failed to resolve file /org/apache/lucene/search/similarities/MultiSimilarity.class with "No such file or directory" 

WARNING: Failed to resolve file /org/apache/lucene/store/IndexInput$1.class with "No such file or directory" 

WARNING: Failed to resolve file /org/apache/lucene/util/AttributeImpl.class with "No such file or directory" 

WARNING: Failed to resolve file /org/apache/lucene/util/DocIdSetBuilder$BulkAdder.class with "No such file or directory" 

WARNING: Failed to resolve file /org/apache/lucene/util/ModuleResourceLoader.class with "No such file or directory" 

WARNING: Failed to resolve file /org/apache/lucene/util/Sorter.class with "No such file or directory" 

WARNING: Failed to resolve file /org/apache/lucene/util/automaton/MinimizationOperations$IntPair.class with "No such file or directory" 

WARNING: Failed to resolve file /org/apache/lucene/util/bkd/OfflinePointWriter.class with "No such file or directory" 

WARNING: Failed to resolve file /org/apache/lucene/util/fst/Util$FSTPath.class with "No such file or directory" 

WARNING: Failed to resolve file /org/apache/lucene/util/mutable/MutableValueDate.class with "No such file or directory" 

WARNING: Failed to resolve file /org/apache/lucene/util/packed/DirectReader$DirectPackedReader32.class with "No such file or directory" 

WARNING: Failed to resolve file /org/apache/lucene/util/packed/PackedWriter.class with "No such file or directory" 

WARNING: Failed to resolve file /org/bouncycastle/asn1/ASN1ObjectDescriptor$1.class with "No such file or directory" 

WARNING: Failed to resolve file /org/bouncycastle/asn1/BEROctetStringParser.class with "No such file or directory" 

WARNING: Failed to resolve file /org/bouncycastle/asn1/LazyEncodedSequence.class with "No such file or directory" 

WARNING: Failed to resolve file /org/bouncycastle/asn1/ocsp/OCSPRequest.class with "No such file or directory" 

WARNING: Failed to resolve file /org/bouncycastle/asn1/sec/SECNamedCurves$17.class with "No such file or directory" 

WARNING: Failed to resolve file /org/bouncycastle/asn1/x500/DirectoryString.class with "No such file or directory" 

WARNING: Failed to resolve file /org/bouncycastle/asn1/x509/NameConstraints.class with "No such file or directory" 

WARNING: Failed to resolve file /org/bouncycastle/asn1/x509/sigi/NameOrPseudonym.class with "No such file or directory" 

WARNING: Failed to resolve file /org/bouncycastle/crypto/CipherKeyGenerator.class with "No such file or directory" 

WARNING: Failed to resolve file /org/bouncycastle/crypto/StagedAgreement.class with "No such file or directory" 

WARNING: Failed to resolve file /org/bouncycastle/crypto/digests/AsconXof$1.class with "No such file or directory" 

WARNING: Failed to resolve file /org/bouncycastle/crypto/digests/ShortenedDigest.class with "No such file or directory" 

WARNING: Failed to resolve file /org/bouncycastle/crypto/ec/ECDecryptor.class with "No such file or directory" 

WARNING: Failed to resolve file /org/bouncycastle/crypto/engines/GOST3412_2015Engine.class with "No such file or directory" 

WARNING: Failed to resolve file /org/bouncycastle/crypto/engines/SparkleEngine$1.class with "No such file or directory" 

WARNING: Failed to resolve file /org/bouncycastle/crypto/generators/ElGamalParametersGenerator.class with "No such file or directory" 

WARNING: Failed to resolve file /org/bouncycastle/crypto/macs/DSTU7564Mac.class with "No such file or directory" 

WARNING: Failed to resolve file /org/bouncycastle/crypto/modes/NISTCTSBlockCipher.class with "No such file or directory" 

WARNING: Failed to resolve file /org/bouncycastle/crypto/params/DHParameters.class with "No such file or directory" 

WARNING: Failed to resolve file /org/bouncycastle/crypto/params/NaccacheSternKeyGenerationParameters.class with "No such file or directory" 

WARNING: Failed to resolve file /org/bouncycastle/crypto/prng/X931SecureRandom.class with "No such file or directory" 

WARNING: Failed to resolve file /org/bouncycastle/crypto/util/DEROtherInfo$1.class with "No such file or directory" 

WARNING: Failed to resolve file /org/bouncycastle/crypto/util/SSHNamedCurves$3.class with "No such file or directory" 

WARNING: Failed to resolve file /org/bouncycastle/jcajce/BCFKSLoadStoreParameter$SignatureAlgorithm.class with "No such file or directory" 

WARNING: Failed to resolve file /org/bouncycastle/jcajce/provider/asymmetric/CompositeSignatures.class with "No such file or directory" 

WARNING: Failed to resolve file /org/bouncycastle/jcajce/provider/asymmetric/compositesignatures/KeyPairGeneratorSpi$MLDSA65_ECDSA_brainpoolP256r1_SHA512.class with "No such file or directory" 

WARNING: Failed to resolve file /org/bouncycastle/jcajce/provider/asymmetric/dh/KeyAgreementSpi$DHwithSHA384CKDF.class with "No such file or directory" 

WARNING: Failed to resolve file /org/bouncycastle/jcajce/provider/asymmetric/ec/BCECPrivateKey.class with "No such file or directory" 

WARNING: Failed to resolve file /org/bouncycastle/jcajce/provider/asymmetric/ec/KeyAgreementSpi$DHUwithSHA224KDF.class with "No such file or directory" 

WARNING: Failed to resolve file /org/bouncycastle/jcajce/provider/asymmetric/ec/KeyPairGeneratorSpi.class with "No such file or directory" 

WARNING: Failed to resolve file /org/bouncycastle/jcajce/provider/asymmetric/ecgost12/KeyAgreementSpi$ECVKO512.class with "No such file or directory" 

WARNING: Failed to resolve file /org/bouncycastle/jcajce/provider/asymmetric/edec/KeyPairGeneratorSpi$X448.class with "No such file or directory" 

WARNING: Failed to resolve file /org/bouncycastle/jcajce/provider/asymmetric/rsa/DigestSignatureSpi$SHA3_384.class with "No such file or directory" 

WARNING: Failed to resolve file /org/bouncycastle/jcajce/provider/asymmetric/rsa/PSSSignatureSpi$SHA512withRSA.class with "No such file or directory" 

WARNING: Failed to resolve file /org/bouncycastle/jcajce/provider/asymmetric/x509/X509CRLInternal.class with "No such file or directory" 

WARNING: Failed to resolve file /org/bouncycastle/jcajce/provider/digest/GOST3411$Mappings.class with "No such file or directory" 

WARNING: Failed to resolve file /org/bouncycastle/jcajce/provider/digest/RIPEMD256$HashMac.class with "No such file or directory" 

WARNING: Failed to resolve file /org/bouncycastle/jcajce/provider/digest/SHA3$Mappings.class with "No such file or directory" 

WARNING: Failed to resolve file /org/bouncycastle/jcajce/provider/digest/Skein$HMacKeyGenerator_512_384.class with "No such file or directory" 

WARNING: Failed to resolve file /org/bouncycastle/jcajce/provider/digest/Whirlpool$KeyGenerator.class with "No such file or directory" 

WARNING: Failed to resolve file /org/bouncycastle/jcajce/provider/keystore/pkcs12/PKCS12KeyStoreSpi$1.class with "No such file or directory" 

WARNING: Failed to resolve file /org/bouncycastle/jcajce/provider/symmetric/AES$PBEWithSHA256And192BitAESBC.class with "No such file or directory" 

WARNING: Failed to resolve file /org/bouncycastle/jcajce/provider/symmetric/CAST5$CBC.class with "No such file or directory" 

WARNING: Failed to resolve file /org/bouncycastle/jcajce/provider/symmetric/DES$Mappings.class with "No such file or directory" 

WARNING: Failed to resolve file /org/bouncycastle/jcajce/provider/symmetric/DSTU7624$GCM128.class with "No such file or directory" 

WARNING: Failed to resolve file /org/bouncycastle/jcajce/provider/symmetric/HC128$KeyGen.class with "No such file or directory" 

WARNING: Failed to resolve file /org/bouncycastle/jcajce/provider/symmetric/PBEPKCS12.class with "No such file or directory" 

WARNING: Failed to resolve file /org/bouncycastle/jcajce/provider/symmetric/Rijndael.class with "No such file or directory" 

WARNING: Failed to resolve file /org/bouncycastle/jcajce/provider/symmetric/Shacal2$AlgParams.class with "No such file or directory" 

WARNING: Failed to resolve file /org/bouncycastle/jcajce/provider/symmetric/Threefish.class with "No such file or directory" 

WARNING: Failed to resolve file /org/bouncycastle/jcajce/provider/symmetric/util/BaseStreamCipher.class with "No such file or directory" 

WARNING: Failed to resolve file /org/bouncycastle/jcajce/spec/SkeinParameterSpec.class with "No such file or directory" 

WARNING: Failed to resolve file /org/bouncycastle/jce/provider/AnnotatedException.class with "No such file or directory" 

WARNING: Failed to resolve file /org/bouncycastle/jce/provider/RFC3280CertPathUtilities.class with "No such file or directory" 

WARNING: Failed to resolve file /org/bouncycastle/math/ec/ECCurve$Config.class with "No such file or directory" 

WARNING: Failed to resolve file /org/bouncycastle/math/ec/custom/gm/SM2P256V1FieldElement.class with "No such file or directory" 

WARNING: Failed to resolve file /org/bouncycastle/math/ec/custom/sec/SecP384R1FieldElement.class with "No such file or directory" 

WARNING: Failed to resolve file /org/bouncycastle/math/ec/custom/sec/SecT239K1Curve.class with "No such file or directory" 

WARNING: Failed to resolve file /org/bouncycastle/math/ec/rfc8032/Ed25519$PointTemp.class with "No such file or directory" 

WARNING: Failed to resolve file /org/bouncycastle/pqc/asn1/PQCObjectIdentifiers.class with "No such file or directory" 

WARNING: Failed to resolve file /org/bouncycastle/pqc/crypto/crystals/dilithium/DilithiumKeyPairGenerator.class with "No such file or directory" 

WARNING: Failed to resolve file /org/bouncycastle/pqc/crypto/falcon/FalconSmallPrime.class with "No such file or directory" 

WARNING: Failed to resolve file /org/bouncycastle/pqc/crypto/hqc/HQCKEMExtractor.class with "No such file or directory" 

WARNING: Failed to resolve file /org/bouncycastle/pqc/crypto/newhope/NHKeyPairGenerator.class with "No such file or directory" 

WARNING: Failed to resolve file /org/bouncycastle/pqc/crypto/picnic/PicnicEngine.class with "No such file or directory" 

WARNING: Failed to resolve file /org/bouncycastle/pqc/crypto/sphincs/SPHINCS256KeyGenerationParameters.class with "No such file or directory" 

WARNING: Failed to resolve file /org/bouncycastle/pqc/crypto/util/PublicKeyFactory$LMSConverter.class with "No such file or directory" 

WARNING: Failed to resolve file /org/bouncycastle/pqc/crypto/xmss/XMSSMTPrivateKeyParameters$Builder.class with "No such file or directory" 

WARNING: Failed to resolve file /org/bouncycastle/pqc/jcajce/interfaces/NHPublicKey.class with "No such file or directory" 

WARNING: Failed to resolve file /org/bouncycastle/pqc/jcajce/provider/SPHINCS.class with "No such file or directory" 

WARNING: Failed to resolve file /org/bouncycastle/pqc/jcajce/provider/falcon/SignatureSpi$Base.class with "No such file or directory" 

WARNING: Failed to resolve file /org/bouncycastle/pqc/jcajce/provider/mceliece/BCMcEliecePrivateKey.class with "No such file or directory" 

WARNING: Failed to resolve file /org/bouncycastle/pqc/jcajce/provider/picnic/BCPicnicPublicKey.class with "No such file or directory" 

WARNING: Failed to resolve file /org/bouncycastle/pqc/jcajce/provider/sphincsplus/SPHINCSPlusKeyPairGeneratorSpi$Shake_256f.class with "No such file or directory" 

WARNING: Failed to resolve file /org/bouncycastle/pqc/jcajce/spec/KyberParameterSpec.class with "No such file or directory" 

WARNING: Failed to resolve file /org/bouncycastle/pqc/legacy/crypto/mceliece/McEliecePrivateKeyParameters.class with "No such file or directory" 

WARNING: Failed to resolve file /org/bouncycastle/pqc/legacy/math/linearalgebra/GF2Matrix.class with "No such file or directory" 

WARNING: Failed to resolve file /org/bouncycastle/pqc/math/ntru/parameters/NTRUHPS2048509.class with "No such file or directory" 

WARNING: Failed to resolve file /org/bouncycastle/util/encoders/HexTranslator.class with "No such file or directory" 

WARNING: Failed to resolve file /org/bouncycastle/x509/X509CRLStoreSelector.class with "No such file or directory" 

Found 215 (out of 11364) source files to analyze in /home/udesou/.bench-agent/git/macro-benches/vendor/.infer-capture-ocaml-5.5.1-46e1c32-fp-flambda
Could not read file /com/google/common/collect/DenseImmutableTable.class
Could not read file /org/apache/lucene/document/ShapeDocValues.class
Could not read file /org/apache/lucene/index/MergeRateLimiter.class
*****
{
  "rusage": {
    "user_time": 397.588,
    "system_time": 33.886,
    "minor_faults": 1131868,
    "major_faults": 7,
    "voluntary_ctx_switches": 2111938,
    "involuntary_ctx_switches": 145067
  },
  "olly": {
    "version": 2,
    "wall_time": 130.9,
    "cpu_time": 910.64,
    "gc_time": 53.61,
    "gc_overhead": 5.89,
    "max_rss_kb": 4479900,
    "domain_stats": {
      "0": {
        "wall_time": 130.9,
        "gc_time": 4.64,
        "gc_overhead": 3.54
      },
      "1": {
        "wall_time": 130.28,
        "gc_time": 11.81,
        "gc_overhead": 9.06
      },
      "2": {
        "wall_time": 129.85,
        "gc_time": 5.78,
        "gc_overhead": 4.45
      },
      "3": {
        "wall_time": 129.86,
        "gc_time": 6.15,
        "gc_overhead": 4.74
      },
      "4": {
        "wall_time": 129.84,
        "gc_time": 6.06,
        "gc_overhead": 4.66
      },
      "5": {
        "wall_time": 130.07,
        "gc_time": 13.22,
        "gc_overhead": 10.17
      },
      "6": {
        "wall_time": 129.84,
        "gc_time": 5.96,
        "gc_overhead": 4.59
      }
    },
    "mean_latency": 1.277939,
    "stddev_latency": 2.278985,
    "min_latency": 0.0,
    "max_latency": 38.141951,
    "distr_latency": {
      "25.0000": 0.001631,
      "50.0000": 0.002679,
      "60.0000": 0.010207,
      "70.0000": 1.302527,
      "75.0000": 2.059263,
      "80.0000": 2.889727,
      "85.0000": 3.784703,
      "90.0000": 4.567039,
      "95.0000": 5.767167,
      "96.0000": 6.090751,
      "97.0000": 6.602751,
      "98.0000": 7.450623,
      "99.0000": 8.798207,
      "99.9000": 16.572415,
      "99.9900": 32.227327,
      "99.9990": 38.141951,
      "99.9999": 38.141951,
      "100.0000": 38.141951
    },
    "outliers": {
      "count": 0,
      "mean_latency": 0.0,
      "max_latency": 0.0
    },
    "allocations": {
      "total_heap": 67460741495,
      "minor_heap": 66922050455,
      "major_heap": 1410813700,
      "promoted_words": 872122660,
      "promoted_pct": 1.3
    },
    "domain_alloc_stats": {
      "0": {
        "total": 139454969,
        "minor": 120751652,
        "promoted": 8494327,
        "major": 27197644,
        "promoted_pct": 7.03
      },
      "1": {
        "total": 7628386583,
        "minor": 6946849594,
        "promoted": 103673634,
        "major": 785210623,
        "promoted_pct": 1.49
      },
      "2": {
        "total": 5174536570,
        "minor": 5158645969,
        "promoted": 106630378,
        "major": 122520979,
        "promoted_pct": 2.07
      },
      "3": {
        "total": 5687269116,
        "minor": 5719995438,
        "promoted": 110254240,
        "major": 77527918,
        "promoted_pct": 1.93
      },
      "4": {
        "total": 6174038112,
        "minor": 6189262431,
        "promoted": 98817502,
        "major": 83593183,
        "promoted_pct": 1.6
      },
      "5": {
        "total": 33414515810,
        "minor": 33518810723,
        "promoted": 362126977,
        "major": 257832064,
        "promoted_pct": 1.08
      },
      "6": {
        "total": 9242540335,
        "minor": 9267734648,
        "promoted": 82125602,
        "major": 56931289,
        "promoted_pct": 0.89
      }
    },
    "collections": {
      "minor": 4090,
      "major": 42,
      "forced_major": 0,
      "compactions": 0
    },
    "stats_reliable": true
  },
  "counter_backend": "linux-perf",
  "perf": [
    {
      "counter-value": "430115.581248",
      "unit": "msec",
      "event": "task-clock",
      "event-runtime": 430115581248,
      "pcnt-running": 100.0,
      "metric-value": "3.255197",
      "metric-unit": "CPUs utilized"
    },
    {
      "counter-value": "1130790.000000",
      "unit": "",
      "event": "page-faults",
      "event-runtime": 430115576908,
      "pcnt-running": 100.0,
      "metric-value": "2.629038",
      "metric-unit": "K/sec"
    },
    {
      "counter-value": "1404898668728.000000",
      "unit": "",
      "event": "cycles",
      "event-runtime": 430115574493,
      "pcnt-running": 100.0,
      "metric-value": "3.266328",
      "metric-unit": "GHz"
    },
    {
      "counter-value": "1755992388580.000000",
      "unit": "",
      "event": "instructions",
      "event-runtime": 430115567772,
      "pcnt-running": 100.0,
      "metric-value": "1.249907",
      "metric-unit": "insn per cycle"
    }
  ]
}
-----
mkdir -p PLOTTY_WORKAROUND; timedrun; OCAMLRUNPARAM="e=18,d=128" taskset -c "4,6,8,10,12,14" /home/udesou/.bench-agent/git/macro-benches/benchmarks/infer/infer_default-ocaml-5.5.1-46e1c32-fp-flambda
running-ng v0.3.8
Sun Sep 13 01:39:38 PM UTC 2026

 13:39:38 up 6 days, 13:33,  2 users,  load average: 2.50, 3.20, 3.09
USER     TTY      FROM             LOGIN@   IDLE   JCPU   PCPU  WHAT

procs -----------memory---------- ---swap-- -----io---- -system-- -------cpu-------
 r  b   swpd   free   buff  cache   si   so    bi    bo   in   cs us sy id wa st gu
 0  1    512 5084324 4620328 53726668    0    0    39  1124 2352    6 11  1 80  9  0  0
 0  1    512 5084868 4620328 53726132    0    0     0     0 1740 3147  0  0 88 12  0  0

top - 13:39:40 up 6 days, 13:33,  2 users,  load average: 2.30, 3.14, 3.07
Tasks: 279 total,   1 running, 278 sleeping,   0 stopped,   0 zombie
%Cpu(s):  0.0 us,  1.2 sy,  0.0 ni, 87.1 id, 11.8 wa,  0.0 hi,  0.0 si,  0.0 st 
MiB Mem :  64272.5 total,   4968.1 free,   3049.9 used,  56979.0 buff/cache     
MiB Swap:   8192.0 total,   8191.5 free,      0.5 used.  61222.5 avail Mem 

    PID USER      PR  NI    VIRT    RES    SHR S  %CPU  %MEM     TIME+ COMMAND
      1 root      20   0   22936  14244   9608 S   0.0   0.0   4:05.23 /usr/lib/systemd/systemd --system --deserialize=173
      2 root      20   0       0      0      0 S   0.0   0.0   0:00.07 [kthreadd]
      3 root      20   0       0      0      0 S   0.0   0.0   0:00.00 [pool_workqueue_release]
      4 root       0 -20       0      0      0 I   0.0   0.0   0:00.00 [kworker/R-rcu_g]
      5 root       0 -20       0      0      0 I   0.0   0.0   0:00.00 [kworker/R-rcu_p]

Environment variables: 
	CONFIG_FILE=/home/udesou/.bench-agent/work/run-20260913-001-e1/run-20260913-001.yml
	HOME=/home/udesou
	LANG=en_US.UTF-8
	LOGNAME=udesou
	LOG_DIR=/home/udesou/.bench-agent/logs
	OLLY_DIR=/home/udesou/.bench-agent/git/olly
	PATH=/usr/local/bin:/home/udesou/.bench-agent/git/olly/_build/install/default/bin:/home/udesou/.opam/running-ng-tools/bin:/home/udesou/.vscode-server/data/User/globalStorage/github.copilot-chat/debugCommand:/home/udesou/.vscode-server/data/User/globalStorage/github.copilot-chat/copilotCli:/home/udesou/.vscode-server/cli/servers/Stable-08d4889f9ec4a1685d257b9b95de036c8e1ce1e5/server/bin/remote-cli:/home/udesou/.opam/running-ng-ocaml-5.5.0-f523850-fp-flambda/bin:/home/udesou/.local/bin:/home/udesou/.opam/running-ng-ocaml-5.5.0-f523850-fp-flambda/bin:/home/udesou/.local/bin:/usr/local/sbin:/usr/local/bin:/usr/sbin:/usr/bin:/sbin:/bin:/usr/games:/usr/local/games:/snap/bin
	PWD=/home/udesou/ocaml-bench-service
	PYTHONPATH=/home/udesou/.bench-agent/git/running-ng/src
	RUNNING_BENCH_DIR=/home/udesou/.bench-agent/git/macro-benches
	RUNNING_MACRO_BENCH_DIR=/home/udesou/.bench-agent/git/macro-benches
	RUNNING_NG_PACKAGE_DATA=/home/udesou/.bench-agent/git/running-ng/src/running/config
	RUNNING_REUSE_SWITCHES=1
	RUNNING_TAG=default_run,large_run
	SHELL=/bin/bash
	SHLVL=1
	TERM=screen.xterm-256color
	USER=udesou
	_=/usr/bin/python3
OS: Linux obelisk 6.8.0-139-generic #139-Ubuntu SMP PREEMPT_DYNAMIC Sat Aug  1 03:52:05 UTC 2026 x86_64 x86_64 x86_64 GNU/Linux
CPU: Intel(R) Xeon(R) CPU E5-2667 v2 @ 3.30GHz
number of cores: 8
Frequency of cpu 0: 3.30 GHz
Governor of cpu 0: performance
Scaling_min_freq of cpu 0: 1.20 GHz
Frequency of cpu 2: 3.30 GHz
Governor of cpu 2: performance
Scaling_min_freq of cpu 2: 1.20 GHz
Frequency of cpu 4: 3.30 GHz
Governor of cpu 4: performance
Scaling_min_freq of cpu 4: 1.20 GHz
Frequency of cpu 6: 3.30 GHz
Governor of cpu 6: performance
Scaling_min_freq of cpu 6: 1.20 GHz
WARNING: Failed to resolve file /com/google/common/annotations/Beta.class with "No such file or directory" 

WARNING: Failed to resolve file /com/google/common/base/Converter$IdentityConverter.class with "No such file or directory" 

WARNING: Failed to resolve file /com/google/common/base/Platform.class with "No such file or directory" 

WARNING: Failed to resolve file /com/google/common/base/Utf8.class with "No such file or directory" 

WARNING: Failed to resolve file /com/google/common/cache/LocalCache$EntryFactory$2.class with "No such file or directory" 

WARNING: Failed to resolve file /com/google/common/cache/LongAddables.class with "No such file or directory" 

WARNING: Failed to resolve file /com/google/common/collect/AbstractMapBasedMultiset$2$1.class with "No such file or directory" 

WARNING: Failed to resolve file /com/google/common/collect/CollectSpliterators.class with "No such file or directory" 

WARNING: Failed to resolve file /com/google/common/collect/DenseImmutableTable.class with "No such file or directory" 

WARNING: Failed to resolve file /com/google/common/collect/ForwardingConcurrentMap.class with "No such file or directory" 

WARNING: Failed to resolve file /com/google/common/collect/HashMultimap.class with "No such file or directory" 

WARNING: Failed to resolve file /com/google/common/collect/ImmutableMultimap$Builder.class with "No such file or directory" 

WARNING: Failed to resolve file /com/google/common/collect/ImmutableSortedSet$1.class with "No such file or directory" 

WARNING: Failed to resolve file /com/google/common/collect/JdkBackedImmutableMap.class with "No such file or directory" 

WARNING: Failed to resolve file /com/google/common/collect/MapMakerInternalMap$EntrySet.class with "No such file or directory" 

WARNING: Failed to resolve file /com/google/common/collect/Maps$AsMapView$1EntrySetImpl.class with "No such file or directory" 

WARNING: Failed to resolve file /com/google/common/collect/MultimapBuilder$2.class with "No such file or directory" 

WARNING: Failed to resolve file /com/google/common/collect/Multisets$4.class with "No such file or directory" 

WARNING: Failed to resolve file /com/google/common/collect/RegularImmutableMap$Values.class with "No such file or directory" 

WARNING: Failed to resolve file /com/google/common/collect/SortedLists$KeyAbsentBehavior$2.class with "No such file or directory" 

WARNING: Failed to resolve file /com/google/common/collect/Streams$DoubleFunctionWithIndex.class with "No such file or directory" 

WARNING: Failed to resolve file /com/google/common/collect/TransformedListIterator.class with "No such file or directory" 

WARNING: Failed to resolve file /com/google/common/collect/TreeTraverser.class with "No such file or directory" 

WARNING: Failed to resolve file /com/google/common/graph/AbstractBaseGraph$1.class with "No such file or directory" 

WARNING: Failed to resolve file /com/google/common/graph/GraphBuilder.class with "No such file or directory" 

WARNING: Failed to resolve file /com/google/common/graph/ValueGraph.class with "No such file or directory" 

WARNING: Failed to resolve file /com/google/common/hash/Hashing.class with "No such file or directory" 

WARNING: Failed to resolve file /com/google/common/io/BaseEncoding.class with "No such file or directory" 

WARNING: Failed to resolve file /com/google/common/io/LineProcessor.class with "No such file or directory" 

WARNING: Failed to resolve file /com/google/common/net/HttpHeaders.class with "No such file or directory" 

WARNING: Failed to resolve file /com/google/common/primitives/Shorts$ShortConverter.class with "No such file or directory" 

WARNING: Failed to resolve file /com/google/common/reflect/TypeToken$Bounds.class with "No such file or directory" 

WARNING: Failed to resolve file /com/google/common/util/concurrent/AbstractFuture$Listener.class with "No such file or directory" 

WARNING: Failed to resolve file /com/google/common/util/concurrent/AggregateFutureState.class with "No such file or directory" 

WARNING: Failed to resolve file /com/google/common/util/concurrent/ForwardingCheckedFuture$SimpleForwardingCheckedFuture.class with "No such file or directory" 

WARNING: Failed to resolve file /com/google/common/util/concurrent/Monitor$Guard.class with "No such file or directory" 

WARNING: Failed to resolve file /com/google/common/util/concurrent/SimpleTimeLimiter$1.class with "No such file or directory" 

WARNING: Failed to resolve file /net/bytebuddy/ByteBuddy$RecordConstructorStrategy.class with "No such file or directory" 

WARNING: Failed to resolve file /net/bytebuddy/agent/builder/AgentBuilder$Default$NativeMethodStrategy$ForPrefix.class with "No such file or directory" 

WARNING: Failed to resolve file /net/bytebuddy/agent/builder/AgentBuilder$InstallationListener$Compound.class with "No such file or directory" 

WARNING: Failed to resolve file /net/bytebuddy/agent/builder/AgentBuilder$PoolStrategy$Default.class with "No such file or directory" 

WARNING: Failed to resolve file /net/bytebuddy/agent/builder/AgentBuilder$RedefinitionStrategy$Listener$Adapter.class with "No such file or directory" 

WARNING: Failed to resolve file /net/bytebuddy/agent/builder/package-info.class with "No such file or directory" 

WARNING: Failed to resolve file /net/bytebuddy/asm/Advice$AssignReturned$ToReturned$Handler.class with "No such file or directory" 

WARNING: Failed to resolve file /net/bytebuddy/asm/Advice$Dispatcher$Resolved$AbstractBase.class with "No such file or directory" 

WARNING: Failed to resolve file /net/bytebuddy/asm/Advice$OffsetMapping$ForInstrumentedMethod$2.class with "No such file or directory" 

WARNING: Failed to resolve file /net/bytebuddy/asm/Advice$OffsetMapping.class with "No such file or directory" 

WARNING: Failed to resolve file /net/bytebuddy/asm/ClassVisitorFactory$FrameTranslator.class with "No such file or directory" 

WARNING: Failed to resolve file /net/bytebuddy/asm/MemberSubstitution$TypePoolResolver$OfImplicitPool.class with "No such file or directory" 

WARNING: Failed to resolve file /net/bytebuddy/build/EntryPoint$Default.class with "No such file or directory" 

WARNING: Failed to resolve file /net/bytebuddy/build/Plugin$Engine$Listener$StreamWriting.class with "No such file or directory" 

WARNING: Failed to resolve file /net/bytebuddy/build/Plugin$Factory$UsingReflection$Instantiator$Unresolved.class with "No such file or directory" 

WARNING: Failed to resolve file /net/bytebuddy/description/annotation/AnnotationDescription.class with "No such file or directory" 

WARNING: Failed to resolve file /net/bytebuddy/description/annotation/AnnotationValue$Loaded$AbstractBase$ForUnresolvedProperty.class with "No such file or directory" 

WARNING: Failed to resolve file /net/bytebuddy/description/method/MethodList$Explicit.class with "No such file or directory" 

WARNING: Failed to resolve file /net/bytebuddy/description/modifier/SynchronizationState.class with "No such file or directory" 

WARNING: Failed to resolve file /net/bytebuddy/description/type/TypeDescription$Generic$AnnotationReader$Delegator$ForLoadedTypeVariable.class with "No such file or directory" 

WARNING: Failed to resolve file /net/bytebuddy/description/type/TypeDescription$Generic$OfParameterizedType$Latent.class with "No such file or directory" 

WARNING: Failed to resolve file /net/bytebuddy/description/type/TypeDescription$Latent.class with "No such file or directory" 

WARNING: Failed to resolve file /net/bytebuddy/dynamic/ClassFileLocator$ForModuleFile.class with "No such file or directory" 

WARNING: Failed to resolve file /net/bytebuddy/dynamic/DynamicType$Builder$MethodDefinition$ParameterDefinition$Simple$Annotatable$AbstractBase.class with "No such file or directory" 

WARNING: Failed to resolve file /net/bytebuddy/dynamic/VisibilityBridgeStrategy$Default$2.class with "No such file or directory" 

WARNING: Failed to resolve file /net/bytebuddy/dynamic/loading/ClassInjector$UsingReflection$Dispatcher$Initializable.class with "No such file or directory" 

WARNING: Failed to resolve file /net/bytebuddy/dynamic/loading/PackageDefinitionStrategy$ManifestReading.class with "No such file or directory" 

WARNING: Failed to resolve file /net/bytebuddy/dynamic/scaffold/MethodGraph$Compiler$Default$Key$Store$Entry$Initial.class with "No such file or directory" 

WARNING: Failed to resolve file /net/bytebuddy/dynamic/scaffold/TypeWriter$Default$ClassDumpAction$Dispatcher$Enabled.class with "No such file or directory" 

WARNING: Failed to resolve file /net/bytebuddy/dynamic/scaffold/TypeWriter$MethodPool$Record$AccessBridgeWrapper.class with "No such file or directory" 

WARNING: Failed to resolve file /net/bytebuddy/dynamic/scaffold/subclass/SubclassImplementationTarget$OriginTypeResolver$1.class with "No such file or directory" 

WARNING: Failed to resolve file /net/bytebuddy/implementation/FieldAccessor$FieldLocation.class with "No such file or directory" 

WARNING: Failed to resolve file /net/bytebuddy/implementation/HashCodeMethod$ValueTransformer$7.class with "No such file or directory" 

WARNING: Failed to resolve file /net/bytebuddy/implementation/InvocationHandlerAdapter.class with "No such file or directory" 

WARNING: Failed to resolve file /net/bytebuddy/implementation/InvokeDynamic$WithImplicitArguments.class with "No such file or directory" 

WARNING: Failed to resolve file /net/bytebuddy/implementation/MethodCall$MethodInvoker.class with "No such file or directory" 

WARNING: Failed to resolve file /net/bytebuddy/implementation/MethodDelegation.class with "No such file or directory" 

WARNING: Failed to resolve file /net/bytebuddy/implementation/attribute/AnnotationValueFilter$Factory.class with "No such file or directory" 

WARNING: Failed to resolve file /net/bytebuddy/implementation/auxiliary/TypeProxy$1.class with "No such file or directory" 

WARNING: Failed to resolve file /net/bytebuddy/implementation/bind/annotation/AllArguments.class with "No such file or directory" 

WARNING: Failed to resolve file /net/bytebuddy/implementation/bind/annotation/Morph$Binder$RedirectionProxy$InstanceFieldConstructor$Appender.class with "No such file or directory" 

WARNING: Failed to resolve file /net/bytebuddy/implementation/bytecode/ByteCodeAppender$Compound.class with "No such file or directory" 

WARNING: Failed to resolve file /net/bytebuddy/implementation/bytecode/assign/reference/GenericTypeAwareAssigner$IsAssignableToVisitor$OfGenericArray.class with "No such file or directory" 

WARNING: Failed to resolve file /net/bytebuddy/implementation/bytecode/member/FieldAccess$AccessDispatcher$FieldPutInstruction.class with "No such file or directory" 

WARNING: Failed to resolve file /net/bytebuddy/jar/asm/RecordComponentWriter.class with "No such file or directory" 

WARNING: Failed to resolve file /net/bytebuddy/matcher/FilterableList.class with "No such file or directory" 

WARNING: Failed to resolve file /net/bytebuddy/matcher/TypeSortMatcher.class with "No such file or directory" 

WARNING: Failed to resolve file /net/bytebuddy/pool/TypePool$Default$LazyTypeDescription$AnnotationToken.class with "No such file or directory" 

WARNING: Failed to resolve file /net/bytebuddy/pool/TypePool$Default$LazyTypeDescription$LazyMethodDescription$LazyParameterizedReceiverType$TypeArgumentList$AnnotatedTypeVariable.class with "No such file or directory" 

WARNING: Failed to resolve file /net/bytebuddy/utility/FileSystem$ForNio2CapableVm$StandardCopyOption.class with "No such file or directory" 

WARNING: Failed to resolve file /net/bytebuddy/utility/dispatcher/JavaDispatcher$Dispatcher.class with "No such file or directory" 

WARNING: Failed to resolve file /org/apache/lucene/analysis/CharArrayMap.class with "No such file or directory" 

WARNING: Failed to resolve file /org/apache/lucene/analysis/tokenattributes/TermToBytesRefAttribute.class with "No such file or directory" 

WARNING: Failed to resolve file /org/apache/lucene/codecs/KnnVectorsWriter$ByteVectorValuesSub.class with "No such file or directory" 

WARNING: Failed to resolve file /org/apache/lucene/codecs/hnsw/DefaultFlatVectorScorer$ByteScoringSupplier$1.class with "No such file or directory" 

WARNING: Failed to resolve file /org/apache/lucene/codecs/lucene90/Lucene90DocValuesProducer$17.class with "No such file or directory" 

WARNING: Failed to resolve file /org/apache/lucene/codecs/lucene90/Lucene90PointsFormat.class with "No such file or directory" 

WARNING: Failed to resolve file /org/apache/lucene/codecs/lucene912/ForUtil.class with "No such file or directory" 

WARNING: Failed to resolve file /org/apache/lucene/codecs/lucene99/Lucene99HnswVectorsWriter$2.class with "No such file or directory" 

WARNING: Failed to resolve file /org/apache/lucene/document/BinaryPoint$1.class with "No such file or directory" 

WARNING: Failed to resolve file /org/apache/lucene/document/FloatPoint$2.class with "No such file or directory" 

WARNING: Failed to resolve file /org/apache/lucene/document/LatLonPointDistanceQuery.class with "No such file or directory" 

WARNING: Failed to resolve file /org/apache/lucene/document/ShapeField$QueryRelation.class with "No such file or directory" 

WARNING: Failed to resolve file /org/apache/lucene/document/XYShapeDocValues.class with "No such file or directory" 

WARNING: Failed to resolve file /org/apache/lucene/index/BaseTermsEnum$1.class with "No such file or directory" 

WARNING: Failed to resolve file /org/apache/lucene/index/ConcurrentMergeScheduler.class with "No such file or directory" 

WARNING: Failed to resolve file /org/apache/lucene/index/ExitableDirectoryReader$ExitableFilterAtomicReader$4.class with "No such file or directory" 

WARNING: Failed to resolve file /org/apache/lucene/index/FreqProxFields$FreqProxTermsEnum$1.class with "No such file or directory" 

WARNING: Failed to resolve file /org/apache/lucene/index/IndexWriter$DocModifier.class with "No such file or directory" 

WARNING: Failed to resolve file /org/apache/lucene/index/MultiDocValues$1.class with "No such file or directory" 

WARNING: Failed to resolve file /org/apache/lucene/index/PointValues$IntersectVisitor.class with "No such file or directory" 

WARNING: Failed to resolve file /org/apache/lucene/index/SingletonSortedSetDocValues.class with "No such file or directory" 

WARNING: Failed to resolve file /org/apache/lucene/index/SortedNumericDocValuesWriter.class with "No such file or directory" 

WARNING: Failed to resolve file /org/apache/lucene/index/TermVectorsConsumerPerField$TermVectorsPostingsArray.class with "No such file or directory" 

WARNING: Failed to resolve file /org/apache/lucene/internal/hppc/IntDoubleHashMap$EntryIterator.class with "No such file or directory" 

WARNING: Failed to resolve file /org/apache/lucene/internal/hppc/LongIntHashMap$LongIntCursor.class with "No such file or directory" 

WARNING: Failed to resolve file /org/apache/lucene/search/BlockMaxConjunctionScorer$2.class with "No such file or directory" 

WARNING: Failed to resolve file /org/apache/lucene/search/ConstantScoreQuery$1$1.class with "No such file or directory" 

WARNING: Failed to resolve file /org/apache/lucene/search/DoubleValuesSource$DoubleValuesComparatorSource$1.class with "No such file or directory" 

WARNING: Failed to resolve file /org/apache/lucene/search/ImpactsDISI.class with "No such file or directory" 

WARNING: Failed to resolve file /org/apache/lucene/search/LongValuesSource$LongValuesComparatorSource.class with "No such file or directory" 

WARNING: Failed to resolve file /org/apache/lucene/search/NamedMatches$NamedQuery.class with "No such file or directory" 

WARNING: Failed to resolve file /org/apache/lucene/search/ReqOptSumScorer.class with "No such file or directory" 

WARNING: Failed to resolve file /org/apache/lucene/search/SortedNumericSortField$5.class with "No such file or directory" 

WARNING: Failed to resolve file /org/apache/lucene/search/TopDocsCollector.class with "No such file or directory" 

WARNING: Failed to resolve file /org/apache/lucene/search/comparators/NumericComparator$NumericLeafComparator.class with "No such file or directory" 

WARNING: Failed to resolve file /org/apache/lucene/search/similarities/MultiSimilarity.class with "No such file or directory" 

WARNING: Failed to resolve file /org/apache/lucene/store/IndexInput$1.class with "No such file or directory" 

WARNING: Failed to resolve file /org/apache/lucene/util/AttributeImpl.class with "No such file or directory" 

WARNING: Failed to resolve file /org/apache/lucene/util/DocIdSetBuilder$BulkAdder.class with "No such file or directory" 

WARNING: Failed to resolve file /org/apache/lucene/util/ModuleResourceLoader.class with "No such file or directory" 

WARNING: Failed to resolve file /org/apache/lucene/util/Sorter.class with "No such file or directory" 

WARNING: Failed to resolve file /org/apache/lucene/util/automaton/MinimizationOperations$IntPair.class with "No such file or directory" 

WARNING: Failed to resolve file /org/apache/lucene/util/bkd/OfflinePointWriter.class with "No such file or directory" 

WARNING: Failed to resolve file /org/apache/lucene/util/fst/Util$FSTPath.class with "No such file or directory" 

WARNING: Failed to resolve file /org/apache/lucene/util/mutable/MutableValueDate.class with "No such file or directory" 

WARNING: Failed to resolve file /org/apache/lucene/util/packed/DirectReader$DirectPackedReader32.class with "No such file or directory" 

WARNING: Failed to resolve file /org/apache/lucene/util/packed/PackedWriter.class with "No such file or directory" 

WARNING: Failed to resolve file /org/bouncycastle/asn1/ASN1ObjectDescriptor$1.class with "No such file or directory" 

WARNING: Failed to resolve file /org/bouncycastle/asn1/BEROctetStringParser.class with "No such file or directory" 

WARNING: Failed to resolve file /org/bouncycastle/asn1/LazyEncodedSequence.class with "No such file or directory" 

WARNING: Failed to resolve file /org/bouncycastle/asn1/ocsp/OCSPRequest.class with "No such file or directory" 

WARNING: Failed to resolve file /org/bouncycastle/asn1/sec/SECNamedCurves$17.class with "No such file or directory" 

WARNING: Failed to resolve file /org/bouncycastle/asn1/x500/DirectoryString.class with "No such file or directory" 

WARNING: Failed to resolve file /org/bouncycastle/asn1/x509/NameConstraints.class with "No such file or directory" 

WARNING: Failed to resolve file /org/bouncycastle/asn1/x509/sigi/NameOrPseudonym.class with "No such file or directory" 

WARNING: Failed to resolve file /org/bouncycastle/crypto/CipherKeyGenerator.class with "No such file or directory" 

WARNING: Failed to resolve file /org/bouncycastle/crypto/StagedAgreement.class with "No such file or directory" 

WARNING: Failed to resolve file /org/bouncycastle/crypto/digests/AsconXof$1.class with "No such file or directory" 

WARNING: Failed to resolve file /org/bouncycastle/crypto/digests/ShortenedDigest.class with "No such file or directory" 

WARNING: Failed to resolve file /org/bouncycastle/crypto/ec/ECDecryptor.class with "No such file or directory" 

WARNING: Failed to resolve file /org/bouncycastle/crypto/engines/GOST3412_2015Engine.class with "No such file or directory" 

WARNING: Failed to resolve file /org/bouncycastle/crypto/engines/SparkleEngine$1.class with "No such file or directory" 

WARNING: Failed to resolve file /org/bouncycastle/crypto/generators/ElGamalParametersGenerator.class with "No such file or directory" 

WARNING: Failed to resolve file /org/bouncycastle/crypto/macs/DSTU7564Mac.class with "No such file or directory" 

WARNING: Failed to resolve file /org/bouncycastle/crypto/modes/NISTCTSBlockCipher.class with "No such file or directory" 

WARNING: Failed to resolve file /org/bouncycastle/crypto/params/DHParameters.class with "No such file or directory" 

WARNING: Failed to resolve file /org/bouncycastle/crypto/params/NaccacheSternKeyGenerationParameters.class with "No such file or directory" 

WARNING: Failed to resolve file /org/bouncycastle/crypto/prng/X931SecureRandom.class with "No such file or directory" 

WARNING: Failed to resolve file /org/bouncycastle/crypto/util/DEROtherInfo$1.class with "No such file or directory" 

WARNING: Failed to resolve file /org/bouncycastle/crypto/util/SSHNamedCurves$3.class with "No such file or directory" 

WARNING: Failed to resolve file /org/bouncycastle/jcajce/BCFKSLoadStoreParameter$SignatureAlgorithm.class with "No such file or directory" 

WARNING: Failed to resolve file /org/bouncycastle/jcajce/provider/asymmetric/CompositeSignatures.class with "No such file or directory" 

WARNING: Failed to resolve file /org/bouncycastle/jcajce/provider/asymmetric/compositesignatures/KeyPairGeneratorSpi$MLDSA65_ECDSA_brainpoolP256r1_SHA512.class with "No such file or directory" 

WARNING: Failed to resolve file /org/bouncycastle/jcajce/provider/asymmetric/dh/KeyAgreementSpi$DHwithSHA384CKDF.class with "No such file or directory" 

WARNING: Failed to resolve file /org/bouncycastle/jcajce/provider/asymmetric/ec/BCECPrivateKey.class with "No such file or directory" 

WARNING: Failed to resolve file /org/bouncycastle/jcajce/provider/asymmetric/ec/KeyAgreementSpi$DHUwithSHA224KDF.class with "No such file or directory" 

WARNING: Failed to resolve file /org/bouncycastle/jcajce/provider/asymmetric/ec/KeyPairGeneratorSpi.class with "No such file or directory" 

WARNING: Failed to resolve file /org/bouncycastle/jcajce/provider/asymmetric/ecgost12/KeyAgreementSpi$ECVKO512.class with "No such file or directory" 

WARNING: Failed to resolve file /org/bouncycastle/jcajce/provider/asymmetric/edec/KeyPairGeneratorSpi$X448.class with "No such file or directory" 

WARNING: Failed to resolve file /org/bouncycastle/jcajce/provider/asymmetric/rsa/DigestSignatureSpi$SHA3_384.class with "No such file or directory" 

WARNING: Failed to resolve file /org/bouncycastle/jcajce/provider/asymmetric/rsa/PSSSignatureSpi$SHA512withRSA.class with "No such file or directory" 

WARNING: Failed to resolve file /org/bouncycastle/jcajce/provider/asymmetric/x509/X509CRLInternal.class with "No such file or directory" 

WARNING: Failed to resolve file /org/bouncycastle/jcajce/provider/digest/GOST3411$Mappings.class with "No such file or directory" 

WARNING: Failed to resolve file /org/bouncycastle/jcajce/provider/digest/RIPEMD256$HashMac.class with "No such file or directory" 

WARNING: Failed to resolve file /org/bouncycastle/jcajce/provider/digest/SHA3$Mappings.class with "No such file or directory" 

WARNING: Failed to resolve file /org/bouncycastle/jcajce/provider/digest/Skein$HMacKeyGenerator_512_384.class with "No such file or directory" 

WARNING: Failed to resolve file /org/bouncycastle/jcajce/provider/digest/Whirlpool$KeyGenerator.class with "No such file or directory" 

WARNING: Failed to resolve file /org/bouncycastle/jcajce/provider/keystore/pkcs12/PKCS12KeyStoreSpi$1.class with "No such file or directory" 

WARNING: Failed to resolve file /org/bouncycastle/jcajce/provider/symmetric/AES$PBEWithSHA256And192BitAESBC.class with "No such file or directory" 

WARNING: Failed to resolve file /org/bouncycastle/jcajce/provider/symmetric/CAST5$CBC.class with "No such file or directory" 

WARNING: Failed to resolve file /org/bouncycastle/jcajce/provider/symmetric/DES$Mappings.class with "No such file or directory" 

WARNING: Failed to resolve file /org/bouncycastle/jcajce/provider/symmetric/DSTU7624$GCM128.class with "No such file or directory" 

WARNING: Failed to resolve file /org/bouncycastle/jcajce/provider/symmetric/HC128$KeyGen.class with "No such file or directory" 

WARNING: Failed to resolve file /org/bouncycastle/jcajce/provider/symmetric/PBEPKCS12.class with "No such file or directory" 

WARNING: Failed to resolve file /org/bouncycastle/jcajce/provider/symmetric/Rijndael.class with "No such file or directory" 

WARNING: Failed to resolve file /org/bouncycastle/jcajce/provider/symmetric/Shacal2$AlgParams.class with "No such file or directory" 

WARNING: Failed to resolve file /org/bouncycastle/jcajce/provider/symmetric/Threefish.class with "No such file or directory" 

WARNING: Failed to resolve file /org/bouncycastle/jcajce/provider/symmetric/util/BaseStreamCipher.class with "No such file or directory" 

WARNING: Failed to resolve file /org/bouncycastle/jcajce/spec/SkeinParameterSpec.class with "No such file or directory" 

WARNING: Failed to resolve file /org/bouncycastle/jce/provider/AnnotatedException.class with "No such file or directory" 

WARNING: Failed to resolve file /org/bouncycastle/jce/provider/RFC3280CertPathUtilities.class with "No such file or directory" 

WARNING: Failed to resolve file /org/bouncycastle/math/ec/ECCurve$Config.class with "No such file or directory" 

WARNING: Failed to resolve file /org/bouncycastle/math/ec/custom/gm/SM2P256V1FieldElement.class with "No such file or directory" 

WARNING: Failed to resolve file /org/bouncycastle/math/ec/custom/sec/SecP384R1FieldElement.class with "No such file or directory" 

WARNING: Failed to resolve file /org/bouncycastle/math/ec/custom/sec/SecT239K1Curve.class with "No such file or directory" 

WARNING: Failed to resolve file /org/bouncycastle/math/ec/rfc8032/Ed25519$PointTemp.class with "No such file or directory" 

WARNING: Failed to resolve file /org/bouncycastle/pqc/asn1/PQCObjectIdentifiers.class with "No such file or directory" 

WARNING: Failed to resolve file /org/bouncycastle/pqc/crypto/crystals/dilithium/DilithiumKeyPairGenerator.class with "No such file or directory" 

WARNING: Failed to resolve file /org/bouncycastle/pqc/crypto/falcon/FalconSmallPrime.class with "No such file or directory" 

WARNING: Failed to resolve file /org/bouncycastle/pqc/crypto/hqc/HQCKEMExtractor.class with "No such file or directory" 

WARNING: Failed to resolve file /org/bouncycastle/pqc/crypto/newhope/NHKeyPairGenerator.class with "No such file or directory" 

WARNING: Failed to resolve file /org/bouncycastle/pqc/crypto/picnic/PicnicEngine.class with "No such file or directory" 

WARNING: Failed to resolve file /org/bouncycastle/pqc/crypto/sphincs/SPHINCS256KeyGenerationParameters.class with "No such file or directory" 

WARNING: Failed to resolve file /org/bouncycastle/pqc/crypto/util/PublicKeyFactory$LMSConverter.class with "No such file or directory" 

WARNING: Failed to resolve file /org/bouncycastle/pqc/crypto/xmss/XMSSMTPrivateKeyParameters$Builder.class with "No such file or directory" 

WARNING: Failed to resolve file /org/bouncycastle/pqc/jcajce/interfaces/NHPublicKey.class with "No such file or directory" 

WARNING: Failed to resolve file /org/bouncycastle/pqc/jcajce/provider/SPHINCS.class with "No such file or directory" 

WARNING: Failed to resolve file /org/bouncycastle/pqc/jcajce/provider/falcon/SignatureSpi$Base.class with "No such file or directory" 

WARNING: Failed to resolve file /org/bouncycastle/pqc/jcajce/provider/mceliece/BCMcEliecePrivateKey.class with "No such file or directory" 

WARNING: Failed to resolve file /org/bouncycastle/pqc/jcajce/provider/picnic/BCPicnicPublicKey.class with "No such file or directory" 

WARNING: Failed to resolve file /org/bouncycastle/pqc/jcajce/provider/sphincsplus/SPHINCSPlusKeyPairGeneratorSpi$Shake_256f.class with "No such file or directory" 

WARNING: Failed to resolve file /org/bouncycastle/pqc/jcajce/spec/KyberParameterSpec.class with "No such file or directory" 

WARNING: Failed to resolve file /org/bouncycastle/pqc/legacy/crypto/mceliece/McEliecePrivateKeyParameters.class with "No such file or directory" 

WARNING: Failed to resolve file /org/bouncycastle/pqc/legacy/math/linearalgebra/GF2Matrix.class with "No such file or directory" 

WARNING: Failed to resolve file /org/bouncycastle/pqc/math/ntru/parameters/NTRUHPS2048509.class with "No such file or directory" 

WARNING: Failed to resolve file /org/bouncycastle/util/encoders/HexTranslator.class with "No such file or directory" 

WARNING: Failed to resolve file /org/bouncycastle/x509/X509CRLStoreSelector.class with "No such file or directory" 

Found 215 (out of 11364) source files to analyze in /home/udesou/.bench-agent/git/macro-benches/vendor/.infer-capture-ocaml-5.5.1-46e1c32-fp-flambda
Could not read file /com/google/common/collect/DenseImmutableTable.class
Could not read file /org/apache/lucene/document/ShapeDocValues.class
Could not read file /org/apache/lucene/index/MergeRateLimiter.class
*****
{
  "rusage": {
    "user_time": 396.987,
    "system_time": 34.45,
    "minor_faults": 1115898,
    "major_faults": 7,
    "voluntary_ctx_switches": 2144718,
    "involuntary_ctx_switches": 147560
  },
  "olly": {
    "version": 2,
    "wall_time": 130.89,
    "cpu_time": 910.42,
    "gc_time": 53.14,
    "gc_overhead": 5.84,
    "max_rss_kb": 4498072,
    "domain_stats": {
      "0": {
        "wall_time": 130.89,
        "gc_time": 4.37,
        "gc_overhead": 3.34
      },
      "1": {
        "wall_time": 130.01,
        "gc_time": 11.04,
        "gc_overhead": 8.49
      },
      "2": {
        "wall_time": 129.9,
        "gc_time": 5.63,
        "gc_overhead": 4.34
      },
      "3": {
        "wall_time": 129.91,
        "gc_time": 14.29,
        "gc_overhead": 11.0
      },
      "4": {
        "wall_time": 129.91,
        "gc_time": 5.92,
        "gc_overhead": 4.56
      },
      "5": {
        "wall_time": 129.91,
        "gc_time": 6.22,
        "gc_overhead": 4.79
      },
      "6": {
        "wall_time": 129.89,
        "gc_time": 5.67,
        "gc_overhead": 4.37
      }
    },
    "mean_latency": 1.280856,
    "stddev_latency": 2.310216,
    "min_latency": 0.0,
    "max_latency": 53.149695,
    "distr_latency": {
      "25.0000": 0.001647,
      "50.0000": 0.002647,
      "60.0000": 0.013463,
      "70.0000": 1.326079,
      "75.0000": 2.160639,
      "80.0000": 2.916351,
      "85.0000": 3.739647,
      "90.0000": 4.558847,
      "95.0000": 5.623807,
      "96.0000": 5.955583,
      "97.0000": 6.471679,
      "98.0000": 7.114751,
      "99.0000": 8.544255,
      "99.9000": 20.512767,
      "99.9900": 37.715967,
      "99.9990": 53.149695,
      "99.9999": 53.149695,
      "100.0000": 53.149695
    },
    "outliers": {
      "count": 0,
      "mean_latency": 0.0,
      "max_latency": 0.0
    },
    "allocations": {
      "total_heap": 67211880872,
      "minor_heap": 66683896837,
      "major_heap": 1386418738,
      "promoted_words": 858434703,
      "promoted_pct": 1.29
    },
    "domain_alloc_stats": {
      "0": {
        "total": 147289602,
        "minor": 128371012,
        "promoted": 8519481,
        "major": 27438071,
        "promoted_pct": 6.64
      },
      "1": {
        "total": 7754479396,
        "minor": 7065931064,
        "promoted": 103320297,
        "major": 791868629,
        "promoted_pct": 1.46
      },
      "2": {
        "total": 5819577048,
        "minor": 5817410943,
        "promoted": 112626929,
        "major": 114793034,
        "promoted_pct": 1.94
      },
      "3": {
        "total": 33119126990,
        "minor": 33229785895,
        "promoted": 350885840,
        "major": 240226935,
        "promoted_pct": 1.06
      },
      "4": {
        "total": 6682084667,
        "minor": 6720121404,
        "promoted": 117553546,
        "major": 79516809,
        "promoted_pct": 1.75
      },
      "5": {
        "total": 4770601299,
        "minor": 4796585043,
        "promoted": 98153419,
        "major": 72169675,
        "promoted_pct": 2.05
      },
      "6": {
        "total": 8918721870,
        "minor": 8925691476,
        "promoted": 67375191,
        "major": 60405585,
        "promoted_pct": 0.75
      }
    },
    "collections": {
      "minor": 4058,
      "major": 45,
      "forced_major": 0,
      "compactions": 0
    },
    "stats_reliable": true
  },
  "counter_backend": "linux-perf",
  "perf": [
    {
      "counter-value": "430108.943804",
      "unit": "msec",
      "event": "task-clock",
      "event-runtime": 430108943804,
      "pcnt-running": 100.0,
      "metric-value": "3.255147",
      "metric-unit": "CPUs utilized"
    },
    {
      "counter-value": "1114808.000000",
      "unit": "",
      "event": "page-faults",
      "event-runtime": 430108943804,
      "pcnt-running": 100.0,
      "metric-value": "2.591920",
      "metric-unit": "K/sec"
    },
    {
      "counter-value": "1404529768371.000000",
      "unit": "",
      "event": "cycles",
      "event-runtime": 430108943804,
      "pcnt-running": 100.0,
      "metric-value": "3.265521",
      "metric-unit": "GHz"
    },
    {
      "counter-value": "1752481818398.000000",
      "unit": "",
      "event": "instructions",
      "event-runtime": 430108943804,
      "pcnt-running": 100.0,
      "metric-value": "1.247736",
      "metric-unit": "insn per cycle"
    }
  ]
}
-----
mkdir -p PLOTTY_WORKAROUND; timedrun; OCAMLRUNPARAM="e=18,d=128" taskset -c "4,6,8,10,12,14" /home/udesou/.bench-agent/git/macro-benches/benchmarks/infer/infer_default-ocaml-5.5.1-46e1c32-fp-flambda
running-ng v0.3.8
Sun Sep 13 01:48:33 PM UTC 2026

 13:48:33 up 6 days, 13:42,  2 users,  load average: 2.79, 3.37, 3.28
USER     TTY      FROM             LOGIN@   IDLE   JCPU   PCPU  WHAT

procs -----------memory---------- ---swap-- -----io---- -system-- -------cpu-------
 r  b   swpd   free   buff  cache   si   so    bi    bo   in   cs us sy id wa st gu
 0  1    512 5116336 4620580 53726848    0    0    39  1127 2360    6 11  1 80  9  0  0
 0  1    512 5116084 4620580 53726352    0    0     0     0 1761 2978  0  0 88 12  0  0

top - 13:48:34 up 6 days, 13:42,  2 users,  load average: 2.56, 3.32, 3.26
Tasks: 278 total,   1 running, 277 sleeping,   0 stopped,   0 zombie
%Cpu(s):  1.1 us,  0.0 sy,  0.0 ni, 86.2 id, 12.6 wa,  0.0 hi,  0.0 si,  0.0 st 
MiB Mem :  64272.5 total,   4996.2 free,   3021.7 used,  56979.4 buff/cache     
MiB Swap:   8192.0 total,   8191.5 free,      0.5 used.  61250.8 avail Mem 

    PID USER      PR  NI    VIRT    RES    SHR S  %CPU  %MEM     TIME+ COMMAND
     51 root      20   0       0      0      0 I   9.1   0.0  45:58.43 [rcuog/8]
      1 root      20   0   22936  14244   9608 S   0.0   0.0   4:05.44 /usr/lib/systemd/systemd --system --deserialize=173
      2 root      20   0       0      0      0 S   0.0   0.0   0:00.07 [kthreadd]
      3 root      20   0       0      0      0 S   0.0   0.0   0:00.00 [pool_workqueue_release]
      4 root       0 -20       0      0      0 I   0.0   0.0   0:00.00 [kworker/R-rcu_g]

Environment variables: 
	CONFIG_FILE=/home/udesou/.bench-agent/work/run-20260913-001-e1/run-20260913-001.yml
	HOME=/home/udesou
	LANG=en_US.UTF-8
	LOGNAME=udesou
	LOG_DIR=/home/udesou/.bench-agent/logs
	OLLY_DIR=/home/udesou/.bench-agent/git/olly
	PATH=/usr/local/bin:/home/udesou/.bench-agent/git/olly/_build/install/default/bin:/home/udesou/.opam/running-ng-tools/bin:/home/udesou/.vscode-server/data/User/globalStorage/github.copilot-chat/debugCommand:/home/udesou/.vscode-server/data/User/globalStorage/github.copilot-chat/copilotCli:/home/udesou/.vscode-server/cli/servers/Stable-08d4889f9ec4a1685d257b9b95de036c8e1ce1e5/server/bin/remote-cli:/home/udesou/.opam/running-ng-ocaml-5.5.0-f523850-fp-flambda/bin:/home/udesou/.local/bin:/home/udesou/.opam/running-ng-ocaml-5.5.0-f523850-fp-flambda/bin:/home/udesou/.local/bin:/usr/local/sbin:/usr/local/bin:/usr/sbin:/usr/bin:/sbin:/bin:/usr/games:/usr/local/games:/snap/bin
	PWD=/home/udesou/ocaml-bench-service
	PYTHONPATH=/home/udesou/.bench-agent/git/running-ng/src
	RUNNING_BENCH_DIR=/home/udesou/.bench-agent/git/macro-benches
	RUNNING_MACRO_BENCH_DIR=/home/udesou/.bench-agent/git/macro-benches
	RUNNING_NG_PACKAGE_DATA=/home/udesou/.bench-agent/git/running-ng/src/running/config
	RUNNING_REUSE_SWITCHES=1
	RUNNING_TAG=default_run,large_run
	SHELL=/bin/bash
	SHLVL=1
	TERM=screen.xterm-256color
	USER=udesou
	_=/usr/bin/python3
OS: Linux obelisk 6.8.0-139-generic #139-Ubuntu SMP PREEMPT_DYNAMIC Sat Aug  1 03:52:05 UTC 2026 x86_64 x86_64 x86_64 GNU/Linux
CPU: Intel(R) Xeon(R) CPU E5-2667 v2 @ 3.30GHz
number of cores: 8
Frequency of cpu 0: 3.30 GHz
Governor of cpu 0: performance
Scaling_min_freq of cpu 0: 1.20 GHz
Frequency of cpu 2: 3.30 GHz
Governor of cpu 2: performance
Scaling_min_freq of cpu 2: 1.20 GHz
Frequency of cpu 4: 3.30 GHz
Governor of cpu 4: performance
Scaling_min_freq of cpu 4: 1.20 GHz
Frequency of cpu 6: 3.30 GHz
Governor of cpu 6: performance
Scaling_min_freq of cpu 6: 1.20 GHz
WARNING: Failed to resolve file /com/google/common/annotations/Beta.class with "No such file or directory" 

WARNING: Failed to resolve file /com/google/common/base/Converter$IdentityConverter.class with "No such file or directory" 

WARNING: Failed to resolve file /com/google/common/base/Platform.class with "No such file or directory" 

WARNING: Failed to resolve file /com/google/common/base/Utf8.class with "No such file or directory" 

WARNING: Failed to resolve file /com/google/common/cache/LocalCache$EntryFactory$2.class with "No such file or directory" 

WARNING: Failed to resolve file /com/google/common/cache/LongAddables.class with "No such file or directory" 

WARNING: Failed to resolve file /com/google/common/collect/AbstractMapBasedMultiset$2$1.class with "No such file or directory" 

WARNING: Failed to resolve file /com/google/common/collect/CollectSpliterators.class with "No such file or directory" 

WARNING: Failed to resolve file /com/google/common/collect/DenseImmutableTable.class with "No such file or directory" 

WARNING: Failed to resolve file /com/google/common/collect/ForwardingConcurrentMap.class with "No such file or directory" 

WARNING: Failed to resolve file /com/google/common/collect/HashMultimap.class with "No such file or directory" 

WARNING: Failed to resolve file /com/google/common/collect/ImmutableMultimap$Builder.class with "No such file or directory" 

WARNING: Failed to resolve file /com/google/common/collect/ImmutableSortedSet$1.class with "No such file or directory" 

WARNING: Failed to resolve file /com/google/common/collect/JdkBackedImmutableMap.class with "No such file or directory" 

WARNING: Failed to resolve file /com/google/common/collect/MapMakerInternalMap$EntrySet.class with "No such file or directory" 

WARNING: Failed to resolve file /com/google/common/collect/Maps$AsMapView$1EntrySetImpl.class with "No such file or directory" 

WARNING: Failed to resolve file /com/google/common/collect/MultimapBuilder$2.class with "No such file or directory" 

WARNING: Failed to resolve file /com/google/common/collect/Multisets$4.class with "No such file or directory" 

WARNING: Failed to resolve file /com/google/common/collect/RegularImmutableMap$Values.class with "No such file or directory" 

WARNING: Failed to resolve file /com/google/common/collect/SortedLists$KeyAbsentBehavior$2.class with "No such file or directory" 

WARNING: Failed to resolve file /com/google/common/collect/Streams$DoubleFunctionWithIndex.class with "No such file or directory" 

WARNING: Failed to resolve file /com/google/common/collect/TransformedListIterator.class with "No such file or directory" 

WARNING: Failed to resolve file /com/google/common/collect/TreeTraverser.class with "No such file or directory" 

WARNING: Failed to resolve file /com/google/common/graph/AbstractBaseGraph$1.class with "No such file or directory" 

WARNING: Failed to resolve file /com/google/common/graph/GraphBuilder.class with "No such file or directory" 

WARNING: Failed to resolve file /com/google/common/graph/ValueGraph.class with "No such file or directory" 

WARNING: Failed to resolve file /com/google/common/hash/Hashing.class with "No such file or directory" 

WARNING: Failed to resolve file /com/google/common/io/BaseEncoding.class with "No such file or directory" 

WARNING: Failed to resolve file /com/google/common/io/LineProcessor.class with "No such file or directory" 

WARNING: Failed to resolve file /com/google/common/net/HttpHeaders.class with "No such file or directory" 

WARNING: Failed to resolve file /com/google/common/primitives/Shorts$ShortConverter.class with "No such file or directory" 

WARNING: Failed to resolve file /com/google/common/reflect/TypeToken$Bounds.class with "No such file or directory" 

WARNING: Failed to resolve file /com/google/common/util/concurrent/AbstractFuture$Listener.class with "No such file or directory" 

WARNING: Failed to resolve file /com/google/common/util/concurrent/AggregateFutureState.class with "No such file or directory" 

WARNING: Failed to resolve file /com/google/common/util/concurrent/ForwardingCheckedFuture$SimpleForwardingCheckedFuture.class with "No such file or directory" 

WARNING: Failed to resolve file /com/google/common/util/concurrent/Monitor$Guard.class with "No such file or directory" 

WARNING: Failed to resolve file /com/google/common/util/concurrent/SimpleTimeLimiter$1.class with "No such file or directory" 

WARNING: Failed to resolve file /net/bytebuddy/ByteBuddy$RecordConstructorStrategy.class with "No such file or directory" 

WARNING: Failed to resolve file /net/bytebuddy/agent/builder/AgentBuilder$Default$NativeMethodStrategy$ForPrefix.class with "No such file or directory" 

WARNING: Failed to resolve file /net/bytebuddy/agent/builder/AgentBuilder$InstallationListener$Compound.class with "No such file or directory" 

WARNING: Failed to resolve file /net/bytebuddy/agent/builder/AgentBuilder$PoolStrategy$Default.class with "No such file or directory" 

WARNING: Failed to resolve file /net/bytebuddy/agent/builder/AgentBuilder$RedefinitionStrategy$Listener$Adapter.class with "No such file or directory" 

WARNING: Failed to resolve file /net/bytebuddy/agent/builder/package-info.class with "No such file or directory" 

WARNING: Failed to resolve file /net/bytebuddy/asm/Advice$AssignReturned$ToReturned$Handler.class with "No such file or directory" 

WARNING: Failed to resolve file /net/bytebuddy/asm/Advice$Dispatcher$Resolved$AbstractBase.class with "No such file or directory" 

WARNING: Failed to resolve file /net/bytebuddy/asm/Advice$OffsetMapping$ForInstrumentedMethod$2.class with "No such file or directory" 

WARNING: Failed to resolve file /net/bytebuddy/asm/Advice$OffsetMapping.class with "No such file or directory" 

WARNING: Failed to resolve file /net/bytebuddy/asm/ClassVisitorFactory$FrameTranslator.class with "No such file or directory" 

WARNING: Failed to resolve file /net/bytebuddy/asm/MemberSubstitution$TypePoolResolver$OfImplicitPool.class with "No such file or directory" 

WARNING: Failed to resolve file /net/bytebuddy/build/EntryPoint$Default.class with "No such file or directory" 

WARNING: Failed to resolve file /net/bytebuddy/build/Plugin$Engine$Listener$StreamWriting.class with "No such file or directory" 

WARNING: Failed to resolve file /net/bytebuddy/build/Plugin$Factory$UsingReflection$Instantiator$Unresolved.class with "No such file or directory" 

WARNING: Failed to resolve file /net/bytebuddy/description/annotation/AnnotationDescription.class with "No such file or directory" 

WARNING: Failed to resolve file /net/bytebuddy/description/annotation/AnnotationValue$Loaded$AbstractBase$ForUnresolvedProperty.class with "No such file or directory" 

WARNING: Failed to resolve file /net/bytebuddy/description/method/MethodList$Explicit.class with "No such file or directory" 

WARNING: Failed to resolve file /net/bytebuddy/description/modifier/SynchronizationState.class with "No such file or directory" 

WARNING: Failed to resolve file /net/bytebuddy/description/type/TypeDescription$Generic$AnnotationReader$Delegator$ForLoadedTypeVariable.class with "No such file or directory" 

WARNING: Failed to resolve file /net/bytebuddy/description/type/TypeDescription$Generic$OfParameterizedType$Latent.class with "No such file or directory" 

WARNING: Failed to resolve file /net/bytebuddy/description/type/TypeDescription$Latent.class with "No such file or directory" 

WARNING: Failed to resolve file /net/bytebuddy/dynamic/ClassFileLocator$ForModuleFile.class with "No such file or directory" 

WARNING: Failed to resolve file /net/bytebuddy/dynamic/DynamicType$Builder$MethodDefinition$ParameterDefinition$Simple$Annotatable$AbstractBase.class with "No such file or directory" 

WARNING: Failed to resolve file /net/bytebuddy/dynamic/VisibilityBridgeStrategy$Default$2.class with "No such file or directory" 

WARNING: Failed to resolve file /net/bytebuddy/dynamic/loading/ClassInjector$UsingReflection$Dispatcher$Initializable.class with "No such file or directory" 

WARNING: Failed to resolve file /net/bytebuddy/dynamic/loading/PackageDefinitionStrategy$ManifestReading.class with "No such file or directory" 

WARNING: Failed to resolve file /net/bytebuddy/dynamic/scaffold/MethodGraph$Compiler$Default$Key$Store$Entry$Initial.class with "No such file or directory" 

WARNING: Failed to resolve file /net/bytebuddy/dynamic/scaffold/TypeWriter$Default$ClassDumpAction$Dispatcher$Enabled.class with "No such file or directory" 

WARNING: Failed to resolve file /net/bytebuddy/dynamic/scaffold/TypeWriter$MethodPool$Record$AccessBridgeWrapper.class with "No such file or directory" 

WARNING: Failed to resolve file /net/bytebuddy/dynamic/scaffold/subclass/SubclassImplementationTarget$OriginTypeResolver$1.class with "No such file or directory" 

WARNING: Failed to resolve file /net/bytebuddy/implementation/FieldAccessor$FieldLocation.class with "No such file or directory" 

WARNING: Failed to resolve file /net/bytebuddy/implementation/HashCodeMethod$ValueTransformer$7.class with "No such file or directory" 

WARNING: Failed to resolve file /net/bytebuddy/implementation/InvocationHandlerAdapter.class with "No such file or directory" 

WARNING: Failed to resolve file /net/bytebuddy/implementation/InvokeDynamic$WithImplicitArguments.class with "No such file or directory" 

WARNING: Failed to resolve file /net/bytebuddy/implementation/MethodCall$MethodInvoker.class with "No such file or directory" 

WARNING: Failed to resolve file /net/bytebuddy/implementation/MethodDelegation.class with "No such file or directory" 

WARNING: Failed to resolve file /net/bytebuddy/implementation/attribute/AnnotationValueFilter$Factory.class with "No such file or directory" 

WARNING: Failed to resolve file /net/bytebuddy/implementation/auxiliary/TypeProxy$1.class with "No such file or directory" 

WARNING: Failed to resolve file /net/bytebuddy/implementation/bind/annotation/AllArguments.class with "No such file or directory" 

WARNING: Failed to resolve file /net/bytebuddy/implementation/bind/annotation/Morph$Binder$RedirectionProxy$InstanceFieldConstructor$Appender.class with "No such file or directory" 

WARNING: Failed to resolve file /net/bytebuddy/implementation/bytecode/ByteCodeAppender$Compound.class with "No such file or directory" 

WARNING: Failed to resolve file /net/bytebuddy/implementation/bytecode/assign/reference/GenericTypeAwareAssigner$IsAssignableToVisitor$OfGenericArray.class with "No such file or directory" 

WARNING: Failed to resolve file /net/bytebuddy/implementation/bytecode/member/FieldAccess$AccessDispatcher$FieldPutInstruction.class with "No such file or directory" 

WARNING: Failed to resolve file /net/bytebuddy/jar/asm/RecordComponentWriter.class with "No such file or directory" 

WARNING: Failed to resolve file /net/bytebuddy/matcher/FilterableList.class with "No such file or directory" 

WARNING: Failed to resolve file /net/bytebuddy/matcher/TypeSortMatcher.class with "No such file or directory" 

WARNING: Failed to resolve file /net/bytebuddy/pool/TypePool$Default$LazyTypeDescription$AnnotationToken.class with "No such file or directory" 

WARNING: Failed to resolve file /net/bytebuddy/pool/TypePool$Default$LazyTypeDescription$LazyMethodDescription$LazyParameterizedReceiverType$TypeArgumentList$AnnotatedTypeVariable.class with "No such file or directory" 

WARNING: Failed to resolve file /net/bytebuddy/utility/FileSystem$ForNio2CapableVm$StandardCopyOption.class with "No such file or directory" 

WARNING: Failed to resolve file /net/bytebuddy/utility/dispatcher/JavaDispatcher$Dispatcher.class with "No such file or directory" 

WARNING: Failed to resolve file /org/apache/lucene/analysis/CharArrayMap.class with "No such file or directory" 

WARNING: Failed to resolve file /org/apache/lucene/analysis/tokenattributes/TermToBytesRefAttribute.class with "No such file or directory" 

WARNING: Failed to resolve file /org/apache/lucene/codecs/KnnVectorsWriter$ByteVectorValuesSub.class with "No such file or directory" 

WARNING: Failed to resolve file /org/apache/lucene/codecs/hnsw/DefaultFlatVectorScorer$ByteScoringSupplier$1.class with "No such file or directory" 

WARNING: Failed to resolve file /org/apache/lucene/codecs/lucene90/Lucene90DocValuesProducer$17.class with "No such file or directory" 

WARNING: Failed to resolve file /org/apache/lucene/codecs/lucene90/Lucene90PointsFormat.class with "No such file or directory" 

WARNING: Failed to resolve file /org/apache/lucene/codecs/lucene912/ForUtil.class with "No such file or directory" 

WARNING: Failed to resolve file /org/apache/lucene/codecs/lucene99/Lucene99HnswVectorsWriter$2.class with "No such file or directory" 

WARNING: Failed to resolve file /org/apache/lucene/document/BinaryPoint$1.class with "No such file or directory" 

WARNING: Failed to resolve file /org/apache/lucene/document/FloatPoint$2.class with "No such file or directory" 

WARNING: Failed to resolve file /org/apache/lucene/document/LatLonPointDistanceQuery.class with "No such file or directory" 

WARNING: Failed to resolve file /org/apache/lucene/document/ShapeField$QueryRelation.class with "No such file or directory" 

WARNING: Failed to resolve file /org/apache/lucene/document/XYShapeDocValues.class with "No such file or directory" 

WARNING: Failed to resolve file /org/apache/lucene/index/BaseTermsEnum$1.class with "No such file or directory" 

WARNING: Failed to resolve file /org/apache/lucene/index/ConcurrentMergeScheduler.class with "No such file or directory" 

WARNING: Failed to resolve file /org/apache/lucene/index/ExitableDirectoryReader$ExitableFilterAtomicReader$4.class with "No such file or directory" 

WARNING: Failed to resolve file /org/apache/lucene/index/FreqProxFields$FreqProxTermsEnum$1.class with "No such file or directory" 

WARNING: Failed to resolve file /org/apache/lucene/index/IndexWriter$DocModifier.class with "No such file or directory" 

WARNING: Failed to resolve file /org/apache/lucene/index/MultiDocValues$1.class with "No such file or directory" 

WARNING: Failed to resolve file /org/apache/lucene/index/PointValues$IntersectVisitor.class with "No such file or directory" 

WARNING: Failed to resolve file /org/apache/lucene/index/SingletonSortedSetDocValues.class with "No such file or directory" 

WARNING: Failed to resolve file /org/apache/lucene/index/SortedNumericDocValuesWriter.class with "No such file or directory" 

WARNING: Failed to resolve file /org/apache/lucene/index/TermVectorsConsumerPerField$TermVectorsPostingsArray.class with "No such file or directory" 

WARNING: Failed to resolve file /org/apache/lucene/internal/hppc/IntDoubleHashMap$EntryIterator.class with "No such file or directory" 

WARNING: Failed to resolve file /org/apache/lucene/internal/hppc/LongIntHashMap$LongIntCursor.class with "No such file or directory" 

WARNING: Failed to resolve file /org/apache/lucene/search/BlockMaxConjunctionScorer$2.class with "No such file or directory" 

WARNING: Failed to resolve file /org/apache/lucene/search/ConstantScoreQuery$1$1.class with "No such file or directory" 

WARNING: Failed to resolve file /org/apache/lucene/search/DoubleValuesSource$DoubleValuesComparatorSource$1.class with "No such file or directory" 

WARNING: Failed to resolve file /org/apache/lucene/search/ImpactsDISI.class with "No such file or directory" 

WARNING: Failed to resolve file /org/apache/lucene/search/LongValuesSource$LongValuesComparatorSource.class with "No such file or directory" 

WARNING: Failed to resolve file /org/apache/lucene/search/NamedMatches$NamedQuery.class with "No such file or directory" 

WARNING: Failed to resolve file /org/apache/lucene/search/ReqOptSumScorer.class with "No such file or directory" 

WARNING: Failed to resolve file /org/apache/lucene/search/SortedNumericSortField$5.class with "No such file or directory" 

WARNING: Failed to resolve file /org/apache/lucene/search/TopDocsCollector.class with "No such file or directory" 

WARNING: Failed to resolve file /org/apache/lucene/search/comparators/NumericComparator$NumericLeafComparator.class with "No such file or directory" 

WARNING: Failed to resolve file /org/apache/lucene/search/similarities/MultiSimilarity.class with "No such file or directory" 

WARNING: Failed to resolve file /org/apache/lucene/store/IndexInput$1.class with "No such file or directory" 

WARNING: Failed to resolve file /org/apache/lucene/util/AttributeImpl.class with "No such file or directory" 

WARNING: Failed to resolve file /org/apache/lucene/util/DocIdSetBuilder$BulkAdder.class with "No such file or directory" 

WARNING: Failed to resolve file /org/apache/lucene/util/ModuleResourceLoader.class with "No such file or directory" 

WARNING: Failed to resolve file /org/apache/lucene/util/Sorter.class with "No such file or directory" 

WARNING: Failed to resolve file /org/apache/lucene/util/automaton/MinimizationOperations$IntPair.class with "No such file or directory" 

WARNING: Failed to resolve file /org/apache/lucene/util/bkd/OfflinePointWriter.class with "No such file or directory" 

WARNING: Failed to resolve file /org/apache/lucene/util/fst/Util$FSTPath.class with "No such file or directory" 

WARNING: Failed to resolve file /org/apache/lucene/util/mutable/MutableValueDate.class with "No such file or directory" 

WARNING: Failed to resolve file /org/apache/lucene/util/packed/DirectReader$DirectPackedReader32.class with "No such file or directory" 

WARNING: Failed to resolve file /org/apache/lucene/util/packed/PackedWriter.class with "No such file or directory" 

WARNING: Failed to resolve file /org/bouncycastle/asn1/ASN1ObjectDescriptor$1.class with "No such file or directory" 

WARNING: Failed to resolve file /org/bouncycastle/asn1/BEROctetStringParser.class with "No such file or directory" 

WARNING: Failed to resolve file /org/bouncycastle/asn1/LazyEncodedSequence.class with "No such file or directory" 

WARNING: Failed to resolve file /org/bouncycastle/asn1/ocsp/OCSPRequest.class with "No such file or directory" 

WARNING: Failed to resolve file /org/bouncycastle/asn1/sec/SECNamedCurves$17.class with "No such file or directory" 

WARNING: Failed to resolve file /org/bouncycastle/asn1/x500/DirectoryString.class with "No such file or directory" 

WARNING: Failed to resolve file /org/bouncycastle/asn1/x509/NameConstraints.class with "No such file or directory" 

WARNING: Failed to resolve file /org/bouncycastle/asn1/x509/sigi/NameOrPseudonym.class with "No such file or directory" 

WARNING: Failed to resolve file /org/bouncycastle/crypto/CipherKeyGenerator.class with "No such file or directory" 

WARNING: Failed to resolve file /org/bouncycastle/crypto/StagedAgreement.class with "No such file or directory" 

WARNING: Failed to resolve file /org/bouncycastle/crypto/digests/AsconXof$1.class with "No such file or directory" 

WARNING: Failed to resolve file /org/bouncycastle/crypto/digests/ShortenedDigest.class with "No such file or directory" 

WARNING: Failed to resolve file /org/bouncycastle/crypto/ec/ECDecryptor.class with "No such file or directory" 

WARNING: Failed to resolve file /org/bouncycastle/crypto/engines/GOST3412_2015Engine.class with "No such file or directory" 

WARNING: Failed to resolve file /org/bouncycastle/crypto/engines/SparkleEngine$1.class with "No such file or directory" 

WARNING: Failed to resolve file /org/bouncycastle/crypto/generators/ElGamalParametersGenerator.class with "No such file or directory" 

WARNING: Failed to resolve file /org/bouncycastle/crypto/macs/DSTU7564Mac.class with "No such file or directory" 

WARNING: Failed to resolve file /org/bouncycastle/crypto/modes/NISTCTSBlockCipher.class with "No such file or directory" 

WARNING: Failed to resolve file /org/bouncycastle/crypto/params/DHParameters.class with "No such file or directory" 

WARNING: Failed to resolve file /org/bouncycastle/crypto/params/NaccacheSternKeyGenerationParameters.class with "No such file or directory" 

WARNING: Failed to resolve file /org/bouncycastle/crypto/prng/X931SecureRandom.class with "No such file or directory" 

WARNING: Failed to resolve file /org/bouncycastle/crypto/util/DEROtherInfo$1.class with "No such file or directory" 

WARNING: Failed to resolve file /org/bouncycastle/crypto/util/SSHNamedCurves$3.class with "No such file or directory" 

WARNING: Failed to resolve file /org/bouncycastle/jcajce/BCFKSLoadStoreParameter$SignatureAlgorithm.class with "No such file or directory" 

WARNING: Failed to resolve file /org/bouncycastle/jcajce/provider/asymmetric/CompositeSignatures.class with "No such file or directory" 

WARNING: Failed to resolve file /org/bouncycastle/jcajce/provider/asymmetric/compositesignatures/KeyPairGeneratorSpi$MLDSA65_ECDSA_brainpoolP256r1_SHA512.class with "No such file or directory" 

WARNING: Failed to resolve file /org/bouncycastle/jcajce/provider/asymmetric/dh/KeyAgreementSpi$DHwithSHA384CKDF.class with "No such file or directory" 

WARNING: Failed to resolve file /org/bouncycastle/jcajce/provider/asymmetric/ec/BCECPrivateKey.class with "No such file or directory" 

WARNING: Failed to resolve file /org/bouncycastle/jcajce/provider/asymmetric/ec/KeyAgreementSpi$DHUwithSHA224KDF.class with "No such file or directory" 

WARNING: Failed to resolve file /org/bouncycastle/jcajce/provider/asymmetric/ec/KeyPairGeneratorSpi.class with "No such file or directory" 

WARNING: Failed to resolve file /org/bouncycastle/jcajce/provider/asymmetric/ecgost12/KeyAgreementSpi$ECVKO512.class with "No such file or directory" 

WARNING: Failed to resolve file /org/bouncycastle/jcajce/provider/asymmetric/edec/KeyPairGeneratorSpi$X448.class with "No such file or directory" 

WARNING: Failed to resolve file /org/bouncycastle/jcajce/provider/asymmetric/rsa/DigestSignatureSpi$SHA3_384.class with "No such file or directory" 

WARNING: Failed to resolve file /org/bouncycastle/jcajce/provider/asymmetric/rsa/PSSSignatureSpi$SHA512withRSA.class with "No such file or directory" 

WARNING: Failed to resolve file /org/bouncycastle/jcajce/provider/asymmetric/x509/X509CRLInternal.class with "No such file or directory" 

WARNING: Failed to resolve file /org/bouncycastle/jcajce/provider/digest/GOST3411$Mappings.class with "No such file or directory" 

WARNING: Failed to resolve file /org/bouncycastle/jcajce/provider/digest/RIPEMD256$HashMac.class with "No such file or directory" 

WARNING: Failed to resolve file /org/bouncycastle/jcajce/provider/digest/SHA3$Mappings.class with "No such file or directory" 

WARNING: Failed to resolve file /org/bouncycastle/jcajce/provider/digest/Skein$HMacKeyGenerator_512_384.class with "No such file or directory" 

WARNING: Failed to resolve file /org/bouncycastle/jcajce/provider/digest/Whirlpool$KeyGenerator.class with "No such file or directory" 

WARNING: Failed to resolve file /org/bouncycastle/jcajce/provider/keystore/pkcs12/PKCS12KeyStoreSpi$1.class with "No such file or directory" 

WARNING: Failed to resolve file /org/bouncycastle/jcajce/provider/symmetric/AES$PBEWithSHA256And192BitAESBC.class with "No such file or directory" 

WARNING: Failed to resolve file /org/bouncycastle/jcajce/provider/symmetric/CAST5$CBC.class with "No such file or directory" 

WARNING: Failed to resolve file /org/bouncycastle/jcajce/provider/symmetric/DES$Mappings.class with "No such file or directory" 

WARNING: Failed to resolve file /org/bouncycastle/jcajce/provider/symmetric/DSTU7624$GCM128.class with "No such file or directory" 

WARNING: Failed to resolve file /org/bouncycastle/jcajce/provider/symmetric/HC128$KeyGen.class with "No such file or directory" 

WARNING: Failed to resolve file /org/bouncycastle/jcajce/provider/symmetric/PBEPKCS12.class with "No such file or directory" 

WARNING: Failed to resolve file /org/bouncycastle/jcajce/provider/symmetric/Rijndael.class with "No such file or directory" 

WARNING: Failed to resolve file /org/bouncycastle/jcajce/provider/symmetric/Shacal2$AlgParams.class with "No such file or directory" 

WARNING: Failed to resolve file /org/bouncycastle/jcajce/provider/symmetric/Threefish.class with "No such file or directory" 

WARNING: Failed to resolve file /org/bouncycastle/jcajce/provider/symmetric/util/BaseStreamCipher.class with "No such file or directory" 

WARNING: Failed to resolve file /org/bouncycastle/jcajce/spec/SkeinParameterSpec.class with "No such file or directory" 

WARNING: Failed to resolve file /org/bouncycastle/jce/provider/AnnotatedException.class with "No such file or directory" 

WARNING: Failed to resolve file /org/bouncycastle/jce/provider/RFC3280CertPathUtilities.class with "No such file or directory" 

WARNING: Failed to resolve file /org/bouncycastle/math/ec/ECCurve$Config.class with "No such file or directory" 

WARNING: Failed to resolve file /org/bouncycastle/math/ec/custom/gm/SM2P256V1FieldElement.class with "No such file or directory" 

WARNING: Failed to resolve file /org/bouncycastle/math/ec/custom/sec/SecP384R1FieldElement.class with "No such file or directory" 

WARNING: Failed to resolve file /org/bouncycastle/math/ec/custom/sec/SecT239K1Curve.class with "No such file or directory" 

WARNING: Failed to resolve file /org/bouncycastle/math/ec/rfc8032/Ed25519$PointTemp.class with "No such file or directory" 

WARNING: Failed to resolve file /org/bouncycastle/pqc/asn1/PQCObjectIdentifiers.class with "No such file or directory" 

WARNING: Failed to resolve file /org/bouncycastle/pqc/crypto/crystals/dilithium/DilithiumKeyPairGenerator.class with "No such file or directory" 

WARNING: Failed to resolve file /org/bouncycastle/pqc/crypto/falcon/FalconSmallPrime.class with "No such file or directory" 

WARNING: Failed to resolve file /org/bouncycastle/pqc/crypto/hqc/HQCKEMExtractor.class with "No such file or directory" 

WARNING: Failed to resolve file /org/bouncycastle/pqc/crypto/newhope/NHKeyPairGenerator.class with "No such file or directory" 

WARNING: Failed to resolve file /org/bouncycastle/pqc/crypto/picnic/PicnicEngine.class with "No such file or directory" 

WARNING: Failed to resolve file /org/bouncycastle/pqc/crypto/sphincs/SPHINCS256KeyGenerationParameters.class with "No such file or directory" 

WARNING: Failed to resolve file /org/bouncycastle/pqc/crypto/util/PublicKeyFactory$LMSConverter.class with "No such file or directory" 

WARNING: Failed to resolve file /org/bouncycastle/pqc/crypto/xmss/XMSSMTPrivateKeyParameters$Builder.class with "No such file or directory" 

WARNING: Failed to resolve file /org/bouncycastle/pqc/jcajce/interfaces/NHPublicKey.class with "No such file or directory" 

WARNING: Failed to resolve file /org/bouncycastle/pqc/jcajce/provider/SPHINCS.class with "No such file or directory" 

WARNING: Failed to resolve file /org/bouncycastle/pqc/jcajce/provider/falcon/SignatureSpi$Base.class with "No such file or directory" 

WARNING: Failed to resolve file /org/bouncycastle/pqc/jcajce/provider/mceliece/BCMcEliecePrivateKey.class with "No such file or directory" 

WARNING: Failed to resolve file /org/bouncycastle/pqc/jcajce/provider/picnic/BCPicnicPublicKey.class with "No such file or directory" 

WARNING: Failed to resolve file /org/bouncycastle/pqc/jcajce/provider/sphincsplus/SPHINCSPlusKeyPairGeneratorSpi$Shake_256f.class with "No such file or directory" 

WARNING: Failed to resolve file /org/bouncycastle/pqc/jcajce/spec/KyberParameterSpec.class with "No such file or directory" 

WARNING: Failed to resolve file /org/bouncycastle/pqc/legacy/crypto/mceliece/McEliecePrivateKeyParameters.class with "No such file or directory" 

WARNING: Failed to resolve file /org/bouncycastle/pqc/legacy/math/linearalgebra/GF2Matrix.class with "No such file or directory" 

WARNING: Failed to resolve file /org/bouncycastle/pqc/math/ntru/parameters/NTRUHPS2048509.class with "No such file or directory" 

WARNING: Failed to resolve file /org/bouncycastle/util/encoders/HexTranslator.class with "No such file or directory" 

WARNING: Failed to resolve file /org/bouncycastle/x509/X509CRLStoreSelector.class with "No such file or directory" 

Found 215 (out of 11364) source files to analyze in /home/udesou/.bench-agent/git/macro-benches/vendor/.infer-capture-ocaml-5.5.1-46e1c32-fp-flambda
Could not read file /com/google/common/collect/DenseImmutableTable.class
Could not read file /org/apache/lucene/document/ShapeDocValues.class
Could not read file /org/apache/lucene/index/MergeRateLimiter.class
*****
{
  "rusage": {
    "user_time": 398.94,
    "system_time": 34.021,
    "minor_faults": 1131986,
    "major_faults": 7,
    "voluntary_ctx_switches": 2114365,
    "involuntary_ctx_switches": 140041
  },
  "olly": {
    "version": 2,
    "wall_time": 131.87,
    "cpu_time": 916.14,
    "gc_time": 53.8,
    "gc_overhead": 5.87,
    "max_rss_kb": 4477236,
    "domain_stats": {
      "0": {
        "wall_time": 131.87,
        "gc_time": 3.62,
        "gc_overhead": 2.74
      },
      "1": {
        "wall_time": 131.26,
        "gc_time": 11.86,
        "gc_overhead": 9.04
      },
      "2": {
        "wall_time": 130.77,
        "gc_time": 14.57,
        "gc_overhead": 11.14
      },
      "3": {
        "wall_time": 130.56,
        "gc_time": 5.82,
        "gc_overhead": 4.46
      },
      "4": {
        "wall_time": 130.57,
        "gc_time": 5.92,
        "gc_overhead": 4.54
      },
      "5": {
        "wall_time": 130.56,
        "gc_time": 6.17,
        "gc_overhead": 4.72
      },
      "6": {
        "wall_time": 130.55,
        "gc_time": 5.84,
        "gc_overhead": 4.48
      }
    },
    "mean_latency": 1.28305,
    "stddev_latency": 2.258873,
    "min_latency": 0.0,
    "max_latency": 35.848191,
    "distr_latency": {
      "25.0000": 0.001639,
      "50.0000": 0.002727,
      "60.0000": 0.015007,
      "70.0000": 1.272831,
      "75.0000": 2.129919,
      "80.0000": 2.967551,
      "85.0000": 3.844095,
      "90.0000": 4.661247,
      "95.0000": 5.820415,
      "96.0000": 6.148095,
      "97.0000": 6.627327,
      "98.0000": 7.196671,
      "99.0000": 8.396799,
      "99.9000": 16.859135,
      "99.9900": 32.423935,
      "99.9990": 35.848191,
      "99.9999": 35.848191,
      "100.0000": 35.848191
    },
    "outliers": {
      "count": 0,
      "mean_latency": 0.0,
      "max_latency": 0.0
    },
    "allocations": {
      "total_heap": 67445348931,
      "minor_heap": 66945538292,
      "major_heap": 1363472853,
      "promoted_words": 863662214,
      "promoted_pct": 1.29
    },
    "domain_alloc_stats": {
      "0": {
        "total": 140701799,
        "minor": 122134792,
        "promoted": 8558838,
        "major": 27125845,
        "promoted_pct": 7.01
      },
      "1": {
        "total": 7292989400,
        "minor": 6657296965,
        "promoted": 95451823,
        "major": 731144258,
        "promoted_pct": 1.43
      },
      "2": {
        "total": 33433132929,
        "minor": 33530596546,
        "promoted": 355598391,
        "major": 258134774,
        "promoted_pct": 1.06
      },
      "3": {
        "total": 5153149361,
        "minor": 5125857272,
        "promoted": 99116082,
        "major": 126408171,
        "promoted_pct": 1.93
      },
      "4": {
        "total": 5007931980,
        "minor": 5033269399,
        "promoted": 102690308,
        "major": 77352889,
        "promoted_pct": 2.04
      },
      "5": {
        "total": 7176100401,
        "minor": 7208579731,
        "promoted": 118399001,
        "major": 85919671,
        "promoted_pct": 1.64
      },
      "6": {
        "total": 9241343061,
        "minor": 9267803587,
        "promoted": 83847771,
        "major": 57387245,
        "promoted_pct": 0.9
      }
    },
    "collections": {
      "minor": 4087,
      "major": 42,
      "forced_major": 0,
      "compactions": 0
    },
    "stats_reliable": true
  },
  "counter_backend": "linux-perf",
  "perf": [
    {
      "counter-value": "431628.508458",
      "unit": "msec",
      "event": "task-clock",
      "event-runtime": 431628508458,
      "pcnt-running": 100.0,
      "metric-value": "3.242087",
      "metric-unit": "CPUs utilized"
    },
    {
      "counter-value": "1130896.000000",
      "unit": "",
      "event": "page-faults",
      "event-runtime": 431628508458,
      "pcnt-running": 100.0,
      "metric-value": "2.620068",
      "metric-unit": "K/sec"
    },
    {
      "counter-value": "1409662672074.000000",
      "unit": "",
      "event": "cycles",
      "event-runtime": 431628508458,
      "pcnt-running": 100.0,
      "metric-value": "3.265917",
      "metric-unit": "GHz"
    },
    {
      "counter-value": "1758347158609.000000",
      "unit": "",
      "event": "instructions",
      "event-runtime": 431628508458,
      "pcnt-running": 100.0,
      "metric-value": "1.247353",
      "metric-unit": "insn per cycle"
    }
  ]
}