
-----
mkdir -p PLOTTY_WORKAROUND; timedrun; OCAMLRUNPARAM="s=262144,o=120,e=18,d=128" /home/udesou/.bench-agent/git/macro-benches/benchmarks/infer/infer_default-ocaml-5.5.0-f523850
running-ng v0.3.8
Wed Sep  9 07:05:47 AM UTC 2026

 07:05:47 up 2 days,  6:59,  2 users,  load average: 6.72, 8.03, 5.31
USER     TTY      FROM             LOGIN@   IDLE   JCPU   PCPU  WHAT

procs -----------memory---------- ---swap-- -----io---- -system-- -------cpu-------
 r  b   swpd   free   buff  cache   si   so    bi    bo   in   cs us sy id wa st gu
 0  1      0 45850264 4085900 14868960    0    0    41   387 2108    3 12  0 76 12  0  0
 0  1      0 45868052 4085900 14868668    0    0     0     0 1732 2863  0  0 88 12  0  0

top - 07:05:49 up 2 days,  6:59,  2 users,  load average: 6.72, 8.03, 5.31
Tasks: 276 total,   1 running, 275 sleeping,   0 stopped,   0 zombie
%Cpu(s):  0.0 us,  0.0 sy,  0.0 ni, 88.4 id, 11.6 wa,  0.0 hi,  0.0 si,  0.0 st 
MiB Mem :  64272.5 total,  44793.1 free,   1692.9 used,  18510.3 buff/cache     
MiB Swap:   8192.0 total,   8192.0 free,      0.0 used.  62579.5 avail Mem 

    PID USER      PR  NI    VIRT    RES    SHR S  %CPU  %MEM     TIME+ COMMAND
      1 root      20   0   22724  14128   9580 S   0.0   0.0   1:29.54 /sbin/init
      2 root      20   0       0      0      0 S   0.0   0.0   0:00.02 [kthreadd]
      3 root      20   0       0      0      0 S   0.0   0.0   0:00.00 [pool_workqueue_release]
      4 root       0 -20       0      0      0 I   0.0   0.0   0:00.00 [kworker/R-rcu_g]
      5 root       0 -20       0      0      0 I   0.0   0.0   0:00.00 [kworker/R-rcu_p]

Environment variables: 
	CONFIG_FILE=/home/udesou/.bench-agent/work/run-20260907-001-e1/run-20260907-001.yml
	HOME=/home/udesou
	LANG=en_US.UTF-8
	LOGNAME=udesou
	LOG_DIR=/home/udesou/.bench-agent/logs
	OLLY_DIR=/home/udesou/.bench-agent/git/olly
	PATH=/usr/local/bin:/home/udesou/.bench-agent/git/olly/_build/install/default/bin:/home/udesou/ocaml-bench-service/_opam/bin:/home/udesou/.vscode-server/data/User/globalStorage/github.copilot-chat/debugCommand:/home/udesou/.vscode-server/data/User/globalStorage/github.copilot-chat/copilotCli:/home/udesou/.vscode-server/cli/servers/Stable-08d4889f9ec4a1685d257b9b95de036c8e1ce1e5/server/bin/remote-cli:/home/udesou/.opam/running-ng-ocaml-5.5.0-f523850-fp-flambda/bin:/home/udesou/.local/bin:/home/udesou/.opam/running-ng-ocaml-5.5.0-f523850-fp-flambda/bin:/home/udesou/.local/bin:/usr/local/sbin:/usr/local/bin:/usr/sbin:/usr/bin:/sbin:/bin:/usr/games:/usr/local/games:/snap/bin
	PWD=/home/udesou/ocaml-bench-service
	PYTHONPATH=/home/udesou/.bench-agent/git/running-ng/src
	RUNNING_BENCH_DIR=/home/udesou/.bench-agent/git/macro-benches
	RUNNING_MACRO_BENCH_DIR=/home/udesou/.bench-agent/git/macro-benches
	RUNNING_NG_PACKAGE_DATA=/home/udesou/.bench-agent/git/running-ng/src/running/config
	RUNNING_REUSE_SWITCHES=1
	RUNNING_TAG=default_run,large_run
	SHELL=/bin/bash
	SHLVL=1
	TERM=screen.xterm-256color
	USER=udesou
	_=/usr/bin/python3
OS: Linux obelisk 6.8.0-139-generic #139-Ubuntu SMP PREEMPT_DYNAMIC Sat Aug  1 03:52:05 UTC 2026 x86_64 x86_64 x86_64 GNU/Linux
CPU: model name	: Intel(R) Xeon(R) CPU E5-2667 v2 @ 3.30GHz
number of cores: 8
Frequency of cpu 0: 3.30 GHz
Governor of cpu 0: performance
Scaling_min_freq of cpu 0: 1.20 GHz
Frequency of cpu 2: 3.30 GHz
Governor of cpu 2: performance
Scaling_min_freq of cpu 2: 1.20 GHz
Frequency of cpu 4: 3.30 GHz
Governor of cpu 4: performance
Scaling_min_freq of cpu 4: 1.20 GHz
Frequency of cpu 6: 3.30 GHz
Governor of cpu 6: performance
Scaling_min_freq of cpu 6: 1.20 GHz
WARNING: Failed to resolve file /com/google/common/annotations/Beta.class with "No such file or directory" 

WARNING: Failed to resolve file /com/google/common/base/Converter$IdentityConverter.class with "No such file or directory" 

WARNING: Failed to resolve file /com/google/common/base/Platform.class with "No such file or directory" 

WARNING: Failed to resolve file /com/google/common/base/Utf8.class with "No such file or directory" 

WARNING: Failed to resolve file /com/google/common/cache/LocalCache$EntryFactory$2.class with "No such file or directory" 

WARNING: Failed to resolve file /com/google/common/cache/LongAddables.class with "No such file or directory" 

WARNING: Failed to resolve file /com/google/common/collect/AbstractMapBasedMultiset$2$1.class with "No such file or directory" 

WARNING: Failed to resolve file /com/google/common/collect/CollectSpliterators.class with "No such file or directory" 

WARNING: Failed to resolve file /com/google/common/collect/DenseImmutableTable.class with "No such file or directory" 

WARNING: Failed to resolve file /com/google/common/collect/ForwardingConcurrentMap.class with "No such file or directory" 

WARNING: Failed to resolve file /com/google/common/collect/HashMultimap.class with "No such file or directory" 

WARNING: Failed to resolve file /com/google/common/collect/ImmutableMultimap$Builder.class with "No such file or directory" 

WARNING: Failed to resolve file /com/google/common/collect/ImmutableSortedSet$1.class with "No such file or directory" 

WARNING: Failed to resolve file /com/google/common/collect/JdkBackedImmutableMap.class with "No such file or directory" 

WARNING: Failed to resolve file /com/google/common/collect/MapMakerInternalMap$EntrySet.class with "No such file or directory" 

WARNING: Failed to resolve file /com/google/common/collect/Maps$AsMapView$1EntrySetImpl.class with "No such file or directory" 

WARNING: Failed to resolve file /com/google/common/collect/MultimapBuilder$2.class with "No such file or directory" 

WARNING: Failed to resolve file /com/google/common/collect/Multisets$4.class with "No such file or directory" 

WARNING: Failed to resolve file /com/google/common/collect/RegularImmutableMap$Values.class with "No such file or directory" 

WARNING: Failed to resolve file /com/google/common/collect/SortedLists$KeyAbsentBehavior$2.class with "No such file or directory" 

WARNING: Failed to resolve file /com/google/common/collect/Streams$DoubleFunctionWithIndex.class with "No such file or directory" 

WARNING: Failed to resolve file /com/google/common/collect/TransformedListIterator.class with "No such file or directory" 

WARNING: Failed to resolve file /com/google/common/collect/TreeTraverser.class with "No such file or directory" 

WARNING: Failed to resolve file /com/google/common/graph/AbstractBaseGraph$1.class with "No such file or directory" 

WARNING: Failed to resolve file /com/google/common/graph/GraphBuilder.class with "No such file or directory" 

WARNING: Failed to resolve file /com/google/common/graph/ValueGraph.class with "No such file or directory" 

WARNING: Failed to resolve file /com/google/common/hash/Hashing.class with "No such file or directory" 

WARNING: Failed to resolve file /com/google/common/io/BaseEncoding.class with "No such file or directory" 

WARNING: Failed to resolve file /com/google/common/io/LineProcessor.class with "No such file or directory" 

WARNING: Failed to resolve file /com/google/common/net/HttpHeaders.class with "No such file or directory" 

WARNING: Failed to resolve file /com/google/common/primitives/Shorts$ShortConverter.class with "No such file or directory" 

WARNING: Failed to resolve file /com/google/common/reflect/TypeToken$Bounds.class with "No such file or directory" 

WARNING: Failed to resolve file /com/google/common/util/concurrent/AbstractFuture$Listener.class with "No such file or directory" 

WARNING: Failed to resolve file /com/google/common/util/concurrent/AggregateFutureState.class with "No such file or directory" 

WARNING: Failed to resolve file /com/google/common/util/concurrent/ForwardingCheckedFuture$SimpleForwardingCheckedFuture.class with "No such file or directory" 

WARNING: Failed to resolve file /com/google/common/util/concurrent/Monitor$Guard.class with "No such file or directory" 

WARNING: Failed to resolve file /com/google/common/util/concurrent/SimpleTimeLimiter$1.class with "No such file or directory" 

WARNING: Failed to resolve file /net/bytebuddy/ByteBuddy$RecordConstructorStrategy.class with "No such file or directory" 

WARNING: Failed to resolve file /net/bytebuddy/agent/builder/AgentBuilder$Default$NativeMethodStrategy$ForPrefix.class with "No such file or directory" 

WARNING: Failed to resolve file /net/bytebuddy/agent/builder/AgentBuilder$InstallationListener$Compound.class with "No such file or directory" 

WARNING: Failed to resolve file /net/bytebuddy/agent/builder/AgentBuilder$PoolStrategy$Default.class with "No such file or directory" 

WARNING: Failed to resolve file /net/bytebuddy/agent/builder/AgentBuilder$RedefinitionStrategy$Listener$Adapter.class with "No such file or directory" 

WARNING: Failed to resolve file /net/bytebuddy/agent/builder/package-info.class with "No such file or directory" 

WARNING: Failed to resolve file /net/bytebuddy/asm/Advice$AssignReturned$ToReturned$Handler.class with "No such file or directory" 

WARNING: Failed to resolve file /net/bytebuddy/asm/Advice$Dispatcher$Resolved$AbstractBase.class with "No such file or directory" 

WARNING: Failed to resolve file /net/bytebuddy/asm/Advice$OffsetMapping$ForInstrumentedMethod$2.class with "No such file or directory" 

WARNING: Failed to resolve file /net/bytebuddy/asm/Advice$OffsetMapping.class with "No such file or directory" 

WARNING: Failed to resolve file /net/bytebuddy/asm/ClassVisitorFactory$FrameTranslator.class with "No such file or directory" 

WARNING: Failed to resolve file /net/bytebuddy/asm/MemberSubstitution$TypePoolResolver$OfImplicitPool.class with "No such file or directory" 

WARNING: Failed to resolve file /net/bytebuddy/build/EntryPoint$Default.class with "No such file or directory" 

WARNING: Failed to resolve file /net/bytebuddy/build/Plugin$Engine$Listener$StreamWriting.class with "No such file or directory" 

WARNING: Failed to resolve file /net/bytebuddy/build/Plugin$Factory$UsingReflection$Instantiator$Unresolved.class with "No such file or directory" 

WARNING: Failed to resolve file /net/bytebuddy/description/annotation/AnnotationDescription.class with "No such file or directory" 

WARNING: Failed to resolve file /net/bytebuddy/description/annotation/AnnotationValue$Loaded$AbstractBase$ForUnresolvedProperty.class with "No such file or directory" 

WARNING: Failed to resolve file /net/bytebuddy/description/method/MethodList$Explicit.class with "No such file or directory" 

WARNING: Failed to resolve file /net/bytebuddy/description/modifier/SynchronizationState.class with "No such file or directory" 

WARNING: Failed to resolve file /net/bytebuddy/description/type/TypeDescription$Generic$AnnotationReader$Delegator$ForLoadedTypeVariable.class with "No such file or directory" 

WARNING: Failed to resolve file /net/bytebuddy/description/type/TypeDescription$Generic$OfParameterizedType$Latent.class with "No such file or directory" 

WARNING: Failed to resolve file /net/bytebuddy/description/type/TypeDescription$Latent.class with "No such file or directory" 

WARNING: Failed to resolve file /net/bytebuddy/dynamic/ClassFileLocator$ForModuleFile.class with "No such file or directory" 

WARNING: Failed to resolve file /net/bytebuddy/dynamic/DynamicType$Builder$MethodDefinition$ParameterDefinition$Simple$Annotatable$AbstractBase.class with "No such file or directory" 

WARNING: Failed to resolve file /net/bytebuddy/dynamic/VisibilityBridgeStrategy$Default$2.class with "No such file or directory" 

WARNING: Failed to resolve file /net/bytebuddy/dynamic/loading/ClassInjector$UsingReflection$Dispatcher$Initializable.class with "No such file or directory" 

WARNING: Failed to resolve file /net/bytebuddy/dynamic/loading/PackageDefinitionStrategy$ManifestReading.class with "No such file or directory" 

WARNING: Failed to resolve file /net/bytebuddy/dynamic/scaffold/MethodGraph$Compiler$Default$Key$Store$Entry$Initial.class with "No such file or directory" 

WARNING: Failed to resolve file /net/bytebuddy/dynamic/scaffold/TypeWriter$Default$ClassDumpAction$Dispatcher$Enabled.class with "No such file or directory" 

WARNING: Failed to resolve file /net/bytebuddy/dynamic/scaffold/TypeWriter$MethodPool$Record$AccessBridgeWrapper.class with "No such file or directory" 

WARNING: Failed to resolve file /net/bytebuddy/dynamic/scaffold/subclass/SubclassImplementationTarget$OriginTypeResolver$1.class with "No such file or directory" 

WARNING: Failed to resolve file /net/bytebuddy/implementation/FieldAccessor$FieldLocation.class with "No such file or directory" 

WARNING: Failed to resolve file /net/bytebuddy/implementation/HashCodeMethod$ValueTransformer$7.class with "No such file or directory" 

WARNING: Failed to resolve file /net/bytebuddy/implementation/InvocationHandlerAdapter.class with "No such file or directory" 

WARNING: Failed to resolve file /net/bytebuddy/implementation/InvokeDynamic$WithImplicitArguments.class with "No such file or directory" 

WARNING: Failed to resolve file /net/bytebuddy/implementation/MethodCall$MethodInvoker.class with "No such file or directory" 

WARNING: Failed to resolve file /net/bytebuddy/implementation/MethodDelegation.class with "No such file or directory" 

WARNING: Failed to resolve file /net/bytebuddy/implementation/attribute/AnnotationValueFilter$Factory.class with "No such file or directory" 

WARNING: Failed to resolve file /net/bytebuddy/implementation/auxiliary/TypeProxy$1.class with "No such file or directory" 

WARNING: Failed to resolve file /net/bytebuddy/implementation/bind/annotation/AllArguments.class with "No such file or directory" 

WARNING: Failed to resolve file /net/bytebuddy/implementation/bind/annotation/Morph$Binder$RedirectionProxy$InstanceFieldConstructor$Appender.class with "No such file or directory" 

WARNING: Failed to resolve file /net/bytebuddy/implementation/bytecode/ByteCodeAppender$Compound.class with "No such file or directory" 

WARNING: Failed to resolve file /net/bytebuddy/implementation/bytecode/assign/reference/GenericTypeAwareAssigner$IsAssignableToVisitor$OfGenericArray.class with "No such file or directory" 

WARNING: Failed to resolve file /net/bytebuddy/implementation/bytecode/member/FieldAccess$AccessDispatcher$FieldPutInstruction.class with "No such file or directory" 

WARNING: Failed to resolve file /net/bytebuddy/jar/asm/RecordComponentWriter.class with "No such file or directory" 

WARNING: Failed to resolve file /net/bytebuddy/matcher/FilterableList.class with "No such file or directory" 

WARNING: Failed to resolve file /net/bytebuddy/matcher/TypeSortMatcher.class with "No such file or directory" 

WARNING: Failed to resolve file /net/bytebuddy/pool/TypePool$Default$LazyTypeDescription$AnnotationToken.class with "No such file or directory" 

WARNING: Failed to resolve file /net/bytebuddy/pool/TypePool$Default$LazyTypeDescription$LazyMethodDescription$LazyParameterizedReceiverType$TypeArgumentList$AnnotatedTypeVariable.class with "No such file or directory" 

WARNING: Failed to resolve file /net/bytebuddy/utility/FileSystem$ForNio2CapableVm$StandardCopyOption.class with "No such file or directory" 

WARNING: Failed to resolve file /net/bytebuddy/utility/dispatcher/JavaDispatcher$Dispatcher.class with "No such file or directory" 

WARNING: Failed to resolve file /org/apache/lucene/analysis/CharArrayMap.class with "No such file or directory" 

WARNING: Failed to resolve file /org/apache/lucene/analysis/tokenattributes/TermToBytesRefAttribute.class with "No such file or directory" 

WARNING: Failed to resolve file /org/apache/lucene/codecs/KnnVectorsWriter$ByteVectorValuesSub.class with "No such file or directory" 

WARNING: Failed to resolve file /org/apache/lucene/codecs/hnsw/DefaultFlatVectorScorer$ByteScoringSupplier$1.class with "No such file or directory" 

WARNING: Failed to resolve file /org/apache/lucene/codecs/lucene90/Lucene90DocValuesProducer$17.class with "No such file or directory" 

WARNING: Failed to resolve file /org/apache/lucene/codecs/lucene90/Lucene90PointsFormat.class with "No such file or directory" 

WARNING: Failed to resolve file /org/apache/lucene/codecs/lucene912/ForUtil.class with "No such file or directory" 

WARNING: Failed to resolve file /org/apache/lucene/codecs/lucene99/Lucene99HnswVectorsWriter$2.class with "No such file or directory" 

WARNING: Failed to resolve file /org/apache/lucene/document/BinaryPoint$1.class with "No such file or directory" 

WARNING: Failed to resolve file /org/apache/lucene/document/FloatPoint$2.class with "No such file or directory" 

WARNING: Failed to resolve file /org/apache/lucene/document/LatLonPointDistanceQuery.class with "No such file or directory" 

WARNING: Failed to resolve file /org/apache/lucene/document/ShapeField$QueryRelation.class with "No such file or directory" 

WARNING: Failed to resolve file /org/apache/lucene/document/XYShapeDocValues.class with "No such file or directory" 

WARNING: Failed to resolve file /org/apache/lucene/index/BaseTermsEnum$1.class with "No such file or directory" 

WARNING: Failed to resolve file /org/apache/lucene/index/ConcurrentMergeScheduler.class with "No such file or directory" 

WARNING: Failed to resolve file /org/apache/lucene/index/ExitableDirectoryReader$ExitableFilterAtomicReader$4.class with "No such file or directory" 

WARNING: Failed to resolve file /org/apache/lucene/index/FreqProxFields$FreqProxTermsEnum$1.class with "No such file or directory" 

WARNING: Failed to resolve file /org/apache/lucene/index/IndexWriter$DocModifier.class with "No such file or directory" 

WARNING: Failed to resolve file /org/apache/lucene/index/MultiDocValues$1.class with "No such file or directory" 

WARNING: Failed to resolve file /org/apache/lucene/index/PointValues$IntersectVisitor.class with "No such file or directory" 

WARNING: Failed to resolve file /org/apache/lucene/index/SingletonSortedSetDocValues.class with "No such file or directory" 

WARNING: Failed to resolve file /org/apache/lucene/index/SortedNumericDocValuesWriter.class with "No such file or directory" 

WARNING: Failed to resolve file /org/apache/lucene/index/TermVectorsConsumerPerField$TermVectorsPostingsArray.class with "No such file or directory" 

WARNING: Failed to resolve file /org/apache/lucene/internal/hppc/IntDoubleHashMap$EntryIterator.class with "No such file or directory" 

WARNING: Failed to resolve file /org/apache/lucene/internal/hppc/LongIntHashMap$LongIntCursor.class with "No such file or directory" 

WARNING: Failed to resolve file /org/apache/lucene/search/BlockMaxConjunctionScorer$2.class with "No such file or directory" 

WARNING: Failed to resolve file /org/apache/lucene/search/ConstantScoreQuery$1$1.class with "No such file or directory" 

WARNING: Failed to resolve file /org/apache/lucene/search/DoubleValuesSource$DoubleValuesComparatorSource$1.class with "No such file or directory" 

WARNING: Failed to resolve file /org/apache/lucene/search/ImpactsDISI.class with "No such file or directory" 

WARNING: Failed to resolve file /org/apache/lucene/search/LongValuesSource$LongValuesComparatorSource.class with "No such file or directory" 

WARNING: Failed to resolve file /org/apache/lucene/search/NamedMatches$NamedQuery.class with "No such file or directory" 

WARNING: Failed to resolve file /org/apache/lucene/search/ReqOptSumScorer.class with "No such file or directory" 

WARNING: Failed to resolve file /org/apache/lucene/search/SortedNumericSortField$5.class with "No such file or directory" 

WARNING: Failed to resolve file /org/apache/lucene/search/TopDocsCollector.class with "No such file or directory" 

WARNING: Failed to resolve file /org/apache/lucene/search/comparators/NumericComparator$NumericLeafComparator.class with "No such file or directory" 

WARNING: Failed to resolve file /org/apache/lucene/search/similarities/MultiSimilarity.class with "No such file or directory" 

WARNING: Failed to resolve file /org/apache/lucene/store/IndexInput$1.class with "No such file or directory" 

WARNING: Failed to resolve file /org/apache/lucene/util/AttributeImpl.class with "No such file or directory" 

WARNING: Failed to resolve file /org/apache/lucene/util/DocIdSetBuilder$BulkAdder.class with "No such file or directory" 

WARNING: Failed to resolve file /org/apache/lucene/util/ModuleResourceLoader.class with "No such file or directory" 

WARNING: Failed to resolve file /org/apache/lucene/util/Sorter.class with "No such file or directory" 

WARNING: Failed to resolve file /org/apache/lucene/util/automaton/MinimizationOperations$IntPair.class with "No such file or directory" 

WARNING: Failed to resolve file /org/apache/lucene/util/bkd/OfflinePointWriter.class with "No such file or directory" 

WARNING: Failed to resolve file /org/apache/lucene/util/fst/Util$FSTPath.class with "No such file or directory" 

WARNING: Failed to resolve file /org/apache/lucene/util/mutable/MutableValueDate.class with "No such file or directory" 

WARNING: Failed to resolve file /org/apache/lucene/util/packed/DirectReader$DirectPackedReader32.class with "No such file or directory" 

WARNING: Failed to resolve file /org/apache/lucene/util/packed/PackedWriter.class with "No such file or directory" 

WARNING: Failed to resolve file /org/bouncycastle/asn1/ASN1ObjectDescriptor$1.class with "No such file or directory" 

WARNING: Failed to resolve file /org/bouncycastle/asn1/BEROctetStringParser.class with "No such file or directory" 

WARNING: Failed to resolve file /org/bouncycastle/asn1/LazyEncodedSequence.class with "No such file or directory" 

WARNING: Failed to resolve file /org/bouncycastle/asn1/ocsp/OCSPRequest.class with "No such file or directory" 

WARNING: Failed to resolve file /org/bouncycastle/asn1/sec/SECNamedCurves$17.class with "No such file or directory" 

WARNING: Failed to resolve file /org/bouncycastle/asn1/x500/DirectoryString.class with "No such file or directory" 

WARNING: Failed to resolve file /org/bouncycastle/asn1/x509/NameConstraints.class with "No such file or directory" 

WARNING: Failed to resolve file /org/bouncycastle/asn1/x509/sigi/NameOrPseudonym.class with "No such file or directory" 

WARNING: Failed to resolve file /org/bouncycastle/crypto/CipherKeyGenerator.class with "No such file or directory" 

WARNING: Failed to resolve file /org/bouncycastle/crypto/StagedAgreement.class with "No such file or directory" 

WARNING: Failed to resolve file /org/bouncycastle/crypto/digests/AsconXof$1.class with "No such file or directory" 

WARNING: Failed to resolve file /org/bouncycastle/crypto/digests/ShortenedDigest.class with "No such file or directory" 

WARNING: Failed to resolve file /org/bouncycastle/crypto/ec/ECDecryptor.class with "No such file or directory" 

WARNING: Failed to resolve file /org/bouncycastle/crypto/engines/GOST3412_2015Engine.class with "No such file or directory" 

WARNING: Failed to resolve file /org/bouncycastle/crypto/engines/SparkleEngine$1.class with "No such file or directory" 

WARNING: Failed to resolve file /org/bouncycastle/crypto/generators/ElGamalParametersGenerator.class with "No such file or directory" 

WARNING: Failed to resolve file /org/bouncycastle/crypto/macs/DSTU7564Mac.class with "No such file or directory" 

WARNING: Failed to resolve file /org/bouncycastle/crypto/modes/NISTCTSBlockCipher.class with "No such file or directory" 

WARNING: Failed to resolve file /org/bouncycastle/crypto/params/DHParameters.class with "No such file or directory" 

WARNING: Failed to resolve file /org/bouncycastle/crypto/params/NaccacheSternKeyGenerationParameters.class with "No such file or directory" 

WARNING: Failed to resolve file /org/bouncycastle/crypto/prng/X931SecureRandom.class with "No such file or directory" 

WARNING: Failed to resolve file /org/bouncycastle/crypto/util/DEROtherInfo$1.class with "No such file or directory" 

WARNING: Failed to resolve file /org/bouncycastle/crypto/util/SSHNamedCurves$3.class with "No such file or directory" 

WARNING: Failed to resolve file /org/bouncycastle/jcajce/BCFKSLoadStoreParameter$SignatureAlgorithm.class with "No such file or directory" 

WARNING: Failed to resolve file /org/bouncycastle/jcajce/provider/asymmetric/CompositeSignatures.class with "No such file or directory" 

WARNING: Failed to resolve file /org/bouncycastle/jcajce/provider/asymmetric/compositesignatures/KeyPairGeneratorSpi$MLDSA65_ECDSA_brainpoolP256r1_SHA512.class with "No such file or directory" 

WARNING: Failed to resolve file /org/bouncycastle/jcajce/provider/asymmetric/dh/KeyAgreementSpi$DHwithSHA384CKDF.class with "No such file or directory" 

WARNING: Failed to resolve file /org/bouncycastle/jcajce/provider/asymmetric/ec/BCECPrivateKey.class with "No such file or directory" 

WARNING: Failed to resolve file /org/bouncycastle/jcajce/provider/asymmetric/ec/KeyAgreementSpi$DHUwithSHA224KDF.class with "No such file or directory" 

WARNING: Failed to resolve file /org/bouncycastle/jcajce/provider/asymmetric/ec/KeyPairGeneratorSpi.class with "No such file or directory" 

WARNING: Failed to resolve file /org/bouncycastle/jcajce/provider/asymmetric/ecgost12/KeyAgreementSpi$ECVKO512.class with "No such file or directory" 

WARNING: Failed to resolve file /org/bouncycastle/jcajce/provider/asymmetric/edec/KeyPairGeneratorSpi$X448.class with "No such file or directory" 

WARNING: Failed to resolve file /org/bouncycastle/jcajce/provider/asymmetric/rsa/DigestSignatureSpi$SHA3_384.class with "No such file or directory" 

WARNING: Failed to resolve file /org/bouncycastle/jcajce/provider/asymmetric/rsa/PSSSignatureSpi$SHA512withRSA.class with "No such file or directory" 

WARNING: Failed to resolve file /org/bouncycastle/jcajce/provider/asymmetric/x509/X509CRLInternal.class with "No such file or directory" 

WARNING: Failed to resolve file /org/bouncycastle/jcajce/provider/digest/GOST3411$Mappings.class with "No such file or directory" 

WARNING: Failed to resolve file /org/bouncycastle/jcajce/provider/digest/RIPEMD256$HashMac.class with "No such file or directory" 

WARNING: Failed to resolve file /org/bouncycastle/jcajce/provider/digest/SHA3$Mappings.class with "No such file or directory" 

WARNING: Failed to resolve file /org/bouncycastle/jcajce/provider/digest/Skein$HMacKeyGenerator_512_384.class with "No such file or directory" 

WARNING: Failed to resolve file /org/bouncycastle/jcajce/provider/digest/Whirlpool$KeyGenerator.class with "No such file or directory" 

WARNING: Failed to resolve file /org/bouncycastle/jcajce/provider/keystore/pkcs12/PKCS12KeyStoreSpi$1.class with "No such file or directory" 

WARNING: Failed to resolve file /org/bouncycastle/jcajce/provider/symmetric/AES$PBEWithSHA256And192BitAESBC.class with "No such file or directory" 

WARNING: Failed to resolve file /org/bouncycastle/jcajce/provider/symmetric/CAST5$CBC.class with "No such file or directory" 

WARNING: Failed to resolve file /org/bouncycastle/jcajce/provider/symmetric/DES$Mappings.class with "No such file or directory" 

WARNING: Failed to resolve file /org/bouncycastle/jcajce/provider/symmetric/DSTU7624$GCM128.class with "No such file or directory" 

WARNING: Failed to resolve file /org/bouncycastle/jcajce/provider/symmetric/HC128$KeyGen.class with "No such file or directory" 

WARNING: Failed to resolve file /org/bouncycastle/jcajce/provider/symmetric/PBEPKCS12.class with "No such file or directory" 

WARNING: Failed to resolve file /org/bouncycastle/jcajce/provider/symmetric/Rijndael.class with "No such file or directory" 

WARNING: Failed to resolve file /org/bouncycastle/jcajce/provider/symmetric/Shacal2$AlgParams.class with "No such file or directory" 

WARNING: Failed to resolve file /org/bouncycastle/jcajce/provider/symmetric/Threefish.class with "No such file or directory" 

WARNING: Failed to resolve file /org/bouncycastle/jcajce/provider/symmetric/util/BaseStreamCipher.class with "No such file or directory" 

WARNING: Failed to resolve file /org/bouncycastle/jcajce/spec/SkeinParameterSpec.class with "No such file or directory" 

WARNING: Failed to resolve file /org/bouncycastle/jce/provider/AnnotatedException.class with "No such file or directory" 

WARNING: Failed to resolve file /org/bouncycastle/jce/provider/RFC3280CertPathUtilities.class with "No such file or directory" 

WARNING: Failed to resolve file /org/bouncycastle/math/ec/ECCurve$Config.class with "No such file or directory" 

WARNING: Failed to resolve file /org/bouncycastle/math/ec/custom/gm/SM2P256V1FieldElement.class with "No such file or directory" 

WARNING: Failed to resolve file /org/bouncycastle/math/ec/custom/sec/SecP384R1FieldElement.class with "No such file or directory" 

WARNING: Failed to resolve file /org/bouncycastle/math/ec/custom/sec/SecT239K1Curve.class with "No such file or directory" 

WARNING: Failed to resolve file /org/bouncycastle/math/ec/rfc8032/Ed25519$PointTemp.class with "No such file or directory" 

WARNING: Failed to resolve file /org/bouncycastle/pqc/asn1/PQCObjectIdentifiers.class with "No such file or directory" 

WARNING: Failed to resolve file /org/bouncycastle/pqc/crypto/crystals/dilithium/DilithiumKeyPairGenerator.class with "No such file or directory" 

WARNING: Failed to resolve file /org/bouncycastle/pqc/crypto/falcon/FalconSmallPrime.class with "No such file or directory" 

WARNING: Failed to resolve file /org/bouncycastle/pqc/crypto/hqc/HQCKEMExtractor.class with "No such file or directory" 

WARNING: Failed to resolve file /org/bouncycastle/pqc/crypto/newhope/NHKeyPairGenerator.class with "No such file or directory" 

WARNING: Failed to resolve file /org/bouncycastle/pqc/crypto/picnic/PicnicEngine.class with "No such file or directory" 

WARNING: Failed to resolve file /org/bouncycastle/pqc/crypto/sphincs/SPHINCS256KeyGenerationParameters.class with "No such file or directory" 

WARNING: Failed to resolve file /org/bouncycastle/pqc/crypto/util/PublicKeyFactory$LMSConverter.class with "No such file or directory" 

WARNING: Failed to resolve file /org/bouncycastle/pqc/crypto/xmss/XMSSMTPrivateKeyParameters$Builder.class with "No such file or directory" 

WARNING: Failed to resolve file /org/bouncycastle/pqc/jcajce/interfaces/NHPublicKey.class with "No such file or directory" 

WARNING: Failed to resolve file /org/bouncycastle/pqc/jcajce/provider/SPHINCS.class with "No such file or directory" 

WARNING: Failed to resolve file /org/bouncycastle/pqc/jcajce/provider/falcon/SignatureSpi$Base.class with "No such file or directory" 

WARNING: Failed to resolve file /org/bouncycastle/pqc/jcajce/provider/mceliece/BCMcEliecePrivateKey.class with "No such file or directory" 

WARNING: Failed to resolve file /org/bouncycastle/pqc/jcajce/provider/picnic/BCPicnicPublicKey.class with "No such file or directory" 

WARNING: Failed to resolve file /org/bouncycastle/pqc/jcajce/provider/sphincsplus/SPHINCSPlusKeyPairGeneratorSpi$Shake_256f.class with "No such file or directory" 

WARNING: Failed to resolve file /org/bouncycastle/pqc/jcajce/spec/KyberParameterSpec.class with "No such file or directory" 

WARNING: Failed to resolve file /org/bouncycastle/pqc/legacy/crypto/mceliece/McEliecePrivateKeyParameters.class with "No such file or directory" 

WARNING: Failed to resolve file /org/bouncycastle/pqc/legacy/math/linearalgebra/GF2Matrix.class with "No such file or directory" 

WARNING: Failed to resolve file /org/bouncycastle/pqc/math/ntru/parameters/NTRUHPS2048509.class with "No such file or directory" 

WARNING: Failed to resolve file /org/bouncycastle/util/encoders/HexTranslator.class with "No such file or directory" 

WARNING: Failed to resolve file /org/bouncycastle/x509/X509CRLStoreSelector.class with "No such file or directory" 

Found 215 (out of 11364) source files to analyze in /home/udesou/.bench-agent/git/macro-benches/vendor/.infer-capture-ocaml-5.5.0-f523850
/net/bytebuddy/asm/Advice$OffsetMapping$ForInstrumentedMethod$2.class starting
/net/bytebuddy/asm/Advice$OffsetMapping$ForInstrumentedMethod$2.class DONE
/net/bytebuddy/dynamic/DynamicType$Builder$MethodDefinition$ParameterDefinition$Simple$Annotatable$AbstractBase.class starting
/net/bytebuddy/dynamic/DynamicType$Builder$MethodDefinition$ParameterDefinition$Simple$Annotatable$AbstractBase.class DONE
/net/bytebuddy/implementation/bytecode/assign/reference/GenericTypeAwareAssigner$IsAssignableToVisitor$OfGenericArray.class starting
/net/bytebuddy/implementation/bytecode/assign/reference/GenericTypeAwareAssigner$IsAssignableToVisitor$OfGenericArray.class DONE
/org/apache/lucene/codecs/lucene912/ForUtil.class starting
/org/apache/lucene/codecs/lucene912/ForUtil.class DONE
/org/apache/lucene/document/BinaryPoint$1.class starting
/org/apache/lucene/document/BinaryPoint$1.class DONE
/org/bouncycastle/pqc/crypto/newhope/NHKeyPairGenerator.class starting
/org/bouncycastle/pqc/crypto/newhope/NHKeyPairGenerator.class DONE
/net/bytebuddy/dynamic/scaffold/MethodGraph$Compiler$Default$Key$Store$Entry$Initial.class starting
/net/bytebuddy/dynamic/scaffold/MethodGraph$Compiler$Default$Key$Store$Entry$Initial.class DONE
/org/bouncycastle/asn1/x500/DirectoryString.class starting
/org/bouncycastle/asn1/x500/DirectoryString.class DONE
/org/apache/lucene/search/BlockMaxConjunctionScorer$2.class starting
/org/apache/lucene/search/BlockMaxConjunctionScorer$2.class DONE
/org/bouncycastle/pqc/jcajce/spec/KyberParameterSpec.class starting
/org/bouncycastle/pqc/jcajce/spec/KyberParameterSpec.class DONE
/org/apache/lucene/document/XYShapeDocValues.class starting
/org/apache/lucene/document/XYShapeDocValues.class DONE
/org/bouncycastle/jcajce/provider/symmetric/AES$PBEWithSHA256And192BitAESBC.class starting
/org/bouncycastle/jcajce/provider/symmetric/AES$PBEWithSHA256And192BitAESBC.class DONE
/org/apache/lucene/index/ExitableDirectoryReader$ExitableFilterAtomicReader$4.class starting
/org/apache/lucene/index/ExitableDirectoryReader$ExitableFilterAtomicReader$4.class DONE
/org/apache/lucene/document/ShapeField$QueryRelation.class starting
/org/apache/lucene/document/ShapeField$QueryRelation.class DONE
/org/bouncycastle/asn1/x509/sigi/NameOrPseudonym.class starting
/org/apache/lucene/search/DoubleValuesSource$DoubleValuesComparatorSource$1.class starting
/org/apache/lucene/search/DoubleValuesSource$DoubleValuesComparatorSource$1.class DONE
/com/google/common/collect/ImmutableMultimap$Builder.class starting
/com/google/common/collect/ImmutableMultimap$Builder.class DONE
/com/google/common/base/Converter$IdentityConverter.class starting
/com/google/common/base/Converter$IdentityConverter.class DONE
/net/bytebuddy/agent/builder/package-info.class starting
/net/bytebuddy/agent/builder/package-info.class DONE
/org/apache/lucene/util/Sorter.class starting
/org/apache/lucene/util/Sorter.class DONE
/com/google/common/graph/ValueGraph.class starting
/com/google/common/graph/ValueGraph.class DONE
/org/bouncycastle/pqc/jcajce/provider/SPHINCS.class starting
/org/bouncycastle/pqc/jcajce/provider/SPHINCS.class DONE
/org/bouncycastle/jcajce/provider/digest/RIPEMD256$HashMac.class starting
/org/bouncycastle/jcajce/provider/digest/RIPEMD256$HashMac.class DONE
/org/bouncycastle/jcajce/provider/symmetric/DES$Mappings.class starting
/org/bouncycastle/jcajce/provider/symmetric/DES$Mappings.class DONE
/com/google/common/util/concurrent/Monitor$Guard.class starting
/com/google/common/util/concurrent/Monitor$Guard.class DONE
/net/bytebuddy/pool/TypePool$Default$LazyTypeDescription$LazyMethodDescription$LazyParameterizedReceiverType$TypeArgumentList$AnnotatedTypeVariable.class starting
/net/bytebuddy/pool/TypePool$Default$LazyTypeDescription$LazyMethodDescription$LazyParameterizedReceiverType$TypeArgumentList$AnnotatedTypeVariable.class DONE
/net/bytebuddy/build/Plugin$Factory$UsingReflection$Instantiator$Unresolved.class starting
/net/bytebuddy/build/Plugin$Factory$UsingReflection$Instantiator$Unresolved.class DONE
/org/bouncycastle/crypto/generators/ElGamalParametersGenerator.class starting
/org/bouncycastle/crypto/generators/ElGamalParametersGenerator.class DONE
/org/bouncycastle/crypto/digests/ShortenedDigest.class starting
/org/bouncycastle/crypto/digests/ShortenedDigest.class DONE
/net/bytebuddy/matcher/FilterableList.class starting
/net/bytebuddy/matcher/FilterableList.class DONE
/com/google/common/io/BaseEncoding.class starting
/com/google/common/io/BaseEncoding.class DONE
/org/bouncycastle/pqc/crypto/picnic/PicnicEngine.class starting
/org/bouncycastle/pqc/crypto/picnic/PicnicEngine.class DONE
/org/bouncycastle/jcajce/provider/symmetric/PBEPKCS12.class starting
/org/bouncycastle/jcajce/provider/symmetric/PBEPKCS12.class DONE
/org/bouncycastle/crypto/prng/X931SecureRandom.class starting
/org/bouncycastle/crypto/prng/X931SecureRandom.class DONE
/net/bytebuddy/description/modifier/SynchronizationState.class starting
/net/bytebuddy/description/modifier/SynchronizationState.class DONE
/org/apache/lucene/search/ConstantScoreQuery$1$1.class starting
/org/apache/lucene/search/ConstantScoreQuery$1$1.class DONE
/org/apache/lucene/internal/hppc/IntDoubleHashMap$EntryIterator.class starting
/org/apache/lucene/internal/hppc/IntDoubleHashMap$EntryIterator.class DONE
/org/bouncycastle/asn1/x509/NameConstraints.class starting
/org/bouncycastle/asn1/x509/NameConstraints.class DONE
/com/google/common/graph/GraphBuilder.class starting
/com/google/common/graph/GraphBuilder.class DONE
/org/bouncycastle/jcajce/provider/symmetric/Threefish.class starting
/org/bouncycastle/jcajce/provider/symmetric/Threefish.class DONE
/com/google/common/util/concurrent/SimpleTimeLimiter$1.class starting
/com/google/common/util/concurrent/SimpleTimeLimiter$1.class DONE
/net/bytebuddy/dynamic/scaffold/TypeWriter$MethodPool$Record$AccessBridgeWrapper.class starting
/net/bytebuddy/dynamic/scaffold/TypeWriter$MethodPool$Record$AccessBridgeWrapper.class DONE
/net/bytebuddy/dynamic/ClassFileLocator$ForModuleFile.class starting
/net/bytebuddy/dynamic/ClassFileLocator$ForModuleFile.class DONE
/org/apache/lucene/search/ReqOptSumScorer.class starting
/org/apache/lucene/search/ReqOptSumScorer.class DONE
/com/google/common/util/concurrent/AggregateFutureState.class starting
/com/google/common/util/concurrent/AggregateFutureState.class DONE
/com/google/common/annotations/Beta.class starting
/com/google/common/annotations/Beta.class DONE
/com/google/common/collect/DenseImmutableTable.class starting
/com/google/common/collect/DenseImmutableTable.class DONE
/org/bouncycastle/math/ec/custom/gm/SM2P256V1FieldElement.class starting
/org/bouncycastle/math/ec/custom/gm/SM2P256V1FieldElement.class DONE
/org/bouncycastle/jcajce/provider/asymmetric/dh/KeyAgreementSpi$DHwithSHA384CKDF.class starting
/org/bouncycastle/jcajce/provider/asymmetric/dh/KeyAgreementSpi$DHwithSHA384CKDF.class DONE
/org/bouncycastle/jcajce/provider/digest/GOST3411$Mappings.class starting
/org/bouncycastle/jcajce/provider/digest/GOST3411$Mappings.class DONE
/org/bouncycastle/pqc/jcajce/provider/sphincsplus/SPHINCSPlusKeyPairGeneratorSpi$Shake_256f.class starting
/org/bouncycastle/pqc/jcajce/provider/sphincsplus/SPHINCSPlusKeyPairGeneratorSpi$Shake_256f.class DONE
/org/bouncycastle/jcajce/provider/symmetric/util/BaseStreamCipher.class starting
/org/bouncycastle/jcajce/provider/symmetric/util/BaseStreamCipher.class DONE
/net/bytebuddy/implementation/auxiliary/TypeProxy$1.class starting
/net/bytebuddy/implementation/auxiliary/TypeProxy$1.class DONE
/com/google/common/collect/ImmutableSortedSet$1.class starting
/com/google/common/collect/ImmutableSortedSet$1.class DONE
/net/bytebuddy/pool/TypePool$Default$LazyTypeDescription$AnnotationToken.class starting
/net/bytebuddy/pool/TypePool$Default$LazyTypeDescription$AnnotationToken.class DONE
/org/apache/lucene/index/SingletonSortedSetDocValues.class starting
/org/apache/lucene/index/SingletonSortedSetDocValues.class DONE
/org/bouncycastle/pqc/crypto/crystals/dilithium/DilithiumKeyPairGenerator.class starting
/org/bouncycastle/pqc/crypto/crystals/dilithium/DilithiumKeyPairGenerator.class DONE
/org/bouncycastle/math/ec/rfc8032/Ed25519$PointTemp.class starting
/org/bouncycastle/math/ec/rfc8032/Ed25519$PointTemp.class DONE
/org/bouncycastle/jce/provider/RFC3280CertPathUtilities.class starting
/org/bouncycastle/jce/provider/RFC3280CertPathUtilities.class DONE
/net/bytebuddy/build/Plugin$Engine$Listener$StreamWriting.class starting
/net/bytebuddy/build/Plugin$Engine$Listener$StreamWriting.class DONE
/org/bouncycastle/crypto/macs/DSTU7564Mac.class starting
/org/bouncycastle/crypto/macs/DSTU7564Mac.class DONE
/org/bouncycastle/jcajce/provider/asymmetric/ec/KeyPairGeneratorSpi.class starting
/org/bouncycastle/jcajce/provider/asymmetric/ec/KeyPairGeneratorSpi.class DONE
/net/bytebuddy/implementation/MethodCall$MethodInvoker.class starting
/net/bytebuddy/implementation/MethodCall$MethodInvoker.class DONE
/net/bytebuddy/ByteBuddy$RecordConstructorStrategy.class starting
/net/bytebuddy/ByteBuddy$RecordConstructorStrategy.class DONE
/org/bouncycastle/jcajce/provider/asymmetric/x509/X509CRLInternal.class starting
/org/bouncycastle/jcajce/provider/asymmetric/x509/X509CRLInternal.class DONE
/org/bouncycastle/jcajce/provider/asymmetric/rsa/DigestSignatureSpi$SHA3_384.class starting
/org/bouncycastle/jcajce/provider/asymmetric/rsa/DigestSignatureSpi$SHA3_384.class DONE
/com/google/common/collect/RegularImmutableMap$Values.class starting
/com/google/common/collect/RegularImmutableMap$Values.class DONE
/org/apache/lucene/index/MultiDocValues$1.class starting
/org/apache/lucene/index/MultiDocValues$1.class DONE
/net/bytebuddy/asm/MemberSubstitution$TypePoolResolver$OfImplicitPool.class starting
/net/bytebuddy/asm/MemberSubstitution$TypePoolResolver$OfImplicitPool.class DONE
/net/bytebuddy/description/type/TypeDescription$Generic$AnnotationReader$Delegator$ForLoadedTypeVariable.class starting
/net/bytebuddy/description/type/TypeDescription$Generic$AnnotationReader$Delegator$ForLoadedTypeVariable.class DONE
/org/bouncycastle/crypto/CipherKeyGenerator.class starting
/org/bouncycastle/crypto/CipherKeyGenerator.class DONE
/org/apache/lucene/codecs/lucene99/Lucene99HnswVectorsWriter$2.class starting
/org/apache/lucene/codecs/lucene99/Lucene99HnswVectorsWriter$2.class DONE
/org/bouncycastle/jcajce/provider/symmetric/DSTU7624$GCM128.class starting
/org/bouncycastle/jcajce/provider/symmetric/DSTU7624$GCM128.class DONE
/org/apache/lucene/util/AttributeImpl.class starting
/org/apache/lucene/util/AttributeImpl.class DONE
/org/apache/lucene/codecs/lucene90/Lucene90DocValuesProducer$17.class starting
/org/apache/lucene/codecs/lucene90/Lucene90DocValuesProducer$17.class DONE
/org/apache/lucene/search/comparators/NumericComparator$NumericLeafComparator.class starting
/org/apache/lucene/search/comparators/NumericComparator$NumericLeafComparator.class DONE
/org/apache/lucene/util/packed/PackedWriter.class starting
/org/apache/lucene/util/packed/PackedWriter.class DONE
/com/google/common/primitives/Shorts$ShortConverter.class starting
/com/google/common/primitives/Shorts$ShortConverter.class DONE
/org/bouncycastle/pqc/crypto/hqc/HQCKEMExtractor.class starting
/org/bouncycastle/pqc/crypto/hqc/HQCKEMExtractor.class DONE
/org/apache/lucene/codecs/hnsw/DefaultFlatVectorScorer$ByteScoringSupplier$1.class starting
/org/apache/lucene/codecs/hnsw/DefaultFlatVectorScorer$ByteScoringSupplier$1.class DONE
/net/bytebuddy/implementation/attribute/AnnotationValueFilter$Factory.class starting
/net/bytebuddy/implementation/attribute/AnnotationValueFilter$Factory.class DONE
/org/apache/lucene/analysis/tokenattributes/TermToBytesRefAttribute.class starting
/org/apache/lucene/analysis/tokenattributes/TermToBytesRefAttribute.class DONE
/org/bouncycastle/crypto/StagedAgreement.class starting
/org/bouncycastle/crypto/StagedAgreement.class DONE
/org/bouncycastle/crypto/params/NaccacheSternKeyGenerationParameters.class starting
/org/bouncycastle/crypto/params/NaccacheSternKeyGenerationParameters.class DONE
/org/apache/lucene/index/IndexWriter$DocModifier.class starting
/org/apache/lucene/index/IndexWriter$DocModifier.class DONE
/org/apache/lucene/util/bkd/OfflinePointWriter.class starting
/org/apache/lucene/util/bkd/OfflinePointWriter.class DONE
/org/apache/lucene/search/SortedNumericSortField$5.class starting
/org/apache/lucene/search/SortedNumericSortField$5.class DONE
/org/bouncycastle/jce/provider/AnnotatedException.class starting
/org/bouncycastle/jce/provider/AnnotatedException.class DONE
/org/apache/lucene/util/packed/DirectReader$DirectPackedReader32.class starting
/org/apache/lucene/util/packed/DirectReader$DirectPackedReader32.class DONE
/org/bouncycastle/jcajce/provider/symmetric/Rijndael.class starting
/org/bouncycastle/jcajce/provider/symmetric/Rijndael.class DONE
/net/bytebuddy/description/annotation/AnnotationValue$Loaded$AbstractBase$ForUnresolvedProperty.class starting
/net/bytebuddy/description/annotation/AnnotationValue$Loaded$AbstractBase$ForUnresolvedProperty.class DONE
/org/apache/lucene/util/DocIdSetBuilder$BulkAdder.class starting
/org/apache/lucene/util/DocIdSetBuilder$BulkAdder.class DONE
/org/bouncycastle/pqc/jcajce/provider/picnic/BCPicnicPublicKey.class starting
/org/bouncycastle/pqc/jcajce/provider/picnic/BCPicnicPublicKey.class DONE
/com/google/common/collect/HashMultimap.class starting
/com/google/common/collect/HashMultimap.class DONE
/org/bouncycastle/crypto/params/DHParameters.class starting
/org/bouncycastle/crypto/params/DHParameters.class DONE
/net/bytebuddy/agent/builder/AgentBuilder$InstallationListener$Compound.class starting
/net/bytebuddy/agent/builder/AgentBuilder$InstallationListener$Compound.class DONE
/net/bytebuddy/dynamic/scaffold/subclass/SubclassImplementationTarget$OriginTypeResolver$1.class starting
/net/bytebuddy/dynamic/scaffold/subclass/SubclassImplementationTarget$OriginTypeResolver$1.class DONE
/com/google/common/collect/SortedLists$KeyAbsentBehavior$2.class starting
/com/google/common/collect/SortedLists$KeyAbsentBehavior$2.class DONE
/org/bouncycastle/jcajce/provider/symmetric/Shacal2$AlgParams.class starting
/org/bouncycastle/jcajce/provider/symmetric/Shacal2$AlgParams.class DONE
/org/bouncycastle/crypto/util/DEROtherInfo$1.class starting
/org/bouncycastle/crypto/util/DEROtherInfo$1.class DONE
/net/bytebuddy/agent/builder/AgentBuilder$Default$NativeMethodStrategy$ForPrefix.class starting
/net/bytebuddy/agent/builder/AgentBuilder$Default$NativeMethodStrategy$ForPrefix.class DONE
/com/google/common/collect/Streams$DoubleFunctionWithIndex.class starting
/com/google/common/collect/Streams$DoubleFunctionWithIndex.class DONE
/org/bouncycastle/jcajce/provider/asymmetric/ecgost12/KeyAgreementSpi$ECVKO512.class starting
/org/bouncycastle/jcajce/provider/asymmetric/ecgost12/KeyAgreementSpi$ECVKO512.class DONE
/net/bytebuddy/implementation/MethodDelegation.class starting
/net/bytebuddy/implementation/MethodDelegation.class DONE
/net/bytebuddy/implementation/FieldAccessor$FieldLocation.class starting
/net/bytebuddy/implementation/FieldAccessor$FieldLocation.class DONE
/org/bouncycastle/pqc/crypto/sphincs/SPHINCS256KeyGenerationParameters.class starting
/org/bouncycastle/pqc/crypto/sphincs/SPHINCS256KeyGenerationParameters.class DONE
/org/bouncycastle/jcajce/provider/asymmetric/edec/KeyPairGeneratorSpi$X448.class starting
/org/bouncycastle/jcajce/provider/asymmetric/edec/KeyPairGeneratorSpi$X448.class DONE
/net/bytebuddy/dynamic/loading/PackageDefinitionStrategy$ManifestReading.class starting
/net/bytebuddy/dynamic/loading/PackageDefinitionStrategy$ManifestReading.class DONE
/org/bouncycastle/asn1/LazyEncodedSequence.class starting
/org/bouncycastle/asn1/x509/sigi/NameOrPseudonym.class DONE
/net/bytebuddy/description/annotation/AnnotationDescription.class starting
/net/bytebuddy/description/annotation/AnnotationDescription.class DONE
/org/bouncycastle/crypto/ec/ECDecryptor.class starting
/org/bouncycastle/crypto/ec/ECDecryptor.class DONE
/org/bouncycastle/asn1/BEROctetStringParser.class starting
/org/bouncycastle/asn1/BEROctetStringParser.class DONE
/net/bytebuddy/dynamic/scaffold/TypeWriter$Default$ClassDumpAction$Dispatcher$Enabled.class starting
/net/bytebuddy/dynamic/scaffold/TypeWriter$Default$ClassDumpAction$Dispatcher$Enabled.class DONE
/org/bouncycastle/pqc/jcajce/interfaces/NHPublicKey.class starting
/org/bouncycastle/pqc/jcajce/interfaces/NHPublicKey.class DONE
/com/google/common/collect/JdkBackedImmutableMap.class starting
/com/google/common/collect/JdkBackedImmutableMap.class DONE
/com/google/common/collect/MapMakerInternalMap$EntrySet.class starting
/com/google/common/collect/MapMakerInternalMap$EntrySet.class DONE
/org/bouncycastle/math/ec/ECCurve$Config.class starting
/org/bouncycastle/math/ec/ECCurve$Config.class DONE
/org/apache/lucene/util/mutable/MutableValueDate.class starting
/org/apache/lucene/util/mutable/MutableValueDate.class DONE
/com/google/common/collect/TransformedListIterator.class starting
/com/google/common/collect/TransformedListIterator.class DONE
/com/google/common/base/Utf8.class starting
/com/google/common/base/Utf8.class DONE
/org/bouncycastle/crypto/digests/AsconXof$1.class starting
/org/bouncycastle/crypto/digests/AsconXof$1.class DONE
/org/apache/lucene/analysis/CharArrayMap.class starting
/org/apache/lucene/analysis/CharArrayMap.class DONE
/net/bytebuddy/description/method/MethodList$Explicit.class starting
/net/bytebuddy/description/method/MethodList$Explicit.class DONE
/org/apache/lucene/search/NamedMatches$NamedQuery.class starting
/org/apache/lucene/search/NamedMatches$NamedQuery.class DONE
/net/bytebuddy/matcher/TypeSortMatcher.class starting
/net/bytebuddy/matcher/TypeSortMatcher.class DONE
/net/bytebuddy/description/type/TypeDescription$Latent.class starting
/net/bytebuddy/description/type/TypeDescription$Latent.class DONE
/net/bytebuddy/utility/FileSystem$ForNio2CapableVm$StandardCopyOption.class starting
/net/bytebuddy/utility/FileSystem$ForNio2CapableVm$StandardCopyOption.class DONE
/org/bouncycastle/crypto/engines/GOST3412_2015Engine.class starting
/org/bouncycastle/crypto/engines/GOST3412_2015Engine.class DONE
/org/bouncycastle/math/ec/custom/sec/SecT239K1Curve.class starting
/org/bouncycastle/math/ec/custom/sec/SecT239K1Curve.class DONE
/org/apache/lucene/index/PointValues$IntersectVisitor.class starting
/org/apache/lucene/index/PointValues$IntersectVisitor.class DONE
/net/bytebuddy/implementation/InvokeDynamic$WithImplicitArguments.class starting
/net/bytebuddy/implementation/InvokeDynamic$WithImplicitArguments.class DONE
/org/bouncycastle/pqc/jcajce/provider/mceliece/BCMcEliecePrivateKey.class starting
/org/bouncycastle/pqc/jcajce/provider/mceliece/BCMcEliecePrivateKey.class DONE
/com/google/common/util/concurrent/ForwardingCheckedFuture$SimpleForwardingCheckedFuture.class starting
/com/google/common/util/concurrent/ForwardingCheckedFuture$SimpleForwardingCheckedFuture.class DONE
/org/bouncycastle/util/encoders/HexTranslator.class starting
/org/bouncycastle/util/encoders/HexTranslator.class DONE
/com/google/common/collect/ForwardingConcurrentMap.class starting
/com/google/common/collect/ForwardingConcurrentMap.class DONE
/org/bouncycastle/jcajce/provider/keystore/pkcs12/PKCS12KeyStoreSpi$1.class starting
/org/bouncycastle/jcajce/provider/keystore/pkcs12/PKCS12KeyStoreSpi$1.class DONE
/org/bouncycastle/jcajce/provider/asymmetric/compositesignatures/KeyPairGeneratorSpi$MLDSA65_ECDSA_brainpoolP256r1_SHA512.class starting
/org/bouncycastle/jcajce/provider/asymmetric/compositesignatures/KeyPairGeneratorSpi$MLDSA65_ECDSA_brainpoolP256r1_SHA512.class DONE
/com/google/common/reflect/TypeToken$Bounds.class starting
/com/google/common/reflect/TypeToken$Bounds.class DONE
/org/apache/lucene/store/IndexInput$1.class starting
/org/apache/lucene/store/IndexInput$1.class DONE
/net/bytebuddy/dynamic/loading/ClassInjector$UsingReflection$Dispatcher$Initializable.class starting
/net/bytebuddy/dynamic/loading/ClassInjector$UsingReflection$Dispatcher$Initializable.class DONE
/org/apache/lucene/util/ModuleResourceLoader.class starting
/org/apache/lucene/util/ModuleResourceLoader.class DONE
/org/bouncycastle/pqc/jcajce/provider/falcon/SignatureSpi$Base.class starting
/org/bouncycastle/pqc/jcajce/provider/falcon/SignatureSpi$Base.class DONE
/org/apache/lucene/index/FreqProxFields$FreqProxTermsEnum$1.class starting
/org/apache/lucene/index/FreqProxFields$FreqProxTermsEnum$1.class DONE
/org/bouncycastle/jcajce/provider/digest/Whirlpool$KeyGenerator.class starting
/org/bouncycastle/jcajce/provider/digest/Whirlpool$KeyGenerator.class DONE
/net/bytebuddy/implementation/HashCodeMethod$ValueTransformer$7.class starting
/net/bytebuddy/implementation/HashCodeMethod$ValueTransformer$7.class DONE
/com/google/common/collect/MultimapBuilder$2.class starting
/com/google/common/collect/MultimapBuilder$2.class DONE
/com/google/common/base/Platform.class starting
/com/google/common/base/Platform.class DONE
/org/bouncycastle/jcajce/provider/asymmetric/rsa/PSSSignatureSpi$SHA512withRSA.class starting
/org/bouncycastle/jcajce/provider/asymmetric/rsa/PSSSignatureSpi$SHA512withRSA.class DONE
/com/google/common/net/HttpHeaders.class starting
/com/google/common/net/HttpHeaders.class DONE
/org/bouncycastle/pqc/crypto/falcon/FalconSmallPrime.class starting
/org/bouncycastle/pqc/crypto/falcon/FalconSmallPrime.class DONE
/net/bytebuddy/implementation/bind/annotation/Morph$Binder$RedirectionProxy$InstanceFieldConstructor$Appender.class starting
/net/bytebuddy/implementation/bind/annotation/Morph$Binder$RedirectionProxy$InstanceFieldConstructor$Appender.class DONE
/net/bytebuddy/implementation/InvocationHandlerAdapter.class starting
/net/bytebuddy/implementation/InvocationHandlerAdapter.class DONE
/org/bouncycastle/crypto/modes/NISTCTSBlockCipher.class starting
/org/bouncycastle/crypto/modes/NISTCTSBlockCipher.class DONE
/org/bouncycastle/jcajce/provider/digest/Skein$HMacKeyGenerator_512_384.class starting
/org/bouncycastle/jcajce/provider/digest/Skein$HMacKeyGenerator_512_384.class DONE
/org/bouncycastle/pqc/legacy/crypto/mceliece/McEliecePrivateKeyParameters.class starting
/org/bouncycastle/pqc/legacy/crypto/mceliece/McEliecePrivateKeyParameters.class DONE
/org/bouncycastle/x509/X509CRLStoreSelector.class starting
/org/bouncycastle/x509/X509CRLStoreSelector.class DONE
/org/apache/lucene/util/fst/Util$FSTPath.class starting
/org/apache/lucene/util/fst/Util$FSTPath.class DONE
/org/apache/lucene/search/LongValuesSource$LongValuesComparatorSource.class starting
/org/apache/lucene/search/LongValuesSource$LongValuesComparatorSource.class DONE
/net/bytebuddy/description/type/TypeDescription$Generic$OfParameterizedType$Latent.class starting
/net/bytebuddy/description/type/TypeDescription$Generic$OfParameterizedType$Latent.class DONE
/org/bouncycastle/pqc/crypto/util/PublicKeyFactory$LMSConverter.class starting
/org/bouncycastle/pqc/crypto/util/PublicKeyFactory$LMSConverter.class DONE
/org/bouncycastle/crypto/util/SSHNamedCurves$3.class starting
/org/bouncycastle/crypto/util/SSHNamedCurves$3.class DONE
/com/google/common/io/LineProcessor.class starting
/com/google/common/io/LineProcessor.class DONE
/org/bouncycastle/pqc/legacy/math/linearalgebra/GF2Matrix.class starting
/org/bouncycastle/pqc/legacy/math/linearalgebra/GF2Matrix.class DONE
/com/google/common/cache/LongAddables.class starting
/com/google/common/cache/LongAddables.class DONE
/org/bouncycastle/jcajce/provider/symmetric/CAST5$CBC.class starting
/org/bouncycastle/jcajce/provider/symmetric/CAST5$CBC.class DONE
/org/bouncycastle/jcajce/provider/symmetric/HC128$KeyGen.class starting
/org/bouncycastle/jcajce/provider/symmetric/HC128$KeyGen.class DONE
/org/bouncycastle/pqc/crypto/xmss/XMSSMTPrivateKeyParameters$Builder.class starting
/org/bouncycastle/pqc/crypto/xmss/XMSSMTPrivateKeyParameters$Builder.class DONE
/org/bouncycastle/jcajce/provider/asymmetric/ec/KeyAgreementSpi$DHUwithSHA224KDF.class starting
/org/bouncycastle/jcajce/provider/asymmetric/ec/KeyAgreementSpi$DHUwithSHA224KDF.class DONE
/org/apache/lucene/document/FloatPoint$2.class starting
/org/apache/lucene/document/FloatPoint$2.class DONE
/org/apache/lucene/index/SortedNumericDocValuesWriter.class starting
/org/apache/lucene/index/SortedNumericDocValuesWriter.class DONE
/org/bouncycastle/pqc/math/ntru/parameters/NTRUHPS2048509.class starting
/org/bouncycastle/pqc/math/ntru/parameters/NTRUHPS2048509.class DONE
/net/bytebuddy/implementation/bytecode/ByteCodeAppender$Compound.class starting
/net/bytebuddy/implementation/bytecode/ByteCodeAppender$Compound.class DONE
/com/google/common/collect/Maps$AsMapView$1EntrySetImpl.class starting
/com/google/common/collect/Maps$AsMapView$1EntrySetImpl.class DONE
/org/apache/lucene/search/TopDocsCollector.class starting
/org/apache/lucene/search/TopDocsCollector.class DONE
/net/bytebuddy/asm/Advice$Dispatcher$Resolved$AbstractBase.class starting
/net/bytebuddy/asm/Advice$Dispatcher$Resolved$AbstractBase.class DONE
/org/bouncycastle/jcajce/provider/asymmetric/ec/BCECPrivateKey.class starting
/org/bouncycastle/jcajce/provider/asymmetric/ec/BCECPrivateKey.class DONE
/org/bouncycastle/math/ec/custom/sec/SecP384R1FieldElement.class starting
/org/bouncycastle/math/ec/custom/sec/SecP384R1FieldElement.class DONE
/org/bouncycastle/crypto/engines/SparkleEngine$1.class starting
/org/bouncycastle/crypto/engines/SparkleEngine$1.class DONE
/org/bouncycastle/asn1/sec/SECNamedCurves$17.class starting
/org/bouncycastle/asn1/sec/SECNamedCurves$17.class DONE
/com/google/common/collect/AbstractMapBasedMultiset$2$1.class starting
/com/google/common/collect/AbstractMapBasedMultiset$2$1.class DONE
/net/bytebuddy/asm/Advice$OffsetMapping.class starting
/net/bytebuddy/asm/Advice$OffsetMapping.class DONE
/org/bouncycastle/asn1/ASN1ObjectDescriptor$1.class starting
/org/bouncycastle/asn1/ASN1ObjectDescriptor$1.class DONE
/net/bytebuddy/implementation/bind/annotation/AllArguments.class starting
/net/bytebuddy/implementation/bind/annotation/AllArguments.class DONE
/com/google/common/cache/LocalCache$EntryFactory$2.class starting
/com/google/common/cache/LocalCache$EntryFactory$2.class DONE
/org/apache/lucene/search/ImpactsDISI.class starting
/org/apache/lucene/search/ImpactsDISI.class DONE
/net/bytebuddy/build/EntryPoint$Default.class starting
/net/bytebuddy/build/EntryPoint$Default.class DONE
/org/apache/lucene/search/similarities/MultiSimilarity.class starting
/org/apache/lucene/search/similarities/MultiSimilarity.class DONE
/org/apache/lucene/document/LatLonPointDistanceQuery.class starting
/org/apache/lucene/document/LatLonPointDistanceQuery.class DONE
/com/google/common/util/concurrent/AbstractFuture$Listener.class starting
/com/google/common/util/concurrent/AbstractFuture$Listener.class DONE
/net/bytebuddy/dynamic/VisibilityBridgeStrategy$Default$2.class starting
/net/bytebuddy/dynamic/VisibilityBridgeStrategy$Default$2.class DONE
/org/apache/lucene/index/TermVectorsConsumerPerField$TermVectorsPostingsArray.class starting
/org/apache/lucene/index/TermVectorsConsumerPerField$TermVectorsPostingsArray.class DONE
/org/apache/lucene/internal/hppc/LongIntHashMap$LongIntCursor.class starting
/org/apache/lucene/internal/hppc/LongIntHashMap$LongIntCursor.class DONE
/org/apache/lucene/codecs/lucene90/Lucene90PointsFormat.class starting
/org/apache/lucene/codecs/lucene90/Lucene90PointsFormat.class DONE
/org/apache/lucene/util/automaton/MinimizationOperations$IntPair.class starting
/org/apache/lucene/util/automaton/MinimizationOperations$IntPair.class DONE
/com/google/common/hash/Hashing.class starting
/com/google/common/hash/Hashing.class DONE
/org/bouncycastle/jcajce/spec/SkeinParameterSpec.class starting
/org/bouncycastle/jcajce/spec/SkeinParameterSpec.class DONE
/net/bytebuddy/agent/builder/AgentBuilder$RedefinitionStrategy$Listener$Adapter.class starting
/net/bytebuddy/agent/builder/AgentBuilder$RedefinitionStrategy$Listener$Adapter.class DONE
/net/bytebuddy/jar/asm/RecordComponentWriter.class starting
/net/bytebuddy/jar/asm/RecordComponentWriter.class DONE
/com/google/common/collect/Multisets$4.class starting
/com/google/common/collect/Multisets$4.class DONE
/org/apache/lucene/index/BaseTermsEnum$1.class starting
/org/apache/lucene/index/BaseTermsEnum$1.class DONE
/net/bytebuddy/utility/dispatcher/JavaDispatcher$Dispatcher.class starting
/net/bytebuddy/utility/dispatcher/JavaDispatcher$Dispatcher.class DONE
/org/bouncycastle/asn1/ocsp/OCSPRequest.class starting
/org/bouncycastle/asn1/ocsp/OCSPRequest.class DONE
/org/apache/lucene/codecs/KnnVectorsWriter$ByteVectorValuesSub.class starting
/org/apache/lucene/codecs/KnnVectorsWriter$ByteVectorValuesSub.class DONE
/net/bytebuddy/asm/ClassVisitorFactory$FrameTranslator.class starting
/net/bytebuddy/asm/ClassVisitorFactory$FrameTranslator.class DONE
/com/google/common/collect/TreeTraverser.class starting
/com/google/common/collect/TreeTraverser.class DONE
/org/bouncycastle/jcajce/provider/asymmetric/CompositeSignatures.class starting
/org/bouncycastle/jcajce/provider/asymmetric/CompositeSignatures.class DONE
/org/bouncycastle/jcajce/BCFKSLoadStoreParameter$SignatureAlgorithm.class starting
/org/bouncycastle/jcajce/BCFKSLoadStoreParameter$SignatureAlgorithm.class DONE
/com/google/common/graph/AbstractBaseGraph$1.class starting
/com/google/common/graph/AbstractBaseGraph$1.class DONE
/net/bytebuddy/implementation/bytecode/member/FieldAccess$AccessDispatcher$FieldPutInstruction.class starting
/net/bytebuddy/implementation/bytecode/member/FieldAccess$AccessDispatcher$FieldPutInstruction.class DONE
/org/apache/lucene/index/ConcurrentMergeScheduler.class starting
/org/apache/lucene/index/ConcurrentMergeScheduler.class DONE
/org/bouncycastle/pqc/asn1/PQCObjectIdentifiers.class starting
/org/bouncycastle/pqc/asn1/PQCObjectIdentifiers.class DONE
/org/bouncycastle/jcajce/provider/digest/SHA3$Mappings.class starting
/org/bouncycastle/jcajce/provider/digest/SHA3$Mappings.class DONE
/com/google/common/collect/CollectSpliterators.class starting
/com/google/common/collect/CollectSpliterators.class DONE
/net/bytebuddy/agent/builder/AgentBuilder$PoolStrategy$Default.class starting
/net/bytebuddy/agent/builder/AgentBuilder$PoolStrategy$Default.class DONE
/net/bytebuddy/asm/Advice$AssignReturned$ToReturned$Handler.class starting
/net/bytebuddy/asm/Advice$AssignReturned$ToReturned$Handler.class DONE
/org/bouncycastle/asn1/LazyEncodedSequence.class DONE
/org/bouncycastle/jce/provider/RFC3280CertPathUtilities.class starting
/org/bouncycastle/math/ec/custom/gm/SM2P256V1FieldElement.class starting
/org/bouncycastle/math/ec/custom/gm/SM2P256V1FieldElement.class DONE
/org/bouncycastle/pqc/crypto/xmss/XMSSMTPrivateKeyParameters$Builder.class starting
/org/bouncycastle/pqc/crypto/xmss/XMSSMTPrivateKeyParameters$Builder.class DONE
/org/bouncycastle/jcajce/provider/asymmetric/rsa/PSSSignatureSpi$SHA512withRSA.class starting
/org/bouncycastle/jcajce/provider/asymmetric/rsa/PSSSignatureSpi$SHA512withRSA.class DONE
/org/apache/lucene/document/XYShapeDocValues.class starting
/org/apache/lucene/document/XYShapeDocValues.class DONE
/org/bouncycastle/jce/provider/RFC3280CertPathUtilities.class DONE
/org/apache/lucene/document/LatLonPointDistanceQuery.class starting
/org/apache/lucene/codecs/lucene90/Lucene90PointsFormat.class starting
/org/apache/lucene/document/XYShapeDocValues.class starting
/org/bouncycastle/math/ec/custom/sec/SecP384R1FieldElement.class starting
/org/apache/lucene/document/XYShapeDocValues.class DONE
/org/bouncycastle/math/ec/custom/gm/SM2P256V1FieldElement.class starting
/org/bouncycastle/jcajce/provider/asymmetric/rsa/PSSSignatureSpi$SHA512withRSA.class starting
/org/bouncycastle/pqc/crypto/xmss/XMSSMTPrivateKeyParameters$Builder.class starting
/org/bouncycastle/jcajce/provider/asymmetric/rsa/PSSSignatureSpi$SHA512withRSA.class DONE
/org/apache/lucene/codecs/lucene90/Lucene90PointsFormat.class DONE
/org/bouncycastle/pqc/crypto/xmss/XMSSMTPrivateKeyParameters$Builder.class DONE
/org/bouncycastle/math/ec/custom/gm/SM2P256V1FieldElement.class DONE
/org/bouncycastle/math/ec/custom/sec/SecP384R1FieldElement.class DONE
/org/apache/lucene/document/LatLonPointDistanceQuery.class DONE
Could not read file /com/google/common/collect/DenseImmutableTable.class
Could not read file /org/apache/lucene/document/ShapeDocValues.class
Could not read file /org/apache/lucene/index/MergeRateLimiter.class
*****
{
  "olly": {
    "version": 2,
    "wall_time": 151.76,
    "cpu_time": 1965.08,
    "gc_time": 123.23,
    "gc_overhead": 6.27,
    "max_rss_kb": 4218680,
    "domain_stats": {
      "0": {
        "wall_time": 151.76,
        "gc_time": 0.72,
        "gc_overhead": 0.47
      },
      "1": {
        "wall_time": 151.12,
        "gc_time": 11.01,
        "gc_overhead": 7.28
      },
      "2": {
        "wall_time": 151.13,
        "gc_time": 9.02,
        "gc_overhead": 5.97
      },
      "3": {
        "wall_time": 151.13,
        "gc_time": 8.62,
        "gc_overhead": 5.7
      },
      "4": {
        "wall_time": 151.12,
        "gc_time": 9.51,
        "gc_overhead": 6.29
      },
      "5": {
        "wall_time": 151.13,
        "gc_time": 16.09,
        "gc_overhead": 10.65
      },
      "6": {
        "wall_time": 151.11,
        "gc_time": 8.09,
        "gc_overhead": 5.36
      },
      "7": {
        "wall_time": 151.09,
        "gc_time": 10.4,
        "gc_overhead": 6.88
      },
      "8": {
        "wall_time": 151.1,
        "gc_time": 8.64,
        "gc_overhead": 5.72
      },
      "9": {
        "wall_time": 151.08,
        "gc_time": 13.56,
        "gc_overhead": 8.98
      },
      "10": {
        "wall_time": 151.12,
        "gc_time": 11.11,
        "gc_overhead": 7.35
      },
      "11": {
        "wall_time": 151.11,
        "gc_time": 8.61,
        "gc_overhead": 5.7
      },
      "12": {
        "wall_time": 151.08,
        "gc_time": 7.83,
        "gc_overhead": 5.18
      }
    },
    "mean_latency": 4.051791,
    "stddev_latency": 7.798192,
    "min_latency": 0.0,
    "max_latency": 90.439679,
    "distr_latency": {
      "25.0000": 0.001039,
      "50.0000": 0.001775,
      "60.0000": 0.003063,
      "70.0000": 0.226687,
      "75.0000": 3.952639,
      "80.0000": 8.896511,
      "85.0000": 13.328383,
      "90.0000": 16.973823,
      "95.0000": 21.774335,
      "96.0000": 22.937599,
      "97.0000": 24.641535,
      "98.0000": 26.902527,
      "99.0000": 29.949951,
      "99.9000": 41.025535,
      "99.9900": 73.990143,
      "99.9990": 90.439679,
      "99.9999": 90.439679,
      "100.0000": 90.439679
    },
    "outliers": {
      "count": 0,
      "mean_latency": 0.0,
      "max_latency": 0.0
    },
    "allocations": {
      "total_heap": 54921319867,
      "minor_heap": 55042403792,
      "major_heap": 528397952,
      "promoted_words": 649481877,
      "promoted_pct": 1.18
    },
    "domain_alloc_stats": {
      "0": {
        "total": 32172575,
        "minor": 13154190,
        "promoted": 7860678,
        "major": 26879063,
        "promoted_pct": 59.76
      },
      "1": {
        "total": 3923180126,
        "minor": 3936142105,
        "promoted": 60589938,
        "major": 47627959,
        "promoted_pct": 1.54
      },
      "2": {
        "total": 2765053227,
        "minor": 2763090533,
        "promoted": 40958512,
        "major": 42921206,
        "promoted_pct": 1.48
      },
      "3": {
        "total": 2885282138,
        "minor": 2896586674,
        "promoted": 42658221,
        "major": 31353685,
        "promoted_pct": 1.47
      },
      "4": {
        "total": 3080309087,
        "minor": 3097239300,
        "promoted": 47291309,
        "major": 30361096,
        "promoted_pct": 1.53
      },
      "5": {
        "total": 11226320703,
        "minor": 11262362247,
        "promoted": 105060606,
        "major": 69019062,
        "promoted_pct": 0.93
      },
      "6": {
        "total": 2646888740,
        "minor": 2654375408,
        "promoted": 39936501,
        "major": 32449833,
        "promoted_pct": 1.5
      },
      "7": {
        "total": 4162692723,
        "minor": 4166200286,
        "promoted": 63154555,
        "major": 59646992,
        "promoted_pct": 1.52
      },
      "8": {
        "total": 3037266310,
        "minor": 3049884726,
        "promoted": 42229840,
        "major": 29611424,
        "promoted_pct": 1.38
      },
      "9": {
        "total": 9173065340,
        "minor": 9180743884,
        "promoted": 51400215,
        "major": 43721671,
        "promoted_pct": 0.56
      },
      "10": {
        "total": 6336627898,
        "minor": 6354101358,
        "promoted": 72083354,
        "major": 54609894,
        "promoted_pct": 1.13
      },
      "11": {
        "total": 3030783025,
        "minor": 3041172483,
        "promoted": 35488592,
        "major": 25099134,
        "promoted_pct": 1.17
      },
      "12": {
        "total": 2621677975,
        "minor": 2627350598,
        "promoted": 40769556,
        "major": 35096933,
        "promoted_pct": 1.55
      }
    },
    "collections": {
      "minor": 1559,
      "major": 22,
      "forced_major": 0,
      "compactions": 0
    },
    "stats_reliable": true
  },
  "perf": [
    {
      "counter-value": "293996.019189",
      "unit": "msec",
      "event": "task-clock",
      "event-runtime": 293996019189,
      "pcnt-running": 100.0,
      "metric-value": "1.931491",
      "metric-unit": "CPUs utilized"
    },
    {
      "counter-value": "1003377.000000",
      "unit": "",
      "event": "page-faults",
      "event-runtime": 293996015554,
      "pcnt-running": 100.0,
      "metric-value": "3.412893",
      "metric-unit": "K/sec"
    },
    {
      "counter-value": "967778913511.000000",
      "unit": "",
      "event": "cycles",
      "event-runtime": 293996013244,
      "pcnt-running": 100.0,
      "metric-value": "3.291810",
      "metric-unit": "GHz"
    },
    {
      "counter-value": "1136915834288.000000",
      "unit": "",
      "event": "instructions",
      "event-runtime": 293996007020,
      "pcnt-running": 100.0,
      "metric-value": "1.174768",
      "metric-unit": "insn per cycle"
    }
  ]
}
-----
mkdir -p PLOTTY_WORKAROUND; timedrun; OCAMLRUNPARAM="s=262144,o=120,e=18,d=128" /home/udesou/.bench-agent/git/macro-benches/benchmarks/infer/infer_default-ocaml-5.5.0-f523850
running-ng v0.3.8
Wed Sep  9 08:38:24 AM UTC 2026

 08:38:24 up 2 days,  8:32,  2 users,  load average: 7.28, 8.47, 8.33
USER     TTY      FROM             LOGIN@   IDLE   JCPU   PCPU  WHAT

procs -----------memory---------- ---swap-- -----io---- -system-- -------cpu-------
 r  b   swpd   free   buff  cache   si   so    bi    bo   in   cs us sy id wa st gu
 0  1      0 43668964 4094700 17070020    0    0    44   483 2122    3 12  0 76 11  0  0
 0  1      0 43672288 4094700 17069900    0    0     0 21588 1776 2891  0  0 87 12  0  0

top - 08:38:26 up 2 days,  8:32,  2 users,  load average: 7.28, 8.47, 8.33
Tasks: 276 total,   1 running, 275 sleeping,   0 stopped,   0 zombie
%Cpu(s):  0.0 us,  0.0 sy,  0.0 ni, 89.3 id, 10.7 wa,  0.0 hi,  0.0 si,  0.0 st 
MiB Mem :  64272.5 total,  42650.9 free,   1676.9 used,  20668.6 buff/cache     
MiB Swap:   8192.0 total,   8192.0 free,      0.0 used.  62595.6 avail Mem 

    PID USER      PR  NI    VIRT    RES    SHR S  %CPU  %MEM     TIME+ COMMAND
 228908 udesou    20   0   11908   5712   3560 R   9.1   0.0   0:00.01 top -bcn 1 -w512
      1 root      20   0   22724  14128   9580 S   0.0   0.0   1:32.10 /sbin/init
      2 root      20   0       0      0      0 S   0.0   0.0   0:00.02 [kthreadd]
      3 root      20   0       0      0      0 S   0.0   0.0   0:00.00 [pool_workqueue_release]
      4 root       0 -20       0      0      0 I   0.0   0.0   0:00.00 [kworker/R-rcu_g]

Environment variables: 
	CONFIG_FILE=/home/udesou/.bench-agent/work/run-20260907-001-e1/run-20260907-001.yml
	HOME=/home/udesou
	LANG=en_US.UTF-8
	LOGNAME=udesou
	LOG_DIR=/home/udesou/.bench-agent/logs
	OLLY_DIR=/home/udesou/.bench-agent/git/olly
	PATH=/usr/local/bin:/home/udesou/.bench-agent/git/olly/_build/install/default/bin:/home/udesou/ocaml-bench-service/_opam/bin:/home/udesou/.vscode-server/data/User/globalStorage/github.copilot-chat/debugCommand:/home/udesou/.vscode-server/data/User/globalStorage/github.copilot-chat/copilotCli:/home/udesou/.vscode-server/cli/servers/Stable-08d4889f9ec4a1685d257b9b95de036c8e1ce1e5/server/bin/remote-cli:/home/udesou/.opam/running-ng-ocaml-5.5.0-f523850-fp-flambda/bin:/home/udesou/.local/bin:/home/udesou/.opam/running-ng-ocaml-5.5.0-f523850-fp-flambda/bin:/home/udesou/.local/bin:/usr/local/sbin:/usr/local/bin:/usr/sbin:/usr/bin:/sbin:/bin:/usr/games:/usr/local/games:/snap/bin
	PWD=/home/udesou/ocaml-bench-service
	PYTHONPATH=/home/udesou/.bench-agent/git/running-ng/src
	RUNNING_BENCH_DIR=/home/udesou/.bench-agent/git/macro-benches
	RUNNING_MACRO_BENCH_DIR=/home/udesou/.bench-agent/git/macro-benches
	RUNNING_NG_PACKAGE_DATA=/home/udesou/.bench-agent/git/running-ng/src/running/config
	RUNNING_REUSE_SWITCHES=1
	RUNNING_TAG=default_run,large_run
	SHELL=/bin/bash
	SHLVL=1
	TERM=screen.xterm-256color
	USER=udesou
	_=/usr/bin/python3
OS: Linux obelisk 6.8.0-139-generic #139-Ubuntu SMP PREEMPT_DYNAMIC Sat Aug  1 03:52:05 UTC 2026 x86_64 x86_64 x86_64 GNU/Linux
CPU: model name	: Intel(R) Xeon(R) CPU E5-2667 v2 @ 3.30GHz
number of cores: 8
Frequency of cpu 0: 3.30 GHz
Governor of cpu 0: performance
Scaling_min_freq of cpu 0: 1.20 GHz
Frequency of cpu 2: 3.30 GHz
Governor of cpu 2: performance
Scaling_min_freq of cpu 2: 1.20 GHz
Frequency of cpu 4: 3.30 GHz
Governor of cpu 4: performance
Scaling_min_freq of cpu 4: 1.20 GHz
Frequency of cpu 6: 3.30 GHz
Governor of cpu 6: performance
Scaling_min_freq of cpu 6: 1.20 GHz
WARNING: Failed to resolve file /com/google/common/annotations/Beta.class with "No such file or directory" 

WARNING: Failed to resolve file /com/google/common/base/Converter$IdentityConverter.class with "No such file or directory" 

WARNING: Failed to resolve file /com/google/common/base/Platform.class with "No such file or directory" 

WARNING: Failed to resolve file /com/google/common/base/Utf8.class with "No such file or directory" 

WARNING: Failed to resolve file /com/google/common/cache/LocalCache$EntryFactory$2.class with "No such file or directory" 

WARNING: Failed to resolve file /com/google/common/cache/LongAddables.class with "No such file or directory" 

WARNING: Failed to resolve file /com/google/common/collect/AbstractMapBasedMultiset$2$1.class with "No such file or directory" 

WARNING: Failed to resolve file /com/google/common/collect/CollectSpliterators.class with "No such file or directory" 

WARNING: Failed to resolve file /com/google/common/collect/DenseImmutableTable.class with "No such file or directory" 

WARNING: Failed to resolve file /com/google/common/collect/ForwardingConcurrentMap.class with "No such file or directory" 

WARNING: Failed to resolve file /com/google/common/collect/HashMultimap.class with "No such file or directory" 

WARNING: Failed to resolve file /com/google/common/collect/ImmutableMultimap$Builder.class with "No such file or directory" 

WARNING: Failed to resolve file /com/google/common/collect/ImmutableSortedSet$1.class with "No such file or directory" 

WARNING: Failed to resolve file /com/google/common/collect/JdkBackedImmutableMap.class with "No such file or directory" 

WARNING: Failed to resolve file /com/google/common/collect/MapMakerInternalMap$EntrySet.class with "No such file or directory" 

WARNING: Failed to resolve file /com/google/common/collect/Maps$AsMapView$1EntrySetImpl.class with "No such file or directory" 

WARNING: Failed to resolve file /com/google/common/collect/MultimapBuilder$2.class with "No such file or directory" 

WARNING: Failed to resolve file /com/google/common/collect/Multisets$4.class with "No such file or directory" 

WARNING: Failed to resolve file /com/google/common/collect/RegularImmutableMap$Values.class with "No such file or directory" 

WARNING: Failed to resolve file /com/google/common/collect/SortedLists$KeyAbsentBehavior$2.class with "No such file or directory" 

WARNING: Failed to resolve file /com/google/common/collect/Streams$DoubleFunctionWithIndex.class with "No such file or directory" 

WARNING: Failed to resolve file /com/google/common/collect/TransformedListIterator.class with "No such file or directory" 

WARNING: Failed to resolve file /com/google/common/collect/TreeTraverser.class with "No such file or directory" 

WARNING: Failed to resolve file /com/google/common/graph/AbstractBaseGraph$1.class with "No such file or directory" 

WARNING: Failed to resolve file /com/google/common/graph/GraphBuilder.class with "No such file or directory" 

WARNING: Failed to resolve file /com/google/common/graph/ValueGraph.class with "No such file or directory" 

WARNING: Failed to resolve file /com/google/common/hash/Hashing.class with "No such file or directory" 

WARNING: Failed to resolve file /com/google/common/io/BaseEncoding.class with "No such file or directory" 

WARNING: Failed to resolve file /com/google/common/io/LineProcessor.class with "No such file or directory" 

WARNING: Failed to resolve file /com/google/common/net/HttpHeaders.class with "No such file or directory" 

WARNING: Failed to resolve file /com/google/common/primitives/Shorts$ShortConverter.class with "No such file or directory" 

WARNING: Failed to resolve file /com/google/common/reflect/TypeToken$Bounds.class with "No such file or directory" 

WARNING: Failed to resolve file /com/google/common/util/concurrent/AbstractFuture$Listener.class with "No such file or directory" 

WARNING: Failed to resolve file /com/google/common/util/concurrent/AggregateFutureState.class with "No such file or directory" 

WARNING: Failed to resolve file /com/google/common/util/concurrent/ForwardingCheckedFuture$SimpleForwardingCheckedFuture.class with "No such file or directory" 

WARNING: Failed to resolve file /com/google/common/util/concurrent/Monitor$Guard.class with "No such file or directory" 

WARNING: Failed to resolve file /com/google/common/util/concurrent/SimpleTimeLimiter$1.class with "No such file or directory" 

WARNING: Failed to resolve file /net/bytebuddy/ByteBuddy$RecordConstructorStrategy.class with "No such file or directory" 

WARNING: Failed to resolve file /net/bytebuddy/agent/builder/AgentBuilder$Default$NativeMethodStrategy$ForPrefix.class with "No such file or directory" 

WARNING: Failed to resolve file /net/bytebuddy/agent/builder/AgentBuilder$InstallationListener$Compound.class with "No such file or directory" 

WARNING: Failed to resolve file /net/bytebuddy/agent/builder/AgentBuilder$PoolStrategy$Default.class with "No such file or directory" 

WARNING: Failed to resolve file /net/bytebuddy/agent/builder/AgentBuilder$RedefinitionStrategy$Listener$Adapter.class with "No such file or directory" 

WARNING: Failed to resolve file /net/bytebuddy/agent/builder/package-info.class with "No such file or directory" 

WARNING: Failed to resolve file /net/bytebuddy/asm/Advice$AssignReturned$ToReturned$Handler.class with "No such file or directory" 

WARNING: Failed to resolve file /net/bytebuddy/asm/Advice$Dispatcher$Resolved$AbstractBase.class with "No such file or directory" 

WARNING: Failed to resolve file /net/bytebuddy/asm/Advice$OffsetMapping$ForInstrumentedMethod$2.class with "No such file or directory" 

WARNING: Failed to resolve file /net/bytebuddy/asm/Advice$OffsetMapping.class with "No such file or directory" 

WARNING: Failed to resolve file /net/bytebuddy/asm/ClassVisitorFactory$FrameTranslator.class with "No such file or directory" 

WARNING: Failed to resolve file /net/bytebuddy/asm/MemberSubstitution$TypePoolResolver$OfImplicitPool.class with "No such file or directory" 

WARNING: Failed to resolve file /net/bytebuddy/build/EntryPoint$Default.class with "No such file or directory" 

WARNING: Failed to resolve file /net/bytebuddy/build/Plugin$Engine$Listener$StreamWriting.class with "No such file or directory" 

WARNING: Failed to resolve file /net/bytebuddy/build/Plugin$Factory$UsingReflection$Instantiator$Unresolved.class with "No such file or directory" 

WARNING: Failed to resolve file /net/bytebuddy/description/annotation/AnnotationDescription.class with "No such file or directory" 

WARNING: Failed to resolve file /net/bytebuddy/description/annotation/AnnotationValue$Loaded$AbstractBase$ForUnresolvedProperty.class with "No such file or directory" 

WARNING: Failed to resolve file /net/bytebuddy/description/method/MethodList$Explicit.class with "No such file or directory" 

WARNING: Failed to resolve file /net/bytebuddy/description/modifier/SynchronizationState.class with "No such file or directory" 

WARNING: Failed to resolve file /net/bytebuddy/description/type/TypeDescription$Generic$AnnotationReader$Delegator$ForLoadedTypeVariable.class with "No such file or directory" 

WARNING: Failed to resolve file /net/bytebuddy/description/type/TypeDescription$Generic$OfParameterizedType$Latent.class with "No such file or directory" 

WARNING: Failed to resolve file /net/bytebuddy/description/type/TypeDescription$Latent.class with "No such file or directory" 

WARNING: Failed to resolve file /net/bytebuddy/dynamic/ClassFileLocator$ForModuleFile.class with "No such file or directory" 

WARNING: Failed to resolve file /net/bytebuddy/dynamic/DynamicType$Builder$MethodDefinition$ParameterDefinition$Simple$Annotatable$AbstractBase.class with "No such file or directory" 

WARNING: Failed to resolve file /net/bytebuddy/dynamic/VisibilityBridgeStrategy$Default$2.class with "No such file or directory" 

WARNING: Failed to resolve file /net/bytebuddy/dynamic/loading/ClassInjector$UsingReflection$Dispatcher$Initializable.class with "No such file or directory" 

WARNING: Failed to resolve file /net/bytebuddy/dynamic/loading/PackageDefinitionStrategy$ManifestReading.class with "No such file or directory" 

WARNING: Failed to resolve file /net/bytebuddy/dynamic/scaffold/MethodGraph$Compiler$Default$Key$Store$Entry$Initial.class with "No such file or directory" 

WARNING: Failed to resolve file /net/bytebuddy/dynamic/scaffold/TypeWriter$Default$ClassDumpAction$Dispatcher$Enabled.class with "No such file or directory" 

WARNING: Failed to resolve file /net/bytebuddy/dynamic/scaffold/TypeWriter$MethodPool$Record$AccessBridgeWrapper.class with "No such file or directory" 

WARNING: Failed to resolve file /net/bytebuddy/dynamic/scaffold/subclass/SubclassImplementationTarget$OriginTypeResolver$1.class with "No such file or directory" 

WARNING: Failed to resolve file /net/bytebuddy/implementation/FieldAccessor$FieldLocation.class with "No such file or directory" 

WARNING: Failed to resolve file /net/bytebuddy/implementation/HashCodeMethod$ValueTransformer$7.class with "No such file or directory" 

WARNING: Failed to resolve file /net/bytebuddy/implementation/InvocationHandlerAdapter.class with "No such file or directory" 

WARNING: Failed to resolve file /net/bytebuddy/implementation/InvokeDynamic$WithImplicitArguments.class with "No such file or directory" 

WARNING: Failed to resolve file /net/bytebuddy/implementation/MethodCall$MethodInvoker.class with "No such file or directory" 

WARNING: Failed to resolve file /net/bytebuddy/implementation/MethodDelegation.class with "No such file or directory" 

WARNING: Failed to resolve file /net/bytebuddy/implementation/attribute/AnnotationValueFilter$Factory.class with "No such file or directory" 

WARNING: Failed to resolve file /net/bytebuddy/implementation/auxiliary/TypeProxy$1.class with "No such file or directory" 

WARNING: Failed to resolve file /net/bytebuddy/implementation/bind/annotation/AllArguments.class with "No such file or directory" 

WARNING: Failed to resolve file /net/bytebuddy/implementation/bind/annotation/Morph$Binder$RedirectionProxy$InstanceFieldConstructor$Appender.class with "No such file or directory" 

WARNING: Failed to resolve file /net/bytebuddy/implementation/bytecode/ByteCodeAppender$Compound.class with "No such file or directory" 

WARNING: Failed to resolve file /net/bytebuddy/implementation/bytecode/assign/reference/GenericTypeAwareAssigner$IsAssignableToVisitor$OfGenericArray.class with "No such file or directory" 

WARNING: Failed to resolve file /net/bytebuddy/implementation/bytecode/member/FieldAccess$AccessDispatcher$FieldPutInstruction.class with "No such file or directory" 

WARNING: Failed to resolve file /net/bytebuddy/jar/asm/RecordComponentWriter.class with "No such file or directory" 

WARNING: Failed to resolve file /net/bytebuddy/matcher/FilterableList.class with "No such file or directory" 

WARNING: Failed to resolve file /net/bytebuddy/matcher/TypeSortMatcher.class with "No such file or directory" 

WARNING: Failed to resolve file /net/bytebuddy/pool/TypePool$Default$LazyTypeDescription$AnnotationToken.class with "No such file or directory" 

WARNING: Failed to resolve file /net/bytebuddy/pool/TypePool$Default$LazyTypeDescription$LazyMethodDescription$LazyParameterizedReceiverType$TypeArgumentList$AnnotatedTypeVariable.class with "No such file or directory" 

WARNING: Failed to resolve file /net/bytebuddy/utility/FileSystem$ForNio2CapableVm$StandardCopyOption.class with "No such file or directory" 

WARNING: Failed to resolve file /net/bytebuddy/utility/dispatcher/JavaDispatcher$Dispatcher.class with "No such file or directory" 

WARNING: Failed to resolve file /org/apache/lucene/analysis/CharArrayMap.class with "No such file or directory" 

WARNING: Failed to resolve file /org/apache/lucene/analysis/tokenattributes/TermToBytesRefAttribute.class with "No such file or directory" 

WARNING: Failed to resolve file /org/apache/lucene/codecs/KnnVectorsWriter$ByteVectorValuesSub.class with "No such file or directory" 

WARNING: Failed to resolve file /org/apache/lucene/codecs/hnsw/DefaultFlatVectorScorer$ByteScoringSupplier$1.class with "No such file or directory" 

WARNING: Failed to resolve file /org/apache/lucene/codecs/lucene90/Lucene90DocValuesProducer$17.class with "No such file or directory" 

WARNING: Failed to resolve file /org/apache/lucene/codecs/lucene90/Lucene90PointsFormat.class with "No such file or directory" 

WARNING: Failed to resolve file /org/apache/lucene/codecs/lucene912/ForUtil.class with "No such file or directory" 

WARNING: Failed to resolve file /org/apache/lucene/codecs/lucene99/Lucene99HnswVectorsWriter$2.class with "No such file or directory" 

WARNING: Failed to resolve file /org/apache/lucene/document/BinaryPoint$1.class with "No such file or directory" 

WARNING: Failed to resolve file /org/apache/lucene/document/FloatPoint$2.class with "No such file or directory" 

WARNING: Failed to resolve file /org/apache/lucene/document/LatLonPointDistanceQuery.class with "No such file or directory" 

WARNING: Failed to resolve file /org/apache/lucene/document/ShapeField$QueryRelation.class with "No such file or directory" 

WARNING: Failed to resolve file /org/apache/lucene/document/XYShapeDocValues.class with "No such file or directory" 

WARNING: Failed to resolve file /org/apache/lucene/index/BaseTermsEnum$1.class with "No such file or directory" 

WARNING: Failed to resolve file /org/apache/lucene/index/ConcurrentMergeScheduler.class with "No such file or directory" 

WARNING: Failed to resolve file /org/apache/lucene/index/ExitableDirectoryReader$ExitableFilterAtomicReader$4.class with "No such file or directory" 

WARNING: Failed to resolve file /org/apache/lucene/index/FreqProxFields$FreqProxTermsEnum$1.class with "No such file or directory" 

WARNING: Failed to resolve file /org/apache/lucene/index/IndexWriter$DocModifier.class with "No such file or directory" 

WARNING: Failed to resolve file /org/apache/lucene/index/MultiDocValues$1.class with "No such file or directory" 

WARNING: Failed to resolve file /org/apache/lucene/index/PointValues$IntersectVisitor.class with "No such file or directory" 

WARNING: Failed to resolve file /org/apache/lucene/index/SingletonSortedSetDocValues.class with "No such file or directory" 

WARNING: Failed to resolve file /org/apache/lucene/index/SortedNumericDocValuesWriter.class with "No such file or directory" 

WARNING: Failed to resolve file /org/apache/lucene/index/TermVectorsConsumerPerField$TermVectorsPostingsArray.class with "No such file or directory" 

WARNING: Failed to resolve file /org/apache/lucene/internal/hppc/IntDoubleHashMap$EntryIterator.class with "No such file or directory" 

WARNING: Failed to resolve file /org/apache/lucene/internal/hppc/LongIntHashMap$LongIntCursor.class with "No such file or directory" 

WARNING: Failed to resolve file /org/apache/lucene/search/BlockMaxConjunctionScorer$2.class with "No such file or directory" 

WARNING: Failed to resolve file /org/apache/lucene/search/ConstantScoreQuery$1$1.class with "No such file or directory" 

WARNING: Failed to resolve file /org/apache/lucene/search/DoubleValuesSource$DoubleValuesComparatorSource$1.class with "No such file or directory" 

WARNING: Failed to resolve file /org/apache/lucene/search/ImpactsDISI.class with "No such file or directory" 

WARNING: Failed to resolve file /org/apache/lucene/search/LongValuesSource$LongValuesComparatorSource.class with "No such file or directory" 

WARNING: Failed to resolve file /org/apache/lucene/search/NamedMatches$NamedQuery.class with "No such file or directory" 

WARNING: Failed to resolve file /org/apache/lucene/search/ReqOptSumScorer.class with "No such file or directory" 

WARNING: Failed to resolve file /org/apache/lucene/search/SortedNumericSortField$5.class with "No such file or directory" 

WARNING: Failed to resolve file /org/apache/lucene/search/TopDocsCollector.class with "No such file or directory" 

WARNING: Failed to resolve file /org/apache/lucene/search/comparators/NumericComparator$NumericLeafComparator.class with "No such file or directory" 

WARNING: Failed to resolve file /org/apache/lucene/search/similarities/MultiSimilarity.class with "No such file or directory" 

WARNING: Failed to resolve file /org/apache/lucene/store/IndexInput$1.class with "No such file or directory" 

WARNING: Failed to resolve file /org/apache/lucene/util/AttributeImpl.class with "No such file or directory" 

WARNING: Failed to resolve file /org/apache/lucene/util/DocIdSetBuilder$BulkAdder.class with "No such file or directory" 

WARNING: Failed to resolve file /org/apache/lucene/util/ModuleResourceLoader.class with "No such file or directory" 

WARNING: Failed to resolve file /org/apache/lucene/util/Sorter.class with "No such file or directory" 

WARNING: Failed to resolve file /org/apache/lucene/util/automaton/MinimizationOperations$IntPair.class with "No such file or directory" 

WARNING: Failed to resolve file /org/apache/lucene/util/bkd/OfflinePointWriter.class with "No such file or directory" 

WARNING: Failed to resolve file /org/apache/lucene/util/fst/Util$FSTPath.class with "No such file or directory" 

WARNING: Failed to resolve file /org/apache/lucene/util/mutable/MutableValueDate.class with "No such file or directory" 

WARNING: Failed to resolve file /org/apache/lucene/util/packed/DirectReader$DirectPackedReader32.class with "No such file or directory" 

WARNING: Failed to resolve file /org/apache/lucene/util/packed/PackedWriter.class with "No such file or directory" 

WARNING: Failed to resolve file /org/bouncycastle/asn1/ASN1ObjectDescriptor$1.class with "No such file or directory" 

WARNING: Failed to resolve file /org/bouncycastle/asn1/BEROctetStringParser.class with "No such file or directory" 

WARNING: Failed to resolve file /org/bouncycastle/asn1/LazyEncodedSequence.class with "No such file or directory" 

WARNING: Failed to resolve file /org/bouncycastle/asn1/ocsp/OCSPRequest.class with "No such file or directory" 

WARNING: Failed to resolve file /org/bouncycastle/asn1/sec/SECNamedCurves$17.class with "No such file or directory" 

WARNING: Failed to resolve file /org/bouncycastle/asn1/x500/DirectoryString.class with "No such file or directory" 

WARNING: Failed to resolve file /org/bouncycastle/asn1/x509/NameConstraints.class with "No such file or directory" 

WARNING: Failed to resolve file /org/bouncycastle/asn1/x509/sigi/NameOrPseudonym.class with "No such file or directory" 

WARNING: Failed to resolve file /org/bouncycastle/crypto/CipherKeyGenerator.class with "No such file or directory" 

WARNING: Failed to resolve file /org/bouncycastle/crypto/StagedAgreement.class with "No such file or directory" 

WARNING: Failed to resolve file /org/bouncycastle/crypto/digests/AsconXof$1.class with "No such file or directory" 

WARNING: Failed to resolve file /org/bouncycastle/crypto/digests/ShortenedDigest.class with "No such file or directory" 

WARNING: Failed to resolve file /org/bouncycastle/crypto/ec/ECDecryptor.class with "No such file or directory" 

WARNING: Failed to resolve file /org/bouncycastle/crypto/engines/GOST3412_2015Engine.class with "No such file or directory" 

WARNING: Failed to resolve file /org/bouncycastle/crypto/engines/SparkleEngine$1.class with "No such file or directory" 

WARNING: Failed to resolve file /org/bouncycastle/crypto/generators/ElGamalParametersGenerator.class with "No such file or directory" 

WARNING: Failed to resolve file /org/bouncycastle/crypto/macs/DSTU7564Mac.class with "No such file or directory" 

WARNING: Failed to resolve file /org/bouncycastle/crypto/modes/NISTCTSBlockCipher.class with "No such file or directory" 

WARNING: Failed to resolve file /org/bouncycastle/crypto/params/DHParameters.class with "No such file or directory" 

WARNING: Failed to resolve file /org/bouncycastle/crypto/params/NaccacheSternKeyGenerationParameters.class with "No such file or directory" 

WARNING: Failed to resolve file /org/bouncycastle/crypto/prng/X931SecureRandom.class with "No such file or directory" 

WARNING: Failed to resolve file /org/bouncycastle/crypto/util/DEROtherInfo$1.class with "No such file or directory" 

WARNING: Failed to resolve file /org/bouncycastle/crypto/util/SSHNamedCurves$3.class with "No such file or directory" 

WARNING: Failed to resolve file /org/bouncycastle/jcajce/BCFKSLoadStoreParameter$SignatureAlgorithm.class with "No such file or directory" 

WARNING: Failed to resolve file /org/bouncycastle/jcajce/provider/asymmetric/CompositeSignatures.class with "No such file or directory" 

WARNING: Failed to resolve file /org/bouncycastle/jcajce/provider/asymmetric/compositesignatures/KeyPairGeneratorSpi$MLDSA65_ECDSA_brainpoolP256r1_SHA512.class with "No such file or directory" 

WARNING: Failed to resolve file /org/bouncycastle/jcajce/provider/asymmetric/dh/KeyAgreementSpi$DHwithSHA384CKDF.class with "No such file or directory" 

WARNING: Failed to resolve file /org/bouncycastle/jcajce/provider/asymmetric/ec/BCECPrivateKey.class with "No such file or directory" 

WARNING: Failed to resolve file /org/bouncycastle/jcajce/provider/asymmetric/ec/KeyAgreementSpi$DHUwithSHA224KDF.class with "No such file or directory" 

WARNING: Failed to resolve file /org/bouncycastle/jcajce/provider/asymmetric/ec/KeyPairGeneratorSpi.class with "No such file or directory" 

WARNING: Failed to resolve file /org/bouncycastle/jcajce/provider/asymmetric/ecgost12/KeyAgreementSpi$ECVKO512.class with "No such file or directory" 

WARNING: Failed to resolve file /org/bouncycastle/jcajce/provider/asymmetric/edec/KeyPairGeneratorSpi$X448.class with "No such file or directory" 

WARNING: Failed to resolve file /org/bouncycastle/jcajce/provider/asymmetric/rsa/DigestSignatureSpi$SHA3_384.class with "No such file or directory" 

WARNING: Failed to resolve file /org/bouncycastle/jcajce/provider/asymmetric/rsa/PSSSignatureSpi$SHA512withRSA.class with "No such file or directory" 

WARNING: Failed to resolve file /org/bouncycastle/jcajce/provider/asymmetric/x509/X509CRLInternal.class with "No such file or directory" 

WARNING: Failed to resolve file /org/bouncycastle/jcajce/provider/digest/GOST3411$Mappings.class with "No such file or directory" 

WARNING: Failed to resolve file /org/bouncycastle/jcajce/provider/digest/RIPEMD256$HashMac.class with "No such file or directory" 

WARNING: Failed to resolve file /org/bouncycastle/jcajce/provider/digest/SHA3$Mappings.class with "No such file or directory" 

WARNING: Failed to resolve file /org/bouncycastle/jcajce/provider/digest/Skein$HMacKeyGenerator_512_384.class with "No such file or directory" 

WARNING: Failed to resolve file /org/bouncycastle/jcajce/provider/digest/Whirlpool$KeyGenerator.class with "No such file or directory" 

WARNING: Failed to resolve file /org/bouncycastle/jcajce/provider/keystore/pkcs12/PKCS12KeyStoreSpi$1.class with "No such file or directory" 

WARNING: Failed to resolve file /org/bouncycastle/jcajce/provider/symmetric/AES$PBEWithSHA256And192BitAESBC.class with "No such file or directory" 

WARNING: Failed to resolve file /org/bouncycastle/jcajce/provider/symmetric/CAST5$CBC.class with "No such file or directory" 

WARNING: Failed to resolve file /org/bouncycastle/jcajce/provider/symmetric/DES$Mappings.class with "No such file or directory" 

WARNING: Failed to resolve file /org/bouncycastle/jcajce/provider/symmetric/DSTU7624$GCM128.class with "No such file or directory" 

WARNING: Failed to resolve file /org/bouncycastle/jcajce/provider/symmetric/HC128$KeyGen.class with "No such file or directory" 

WARNING: Failed to resolve file /org/bouncycastle/jcajce/provider/symmetric/PBEPKCS12.class with "No such file or directory" 

WARNING: Failed to resolve file /org/bouncycastle/jcajce/provider/symmetric/Rijndael.class with "No such file or directory" 

WARNING: Failed to resolve file /org/bouncycastle/jcajce/provider/symmetric/Shacal2$AlgParams.class with "No such file or directory" 

WARNING: Failed to resolve file /org/bouncycastle/jcajce/provider/symmetric/Threefish.class with "No such file or directory" 

WARNING: Failed to resolve file /org/bouncycastle/jcajce/provider/symmetric/util/BaseStreamCipher.class with "No such file or directory" 

WARNING: Failed to resolve file /org/bouncycastle/jcajce/spec/SkeinParameterSpec.class with "No such file or directory" 

WARNING: Failed to resolve file /org/bouncycastle/jce/provider/AnnotatedException.class with "No such file or directory" 

WARNING: Failed to resolve file /org/bouncycastle/jce/provider/RFC3280CertPathUtilities.class with "No such file or directory" 

WARNING: Failed to resolve file /org/bouncycastle/math/ec/ECCurve$Config.class with "No such file or directory" 

WARNING: Failed to resolve file /org/bouncycastle/math/ec/custom/gm/SM2P256V1FieldElement.class with "No such file or directory" 

WARNING: Failed to resolve file /org/bouncycastle/math/ec/custom/sec/SecP384R1FieldElement.class with "No such file or directory" 

WARNING: Failed to resolve file /org/bouncycastle/math/ec/custom/sec/SecT239K1Curve.class with "No such file or directory" 

WARNING: Failed to resolve file /org/bouncycastle/math/ec/rfc8032/Ed25519$PointTemp.class with "No such file or directory" 

WARNING: Failed to resolve file /org/bouncycastle/pqc/asn1/PQCObjectIdentifiers.class with "No such file or directory" 

WARNING: Failed to resolve file /org/bouncycastle/pqc/crypto/crystals/dilithium/DilithiumKeyPairGenerator.class with "No such file or directory" 

WARNING: Failed to resolve file /org/bouncycastle/pqc/crypto/falcon/FalconSmallPrime.class with "No such file or directory" 

WARNING: Failed to resolve file /org/bouncycastle/pqc/crypto/hqc/HQCKEMExtractor.class with "No such file or directory" 

WARNING: Failed to resolve file /org/bouncycastle/pqc/crypto/newhope/NHKeyPairGenerator.class with "No such file or directory" 

WARNING: Failed to resolve file /org/bouncycastle/pqc/crypto/picnic/PicnicEngine.class with "No such file or directory" 

WARNING: Failed to resolve file /org/bouncycastle/pqc/crypto/sphincs/SPHINCS256KeyGenerationParameters.class with "No such file or directory" 

WARNING: Failed to resolve file /org/bouncycastle/pqc/crypto/util/PublicKeyFactory$LMSConverter.class with "No such file or directory" 

WARNING: Failed to resolve file /org/bouncycastle/pqc/crypto/xmss/XMSSMTPrivateKeyParameters$Builder.class with "No such file or directory" 

WARNING: Failed to resolve file /org/bouncycastle/pqc/jcajce/interfaces/NHPublicKey.class with "No such file or directory" 

WARNING: Failed to resolve file /org/bouncycastle/pqc/jcajce/provider/SPHINCS.class with "No such file or directory" 

WARNING: Failed to resolve file /org/bouncycastle/pqc/jcajce/provider/falcon/SignatureSpi$Base.class with "No such file or directory" 

WARNING: Failed to resolve file /org/bouncycastle/pqc/jcajce/provider/mceliece/BCMcEliecePrivateKey.class with "No such file or directory" 

WARNING: Failed to resolve file /org/bouncycastle/pqc/jcajce/provider/picnic/BCPicnicPublicKey.class with "No such file or directory" 

WARNING: Failed to resolve file /org/bouncycastle/pqc/jcajce/provider/sphincsplus/SPHINCSPlusKeyPairGeneratorSpi$Shake_256f.class with "No such file or directory" 

WARNING: Failed to resolve file /org/bouncycastle/pqc/jcajce/spec/KyberParameterSpec.class with "No such file or directory" 

WARNING: Failed to resolve file /org/bouncycastle/pqc/legacy/crypto/mceliece/McEliecePrivateKeyParameters.class with "No such file or directory" 

WARNING: Failed to resolve file /org/bouncycastle/pqc/legacy/math/linearalgebra/GF2Matrix.class with "No such file or directory" 

WARNING: Failed to resolve file /org/bouncycastle/pqc/math/ntru/parameters/NTRUHPS2048509.class with "No such file or directory" 

WARNING: Failed to resolve file /org/bouncycastle/util/encoders/HexTranslator.class with "No such file or directory" 

WARNING: Failed to resolve file /org/bouncycastle/x509/X509CRLStoreSelector.class with "No such file or directory" 

Found 215 (out of 11364) source files to analyze in /home/udesou/.bench-agent/git/macro-benches/vendor/.infer-capture-ocaml-5.5.0-f523850
/net/bytebuddy/asm/Advice$OffsetMapping$ForInstrumentedMethod$2.class starting
/net/bytebuddy/asm/Advice$OffsetMapping$ForInstrumentedMethod$2.class DONE
/net/bytebuddy/dynamic/DynamicType$Builder$MethodDefinition$ParameterDefinition$Simple$Annotatable$AbstractBase.class starting
/net/bytebuddy/dynamic/DynamicType$Builder$MethodDefinition$ParameterDefinition$Simple$Annotatable$AbstractBase.class DONE
/net/bytebuddy/implementation/bytecode/assign/reference/GenericTypeAwareAssigner$IsAssignableToVisitor$OfGenericArray.class starting
/net/bytebuddy/implementation/bytecode/assign/reference/GenericTypeAwareAssigner$IsAssignableToVisitor$OfGenericArray.class DONE
/org/apache/lucene/codecs/lucene912/ForUtil.class starting
/org/apache/lucene/codecs/lucene912/ForUtil.class DONE
/org/apache/lucene/document/BinaryPoint$1.class starting
/org/apache/lucene/document/BinaryPoint$1.class DONE
/org/bouncycastle/pqc/crypto/newhope/NHKeyPairGenerator.class starting
/org/bouncycastle/pqc/crypto/newhope/NHKeyPairGenerator.class DONE
/net/bytebuddy/dynamic/scaffold/MethodGraph$Compiler$Default$Key$Store$Entry$Initial.class starting
/net/bytebuddy/dynamic/scaffold/MethodGraph$Compiler$Default$Key$Store$Entry$Initial.class DONE
/org/bouncycastle/asn1/x500/DirectoryString.class starting
/org/bouncycastle/asn1/x500/DirectoryString.class DONE
/org/apache/lucene/search/BlockMaxConjunctionScorer$2.class starting
/org/apache/lucene/search/BlockMaxConjunctionScorer$2.class DONE
/org/bouncycastle/pqc/jcajce/spec/KyberParameterSpec.class starting
/org/bouncycastle/pqc/jcajce/spec/KyberParameterSpec.class DONE
/org/apache/lucene/document/XYShapeDocValues.class starting
/org/apache/lucene/document/XYShapeDocValues.class DONE
/org/bouncycastle/jcajce/provider/symmetric/AES$PBEWithSHA256And192BitAESBC.class starting
/org/bouncycastle/jcajce/provider/symmetric/AES$PBEWithSHA256And192BitAESBC.class DONE
/org/apache/lucene/index/ExitableDirectoryReader$ExitableFilterAtomicReader$4.class starting
/org/apache/lucene/index/ExitableDirectoryReader$ExitableFilterAtomicReader$4.class DONE
/org/apache/lucene/document/ShapeField$QueryRelation.class starting
/org/apache/lucene/document/ShapeField$QueryRelation.class DONE
/org/bouncycastle/asn1/x509/sigi/NameOrPseudonym.class starting
/org/apache/lucene/search/DoubleValuesSource$DoubleValuesComparatorSource$1.class starting
/org/apache/lucene/search/DoubleValuesSource$DoubleValuesComparatorSource$1.class DONE
/com/google/common/collect/ImmutableMultimap$Builder.class starting
/com/google/common/collect/ImmutableMultimap$Builder.class DONE
/com/google/common/base/Converter$IdentityConverter.class starting
/com/google/common/base/Converter$IdentityConverter.class DONE
/net/bytebuddy/agent/builder/package-info.class starting
/net/bytebuddy/agent/builder/package-info.class DONE
/org/apache/lucene/util/Sorter.class starting
/org/apache/lucene/util/Sorter.class DONE
/com/google/common/graph/ValueGraph.class starting
/com/google/common/graph/ValueGraph.class DONE
/org/bouncycastle/pqc/jcajce/provider/SPHINCS.class starting
/org/bouncycastle/pqc/jcajce/provider/SPHINCS.class DONE
/org/bouncycastle/jcajce/provider/digest/RIPEMD256$HashMac.class starting
/org/bouncycastle/jcajce/provider/digest/RIPEMD256$HashMac.class DONE
/org/bouncycastle/jcajce/provider/symmetric/DES$Mappings.class starting
/org/bouncycastle/jcajce/provider/symmetric/DES$Mappings.class DONE
/com/google/common/util/concurrent/Monitor$Guard.class starting
/com/google/common/util/concurrent/Monitor$Guard.class DONE
/net/bytebuddy/pool/TypePool$Default$LazyTypeDescription$LazyMethodDescription$LazyParameterizedReceiverType$TypeArgumentList$AnnotatedTypeVariable.class starting
/net/bytebuddy/pool/TypePool$Default$LazyTypeDescription$LazyMethodDescription$LazyParameterizedReceiverType$TypeArgumentList$AnnotatedTypeVariable.class DONE
/net/bytebuddy/build/Plugin$Factory$UsingReflection$Instantiator$Unresolved.class starting
/net/bytebuddy/build/Plugin$Factory$UsingReflection$Instantiator$Unresolved.class DONE
/org/bouncycastle/crypto/generators/ElGamalParametersGenerator.class starting
/org/bouncycastle/crypto/generators/ElGamalParametersGenerator.class DONE
/org/bouncycastle/crypto/digests/ShortenedDigest.class starting
/org/bouncycastle/crypto/digests/ShortenedDigest.class DONE
/net/bytebuddy/matcher/FilterableList.class starting
/net/bytebuddy/matcher/FilterableList.class DONE
/com/google/common/io/BaseEncoding.class starting
/com/google/common/io/BaseEncoding.class DONE
/org/bouncycastle/pqc/crypto/picnic/PicnicEngine.class starting
/org/bouncycastle/pqc/crypto/picnic/PicnicEngine.class DONE
/org/bouncycastle/jcajce/provider/symmetric/PBEPKCS12.class starting
/org/bouncycastle/jcajce/provider/symmetric/PBEPKCS12.class DONE
/org/bouncycastle/crypto/prng/X931SecureRandom.class starting
/org/bouncycastle/crypto/prng/X931SecureRandom.class DONE
/net/bytebuddy/description/modifier/SynchronizationState.class starting
/net/bytebuddy/description/modifier/SynchronizationState.class DONE
/org/apache/lucene/search/ConstantScoreQuery$1$1.class starting
/org/apache/lucene/search/ConstantScoreQuery$1$1.class DONE
/org/apache/lucene/internal/hppc/IntDoubleHashMap$EntryIterator.class starting
/org/apache/lucene/internal/hppc/IntDoubleHashMap$EntryIterator.class DONE
/org/bouncycastle/asn1/x509/NameConstraints.class starting
/org/bouncycastle/asn1/x509/NameConstraints.class DONE
/com/google/common/graph/GraphBuilder.class starting
/com/google/common/graph/GraphBuilder.class DONE
/org/bouncycastle/jcajce/provider/symmetric/Threefish.class starting
/org/bouncycastle/jcajce/provider/symmetric/Threefish.class DONE
/com/google/common/util/concurrent/SimpleTimeLimiter$1.class starting
/com/google/common/util/concurrent/SimpleTimeLimiter$1.class DONE
/net/bytebuddy/dynamic/scaffold/TypeWriter$MethodPool$Record$AccessBridgeWrapper.class starting
/net/bytebuddy/dynamic/scaffold/TypeWriter$MethodPool$Record$AccessBridgeWrapper.class DONE
/net/bytebuddy/dynamic/ClassFileLocator$ForModuleFile.class starting
/net/bytebuddy/dynamic/ClassFileLocator$ForModuleFile.class DONE
/org/apache/lucene/search/ReqOptSumScorer.class starting
/org/apache/lucene/search/ReqOptSumScorer.class DONE
/com/google/common/util/concurrent/AggregateFutureState.class starting
/com/google/common/util/concurrent/AggregateFutureState.class DONE
/com/google/common/annotations/Beta.class starting
/com/google/common/annotations/Beta.class DONE
/com/google/common/collect/DenseImmutableTable.class starting
/com/google/common/collect/DenseImmutableTable.class DONE
/org/bouncycastle/math/ec/custom/gm/SM2P256V1FieldElement.class starting
/org/bouncycastle/math/ec/custom/gm/SM2P256V1FieldElement.class DONE
/org/bouncycastle/jcajce/provider/asymmetric/dh/KeyAgreementSpi$DHwithSHA384CKDF.class starting
/org/bouncycastle/jcajce/provider/asymmetric/dh/KeyAgreementSpi$DHwithSHA384CKDF.class DONE
/org/bouncycastle/jcajce/provider/digest/GOST3411$Mappings.class starting
/org/bouncycastle/jcajce/provider/digest/GOST3411$Mappings.class DONE
/org/bouncycastle/pqc/jcajce/provider/sphincsplus/SPHINCSPlusKeyPairGeneratorSpi$Shake_256f.class starting
/org/bouncycastle/pqc/jcajce/provider/sphincsplus/SPHINCSPlusKeyPairGeneratorSpi$Shake_256f.class DONE
/org/bouncycastle/jcajce/provider/symmetric/util/BaseStreamCipher.class starting
/org/bouncycastle/jcajce/provider/symmetric/util/BaseStreamCipher.class DONE
/net/bytebuddy/implementation/auxiliary/TypeProxy$1.class starting
/net/bytebuddy/implementation/auxiliary/TypeProxy$1.class DONE
/com/google/common/collect/ImmutableSortedSet$1.class starting
/com/google/common/collect/ImmutableSortedSet$1.class DONE
/net/bytebuddy/pool/TypePool$Default$LazyTypeDescription$AnnotationToken.class starting
/net/bytebuddy/pool/TypePool$Default$LazyTypeDescription$AnnotationToken.class DONE
/org/apache/lucene/index/SingletonSortedSetDocValues.class starting
/org/apache/lucene/index/SingletonSortedSetDocValues.class DONE
/org/bouncycastle/pqc/crypto/crystals/dilithium/DilithiumKeyPairGenerator.class starting
/org/bouncycastle/pqc/crypto/crystals/dilithium/DilithiumKeyPairGenerator.class DONE
/org/bouncycastle/math/ec/rfc8032/Ed25519$PointTemp.class starting
/org/bouncycastle/math/ec/rfc8032/Ed25519$PointTemp.class DONE
/org/bouncycastle/jce/provider/RFC3280CertPathUtilities.class starting
/org/bouncycastle/asn1/x509/sigi/NameOrPseudonym.class DONE
/net/bytebuddy/build/Plugin$Engine$Listener$StreamWriting.class starting
/net/bytebuddy/build/Plugin$Engine$Listener$StreamWriting.class DONE
/org/bouncycastle/crypto/macs/DSTU7564Mac.class starting
/org/bouncycastle/crypto/macs/DSTU7564Mac.class DONE
/org/bouncycastle/jcajce/provider/asymmetric/ec/KeyPairGeneratorSpi.class starting
/org/bouncycastle/jcajce/provider/asymmetric/ec/KeyPairGeneratorSpi.class DONE
/net/bytebuddy/implementation/MethodCall$MethodInvoker.class starting
/net/bytebuddy/implementation/MethodCall$MethodInvoker.class DONE
/net/bytebuddy/ByteBuddy$RecordConstructorStrategy.class starting
/net/bytebuddy/ByteBuddy$RecordConstructorStrategy.class DONE
/org/bouncycastle/jcajce/provider/asymmetric/x509/X509CRLInternal.class starting
/org/bouncycastle/jcajce/provider/asymmetric/x509/X509CRLInternal.class DONE
/org/bouncycastle/jcajce/provider/asymmetric/rsa/DigestSignatureSpi$SHA3_384.class starting
/org/bouncycastle/jcajce/provider/asymmetric/rsa/DigestSignatureSpi$SHA3_384.class DONE
/com/google/common/collect/RegularImmutableMap$Values.class starting
/com/google/common/collect/RegularImmutableMap$Values.class DONE
/org/apache/lucene/index/MultiDocValues$1.class starting
/org/apache/lucene/index/MultiDocValues$1.class DONE
/net/bytebuddy/asm/MemberSubstitution$TypePoolResolver$OfImplicitPool.class starting
/net/bytebuddy/asm/MemberSubstitution$TypePoolResolver$OfImplicitPool.class DONE
/net/bytebuddy/description/type/TypeDescription$Generic$AnnotationReader$Delegator$ForLoadedTypeVariable.class starting
/net/bytebuddy/description/type/TypeDescription$Generic$AnnotationReader$Delegator$ForLoadedTypeVariable.class DONE
/org/bouncycastle/crypto/CipherKeyGenerator.class starting
/org/bouncycastle/crypto/CipherKeyGenerator.class DONE
/org/apache/lucene/codecs/lucene99/Lucene99HnswVectorsWriter$2.class starting
/org/apache/lucene/codecs/lucene99/Lucene99HnswVectorsWriter$2.class DONE
/org/bouncycastle/jcajce/provider/symmetric/DSTU7624$GCM128.class starting
/org/bouncycastle/jcajce/provider/symmetric/DSTU7624$GCM128.class DONE
/org/apache/lucene/util/AttributeImpl.class starting
/org/apache/lucene/util/AttributeImpl.class DONE
/org/apache/lucene/codecs/lucene90/Lucene90DocValuesProducer$17.class starting
/org/apache/lucene/codecs/lucene90/Lucene90DocValuesProducer$17.class DONE
/org/apache/lucene/search/comparators/NumericComparator$NumericLeafComparator.class starting
/org/apache/lucene/search/comparators/NumericComparator$NumericLeafComparator.class DONE
/org/apache/lucene/util/packed/PackedWriter.class starting
/org/apache/lucene/util/packed/PackedWriter.class DONE
/com/google/common/primitives/Shorts$ShortConverter.class starting
/com/google/common/primitives/Shorts$ShortConverter.class DONE
/org/bouncycastle/pqc/crypto/hqc/HQCKEMExtractor.class starting
/org/bouncycastle/pqc/crypto/hqc/HQCKEMExtractor.class DONE
/org/apache/lucene/codecs/hnsw/DefaultFlatVectorScorer$ByteScoringSupplier$1.class starting
/org/apache/lucene/codecs/hnsw/DefaultFlatVectorScorer$ByteScoringSupplier$1.class DONE
/net/bytebuddy/implementation/attribute/AnnotationValueFilter$Factory.class starting
/net/bytebuddy/implementation/attribute/AnnotationValueFilter$Factory.class DONE
/org/apache/lucene/analysis/tokenattributes/TermToBytesRefAttribute.class starting
/org/apache/lucene/analysis/tokenattributes/TermToBytesRefAttribute.class DONE
/org/bouncycastle/crypto/StagedAgreement.class starting
/org/bouncycastle/crypto/StagedAgreement.class DONE
/org/bouncycastle/crypto/params/NaccacheSternKeyGenerationParameters.class starting
/org/bouncycastle/crypto/params/NaccacheSternKeyGenerationParameters.class DONE
/org/apache/lucene/index/IndexWriter$DocModifier.class starting
/org/apache/lucene/index/IndexWriter$DocModifier.class DONE
/org/apache/lucene/util/bkd/OfflinePointWriter.class starting
/org/apache/lucene/util/bkd/OfflinePointWriter.class DONE
/org/apache/lucene/search/SortedNumericSortField$5.class starting
/org/apache/lucene/search/SortedNumericSortField$5.class DONE
/org/bouncycastle/jce/provider/AnnotatedException.class starting
/org/bouncycastle/jce/provider/AnnotatedException.class DONE
/org/apache/lucene/util/packed/DirectReader$DirectPackedReader32.class starting
/org/apache/lucene/util/packed/DirectReader$DirectPackedReader32.class DONE
/org/bouncycastle/jcajce/provider/symmetric/Rijndael.class starting
/org/bouncycastle/jcajce/provider/symmetric/Rijndael.class DONE
/net/bytebuddy/description/annotation/AnnotationValue$Loaded$AbstractBase$ForUnresolvedProperty.class starting
/net/bytebuddy/description/annotation/AnnotationValue$Loaded$AbstractBase$ForUnresolvedProperty.class DONE
/org/apache/lucene/util/DocIdSetBuilder$BulkAdder.class starting
/org/apache/lucene/util/DocIdSetBuilder$BulkAdder.class DONE
/org/bouncycastle/pqc/jcajce/provider/picnic/BCPicnicPublicKey.class starting
/org/bouncycastle/pqc/jcajce/provider/picnic/BCPicnicPublicKey.class DONE
/com/google/common/collect/HashMultimap.class starting
/com/google/common/collect/HashMultimap.class DONE
/org/bouncycastle/crypto/params/DHParameters.class starting
/org/bouncycastle/crypto/params/DHParameters.class DONE
/net/bytebuddy/agent/builder/AgentBuilder$InstallationListener$Compound.class starting
/net/bytebuddy/agent/builder/AgentBuilder$InstallationListener$Compound.class DONE
/net/bytebuddy/dynamic/scaffold/subclass/SubclassImplementationTarget$OriginTypeResolver$1.class starting
/net/bytebuddy/dynamic/scaffold/subclass/SubclassImplementationTarget$OriginTypeResolver$1.class DONE
/com/google/common/collect/SortedLists$KeyAbsentBehavior$2.class starting
/com/google/common/collect/SortedLists$KeyAbsentBehavior$2.class DONE
/org/bouncycastle/jcajce/provider/symmetric/Shacal2$AlgParams.class starting
/org/bouncycastle/jcajce/provider/symmetric/Shacal2$AlgParams.class DONE
/org/bouncycastle/crypto/util/DEROtherInfo$1.class starting
/org/bouncycastle/crypto/util/DEROtherInfo$1.class DONE
/net/bytebuddy/agent/builder/AgentBuilder$Default$NativeMethodStrategy$ForPrefix.class starting
/net/bytebuddy/agent/builder/AgentBuilder$Default$NativeMethodStrategy$ForPrefix.class DONE
/com/google/common/collect/Streams$DoubleFunctionWithIndex.class starting
/com/google/common/collect/Streams$DoubleFunctionWithIndex.class DONE
/org/bouncycastle/jcajce/provider/asymmetric/ecgost12/KeyAgreementSpi$ECVKO512.class starting
/org/bouncycastle/jcajce/provider/asymmetric/ecgost12/KeyAgreementSpi$ECVKO512.class DONE
/net/bytebuddy/implementation/MethodDelegation.class starting
/net/bytebuddy/implementation/MethodDelegation.class DONE
/net/bytebuddy/implementation/FieldAccessor$FieldLocation.class starting
/net/bytebuddy/implementation/FieldAccessor$FieldLocation.class DONE
/org/bouncycastle/pqc/crypto/sphincs/SPHINCS256KeyGenerationParameters.class starting
/org/bouncycastle/pqc/crypto/sphincs/SPHINCS256KeyGenerationParameters.class DONE
/org/bouncycastle/jcajce/provider/asymmetric/edec/KeyPairGeneratorSpi$X448.class starting
/org/bouncycastle/jcajce/provider/asymmetric/edec/KeyPairGeneratorSpi$X448.class DONE
/net/bytebuddy/dynamic/loading/PackageDefinitionStrategy$ManifestReading.class starting
/net/bytebuddy/dynamic/loading/PackageDefinitionStrategy$ManifestReading.class DONE
/org/bouncycastle/asn1/LazyEncodedSequence.class starting
/org/bouncycastle/asn1/LazyEncodedSequence.class DONE
/net/bytebuddy/description/annotation/AnnotationDescription.class starting
/net/bytebuddy/description/annotation/AnnotationDescription.class DONE
/org/bouncycastle/crypto/ec/ECDecryptor.class starting
/org/bouncycastle/crypto/ec/ECDecryptor.class DONE
/org/bouncycastle/asn1/BEROctetStringParser.class starting
/org/bouncycastle/asn1/BEROctetStringParser.class DONE
/net/bytebuddy/dynamic/scaffold/TypeWriter$Default$ClassDumpAction$Dispatcher$Enabled.class starting
/net/bytebuddy/dynamic/scaffold/TypeWriter$Default$ClassDumpAction$Dispatcher$Enabled.class DONE
/org/bouncycastle/pqc/jcajce/interfaces/NHPublicKey.class starting
/org/bouncycastle/pqc/jcajce/interfaces/NHPublicKey.class DONE
/com/google/common/collect/JdkBackedImmutableMap.class starting
/com/google/common/collect/JdkBackedImmutableMap.class DONE
/com/google/common/collect/MapMakerInternalMap$EntrySet.class starting
/com/google/common/collect/MapMakerInternalMap$EntrySet.class DONE
/org/bouncycastle/math/ec/ECCurve$Config.class starting
/org/bouncycastle/math/ec/ECCurve$Config.class DONE
/org/apache/lucene/util/mutable/MutableValueDate.class starting
/org/apache/lucene/util/mutable/MutableValueDate.class DONE
/com/google/common/collect/TransformedListIterator.class starting
/com/google/common/collect/TransformedListIterator.class DONE
/com/google/common/base/Utf8.class starting
/com/google/common/base/Utf8.class DONE
/org/bouncycastle/crypto/digests/AsconXof$1.class starting
/org/bouncycastle/crypto/digests/AsconXof$1.class DONE
/org/apache/lucene/analysis/CharArrayMap.class starting
/org/apache/lucene/analysis/CharArrayMap.class DONE
/net/bytebuddy/description/method/MethodList$Explicit.class starting
/net/bytebuddy/description/method/MethodList$Explicit.class DONE
/org/apache/lucene/search/NamedMatches$NamedQuery.class starting
/org/apache/lucene/search/NamedMatches$NamedQuery.class DONE
/net/bytebuddy/matcher/TypeSortMatcher.class starting
/net/bytebuddy/matcher/TypeSortMatcher.class DONE
/net/bytebuddy/description/type/TypeDescription$Latent.class starting
/net/bytebuddy/description/type/TypeDescription$Latent.class DONE
/net/bytebuddy/utility/FileSystem$ForNio2CapableVm$StandardCopyOption.class starting
/net/bytebuddy/utility/FileSystem$ForNio2CapableVm$StandardCopyOption.class DONE
/org/bouncycastle/crypto/engines/GOST3412_2015Engine.class starting
/org/bouncycastle/crypto/engines/GOST3412_2015Engine.class DONE
/org/bouncycastle/math/ec/custom/sec/SecT239K1Curve.class starting
/org/bouncycastle/math/ec/custom/sec/SecT239K1Curve.class DONE
/org/apache/lucene/index/PointValues$IntersectVisitor.class starting
/org/apache/lucene/index/PointValues$IntersectVisitor.class DONE
/net/bytebuddy/implementation/InvokeDynamic$WithImplicitArguments.class starting
/net/bytebuddy/implementation/InvokeDynamic$WithImplicitArguments.class DONE
/org/bouncycastle/pqc/jcajce/provider/mceliece/BCMcEliecePrivateKey.class starting
/org/bouncycastle/pqc/jcajce/provider/mceliece/BCMcEliecePrivateKey.class DONE
/com/google/common/util/concurrent/ForwardingCheckedFuture$SimpleForwardingCheckedFuture.class starting
/com/google/common/util/concurrent/ForwardingCheckedFuture$SimpleForwardingCheckedFuture.class DONE
/org/bouncycastle/util/encoders/HexTranslator.class starting
/org/bouncycastle/util/encoders/HexTranslator.class DONE
/com/google/common/collect/ForwardingConcurrentMap.class starting
/com/google/common/collect/ForwardingConcurrentMap.class DONE
/org/bouncycastle/jcajce/provider/keystore/pkcs12/PKCS12KeyStoreSpi$1.class starting
/org/bouncycastle/jcajce/provider/keystore/pkcs12/PKCS12KeyStoreSpi$1.class DONE
/org/bouncycastle/jcajce/provider/asymmetric/compositesignatures/KeyPairGeneratorSpi$MLDSA65_ECDSA_brainpoolP256r1_SHA512.class starting
/org/bouncycastle/jcajce/provider/asymmetric/compositesignatures/KeyPairGeneratorSpi$MLDSA65_ECDSA_brainpoolP256r1_SHA512.class DONE
/com/google/common/reflect/TypeToken$Bounds.class starting
/com/google/common/reflect/TypeToken$Bounds.class DONE
/org/apache/lucene/store/IndexInput$1.class starting
/org/apache/lucene/store/IndexInput$1.class DONE
/net/bytebuddy/dynamic/loading/ClassInjector$UsingReflection$Dispatcher$Initializable.class starting
/net/bytebuddy/dynamic/loading/ClassInjector$UsingReflection$Dispatcher$Initializable.class DONE
/org/apache/lucene/util/ModuleResourceLoader.class starting
/org/apache/lucene/util/ModuleResourceLoader.class DONE
/org/bouncycastle/pqc/jcajce/provider/falcon/SignatureSpi$Base.class starting
/org/bouncycastle/pqc/jcajce/provider/falcon/SignatureSpi$Base.class DONE
/org/apache/lucene/index/FreqProxFields$FreqProxTermsEnum$1.class starting
/org/apache/lucene/index/FreqProxFields$FreqProxTermsEnum$1.class DONE
/org/bouncycastle/jcajce/provider/digest/Whirlpool$KeyGenerator.class starting
/org/bouncycastle/jcajce/provider/digest/Whirlpool$KeyGenerator.class DONE
/net/bytebuddy/implementation/HashCodeMethod$ValueTransformer$7.class starting
/net/bytebuddy/implementation/HashCodeMethod$ValueTransformer$7.class DONE
/com/google/common/collect/MultimapBuilder$2.class starting
/com/google/common/collect/MultimapBuilder$2.class DONE
/com/google/common/base/Platform.class starting
/com/google/common/base/Platform.class DONE
/org/bouncycastle/jcajce/provider/asymmetric/rsa/PSSSignatureSpi$SHA512withRSA.class starting
/org/bouncycastle/jcajce/provider/asymmetric/rsa/PSSSignatureSpi$SHA512withRSA.class DONE
/com/google/common/net/HttpHeaders.class starting
/com/google/common/net/HttpHeaders.class DONE
/org/bouncycastle/pqc/crypto/falcon/FalconSmallPrime.class starting
/org/bouncycastle/pqc/crypto/falcon/FalconSmallPrime.class DONE
/net/bytebuddy/implementation/bind/annotation/Morph$Binder$RedirectionProxy$InstanceFieldConstructor$Appender.class starting
/net/bytebuddy/implementation/bind/annotation/Morph$Binder$RedirectionProxy$InstanceFieldConstructor$Appender.class DONE
/net/bytebuddy/implementation/InvocationHandlerAdapter.class starting
/net/bytebuddy/implementation/InvocationHandlerAdapter.class DONE
/org/bouncycastle/crypto/modes/NISTCTSBlockCipher.class starting
/org/bouncycastle/crypto/modes/NISTCTSBlockCipher.class DONE
/org/bouncycastle/jcajce/provider/digest/Skein$HMacKeyGenerator_512_384.class starting
/org/bouncycastle/jcajce/provider/digest/Skein$HMacKeyGenerator_512_384.class DONE
/org/bouncycastle/pqc/legacy/crypto/mceliece/McEliecePrivateKeyParameters.class starting
/org/bouncycastle/pqc/legacy/crypto/mceliece/McEliecePrivateKeyParameters.class DONE
/org/bouncycastle/x509/X509CRLStoreSelector.class starting
/org/bouncycastle/x509/X509CRLStoreSelector.class DONE
/org/apache/lucene/util/fst/Util$FSTPath.class starting
/org/apache/lucene/util/fst/Util$FSTPath.class DONE
/org/apache/lucene/search/LongValuesSource$LongValuesComparatorSource.class starting
/org/apache/lucene/search/LongValuesSource$LongValuesComparatorSource.class DONE
/net/bytebuddy/description/type/TypeDescription$Generic$OfParameterizedType$Latent.class starting
/net/bytebuddy/description/type/TypeDescription$Generic$OfParameterizedType$Latent.class DONE
/org/bouncycastle/pqc/crypto/util/PublicKeyFactory$LMSConverter.class starting
/org/bouncycastle/pqc/crypto/util/PublicKeyFactory$LMSConverter.class DONE
/org/bouncycastle/crypto/util/SSHNamedCurves$3.class starting
/org/bouncycastle/crypto/util/SSHNamedCurves$3.class DONE
/com/google/common/io/LineProcessor.class starting
/com/google/common/io/LineProcessor.class DONE
/org/bouncycastle/pqc/legacy/math/linearalgebra/GF2Matrix.class starting
/org/bouncycastle/pqc/legacy/math/linearalgebra/GF2Matrix.class DONE
/com/google/common/cache/LongAddables.class starting
/com/google/common/cache/LongAddables.class DONE
/org/bouncycastle/jcajce/provider/symmetric/CAST5$CBC.class starting
/org/bouncycastle/jcajce/provider/symmetric/CAST5$CBC.class DONE
/org/bouncycastle/jcajce/provider/symmetric/HC128$KeyGen.class starting
/org/bouncycastle/jcajce/provider/symmetric/HC128$KeyGen.class DONE
/org/bouncycastle/pqc/crypto/xmss/XMSSMTPrivateKeyParameters$Builder.class starting
/org/bouncycastle/pqc/crypto/xmss/XMSSMTPrivateKeyParameters$Builder.class DONE
/org/bouncycastle/jcajce/provider/asymmetric/ec/KeyAgreementSpi$DHUwithSHA224KDF.class starting
/org/bouncycastle/jcajce/provider/asymmetric/ec/KeyAgreementSpi$DHUwithSHA224KDF.class DONE
/org/apache/lucene/document/FloatPoint$2.class starting
/org/apache/lucene/document/FloatPoint$2.class DONE
/org/apache/lucene/index/SortedNumericDocValuesWriter.class starting
/org/apache/lucene/index/SortedNumericDocValuesWriter.class DONE
/org/bouncycastle/pqc/math/ntru/parameters/NTRUHPS2048509.class starting
/org/bouncycastle/pqc/math/ntru/parameters/NTRUHPS2048509.class DONE
/net/bytebuddy/implementation/bytecode/ByteCodeAppender$Compound.class starting
/net/bytebuddy/implementation/bytecode/ByteCodeAppender$Compound.class DONE
/com/google/common/collect/Maps$AsMapView$1EntrySetImpl.class starting
/com/google/common/collect/Maps$AsMapView$1EntrySetImpl.class DONE
/org/apache/lucene/search/TopDocsCollector.class starting
/org/apache/lucene/search/TopDocsCollector.class DONE
/net/bytebuddy/asm/Advice$Dispatcher$Resolved$AbstractBase.class starting
/net/bytebuddy/asm/Advice$Dispatcher$Resolved$AbstractBase.class DONE
/org/bouncycastle/jcajce/provider/asymmetric/ec/BCECPrivateKey.class starting
/org/bouncycastle/jcajce/provider/asymmetric/ec/BCECPrivateKey.class DONE
/org/bouncycastle/math/ec/custom/sec/SecP384R1FieldElement.class starting
/org/bouncycastle/math/ec/custom/sec/SecP384R1FieldElement.class DONE
/org/bouncycastle/crypto/engines/SparkleEngine$1.class starting
/org/bouncycastle/crypto/engines/SparkleEngine$1.class DONE
/org/bouncycastle/asn1/sec/SECNamedCurves$17.class starting
/org/bouncycastle/asn1/sec/SECNamedCurves$17.class DONE
/com/google/common/collect/AbstractMapBasedMultiset$2$1.class starting
/com/google/common/collect/AbstractMapBasedMultiset$2$1.class DONE
/net/bytebuddy/asm/Advice$OffsetMapping.class starting
/net/bytebuddy/asm/Advice$OffsetMapping.class DONE
/org/bouncycastle/asn1/ASN1ObjectDescriptor$1.class starting
/org/bouncycastle/asn1/ASN1ObjectDescriptor$1.class DONE
/net/bytebuddy/implementation/bind/annotation/AllArguments.class starting
/net/bytebuddy/implementation/bind/annotation/AllArguments.class DONE
/com/google/common/cache/LocalCache$EntryFactory$2.class starting
/com/google/common/cache/LocalCache$EntryFactory$2.class DONE
/org/apache/lucene/search/ImpactsDISI.class starting
/org/apache/lucene/search/ImpactsDISI.class DONE
/net/bytebuddy/build/EntryPoint$Default.class starting
/net/bytebuddy/build/EntryPoint$Default.class DONE
/org/apache/lucene/search/similarities/MultiSimilarity.class starting
/org/apache/lucene/search/similarities/MultiSimilarity.class DONE
/org/apache/lucene/document/LatLonPointDistanceQuery.class starting
/org/apache/lucene/document/LatLonPointDistanceQuery.class DONE
/com/google/common/util/concurrent/AbstractFuture$Listener.class starting
/com/google/common/util/concurrent/AbstractFuture$Listener.class DONE
/net/bytebuddy/dynamic/VisibilityBridgeStrategy$Default$2.class starting
/net/bytebuddy/dynamic/VisibilityBridgeStrategy$Default$2.class DONE
/org/apache/lucene/index/TermVectorsConsumerPerField$TermVectorsPostingsArray.class starting
/org/apache/lucene/index/TermVectorsConsumerPerField$TermVectorsPostingsArray.class DONE
/org/apache/lucene/internal/hppc/LongIntHashMap$LongIntCursor.class starting
/org/apache/lucene/internal/hppc/LongIntHashMap$LongIntCursor.class DONE
/org/apache/lucene/codecs/lucene90/Lucene90PointsFormat.class starting
/org/apache/lucene/codecs/lucene90/Lucene90PointsFormat.class DONE
/org/apache/lucene/util/automaton/MinimizationOperations$IntPair.class starting
/org/apache/lucene/util/automaton/MinimizationOperations$IntPair.class DONE
/com/google/common/hash/Hashing.class starting
/com/google/common/hash/Hashing.class DONE
/org/bouncycastle/jcajce/spec/SkeinParameterSpec.class starting
/org/bouncycastle/jcajce/spec/SkeinParameterSpec.class DONE
/net/bytebuddy/agent/builder/AgentBuilder$RedefinitionStrategy$Listener$Adapter.class starting
/net/bytebuddy/agent/builder/AgentBuilder$RedefinitionStrategy$Listener$Adapter.class DONE
/net/bytebuddy/jar/asm/RecordComponentWriter.class starting
/net/bytebuddy/jar/asm/RecordComponentWriter.class DONE
/com/google/common/collect/Multisets$4.class starting
/com/google/common/collect/Multisets$4.class DONE
/org/apache/lucene/index/BaseTermsEnum$1.class starting
/org/apache/lucene/index/BaseTermsEnum$1.class DONE
/net/bytebuddy/utility/dispatcher/JavaDispatcher$Dispatcher.class starting
/net/bytebuddy/utility/dispatcher/JavaDispatcher$Dispatcher.class DONE
/org/bouncycastle/asn1/ocsp/OCSPRequest.class starting
/org/bouncycastle/asn1/ocsp/OCSPRequest.class DONE
/org/apache/lucene/codecs/KnnVectorsWriter$ByteVectorValuesSub.class starting
/org/apache/lucene/codecs/KnnVectorsWriter$ByteVectorValuesSub.class DONE
/net/bytebuddy/asm/ClassVisitorFactory$FrameTranslator.class starting
/net/bytebuddy/asm/ClassVisitorFactory$FrameTranslator.class DONE
/com/google/common/collect/TreeTraverser.class starting
/com/google/common/collect/TreeTraverser.class DONE
/org/bouncycastle/jcajce/provider/asymmetric/CompositeSignatures.class starting
/org/bouncycastle/jcajce/provider/asymmetric/CompositeSignatures.class DONE
/org/bouncycastle/jcajce/BCFKSLoadStoreParameter$SignatureAlgorithm.class starting
/org/bouncycastle/jcajce/BCFKSLoadStoreParameter$SignatureAlgorithm.class DONE
/com/google/common/graph/AbstractBaseGraph$1.class starting
/com/google/common/graph/AbstractBaseGraph$1.class DONE
/net/bytebuddy/implementation/bytecode/member/FieldAccess$AccessDispatcher$FieldPutInstruction.class starting
/net/bytebuddy/implementation/bytecode/member/FieldAccess$AccessDispatcher$FieldPutInstruction.class DONE
/org/apache/lucene/index/ConcurrentMergeScheduler.class starting
/org/apache/lucene/index/ConcurrentMergeScheduler.class DONE
/org/bouncycastle/pqc/asn1/PQCObjectIdentifiers.class starting
/org/bouncycastle/pqc/asn1/PQCObjectIdentifiers.class DONE
/org/bouncycastle/jcajce/provider/digest/SHA3$Mappings.class starting
/org/bouncycastle/jcajce/provider/digest/SHA3$Mappings.class DONE
/com/google/common/collect/CollectSpliterators.class starting
/com/google/common/collect/CollectSpliterators.class DONE
/net/bytebuddy/agent/builder/AgentBuilder$PoolStrategy$Default.class starting
/net/bytebuddy/agent/builder/AgentBuilder$PoolStrategy$Default.class DONE
/net/bytebuddy/asm/Advice$AssignReturned$ToReturned$Handler.class starting
/net/bytebuddy/asm/Advice$AssignReturned$ToReturned$Handler.class DONE
/org/bouncycastle/jce/provider/RFC3280CertPathUtilities.class DONE
/org/bouncycastle/jcajce/provider/asymmetric/rsa/PSSSignatureSpi$SHA512withRSA.class starting
/org/bouncycastle/math/ec/custom/gm/SM2P256V1FieldElement.class starting
/org/bouncycastle/jcajce/provider/asymmetric/rsa/PSSSignatureSpi$SHA512withRSA.class DONE
/org/apache/lucene/document/XYShapeDocValues.class starting
/org/bouncycastle/pqc/crypto/xmss/XMSSMTPrivateKeyParameters$Builder.class starting
/org/bouncycastle/pqc/crypto/xmss/XMSSMTPrivateKeyParameters$Builder.class DONE
/org/apache/lucene/document/XYShapeDocValues.class DONE
/org/bouncycastle/math/ec/custom/gm/SM2P256V1FieldElement.class DONE
/org/apache/lucene/document/LatLonPointDistanceQuery.class starting
/org/bouncycastle/jce/provider/RFC3280CertPathUtilities.class starting
/org/apache/lucene/codecs/lucene90/Lucene90PointsFormat.class starting
/org/bouncycastle/jcajce/provider/asymmetric/rsa/PSSSignatureSpi$SHA512withRSA.class starting
/org/apache/lucene/document/XYShapeDocValues.class starting
/org/apache/lucene/codecs/lucene90/Lucene90PointsFormat.class DONE
/org/bouncycastle/math/ec/custom/sec/SecP384R1FieldElement.class starting
/org/bouncycastle/pqc/crypto/xmss/XMSSMTPrivateKeyParameters$Builder.class starting
/org/bouncycastle/math/ec/custom/gm/SM2P256V1FieldElement.class starting
/org/apache/lucene/document/XYShapeDocValues.class DONE
/org/apache/lucene/document/LatLonPointDistanceQuery.class DONE
/org/bouncycastle/pqc/crypto/xmss/XMSSMTPrivateKeyParameters$Builder.class DONE
/org/bouncycastle/math/ec/custom/gm/SM2P256V1FieldElement.class DONE
/org/bouncycastle/jcajce/provider/asymmetric/rsa/PSSSignatureSpi$SHA512withRSA.class DONE
/org/bouncycastle/math/ec/custom/sec/SecP384R1FieldElement.class DONE
/org/bouncycastle/jce/provider/RFC3280CertPathUtilities.class DONE
Could not read file /com/google/common/collect/DenseImmutableTable.class
Could not read file /org/apache/lucene/document/ShapeDocValues.class
Could not read file /org/apache/lucene/index/MergeRateLimiter.class
*****
{
  "olly": {
    "version": 2,
    "wall_time": 153.55,
    "cpu_time": 1986.72,
    "gc_time": 122.02,
    "gc_overhead": 6.14,
    "max_rss_kb": 4136644,
    "domain_stats": {
      "0": {
        "wall_time": 153.55,
        "gc_time": 0.75,
        "gc_overhead": 0.49
      },
      "1": {
        "wall_time": 152.85,
        "gc_time": 9.78,
        "gc_overhead": 6.4
      },
      "2": {
        "wall_time": 152.81,
        "gc_time": 8.56,
        "gc_overhead": 5.6
      },
      "3": {
        "wall_time": 152.78,
        "gc_time": 12.03,
        "gc_overhead": 7.87
      },
      "4": {
        "wall_time": 152.82,
        "gc_time": 8.86,
        "gc_overhead": 5.8
      },
      "5": {
        "wall_time": 152.91,
        "gc_time": 13.24,
        "gc_overhead": 8.66
      },
      "6": {
        "wall_time": 152.75,
        "gc_time": 7.89,
        "gc_overhead": 5.17
      },
      "7": {
        "wall_time": 152.74,
        "gc_time": 8.52,
        "gc_overhead": 5.58
      },
      "8": {
        "wall_time": 152.67,
        "gc_time": 8.77,
        "gc_overhead": 5.75
      },
      "9": {
        "wall_time": 152.73,
        "gc_time": 9.58,
        "gc_overhead": 6.27
      },
      "10": {
        "wall_time": 152.71,
        "gc_time": 9.13,
        "gc_overhead": 5.98
      },
      "11": {
        "wall_time": 152.71,
        "gc_time": 8.92,
        "gc_overhead": 5.84
      },
      "12": {
        "wall_time": 152.69,
        "gc_time": 15.99,
        "gc_overhead": 10.47
      }
    },
    "mean_latency": 3.934197,
    "stddev_latency": 7.777522,
    "min_latency": 0.0,
    "max_latency": 60.391423,
    "distr_latency": {
      "25.0000": 0.000959,
      "50.0000": 0.001775,
      "60.0000": 0.002951,
      "70.0000": 0.042303,
      "75.0000": 2.918399,
      "80.0000": 7.708671,
      "85.0000": 13.082623,
      "90.0000": 17.006591,
      "95.0000": 21.889023,
      "96.0000": 23.166975,
      "97.0000": 24.985599,
      "98.0000": 27.099135,
      "99.0000": 30.474239,
      "99.9000": 41.549823,
      "99.9900": 54.296575,
      "99.9990": 60.391423,
      "99.9999": 60.391423,
      "100.0000": 60.391423
    },
    "outliers": {
      "count": 0,
      "mean_latency": 0.0,
      "max_latency": 0.0
    },
    "allocations": {
      "total_heap": 55170253658,
      "minor_heap": 55279343925,
      "major_heap": 541660238,
      "promoted_words": 650750505,
      "promoted_pct": 1.18
    },
    "domain_alloc_stats": {
      "0": {
        "total": 32280374,
        "minor": 13149370,
        "promoted": 7283396,
        "major": 26414400,
        "promoted_pct": 55.39
      },
      "1": {
        "total": 3219690750,
        "minor": 3222711278,
        "promoted": 47511686,
        "major": 44491158,
        "promoted_pct": 1.47
      },
      "2": {
        "total": 2679381211,
        "minor": 2692166883,
        "promoted": 39490759,
        "major": 26705087,
        "promoted_pct": 1.47
      },
      "3": {
        "total": 6604997369,
        "minor": 6614556046,
        "promoted": 80565205,
        "major": 71006528,
        "promoted_pct": 1.22
      },
      "4": {
        "total": 2811343626,
        "minor": 2818757302,
        "promoted": 40759076,
        "major": 33345400,
        "promoted_pct": 1.45
      },
      "5": {
        "total": 9106937958,
        "minor": 9111940522,
        "promoted": 49968227,
        "major": 44965663,
        "promoted_pct": 0.55
      },
      "6": {
        "total": 2703359854,
        "minor": 2711332410,
        "promoted": 40451086,
        "major": 32478530,
        "promoted_pct": 1.49
      },
      "7": {
        "total": 2822296072,
        "minor": 2833284605,
        "promoted": 41417740,
        "major": 30429207,
        "promoted_pct": 1.46
      },
      "8": {
        "total": 3065934798,
        "minor": 3071586460,
        "promoted": 44639933,
        "major": 38988271,
        "promoted_pct": 1.45
      },
      "9": {
        "total": 3939691657,
        "minor": 3948510637,
        "promoted": 56935132,
        "major": 48116152,
        "promoted_pct": 1.44
      },
      "10": {
        "total": 3323163275,
        "minor": 3334898127,
        "promoted": 40765053,
        "major": 29030201,
        "promoted_pct": 1.22
      },
      "11": {
        "total": 3127842227,
        "minor": 3140708749,
        "promoted": 49908690,
        "major": 37042168,
        "promoted_pct": 1.59
      },
      "12": {
        "total": 11733334487,
        "minor": 11765741536,
        "promoted": 111054522,
        "major": 78647473,
        "promoted_pct": 0.94
      }
    },
    "collections": {
      "minor": 1624,
      "major": 23,
      "forced_major": 0,
      "compactions": 0
    },
    "stats_reliable": true
  },
  "perf": [
    {
      "counter-value": "295218.738007",
      "unit": "msec",
      "event": "task-clock",
      "event-runtime": 295218738007,
      "pcnt-running": 100.0,
      "metric-value": "1.914631",
      "metric-unit": "CPUs utilized"
    },
    {
      "counter-value": "1011638.000000",
      "unit": "",
      "event": "page-faults",
      "event-runtime": 295218734607,
      "pcnt-running": 100.0,
      "metric-value": "3.426740",
      "metric-unit": "K/sec"
    },
    {
      "counter-value": "971883447335.000000",
      "unit": "",
      "event": "cycles",
      "event-runtime": 295218732350,
      "pcnt-running": 100.0,
      "metric-value": "3.292079",
      "metric-unit": "GHz"
    },
    {
      "counter-value": "1143139499383.000000",
      "unit": "",
      "event": "instructions",
      "event-runtime": 295218726058,
      "pcnt-running": 100.0,
      "metric-value": "1.176210",
      "metric-unit": "insn per cycle"
    }
  ]
}
-----
mkdir -p PLOTTY_WORKAROUND; timedrun; OCAMLRUNPARAM="s=262144,o=120,e=18,d=128" /home/udesou/.bench-agent/git/macro-benches/benchmarks/infer/infer_default-ocaml-5.5.0-f523850
running-ng v0.3.8
Wed Sep  9 10:11:00 AM UTC 2026

 10:11:00 up 2 days, 10:04,  2 users,  load average: 7.28, 8.48, 8.34
USER     TTY      FROM             LOGIN@   IDLE   JCPU   PCPU  WHAT

procs -----------memory---------- ---swap-- -----io---- -system-- -------cpu-------
 r  b   swpd   free   buff  cache   si   so    bi    bo   in   cs us sy id wa st gu
 0  1      0 43103456 4103356 17520968    0    0    43   580 2137    3 13  0 76 11  0  0
 0  1      0 43111680 4103356 17520932    0    0     0 23324 1763 2793  0  0 88 12  0  0

top - 10:11:01 up 2 days, 10:05,  2 users,  load average: 7.28, 8.48, 8.34
Tasks: 279 total,   1 running, 278 sleeping,   0 stopped,   0 zombie
%Cpu(s):  1.1 us,  1.1 sy,  0.0 ni, 85.2 id, 12.5 wa,  0.0 hi,  0.0 si,  0.0 st 
MiB Mem :  64272.5 total,  42101.0 free,   1777.9 used,  21117.5 buff/cache     
MiB Swap:   8192.0 total,   8192.0 free,      0.0 used.  62494.6 avail Mem 

    PID USER      PR  NI    VIRT    RES    SHR S  %CPU  %MEM     TIME+ COMMAND
      1 root      20   0   22724  14128   9580 S   0.0   0.0   1:34.63 /sbin/init
      2 root      20   0       0      0      0 S   0.0   0.0   0:00.03 [kthreadd]
      3 root      20   0       0      0      0 S   0.0   0.0   0:00.00 [pool_workqueue_release]
      4 root       0 -20       0      0      0 I   0.0   0.0   0:00.00 [kworker/R-rcu_g]
      5 root       0 -20       0      0      0 I   0.0   0.0   0:00.00 [kworker/R-rcu_p]

Environment variables: 
	CONFIG_FILE=/home/udesou/.bench-agent/work/run-20260907-001-e1/run-20260907-001.yml
	HOME=/home/udesou
	LANG=en_US.UTF-8
	LOGNAME=udesou
	LOG_DIR=/home/udesou/.bench-agent/logs
	OLLY_DIR=/home/udesou/.bench-agent/git/olly
	PATH=/usr/local/bin:/home/udesou/.bench-agent/git/olly/_build/install/default/bin:/home/udesou/ocaml-bench-service/_opam/bin:/home/udesou/.vscode-server/data/User/globalStorage/github.copilot-chat/debugCommand:/home/udesou/.vscode-server/data/User/globalStorage/github.copilot-chat/copilotCli:/home/udesou/.vscode-server/cli/servers/Stable-08d4889f9ec4a1685d257b9b95de036c8e1ce1e5/server/bin/remote-cli:/home/udesou/.opam/running-ng-ocaml-5.5.0-f523850-fp-flambda/bin:/home/udesou/.local/bin:/home/udesou/.opam/running-ng-ocaml-5.5.0-f523850-fp-flambda/bin:/home/udesou/.local/bin:/usr/local/sbin:/usr/local/bin:/usr/sbin:/usr/bin:/sbin:/bin:/usr/games:/usr/local/games:/snap/bin
	PWD=/home/udesou/ocaml-bench-service
	PYTHONPATH=/home/udesou/.bench-agent/git/running-ng/src
	RUNNING_BENCH_DIR=/home/udesou/.bench-agent/git/macro-benches
	RUNNING_MACRO_BENCH_DIR=/home/udesou/.bench-agent/git/macro-benches
	RUNNING_NG_PACKAGE_DATA=/home/udesou/.bench-agent/git/running-ng/src/running/config
	RUNNING_REUSE_SWITCHES=1
	RUNNING_TAG=default_run,large_run
	SHELL=/bin/bash
	SHLVL=1
	TERM=screen.xterm-256color
	USER=udesou
	_=/usr/bin/python3
OS: Linux obelisk 6.8.0-139-generic #139-Ubuntu SMP PREEMPT_DYNAMIC Sat Aug  1 03:52:05 UTC 2026 x86_64 x86_64 x86_64 GNU/Linux
CPU: model name	: Intel(R) Xeon(R) CPU E5-2667 v2 @ 3.30GHz
number of cores: 8
Frequency of cpu 0: 3.30 GHz
Governor of cpu 0: performance
Scaling_min_freq of cpu 0: 1.20 GHz
Frequency of cpu 2: 3.30 GHz
Governor of cpu 2: performance
Scaling_min_freq of cpu 2: 1.20 GHz
Frequency of cpu 4: 3.30 GHz
Governor of cpu 4: performance
Scaling_min_freq of cpu 4: 1.20 GHz
Frequency of cpu 6: 3.30 GHz
Governor of cpu 6: performance
Scaling_min_freq of cpu 6: 1.20 GHz
WARNING: Failed to resolve file /com/google/common/annotations/Beta.class with "No such file or directory" 

WARNING: Failed to resolve file /com/google/common/base/Converter$IdentityConverter.class with "No such file or directory" 

WARNING: Failed to resolve file /com/google/common/base/Platform.class with "No such file or directory" 

WARNING: Failed to resolve file /com/google/common/base/Utf8.class with "No such file or directory" 

WARNING: Failed to resolve file /com/google/common/cache/LocalCache$EntryFactory$2.class with "No such file or directory" 

WARNING: Failed to resolve file /com/google/common/cache/LongAddables.class with "No such file or directory" 

WARNING: Failed to resolve file /com/google/common/collect/AbstractMapBasedMultiset$2$1.class with "No such file or directory" 

WARNING: Failed to resolve file /com/google/common/collect/CollectSpliterators.class with "No such file or directory" 

WARNING: Failed to resolve file /com/google/common/collect/DenseImmutableTable.class with "No such file or directory" 

WARNING: Failed to resolve file /com/google/common/collect/ForwardingConcurrentMap.class with "No such file or directory" 

WARNING: Failed to resolve file /com/google/common/collect/HashMultimap.class with "No such file or directory" 

WARNING: Failed to resolve file /com/google/common/collect/ImmutableMultimap$Builder.class with "No such file or directory" 

WARNING: Failed to resolve file /com/google/common/collect/ImmutableSortedSet$1.class with "No such file or directory" 

WARNING: Failed to resolve file /com/google/common/collect/JdkBackedImmutableMap.class with "No such file or directory" 

WARNING: Failed to resolve file /com/google/common/collect/MapMakerInternalMap$EntrySet.class with "No such file or directory" 

WARNING: Failed to resolve file /com/google/common/collect/Maps$AsMapView$1EntrySetImpl.class with "No such file or directory" 

WARNING: Failed to resolve file /com/google/common/collect/MultimapBuilder$2.class with "No such file or directory" 

WARNING: Failed to resolve file /com/google/common/collect/Multisets$4.class with "No such file or directory" 

WARNING: Failed to resolve file /com/google/common/collect/RegularImmutableMap$Values.class with "No such file or directory" 

WARNING: Failed to resolve file /com/google/common/collect/SortedLists$KeyAbsentBehavior$2.class with "No such file or directory" 

WARNING: Failed to resolve file /com/google/common/collect/Streams$DoubleFunctionWithIndex.class with "No such file or directory" 

WARNING: Failed to resolve file /com/google/common/collect/TransformedListIterator.class with "No such file or directory" 

WARNING: Failed to resolve file /com/google/common/collect/TreeTraverser.class with "No such file or directory" 

WARNING: Failed to resolve file /com/google/common/graph/AbstractBaseGraph$1.class with "No such file or directory" 

WARNING: Failed to resolve file /com/google/common/graph/GraphBuilder.class with "No such file or directory" 

WARNING: Failed to resolve file /com/google/common/graph/ValueGraph.class with "No such file or directory" 

WARNING: Failed to resolve file /com/google/common/hash/Hashing.class with "No such file or directory" 

WARNING: Failed to resolve file /com/google/common/io/BaseEncoding.class with "No such file or directory" 

WARNING: Failed to resolve file /com/google/common/io/LineProcessor.class with "No such file or directory" 

WARNING: Failed to resolve file /com/google/common/net/HttpHeaders.class with "No such file or directory" 

WARNING: Failed to resolve file /com/google/common/primitives/Shorts$ShortConverter.class with "No such file or directory" 

WARNING: Failed to resolve file /com/google/common/reflect/TypeToken$Bounds.class with "No such file or directory" 

WARNING: Failed to resolve file /com/google/common/util/concurrent/AbstractFuture$Listener.class with "No such file or directory" 

WARNING: Failed to resolve file /com/google/common/util/concurrent/AggregateFutureState.class with "No such file or directory" 

WARNING: Failed to resolve file /com/google/common/util/concurrent/ForwardingCheckedFuture$SimpleForwardingCheckedFuture.class with "No such file or directory" 

WARNING: Failed to resolve file /com/google/common/util/concurrent/Monitor$Guard.class with "No such file or directory" 

WARNING: Failed to resolve file /com/google/common/util/concurrent/SimpleTimeLimiter$1.class with "No such file or directory" 

WARNING: Failed to resolve file /net/bytebuddy/ByteBuddy$RecordConstructorStrategy.class with "No such file or directory" 

WARNING: Failed to resolve file /net/bytebuddy/agent/builder/AgentBuilder$Default$NativeMethodStrategy$ForPrefix.class with "No such file or directory" 

WARNING: Failed to resolve file /net/bytebuddy/agent/builder/AgentBuilder$InstallationListener$Compound.class with "No such file or directory" 

WARNING: Failed to resolve file /net/bytebuddy/agent/builder/AgentBuilder$PoolStrategy$Default.class with "No such file or directory" 

WARNING: Failed to resolve file /net/bytebuddy/agent/builder/AgentBuilder$RedefinitionStrategy$Listener$Adapter.class with "No such file or directory" 

WARNING: Failed to resolve file /net/bytebuddy/agent/builder/package-info.class with "No such file or directory" 

WARNING: Failed to resolve file /net/bytebuddy/asm/Advice$AssignReturned$ToReturned$Handler.class with "No such file or directory" 

WARNING: Failed to resolve file /net/bytebuddy/asm/Advice$Dispatcher$Resolved$AbstractBase.class with "No such file or directory" 

WARNING: Failed to resolve file /net/bytebuddy/asm/Advice$OffsetMapping$ForInstrumentedMethod$2.class with "No such file or directory" 

WARNING: Failed to resolve file /net/bytebuddy/asm/Advice$OffsetMapping.class with "No such file or directory" 

WARNING: Failed to resolve file /net/bytebuddy/asm/ClassVisitorFactory$FrameTranslator.class with "No such file or directory" 

WARNING: Failed to resolve file /net/bytebuddy/asm/MemberSubstitution$TypePoolResolver$OfImplicitPool.class with "No such file or directory" 

WARNING: Failed to resolve file /net/bytebuddy/build/EntryPoint$Default.class with "No such file or directory" 

WARNING: Failed to resolve file /net/bytebuddy/build/Plugin$Engine$Listener$StreamWriting.class with "No such file or directory" 

WARNING: Failed to resolve file /net/bytebuddy/build/Plugin$Factory$UsingReflection$Instantiator$Unresolved.class with "No such file or directory" 

WARNING: Failed to resolve file /net/bytebuddy/description/annotation/AnnotationDescription.class with "No such file or directory" 

WARNING: Failed to resolve file /net/bytebuddy/description/annotation/AnnotationValue$Loaded$AbstractBase$ForUnresolvedProperty.class with "No such file or directory" 

WARNING: Failed to resolve file /net/bytebuddy/description/method/MethodList$Explicit.class with "No such file or directory" 

WARNING: Failed to resolve file /net/bytebuddy/description/modifier/SynchronizationState.class with "No such file or directory" 

WARNING: Failed to resolve file /net/bytebuddy/description/type/TypeDescription$Generic$AnnotationReader$Delegator$ForLoadedTypeVariable.class with "No such file or directory" 

WARNING: Failed to resolve file /net/bytebuddy/description/type/TypeDescription$Generic$OfParameterizedType$Latent.class with "No such file or directory" 

WARNING: Failed to resolve file /net/bytebuddy/description/type/TypeDescription$Latent.class with "No such file or directory" 

WARNING: Failed to resolve file /net/bytebuddy/dynamic/ClassFileLocator$ForModuleFile.class with "No such file or directory" 

WARNING: Failed to resolve file /net/bytebuddy/dynamic/DynamicType$Builder$MethodDefinition$ParameterDefinition$Simple$Annotatable$AbstractBase.class with "No such file or directory" 

WARNING: Failed to resolve file /net/bytebuddy/dynamic/VisibilityBridgeStrategy$Default$2.class with "No such file or directory" 

WARNING: Failed to resolve file /net/bytebuddy/dynamic/loading/ClassInjector$UsingReflection$Dispatcher$Initializable.class with "No such file or directory" 

WARNING: Failed to resolve file /net/bytebuddy/dynamic/loading/PackageDefinitionStrategy$ManifestReading.class with "No such file or directory" 

WARNING: Failed to resolve file /net/bytebuddy/dynamic/scaffold/MethodGraph$Compiler$Default$Key$Store$Entry$Initial.class with "No such file or directory" 

WARNING: Failed to resolve file /net/bytebuddy/dynamic/scaffold/TypeWriter$Default$ClassDumpAction$Dispatcher$Enabled.class with "No such file or directory" 

WARNING: Failed to resolve file /net/bytebuddy/dynamic/scaffold/TypeWriter$MethodPool$Record$AccessBridgeWrapper.class with "No such file or directory" 

WARNING: Failed to resolve file /net/bytebuddy/dynamic/scaffold/subclass/SubclassImplementationTarget$OriginTypeResolver$1.class with "No such file or directory" 

WARNING: Failed to resolve file /net/bytebuddy/implementation/FieldAccessor$FieldLocation.class with "No such file or directory" 

WARNING: Failed to resolve file /net/bytebuddy/implementation/HashCodeMethod$ValueTransformer$7.class with "No such file or directory" 

WARNING: Failed to resolve file /net/bytebuddy/implementation/InvocationHandlerAdapter.class with "No such file or directory" 

WARNING: Failed to resolve file /net/bytebuddy/implementation/InvokeDynamic$WithImplicitArguments.class with "No such file or directory" 

WARNING: Failed to resolve file /net/bytebuddy/implementation/MethodCall$MethodInvoker.class with "No such file or directory" 

WARNING: Failed to resolve file /net/bytebuddy/implementation/MethodDelegation.class with "No such file or directory" 

WARNING: Failed to resolve file /net/bytebuddy/implementation/attribute/AnnotationValueFilter$Factory.class with "No such file or directory" 

WARNING: Failed to resolve file /net/bytebuddy/implementation/auxiliary/TypeProxy$1.class with "No such file or directory" 

WARNING: Failed to resolve file /net/bytebuddy/implementation/bind/annotation/AllArguments.class with "No such file or directory" 

WARNING: Failed to resolve file /net/bytebuddy/implementation/bind/annotation/Morph$Binder$RedirectionProxy$InstanceFieldConstructor$Appender.class with "No such file or directory" 

WARNING: Failed to resolve file /net/bytebuddy/implementation/bytecode/ByteCodeAppender$Compound.class with "No such file or directory" 

WARNING: Failed to resolve file /net/bytebuddy/implementation/bytecode/assign/reference/GenericTypeAwareAssigner$IsAssignableToVisitor$OfGenericArray.class with "No such file or directory" 

WARNING: Failed to resolve file /net/bytebuddy/implementation/bytecode/member/FieldAccess$AccessDispatcher$FieldPutInstruction.class with "No such file or directory" 

WARNING: Failed to resolve file /net/bytebuddy/jar/asm/RecordComponentWriter.class with "No such file or directory" 

WARNING: Failed to resolve file /net/bytebuddy/matcher/FilterableList.class with "No such file or directory" 

WARNING: Failed to resolve file /net/bytebuddy/matcher/TypeSortMatcher.class with "No such file or directory" 

WARNING: Failed to resolve file /net/bytebuddy/pool/TypePool$Default$LazyTypeDescription$AnnotationToken.class with "No such file or directory" 

WARNING: Failed to resolve file /net/bytebuddy/pool/TypePool$Default$LazyTypeDescription$LazyMethodDescription$LazyParameterizedReceiverType$TypeArgumentList$AnnotatedTypeVariable.class with "No such file or directory" 

WARNING: Failed to resolve file /net/bytebuddy/utility/FileSystem$ForNio2CapableVm$StandardCopyOption.class with "No such file or directory" 

WARNING: Failed to resolve file /net/bytebuddy/utility/dispatcher/JavaDispatcher$Dispatcher.class with "No such file or directory" 

WARNING: Failed to resolve file /org/apache/lucene/analysis/CharArrayMap.class with "No such file or directory" 

WARNING: Failed to resolve file /org/apache/lucene/analysis/tokenattributes/TermToBytesRefAttribute.class with "No such file or directory" 

WARNING: Failed to resolve file /org/apache/lucene/codecs/KnnVectorsWriter$ByteVectorValuesSub.class with "No such file or directory" 

WARNING: Failed to resolve file /org/apache/lucene/codecs/hnsw/DefaultFlatVectorScorer$ByteScoringSupplier$1.class with "No such file or directory" 

WARNING: Failed to resolve file /org/apache/lucene/codecs/lucene90/Lucene90DocValuesProducer$17.class with "No such file or directory" 

WARNING: Failed to resolve file /org/apache/lucene/codecs/lucene90/Lucene90PointsFormat.class with "No such file or directory" 

WARNING: Failed to resolve file /org/apache/lucene/codecs/lucene912/ForUtil.class with "No such file or directory" 

WARNING: Failed to resolve file /org/apache/lucene/codecs/lucene99/Lucene99HnswVectorsWriter$2.class with "No such file or directory" 

WARNING: Failed to resolve file /org/apache/lucene/document/BinaryPoint$1.class with "No such file or directory" 

WARNING: Failed to resolve file /org/apache/lucene/document/FloatPoint$2.class with "No such file or directory" 

WARNING: Failed to resolve file /org/apache/lucene/document/LatLonPointDistanceQuery.class with "No such file or directory" 

WARNING: Failed to resolve file /org/apache/lucene/document/ShapeField$QueryRelation.class with "No such file or directory" 

WARNING: Failed to resolve file /org/apache/lucene/document/XYShapeDocValues.class with "No such file or directory" 

WARNING: Failed to resolve file /org/apache/lucene/index/BaseTermsEnum$1.class with "No such file or directory" 

WARNING: Failed to resolve file /org/apache/lucene/index/ConcurrentMergeScheduler.class with "No such file or directory" 

WARNING: Failed to resolve file /org/apache/lucene/index/ExitableDirectoryReader$ExitableFilterAtomicReader$4.class with "No such file or directory" 

WARNING: Failed to resolve file /org/apache/lucene/index/FreqProxFields$FreqProxTermsEnum$1.class with "No such file or directory" 

WARNING: Failed to resolve file /org/apache/lucene/index/IndexWriter$DocModifier.class with "No such file or directory" 

WARNING: Failed to resolve file /org/apache/lucene/index/MultiDocValues$1.class with "No such file or directory" 

WARNING: Failed to resolve file /org/apache/lucene/index/PointValues$IntersectVisitor.class with "No such file or directory" 

WARNING: Failed to resolve file /org/apache/lucene/index/SingletonSortedSetDocValues.class with "No such file or directory" 

WARNING: Failed to resolve file /org/apache/lucene/index/SortedNumericDocValuesWriter.class with "No such file or directory" 

WARNING: Failed to resolve file /org/apache/lucene/index/TermVectorsConsumerPerField$TermVectorsPostingsArray.class with "No such file or directory" 

WARNING: Failed to resolve file /org/apache/lucene/internal/hppc/IntDoubleHashMap$EntryIterator.class with "No such file or directory" 

WARNING: Failed to resolve file /org/apache/lucene/internal/hppc/LongIntHashMap$LongIntCursor.class with "No such file or directory" 

WARNING: Failed to resolve file /org/apache/lucene/search/BlockMaxConjunctionScorer$2.class with "No such file or directory" 

WARNING: Failed to resolve file /org/apache/lucene/search/ConstantScoreQuery$1$1.class with "No such file or directory" 

WARNING: Failed to resolve file /org/apache/lucene/search/DoubleValuesSource$DoubleValuesComparatorSource$1.class with "No such file or directory" 

WARNING: Failed to resolve file /org/apache/lucene/search/ImpactsDISI.class with "No such file or directory" 

WARNING: Failed to resolve file /org/apache/lucene/search/LongValuesSource$LongValuesComparatorSource.class with "No such file or directory" 

WARNING: Failed to resolve file /org/apache/lucene/search/NamedMatches$NamedQuery.class with "No such file or directory" 

WARNING: Failed to resolve file /org/apache/lucene/search/ReqOptSumScorer.class with "No such file or directory" 

WARNING: Failed to resolve file /org/apache/lucene/search/SortedNumericSortField$5.class with "No such file or directory" 

WARNING: Failed to resolve file /org/apache/lucene/search/TopDocsCollector.class with "No such file or directory" 

WARNING: Failed to resolve file /org/apache/lucene/search/comparators/NumericComparator$NumericLeafComparator.class with "No such file or directory" 

WARNING: Failed to resolve file /org/apache/lucene/search/similarities/MultiSimilarity.class with "No such file or directory" 

WARNING: Failed to resolve file /org/apache/lucene/store/IndexInput$1.class with "No such file or directory" 

WARNING: Failed to resolve file /org/apache/lucene/util/AttributeImpl.class with "No such file or directory" 

WARNING: Failed to resolve file /org/apache/lucene/util/DocIdSetBuilder$BulkAdder.class with "No such file or directory" 

WARNING: Failed to resolve file /org/apache/lucene/util/ModuleResourceLoader.class with "No such file or directory" 

WARNING: Failed to resolve file /org/apache/lucene/util/Sorter.class with "No such file or directory" 

WARNING: Failed to resolve file /org/apache/lucene/util/automaton/MinimizationOperations$IntPair.class with "No such file or directory" 

WARNING: Failed to resolve file /org/apache/lucene/util/bkd/OfflinePointWriter.class with "No such file or directory" 

WARNING: Failed to resolve file /org/apache/lucene/util/fst/Util$FSTPath.class with "No such file or directory" 

WARNING: Failed to resolve file /org/apache/lucene/util/mutable/MutableValueDate.class with "No such file or directory" 

WARNING: Failed to resolve file /org/apache/lucene/util/packed/DirectReader$DirectPackedReader32.class with "No such file or directory" 

WARNING: Failed to resolve file /org/apache/lucene/util/packed/PackedWriter.class with "No such file or directory" 

WARNING: Failed to resolve file /org/bouncycastle/asn1/ASN1ObjectDescriptor$1.class with "No such file or directory" 

WARNING: Failed to resolve file /org/bouncycastle/asn1/BEROctetStringParser.class with "No such file or directory" 

WARNING: Failed to resolve file /org/bouncycastle/asn1/LazyEncodedSequence.class with "No such file or directory" 

WARNING: Failed to resolve file /org/bouncycastle/asn1/ocsp/OCSPRequest.class with "No such file or directory" 

WARNING: Failed to resolve file /org/bouncycastle/asn1/sec/SECNamedCurves$17.class with "No such file or directory" 

WARNING: Failed to resolve file /org/bouncycastle/asn1/x500/DirectoryString.class with "No such file or directory" 

WARNING: Failed to resolve file /org/bouncycastle/asn1/x509/NameConstraints.class with "No such file or directory" 

WARNING: Failed to resolve file /org/bouncycastle/asn1/x509/sigi/NameOrPseudonym.class with "No such file or directory" 

WARNING: Failed to resolve file /org/bouncycastle/crypto/CipherKeyGenerator.class with "No such file or directory" 

WARNING: Failed to resolve file /org/bouncycastle/crypto/StagedAgreement.class with "No such file or directory" 

WARNING: Failed to resolve file /org/bouncycastle/crypto/digests/AsconXof$1.class with "No such file or directory" 

WARNING: Failed to resolve file /org/bouncycastle/crypto/digests/ShortenedDigest.class with "No such file or directory" 

WARNING: Failed to resolve file /org/bouncycastle/crypto/ec/ECDecryptor.class with "No such file or directory" 

WARNING: Failed to resolve file /org/bouncycastle/crypto/engines/GOST3412_2015Engine.class with "No such file or directory" 

WARNING: Failed to resolve file /org/bouncycastle/crypto/engines/SparkleEngine$1.class with "No such file or directory" 

WARNING: Failed to resolve file /org/bouncycastle/crypto/generators/ElGamalParametersGenerator.class with "No such file or directory" 

WARNING: Failed to resolve file /org/bouncycastle/crypto/macs/DSTU7564Mac.class with "No such file or directory" 

WARNING: Failed to resolve file /org/bouncycastle/crypto/modes/NISTCTSBlockCipher.class with "No such file or directory" 

WARNING: Failed to resolve file /org/bouncycastle/crypto/params/DHParameters.class with "No such file or directory" 

WARNING: Failed to resolve file /org/bouncycastle/crypto/params/NaccacheSternKeyGenerationParameters.class with "No such file or directory" 

WARNING: Failed to resolve file /org/bouncycastle/crypto/prng/X931SecureRandom.class with "No such file or directory" 

WARNING: Failed to resolve file /org/bouncycastle/crypto/util/DEROtherInfo$1.class with "No such file or directory" 

WARNING: Failed to resolve file /org/bouncycastle/crypto/util/SSHNamedCurves$3.class with "No such file or directory" 

WARNING: Failed to resolve file /org/bouncycastle/jcajce/BCFKSLoadStoreParameter$SignatureAlgorithm.class with "No such file or directory" 

WARNING: Failed to resolve file /org/bouncycastle/jcajce/provider/asymmetric/CompositeSignatures.class with "No such file or directory" 

WARNING: Failed to resolve file /org/bouncycastle/jcajce/provider/asymmetric/compositesignatures/KeyPairGeneratorSpi$MLDSA65_ECDSA_brainpoolP256r1_SHA512.class with "No such file or directory" 

WARNING: Failed to resolve file /org/bouncycastle/jcajce/provider/asymmetric/dh/KeyAgreementSpi$DHwithSHA384CKDF.class with "No such file or directory" 

WARNING: Failed to resolve file /org/bouncycastle/jcajce/provider/asymmetric/ec/BCECPrivateKey.class with "No such file or directory" 

WARNING: Failed to resolve file /org/bouncycastle/jcajce/provider/asymmetric/ec/KeyAgreementSpi$DHUwithSHA224KDF.class with "No such file or directory" 

WARNING: Failed to resolve file /org/bouncycastle/jcajce/provider/asymmetric/ec/KeyPairGeneratorSpi.class with "No such file or directory" 

WARNING: Failed to resolve file /org/bouncycastle/jcajce/provider/asymmetric/ecgost12/KeyAgreementSpi$ECVKO512.class with "No such file or directory" 

WARNING: Failed to resolve file /org/bouncycastle/jcajce/provider/asymmetric/edec/KeyPairGeneratorSpi$X448.class with "No such file or directory" 

WARNING: Failed to resolve file /org/bouncycastle/jcajce/provider/asymmetric/rsa/DigestSignatureSpi$SHA3_384.class with "No such file or directory" 

WARNING: Failed to resolve file /org/bouncycastle/jcajce/provider/asymmetric/rsa/PSSSignatureSpi$SHA512withRSA.class with "No such file or directory" 

WARNING: Failed to resolve file /org/bouncycastle/jcajce/provider/asymmetric/x509/X509CRLInternal.class with "No such file or directory" 

WARNING: Failed to resolve file /org/bouncycastle/jcajce/provider/digest/GOST3411$Mappings.class with "No such file or directory" 

WARNING: Failed to resolve file /org/bouncycastle/jcajce/provider/digest/RIPEMD256$HashMac.class with "No such file or directory" 

WARNING: Failed to resolve file /org/bouncycastle/jcajce/provider/digest/SHA3$Mappings.class with "No such file or directory" 

WARNING: Failed to resolve file /org/bouncycastle/jcajce/provider/digest/Skein$HMacKeyGenerator_512_384.class with "No such file or directory" 

WARNING: Failed to resolve file /org/bouncycastle/jcajce/provider/digest/Whirlpool$KeyGenerator.class with "No such file or directory" 

WARNING: Failed to resolve file /org/bouncycastle/jcajce/provider/keystore/pkcs12/PKCS12KeyStoreSpi$1.class with "No such file or directory" 

WARNING: Failed to resolve file /org/bouncycastle/jcajce/provider/symmetric/AES$PBEWithSHA256And192BitAESBC.class with "No such file or directory" 

WARNING: Failed to resolve file /org/bouncycastle/jcajce/provider/symmetric/CAST5$CBC.class with "No such file or directory" 

WARNING: Failed to resolve file /org/bouncycastle/jcajce/provider/symmetric/DES$Mappings.class with "No such file or directory" 

WARNING: Failed to resolve file /org/bouncycastle/jcajce/provider/symmetric/DSTU7624$GCM128.class with "No such file or directory" 

WARNING: Failed to resolve file /org/bouncycastle/jcajce/provider/symmetric/HC128$KeyGen.class with "No such file or directory" 

WARNING: Failed to resolve file /org/bouncycastle/jcajce/provider/symmetric/PBEPKCS12.class with "No such file or directory" 

WARNING: Failed to resolve file /org/bouncycastle/jcajce/provider/symmetric/Rijndael.class with "No such file or directory" 

WARNING: Failed to resolve file /org/bouncycastle/jcajce/provider/symmetric/Shacal2$AlgParams.class with "No such file or directory" 

WARNING: Failed to resolve file /org/bouncycastle/jcajce/provider/symmetric/Threefish.class with "No such file or directory" 

WARNING: Failed to resolve file /org/bouncycastle/jcajce/provider/symmetric/util/BaseStreamCipher.class with "No such file or directory" 

WARNING: Failed to resolve file /org/bouncycastle/jcajce/spec/SkeinParameterSpec.class with "No such file or directory" 

WARNING: Failed to resolve file /org/bouncycastle/jce/provider/AnnotatedException.class with "No such file or directory" 

WARNING: Failed to resolve file /org/bouncycastle/jce/provider/RFC3280CertPathUtilities.class with "No such file or directory" 

WARNING: Failed to resolve file /org/bouncycastle/math/ec/ECCurve$Config.class with "No such file or directory" 

WARNING: Failed to resolve file /org/bouncycastle/math/ec/custom/gm/SM2P256V1FieldElement.class with "No such file or directory" 

WARNING: Failed to resolve file /org/bouncycastle/math/ec/custom/sec/SecP384R1FieldElement.class with "No such file or directory" 

WARNING: Failed to resolve file /org/bouncycastle/math/ec/custom/sec/SecT239K1Curve.class with "No such file or directory" 

WARNING: Failed to resolve file /org/bouncycastle/math/ec/rfc8032/Ed25519$PointTemp.class with "No such file or directory" 

WARNING: Failed to resolve file /org/bouncycastle/pqc/asn1/PQCObjectIdentifiers.class with "No such file or directory" 

WARNING: Failed to resolve file /org/bouncycastle/pqc/crypto/crystals/dilithium/DilithiumKeyPairGenerator.class with "No such file or directory" 

WARNING: Failed to resolve file /org/bouncycastle/pqc/crypto/falcon/FalconSmallPrime.class with "No such file or directory" 

WARNING: Failed to resolve file /org/bouncycastle/pqc/crypto/hqc/HQCKEMExtractor.class with "No such file or directory" 

WARNING: Failed to resolve file /org/bouncycastle/pqc/crypto/newhope/NHKeyPairGenerator.class with "No such file or directory" 

WARNING: Failed to resolve file /org/bouncycastle/pqc/crypto/picnic/PicnicEngine.class with "No such file or directory" 

WARNING: Failed to resolve file /org/bouncycastle/pqc/crypto/sphincs/SPHINCS256KeyGenerationParameters.class with "No such file or directory" 

WARNING: Failed to resolve file /org/bouncycastle/pqc/crypto/util/PublicKeyFactory$LMSConverter.class with "No such file or directory" 

WARNING: Failed to resolve file /org/bouncycastle/pqc/crypto/xmss/XMSSMTPrivateKeyParameters$Builder.class with "No such file or directory" 

WARNING: Failed to resolve file /org/bouncycastle/pqc/jcajce/interfaces/NHPublicKey.class with "No such file or directory" 

WARNING: Failed to resolve file /org/bouncycastle/pqc/jcajce/provider/SPHINCS.class with "No such file or directory" 

WARNING: Failed to resolve file /org/bouncycastle/pqc/jcajce/provider/falcon/SignatureSpi$Base.class with "No such file or directory" 

WARNING: Failed to resolve file /org/bouncycastle/pqc/jcajce/provider/mceliece/BCMcEliecePrivateKey.class with "No such file or directory" 

WARNING: Failed to resolve file /org/bouncycastle/pqc/jcajce/provider/picnic/BCPicnicPublicKey.class with "No such file or directory" 

WARNING: Failed to resolve file /org/bouncycastle/pqc/jcajce/provider/sphincsplus/SPHINCSPlusKeyPairGeneratorSpi$Shake_256f.class with "No such file or directory" 

WARNING: Failed to resolve file /org/bouncycastle/pqc/jcajce/spec/KyberParameterSpec.class with "No such file or directory" 

WARNING: Failed to resolve file /org/bouncycastle/pqc/legacy/crypto/mceliece/McEliecePrivateKeyParameters.class with "No such file or directory" 

WARNING: Failed to resolve file /org/bouncycastle/pqc/legacy/math/linearalgebra/GF2Matrix.class with "No such file or directory" 

WARNING: Failed to resolve file /org/bouncycastle/pqc/math/ntru/parameters/NTRUHPS2048509.class with "No such file or directory" 

WARNING: Failed to resolve file /org/bouncycastle/util/encoders/HexTranslator.class with "No such file or directory" 

WARNING: Failed to resolve file /org/bouncycastle/x509/X509CRLStoreSelector.class with "No such file or directory" 

Found 215 (out of 11364) source files to analyze in /home/udesou/.bench-agent/git/macro-benches/vendor/.infer-capture-ocaml-5.5.0-f523850
/net/bytebuddy/asm/Advice$OffsetMapping$ForInstrumentedMethod$2.class starting
/net/bytebuddy/asm/Advice$OffsetMapping$ForInstrumentedMethod$2.class DONE
/net/bytebuddy/dynamic/DynamicType$Builder$MethodDefinition$ParameterDefinition$Simple$Annotatable$AbstractBase.class starting
/net/bytebuddy/dynamic/DynamicType$Builder$MethodDefinition$ParameterDefinition$Simple$Annotatable$AbstractBase.class DONE
/net/bytebuddy/implementation/bytecode/assign/reference/GenericTypeAwareAssigner$IsAssignableToVisitor$OfGenericArray.class starting
/net/bytebuddy/implementation/bytecode/assign/reference/GenericTypeAwareAssigner$IsAssignableToVisitor$OfGenericArray.class DONE
/org/apache/lucene/codecs/lucene912/ForUtil.class starting
/org/apache/lucene/codecs/lucene912/ForUtil.class DONE
/org/apache/lucene/document/BinaryPoint$1.class starting
/org/apache/lucene/document/BinaryPoint$1.class DONE
/org/bouncycastle/pqc/crypto/newhope/NHKeyPairGenerator.class starting
/net/bytebuddy/dynamic/scaffold/MethodGraph$Compiler$Default$Key$Store$Entry$Initial.class starting
/net/bytebuddy/dynamic/scaffold/MethodGraph$Compiler$Default$Key$Store$Entry$Initial.class DONE
/org/bouncycastle/asn1/x500/DirectoryString.class starting
/org/bouncycastle/asn1/x500/DirectoryString.class DONE
/org/apache/lucene/search/BlockMaxConjunctionScorer$2.class starting
/org/apache/lucene/search/BlockMaxConjunctionScorer$2.class DONE
/org/bouncycastle/pqc/jcajce/spec/KyberParameterSpec.class starting
/org/bouncycastle/pqc/jcajce/spec/KyberParameterSpec.class DONE
/org/apache/lucene/document/XYShapeDocValues.class starting
/org/apache/lucene/document/XYShapeDocValues.class DONE
/org/bouncycastle/jcajce/provider/symmetric/AES$PBEWithSHA256And192BitAESBC.class starting
/org/bouncycastle/jcajce/provider/symmetric/AES$PBEWithSHA256And192BitAESBC.class DONE
/org/apache/lucene/index/ExitableDirectoryReader$ExitableFilterAtomicReader$4.class starting
/org/apache/lucene/index/ExitableDirectoryReader$ExitableFilterAtomicReader$4.class DONE
/org/apache/lucene/document/ShapeField$QueryRelation.class starting
/org/apache/lucene/document/ShapeField$QueryRelation.class DONE
/org/bouncycastle/asn1/x509/sigi/NameOrPseudonym.class starting
/org/bouncycastle/asn1/x509/sigi/NameOrPseudonym.class DONE
/org/apache/lucene/search/DoubleValuesSource$DoubleValuesComparatorSource$1.class starting
/org/apache/lucene/search/DoubleValuesSource$DoubleValuesComparatorSource$1.class DONE
/com/google/common/collect/ImmutableMultimap$Builder.class starting
/com/google/common/collect/ImmutableMultimap$Builder.class DONE
/com/google/common/base/Converter$IdentityConverter.class starting
/com/google/common/base/Converter$IdentityConverter.class DONE
/net/bytebuddy/agent/builder/package-info.class starting
/net/bytebuddy/agent/builder/package-info.class DONE
/org/apache/lucene/util/Sorter.class starting
/org/apache/lucene/util/Sorter.class DONE
/com/google/common/graph/ValueGraph.class starting
/com/google/common/graph/ValueGraph.class DONE
/org/bouncycastle/pqc/jcajce/provider/SPHINCS.class starting
/org/bouncycastle/pqc/jcajce/provider/SPHINCS.class DONE
/org/bouncycastle/jcajce/provider/digest/RIPEMD256$HashMac.class starting
/org/bouncycastle/jcajce/provider/digest/RIPEMD256$HashMac.class DONE
/org/bouncycastle/jcajce/provider/symmetric/DES$Mappings.class starting
/org/bouncycastle/jcajce/provider/symmetric/DES$Mappings.class DONE
/com/google/common/util/concurrent/Monitor$Guard.class starting
/com/google/common/util/concurrent/Monitor$Guard.class DONE
/net/bytebuddy/pool/TypePool$Default$LazyTypeDescription$LazyMethodDescription$LazyParameterizedReceiverType$TypeArgumentList$AnnotatedTypeVariable.class starting
/net/bytebuddy/pool/TypePool$Default$LazyTypeDescription$LazyMethodDescription$LazyParameterizedReceiverType$TypeArgumentList$AnnotatedTypeVariable.class DONE
/net/bytebuddy/build/Plugin$Factory$UsingReflection$Instantiator$Unresolved.class starting
/net/bytebuddy/build/Plugin$Factory$UsingReflection$Instantiator$Unresolved.class DONE
/org/bouncycastle/crypto/generators/ElGamalParametersGenerator.class starting
/org/bouncycastle/crypto/generators/ElGamalParametersGenerator.class DONE
/org/bouncycastle/crypto/digests/ShortenedDigest.class starting
/org/bouncycastle/crypto/digests/ShortenedDigest.class DONE
/net/bytebuddy/matcher/FilterableList.class starting
/net/bytebuddy/matcher/FilterableList.class DONE
/com/google/common/io/BaseEncoding.class starting
/com/google/common/io/BaseEncoding.class DONE
/org/bouncycastle/pqc/crypto/picnic/PicnicEngine.class starting
/org/bouncycastle/pqc/crypto/picnic/PicnicEngine.class DONE
/org/bouncycastle/jcajce/provider/symmetric/PBEPKCS12.class starting
/org/bouncycastle/jcajce/provider/symmetric/PBEPKCS12.class DONE
/org/bouncycastle/crypto/prng/X931SecureRandom.class starting
/org/bouncycastle/crypto/prng/X931SecureRandom.class DONE
/net/bytebuddy/description/modifier/SynchronizationState.class starting
/net/bytebuddy/description/modifier/SynchronizationState.class DONE
/org/apache/lucene/search/ConstantScoreQuery$1$1.class starting
/org/apache/lucene/search/ConstantScoreQuery$1$1.class DONE
/org/apache/lucene/internal/hppc/IntDoubleHashMap$EntryIterator.class starting
/org/apache/lucene/internal/hppc/IntDoubleHashMap$EntryIterator.class DONE
/org/bouncycastle/asn1/x509/NameConstraints.class starting
/org/bouncycastle/asn1/x509/NameConstraints.class DONE
/com/google/common/graph/GraphBuilder.class starting
/com/google/common/graph/GraphBuilder.class DONE
/org/bouncycastle/jcajce/provider/symmetric/Threefish.class starting
/org/bouncycastle/jcajce/provider/symmetric/Threefish.class DONE
/com/google/common/util/concurrent/SimpleTimeLimiter$1.class starting
/com/google/common/util/concurrent/SimpleTimeLimiter$1.class DONE
/net/bytebuddy/dynamic/scaffold/TypeWriter$MethodPool$Record$AccessBridgeWrapper.class starting
/net/bytebuddy/dynamic/scaffold/TypeWriter$MethodPool$Record$AccessBridgeWrapper.class DONE
/net/bytebuddy/dynamic/ClassFileLocator$ForModuleFile.class starting
/net/bytebuddy/dynamic/ClassFileLocator$ForModuleFile.class DONE
/org/apache/lucene/search/ReqOptSumScorer.class starting
/org/apache/lucene/search/ReqOptSumScorer.class DONE
/com/google/common/util/concurrent/AggregateFutureState.class starting
/com/google/common/util/concurrent/AggregateFutureState.class DONE
/com/google/common/annotations/Beta.class starting
/com/google/common/annotations/Beta.class DONE
/com/google/common/collect/DenseImmutableTable.class starting
/com/google/common/collect/DenseImmutableTable.class DONE
/org/bouncycastle/math/ec/custom/gm/SM2P256V1FieldElement.class starting
/org/bouncycastle/math/ec/custom/gm/SM2P256V1FieldElement.class DONE
/org/bouncycastle/jcajce/provider/asymmetric/dh/KeyAgreementSpi$DHwithSHA384CKDF.class starting
/org/bouncycastle/jcajce/provider/asymmetric/dh/KeyAgreementSpi$DHwithSHA384CKDF.class DONE
/org/bouncycastle/jcajce/provider/digest/GOST3411$Mappings.class starting
/org/bouncycastle/jcajce/provider/digest/GOST3411$Mappings.class DONE
/org/bouncycastle/pqc/jcajce/provider/sphincsplus/SPHINCSPlusKeyPairGeneratorSpi$Shake_256f.class starting
/org/bouncycastle/pqc/jcajce/provider/sphincsplus/SPHINCSPlusKeyPairGeneratorSpi$Shake_256f.class DONE
/org/bouncycastle/jcajce/provider/symmetric/util/BaseStreamCipher.class starting
/org/bouncycastle/jcajce/provider/symmetric/util/BaseStreamCipher.class DONE
/net/bytebuddy/implementation/auxiliary/TypeProxy$1.class starting
/net/bytebuddy/implementation/auxiliary/TypeProxy$1.class DONE
/com/google/common/collect/ImmutableSortedSet$1.class starting
/com/google/common/collect/ImmutableSortedSet$1.class DONE
/net/bytebuddy/pool/TypePool$Default$LazyTypeDescription$AnnotationToken.class starting
/net/bytebuddy/pool/TypePool$Default$LazyTypeDescription$AnnotationToken.class DONE
/org/apache/lucene/index/SingletonSortedSetDocValues.class starting
/org/apache/lucene/index/SingletonSortedSetDocValues.class DONE
/org/bouncycastle/pqc/crypto/crystals/dilithium/DilithiumKeyPairGenerator.class starting
/org/bouncycastle/pqc/crypto/crystals/dilithium/DilithiumKeyPairGenerator.class DONE
/org/bouncycastle/math/ec/rfc8032/Ed25519$PointTemp.class starting
/org/bouncycastle/math/ec/rfc8032/Ed25519$PointTemp.class DONE
/org/bouncycastle/jce/provider/RFC3280CertPathUtilities.class starting
/org/bouncycastle/jce/provider/RFC3280CertPathUtilities.class DONE
/net/bytebuddy/build/Plugin$Engine$Listener$StreamWriting.class starting
/net/bytebuddy/build/Plugin$Engine$Listener$StreamWriting.class DONE
/org/bouncycastle/crypto/macs/DSTU7564Mac.class starting
/org/bouncycastle/crypto/macs/DSTU7564Mac.class DONE
/org/bouncycastle/jcajce/provider/asymmetric/ec/KeyPairGeneratorSpi.class starting
/org/bouncycastle/jcajce/provider/asymmetric/ec/KeyPairGeneratorSpi.class DONE
/net/bytebuddy/implementation/MethodCall$MethodInvoker.class starting
/net/bytebuddy/implementation/MethodCall$MethodInvoker.class DONE
/net/bytebuddy/ByteBuddy$RecordConstructorStrategy.class starting
/net/bytebuddy/ByteBuddy$RecordConstructorStrategy.class DONE
/org/bouncycastle/jcajce/provider/asymmetric/x509/X509CRLInternal.class starting
/org/bouncycastle/jcajce/provider/asymmetric/x509/X509CRLInternal.class DONE
/org/bouncycastle/jcajce/provider/asymmetric/rsa/DigestSignatureSpi$SHA3_384.class starting
/org/bouncycastle/jcajce/provider/asymmetric/rsa/DigestSignatureSpi$SHA3_384.class DONE
/com/google/common/collect/RegularImmutableMap$Values.class starting
/com/google/common/collect/RegularImmutableMap$Values.class DONE
/org/apache/lucene/index/MultiDocValues$1.class starting
/org/apache/lucene/index/MultiDocValues$1.class DONE
/net/bytebuddy/asm/MemberSubstitution$TypePoolResolver$OfImplicitPool.class starting
/net/bytebuddy/asm/MemberSubstitution$TypePoolResolver$OfImplicitPool.class DONE
/net/bytebuddy/description/type/TypeDescription$Generic$AnnotationReader$Delegator$ForLoadedTypeVariable.class starting
/net/bytebuddy/description/type/TypeDescription$Generic$AnnotationReader$Delegator$ForLoadedTypeVariable.class DONE
/org/bouncycastle/crypto/CipherKeyGenerator.class starting
/org/bouncycastle/crypto/CipherKeyGenerator.class DONE
/org/apache/lucene/codecs/lucene99/Lucene99HnswVectorsWriter$2.class starting
/org/apache/lucene/codecs/lucene99/Lucene99HnswVectorsWriter$2.class DONE
/org/bouncycastle/jcajce/provider/symmetric/DSTU7624$GCM128.class starting
/org/bouncycastle/jcajce/provider/symmetric/DSTU7624$GCM128.class DONE
/org/apache/lucene/util/AttributeImpl.class starting
/org/apache/lucene/util/AttributeImpl.class DONE
/org/apache/lucene/codecs/lucene90/Lucene90DocValuesProducer$17.class starting
/org/apache/lucene/codecs/lucene90/Lucene90DocValuesProducer$17.class DONE
/org/apache/lucene/search/comparators/NumericComparator$NumericLeafComparator.class starting
/org/apache/lucene/search/comparators/NumericComparator$NumericLeafComparator.class DONE
/org/apache/lucene/util/packed/PackedWriter.class starting
/org/apache/lucene/util/packed/PackedWriter.class DONE
/com/google/common/primitives/Shorts$ShortConverter.class starting
/com/google/common/primitives/Shorts$ShortConverter.class DONE
/org/bouncycastle/pqc/crypto/hqc/HQCKEMExtractor.class starting
/org/bouncycastle/pqc/crypto/hqc/HQCKEMExtractor.class DONE
/org/apache/lucene/codecs/hnsw/DefaultFlatVectorScorer$ByteScoringSupplier$1.class starting
/org/apache/lucene/codecs/hnsw/DefaultFlatVectorScorer$ByteScoringSupplier$1.class DONE
/net/bytebuddy/implementation/attribute/AnnotationValueFilter$Factory.class starting
/net/bytebuddy/implementation/attribute/AnnotationValueFilter$Factory.class DONE
/org/apache/lucene/analysis/tokenattributes/TermToBytesRefAttribute.class starting
/org/apache/lucene/analysis/tokenattributes/TermToBytesRefAttribute.class DONE
/org/bouncycastle/crypto/StagedAgreement.class starting
/org/bouncycastle/crypto/StagedAgreement.class DONE
/org/bouncycastle/crypto/params/NaccacheSternKeyGenerationParameters.class starting
/org/bouncycastle/crypto/params/NaccacheSternKeyGenerationParameters.class DONE
/org/apache/lucene/index/IndexWriter$DocModifier.class starting
/org/apache/lucene/index/IndexWriter$DocModifier.class DONE
/org/apache/lucene/util/bkd/OfflinePointWriter.class starting
/org/apache/lucene/util/bkd/OfflinePointWriter.class DONE
/org/apache/lucene/search/SortedNumericSortField$5.class starting
/org/apache/lucene/search/SortedNumericSortField$5.class DONE
/org/bouncycastle/jce/provider/AnnotatedException.class starting
/org/bouncycastle/jce/provider/AnnotatedException.class DONE
/org/apache/lucene/util/packed/DirectReader$DirectPackedReader32.class starting
/org/apache/lucene/util/packed/DirectReader$DirectPackedReader32.class DONE
/org/bouncycastle/jcajce/provider/symmetric/Rijndael.class starting
/org/bouncycastle/jcajce/provider/symmetric/Rijndael.class DONE
/net/bytebuddy/description/annotation/AnnotationValue$Loaded$AbstractBase$ForUnresolvedProperty.class starting
/net/bytebuddy/description/annotation/AnnotationValue$Loaded$AbstractBase$ForUnresolvedProperty.class DONE
/org/apache/lucene/util/DocIdSetBuilder$BulkAdder.class starting
/org/apache/lucene/util/DocIdSetBuilder$BulkAdder.class DONE
/org/bouncycastle/pqc/jcajce/provider/picnic/BCPicnicPublicKey.class starting
/org/bouncycastle/pqc/jcajce/provider/picnic/BCPicnicPublicKey.class DONE
/com/google/common/collect/HashMultimap.class starting
/com/google/common/collect/HashMultimap.class DONE
/org/bouncycastle/crypto/params/DHParameters.class starting
/org/bouncycastle/crypto/params/DHParameters.class DONE
/net/bytebuddy/agent/builder/AgentBuilder$InstallationListener$Compound.class starting
/net/bytebuddy/agent/builder/AgentBuilder$InstallationListener$Compound.class DONE
/net/bytebuddy/dynamic/scaffold/subclass/SubclassImplementationTarget$OriginTypeResolver$1.class starting
/net/bytebuddy/dynamic/scaffold/subclass/SubclassImplementationTarget$OriginTypeResolver$1.class DONE
/com/google/common/collect/SortedLists$KeyAbsentBehavior$2.class starting
/com/google/common/collect/SortedLists$KeyAbsentBehavior$2.class DONE
/org/bouncycastle/jcajce/provider/symmetric/Shacal2$AlgParams.class starting
/org/bouncycastle/jcajce/provider/symmetric/Shacal2$AlgParams.class DONE
/org/bouncycastle/crypto/util/DEROtherInfo$1.class starting
/org/bouncycastle/crypto/util/DEROtherInfo$1.class DONE
/net/bytebuddy/agent/builder/AgentBuilder$Default$NativeMethodStrategy$ForPrefix.class starting
/net/bytebuddy/agent/builder/AgentBuilder$Default$NativeMethodStrategy$ForPrefix.class DONE
/com/google/common/collect/Streams$DoubleFunctionWithIndex.class starting
/com/google/common/collect/Streams$DoubleFunctionWithIndex.class DONE
/org/bouncycastle/jcajce/provider/asymmetric/ecgost12/KeyAgreementSpi$ECVKO512.class starting
/org/bouncycastle/jcajce/provider/asymmetric/ecgost12/KeyAgreementSpi$ECVKO512.class DONE
/net/bytebuddy/implementation/MethodDelegation.class starting
/net/bytebuddy/implementation/MethodDelegation.class DONE
/net/bytebuddy/implementation/FieldAccessor$FieldLocation.class starting
/net/bytebuddy/implementation/FieldAccessor$FieldLocation.class DONE
/org/bouncycastle/pqc/crypto/sphincs/SPHINCS256KeyGenerationParameters.class starting
/org/bouncycastle/pqc/crypto/sphincs/SPHINCS256KeyGenerationParameters.class DONE
/org/bouncycastle/jcajce/provider/asymmetric/edec/KeyPairGeneratorSpi$X448.class starting
/org/bouncycastle/jcajce/provider/asymmetric/edec/KeyPairGeneratorSpi$X448.class DONE
/net/bytebuddy/dynamic/loading/PackageDefinitionStrategy$ManifestReading.class starting
/net/bytebuddy/dynamic/loading/PackageDefinitionStrategy$ManifestReading.class DONE
/org/bouncycastle/asn1/LazyEncodedSequence.class starting
/org/bouncycastle/asn1/LazyEncodedSequence.class DONE
/net/bytebuddy/description/annotation/AnnotationDescription.class starting
/net/bytebuddy/description/annotation/AnnotationDescription.class DONE
/org/bouncycastle/crypto/ec/ECDecryptor.class starting
/org/bouncycastle/crypto/ec/ECDecryptor.class DONE
/org/bouncycastle/asn1/BEROctetStringParser.class starting
/org/bouncycastle/asn1/BEROctetStringParser.class DONE
/net/bytebuddy/dynamic/scaffold/TypeWriter$Default$ClassDumpAction$Dispatcher$Enabled.class starting
/net/bytebuddy/dynamic/scaffold/TypeWriter$Default$ClassDumpAction$Dispatcher$Enabled.class DONE
/org/bouncycastle/pqc/jcajce/interfaces/NHPublicKey.class starting
/org/bouncycastle/pqc/jcajce/interfaces/NHPublicKey.class DONE
/com/google/common/collect/JdkBackedImmutableMap.class starting
/com/google/common/collect/JdkBackedImmutableMap.class DONE
/com/google/common/collect/MapMakerInternalMap$EntrySet.class starting
/com/google/common/collect/MapMakerInternalMap$EntrySet.class DONE
/org/bouncycastle/math/ec/ECCurve$Config.class starting
/org/bouncycastle/math/ec/ECCurve$Config.class DONE
/org/apache/lucene/util/mutable/MutableValueDate.class starting
/org/apache/lucene/util/mutable/MutableValueDate.class DONE
/com/google/common/collect/TransformedListIterator.class starting
/com/google/common/collect/TransformedListIterator.class DONE
/com/google/common/base/Utf8.class starting
/com/google/common/base/Utf8.class DONE
/org/bouncycastle/crypto/digests/AsconXof$1.class starting
/org/bouncycastle/crypto/digests/AsconXof$1.class DONE
/org/apache/lucene/analysis/CharArrayMap.class starting
/org/apache/lucene/analysis/CharArrayMap.class DONE
/net/bytebuddy/description/method/MethodList$Explicit.class starting
/net/bytebuddy/description/method/MethodList$Explicit.class DONE
/org/apache/lucene/search/NamedMatches$NamedQuery.class starting
/org/apache/lucene/search/NamedMatches$NamedQuery.class DONE
/net/bytebuddy/matcher/TypeSortMatcher.class starting
/net/bytebuddy/matcher/TypeSortMatcher.class DONE
/net/bytebuddy/description/type/TypeDescription$Latent.class starting
/net/bytebuddy/description/type/TypeDescription$Latent.class DONE
/net/bytebuddy/utility/FileSystem$ForNio2CapableVm$StandardCopyOption.class starting
/net/bytebuddy/utility/FileSystem$ForNio2CapableVm$StandardCopyOption.class DONE
/org/bouncycastle/crypto/engines/GOST3412_2015Engine.class starting
/org/bouncycastle/crypto/engines/GOST3412_2015Engine.class DONE
/org/bouncycastle/math/ec/custom/sec/SecT239K1Curve.class starting
/org/bouncycastle/math/ec/custom/sec/SecT239K1Curve.class DONE
/org/apache/lucene/index/PointValues$IntersectVisitor.class starting
/org/apache/lucene/index/PointValues$IntersectVisitor.class DONE
/net/bytebuddy/implementation/InvokeDynamic$WithImplicitArguments.class starting
/net/bytebuddy/implementation/InvokeDynamic$WithImplicitArguments.class DONE
/org/bouncycastle/pqc/jcajce/provider/mceliece/BCMcEliecePrivateKey.class starting
/org/bouncycastle/pqc/jcajce/provider/mceliece/BCMcEliecePrivateKey.class DONE
/com/google/common/util/concurrent/ForwardingCheckedFuture$SimpleForwardingCheckedFuture.class starting
/com/google/common/util/concurrent/ForwardingCheckedFuture$SimpleForwardingCheckedFuture.class DONE
/org/bouncycastle/util/encoders/HexTranslator.class starting
/org/bouncycastle/util/encoders/HexTranslator.class DONE
/com/google/common/collect/ForwardingConcurrentMap.class starting
/com/google/common/collect/ForwardingConcurrentMap.class DONE
/org/bouncycastle/jcajce/provider/keystore/pkcs12/PKCS12KeyStoreSpi$1.class starting
/org/bouncycastle/jcajce/provider/keystore/pkcs12/PKCS12KeyStoreSpi$1.class DONE
/org/bouncycastle/jcajce/provider/asymmetric/compositesignatures/KeyPairGeneratorSpi$MLDSA65_ECDSA_brainpoolP256r1_SHA512.class starting
/org/bouncycastle/jcajce/provider/asymmetric/compositesignatures/KeyPairGeneratorSpi$MLDSA65_ECDSA_brainpoolP256r1_SHA512.class DONE
/com/google/common/reflect/TypeToken$Bounds.class starting
/com/google/common/reflect/TypeToken$Bounds.class DONE
/org/apache/lucene/store/IndexInput$1.class starting
/org/apache/lucene/store/IndexInput$1.class DONE
/net/bytebuddy/dynamic/loading/ClassInjector$UsingReflection$Dispatcher$Initializable.class starting
/net/bytebuddy/dynamic/loading/ClassInjector$UsingReflection$Dispatcher$Initializable.class DONE
/org/apache/lucene/util/ModuleResourceLoader.class starting
/org/apache/lucene/util/ModuleResourceLoader.class DONE
/org/bouncycastle/pqc/jcajce/provider/falcon/SignatureSpi$Base.class starting
/org/bouncycastle/pqc/jcajce/provider/falcon/SignatureSpi$Base.class DONE
/org/apache/lucene/index/FreqProxFields$FreqProxTermsEnum$1.class starting
/org/apache/lucene/index/FreqProxFields$FreqProxTermsEnum$1.class DONE
/org/bouncycastle/jcajce/provider/digest/Whirlpool$KeyGenerator.class starting
/org/bouncycastle/jcajce/provider/digest/Whirlpool$KeyGenerator.class DONE
/net/bytebuddy/implementation/HashCodeMethod$ValueTransformer$7.class starting
/net/bytebuddy/implementation/HashCodeMethod$ValueTransformer$7.class DONE
/com/google/common/collect/MultimapBuilder$2.class starting
/com/google/common/collect/MultimapBuilder$2.class DONE
/com/google/common/base/Platform.class starting
/com/google/common/base/Platform.class DONE
/org/bouncycastle/jcajce/provider/asymmetric/rsa/PSSSignatureSpi$SHA512withRSA.class starting
/org/bouncycastle/jcajce/provider/asymmetric/rsa/PSSSignatureSpi$SHA512withRSA.class DONE
/com/google/common/net/HttpHeaders.class starting
/com/google/common/net/HttpHeaders.class DONE
/org/bouncycastle/pqc/crypto/falcon/FalconSmallPrime.class starting
/org/bouncycastle/pqc/crypto/falcon/FalconSmallPrime.class DONE
/net/bytebuddy/implementation/bind/annotation/Morph$Binder$RedirectionProxy$InstanceFieldConstructor$Appender.class starting
/net/bytebuddy/implementation/bind/annotation/Morph$Binder$RedirectionProxy$InstanceFieldConstructor$Appender.class DONE
/net/bytebuddy/implementation/InvocationHandlerAdapter.class starting
/net/bytebuddy/implementation/InvocationHandlerAdapter.class DONE
/org/bouncycastle/crypto/modes/NISTCTSBlockCipher.class starting
/org/bouncycastle/crypto/modes/NISTCTSBlockCipher.class DONE
/org/bouncycastle/jcajce/provider/digest/Skein$HMacKeyGenerator_512_384.class starting
/org/bouncycastle/jcajce/provider/digest/Skein$HMacKeyGenerator_512_384.class DONE
/org/bouncycastle/pqc/legacy/crypto/mceliece/McEliecePrivateKeyParameters.class starting
/org/bouncycastle/pqc/legacy/crypto/mceliece/McEliecePrivateKeyParameters.class DONE
/org/bouncycastle/x509/X509CRLStoreSelector.class starting
/org/bouncycastle/x509/X509CRLStoreSelector.class DONE
/org/apache/lucene/util/fst/Util$FSTPath.class starting
/org/apache/lucene/util/fst/Util$FSTPath.class DONE
/org/apache/lucene/search/LongValuesSource$LongValuesComparatorSource.class starting
/org/apache/lucene/search/LongValuesSource$LongValuesComparatorSource.class DONE
/net/bytebuddy/description/type/TypeDescription$Generic$OfParameterizedType$Latent.class starting
/net/bytebuddy/description/type/TypeDescription$Generic$OfParameterizedType$Latent.class DONE
/org/bouncycastle/pqc/crypto/util/PublicKeyFactory$LMSConverter.class starting
/org/bouncycastle/pqc/crypto/util/PublicKeyFactory$LMSConverter.class DONE
/org/bouncycastle/crypto/util/SSHNamedCurves$3.class starting
/org/bouncycastle/crypto/util/SSHNamedCurves$3.class DONE
/com/google/common/io/LineProcessor.class starting
/com/google/common/io/LineProcessor.class DONE
/org/bouncycastle/pqc/legacy/math/linearalgebra/GF2Matrix.class starting
/org/bouncycastle/pqc/legacy/math/linearalgebra/GF2Matrix.class DONE
/com/google/common/cache/LongAddables.class starting
/com/google/common/cache/LongAddables.class DONE
/org/bouncycastle/jcajce/provider/symmetric/CAST5$CBC.class starting
/org/bouncycastle/jcajce/provider/symmetric/CAST5$CBC.class DONE
/org/bouncycastle/jcajce/provider/symmetric/HC128$KeyGen.class starting
/org/bouncycastle/jcajce/provider/symmetric/HC128$KeyGen.class DONE
/org/bouncycastle/pqc/crypto/xmss/XMSSMTPrivateKeyParameters$Builder.class starting
/org/bouncycastle/pqc/crypto/xmss/XMSSMTPrivateKeyParameters$Builder.class DONE
/org/bouncycastle/jcajce/provider/asymmetric/ec/KeyAgreementSpi$DHUwithSHA224KDF.class starting
/org/bouncycastle/jcajce/provider/asymmetric/ec/KeyAgreementSpi$DHUwithSHA224KDF.class DONE
/org/apache/lucene/document/FloatPoint$2.class starting
/org/apache/lucene/document/FloatPoint$2.class DONE
/org/apache/lucene/index/SortedNumericDocValuesWriter.class starting
/org/apache/lucene/index/SortedNumericDocValuesWriter.class DONE
/org/bouncycastle/pqc/math/ntru/parameters/NTRUHPS2048509.class starting
/org/bouncycastle/pqc/math/ntru/parameters/NTRUHPS2048509.class DONE
/net/bytebuddy/implementation/bytecode/ByteCodeAppender$Compound.class starting
/net/bytebuddy/implementation/bytecode/ByteCodeAppender$Compound.class DONE
/com/google/common/collect/Maps$AsMapView$1EntrySetImpl.class starting
/com/google/common/collect/Maps$AsMapView$1EntrySetImpl.class DONE
/org/apache/lucene/search/TopDocsCollector.class starting
/org/apache/lucene/search/TopDocsCollector.class DONE
/net/bytebuddy/asm/Advice$Dispatcher$Resolved$AbstractBase.class starting
/net/bytebuddy/asm/Advice$Dispatcher$Resolved$AbstractBase.class DONE
/org/bouncycastle/jcajce/provider/asymmetric/ec/BCECPrivateKey.class starting
/org/bouncycastle/math/ec/custom/sec/SecP384R1FieldElement.class starting
/org/bouncycastle/math/ec/custom/sec/SecP384R1FieldElement.class DONE
/org/bouncycastle/crypto/engines/SparkleEngine$1.class starting
/org/bouncycastle/crypto/engines/SparkleEngine$1.class DONE
/org/bouncycastle/asn1/sec/SECNamedCurves$17.class starting
/org/bouncycastle/asn1/sec/SECNamedCurves$17.class DONE
/com/google/common/collect/AbstractMapBasedMultiset$2$1.class starting
/com/google/common/collect/AbstractMapBasedMultiset$2$1.class DONE
/net/bytebuddy/asm/Advice$OffsetMapping.class starting
/net/bytebuddy/asm/Advice$OffsetMapping.class DONE
/org/bouncycastle/asn1/ASN1ObjectDescriptor$1.class starting
/org/bouncycastle/asn1/ASN1ObjectDescriptor$1.class DONE
/net/bytebuddy/implementation/bind/annotation/AllArguments.class starting
/net/bytebuddy/implementation/bind/annotation/AllArguments.class DONE
/com/google/common/cache/LocalCache$EntryFactory$2.class starting
/com/google/common/cache/LocalCache$EntryFactory$2.class DONE
/org/apache/lucene/search/ImpactsDISI.class starting
/org/apache/lucene/search/ImpactsDISI.class DONE
/net/bytebuddy/build/EntryPoint$Default.class starting
/net/bytebuddy/build/EntryPoint$Default.class DONE
/org/apache/lucene/search/similarities/MultiSimilarity.class starting
/org/apache/lucene/search/similarities/MultiSimilarity.class DONE
/org/apache/lucene/document/LatLonPointDistanceQuery.class starting
/org/apache/lucene/document/LatLonPointDistanceQuery.class DONE
/com/google/common/util/concurrent/AbstractFuture$Listener.class starting
/com/google/common/util/concurrent/AbstractFuture$Listener.class DONE
/net/bytebuddy/dynamic/VisibilityBridgeStrategy$Default$2.class starting
/net/bytebuddy/dynamic/VisibilityBridgeStrategy$Default$2.class DONE
/org/apache/lucene/index/TermVectorsConsumerPerField$TermVectorsPostingsArray.class starting
/org/apache/lucene/index/TermVectorsConsumerPerField$TermVectorsPostingsArray.class DONE
/org/apache/lucene/internal/hppc/LongIntHashMap$LongIntCursor.class starting
/org/apache/lucene/internal/hppc/LongIntHashMap$LongIntCursor.class DONE
/org/apache/lucene/codecs/lucene90/Lucene90PointsFormat.class starting
/org/apache/lucene/codecs/lucene90/Lucene90PointsFormat.class DONE
/org/apache/lucene/util/automaton/MinimizationOperations$IntPair.class starting
/org/apache/lucene/util/automaton/MinimizationOperations$IntPair.class DONE
/com/google/common/hash/Hashing.class starting
/com/google/common/hash/Hashing.class DONE
/org/bouncycastle/jcajce/spec/SkeinParameterSpec.class starting
/org/bouncycastle/jcajce/spec/SkeinParameterSpec.class DONE
/net/bytebuddy/agent/builder/AgentBuilder$RedefinitionStrategy$Listener$Adapter.class starting
/net/bytebuddy/agent/builder/AgentBuilder$RedefinitionStrategy$Listener$Adapter.class DONE
/net/bytebuddy/jar/asm/RecordComponentWriter.class starting
/net/bytebuddy/jar/asm/RecordComponentWriter.class DONE
/com/google/common/collect/Multisets$4.class starting
/com/google/common/collect/Multisets$4.class DONE
/org/apache/lucene/index/BaseTermsEnum$1.class starting
/org/apache/lucene/index/BaseTermsEnum$1.class DONE
/net/bytebuddy/utility/dispatcher/JavaDispatcher$Dispatcher.class starting
/net/bytebuddy/utility/dispatcher/JavaDispatcher$Dispatcher.class DONE
/org/bouncycastle/asn1/ocsp/OCSPRequest.class starting
/org/bouncycastle/asn1/ocsp/OCSPRequest.class DONE
/org/apache/lucene/codecs/KnnVectorsWriter$ByteVectorValuesSub.class starting
/org/apache/lucene/codecs/KnnVectorsWriter$ByteVectorValuesSub.class DONE
/net/bytebuddy/asm/ClassVisitorFactory$FrameTranslator.class starting
/net/bytebuddy/asm/ClassVisitorFactory$FrameTranslator.class DONE
/com/google/common/collect/TreeTraverser.class starting
/com/google/common/collect/TreeTraverser.class DONE
/org/bouncycastle/jcajce/provider/asymmetric/CompositeSignatures.class starting
/org/bouncycastle/jcajce/provider/asymmetric/CompositeSignatures.class DONE
/org/bouncycastle/jcajce/BCFKSLoadStoreParameter$SignatureAlgorithm.class starting
/org/bouncycastle/jcajce/BCFKSLoadStoreParameter$SignatureAlgorithm.class DONE
/com/google/common/graph/AbstractBaseGraph$1.class starting
/com/google/common/graph/AbstractBaseGraph$1.class DONE
/net/bytebuddy/implementation/bytecode/member/FieldAccess$AccessDispatcher$FieldPutInstruction.class starting
/net/bytebuddy/implementation/bytecode/member/FieldAccess$AccessDispatcher$FieldPutInstruction.class DONE
/org/apache/lucene/index/ConcurrentMergeScheduler.class starting
/org/apache/lucene/index/ConcurrentMergeScheduler.class DONE
/org/bouncycastle/pqc/asn1/PQCObjectIdentifiers.class starting
/org/bouncycastle/pqc/asn1/PQCObjectIdentifiers.class DONE
/org/bouncycastle/jcajce/provider/digest/SHA3$Mappings.class starting
/org/bouncycastle/jcajce/provider/digest/SHA3$Mappings.class DONE
/com/google/common/collect/CollectSpliterators.class starting
/com/google/common/collect/CollectSpliterators.class DONE
/net/bytebuddy/agent/builder/AgentBuilder$PoolStrategy$Default.class starting
/net/bytebuddy/agent/builder/AgentBuilder$PoolStrategy$Default.class DONE
/net/bytebuddy/asm/Advice$AssignReturned$ToReturned$Handler.class starting
/net/bytebuddy/asm/Advice$AssignReturned$ToReturned$Handler.class DONE
/org/bouncycastle/jcajce/provider/asymmetric/ec/BCECPrivateKey.class DONE
/org/bouncycastle/pqc/crypto/newhope/NHKeyPairGenerator.class DONE
/org/bouncycastle/pqc/crypto/xmss/XMSSMTPrivateKeyParameters$Builder.class starting
/org/bouncycastle/pqc/crypto/xmss/XMSSMTPrivateKeyParameters$Builder.class DONE
/org/bouncycastle/jce/provider/RFC3280CertPathUtilities.class starting
/org/bouncycastle/jce/provider/RFC3280CertPathUtilities.class DONE
/org/bouncycastle/jcajce/provider/asymmetric/rsa/PSSSignatureSpi$SHA512withRSA.class starting
/org/bouncycastle/jcajce/provider/asymmetric/rsa/PSSSignatureSpi$SHA512withRSA.class DONE
/org/bouncycastle/math/ec/custom/gm/SM2P256V1FieldElement.class starting
/org/bouncycastle/math/ec/custom/gm/SM2P256V1FieldElement.class DONE
/org/apache/lucene/document/XYShapeDocValues.class starting
/org/apache/lucene/document/XYShapeDocValues.class DONE
/org/apache/lucene/document/LatLonPointDistanceQuery.class starting
/org/apache/lucene/document/XYShapeDocValues.class starting
/org/bouncycastle/math/ec/custom/sec/SecP384R1FieldElement.class starting
/org/apache/lucene/document/XYShapeDocValues.class DONE
/org/apache/lucene/document/LatLonPointDistanceQuery.class DONE
/org/bouncycastle/math/ec/custom/sec/SecP384R1FieldElement.class DONE
/org/bouncycastle/jce/provider/RFC3280CertPathUtilities.class starting
/org/bouncycastle/jce/provider/RFC3280CertPathUtilities.class DONE
/org/bouncycastle/math/ec/custom/gm/SM2P256V1FieldElement.class starting
/org/bouncycastle/math/ec/custom/gm/SM2P256V1FieldElement.class DONE
/org/bouncycastle/jce/provider/RFC3280CertPathUtilities.class starting
/org/bouncycastle/jce/provider/RFC3280CertPathUtilities.class DONE
Could not read file /com/google/common/collect/DenseImmutableTable.class
Could not read file /org/apache/lucene/document/ShapeDocValues.class
Could not read file /org/apache/lucene/index/MergeRateLimiter.class
*****
{
  "olly": {
    "version": 2,
    "wall_time": 156.38,
    "cpu_time": 2023.21,
    "gc_time": 121.98,
    "gc_overhead": 6.03,
    "max_rss_kb": 4285088,
    "domain_stats": {
      "0": {
        "wall_time": 156.38,
        "gc_time": 0.87,
        "gc_overhead": 0.56
      },
      "1": {
        "wall_time": 155.76,
        "gc_time": 16.58,
        "gc_overhead": 10.64
      },
      "2": {
        "wall_time": 155.59,
        "gc_time": 9.72,
        "gc_overhead": 6.25
      },
      "3": {
        "wall_time": 155.68,
        "gc_time": 14.36,
        "gc_overhead": 9.22
      },
      "4": {
        "wall_time": 155.66,
        "gc_time": 12.99,
        "gc_overhead": 8.34
      },
      "5": {
        "wall_time": 155.58,
        "gc_time": 9.25,
        "gc_overhead": 5.95
      },
      "6": {
        "wall_time": 155.52,
        "gc_time": 8.33,
        "gc_overhead": 5.35
      },
      "7": {
        "wall_time": 155.54,
        "gc_time": 7.53,
        "gc_overhead": 4.84
      },
      "8": {
        "wall_time": 155.53,
        "gc_time": 8.7,
        "gc_overhead": 5.6
      },
      "9": {
        "wall_time": 155.46,
        "gc_time": 7.94,
        "gc_overhead": 5.11
      },
      "10": {
        "wall_time": 155.49,
        "gc_time": 8.23,
        "gc_overhead": 5.29
      },
      "11": {
        "wall_time": 155.54,
        "gc_time": 7.63,
        "gc_overhead": 4.91
      },
      "12": {
        "wall_time": 155.46,
        "gc_time": 9.86,
        "gc_overhead": 6.34
      }
    },
    "mean_latency": 3.621244,
    "stddev_latency": 7.537456,
    "min_latency": 0.0,
    "max_latency": 81.068031,
    "distr_latency": {
      "25.0000": 0.000799,
      "50.0000": 0.001671,
      "60.0000": 0.002695,
      "70.0000": 0.017407,
      "75.0000": 1.960959,
      "80.0000": 6.365183,
      "85.0000": 10.936319,
      "90.0000": 15.851519,
      "95.0000": 21.168127,
      "96.0000": 22.839295,
      "97.0000": 24.707071,
      "98.0000": 26.869759,
      "99.0000": 31.031295,
      "99.9000": 42.008575,
      "99.9900": 71.827455,
      "99.9990": 81.068031,
      "99.9999": 81.068031,
      "100.0000": 81.068031
    },
    "outliers": {
      "count": 0,
      "mean_latency": 0.0,
      "max_latency": 0.0
    },
    "allocations": {
      "total_heap": 55637116392,
      "minor_heap": 55740979991,
      "major_heap": 549932249,
      "promoted_words": 653795848,
      "promoted_pct": 1.17
    },
    "domain_alloc_stats": {
      "0": {
        "total": 31353615,
        "minor": 13095162,
        "promoted": 6597169,
        "major": 24855622,
        "promoted_pct": 50.38
      },
      "1": {
        "total": 12490117752,
        "minor": 12519446311,
        "promoted": 117581949,
        "major": 88253390,
        "promoted_pct": 0.94
      },
      "2": {
        "total": 3226490999,
        "minor": 3239611889,
        "promoted": 47783147,
        "major": 34662257,
        "promoted_pct": 1.47
      },
      "3": {
        "total": 9505831655,
        "minor": 9515608670,
        "promoted": 54304564,
        "major": 44527549,
        "promoted_pct": 0.57
      },
      "4": {
        "total": 6134942402,
        "minor": 6154459861,
        "promoted": 72011040,
        "major": 52493581,
        "promoted_pct": 1.17
      },
      "5": {
        "total": 3861741417,
        "minor": 3871382419,
        "promoted": 60187036,
        "major": 50546034,
        "promoted_pct": 1.55
      },
      "6": {
        "total": 2756611608,
        "minor": 2765617727,
        "promoted": 43408997,
        "major": 34402878,
        "promoted_pct": 1.57
      },
      "7": {
        "total": 2405465741,
        "minor": 2406149116,
        "promoted": 34458610,
        "major": 33775235,
        "promoted_pct": 1.43
      },
      "8": {
        "total": 3178525824,
        "minor": 3182497897,
        "promoted": 46447380,
        "major": 42475307,
        "promoted_pct": 1.46
      },
      "9": {
        "total": 2790058302,
        "minor": 2798406241,
        "promoted": 40289448,
        "major": 31941509,
        "promoted_pct": 1.44
      },
      "10": {
        "total": 2737124565,
        "minor": 2738090867,
        "promoted": 39148253,
        "major": 38181951,
        "promoted_pct": 1.43
      },
      "11": {
        "total": 2520675868,
        "minor": 2529627582,
        "promoted": 39359827,
        "major": 30408113,
        "promoted_pct": 1.56
      },
      "12": {
        "total": 3998176644,
        "minor": 4006986249,
        "promoted": 52218428,
        "major": 43408823,
        "promoted_pct": 1.3
      }
    },
    "collections": {
      "minor": 1725,
      "major": 22,
      "forced_major": 0,
      "compactions": 0
    },
    "stats_reliable": true
  },
  "perf": [
    {
      "counter-value": "295379.155260",
      "unit": "msec",
      "event": "task-clock",
      "event-runtime": 295379155260,
      "pcnt-running": 100.0,
      "metric-value": "1.878931",
      "metric-unit": "CPUs utilized"
    },
    {
      "counter-value": "1027067.000000",
      "unit": "",
      "event": "page-faults",
      "event-runtime": 295379151623,
      "pcnt-running": 100.0,
      "metric-value": "3.477114",
      "metric-unit": "K/sec"
    },
    {
      "counter-value": "972550953506.000000",
      "unit": "",
      "event": "cycles",
      "event-runtime": 295379149350,
      "pcnt-running": 100.0,
      "metric-value": "3.292551",
      "metric-unit": "GHz"
    },
    {
      "counter-value": "1152262114719.000000",
      "unit": "",
      "event": "instructions",
      "event-runtime": 295379143369,
      "pcnt-running": 100.0,
      "metric-value": "1.184783",
      "metric-unit": "insn per cycle"
    }
  ]
}
-----
mkdir -p PLOTTY_WORKAROUND; timedrun; OCAMLRUNPARAM="s=262144,o=120,e=18,d=128" /home/udesou/.bench-agent/git/macro-benches/benchmarks/infer/infer_default-ocaml-5.5.0-f523850
running-ng v0.3.8
Wed Sep  9 11:43:56 AM UTC 2026

 11:43:56 up 2 days, 11:37,  2 users,  load average: 6.74, 8.42, 8.48
USER     TTY      FROM             LOGIN@   IDLE   JCPU   PCPU  WHAT

procs -----------memory---------- ---swap-- -----io---- -system-- -------cpu-------
 r  b   swpd   free   buff  cache   si   so    bi    bo   in   cs us sy id wa st gu
 0  1      0 42563936 4112308 18130272    0    0    42   674 2151    3 13  0 76 11  0  0
 1  1      0 42563988 4112308 18129996    0    0     0     0 1689 3121  0  0 88 12  0  0

top - 11:43:58 up 2 days, 11:37,  2 users,  load average: 6.74, 8.42, 8.48
Tasks: 278 total,   1 running, 277 sleeping,   0 stopped,   0 zombie
%Cpu(s):  1.2 us,  0.0 sy,  0.0 ni, 88.2 id, 10.6 wa,  0.0 hi,  0.0 si,  0.0 st 
MiB Mem :  64272.5 total,  41571.3 free,   1704.0 used,  21721.0 buff/cache     
MiB Swap:   8192.0 total,   8192.0 free,      0.0 used.  62568.4 avail Mem 

    PID USER      PR  NI    VIRT    RES    SHR S  %CPU  %MEM     TIME+ COMMAND
 238609 udesou    20   0   11908   5712   3560 R   9.1   0.0   0:00.01 top -bcn 1 -w512
      1 root      20   0   22748  14152   9580 S   0.0   0.0   1:37.23 /sbin/init
      2 root      20   0       0      0      0 S   0.0   0.0   0:00.03 [kthreadd]
      3 root      20   0       0      0      0 S   0.0   0.0   0:00.00 [pool_workqueue_release]
      4 root       0 -20       0      0      0 I   0.0   0.0   0:00.00 [kworker/R-rcu_g]

Environment variables: 
	CONFIG_FILE=/home/udesou/.bench-agent/work/run-20260907-001-e1/run-20260907-001.yml
	HOME=/home/udesou
	LANG=en_US.UTF-8
	LOGNAME=udesou
	LOG_DIR=/home/udesou/.bench-agent/logs
	OLLY_DIR=/home/udesou/.bench-agent/git/olly
	PATH=/usr/local/bin:/home/udesou/.bench-agent/git/olly/_build/install/default/bin:/home/udesou/ocaml-bench-service/_opam/bin:/home/udesou/.vscode-server/data/User/globalStorage/github.copilot-chat/debugCommand:/home/udesou/.vscode-server/data/User/globalStorage/github.copilot-chat/copilotCli:/home/udesou/.vscode-server/cli/servers/Stable-08d4889f9ec4a1685d257b9b95de036c8e1ce1e5/server/bin/remote-cli:/home/udesou/.opam/running-ng-ocaml-5.5.0-f523850-fp-flambda/bin:/home/udesou/.local/bin:/home/udesou/.opam/running-ng-ocaml-5.5.0-f523850-fp-flambda/bin:/home/udesou/.local/bin:/usr/local/sbin:/usr/local/bin:/usr/sbin:/usr/bin:/sbin:/bin:/usr/games:/usr/local/games:/snap/bin
	PWD=/home/udesou/ocaml-bench-service
	PYTHONPATH=/home/udesou/.bench-agent/git/running-ng/src
	RUNNING_BENCH_DIR=/home/udesou/.bench-agent/git/macro-benches
	RUNNING_MACRO_BENCH_DIR=/home/udesou/.bench-agent/git/macro-benches
	RUNNING_NG_PACKAGE_DATA=/home/udesou/.bench-agent/git/running-ng/src/running/config
	RUNNING_REUSE_SWITCHES=1
	RUNNING_TAG=default_run,large_run
	SHELL=/bin/bash
	SHLVL=1
	TERM=screen.xterm-256color
	USER=udesou
	_=/usr/bin/python3
OS: Linux obelisk 6.8.0-139-generic #139-Ubuntu SMP PREEMPT_DYNAMIC Sat Aug  1 03:52:05 UTC 2026 x86_64 x86_64 x86_64 GNU/Linux
CPU: model name	: Intel(R) Xeon(R) CPU E5-2667 v2 @ 3.30GHz
number of cores: 8
Frequency of cpu 0: 3.30 GHz
Governor of cpu 0: performance
Scaling_min_freq of cpu 0: 1.20 GHz
Frequency of cpu 2: 3.30 GHz
Governor of cpu 2: performance
Scaling_min_freq of cpu 2: 1.20 GHz
Frequency of cpu 4: 3.30 GHz
Governor of cpu 4: performance
Scaling_min_freq of cpu 4: 1.20 GHz
Frequency of cpu 6: 3.30 GHz
Governor of cpu 6: performance
Scaling_min_freq of cpu 6: 1.20 GHz
WARNING: Failed to resolve file /com/google/common/annotations/Beta.class with "No such file or directory" 

WARNING: Failed to resolve file /com/google/common/base/Converter$IdentityConverter.class with "No such file or directory" 

WARNING: Failed to resolve file /com/google/common/base/Platform.class with "No such file or directory" 

WARNING: Failed to resolve file /com/google/common/base/Utf8.class with "No such file or directory" 

WARNING: Failed to resolve file /com/google/common/cache/LocalCache$EntryFactory$2.class with "No such file or directory" 

WARNING: Failed to resolve file /com/google/common/cache/LongAddables.class with "No such file or directory" 

WARNING: Failed to resolve file /com/google/common/collect/AbstractMapBasedMultiset$2$1.class with "No such file or directory" 

WARNING: Failed to resolve file /com/google/common/collect/CollectSpliterators.class with "No such file or directory" 

WARNING: Failed to resolve file /com/google/common/collect/DenseImmutableTable.class with "No such file or directory" 

WARNING: Failed to resolve file /com/google/common/collect/ForwardingConcurrentMap.class with "No such file or directory" 

WARNING: Failed to resolve file /com/google/common/collect/HashMultimap.class with "No such file or directory" 

WARNING: Failed to resolve file /com/google/common/collect/ImmutableMultimap$Builder.class with "No such file or directory" 

WARNING: Failed to resolve file /com/google/common/collect/ImmutableSortedSet$1.class with "No such file or directory" 

WARNING: Failed to resolve file /com/google/common/collect/JdkBackedImmutableMap.class with "No such file or directory" 

WARNING: Failed to resolve file /com/google/common/collect/MapMakerInternalMap$EntrySet.class with "No such file or directory" 

WARNING: Failed to resolve file /com/google/common/collect/Maps$AsMapView$1EntrySetImpl.class with "No such file or directory" 

WARNING: Failed to resolve file /com/google/common/collect/MultimapBuilder$2.class with "No such file or directory" 

WARNING: Failed to resolve file /com/google/common/collect/Multisets$4.class with "No such file or directory" 

WARNING: Failed to resolve file /com/google/common/collect/RegularImmutableMap$Values.class with "No such file or directory" 

WARNING: Failed to resolve file /com/google/common/collect/SortedLists$KeyAbsentBehavior$2.class with "No such file or directory" 

WARNING: Failed to resolve file /com/google/common/collect/Streams$DoubleFunctionWithIndex.class with "No such file or directory" 

WARNING: Failed to resolve file /com/google/common/collect/TransformedListIterator.class with "No such file or directory" 

WARNING: Failed to resolve file /com/google/common/collect/TreeTraverser.class with "No such file or directory" 

WARNING: Failed to resolve file /com/google/common/graph/AbstractBaseGraph$1.class with "No such file or directory" 

WARNING: Failed to resolve file /com/google/common/graph/GraphBuilder.class with "No such file or directory" 

WARNING: Failed to resolve file /com/google/common/graph/ValueGraph.class with "No such file or directory" 

WARNING: Failed to resolve file /com/google/common/hash/Hashing.class with "No such file or directory" 

WARNING: Failed to resolve file /com/google/common/io/BaseEncoding.class with "No such file or directory" 

WARNING: Failed to resolve file /com/google/common/io/LineProcessor.class with "No such file or directory" 

WARNING: Failed to resolve file /com/google/common/net/HttpHeaders.class with "No such file or directory" 

WARNING: Failed to resolve file /com/google/common/primitives/Shorts$ShortConverter.class with "No such file or directory" 

WARNING: Failed to resolve file /com/google/common/reflect/TypeToken$Bounds.class with "No such file or directory" 

WARNING: Failed to resolve file /com/google/common/util/concurrent/AbstractFuture$Listener.class with "No such file or directory" 

WARNING: Failed to resolve file /com/google/common/util/concurrent/AggregateFutureState.class with "No such file or directory" 

WARNING: Failed to resolve file /com/google/common/util/concurrent/ForwardingCheckedFuture$SimpleForwardingCheckedFuture.class with "No such file or directory" 

WARNING: Failed to resolve file /com/google/common/util/concurrent/Monitor$Guard.class with "No such file or directory" 

WARNING: Failed to resolve file /com/google/common/util/concurrent/SimpleTimeLimiter$1.class with "No such file or directory" 

WARNING: Failed to resolve file /net/bytebuddy/ByteBuddy$RecordConstructorStrategy.class with "No such file or directory" 

WARNING: Failed to resolve file /net/bytebuddy/agent/builder/AgentBuilder$Default$NativeMethodStrategy$ForPrefix.class with "No such file or directory" 

WARNING: Failed to resolve file /net/bytebuddy/agent/builder/AgentBuilder$InstallationListener$Compound.class with "No such file or directory" 

WARNING: Failed to resolve file /net/bytebuddy/agent/builder/AgentBuilder$PoolStrategy$Default.class with "No such file or directory" 

WARNING: Failed to resolve file /net/bytebuddy/agent/builder/AgentBuilder$RedefinitionStrategy$Listener$Adapter.class with "No such file or directory" 

WARNING: Failed to resolve file /net/bytebuddy/agent/builder/package-info.class with "No such file or directory" 

WARNING: Failed to resolve file /net/bytebuddy/asm/Advice$AssignReturned$ToReturned$Handler.class with "No such file or directory" 

WARNING: Failed to resolve file /net/bytebuddy/asm/Advice$Dispatcher$Resolved$AbstractBase.class with "No such file or directory" 

WARNING: Failed to resolve file /net/bytebuddy/asm/Advice$OffsetMapping$ForInstrumentedMethod$2.class with "No such file or directory" 

WARNING: Failed to resolve file /net/bytebuddy/asm/Advice$OffsetMapping.class with "No such file or directory" 

WARNING: Failed to resolve file /net/bytebuddy/asm/ClassVisitorFactory$FrameTranslator.class with "No such file or directory" 

WARNING: Failed to resolve file /net/bytebuddy/asm/MemberSubstitution$TypePoolResolver$OfImplicitPool.class with "No such file or directory" 

WARNING: Failed to resolve file /net/bytebuddy/build/EntryPoint$Default.class with "No such file or directory" 

WARNING: Failed to resolve file /net/bytebuddy/build/Plugin$Engine$Listener$StreamWriting.class with "No such file or directory" 

WARNING: Failed to resolve file /net/bytebuddy/build/Plugin$Factory$UsingReflection$Instantiator$Unresolved.class with "No such file or directory" 

WARNING: Failed to resolve file /net/bytebuddy/description/annotation/AnnotationDescription.class with "No such file or directory" 

WARNING: Failed to resolve file /net/bytebuddy/description/annotation/AnnotationValue$Loaded$AbstractBase$ForUnresolvedProperty.class with "No such file or directory" 

WARNING: Failed to resolve file /net/bytebuddy/description/method/MethodList$Explicit.class with "No such file or directory" 

WARNING: Failed to resolve file /net/bytebuddy/description/modifier/SynchronizationState.class with "No such file or directory" 

WARNING: Failed to resolve file /net/bytebuddy/description/type/TypeDescription$Generic$AnnotationReader$Delegator$ForLoadedTypeVariable.class with "No such file or directory" 

WARNING: Failed to resolve file /net/bytebuddy/description/type/TypeDescription$Generic$OfParameterizedType$Latent.class with "No such file or directory" 

WARNING: Failed to resolve file /net/bytebuddy/description/type/TypeDescription$Latent.class with "No such file or directory" 

WARNING: Failed to resolve file /net/bytebuddy/dynamic/ClassFileLocator$ForModuleFile.class with "No such file or directory" 

WARNING: Failed to resolve file /net/bytebuddy/dynamic/DynamicType$Builder$MethodDefinition$ParameterDefinition$Simple$Annotatable$AbstractBase.class with "No such file or directory" 

WARNING: Failed to resolve file /net/bytebuddy/dynamic/VisibilityBridgeStrategy$Default$2.class with "No such file or directory" 

WARNING: Failed to resolve file /net/bytebuddy/dynamic/loading/ClassInjector$UsingReflection$Dispatcher$Initializable.class with "No such file or directory" 

WARNING: Failed to resolve file /net/bytebuddy/dynamic/loading/PackageDefinitionStrategy$ManifestReading.class with "No such file or directory" 

WARNING: Failed to resolve file /net/bytebuddy/dynamic/scaffold/MethodGraph$Compiler$Default$Key$Store$Entry$Initial.class with "No such file or directory" 

WARNING: Failed to resolve file /net/bytebuddy/dynamic/scaffold/TypeWriter$Default$ClassDumpAction$Dispatcher$Enabled.class with "No such file or directory" 

WARNING: Failed to resolve file /net/bytebuddy/dynamic/scaffold/TypeWriter$MethodPool$Record$AccessBridgeWrapper.class with "No such file or directory" 

WARNING: Failed to resolve file /net/bytebuddy/dynamic/scaffold/subclass/SubclassImplementationTarget$OriginTypeResolver$1.class with "No such file or directory" 

WARNING: Failed to resolve file /net/bytebuddy/implementation/FieldAccessor$FieldLocation.class with "No such file or directory" 

WARNING: Failed to resolve file /net/bytebuddy/implementation/HashCodeMethod$ValueTransformer$7.class with "No such file or directory" 

WARNING: Failed to resolve file /net/bytebuddy/implementation/InvocationHandlerAdapter.class with "No such file or directory" 

WARNING: Failed to resolve file /net/bytebuddy/implementation/InvokeDynamic$WithImplicitArguments.class with "No such file or directory" 

WARNING: Failed to resolve file /net/bytebuddy/implementation/MethodCall$MethodInvoker.class with "No such file or directory" 

WARNING: Failed to resolve file /net/bytebuddy/implementation/MethodDelegation.class with "No such file or directory" 

WARNING: Failed to resolve file /net/bytebuddy/implementation/attribute/AnnotationValueFilter$Factory.class with "No such file or directory" 

WARNING: Failed to resolve file /net/bytebuddy/implementation/auxiliary/TypeProxy$1.class with "No such file or directory" 

WARNING: Failed to resolve file /net/bytebuddy/implementation/bind/annotation/AllArguments.class with "No such file or directory" 

WARNING: Failed to resolve file /net/bytebuddy/implementation/bind/annotation/Morph$Binder$RedirectionProxy$InstanceFieldConstructor$Appender.class with "No such file or directory" 

WARNING: Failed to resolve file /net/bytebuddy/implementation/bytecode/ByteCodeAppender$Compound.class with "No such file or directory" 

WARNING: Failed to resolve file /net/bytebuddy/implementation/bytecode/assign/reference/GenericTypeAwareAssigner$IsAssignableToVisitor$OfGenericArray.class with "No such file or directory" 

WARNING: Failed to resolve file /net/bytebuddy/implementation/bytecode/member/FieldAccess$AccessDispatcher$FieldPutInstruction.class with "No such file or directory" 

WARNING: Failed to resolve file /net/bytebuddy/jar/asm/RecordComponentWriter.class with "No such file or directory" 

WARNING: Failed to resolve file /net/bytebuddy/matcher/FilterableList.class with "No such file or directory" 

WARNING: Failed to resolve file /net/bytebuddy/matcher/TypeSortMatcher.class with "No such file or directory" 

WARNING: Failed to resolve file /net/bytebuddy/pool/TypePool$Default$LazyTypeDescription$AnnotationToken.class with "No such file or directory" 

WARNING: Failed to resolve file /net/bytebuddy/pool/TypePool$Default$LazyTypeDescription$LazyMethodDescription$LazyParameterizedReceiverType$TypeArgumentList$AnnotatedTypeVariable.class with "No such file or directory" 

WARNING: Failed to resolve file /net/bytebuddy/utility/FileSystem$ForNio2CapableVm$StandardCopyOption.class with "No such file or directory" 

WARNING: Failed to resolve file /net/bytebuddy/utility/dispatcher/JavaDispatcher$Dispatcher.class with "No such file or directory" 

WARNING: Failed to resolve file /org/apache/lucene/analysis/CharArrayMap.class with "No such file or directory" 

WARNING: Failed to resolve file /org/apache/lucene/analysis/tokenattributes/TermToBytesRefAttribute.class with "No such file or directory" 

WARNING: Failed to resolve file /org/apache/lucene/codecs/KnnVectorsWriter$ByteVectorValuesSub.class with "No such file or directory" 

WARNING: Failed to resolve file /org/apache/lucene/codecs/hnsw/DefaultFlatVectorScorer$ByteScoringSupplier$1.class with "No such file or directory" 

WARNING: Failed to resolve file /org/apache/lucene/codecs/lucene90/Lucene90DocValuesProducer$17.class with "No such file or directory" 

WARNING: Failed to resolve file /org/apache/lucene/codecs/lucene90/Lucene90PointsFormat.class with "No such file or directory" 

WARNING: Failed to resolve file /org/apache/lucene/codecs/lucene912/ForUtil.class with "No such file or directory" 

WARNING: Failed to resolve file /org/apache/lucene/codecs/lucene99/Lucene99HnswVectorsWriter$2.class with "No such file or directory" 

WARNING: Failed to resolve file /org/apache/lucene/document/BinaryPoint$1.class with "No such file or directory" 

WARNING: Failed to resolve file /org/apache/lucene/document/FloatPoint$2.class with "No such file or directory" 

WARNING: Failed to resolve file /org/apache/lucene/document/LatLonPointDistanceQuery.class with "No such file or directory" 

WARNING: Failed to resolve file /org/apache/lucene/document/ShapeField$QueryRelation.class with "No such file or directory" 

WARNING: Failed to resolve file /org/apache/lucene/document/XYShapeDocValues.class with "No such file or directory" 

WARNING: Failed to resolve file /org/apache/lucene/index/BaseTermsEnum$1.class with "No such file or directory" 

WARNING: Failed to resolve file /org/apache/lucene/index/ConcurrentMergeScheduler.class with "No such file or directory" 

WARNING: Failed to resolve file /org/apache/lucene/index/ExitableDirectoryReader$ExitableFilterAtomicReader$4.class with "No such file or directory" 

WARNING: Failed to resolve file /org/apache/lucene/index/FreqProxFields$FreqProxTermsEnum$1.class with "No such file or directory" 

WARNING: Failed to resolve file /org/apache/lucene/index/IndexWriter$DocModifier.class with "No such file or directory" 

WARNING: Failed to resolve file /org/apache/lucene/index/MultiDocValues$1.class with "No such file or directory" 

WARNING: Failed to resolve file /org/apache/lucene/index/PointValues$IntersectVisitor.class with "No such file or directory" 

WARNING: Failed to resolve file /org/apache/lucene/index/SingletonSortedSetDocValues.class with "No such file or directory" 

WARNING: Failed to resolve file /org/apache/lucene/index/SortedNumericDocValuesWriter.class with "No such file or directory" 

WARNING: Failed to resolve file /org/apache/lucene/index/TermVectorsConsumerPerField$TermVectorsPostingsArray.class with "No such file or directory" 

WARNING: Failed to resolve file /org/apache/lucene/internal/hppc/IntDoubleHashMap$EntryIterator.class with "No such file or directory" 

WARNING: Failed to resolve file /org/apache/lucene/internal/hppc/LongIntHashMap$LongIntCursor.class with "No such file or directory" 

WARNING: Failed to resolve file /org/apache/lucene/search/BlockMaxConjunctionScorer$2.class with "No such file or directory" 

WARNING: Failed to resolve file /org/apache/lucene/search/ConstantScoreQuery$1$1.class with "No such file or directory" 

WARNING: Failed to resolve file /org/apache/lucene/search/DoubleValuesSource$DoubleValuesComparatorSource$1.class with "No such file or directory" 

WARNING: Failed to resolve file /org/apache/lucene/search/ImpactsDISI.class with "No such file or directory" 

WARNING: Failed to resolve file /org/apache/lucene/search/LongValuesSource$LongValuesComparatorSource.class with "No such file or directory" 

WARNING: Failed to resolve file /org/apache/lucene/search/NamedMatches$NamedQuery.class with "No such file or directory" 

WARNING: Failed to resolve file /org/apache/lucene/search/ReqOptSumScorer.class with "No such file or directory" 

WARNING: Failed to resolve file /org/apache/lucene/search/SortedNumericSortField$5.class with "No such file or directory" 

WARNING: Failed to resolve file /org/apache/lucene/search/TopDocsCollector.class with "No such file or directory" 

WARNING: Failed to resolve file /org/apache/lucene/search/comparators/NumericComparator$NumericLeafComparator.class with "No such file or directory" 

WARNING: Failed to resolve file /org/apache/lucene/search/similarities/MultiSimilarity.class with "No such file or directory" 

WARNING: Failed to resolve file /org/apache/lucene/store/IndexInput$1.class with "No such file or directory" 

WARNING: Failed to resolve file /org/apache/lucene/util/AttributeImpl.class with "No such file or directory" 

WARNING: Failed to resolve file /org/apache/lucene/util/DocIdSetBuilder$BulkAdder.class with "No such file or directory" 

WARNING: Failed to resolve file /org/apache/lucene/util/ModuleResourceLoader.class with "No such file or directory" 

WARNING: Failed to resolve file /org/apache/lucene/util/Sorter.class with "No such file or directory" 

WARNING: Failed to resolve file /org/apache/lucene/util/automaton/MinimizationOperations$IntPair.class with "No such file or directory" 

WARNING: Failed to resolve file /org/apache/lucene/util/bkd/OfflinePointWriter.class with "No such file or directory" 

WARNING: Failed to resolve file /org/apache/lucene/util/fst/Util$FSTPath.class with "No such file or directory" 

WARNING: Failed to resolve file /org/apache/lucene/util/mutable/MutableValueDate.class with "No such file or directory" 

WARNING: Failed to resolve file /org/apache/lucene/util/packed/DirectReader$DirectPackedReader32.class with "No such file or directory" 

WARNING: Failed to resolve file /org/apache/lucene/util/packed/PackedWriter.class with "No such file or directory" 

WARNING: Failed to resolve file /org/bouncycastle/asn1/ASN1ObjectDescriptor$1.class with "No such file or directory" 

WARNING: Failed to resolve file /org/bouncycastle/asn1/BEROctetStringParser.class with "No such file or directory" 

WARNING: Failed to resolve file /org/bouncycastle/asn1/LazyEncodedSequence.class with "No such file or directory" 

WARNING: Failed to resolve file /org/bouncycastle/asn1/ocsp/OCSPRequest.class with "No such file or directory" 

WARNING: Failed to resolve file /org/bouncycastle/asn1/sec/SECNamedCurves$17.class with "No such file or directory" 

WARNING: Failed to resolve file /org/bouncycastle/asn1/x500/DirectoryString.class with "No such file or directory" 

WARNING: Failed to resolve file /org/bouncycastle/asn1/x509/NameConstraints.class with "No such file or directory" 

WARNING: Failed to resolve file /org/bouncycastle/asn1/x509/sigi/NameOrPseudonym.class with "No such file or directory" 

WARNING: Failed to resolve file /org/bouncycastle/crypto/CipherKeyGenerator.class with "No such file or directory" 

WARNING: Failed to resolve file /org/bouncycastle/crypto/StagedAgreement.class with "No such file or directory" 

WARNING: Failed to resolve file /org/bouncycastle/crypto/digests/AsconXof$1.class with "No such file or directory" 

WARNING: Failed to resolve file /org/bouncycastle/crypto/digests/ShortenedDigest.class with "No such file or directory" 

WARNING: Failed to resolve file /org/bouncycastle/crypto/ec/ECDecryptor.class with "No such file or directory" 

WARNING: Failed to resolve file /org/bouncycastle/crypto/engines/GOST3412_2015Engine.class with "No such file or directory" 

WARNING: Failed to resolve file /org/bouncycastle/crypto/engines/SparkleEngine$1.class with "No such file or directory" 

WARNING: Failed to resolve file /org/bouncycastle/crypto/generators/ElGamalParametersGenerator.class with "No such file or directory" 

WARNING: Failed to resolve file /org/bouncycastle/crypto/macs/DSTU7564Mac.class with "No such file or directory" 

WARNING: Failed to resolve file /org/bouncycastle/crypto/modes/NISTCTSBlockCipher.class with "No such file or directory" 

WARNING: Failed to resolve file /org/bouncycastle/crypto/params/DHParameters.class with "No such file or directory" 

WARNING: Failed to resolve file /org/bouncycastle/crypto/params/NaccacheSternKeyGenerationParameters.class with "No such file or directory" 

WARNING: Failed to resolve file /org/bouncycastle/crypto/prng/X931SecureRandom.class with "No such file or directory" 

WARNING: Failed to resolve file /org/bouncycastle/crypto/util/DEROtherInfo$1.class with "No such file or directory" 

WARNING: Failed to resolve file /org/bouncycastle/crypto/util/SSHNamedCurves$3.class with "No such file or directory" 

WARNING: Failed to resolve file /org/bouncycastle/jcajce/BCFKSLoadStoreParameter$SignatureAlgorithm.class with "No such file or directory" 

WARNING: Failed to resolve file /org/bouncycastle/jcajce/provider/asymmetric/CompositeSignatures.class with "No such file or directory" 

WARNING: Failed to resolve file /org/bouncycastle/jcajce/provider/asymmetric/compositesignatures/KeyPairGeneratorSpi$MLDSA65_ECDSA_brainpoolP256r1_SHA512.class with "No such file or directory" 

WARNING: Failed to resolve file /org/bouncycastle/jcajce/provider/asymmetric/dh/KeyAgreementSpi$DHwithSHA384CKDF.class with "No such file or directory" 

WARNING: Failed to resolve file /org/bouncycastle/jcajce/provider/asymmetric/ec/BCECPrivateKey.class with "No such file or directory" 

WARNING: Failed to resolve file /org/bouncycastle/jcajce/provider/asymmetric/ec/KeyAgreementSpi$DHUwithSHA224KDF.class with "No such file or directory" 

WARNING: Failed to resolve file /org/bouncycastle/jcajce/provider/asymmetric/ec/KeyPairGeneratorSpi.class with "No such file or directory" 

WARNING: Failed to resolve file /org/bouncycastle/jcajce/provider/asymmetric/ecgost12/KeyAgreementSpi$ECVKO512.class with "No such file or directory" 

WARNING: Failed to resolve file /org/bouncycastle/jcajce/provider/asymmetric/edec/KeyPairGeneratorSpi$X448.class with "No such file or directory" 

WARNING: Failed to resolve file /org/bouncycastle/jcajce/provider/asymmetric/rsa/DigestSignatureSpi$SHA3_384.class with "No such file or directory" 

WARNING: Failed to resolve file /org/bouncycastle/jcajce/provider/asymmetric/rsa/PSSSignatureSpi$SHA512withRSA.class with "No such file or directory" 

WARNING: Failed to resolve file /org/bouncycastle/jcajce/provider/asymmetric/x509/X509CRLInternal.class with "No such file or directory" 

WARNING: Failed to resolve file /org/bouncycastle/jcajce/provider/digest/GOST3411$Mappings.class with "No such file or directory" 

WARNING: Failed to resolve file /org/bouncycastle/jcajce/provider/digest/RIPEMD256$HashMac.class with "No such file or directory" 

WARNING: Failed to resolve file /org/bouncycastle/jcajce/provider/digest/SHA3$Mappings.class with "No such file or directory" 

WARNING: Failed to resolve file /org/bouncycastle/jcajce/provider/digest/Skein$HMacKeyGenerator_512_384.class with "No such file or directory" 

WARNING: Failed to resolve file /org/bouncycastle/jcajce/provider/digest/Whirlpool$KeyGenerator.class with "No such file or directory" 

WARNING: Failed to resolve file /org/bouncycastle/jcajce/provider/keystore/pkcs12/PKCS12KeyStoreSpi$1.class with "No such file or directory" 

WARNING: Failed to resolve file /org/bouncycastle/jcajce/provider/symmetric/AES$PBEWithSHA256And192BitAESBC.class with "No such file or directory" 

WARNING: Failed to resolve file /org/bouncycastle/jcajce/provider/symmetric/CAST5$CBC.class with "No such file or directory" 

WARNING: Failed to resolve file /org/bouncycastle/jcajce/provider/symmetric/DES$Mappings.class with "No such file or directory" 

WARNING: Failed to resolve file /org/bouncycastle/jcajce/provider/symmetric/DSTU7624$GCM128.class with "No such file or directory" 

WARNING: Failed to resolve file /org/bouncycastle/jcajce/provider/symmetric/HC128$KeyGen.class with "No such file or directory" 

WARNING: Failed to resolve file /org/bouncycastle/jcajce/provider/symmetric/PBEPKCS12.class with "No such file or directory" 

WARNING: Failed to resolve file /org/bouncycastle/jcajce/provider/symmetric/Rijndael.class with "No such file or directory" 

WARNING: Failed to resolve file /org/bouncycastle/jcajce/provider/symmetric/Shacal2$AlgParams.class with "No such file or directory" 

WARNING: Failed to resolve file /org/bouncycastle/jcajce/provider/symmetric/Threefish.class with "No such file or directory" 

WARNING: Failed to resolve file /org/bouncycastle/jcajce/provider/symmetric/util/BaseStreamCipher.class with "No such file or directory" 

WARNING: Failed to resolve file /org/bouncycastle/jcajce/spec/SkeinParameterSpec.class with "No such file or directory" 

WARNING: Failed to resolve file /org/bouncycastle/jce/provider/AnnotatedException.class with "No such file or directory" 

WARNING: Failed to resolve file /org/bouncycastle/jce/provider/RFC3280CertPathUtilities.class with "No such file or directory" 

WARNING: Failed to resolve file /org/bouncycastle/math/ec/ECCurve$Config.class with "No such file or directory" 

WARNING: Failed to resolve file /org/bouncycastle/math/ec/custom/gm/SM2P256V1FieldElement.class with "No such file or directory" 

WARNING: Failed to resolve file /org/bouncycastle/math/ec/custom/sec/SecP384R1FieldElement.class with "No such file or directory" 

WARNING: Failed to resolve file /org/bouncycastle/math/ec/custom/sec/SecT239K1Curve.class with "No such file or directory" 

WARNING: Failed to resolve file /org/bouncycastle/math/ec/rfc8032/Ed25519$PointTemp.class with "No such file or directory" 

WARNING: Failed to resolve file /org/bouncycastle/pqc/asn1/PQCObjectIdentifiers.class with "No such file or directory" 

WARNING: Failed to resolve file /org/bouncycastle/pqc/crypto/crystals/dilithium/DilithiumKeyPairGenerator.class with "No such file or directory" 

WARNING: Failed to resolve file /org/bouncycastle/pqc/crypto/falcon/FalconSmallPrime.class with "No such file or directory" 

WARNING: Failed to resolve file /org/bouncycastle/pqc/crypto/hqc/HQCKEMExtractor.class with "No such file or directory" 

WARNING: Failed to resolve file /org/bouncycastle/pqc/crypto/newhope/NHKeyPairGenerator.class with "No such file or directory" 

WARNING: Failed to resolve file /org/bouncycastle/pqc/crypto/picnic/PicnicEngine.class with "No such file or directory" 

WARNING: Failed to resolve file /org/bouncycastle/pqc/crypto/sphincs/SPHINCS256KeyGenerationParameters.class with "No such file or directory" 

WARNING: Failed to resolve file /org/bouncycastle/pqc/crypto/util/PublicKeyFactory$LMSConverter.class with "No such file or directory" 

WARNING: Failed to resolve file /org/bouncycastle/pqc/crypto/xmss/XMSSMTPrivateKeyParameters$Builder.class with "No such file or directory" 

WARNING: Failed to resolve file /org/bouncycastle/pqc/jcajce/interfaces/NHPublicKey.class with "No such file or directory" 

WARNING: Failed to resolve file /org/bouncycastle/pqc/jcajce/provider/SPHINCS.class with "No such file or directory" 

WARNING: Failed to resolve file /org/bouncycastle/pqc/jcajce/provider/falcon/SignatureSpi$Base.class with "No such file or directory" 

WARNING: Failed to resolve file /org/bouncycastle/pqc/jcajce/provider/mceliece/BCMcEliecePrivateKey.class with "No such file or directory" 

WARNING: Failed to resolve file /org/bouncycastle/pqc/jcajce/provider/picnic/BCPicnicPublicKey.class with "No such file or directory" 

WARNING: Failed to resolve file /org/bouncycastle/pqc/jcajce/provider/sphincsplus/SPHINCSPlusKeyPairGeneratorSpi$Shake_256f.class with "No such file or directory" 

WARNING: Failed to resolve file /org/bouncycastle/pqc/jcajce/spec/KyberParameterSpec.class with "No such file or directory" 

WARNING: Failed to resolve file /org/bouncycastle/pqc/legacy/crypto/mceliece/McEliecePrivateKeyParameters.class with "No such file or directory" 

WARNING: Failed to resolve file /org/bouncycastle/pqc/legacy/math/linearalgebra/GF2Matrix.class with "No such file or directory" 

WARNING: Failed to resolve file /org/bouncycastle/pqc/math/ntru/parameters/NTRUHPS2048509.class with "No such file or directory" 

WARNING: Failed to resolve file /org/bouncycastle/util/encoders/HexTranslator.class with "No such file or directory" 

WARNING: Failed to resolve file /org/bouncycastle/x509/X509CRLStoreSelector.class with "No such file or directory" 

Found 215 (out of 11364) source files to analyze in /home/udesou/.bench-agent/git/macro-benches/vendor/.infer-capture-ocaml-5.5.0-f523850
/net/bytebuddy/asm/Advice$OffsetMapping$ForInstrumentedMethod$2.class starting
/net/bytebuddy/asm/Advice$OffsetMapping$ForInstrumentedMethod$2.class DONE
/net/bytebuddy/dynamic/DynamicType$Builder$MethodDefinition$ParameterDefinition$Simple$Annotatable$AbstractBase.class starting
/net/bytebuddy/dynamic/DynamicType$Builder$MethodDefinition$ParameterDefinition$Simple$Annotatable$AbstractBase.class DONE
/net/bytebuddy/implementation/bytecode/assign/reference/GenericTypeAwareAssigner$IsAssignableToVisitor$OfGenericArray.class starting
/net/bytebuddy/implementation/bytecode/assign/reference/GenericTypeAwareAssigner$IsAssignableToVisitor$OfGenericArray.class DONE
/org/apache/lucene/codecs/lucene912/ForUtil.class starting
/org/apache/lucene/codecs/lucene912/ForUtil.class DONE
/org/apache/lucene/document/BinaryPoint$1.class starting
/org/apache/lucene/document/BinaryPoint$1.class DONE
/org/bouncycastle/pqc/crypto/newhope/NHKeyPairGenerator.class starting
/org/bouncycastle/pqc/crypto/newhope/NHKeyPairGenerator.class DONE
/net/bytebuddy/dynamic/scaffold/MethodGraph$Compiler$Default$Key$Store$Entry$Initial.class starting
/net/bytebuddy/dynamic/scaffold/MethodGraph$Compiler$Default$Key$Store$Entry$Initial.class DONE
/org/bouncycastle/asn1/x500/DirectoryString.class starting
/org/bouncycastle/asn1/x500/DirectoryString.class DONE
/org/apache/lucene/search/BlockMaxConjunctionScorer$2.class starting
/org/apache/lucene/search/BlockMaxConjunctionScorer$2.class DONE
/org/bouncycastle/pqc/jcajce/spec/KyberParameterSpec.class starting
/org/bouncycastle/pqc/jcajce/spec/KyberParameterSpec.class DONE
/org/apache/lucene/document/XYShapeDocValues.class starting
/org/apache/lucene/document/XYShapeDocValues.class DONE
/org/bouncycastle/jcajce/provider/symmetric/AES$PBEWithSHA256And192BitAESBC.class starting
/org/bouncycastle/jcajce/provider/symmetric/AES$PBEWithSHA256And192BitAESBC.class DONE
/org/apache/lucene/index/ExitableDirectoryReader$ExitableFilterAtomicReader$4.class starting
/org/apache/lucene/index/ExitableDirectoryReader$ExitableFilterAtomicReader$4.class DONE
/org/apache/lucene/document/ShapeField$QueryRelation.class starting
/org/apache/lucene/document/ShapeField$QueryRelation.class DONE
/org/bouncycastle/asn1/x509/sigi/NameOrPseudonym.class starting
/org/apache/lucene/search/DoubleValuesSource$DoubleValuesComparatorSource$1.class starting
/org/apache/lucene/search/DoubleValuesSource$DoubleValuesComparatorSource$1.class DONE
/com/google/common/collect/ImmutableMultimap$Builder.class starting
/com/google/common/collect/ImmutableMultimap$Builder.class DONE
/com/google/common/base/Converter$IdentityConverter.class starting
/com/google/common/base/Converter$IdentityConverter.class DONE
/net/bytebuddy/agent/builder/package-info.class starting
/net/bytebuddy/agent/builder/package-info.class DONE
/org/apache/lucene/util/Sorter.class starting
/org/apache/lucene/util/Sorter.class DONE
/com/google/common/graph/ValueGraph.class starting
/com/google/common/graph/ValueGraph.class DONE
/org/bouncycastle/pqc/jcajce/provider/SPHINCS.class starting
/org/bouncycastle/pqc/jcajce/provider/SPHINCS.class DONE
/org/bouncycastle/jcajce/provider/digest/RIPEMD256$HashMac.class starting
/org/bouncycastle/jcajce/provider/digest/RIPEMD256$HashMac.class DONE
/org/bouncycastle/jcajce/provider/symmetric/DES$Mappings.class starting
/org/bouncycastle/jcajce/provider/symmetric/DES$Mappings.class DONE
/com/google/common/util/concurrent/Monitor$Guard.class starting
/com/google/common/util/concurrent/Monitor$Guard.class DONE
/net/bytebuddy/pool/TypePool$Default$LazyTypeDescription$LazyMethodDescription$LazyParameterizedReceiverType$TypeArgumentList$AnnotatedTypeVariable.class starting
/net/bytebuddy/pool/TypePool$Default$LazyTypeDescription$LazyMethodDescription$LazyParameterizedReceiverType$TypeArgumentList$AnnotatedTypeVariable.class DONE
/net/bytebuddy/build/Plugin$Factory$UsingReflection$Instantiator$Unresolved.class starting
/net/bytebuddy/build/Plugin$Factory$UsingReflection$Instantiator$Unresolved.class DONE
/org/bouncycastle/crypto/generators/ElGamalParametersGenerator.class starting
/org/bouncycastle/crypto/generators/ElGamalParametersGenerator.class DONE
/org/bouncycastle/crypto/digests/ShortenedDigest.class starting
/org/bouncycastle/crypto/digests/ShortenedDigest.class DONE
/net/bytebuddy/matcher/FilterableList.class starting
/net/bytebuddy/matcher/FilterableList.class DONE
/com/google/common/io/BaseEncoding.class starting
/com/google/common/io/BaseEncoding.class DONE
/org/bouncycastle/pqc/crypto/picnic/PicnicEngine.class starting
/org/bouncycastle/pqc/crypto/picnic/PicnicEngine.class DONE
/org/bouncycastle/jcajce/provider/symmetric/PBEPKCS12.class starting
/org/bouncycastle/jcajce/provider/symmetric/PBEPKCS12.class DONE
/org/bouncycastle/crypto/prng/X931SecureRandom.class starting
/org/bouncycastle/crypto/prng/X931SecureRandom.class DONE
/net/bytebuddy/description/modifier/SynchronizationState.class starting
/net/bytebuddy/description/modifier/SynchronizationState.class DONE
/org/apache/lucene/search/ConstantScoreQuery$1$1.class starting
/org/apache/lucene/search/ConstantScoreQuery$1$1.class DONE
/org/apache/lucene/internal/hppc/IntDoubleHashMap$EntryIterator.class starting
/org/apache/lucene/internal/hppc/IntDoubleHashMap$EntryIterator.class DONE
/org/bouncycastle/asn1/x509/NameConstraints.class starting
/org/bouncycastle/asn1/x509/NameConstraints.class DONE
/com/google/common/graph/GraphBuilder.class starting
/com/google/common/graph/GraphBuilder.class DONE
/org/bouncycastle/jcajce/provider/symmetric/Threefish.class starting
/org/bouncycastle/jcajce/provider/symmetric/Threefish.class DONE
/com/google/common/util/concurrent/SimpleTimeLimiter$1.class starting
/com/google/common/util/concurrent/SimpleTimeLimiter$1.class DONE
/net/bytebuddy/dynamic/scaffold/TypeWriter$MethodPool$Record$AccessBridgeWrapper.class starting
/net/bytebuddy/dynamic/scaffold/TypeWriter$MethodPool$Record$AccessBridgeWrapper.class DONE
/net/bytebuddy/dynamic/ClassFileLocator$ForModuleFile.class starting
/net/bytebuddy/dynamic/ClassFileLocator$ForModuleFile.class DONE
/org/apache/lucene/search/ReqOptSumScorer.class starting
/org/apache/lucene/search/ReqOptSumScorer.class DONE
/com/google/common/util/concurrent/AggregateFutureState.class starting
/com/google/common/util/concurrent/AggregateFutureState.class DONE
/com/google/common/annotations/Beta.class starting
/com/google/common/annotations/Beta.class DONE
/com/google/common/collect/DenseImmutableTable.class starting
/com/google/common/collect/DenseImmutableTable.class DONE
/org/bouncycastle/math/ec/custom/gm/SM2P256V1FieldElement.class starting
/org/bouncycastle/math/ec/custom/gm/SM2P256V1FieldElement.class DONE
/org/bouncycastle/jcajce/provider/asymmetric/dh/KeyAgreementSpi$DHwithSHA384CKDF.class starting
/org/bouncycastle/jcajce/provider/asymmetric/dh/KeyAgreementSpi$DHwithSHA384CKDF.class DONE
/org/bouncycastle/jcajce/provider/digest/GOST3411$Mappings.class starting
/org/bouncycastle/jcajce/provider/digest/GOST3411$Mappings.class DONE
/org/bouncycastle/pqc/jcajce/provider/sphincsplus/SPHINCSPlusKeyPairGeneratorSpi$Shake_256f.class starting
/org/bouncycastle/pqc/jcajce/provider/sphincsplus/SPHINCSPlusKeyPairGeneratorSpi$Shake_256f.class DONE
/org/bouncycastle/jcajce/provider/symmetric/util/BaseStreamCipher.class starting
/org/bouncycastle/jcajce/provider/symmetric/util/BaseStreamCipher.class DONE
/net/bytebuddy/implementation/auxiliary/TypeProxy$1.class starting
/net/bytebuddy/implementation/auxiliary/TypeProxy$1.class DONE
/com/google/common/collect/ImmutableSortedSet$1.class starting
/com/google/common/collect/ImmutableSortedSet$1.class DONE
/net/bytebuddy/pool/TypePool$Default$LazyTypeDescription$AnnotationToken.class starting
/net/bytebuddy/pool/TypePool$Default$LazyTypeDescription$AnnotationToken.class DONE
/org/apache/lucene/index/SingletonSortedSetDocValues.class starting
/org/apache/lucene/index/SingletonSortedSetDocValues.class DONE
/org/bouncycastle/pqc/crypto/crystals/dilithium/DilithiumKeyPairGenerator.class starting
/org/bouncycastle/pqc/crypto/crystals/dilithium/DilithiumKeyPairGenerator.class DONE
/org/bouncycastle/math/ec/rfc8032/Ed25519$PointTemp.class starting
/org/bouncycastle/math/ec/rfc8032/Ed25519$PointTemp.class DONE
/org/bouncycastle/jce/provider/RFC3280CertPathUtilities.class starting
/org/bouncycastle/jce/provider/RFC3280CertPathUtilities.class DONE
/net/bytebuddy/build/Plugin$Engine$Listener$StreamWriting.class starting
/net/bytebuddy/build/Plugin$Engine$Listener$StreamWriting.class DONE
/org/bouncycastle/crypto/macs/DSTU7564Mac.class starting
/org/bouncycastle/crypto/macs/DSTU7564Mac.class DONE
/org/bouncycastle/jcajce/provider/asymmetric/ec/KeyPairGeneratorSpi.class starting
/org/bouncycastle/jcajce/provider/asymmetric/ec/KeyPairGeneratorSpi.class DONE
/net/bytebuddy/implementation/MethodCall$MethodInvoker.class starting
/net/bytebuddy/implementation/MethodCall$MethodInvoker.class DONE
/net/bytebuddy/ByteBuddy$RecordConstructorStrategy.class starting
/net/bytebuddy/ByteBuddy$RecordConstructorStrategy.class DONE
/org/bouncycastle/jcajce/provider/asymmetric/x509/X509CRLInternal.class starting
/org/bouncycastle/jcajce/provider/asymmetric/x509/X509CRLInternal.class DONE
/org/bouncycastle/jcajce/provider/asymmetric/rsa/DigestSignatureSpi$SHA3_384.class starting
/org/bouncycastle/jcajce/provider/asymmetric/rsa/DigestSignatureSpi$SHA3_384.class DONE
/com/google/common/collect/RegularImmutableMap$Values.class starting
/com/google/common/collect/RegularImmutableMap$Values.class DONE
/org/apache/lucene/index/MultiDocValues$1.class starting
/org/apache/lucene/index/MultiDocValues$1.class DONE
/net/bytebuddy/asm/MemberSubstitution$TypePoolResolver$OfImplicitPool.class starting
/net/bytebuddy/asm/MemberSubstitution$TypePoolResolver$OfImplicitPool.class DONE
/net/bytebuddy/description/type/TypeDescription$Generic$AnnotationReader$Delegator$ForLoadedTypeVariable.class starting
/net/bytebuddy/description/type/TypeDescription$Generic$AnnotationReader$Delegator$ForLoadedTypeVariable.class DONE
/org/bouncycastle/crypto/CipherKeyGenerator.class starting
/org/bouncycastle/crypto/CipherKeyGenerator.class DONE
/org/apache/lucene/codecs/lucene99/Lucene99HnswVectorsWriter$2.class starting
/org/apache/lucene/codecs/lucene99/Lucene99HnswVectorsWriter$2.class DONE
/org/bouncycastle/jcajce/provider/symmetric/DSTU7624$GCM128.class starting
/org/bouncycastle/jcajce/provider/symmetric/DSTU7624$GCM128.class DONE
/org/apache/lucene/util/AttributeImpl.class starting
/org/apache/lucene/util/AttributeImpl.class DONE
/org/apache/lucene/codecs/lucene90/Lucene90DocValuesProducer$17.class starting
/org/apache/lucene/codecs/lucene90/Lucene90DocValuesProducer$17.class DONE
/org/apache/lucene/search/comparators/NumericComparator$NumericLeafComparator.class starting
/org/apache/lucene/search/comparators/NumericComparator$NumericLeafComparator.class DONE
/org/apache/lucene/util/packed/PackedWriter.class starting
/org/apache/lucene/util/packed/PackedWriter.class DONE
/com/google/common/primitives/Shorts$ShortConverter.class starting
/com/google/common/primitives/Shorts$ShortConverter.class DONE
/org/bouncycastle/pqc/crypto/hqc/HQCKEMExtractor.class starting
/org/bouncycastle/pqc/crypto/hqc/HQCKEMExtractor.class DONE
/org/apache/lucene/codecs/hnsw/DefaultFlatVectorScorer$ByteScoringSupplier$1.class starting
/org/apache/lucene/codecs/hnsw/DefaultFlatVectorScorer$ByteScoringSupplier$1.class DONE
/net/bytebuddy/implementation/attribute/AnnotationValueFilter$Factory.class starting
/net/bytebuddy/implementation/attribute/AnnotationValueFilter$Factory.class DONE
/org/apache/lucene/analysis/tokenattributes/TermToBytesRefAttribute.class starting
/org/apache/lucene/analysis/tokenattributes/TermToBytesRefAttribute.class DONE
/org/bouncycastle/crypto/StagedAgreement.class starting
/org/bouncycastle/crypto/StagedAgreement.class DONE
/org/bouncycastle/crypto/params/NaccacheSternKeyGenerationParameters.class starting
/org/bouncycastle/crypto/params/NaccacheSternKeyGenerationParameters.class DONE
/org/apache/lucene/index/IndexWriter$DocModifier.class starting
/org/apache/lucene/index/IndexWriter$DocModifier.class DONE
/org/apache/lucene/util/bkd/OfflinePointWriter.class starting
/org/apache/lucene/util/bkd/OfflinePointWriter.class DONE
/org/apache/lucene/search/SortedNumericSortField$5.class starting
/org/apache/lucene/search/SortedNumericSortField$5.class DONE
/org/bouncycastle/jce/provider/AnnotatedException.class starting
/org/bouncycastle/jce/provider/AnnotatedException.class DONE
/org/apache/lucene/util/packed/DirectReader$DirectPackedReader32.class starting
/org/apache/lucene/util/packed/DirectReader$DirectPackedReader32.class DONE
/org/bouncycastle/jcajce/provider/symmetric/Rijndael.class starting
/org/bouncycastle/jcajce/provider/symmetric/Rijndael.class DONE
/net/bytebuddy/description/annotation/AnnotationValue$Loaded$AbstractBase$ForUnresolvedProperty.class starting
/net/bytebuddy/description/annotation/AnnotationValue$Loaded$AbstractBase$ForUnresolvedProperty.class DONE
/org/apache/lucene/util/DocIdSetBuilder$BulkAdder.class starting
/org/apache/lucene/util/DocIdSetBuilder$BulkAdder.class DONE
/org/bouncycastle/pqc/jcajce/provider/picnic/BCPicnicPublicKey.class starting
/org/bouncycastle/pqc/jcajce/provider/picnic/BCPicnicPublicKey.class DONE
/com/google/common/collect/HashMultimap.class starting
/com/google/common/collect/HashMultimap.class DONE
/org/bouncycastle/crypto/params/DHParameters.class starting
/org/bouncycastle/crypto/params/DHParameters.class DONE
/net/bytebuddy/agent/builder/AgentBuilder$InstallationListener$Compound.class starting
/net/bytebuddy/agent/builder/AgentBuilder$InstallationListener$Compound.class DONE
/net/bytebuddy/dynamic/scaffold/subclass/SubclassImplementationTarget$OriginTypeResolver$1.class starting
/net/bytebuddy/dynamic/scaffold/subclass/SubclassImplementationTarget$OriginTypeResolver$1.class DONE
/com/google/common/collect/SortedLists$KeyAbsentBehavior$2.class starting
/com/google/common/collect/SortedLists$KeyAbsentBehavior$2.class DONE
/org/bouncycastle/jcajce/provider/symmetric/Shacal2$AlgParams.class starting
/org/bouncycastle/jcajce/provider/symmetric/Shacal2$AlgParams.class DONE
/org/bouncycastle/crypto/util/DEROtherInfo$1.class starting
/org/bouncycastle/crypto/util/DEROtherInfo$1.class DONE
/net/bytebuddy/agent/builder/AgentBuilder$Default$NativeMethodStrategy$ForPrefix.class starting
/net/bytebuddy/agent/builder/AgentBuilder$Default$NativeMethodStrategy$ForPrefix.class DONE
/com/google/common/collect/Streams$DoubleFunctionWithIndex.class starting
/com/google/common/collect/Streams$DoubleFunctionWithIndex.class DONE
/org/bouncycastle/jcajce/provider/asymmetric/ecgost12/KeyAgreementSpi$ECVKO512.class starting
/org/bouncycastle/jcajce/provider/asymmetric/ecgost12/KeyAgreementSpi$ECVKO512.class DONE
/net/bytebuddy/implementation/MethodDelegation.class starting
/net/bytebuddy/implementation/MethodDelegation.class DONE
/net/bytebuddy/implementation/FieldAccessor$FieldLocation.class starting
/net/bytebuddy/implementation/FieldAccessor$FieldLocation.class DONE
/org/bouncycastle/pqc/crypto/sphincs/SPHINCS256KeyGenerationParameters.class starting
/org/bouncycastle/pqc/crypto/sphincs/SPHINCS256KeyGenerationParameters.class DONE
/org/bouncycastle/jcajce/provider/asymmetric/edec/KeyPairGeneratorSpi$X448.class starting
/org/bouncycastle/jcajce/provider/asymmetric/edec/KeyPairGeneratorSpi$X448.class DONE
/net/bytebuddy/dynamic/loading/PackageDefinitionStrategy$ManifestReading.class starting
/net/bytebuddy/dynamic/loading/PackageDefinitionStrategy$ManifestReading.class DONE
/org/bouncycastle/asn1/LazyEncodedSequence.class starting
/org/bouncycastle/asn1/LazyEncodedSequence.class DONE
/net/bytebuddy/description/annotation/AnnotationDescription.class starting
/net/bytebuddy/description/annotation/AnnotationDescription.class DONE
/org/bouncycastle/crypto/ec/ECDecryptor.class starting
/org/bouncycastle/crypto/ec/ECDecryptor.class DONE
/org/bouncycastle/asn1/BEROctetStringParser.class starting
/org/bouncycastle/asn1/BEROctetStringParser.class DONE
/net/bytebuddy/dynamic/scaffold/TypeWriter$Default$ClassDumpAction$Dispatcher$Enabled.class starting
/net/bytebuddy/dynamic/scaffold/TypeWriter$Default$ClassDumpAction$Dispatcher$Enabled.class DONE
/org/bouncycastle/pqc/jcajce/interfaces/NHPublicKey.class starting
/org/bouncycastle/pqc/jcajce/interfaces/NHPublicKey.class DONE
/com/google/common/collect/JdkBackedImmutableMap.class starting
/com/google/common/collect/JdkBackedImmutableMap.class DONE
/com/google/common/collect/MapMakerInternalMap$EntrySet.class starting
/com/google/common/collect/MapMakerInternalMap$EntrySet.class DONE
/org/bouncycastle/math/ec/ECCurve$Config.class starting
/org/bouncycastle/math/ec/ECCurve$Config.class DONE
/org/apache/lucene/util/mutable/MutableValueDate.class starting
/org/apache/lucene/util/mutable/MutableValueDate.class DONE
/com/google/common/collect/TransformedListIterator.class starting
/com/google/common/collect/TransformedListIterator.class DONE
/com/google/common/base/Utf8.class starting
/com/google/common/base/Utf8.class DONE
/org/bouncycastle/crypto/digests/AsconXof$1.class starting
/org/bouncycastle/crypto/digests/AsconXof$1.class DONE
/org/apache/lucene/analysis/CharArrayMap.class starting
/org/apache/lucene/analysis/CharArrayMap.class DONE
/net/bytebuddy/description/method/MethodList$Explicit.class starting
/net/bytebuddy/description/method/MethodList$Explicit.class DONE
/org/apache/lucene/search/NamedMatches$NamedQuery.class starting
/org/apache/lucene/search/NamedMatches$NamedQuery.class DONE
/net/bytebuddy/matcher/TypeSortMatcher.class starting
/net/bytebuddy/matcher/TypeSortMatcher.class DONE
/net/bytebuddy/description/type/TypeDescription$Latent.class starting
/net/bytebuddy/description/type/TypeDescription$Latent.class DONE
/net/bytebuddy/utility/FileSystem$ForNio2CapableVm$StandardCopyOption.class starting
/net/bytebuddy/utility/FileSystem$ForNio2CapableVm$StandardCopyOption.class DONE
/org/bouncycastle/crypto/engines/GOST3412_2015Engine.class starting
/org/bouncycastle/crypto/engines/GOST3412_2015Engine.class DONE
/org/bouncycastle/math/ec/custom/sec/SecT239K1Curve.class starting
/org/bouncycastle/math/ec/custom/sec/SecT239K1Curve.class DONE
/org/apache/lucene/index/PointValues$IntersectVisitor.class starting
/org/apache/lucene/index/PointValues$IntersectVisitor.class DONE
/net/bytebuddy/implementation/InvokeDynamic$WithImplicitArguments.class starting
/net/bytebuddy/implementation/InvokeDynamic$WithImplicitArguments.class DONE
/org/bouncycastle/pqc/jcajce/provider/mceliece/BCMcEliecePrivateKey.class starting
/org/bouncycastle/pqc/jcajce/provider/mceliece/BCMcEliecePrivateKey.class DONE
/com/google/common/util/concurrent/ForwardingCheckedFuture$SimpleForwardingCheckedFuture.class starting
/com/google/common/util/concurrent/ForwardingCheckedFuture$SimpleForwardingCheckedFuture.class DONE
/org/bouncycastle/util/encoders/HexTranslator.class starting
/org/bouncycastle/util/encoders/HexTranslator.class DONE
/com/google/common/collect/ForwardingConcurrentMap.class starting
/com/google/common/collect/ForwardingConcurrentMap.class DONE
/org/bouncycastle/jcajce/provider/keystore/pkcs12/PKCS12KeyStoreSpi$1.class starting
/org/bouncycastle/jcajce/provider/keystore/pkcs12/PKCS12KeyStoreSpi$1.class DONE
/org/bouncycastle/jcajce/provider/asymmetric/compositesignatures/KeyPairGeneratorSpi$MLDSA65_ECDSA_brainpoolP256r1_SHA512.class starting
/org/bouncycastle/jcajce/provider/asymmetric/compositesignatures/KeyPairGeneratorSpi$MLDSA65_ECDSA_brainpoolP256r1_SHA512.class DONE
/com/google/common/reflect/TypeToken$Bounds.class starting
/com/google/common/reflect/TypeToken$Bounds.class DONE
/org/apache/lucene/store/IndexInput$1.class starting
/org/apache/lucene/store/IndexInput$1.class DONE
/net/bytebuddy/dynamic/loading/ClassInjector$UsingReflection$Dispatcher$Initializable.class starting
/net/bytebuddy/dynamic/loading/ClassInjector$UsingReflection$Dispatcher$Initializable.class DONE
/org/apache/lucene/util/ModuleResourceLoader.class starting
/org/apache/lucene/util/ModuleResourceLoader.class DONE
/org/bouncycastle/pqc/jcajce/provider/falcon/SignatureSpi$Base.class starting
/org/bouncycastle/pqc/jcajce/provider/falcon/SignatureSpi$Base.class DONE
/org/apache/lucene/index/FreqProxFields$FreqProxTermsEnum$1.class starting
/org/apache/lucene/index/FreqProxFields$FreqProxTermsEnum$1.class DONE
/org/bouncycastle/jcajce/provider/digest/Whirlpool$KeyGenerator.class starting
/org/bouncycastle/jcajce/provider/digest/Whirlpool$KeyGenerator.class DONE
/net/bytebuddy/implementation/HashCodeMethod$ValueTransformer$7.class starting
/net/bytebuddy/implementation/HashCodeMethod$ValueTransformer$7.class DONE
/com/google/common/collect/MultimapBuilder$2.class starting
/com/google/common/collect/MultimapBuilder$2.class DONE
/com/google/common/base/Platform.class starting
/com/google/common/base/Platform.class DONE
/org/bouncycastle/jcajce/provider/asymmetric/rsa/PSSSignatureSpi$SHA512withRSA.class starting
/org/bouncycastle/jcajce/provider/asymmetric/rsa/PSSSignatureSpi$SHA512withRSA.class DONE
/com/google/common/net/HttpHeaders.class starting
/com/google/common/net/HttpHeaders.class DONE
/org/bouncycastle/pqc/crypto/falcon/FalconSmallPrime.class starting
/org/bouncycastle/pqc/crypto/falcon/FalconSmallPrime.class DONE
/net/bytebuddy/implementation/bind/annotation/Morph$Binder$RedirectionProxy$InstanceFieldConstructor$Appender.class starting
/net/bytebuddy/implementation/bind/annotation/Morph$Binder$RedirectionProxy$InstanceFieldConstructor$Appender.class DONE
/net/bytebuddy/implementation/InvocationHandlerAdapter.class starting
/net/bytebuddy/implementation/InvocationHandlerAdapter.class DONE
/org/bouncycastle/crypto/modes/NISTCTSBlockCipher.class starting
/org/bouncycastle/crypto/modes/NISTCTSBlockCipher.class DONE
/org/bouncycastle/jcajce/provider/digest/Skein$HMacKeyGenerator_512_384.class starting
/org/bouncycastle/jcajce/provider/digest/Skein$HMacKeyGenerator_512_384.class DONE
/org/bouncycastle/pqc/legacy/crypto/mceliece/McEliecePrivateKeyParameters.class starting
/org/bouncycastle/pqc/legacy/crypto/mceliece/McEliecePrivateKeyParameters.class DONE
/org/bouncycastle/x509/X509CRLStoreSelector.class starting
/org/bouncycastle/x509/X509CRLStoreSelector.class DONE
/org/apache/lucene/util/fst/Util$FSTPath.class starting
/org/apache/lucene/util/fst/Util$FSTPath.class DONE
/org/apache/lucene/search/LongValuesSource$LongValuesComparatorSource.class starting
/org/apache/lucene/search/LongValuesSource$LongValuesComparatorSource.class DONE
/net/bytebuddy/description/type/TypeDescription$Generic$OfParameterizedType$Latent.class starting
/net/bytebuddy/description/type/TypeDescription$Generic$OfParameterizedType$Latent.class DONE
/org/bouncycastle/pqc/crypto/util/PublicKeyFactory$LMSConverter.class starting
/org/bouncycastle/pqc/crypto/util/PublicKeyFactory$LMSConverter.class DONE
/org/bouncycastle/crypto/util/SSHNamedCurves$3.class starting
/org/bouncycastle/crypto/util/SSHNamedCurves$3.class DONE
/com/google/common/io/LineProcessor.class starting
/com/google/common/io/LineProcessor.class DONE
/org/bouncycastle/pqc/legacy/math/linearalgebra/GF2Matrix.class starting
/org/bouncycastle/pqc/legacy/math/linearalgebra/GF2Matrix.class DONE
/com/google/common/cache/LongAddables.class starting
/com/google/common/cache/LongAddables.class DONE
/org/bouncycastle/jcajce/provider/symmetric/CAST5$CBC.class starting
/org/bouncycastle/jcajce/provider/symmetric/CAST5$CBC.class DONE
/org/bouncycastle/jcajce/provider/symmetric/HC128$KeyGen.class starting
/org/bouncycastle/jcajce/provider/symmetric/HC128$KeyGen.class DONE
/org/bouncycastle/pqc/crypto/xmss/XMSSMTPrivateKeyParameters$Builder.class starting
/org/bouncycastle/pqc/crypto/xmss/XMSSMTPrivateKeyParameters$Builder.class DONE
/org/bouncycastle/jcajce/provider/asymmetric/ec/KeyAgreementSpi$DHUwithSHA224KDF.class starting
/org/bouncycastle/jcajce/provider/asymmetric/ec/KeyAgreementSpi$DHUwithSHA224KDF.class DONE
/org/apache/lucene/document/FloatPoint$2.class starting
/org/apache/lucene/document/FloatPoint$2.class DONE
/org/apache/lucene/index/SortedNumericDocValuesWriter.class starting
/org/apache/lucene/index/SortedNumericDocValuesWriter.class DONE
/org/bouncycastle/pqc/math/ntru/parameters/NTRUHPS2048509.class starting
/org/bouncycastle/pqc/math/ntru/parameters/NTRUHPS2048509.class DONE
/net/bytebuddy/implementation/bytecode/ByteCodeAppender$Compound.class starting
/net/bytebuddy/implementation/bytecode/ByteCodeAppender$Compound.class DONE
/com/google/common/collect/Maps$AsMapView$1EntrySetImpl.class starting
/com/google/common/collect/Maps$AsMapView$1EntrySetImpl.class DONE
/org/apache/lucene/search/TopDocsCollector.class starting
/org/apache/lucene/search/TopDocsCollector.class DONE
/net/bytebuddy/asm/Advice$Dispatcher$Resolved$AbstractBase.class starting
/net/bytebuddy/asm/Advice$Dispatcher$Resolved$AbstractBase.class DONE
/org/bouncycastle/jcajce/provider/asymmetric/ec/BCECPrivateKey.class starting
/org/bouncycastle/asn1/x509/sigi/NameOrPseudonym.class DONE
/org/bouncycastle/math/ec/custom/sec/SecP384R1FieldElement.class starting
/org/bouncycastle/math/ec/custom/sec/SecP384R1FieldElement.class DONE
/org/bouncycastle/crypto/engines/SparkleEngine$1.class starting
/org/bouncycastle/crypto/engines/SparkleEngine$1.class DONE
/org/bouncycastle/asn1/sec/SECNamedCurves$17.class starting
/org/bouncycastle/asn1/sec/SECNamedCurves$17.class DONE
/com/google/common/collect/AbstractMapBasedMultiset$2$1.class starting
/com/google/common/collect/AbstractMapBasedMultiset$2$1.class DONE
/net/bytebuddy/asm/Advice$OffsetMapping.class starting
/net/bytebuddy/asm/Advice$OffsetMapping.class DONE
/org/bouncycastle/asn1/ASN1ObjectDescriptor$1.class starting
/org/bouncycastle/asn1/ASN1ObjectDescriptor$1.class DONE
/net/bytebuddy/implementation/bind/annotation/AllArguments.class starting
/net/bytebuddy/implementation/bind/annotation/AllArguments.class DONE
/com/google/common/cache/LocalCache$EntryFactory$2.class starting
/com/google/common/cache/LocalCache$EntryFactory$2.class DONE
/org/apache/lucene/search/ImpactsDISI.class starting
/org/apache/lucene/search/ImpactsDISI.class DONE
/net/bytebuddy/build/EntryPoint$Default.class starting
/net/bytebuddy/build/EntryPoint$Default.class DONE
/org/apache/lucene/search/similarities/MultiSimilarity.class starting
/org/apache/lucene/search/similarities/MultiSimilarity.class DONE
/org/apache/lucene/document/LatLonPointDistanceQuery.class starting
/org/apache/lucene/document/LatLonPointDistanceQuery.class DONE
/com/google/common/util/concurrent/AbstractFuture$Listener.class starting
/com/google/common/util/concurrent/AbstractFuture$Listener.class DONE
/net/bytebuddy/dynamic/VisibilityBridgeStrategy$Default$2.class starting
/net/bytebuddy/dynamic/VisibilityBridgeStrategy$Default$2.class DONE
/org/apache/lucene/index/TermVectorsConsumerPerField$TermVectorsPostingsArray.class starting
/org/apache/lucene/index/TermVectorsConsumerPerField$TermVectorsPostingsArray.class DONE
/org/apache/lucene/internal/hppc/LongIntHashMap$LongIntCursor.class starting
/org/apache/lucene/internal/hppc/LongIntHashMap$LongIntCursor.class DONE
/org/apache/lucene/codecs/lucene90/Lucene90PointsFormat.class starting
/org/apache/lucene/codecs/lucene90/Lucene90PointsFormat.class DONE
/org/apache/lucene/util/automaton/MinimizationOperations$IntPair.class starting
/org/apache/lucene/util/automaton/MinimizationOperations$IntPair.class DONE
/com/google/common/hash/Hashing.class starting
/com/google/common/hash/Hashing.class DONE
/org/bouncycastle/jcajce/spec/SkeinParameterSpec.class starting
/org/bouncycastle/jcajce/spec/SkeinParameterSpec.class DONE
/net/bytebuddy/agent/builder/AgentBuilder$RedefinitionStrategy$Listener$Adapter.class starting
/net/bytebuddy/agent/builder/AgentBuilder$RedefinitionStrategy$Listener$Adapter.class DONE
/net/bytebuddy/jar/asm/RecordComponentWriter.class starting
/net/bytebuddy/jar/asm/RecordComponentWriter.class DONE
/com/google/common/collect/Multisets$4.class starting
/com/google/common/collect/Multisets$4.class DONE
/org/apache/lucene/index/BaseTermsEnum$1.class starting
/org/apache/lucene/index/BaseTermsEnum$1.class DONE
/net/bytebuddy/utility/dispatcher/JavaDispatcher$Dispatcher.class starting
/net/bytebuddy/utility/dispatcher/JavaDispatcher$Dispatcher.class DONE
/org/bouncycastle/asn1/ocsp/OCSPRequest.class starting
/org/bouncycastle/asn1/ocsp/OCSPRequest.class DONE
/org/apache/lucene/codecs/KnnVectorsWriter$ByteVectorValuesSub.class starting
/org/apache/lucene/codecs/KnnVectorsWriter$ByteVectorValuesSub.class DONE
/net/bytebuddy/asm/ClassVisitorFactory$FrameTranslator.class starting
/net/bytebuddy/asm/ClassVisitorFactory$FrameTranslator.class DONE
/com/google/common/collect/TreeTraverser.class starting
/com/google/common/collect/TreeTraverser.class DONE
/org/bouncycastle/jcajce/provider/asymmetric/CompositeSignatures.class starting
/org/bouncycastle/jcajce/provider/asymmetric/CompositeSignatures.class DONE
/org/bouncycastle/jcajce/BCFKSLoadStoreParameter$SignatureAlgorithm.class starting
/org/bouncycastle/jcajce/BCFKSLoadStoreParameter$SignatureAlgorithm.class DONE
/com/google/common/graph/AbstractBaseGraph$1.class starting
/com/google/common/graph/AbstractBaseGraph$1.class DONE
/net/bytebuddy/implementation/bytecode/member/FieldAccess$AccessDispatcher$FieldPutInstruction.class starting
/net/bytebuddy/implementation/bytecode/member/FieldAccess$AccessDispatcher$FieldPutInstruction.class DONE
/org/apache/lucene/index/ConcurrentMergeScheduler.class starting
/org/apache/lucene/index/ConcurrentMergeScheduler.class DONE
/org/bouncycastle/pqc/asn1/PQCObjectIdentifiers.class starting
/org/bouncycastle/pqc/asn1/PQCObjectIdentifiers.class DONE
/org/bouncycastle/jcajce/provider/digest/SHA3$Mappings.class starting
/org/bouncycastle/jcajce/provider/digest/SHA3$Mappings.class DONE
/com/google/common/collect/CollectSpliterators.class starting
/com/google/common/collect/CollectSpliterators.class DONE
/net/bytebuddy/agent/builder/AgentBuilder$PoolStrategy$Default.class starting
/net/bytebuddy/agent/builder/AgentBuilder$PoolStrategy$Default.class DONE
/net/bytebuddy/asm/Advice$AssignReturned$ToReturned$Handler.class starting
/net/bytebuddy/asm/Advice$AssignReturned$ToReturned$Handler.class DONE
/org/bouncycastle/jcajce/provider/asymmetric/ec/BCECPrivateKey.class DONE
/org/apache/lucene/document/XYShapeDocValues.class starting
/org/apache/lucene/document/XYShapeDocValues.class DONE
/org/bouncycastle/pqc/crypto/xmss/XMSSMTPrivateKeyParameters$Builder.class starting
/org/bouncycastle/jcajce/provider/asymmetric/rsa/PSSSignatureSpi$SHA512withRSA.class starting
/org/bouncycastle/jcajce/provider/asymmetric/rsa/PSSSignatureSpi$SHA512withRSA.class DONE
/org/bouncycastle/jce/provider/RFC3280CertPathUtilities.class starting
/org/bouncycastle/pqc/crypto/xmss/XMSSMTPrivateKeyParameters$Builder.class DONE
/org/bouncycastle/math/ec/custom/gm/SM2P256V1FieldElement.class starting
/org/bouncycastle/math/ec/custom/gm/SM2P256V1FieldElement.class DONE
/org/bouncycastle/jce/provider/RFC3280CertPathUtilities.class DONE
/org/apache/lucene/document/LatLonPointDistanceQuery.class starting
/org/apache/lucene/codecs/lucene90/Lucene90PointsFormat.class starting
/org/bouncycastle/math/ec/custom/sec/SecP384R1FieldElement.class starting
/org/apache/lucene/document/LatLonPointDistanceQuery.class DONE
/org/apache/lucene/codecs/lucene90/Lucene90PointsFormat.class DONE
/org/bouncycastle/math/ec/custom/sec/SecP384R1FieldElement.class DONE
/org/bouncycastle/math/ec/custom/gm/SM2P256V1FieldElement.class starting
/org/bouncycastle/math/ec/custom/gm/SM2P256V1FieldElement.class DONE
/org/apache/lucene/document/XYShapeDocValues.class starting
/org/apache/lucene/document/XYShapeDocValues.class DONE
/org/bouncycastle/pqc/crypto/xmss/XMSSMTPrivateKeyParameters$Builder.class starting
/org/bouncycastle/pqc/crypto/xmss/XMSSMTPrivateKeyParameters$Builder.class DONE
Could not read file /com/google/common/collect/DenseImmutableTable.class
Could not read file /org/apache/lucene/document/ShapeDocValues.class
Could not read file /org/apache/lucene/index/MergeRateLimiter.class
*****
{
  "olly": {
    "version": 2,
    "wall_time": 153.31,
    "cpu_time": 1984.2,
    "gc_time": 123.63,
    "gc_overhead": 6.23,
    "max_rss_kb": 4158920,
    "domain_stats": {
      "0": {
        "wall_time": 153.31,
        "gc_time": 0.68,
        "gc_overhead": 0.45
      },
      "1": {
        "wall_time": 152.6,
        "gc_time": 10.08,
        "gc_overhead": 6.6
      },
      "2": {
        "wall_time": 152.63,
        "gc_time": 9.44,
        "gc_overhead": 6.18
      },
      "3": {
        "wall_time": 152.53,
        "gc_time": 9.06,
        "gc_overhead": 5.94
      },
      "4": {
        "wall_time": 152.67,
        "gc_time": 9.26,
        "gc_overhead": 6.06
      },
      "5": {
        "wall_time": 152.65,
        "gc_time": 10.06,
        "gc_overhead": 6.59
      },
      "6": {
        "wall_time": 152.48,
        "gc_time": 8.19,
        "gc_overhead": 5.37
      },
      "7": {
        "wall_time": 152.62,
        "gc_time": 8.2,
        "gc_overhead": 5.37
      },
      "8": {
        "wall_time": 152.67,
        "gc_time": 8.63,
        "gc_overhead": 5.65
      },
      "9": {
        "wall_time": 152.54,
        "gc_time": 11.6,
        "gc_overhead": 7.6
      },
      "10": {
        "wall_time": 152.46,
        "gc_time": 16.37,
        "gc_overhead": 10.74
      },
      "11": {
        "wall_time": 152.5,
        "gc_time": 9.17,
        "gc_overhead": 6.01
      },
      "12": {
        "wall_time": 152.55,
        "gc_time": 12.91,
        "gc_overhead": 8.46
      }
    },
    "mean_latency": 4.090125,
    "stddev_latency": 7.936036,
    "min_latency": 0.0,
    "max_latency": 71.041023,
    "distr_latency": {
      "25.0000": 0.001127,
      "50.0000": 0.001815,
      "60.0000": 0.003007,
      "70.0000": 0.327679,
      "75.0000": 3.403775,
      "80.0000": 8.495103,
      "85.0000": 13.672447,
      "90.0000": 17.514495,
      "95.0000": 22.167551,
      "96.0000": 23.478271,
      "97.0000": 25.198591,
      "98.0000": 27.426815,
      "99.0000": 30.998527,
      "99.9000": 41.877503,
      "99.9900": 56.688639,
      "99.9990": 71.041023,
      "99.9999": 71.041023,
      "100.0000": 71.041023
    },
    "outliers": {
      "count": 0,
      "mean_latency": 0.0,
      "max_latency": 0.0
    },
    "allocations": {
      "total_heap": 55363309218,
      "minor_heap": 55478365811,
      "major_heap": 533614691,
      "promoted_words": 648671284,
      "promoted_pct": 1.17
    },
    "domain_alloc_stats": {
      "0": {
        "total": 32186749,
        "minor": 13153755,
        "promoted": 6770573,
        "major": 25803567,
        "promoted_pct": 51.47
      },
      "1": {
        "total": 3114040505,
        "minor": 3120465025,
        "promoted": 48858781,
        "major": 42434261,
        "promoted_pct": 1.57
      },
      "2": {
        "total": 3330938832,
        "minor": 3335812779,
        "promoted": 39744635,
        "major": 34870688,
        "promoted_pct": 1.19
      },
      "3": {
        "total": 3030512842,
        "minor": 3041414582,
        "promoted": 46143060,
        "major": 35241320,
        "promoted_pct": 1.52
      },
      "4": {
        "total": 3173506457,
        "minor": 3186508111,
        "promoted": 48374476,
        "major": 35372822,
        "promoted_pct": 1.52
      },
      "5": {
        "total": 3902358444,
        "minor": 3910372133,
        "promoted": 61695705,
        "major": 53682016,
        "promoted_pct": 1.58
      },
      "6": {
        "total": 2766842132,
        "minor": 2774412191,
        "promoted": 39189184,
        "major": 31619125,
        "promoted_pct": 1.41
      },
      "7": {
        "total": 2708371720,
        "minor": 2716435536,
        "promoted": 38626729,
        "major": 30562913,
        "promoted_pct": 1.42
      },
      "8": {
        "total": 2817673198,
        "minor": 2829848649,
        "promoted": 41464590,
        "major": 29289139,
        "promoted_pct": 1.47
      },
      "9": {
        "total": 6530236386,
        "minor": 6531408526,
        "promoted": 74285042,
        "major": 73112902,
        "promoted_pct": 1.14
      },
      "10": {
        "total": 11844123930,
        "minor": 11878068613,
        "promoted": 109274328,
        "major": 75329645,
        "promoted_pct": 0.92
      },
      "11": {
        "total": 2981058447,
        "minor": 2999457612,
        "promoted": 43901794,
        "major": 25502629,
        "promoted_pct": 1.46
      },
      "12": {
        "total": 9131459576,
        "minor": 9141008299,
        "promoted": 50342387,
        "major": 40793664,
        "promoted_pct": 0.55
      }
    },
    "collections": {
      "minor": 1618,
      "major": 22,
      "forced_major": 0,
      "compactions": 0
    },
    "stats_reliable": true
  },
  "perf": [
    {
      "counter-value": "296029.482579",
      "unit": "msec",
      "event": "task-clock",
      "event-runtime": 296029482579,
      "pcnt-running": 100.0,
      "metric-value": "1.920001",
      "metric-unit": "CPUs utilized"
    },
    {
      "counter-value": "1017084.000000",
      "unit": "",
      "event": "page-faults",
      "event-runtime": 296029478754,
      "pcnt-running": 100.0,
      "metric-value": "3.435752",
      "metric-unit": "K/sec"
    },
    {
      "counter-value": "974596003761.000000",
      "unit": "",
      "event": "cycles",
      "event-runtime": 296029476464,
      "pcnt-running": 100.0,
      "metric-value": "3.292226",
      "metric-unit": "GHz"
    },
    {
      "counter-value": "1147702527403.000000",
      "unit": "",
      "event": "instructions",
      "event-runtime": 296029470302,
      "pcnt-running": 100.0,
      "metric-value": "1.177619",
      "metric-unit": "insn per cycle"
    }
  ]
}
-----
mkdir -p PLOTTY_WORKAROUND; timedrun; OCAMLRUNPARAM="s=262144,o=120,e=18,d=128" /home/udesou/.bench-agent/git/macro-benches/benchmarks/infer/infer_default-ocaml-5.5.0-f523850
running-ng v0.3.8
Wed Sep  9 01:16:39 PM UTC 2026

 13:16:39 up 2 days, 13:10,  2 users,  load average: 6.76, 8.24, 8.24
USER     TTY      FROM             LOGIN@   IDLE   JCPU   PCPU  WHAT

procs -----------memory---------- ---swap-- -----io---- -system-- -------cpu-------
 r  b   swpd   free   buff  cache   si   so    bi    bo   in   cs us sy id wa st gu
 0  1      0 42097500 4121384 18468204    0    0    40   760 2163    3 13  0 76 11  0  0
 0  1      0 42110136 4121384 18467912    0    0     0     0 1705 3077  0  0 88 12  0  0

top - 13:16:40 up 2 days, 13:10,  2 users,  load average: 6.22, 8.10, 8.20
Tasks: 277 total,   1 running, 276 sleeping,   0 stopped,   0 zombie
%Cpu(s):  1.1 us,  1.1 sy,  0.0 ni, 86.2 id, 11.5 wa,  0.0 hi,  0.0 si,  0.0 st 
MiB Mem :  64272.5 total,  41123.4 free,   1813.1 used,  22059.9 buff/cache     
MiB Swap:   8192.0 total,   8192.0 free,      0.0 used.  62459.4 avail Mem 

    PID USER      PR  NI    VIRT    RES    SHR S  %CPU  %MEM     TIME+ COMMAND
      1 root      20   0   22748  14152   9580 S   0.0   0.0   1:39.76 /sbin/init
      2 root      20   0       0      0      0 S   0.0   0.0   0:00.03 [kthreadd]
      3 root      20   0       0      0      0 S   0.0   0.0   0:00.00 [pool_workqueue_release]
      4 root       0 -20       0      0      0 I   0.0   0.0   0:00.00 [kworker/R-rcu_g]
      5 root       0 -20       0      0      0 I   0.0   0.0   0:00.00 [kworker/R-rcu_p]

Environment variables: 
	CONFIG_FILE=/home/udesou/.bench-agent/work/run-20260907-001-e1/run-20260907-001.yml
	HOME=/home/udesou
	LANG=en_US.UTF-8
	LOGNAME=udesou
	LOG_DIR=/home/udesou/.bench-agent/logs
	OLLY_DIR=/home/udesou/.bench-agent/git/olly
	PATH=/usr/local/bin:/home/udesou/.bench-agent/git/olly/_build/install/default/bin:/home/udesou/ocaml-bench-service/_opam/bin:/home/udesou/.vscode-server/data/User/globalStorage/github.copilot-chat/debugCommand:/home/udesou/.vscode-server/data/User/globalStorage/github.copilot-chat/copilotCli:/home/udesou/.vscode-server/cli/servers/Stable-08d4889f9ec4a1685d257b9b95de036c8e1ce1e5/server/bin/remote-cli:/home/udesou/.opam/running-ng-ocaml-5.5.0-f523850-fp-flambda/bin:/home/udesou/.local/bin:/home/udesou/.opam/running-ng-ocaml-5.5.0-f523850-fp-flambda/bin:/home/udesou/.local/bin:/usr/local/sbin:/usr/local/bin:/usr/sbin:/usr/bin:/sbin:/bin:/usr/games:/usr/local/games:/snap/bin
	PWD=/home/udesou/ocaml-bench-service
	PYTHONPATH=/home/udesou/.bench-agent/git/running-ng/src
	RUNNING_BENCH_DIR=/home/udesou/.bench-agent/git/macro-benches
	RUNNING_MACRO_BENCH_DIR=/home/udesou/.bench-agent/git/macro-benches
	RUNNING_NG_PACKAGE_DATA=/home/udesou/.bench-agent/git/running-ng/src/running/config
	RUNNING_REUSE_SWITCHES=1
	RUNNING_TAG=default_run,large_run
	SHELL=/bin/bash
	SHLVL=1
	TERM=screen.xterm-256color
	USER=udesou
	_=/usr/bin/python3
OS: Linux obelisk 6.8.0-139-generic #139-Ubuntu SMP PREEMPT_DYNAMIC Sat Aug  1 03:52:05 UTC 2026 x86_64 x86_64 x86_64 GNU/Linux
CPU: model name	: Intel(R) Xeon(R) CPU E5-2667 v2 @ 3.30GHz
number of cores: 8
Frequency of cpu 0: 3.30 GHz
Governor of cpu 0: performance
Scaling_min_freq of cpu 0: 1.20 GHz
Frequency of cpu 2: 3.30 GHz
Governor of cpu 2: performance
Scaling_min_freq of cpu 2: 1.20 GHz
Frequency of cpu 4: 3.30 GHz
Governor of cpu 4: performance
Scaling_min_freq of cpu 4: 1.20 GHz
Frequency of cpu 6: 3.30 GHz
Governor of cpu 6: performance
Scaling_min_freq of cpu 6: 1.20 GHz
WARNING: Failed to resolve file /com/google/common/annotations/Beta.class with "No such file or directory" 

WARNING: Failed to resolve file /com/google/common/base/Converter$IdentityConverter.class with "No such file or directory" 

WARNING: Failed to resolve file /com/google/common/base/Platform.class with "No such file or directory" 

WARNING: Failed to resolve file /com/google/common/base/Utf8.class with "No such file or directory" 

WARNING: Failed to resolve file /com/google/common/cache/LocalCache$EntryFactory$2.class with "No such file or directory" 

WARNING: Failed to resolve file /com/google/common/cache/LongAddables.class with "No such file or directory" 

WARNING: Failed to resolve file /com/google/common/collect/AbstractMapBasedMultiset$2$1.class with "No such file or directory" 

WARNING: Failed to resolve file /com/google/common/collect/CollectSpliterators.class with "No such file or directory" 

WARNING: Failed to resolve file /com/google/common/collect/DenseImmutableTable.class with "No such file or directory" 

WARNING: Failed to resolve file /com/google/common/collect/ForwardingConcurrentMap.class with "No such file or directory" 

WARNING: Failed to resolve file /com/google/common/collect/HashMultimap.class with "No such file or directory" 

WARNING: Failed to resolve file /com/google/common/collect/ImmutableMultimap$Builder.class with "No such file or directory" 

WARNING: Failed to resolve file /com/google/common/collect/ImmutableSortedSet$1.class with "No such file or directory" 

WARNING: Failed to resolve file /com/google/common/collect/JdkBackedImmutableMap.class with "No such file or directory" 

WARNING: Failed to resolve file /com/google/common/collect/MapMakerInternalMap$EntrySet.class with "No such file or directory" 

WARNING: Failed to resolve file /com/google/common/collect/Maps$AsMapView$1EntrySetImpl.class with "No such file or directory" 

WARNING: Failed to resolve file /com/google/common/collect/MultimapBuilder$2.class with "No such file or directory" 

WARNING: Failed to resolve file /com/google/common/collect/Multisets$4.class with "No such file or directory" 

WARNING: Failed to resolve file /com/google/common/collect/RegularImmutableMap$Values.class with "No such file or directory" 

WARNING: Failed to resolve file /com/google/common/collect/SortedLists$KeyAbsentBehavior$2.class with "No such file or directory" 

WARNING: Failed to resolve file /com/google/common/collect/Streams$DoubleFunctionWithIndex.class with "No such file or directory" 

WARNING: Failed to resolve file /com/google/common/collect/TransformedListIterator.class with "No such file or directory" 

WARNING: Failed to resolve file /com/google/common/collect/TreeTraverser.class with "No such file or directory" 

WARNING: Failed to resolve file /com/google/common/graph/AbstractBaseGraph$1.class with "No such file or directory" 

WARNING: Failed to resolve file /com/google/common/graph/GraphBuilder.class with "No such file or directory" 

WARNING: Failed to resolve file /com/google/common/graph/ValueGraph.class with "No such file or directory" 

WARNING: Failed to resolve file /com/google/common/hash/Hashing.class with "No such file or directory" 

WARNING: Failed to resolve file /com/google/common/io/BaseEncoding.class with "No such file or directory" 

WARNING: Failed to resolve file /com/google/common/io/LineProcessor.class with "No such file or directory" 

WARNING: Failed to resolve file /com/google/common/net/HttpHeaders.class with "No such file or directory" 

WARNING: Failed to resolve file /com/google/common/primitives/Shorts$ShortConverter.class with "No such file or directory" 

WARNING: Failed to resolve file /com/google/common/reflect/TypeToken$Bounds.class with "No such file or directory" 

WARNING: Failed to resolve file /com/google/common/util/concurrent/AbstractFuture$Listener.class with "No such file or directory" 

WARNING: Failed to resolve file /com/google/common/util/concurrent/AggregateFutureState.class with "No such file or directory" 

WARNING: Failed to resolve file /com/google/common/util/concurrent/ForwardingCheckedFuture$SimpleForwardingCheckedFuture.class with "No such file or directory" 

WARNING: Failed to resolve file /com/google/common/util/concurrent/Monitor$Guard.class with "No such file or directory" 

WARNING: Failed to resolve file /com/google/common/util/concurrent/SimpleTimeLimiter$1.class with "No such file or directory" 

WARNING: Failed to resolve file /net/bytebuddy/ByteBuddy$RecordConstructorStrategy.class with "No such file or directory" 

WARNING: Failed to resolve file /net/bytebuddy/agent/builder/AgentBuilder$Default$NativeMethodStrategy$ForPrefix.class with "No such file or directory" 

WARNING: Failed to resolve file /net/bytebuddy/agent/builder/AgentBuilder$InstallationListener$Compound.class with "No such file or directory" 

WARNING: Failed to resolve file /net/bytebuddy/agent/builder/AgentBuilder$PoolStrategy$Default.class with "No such file or directory" 

WARNING: Failed to resolve file /net/bytebuddy/agent/builder/AgentBuilder$RedefinitionStrategy$Listener$Adapter.class with "No such file or directory" 

WARNING: Failed to resolve file /net/bytebuddy/agent/builder/package-info.class with "No such file or directory" 

WARNING: Failed to resolve file /net/bytebuddy/asm/Advice$AssignReturned$ToReturned$Handler.class with "No such file or directory" 

WARNING: Failed to resolve file /net/bytebuddy/asm/Advice$Dispatcher$Resolved$AbstractBase.class with "No such file or directory" 

WARNING: Failed to resolve file /net/bytebuddy/asm/Advice$OffsetMapping$ForInstrumentedMethod$2.class with "No such file or directory" 

WARNING: Failed to resolve file /net/bytebuddy/asm/Advice$OffsetMapping.class with "No such file or directory" 

WARNING: Failed to resolve file /net/bytebuddy/asm/ClassVisitorFactory$FrameTranslator.class with "No such file or directory" 

WARNING: Failed to resolve file /net/bytebuddy/asm/MemberSubstitution$TypePoolResolver$OfImplicitPool.class with "No such file or directory" 

WARNING: Failed to resolve file /net/bytebuddy/build/EntryPoint$Default.class with "No such file or directory" 

WARNING: Failed to resolve file /net/bytebuddy/build/Plugin$Engine$Listener$StreamWriting.class with "No such file or directory" 

WARNING: Failed to resolve file /net/bytebuddy/build/Plugin$Factory$UsingReflection$Instantiator$Unresolved.class with "No such file or directory" 

WARNING: Failed to resolve file /net/bytebuddy/description/annotation/AnnotationDescription.class with "No such file or directory" 

WARNING: Failed to resolve file /net/bytebuddy/description/annotation/AnnotationValue$Loaded$AbstractBase$ForUnresolvedProperty.class with "No such file or directory" 

WARNING: Failed to resolve file /net/bytebuddy/description/method/MethodList$Explicit.class with "No such file or directory" 

WARNING: Failed to resolve file /net/bytebuddy/description/modifier/SynchronizationState.class with "No such file or directory" 

WARNING: Failed to resolve file /net/bytebuddy/description/type/TypeDescription$Generic$AnnotationReader$Delegator$ForLoadedTypeVariable.class with "No such file or directory" 

WARNING: Failed to resolve file /net/bytebuddy/description/type/TypeDescription$Generic$OfParameterizedType$Latent.class with "No such file or directory" 

WARNING: Failed to resolve file /net/bytebuddy/description/type/TypeDescription$Latent.class with "No such file or directory" 

WARNING: Failed to resolve file /net/bytebuddy/dynamic/ClassFileLocator$ForModuleFile.class with "No such file or directory" 

WARNING: Failed to resolve file /net/bytebuddy/dynamic/DynamicType$Builder$MethodDefinition$ParameterDefinition$Simple$Annotatable$AbstractBase.class with "No such file or directory" 

WARNING: Failed to resolve file /net/bytebuddy/dynamic/VisibilityBridgeStrategy$Default$2.class with "No such file or directory" 

WARNING: Failed to resolve file /net/bytebuddy/dynamic/loading/ClassInjector$UsingReflection$Dispatcher$Initializable.class with "No such file or directory" 

WARNING: Failed to resolve file /net/bytebuddy/dynamic/loading/PackageDefinitionStrategy$ManifestReading.class with "No such file or directory" 

WARNING: Failed to resolve file /net/bytebuddy/dynamic/scaffold/MethodGraph$Compiler$Default$Key$Store$Entry$Initial.class with "No such file or directory" 

WARNING: Failed to resolve file /net/bytebuddy/dynamic/scaffold/TypeWriter$Default$ClassDumpAction$Dispatcher$Enabled.class with "No such file or directory" 

WARNING: Failed to resolve file /net/bytebuddy/dynamic/scaffold/TypeWriter$MethodPool$Record$AccessBridgeWrapper.class with "No such file or directory" 

WARNING: Failed to resolve file /net/bytebuddy/dynamic/scaffold/subclass/SubclassImplementationTarget$OriginTypeResolver$1.class with "No such file or directory" 

WARNING: Failed to resolve file /net/bytebuddy/implementation/FieldAccessor$FieldLocation.class with "No such file or directory" 

WARNING: Failed to resolve file /net/bytebuddy/implementation/HashCodeMethod$ValueTransformer$7.class with "No such file or directory" 

WARNING: Failed to resolve file /net/bytebuddy/implementation/InvocationHandlerAdapter.class with "No such file or directory" 

WARNING: Failed to resolve file /net/bytebuddy/implementation/InvokeDynamic$WithImplicitArguments.class with "No such file or directory" 

WARNING: Failed to resolve file /net/bytebuddy/implementation/MethodCall$MethodInvoker.class with "No such file or directory" 

WARNING: Failed to resolve file /net/bytebuddy/implementation/MethodDelegation.class with "No such file or directory" 

WARNING: Failed to resolve file /net/bytebuddy/implementation/attribute/AnnotationValueFilter$Factory.class with "No such file or directory" 

WARNING: Failed to resolve file /net/bytebuddy/implementation/auxiliary/TypeProxy$1.class with "No such file or directory" 

WARNING: Failed to resolve file /net/bytebuddy/implementation/bind/annotation/AllArguments.class with "No such file or directory" 

WARNING: Failed to resolve file /net/bytebuddy/implementation/bind/annotation/Morph$Binder$RedirectionProxy$InstanceFieldConstructor$Appender.class with "No such file or directory" 

WARNING: Failed to resolve file /net/bytebuddy/implementation/bytecode/ByteCodeAppender$Compound.class with "No such file or directory" 

WARNING: Failed to resolve file /net/bytebuddy/implementation/bytecode/assign/reference/GenericTypeAwareAssigner$IsAssignableToVisitor$OfGenericArray.class with "No such file or directory" 

WARNING: Failed to resolve file /net/bytebuddy/implementation/bytecode/member/FieldAccess$AccessDispatcher$FieldPutInstruction.class with "No such file or directory" 

WARNING: Failed to resolve file /net/bytebuddy/jar/asm/RecordComponentWriter.class with "No such file or directory" 

WARNING: Failed to resolve file /net/bytebuddy/matcher/FilterableList.class with "No such file or directory" 

WARNING: Failed to resolve file /net/bytebuddy/matcher/TypeSortMatcher.class with "No such file or directory" 

WARNING: Failed to resolve file /net/bytebuddy/pool/TypePool$Default$LazyTypeDescription$AnnotationToken.class with "No such file or directory" 

WARNING: Failed to resolve file /net/bytebuddy/pool/TypePool$Default$LazyTypeDescription$LazyMethodDescription$LazyParameterizedReceiverType$TypeArgumentList$AnnotatedTypeVariable.class with "No such file or directory" 

WARNING: Failed to resolve file /net/bytebuddy/utility/FileSystem$ForNio2CapableVm$StandardCopyOption.class with "No such file or directory" 

WARNING: Failed to resolve file /net/bytebuddy/utility/dispatcher/JavaDispatcher$Dispatcher.class with "No such file or directory" 

WARNING: Failed to resolve file /org/apache/lucene/analysis/CharArrayMap.class with "No such file or directory" 

WARNING: Failed to resolve file /org/apache/lucene/analysis/tokenattributes/TermToBytesRefAttribute.class with "No such file or directory" 

WARNING: Failed to resolve file /org/apache/lucene/codecs/KnnVectorsWriter$ByteVectorValuesSub.class with "No such file or directory" 

WARNING: Failed to resolve file /org/apache/lucene/codecs/hnsw/DefaultFlatVectorScorer$ByteScoringSupplier$1.class with "No such file or directory" 

WARNING: Failed to resolve file /org/apache/lucene/codecs/lucene90/Lucene90DocValuesProducer$17.class with "No such file or directory" 

WARNING: Failed to resolve file /org/apache/lucene/codecs/lucene90/Lucene90PointsFormat.class with "No such file or directory" 

WARNING: Failed to resolve file /org/apache/lucene/codecs/lucene912/ForUtil.class with "No such file or directory" 

WARNING: Failed to resolve file /org/apache/lucene/codecs/lucene99/Lucene99HnswVectorsWriter$2.class with "No such file or directory" 

WARNING: Failed to resolve file /org/apache/lucene/document/BinaryPoint$1.class with "No such file or directory" 

WARNING: Failed to resolve file /org/apache/lucene/document/FloatPoint$2.class with "No such file or directory" 

WARNING: Failed to resolve file /org/apache/lucene/document/LatLonPointDistanceQuery.class with "No such file or directory" 

WARNING: Failed to resolve file /org/apache/lucene/document/ShapeField$QueryRelation.class with "No such file or directory" 

WARNING: Failed to resolve file /org/apache/lucene/document/XYShapeDocValues.class with "No such file or directory" 

WARNING: Failed to resolve file /org/apache/lucene/index/BaseTermsEnum$1.class with "No such file or directory" 

WARNING: Failed to resolve file /org/apache/lucene/index/ConcurrentMergeScheduler.class with "No such file or directory" 

WARNING: Failed to resolve file /org/apache/lucene/index/ExitableDirectoryReader$ExitableFilterAtomicReader$4.class with "No such file or directory" 

WARNING: Failed to resolve file /org/apache/lucene/index/FreqProxFields$FreqProxTermsEnum$1.class with "No such file or directory" 

WARNING: Failed to resolve file /org/apache/lucene/index/IndexWriter$DocModifier.class with "No such file or directory" 

WARNING: Failed to resolve file /org/apache/lucene/index/MultiDocValues$1.class with "No such file or directory" 

WARNING: Failed to resolve file /org/apache/lucene/index/PointValues$IntersectVisitor.class with "No such file or directory" 

WARNING: Failed to resolve file /org/apache/lucene/index/SingletonSortedSetDocValues.class with "No such file or directory" 

WARNING: Failed to resolve file /org/apache/lucene/index/SortedNumericDocValuesWriter.class with "No such file or directory" 

WARNING: Failed to resolve file /org/apache/lucene/index/TermVectorsConsumerPerField$TermVectorsPostingsArray.class with "No such file or directory" 

WARNING: Failed to resolve file /org/apache/lucene/internal/hppc/IntDoubleHashMap$EntryIterator.class with "No such file or directory" 

WARNING: Failed to resolve file /org/apache/lucene/internal/hppc/LongIntHashMap$LongIntCursor.class with "No such file or directory" 

WARNING: Failed to resolve file /org/apache/lucene/search/BlockMaxConjunctionScorer$2.class with "No such file or directory" 

WARNING: Failed to resolve file /org/apache/lucene/search/ConstantScoreQuery$1$1.class with "No such file or directory" 

WARNING: Failed to resolve file /org/apache/lucene/search/DoubleValuesSource$DoubleValuesComparatorSource$1.class with "No such file or directory" 

WARNING: Failed to resolve file /org/apache/lucene/search/ImpactsDISI.class with "No such file or directory" 

WARNING: Failed to resolve file /org/apache/lucene/search/LongValuesSource$LongValuesComparatorSource.class with "No such file or directory" 

WARNING: Failed to resolve file /org/apache/lucene/search/NamedMatches$NamedQuery.class with "No such file or directory" 

WARNING: Failed to resolve file /org/apache/lucene/search/ReqOptSumScorer.class with "No such file or directory" 

WARNING: Failed to resolve file /org/apache/lucene/search/SortedNumericSortField$5.class with "No such file or directory" 

WARNING: Failed to resolve file /org/apache/lucene/search/TopDocsCollector.class with "No such file or directory" 

WARNING: Failed to resolve file /org/apache/lucene/search/comparators/NumericComparator$NumericLeafComparator.class with "No such file or directory" 

WARNING: Failed to resolve file /org/apache/lucene/search/similarities/MultiSimilarity.class with "No such file or directory" 

WARNING: Failed to resolve file /org/apache/lucene/store/IndexInput$1.class with "No such file or directory" 

WARNING: Failed to resolve file /org/apache/lucene/util/AttributeImpl.class with "No such file or directory" 

WARNING: Failed to resolve file /org/apache/lucene/util/DocIdSetBuilder$BulkAdder.class with "No such file or directory" 

WARNING: Failed to resolve file /org/apache/lucene/util/ModuleResourceLoader.class with "No such file or directory" 

WARNING: Failed to resolve file /org/apache/lucene/util/Sorter.class with "No such file or directory" 

WARNING: Failed to resolve file /org/apache/lucene/util/automaton/MinimizationOperations$IntPair.class with "No such file or directory" 

WARNING: Failed to resolve file /org/apache/lucene/util/bkd/OfflinePointWriter.class with "No such file or directory" 

WARNING: Failed to resolve file /org/apache/lucene/util/fst/Util$FSTPath.class with "No such file or directory" 

WARNING: Failed to resolve file /org/apache/lucene/util/mutable/MutableValueDate.class with "No such file or directory" 

WARNING: Failed to resolve file /org/apache/lucene/util/packed/DirectReader$DirectPackedReader32.class with "No such file or directory" 

WARNING: Failed to resolve file /org/apache/lucene/util/packed/PackedWriter.class with "No such file or directory" 

WARNING: Failed to resolve file /org/bouncycastle/asn1/ASN1ObjectDescriptor$1.class with "No such file or directory" 

WARNING: Failed to resolve file /org/bouncycastle/asn1/BEROctetStringParser.class with "No such file or directory" 

WARNING: Failed to resolve file /org/bouncycastle/asn1/LazyEncodedSequence.class with "No such file or directory" 

WARNING: Failed to resolve file /org/bouncycastle/asn1/ocsp/OCSPRequest.class with "No such file or directory" 

WARNING: Failed to resolve file /org/bouncycastle/asn1/sec/SECNamedCurves$17.class with "No such file or directory" 

WARNING: Failed to resolve file /org/bouncycastle/asn1/x500/DirectoryString.class with "No such file or directory" 

WARNING: Failed to resolve file /org/bouncycastle/asn1/x509/NameConstraints.class with "No such file or directory" 

WARNING: Failed to resolve file /org/bouncycastle/asn1/x509/sigi/NameOrPseudonym.class with "No such file or directory" 

WARNING: Failed to resolve file /org/bouncycastle/crypto/CipherKeyGenerator.class with "No such file or directory" 

WARNING: Failed to resolve file /org/bouncycastle/crypto/StagedAgreement.class with "No such file or directory" 

WARNING: Failed to resolve file /org/bouncycastle/crypto/digests/AsconXof$1.class with "No such file or directory" 

WARNING: Failed to resolve file /org/bouncycastle/crypto/digests/ShortenedDigest.class with "No such file or directory" 

WARNING: Failed to resolve file /org/bouncycastle/crypto/ec/ECDecryptor.class with "No such file or directory" 

WARNING: Failed to resolve file /org/bouncycastle/crypto/engines/GOST3412_2015Engine.class with "No such file or directory" 

WARNING: Failed to resolve file /org/bouncycastle/crypto/engines/SparkleEngine$1.class with "No such file or directory" 

WARNING: Failed to resolve file /org/bouncycastle/crypto/generators/ElGamalParametersGenerator.class with "No such file or directory" 

WARNING: Failed to resolve file /org/bouncycastle/crypto/macs/DSTU7564Mac.class with "No such file or directory" 

WARNING: Failed to resolve file /org/bouncycastle/crypto/modes/NISTCTSBlockCipher.class with "No such file or directory" 

WARNING: Failed to resolve file /org/bouncycastle/crypto/params/DHParameters.class with "No such file or directory" 

WARNING: Failed to resolve file /org/bouncycastle/crypto/params/NaccacheSternKeyGenerationParameters.class with "No such file or directory" 

WARNING: Failed to resolve file /org/bouncycastle/crypto/prng/X931SecureRandom.class with "No such file or directory" 

WARNING: Failed to resolve file /org/bouncycastle/crypto/util/DEROtherInfo$1.class with "No such file or directory" 

WARNING: Failed to resolve file /org/bouncycastle/crypto/util/SSHNamedCurves$3.class with "No such file or directory" 

WARNING: Failed to resolve file /org/bouncycastle/jcajce/BCFKSLoadStoreParameter$SignatureAlgorithm.class with "No such file or directory" 

WARNING: Failed to resolve file /org/bouncycastle/jcajce/provider/asymmetric/CompositeSignatures.class with "No such file or directory" 

WARNING: Failed to resolve file /org/bouncycastle/jcajce/provider/asymmetric/compositesignatures/KeyPairGeneratorSpi$MLDSA65_ECDSA_brainpoolP256r1_SHA512.class with "No such file or directory" 

WARNING: Failed to resolve file /org/bouncycastle/jcajce/provider/asymmetric/dh/KeyAgreementSpi$DHwithSHA384CKDF.class with "No such file or directory" 

WARNING: Failed to resolve file /org/bouncycastle/jcajce/provider/asymmetric/ec/BCECPrivateKey.class with "No such file or directory" 

WARNING: Failed to resolve file /org/bouncycastle/jcajce/provider/asymmetric/ec/KeyAgreementSpi$DHUwithSHA224KDF.class with "No such file or directory" 

WARNING: Failed to resolve file /org/bouncycastle/jcajce/provider/asymmetric/ec/KeyPairGeneratorSpi.class with "No such file or directory" 

WARNING: Failed to resolve file /org/bouncycastle/jcajce/provider/asymmetric/ecgost12/KeyAgreementSpi$ECVKO512.class with "No such file or directory" 

WARNING: Failed to resolve file /org/bouncycastle/jcajce/provider/asymmetric/edec/KeyPairGeneratorSpi$X448.class with "No such file or directory" 

WARNING: Failed to resolve file /org/bouncycastle/jcajce/provider/asymmetric/rsa/DigestSignatureSpi$SHA3_384.class with "No such file or directory" 

WARNING: Failed to resolve file /org/bouncycastle/jcajce/provider/asymmetric/rsa/PSSSignatureSpi$SHA512withRSA.class with "No such file or directory" 

WARNING: Failed to resolve file /org/bouncycastle/jcajce/provider/asymmetric/x509/X509CRLInternal.class with "No such file or directory" 

WARNING: Failed to resolve file /org/bouncycastle/jcajce/provider/digest/GOST3411$Mappings.class with "No such file or directory" 

WARNING: Failed to resolve file /org/bouncycastle/jcajce/provider/digest/RIPEMD256$HashMac.class with "No such file or directory" 

WARNING: Failed to resolve file /org/bouncycastle/jcajce/provider/digest/SHA3$Mappings.class with "No such file or directory" 

WARNING: Failed to resolve file /org/bouncycastle/jcajce/provider/digest/Skein$HMacKeyGenerator_512_384.class with "No such file or directory" 

WARNING: Failed to resolve file /org/bouncycastle/jcajce/provider/digest/Whirlpool$KeyGenerator.class with "No such file or directory" 

WARNING: Failed to resolve file /org/bouncycastle/jcajce/provider/keystore/pkcs12/PKCS12KeyStoreSpi$1.class with "No such file or directory" 

WARNING: Failed to resolve file /org/bouncycastle/jcajce/provider/symmetric/AES$PBEWithSHA256And192BitAESBC.class with "No such file or directory" 

WARNING: Failed to resolve file /org/bouncycastle/jcajce/provider/symmetric/CAST5$CBC.class with "No such file or directory" 

WARNING: Failed to resolve file /org/bouncycastle/jcajce/provider/symmetric/DES$Mappings.class with "No such file or directory" 

WARNING: Failed to resolve file /org/bouncycastle/jcajce/provider/symmetric/DSTU7624$GCM128.class with "No such file or directory" 

WARNING: Failed to resolve file /org/bouncycastle/jcajce/provider/symmetric/HC128$KeyGen.class with "No such file or directory" 

WARNING: Failed to resolve file /org/bouncycastle/jcajce/provider/symmetric/PBEPKCS12.class with "No such file or directory" 

WARNING: Failed to resolve file /org/bouncycastle/jcajce/provider/symmetric/Rijndael.class with "No such file or directory" 

WARNING: Failed to resolve file /org/bouncycastle/jcajce/provider/symmetric/Shacal2$AlgParams.class with "No such file or directory" 

WARNING: Failed to resolve file /org/bouncycastle/jcajce/provider/symmetric/Threefish.class with "No such file or directory" 

WARNING: Failed to resolve file /org/bouncycastle/jcajce/provider/symmetric/util/BaseStreamCipher.class with "No such file or directory" 

WARNING: Failed to resolve file /org/bouncycastle/jcajce/spec/SkeinParameterSpec.class with "No such file or directory" 

WARNING: Failed to resolve file /org/bouncycastle/jce/provider/AnnotatedException.class with "No such file or directory" 

WARNING: Failed to resolve file /org/bouncycastle/jce/provider/RFC3280CertPathUtilities.class with "No such file or directory" 

WARNING: Failed to resolve file /org/bouncycastle/math/ec/ECCurve$Config.class with "No such file or directory" 

WARNING: Failed to resolve file /org/bouncycastle/math/ec/custom/gm/SM2P256V1FieldElement.class with "No such file or directory" 

WARNING: Failed to resolve file /org/bouncycastle/math/ec/custom/sec/SecP384R1FieldElement.class with "No such file or directory" 

WARNING: Failed to resolve file /org/bouncycastle/math/ec/custom/sec/SecT239K1Curve.class with "No such file or directory" 

WARNING: Failed to resolve file /org/bouncycastle/math/ec/rfc8032/Ed25519$PointTemp.class with "No such file or directory" 

WARNING: Failed to resolve file /org/bouncycastle/pqc/asn1/PQCObjectIdentifiers.class with "No such file or directory" 

WARNING: Failed to resolve file /org/bouncycastle/pqc/crypto/crystals/dilithium/DilithiumKeyPairGenerator.class with "No such file or directory" 

WARNING: Failed to resolve file /org/bouncycastle/pqc/crypto/falcon/FalconSmallPrime.class with "No such file or directory" 

WARNING: Failed to resolve file /org/bouncycastle/pqc/crypto/hqc/HQCKEMExtractor.class with "No such file or directory" 

WARNING: Failed to resolve file /org/bouncycastle/pqc/crypto/newhope/NHKeyPairGenerator.class with "No such file or directory" 

WARNING: Failed to resolve file /org/bouncycastle/pqc/crypto/picnic/PicnicEngine.class with "No such file or directory" 

WARNING: Failed to resolve file /org/bouncycastle/pqc/crypto/sphincs/SPHINCS256KeyGenerationParameters.class with "No such file or directory" 

WARNING: Failed to resolve file /org/bouncycastle/pqc/crypto/util/PublicKeyFactory$LMSConverter.class with "No such file or directory" 

WARNING: Failed to resolve file /org/bouncycastle/pqc/crypto/xmss/XMSSMTPrivateKeyParameters$Builder.class with "No such file or directory" 

WARNING: Failed to resolve file /org/bouncycastle/pqc/jcajce/interfaces/NHPublicKey.class with "No such file or directory" 

WARNING: Failed to resolve file /org/bouncycastle/pqc/jcajce/provider/SPHINCS.class with "No such file or directory" 

WARNING: Failed to resolve file /org/bouncycastle/pqc/jcajce/provider/falcon/SignatureSpi$Base.class with "No such file or directory" 

WARNING: Failed to resolve file /org/bouncycastle/pqc/jcajce/provider/mceliece/BCMcEliecePrivateKey.class with "No such file or directory" 

WARNING: Failed to resolve file /org/bouncycastle/pqc/jcajce/provider/picnic/BCPicnicPublicKey.class with "No such file or directory" 

WARNING: Failed to resolve file /org/bouncycastle/pqc/jcajce/provider/sphincsplus/SPHINCSPlusKeyPairGeneratorSpi$Shake_256f.class with "No such file or directory" 

WARNING: Failed to resolve file /org/bouncycastle/pqc/jcajce/spec/KyberParameterSpec.class with "No such file or directory" 

WARNING: Failed to resolve file /org/bouncycastle/pqc/legacy/crypto/mceliece/McEliecePrivateKeyParameters.class with "No such file or directory" 

WARNING: Failed to resolve file /org/bouncycastle/pqc/legacy/math/linearalgebra/GF2Matrix.class with "No such file or directory" 

WARNING: Failed to resolve file /org/bouncycastle/pqc/math/ntru/parameters/NTRUHPS2048509.class with "No such file or directory" 

WARNING: Failed to resolve file /org/bouncycastle/util/encoders/HexTranslator.class with "No such file or directory" 

WARNING: Failed to resolve file /org/bouncycastle/x509/X509CRLStoreSelector.class with "No such file or directory" 

Found 215 (out of 11364) source files to analyze in /home/udesou/.bench-agent/git/macro-benches/vendor/.infer-capture-ocaml-5.5.0-f523850
/net/bytebuddy/asm/Advice$OffsetMapping$ForInstrumentedMethod$2.class starting
/net/bytebuddy/asm/Advice$OffsetMapping$ForInstrumentedMethod$2.class DONE
/net/bytebuddy/dynamic/DynamicType$Builder$MethodDefinition$ParameterDefinition$Simple$Annotatable$AbstractBase.class starting
/net/bytebuddy/dynamic/DynamicType$Builder$MethodDefinition$ParameterDefinition$Simple$Annotatable$AbstractBase.class DONE
/net/bytebuddy/implementation/bytecode/assign/reference/GenericTypeAwareAssigner$IsAssignableToVisitor$OfGenericArray.class starting
/net/bytebuddy/implementation/bytecode/assign/reference/GenericTypeAwareAssigner$IsAssignableToVisitor$OfGenericArray.class DONE
/org/apache/lucene/codecs/lucene912/ForUtil.class starting
/org/apache/lucene/codecs/lucene912/ForUtil.class DONE
/org/apache/lucene/document/BinaryPoint$1.class starting
/org/apache/lucene/document/BinaryPoint$1.class DONE
/org/bouncycastle/pqc/crypto/newhope/NHKeyPairGenerator.class starting
/org/bouncycastle/pqc/crypto/newhope/NHKeyPairGenerator.class DONE
/net/bytebuddy/dynamic/scaffold/MethodGraph$Compiler$Default$Key$Store$Entry$Initial.class starting
/net/bytebuddy/dynamic/scaffold/MethodGraph$Compiler$Default$Key$Store$Entry$Initial.class DONE
/org/bouncycastle/asn1/x500/DirectoryString.class starting
/org/bouncycastle/asn1/x500/DirectoryString.class DONE
/org/apache/lucene/search/BlockMaxConjunctionScorer$2.class starting
/org/apache/lucene/search/BlockMaxConjunctionScorer$2.class DONE
/org/bouncycastle/pqc/jcajce/spec/KyberParameterSpec.class starting
/org/bouncycastle/pqc/jcajce/spec/KyberParameterSpec.class DONE
/org/apache/lucene/document/XYShapeDocValues.class starting
/org/apache/lucene/document/XYShapeDocValues.class DONE
/org/bouncycastle/jcajce/provider/symmetric/AES$PBEWithSHA256And192BitAESBC.class starting
/org/bouncycastle/jcajce/provider/symmetric/AES$PBEWithSHA256And192BitAESBC.class DONE
/org/apache/lucene/index/ExitableDirectoryReader$ExitableFilterAtomicReader$4.class starting
/org/apache/lucene/index/ExitableDirectoryReader$ExitableFilterAtomicReader$4.class DONE
/org/apache/lucene/document/ShapeField$QueryRelation.class starting
/org/apache/lucene/document/ShapeField$QueryRelation.class DONE
/org/bouncycastle/asn1/x509/sigi/NameOrPseudonym.class starting
/org/bouncycastle/asn1/x509/sigi/NameOrPseudonym.class DONE
/org/apache/lucene/search/DoubleValuesSource$DoubleValuesComparatorSource$1.class starting
/org/apache/lucene/search/DoubleValuesSource$DoubleValuesComparatorSource$1.class DONE
/com/google/common/collect/ImmutableMultimap$Builder.class starting
/com/google/common/collect/ImmutableMultimap$Builder.class DONE
/com/google/common/base/Converter$IdentityConverter.class starting
/com/google/common/base/Converter$IdentityConverter.class DONE
/net/bytebuddy/agent/builder/package-info.class starting
/net/bytebuddy/agent/builder/package-info.class DONE
/org/apache/lucene/util/Sorter.class starting
/org/apache/lucene/util/Sorter.class DONE
/com/google/common/graph/ValueGraph.class starting
/com/google/common/graph/ValueGraph.class DONE
/org/bouncycastle/pqc/jcajce/provider/SPHINCS.class starting
/org/bouncycastle/pqc/jcajce/provider/SPHINCS.class DONE
/org/bouncycastle/jcajce/provider/digest/RIPEMD256$HashMac.class starting
/org/bouncycastle/jcajce/provider/digest/RIPEMD256$HashMac.class DONE
/org/bouncycastle/jcajce/provider/symmetric/DES$Mappings.class starting
/org/bouncycastle/jcajce/provider/symmetric/DES$Mappings.class DONE
/com/google/common/util/concurrent/Monitor$Guard.class starting
/com/google/common/util/concurrent/Monitor$Guard.class DONE
/net/bytebuddy/pool/TypePool$Default$LazyTypeDescription$LazyMethodDescription$LazyParameterizedReceiverType$TypeArgumentList$AnnotatedTypeVariable.class starting
/net/bytebuddy/pool/TypePool$Default$LazyTypeDescription$LazyMethodDescription$LazyParameterizedReceiverType$TypeArgumentList$AnnotatedTypeVariable.class DONE
/net/bytebuddy/build/Plugin$Factory$UsingReflection$Instantiator$Unresolved.class starting
/net/bytebuddy/build/Plugin$Factory$UsingReflection$Instantiator$Unresolved.class DONE
/org/bouncycastle/crypto/generators/ElGamalParametersGenerator.class starting
/org/bouncycastle/crypto/generators/ElGamalParametersGenerator.class DONE
/org/bouncycastle/crypto/digests/ShortenedDigest.class starting
/org/bouncycastle/crypto/digests/ShortenedDigest.class DONE
/net/bytebuddy/matcher/FilterableList.class starting
/net/bytebuddy/matcher/FilterableList.class DONE
/com/google/common/io/BaseEncoding.class starting
/com/google/common/io/BaseEncoding.class DONE
/org/bouncycastle/pqc/crypto/picnic/PicnicEngine.class starting
/org/bouncycastle/pqc/crypto/picnic/PicnicEngine.class DONE
/org/bouncycastle/jcajce/provider/symmetric/PBEPKCS12.class starting
/org/bouncycastle/jcajce/provider/symmetric/PBEPKCS12.class DONE
/org/bouncycastle/crypto/prng/X931SecureRandom.class starting
/org/bouncycastle/crypto/prng/X931SecureRandom.class DONE
/net/bytebuddy/description/modifier/SynchronizationState.class starting
/net/bytebuddy/description/modifier/SynchronizationState.class DONE
/org/apache/lucene/search/ConstantScoreQuery$1$1.class starting
/org/apache/lucene/search/ConstantScoreQuery$1$1.class DONE
/org/apache/lucene/internal/hppc/IntDoubleHashMap$EntryIterator.class starting
/org/apache/lucene/internal/hppc/IntDoubleHashMap$EntryIterator.class DONE
/org/bouncycastle/asn1/x509/NameConstraints.class starting
/org/bouncycastle/asn1/x509/NameConstraints.class DONE
/com/google/common/graph/GraphBuilder.class starting
/com/google/common/graph/GraphBuilder.class DONE
/org/bouncycastle/jcajce/provider/symmetric/Threefish.class starting
/org/bouncycastle/jcajce/provider/symmetric/Threefish.class DONE
/com/google/common/util/concurrent/SimpleTimeLimiter$1.class starting
/com/google/common/util/concurrent/SimpleTimeLimiter$1.class DONE
/net/bytebuddy/dynamic/scaffold/TypeWriter$MethodPool$Record$AccessBridgeWrapper.class starting
/net/bytebuddy/dynamic/scaffold/TypeWriter$MethodPool$Record$AccessBridgeWrapper.class DONE
/net/bytebuddy/dynamic/ClassFileLocator$ForModuleFile.class starting
/net/bytebuddy/dynamic/ClassFileLocator$ForModuleFile.class DONE
/org/apache/lucene/search/ReqOptSumScorer.class starting
/org/apache/lucene/search/ReqOptSumScorer.class DONE
/com/google/common/util/concurrent/AggregateFutureState.class starting
/com/google/common/util/concurrent/AggregateFutureState.class DONE
/com/google/common/annotations/Beta.class starting
/com/google/common/annotations/Beta.class DONE
/com/google/common/collect/DenseImmutableTable.class starting
/com/google/common/collect/DenseImmutableTable.class DONE
/org/bouncycastle/math/ec/custom/gm/SM2P256V1FieldElement.class starting
/org/bouncycastle/math/ec/custom/gm/SM2P256V1FieldElement.class DONE
/org/bouncycastle/jcajce/provider/asymmetric/dh/KeyAgreementSpi$DHwithSHA384CKDF.class starting
/org/bouncycastle/jcajce/provider/asymmetric/dh/KeyAgreementSpi$DHwithSHA384CKDF.class DONE
/org/bouncycastle/jcajce/provider/digest/GOST3411$Mappings.class starting
/org/bouncycastle/jcajce/provider/digest/GOST3411$Mappings.class DONE
/org/bouncycastle/pqc/jcajce/provider/sphincsplus/SPHINCSPlusKeyPairGeneratorSpi$Shake_256f.class starting
/org/bouncycastle/pqc/jcajce/provider/sphincsplus/SPHINCSPlusKeyPairGeneratorSpi$Shake_256f.class DONE
/org/bouncycastle/jcajce/provider/symmetric/util/BaseStreamCipher.class starting
/org/bouncycastle/jcajce/provider/symmetric/util/BaseStreamCipher.class DONE
/net/bytebuddy/implementation/auxiliary/TypeProxy$1.class starting
/net/bytebuddy/implementation/auxiliary/TypeProxy$1.class DONE
/com/google/common/collect/ImmutableSortedSet$1.class starting
/com/google/common/collect/ImmutableSortedSet$1.class DONE
/net/bytebuddy/pool/TypePool$Default$LazyTypeDescription$AnnotationToken.class starting
/net/bytebuddy/pool/TypePool$Default$LazyTypeDescription$AnnotationToken.class DONE
/org/apache/lucene/index/SingletonSortedSetDocValues.class starting
/org/apache/lucene/index/SingletonSortedSetDocValues.class DONE
/org/bouncycastle/pqc/crypto/crystals/dilithium/DilithiumKeyPairGenerator.class starting
/org/bouncycastle/pqc/crypto/crystals/dilithium/DilithiumKeyPairGenerator.class DONE
/org/bouncycastle/math/ec/rfc8032/Ed25519$PointTemp.class starting
/org/bouncycastle/math/ec/rfc8032/Ed25519$PointTemp.class DONE
/org/bouncycastle/jce/provider/RFC3280CertPathUtilities.class starting
/org/bouncycastle/jce/provider/RFC3280CertPathUtilities.class DONE
/net/bytebuddy/build/Plugin$Engine$Listener$StreamWriting.class starting
/net/bytebuddy/build/Plugin$Engine$Listener$StreamWriting.class DONE
/org/bouncycastle/crypto/macs/DSTU7564Mac.class starting
/org/bouncycastle/crypto/macs/DSTU7564Mac.class DONE
/org/bouncycastle/jcajce/provider/asymmetric/ec/KeyPairGeneratorSpi.class starting
/org/bouncycastle/jcajce/provider/asymmetric/ec/KeyPairGeneratorSpi.class DONE
/net/bytebuddy/implementation/MethodCall$MethodInvoker.class starting
/net/bytebuddy/implementation/MethodCall$MethodInvoker.class DONE
/net/bytebuddy/ByteBuddy$RecordConstructorStrategy.class starting
/net/bytebuddy/ByteBuddy$RecordConstructorStrategy.class DONE
/org/bouncycastle/jcajce/provider/asymmetric/x509/X509CRLInternal.class starting
/org/bouncycastle/jcajce/provider/asymmetric/x509/X509CRLInternal.class DONE
/org/bouncycastle/jcajce/provider/asymmetric/rsa/DigestSignatureSpi$SHA3_384.class starting
/org/bouncycastle/jcajce/provider/asymmetric/rsa/DigestSignatureSpi$SHA3_384.class DONE
/com/google/common/collect/RegularImmutableMap$Values.class starting
/com/google/common/collect/RegularImmutableMap$Values.class DONE
/org/apache/lucene/index/MultiDocValues$1.class starting
/org/apache/lucene/index/MultiDocValues$1.class DONE
/net/bytebuddy/asm/MemberSubstitution$TypePoolResolver$OfImplicitPool.class starting
/net/bytebuddy/asm/MemberSubstitution$TypePoolResolver$OfImplicitPool.class DONE
/net/bytebuddy/description/type/TypeDescription$Generic$AnnotationReader$Delegator$ForLoadedTypeVariable.class starting
/net/bytebuddy/description/type/TypeDescription$Generic$AnnotationReader$Delegator$ForLoadedTypeVariable.class DONE
/org/bouncycastle/crypto/CipherKeyGenerator.class starting
/org/bouncycastle/crypto/CipherKeyGenerator.class DONE
/org/apache/lucene/codecs/lucene99/Lucene99HnswVectorsWriter$2.class starting
/org/apache/lucene/codecs/lucene99/Lucene99HnswVectorsWriter$2.class DONE
/org/bouncycastle/jcajce/provider/symmetric/DSTU7624$GCM128.class starting
/org/bouncycastle/jcajce/provider/symmetric/DSTU7624$GCM128.class DONE
/org/apache/lucene/util/AttributeImpl.class starting
/org/apache/lucene/util/AttributeImpl.class DONE
/org/apache/lucene/codecs/lucene90/Lucene90DocValuesProducer$17.class starting
/org/apache/lucene/codecs/lucene90/Lucene90DocValuesProducer$17.class DONE
/org/apache/lucene/search/comparators/NumericComparator$NumericLeafComparator.class starting
/org/apache/lucene/search/comparators/NumericComparator$NumericLeafComparator.class DONE
/org/apache/lucene/util/packed/PackedWriter.class starting
/org/apache/lucene/util/packed/PackedWriter.class DONE
/com/google/common/primitives/Shorts$ShortConverter.class starting
/com/google/common/primitives/Shorts$ShortConverter.class DONE
/org/bouncycastle/pqc/crypto/hqc/HQCKEMExtractor.class starting
/org/bouncycastle/pqc/crypto/hqc/HQCKEMExtractor.class DONE
/org/apache/lucene/codecs/hnsw/DefaultFlatVectorScorer$ByteScoringSupplier$1.class starting
/org/apache/lucene/codecs/hnsw/DefaultFlatVectorScorer$ByteScoringSupplier$1.class DONE
/net/bytebuddy/implementation/attribute/AnnotationValueFilter$Factory.class starting
/net/bytebuddy/implementation/attribute/AnnotationValueFilter$Factory.class DONE
/org/apache/lucene/analysis/tokenattributes/TermToBytesRefAttribute.class starting
/org/apache/lucene/analysis/tokenattributes/TermToBytesRefAttribute.class DONE
/org/bouncycastle/crypto/StagedAgreement.class starting
/org/bouncycastle/crypto/StagedAgreement.class DONE
/org/bouncycastle/crypto/params/NaccacheSternKeyGenerationParameters.class starting
/org/bouncycastle/crypto/params/NaccacheSternKeyGenerationParameters.class DONE
/org/apache/lucene/index/IndexWriter$DocModifier.class starting
/org/apache/lucene/index/IndexWriter$DocModifier.class DONE
/org/apache/lucene/util/bkd/OfflinePointWriter.class starting
/org/apache/lucene/util/bkd/OfflinePointWriter.class DONE
/org/apache/lucene/search/SortedNumericSortField$5.class starting
/org/apache/lucene/search/SortedNumericSortField$5.class DONE
/org/bouncycastle/jce/provider/AnnotatedException.class starting
/org/bouncycastle/jce/provider/AnnotatedException.class DONE
/org/apache/lucene/util/packed/DirectReader$DirectPackedReader32.class starting
/org/apache/lucene/util/packed/DirectReader$DirectPackedReader32.class DONE
/net/bytebuddy/description/annotation/AnnotationValue$Loaded$AbstractBase$ForUnresolvedProperty.class starting
/net/bytebuddy/description/annotation/AnnotationValue$Loaded$AbstractBase$ForUnresolvedProperty.class DONE
/org/apache/lucene/util/DocIdSetBuilder$BulkAdder.class starting
/org/apache/lucene/util/DocIdSetBuilder$BulkAdder.class DONE
/org/bouncycastle/pqc/jcajce/provider/picnic/BCPicnicPublicKey.class starting
/org/bouncycastle/pqc/jcajce/provider/picnic/BCPicnicPublicKey.class DONE
/com/google/common/collect/HashMultimap.class starting
/com/google/common/collect/HashMultimap.class DONE
/org/bouncycastle/crypto/params/DHParameters.class starting
/org/bouncycastle/crypto/params/DHParameters.class DONE
/org/bouncycastle/jcajce/provider/symmetric/Rijndael.class starting
/org/bouncycastle/jcajce/provider/symmetric/Rijndael.class DONE
/net/bytebuddy/agent/builder/AgentBuilder$InstallationListener$Compound.class starting
/net/bytebuddy/agent/builder/AgentBuilder$InstallationListener$Compound.class DONE
/net/bytebuddy/dynamic/scaffold/subclass/SubclassImplementationTarget$OriginTypeResolver$1.class starting
/net/bytebuddy/dynamic/scaffold/subclass/SubclassImplementationTarget$OriginTypeResolver$1.class DONE
/org/bouncycastle/jcajce/provider/symmetric/Shacal2$AlgParams.class starting
/org/bouncycastle/jcajce/provider/symmetric/Shacal2$AlgParams.class DONE
/org/bouncycastle/crypto/util/DEROtherInfo$1.class starting
/org/bouncycastle/crypto/util/DEROtherInfo$1.class DONE
/net/bytebuddy/agent/builder/AgentBuilder$Default$NativeMethodStrategy$ForPrefix.class starting
/net/bytebuddy/agent/builder/AgentBuilder$Default$NativeMethodStrategy$ForPrefix.class DONE
/com/google/common/collect/Streams$DoubleFunctionWithIndex.class starting
/com/google/common/collect/Streams$DoubleFunctionWithIndex.class DONE
/org/bouncycastle/jcajce/provider/asymmetric/ecgost12/KeyAgreementSpi$ECVKO512.class starting
/org/bouncycastle/jcajce/provider/asymmetric/ecgost12/KeyAgreementSpi$ECVKO512.class DONE
/com/google/common/collect/SortedLists$KeyAbsentBehavior$2.class starting
/com/google/common/collect/SortedLists$KeyAbsentBehavior$2.class DONE
/net/bytebuddy/implementation/FieldAccessor$FieldLocation.class starting
/net/bytebuddy/implementation/FieldAccessor$FieldLocation.class DONE
/org/bouncycastle/pqc/crypto/sphincs/SPHINCS256KeyGenerationParameters.class starting
/org/bouncycastle/pqc/crypto/sphincs/SPHINCS256KeyGenerationParameters.class DONE
/net/bytebuddy/implementation/MethodDelegation.class starting
/net/bytebuddy/implementation/MethodDelegation.class DONE
/net/bytebuddy/dynamic/loading/PackageDefinitionStrategy$ManifestReading.class starting
/net/bytebuddy/dynamic/loading/PackageDefinitionStrategy$ManifestReading.class DONE
/org/bouncycastle/asn1/LazyEncodedSequence.class starting
/org/bouncycastle/asn1/LazyEncodedSequence.class DONE
/org/bouncycastle/jcajce/provider/asymmetric/edec/KeyPairGeneratorSpi$X448.class starting
/org/bouncycastle/jcajce/provider/asymmetric/edec/KeyPairGeneratorSpi$X448.class DONE
/org/bouncycastle/crypto/ec/ECDecryptor.class starting
/org/bouncycastle/crypto/ec/ECDecryptor.class DONE
/org/bouncycastle/asn1/BEROctetStringParser.class starting
/org/bouncycastle/asn1/BEROctetStringParser.class DONE
/net/bytebuddy/description/annotation/AnnotationDescription.class starting
/net/bytebuddy/description/annotation/AnnotationDescription.class DONE
/net/bytebuddy/dynamic/scaffold/TypeWriter$Default$ClassDumpAction$Dispatcher$Enabled.class starting
/net/bytebuddy/dynamic/scaffold/TypeWriter$Default$ClassDumpAction$Dispatcher$Enabled.class DONE
/com/google/common/collect/JdkBackedImmutableMap.class starting
/com/google/common/collect/JdkBackedImmutableMap.class DONE
/com/google/common/collect/MapMakerInternalMap$EntrySet.class starting
/com/google/common/collect/MapMakerInternalMap$EntrySet.class DONE
/org/bouncycastle/math/ec/ECCurve$Config.class starting
/org/bouncycastle/math/ec/ECCurve$Config.class DONE
/org/bouncycastle/pqc/jcajce/interfaces/NHPublicKey.class starting
/org/bouncycastle/pqc/jcajce/interfaces/NHPublicKey.class DONE
/com/google/common/collect/TransformedListIterator.class starting
/com/google/common/collect/TransformedListIterator.class DONE
/com/google/common/base/Utf8.class starting
/com/google/common/base/Utf8.class DONE
/org/apache/lucene/util/mutable/MutableValueDate.class starting
/org/apache/lucene/util/mutable/MutableValueDate.class DONE
/org/apache/lucene/analysis/CharArrayMap.class starting
/org/apache/lucene/analysis/CharArrayMap.class DONE
/net/bytebuddy/description/method/MethodList$Explicit.class starting
/net/bytebuddy/description/method/MethodList$Explicit.class DONE
/org/apache/lucene/search/NamedMatches$NamedQuery.class starting
/org/apache/lucene/search/NamedMatches$NamedQuery.class DONE
/net/bytebuddy/matcher/TypeSortMatcher.class starting
/net/bytebuddy/matcher/TypeSortMatcher.class DONE
/net/bytebuddy/description/type/TypeDescription$Latent.class starting
/net/bytebuddy/description/type/TypeDescription$Latent.class DONE
/org/bouncycastle/crypto/digests/AsconXof$1.class starting
/org/bouncycastle/crypto/digests/AsconXof$1.class DONE
/net/bytebuddy/utility/FileSystem$ForNio2CapableVm$StandardCopyOption.class starting
/net/bytebuddy/utility/FileSystem$ForNio2CapableVm$StandardCopyOption.class DONE
/org/bouncycastle/math/ec/custom/sec/SecT239K1Curve.class starting
/org/bouncycastle/math/ec/custom/sec/SecT239K1Curve.class DONE
/org/apache/lucene/index/PointValues$IntersectVisitor.class starting
/org/apache/lucene/index/PointValues$IntersectVisitor.class DONE
/net/bytebuddy/implementation/InvokeDynamic$WithImplicitArguments.class starting
/net/bytebuddy/implementation/InvokeDynamic$WithImplicitArguments.class DONE
/org/bouncycastle/crypto/engines/GOST3412_2015Engine.class starting
/org/bouncycastle/crypto/engines/GOST3412_2015Engine.class DONE
/com/google/common/util/concurrent/ForwardingCheckedFuture$SimpleForwardingCheckedFuture.class starting
/com/google/common/util/concurrent/ForwardingCheckedFuture$SimpleForwardingCheckedFuture.class DONE
/org/bouncycastle/pqc/jcajce/provider/mceliece/BCMcEliecePrivateKey.class starting
/org/bouncycastle/pqc/jcajce/provider/mceliece/BCMcEliecePrivateKey.class DONE
/com/google/common/collect/ForwardingConcurrentMap.class starting
/com/google/common/collect/ForwardingConcurrentMap.class DONE
/org/bouncycastle/jcajce/provider/keystore/pkcs12/PKCS12KeyStoreSpi$1.class starting
/org/bouncycastle/jcajce/provider/keystore/pkcs12/PKCS12KeyStoreSpi$1.class DONE
/org/bouncycastle/util/encoders/HexTranslator.class starting
/org/bouncycastle/util/encoders/HexTranslator.class DONE
/com/google/common/reflect/TypeToken$Bounds.class starting
/com/google/common/reflect/TypeToken$Bounds.class DONE
/org/apache/lucene/store/IndexInput$1.class starting
/org/apache/lucene/store/IndexInput$1.class DONE
/org/bouncycastle/jcajce/provider/asymmetric/compositesignatures/KeyPairGeneratorSpi$MLDSA65_ECDSA_brainpoolP256r1_SHA512.class starting
/org/bouncycastle/jcajce/provider/asymmetric/compositesignatures/KeyPairGeneratorSpi$MLDSA65_ECDSA_brainpoolP256r1_SHA512.class DONE
/net/bytebuddy/dynamic/loading/ClassInjector$UsingReflection$Dispatcher$Initializable.class starting
/net/bytebuddy/dynamic/loading/ClassInjector$UsingReflection$Dispatcher$Initializable.class DONE
/org/apache/lucene/util/ModuleResourceLoader.class starting
/org/apache/lucene/util/ModuleResourceLoader.class DONE
/org/bouncycastle/pqc/jcajce/provider/falcon/SignatureSpi$Base.class starting
/org/bouncycastle/pqc/jcajce/provider/falcon/SignatureSpi$Base.class DONE
/org/apache/lucene/index/FreqProxFields$FreqProxTermsEnum$1.class starting
/org/apache/lucene/index/FreqProxFields$FreqProxTermsEnum$1.class DONE
/org/bouncycastle/jcajce/provider/digest/Whirlpool$KeyGenerator.class starting
/org/bouncycastle/jcajce/provider/digest/Whirlpool$KeyGenerator.class DONE
/net/bytebuddy/implementation/HashCodeMethod$ValueTransformer$7.class starting
/net/bytebuddy/implementation/HashCodeMethod$ValueTransformer$7.class DONE
/com/google/common/collect/MultimapBuilder$2.class starting
/com/google/common/collect/MultimapBuilder$2.class DONE
/com/google/common/base/Platform.class starting
/com/google/common/base/Platform.class DONE
/org/bouncycastle/jcajce/provider/asymmetric/rsa/PSSSignatureSpi$SHA512withRSA.class starting
/org/bouncycastle/jcajce/provider/asymmetric/rsa/PSSSignatureSpi$SHA512withRSA.class DONE
/com/google/common/net/HttpHeaders.class starting
/com/google/common/net/HttpHeaders.class DONE
/org/bouncycastle/pqc/crypto/falcon/FalconSmallPrime.class starting
/org/bouncycastle/pqc/crypto/falcon/FalconSmallPrime.class DONE
/net/bytebuddy/implementation/bind/annotation/Morph$Binder$RedirectionProxy$InstanceFieldConstructor$Appender.class starting
/net/bytebuddy/implementation/bind/annotation/Morph$Binder$RedirectionProxy$InstanceFieldConstructor$Appender.class DONE
/net/bytebuddy/implementation/InvocationHandlerAdapter.class starting
/net/bytebuddy/implementation/InvocationHandlerAdapter.class DONE
/org/bouncycastle/crypto/modes/NISTCTSBlockCipher.class starting
/org/bouncycastle/crypto/modes/NISTCTSBlockCipher.class DONE
/org/bouncycastle/jcajce/provider/digest/Skein$HMacKeyGenerator_512_384.class starting
/org/bouncycastle/jcajce/provider/digest/Skein$HMacKeyGenerator_512_384.class DONE
/org/bouncycastle/pqc/legacy/crypto/mceliece/McEliecePrivateKeyParameters.class starting
/org/bouncycastle/pqc/legacy/crypto/mceliece/McEliecePrivateKeyParameters.class DONE
/org/bouncycastle/x509/X509CRLStoreSelector.class starting
/org/bouncycastle/x509/X509CRLStoreSelector.class DONE
/org/apache/lucene/util/fst/Util$FSTPath.class starting
/org/apache/lucene/util/fst/Util$FSTPath.class DONE
/org/apache/lucene/search/LongValuesSource$LongValuesComparatorSource.class starting
/org/apache/lucene/search/LongValuesSource$LongValuesComparatorSource.class DONE
/net/bytebuddy/description/type/TypeDescription$Generic$OfParameterizedType$Latent.class starting
/net/bytebuddy/description/type/TypeDescription$Generic$OfParameterizedType$Latent.class DONE
/org/bouncycastle/pqc/crypto/util/PublicKeyFactory$LMSConverter.class starting
/org/bouncycastle/pqc/crypto/util/PublicKeyFactory$LMSConverter.class DONE
/org/bouncycastle/crypto/util/SSHNamedCurves$3.class starting
/org/bouncycastle/crypto/util/SSHNamedCurves$3.class DONE
/com/google/common/io/LineProcessor.class starting
/com/google/common/io/LineProcessor.class DONE
/org/bouncycastle/pqc/legacy/math/linearalgebra/GF2Matrix.class starting
/org/bouncycastle/pqc/legacy/math/linearalgebra/GF2Matrix.class DONE
/com/google/common/cache/LongAddables.class starting
/com/google/common/cache/LongAddables.class DONE
/org/bouncycastle/jcajce/provider/symmetric/HC128$KeyGen.class starting
/org/bouncycastle/jcajce/provider/symmetric/HC128$KeyGen.class DONE
/org/bouncycastle/pqc/crypto/xmss/XMSSMTPrivateKeyParameters$Builder.class starting
/org/bouncycastle/pqc/crypto/xmss/XMSSMTPrivateKeyParameters$Builder.class DONE
/org/bouncycastle/jcajce/provider/symmetric/CAST5$CBC.class starting
/org/bouncycastle/jcajce/provider/symmetric/CAST5$CBC.class DONE
/org/apache/lucene/document/FloatPoint$2.class starting
/org/apache/lucene/document/FloatPoint$2.class DONE
/org/apache/lucene/index/SortedNumericDocValuesWriter.class starting
/org/apache/lucene/index/SortedNumericDocValuesWriter.class DONE
/org/bouncycastle/jcajce/provider/asymmetric/ec/KeyAgreementSpi$DHUwithSHA224KDF.class starting
/org/bouncycastle/jcajce/provider/asymmetric/ec/KeyAgreementSpi$DHUwithSHA224KDF.class DONE
/net/bytebuddy/implementation/bytecode/ByteCodeAppender$Compound.class starting
/net/bytebuddy/implementation/bytecode/ByteCodeAppender$Compound.class DONE
/org/bouncycastle/pqc/math/ntru/parameters/NTRUHPS2048509.class starting
/org/bouncycastle/pqc/math/ntru/parameters/NTRUHPS2048509.class DONE
/com/google/common/collect/Maps$AsMapView$1EntrySetImpl.class starting
/com/google/common/collect/Maps$AsMapView$1EntrySetImpl.class DONE
/org/apache/lucene/search/TopDocsCollector.class starting
/org/apache/lucene/search/TopDocsCollector.class DONE
/org/bouncycastle/jcajce/provider/asymmetric/ec/BCECPrivateKey.class starting
/net/bytebuddy/asm/Advice$Dispatcher$Resolved$AbstractBase.class starting
/net/bytebuddy/asm/Advice$Dispatcher$Resolved$AbstractBase.class DONE
/org/bouncycastle/math/ec/custom/sec/SecP384R1FieldElement.class starting
/org/bouncycastle/math/ec/custom/sec/SecP384R1FieldElement.class DONE
/org/bouncycastle/crypto/engines/SparkleEngine$1.class starting
/org/bouncycastle/crypto/engines/SparkleEngine$1.class DONE
/org/bouncycastle/asn1/sec/SECNamedCurves$17.class starting
/org/bouncycastle/asn1/sec/SECNamedCurves$17.class DONE
/com/google/common/collect/AbstractMapBasedMultiset$2$1.class starting
/com/google/common/collect/AbstractMapBasedMultiset$2$1.class DONE
/net/bytebuddy/asm/Advice$OffsetMapping.class starting
/net/bytebuddy/asm/Advice$OffsetMapping.class DONE
/org/bouncycastle/asn1/ASN1ObjectDescriptor$1.class starting
/org/bouncycastle/asn1/ASN1ObjectDescriptor$1.class DONE
/net/bytebuddy/implementation/bind/annotation/AllArguments.class starting
/net/bytebuddy/implementation/bind/annotation/AllArguments.class DONE
/com/google/common/cache/LocalCache$EntryFactory$2.class starting
/com/google/common/cache/LocalCache$EntryFactory$2.class DONE
/org/apache/lucene/search/ImpactsDISI.class starting
/org/apache/lucene/search/ImpactsDISI.class DONE
/net/bytebuddy/build/EntryPoint$Default.class starting
/net/bytebuddy/build/EntryPoint$Default.class DONE
/org/apache/lucene/search/similarities/MultiSimilarity.class starting
/org/apache/lucene/search/similarities/MultiSimilarity.class DONE
/org/apache/lucene/document/LatLonPointDistanceQuery.class starting
/org/apache/lucene/document/LatLonPointDistanceQuery.class DONE
/com/google/common/util/concurrent/AbstractFuture$Listener.class starting
/com/google/common/util/concurrent/AbstractFuture$Listener.class DONE
/net/bytebuddy/dynamic/VisibilityBridgeStrategy$Default$2.class starting
/net/bytebuddy/dynamic/VisibilityBridgeStrategy$Default$2.class DONE
/org/apache/lucene/index/TermVectorsConsumerPerField$TermVectorsPostingsArray.class starting
/org/apache/lucene/index/TermVectorsConsumerPerField$TermVectorsPostingsArray.class DONE
/org/apache/lucene/internal/hppc/LongIntHashMap$LongIntCursor.class starting
/org/apache/lucene/internal/hppc/LongIntHashMap$LongIntCursor.class DONE
/org/apache/lucene/codecs/lucene90/Lucene90PointsFormat.class starting
/org/apache/lucene/codecs/lucene90/Lucene90PointsFormat.class DONE
/org/apache/lucene/util/automaton/MinimizationOperations$IntPair.class starting
/org/apache/lucene/util/automaton/MinimizationOperations$IntPair.class DONE
/com/google/common/hash/Hashing.class starting
/com/google/common/hash/Hashing.class DONE
/org/bouncycastle/jcajce/spec/SkeinParameterSpec.class starting
/org/bouncycastle/jcajce/spec/SkeinParameterSpec.class DONE
/net/bytebuddy/agent/builder/AgentBuilder$RedefinitionStrategy$Listener$Adapter.class starting
/net/bytebuddy/agent/builder/AgentBuilder$RedefinitionStrategy$Listener$Adapter.class DONE
/net/bytebuddy/jar/asm/RecordComponentWriter.class starting
/net/bytebuddy/jar/asm/RecordComponentWriter.class DONE
/com/google/common/collect/Multisets$4.class starting
/com/google/common/collect/Multisets$4.class DONE
/org/apache/lucene/index/BaseTermsEnum$1.class starting
/org/apache/lucene/index/BaseTermsEnum$1.class DONE
/net/bytebuddy/utility/dispatcher/JavaDispatcher$Dispatcher.class starting
/net/bytebuddy/utility/dispatcher/JavaDispatcher$Dispatcher.class DONE
/org/bouncycastle/asn1/ocsp/OCSPRequest.class starting
/org/bouncycastle/asn1/ocsp/OCSPRequest.class DONE
/org/apache/lucene/codecs/KnnVectorsWriter$ByteVectorValuesSub.class starting
/org/apache/lucene/codecs/KnnVectorsWriter$ByteVectorValuesSub.class DONE
/net/bytebuddy/asm/ClassVisitorFactory$FrameTranslator.class starting
/net/bytebuddy/asm/ClassVisitorFactory$FrameTranslator.class DONE
/com/google/common/collect/TreeTraverser.class starting
/com/google/common/collect/TreeTraverser.class DONE
/org/bouncycastle/jcajce/provider/asymmetric/CompositeSignatures.class starting
/org/bouncycastle/jcajce/provider/asymmetric/CompositeSignatures.class DONE
/org/bouncycastle/jcajce/BCFKSLoadStoreParameter$SignatureAlgorithm.class starting
/org/bouncycastle/jcajce/BCFKSLoadStoreParameter$SignatureAlgorithm.class DONE
/com/google/common/graph/AbstractBaseGraph$1.class starting
/com/google/common/graph/AbstractBaseGraph$1.class DONE
/net/bytebuddy/implementation/bytecode/member/FieldAccess$AccessDispatcher$FieldPutInstruction.class starting
/net/bytebuddy/implementation/bytecode/member/FieldAccess$AccessDispatcher$FieldPutInstruction.class DONE
/org/apache/lucene/index/ConcurrentMergeScheduler.class starting
/org/apache/lucene/index/ConcurrentMergeScheduler.class DONE
/org/bouncycastle/pqc/asn1/PQCObjectIdentifiers.class starting
/org/bouncycastle/pqc/asn1/PQCObjectIdentifiers.class DONE
/org/bouncycastle/jcajce/provider/digest/SHA3$Mappings.class starting
/org/bouncycastle/jcajce/provider/digest/SHA3$Mappings.class DONE
/com/google/common/collect/CollectSpliterators.class starting
/com/google/common/collect/CollectSpliterators.class DONE
/net/bytebuddy/agent/builder/AgentBuilder$PoolStrategy$Default.class starting
/net/bytebuddy/agent/builder/AgentBuilder$PoolStrategy$Default.class DONE
/net/bytebuddy/asm/Advice$AssignReturned$ToReturned$Handler.class starting
/net/bytebuddy/asm/Advice$AssignReturned$ToReturned$Handler.class DONE
/org/bouncycastle/jcajce/provider/asymmetric/ec/BCECPrivateKey.class DONE
/org/apache/lucene/document/XYShapeDocValues.class starting
/org/apache/lucene/document/XYShapeDocValues.class DONE
/org/bouncycastle/math/ec/custom/gm/SM2P256V1FieldElement.class starting
/org/bouncycastle/math/ec/custom/gm/SM2P256V1FieldElement.class DONE
/org/bouncycastle/jcajce/provider/asymmetric/rsa/PSSSignatureSpi$SHA512withRSA.class starting
/org/bouncycastle/jcajce/provider/asymmetric/rsa/PSSSignatureSpi$SHA512withRSA.class DONE
/org/bouncycastle/pqc/crypto/xmss/XMSSMTPrivateKeyParameters$Builder.class starting
/org/bouncycastle/pqc/crypto/xmss/XMSSMTPrivateKeyParameters$Builder.class DONE
/org/bouncycastle/jce/provider/RFC3280CertPathUtilities.class starting
/org/bouncycastle/jce/provider/RFC3280CertPathUtilities.class DONE
/org/bouncycastle/math/ec/custom/sec/SecP384R1FieldElement.class starting
/org/apache/lucene/document/LatLonPointDistanceQuery.class starting
/org/apache/lucene/document/LatLonPointDistanceQuery.class DONE
/org/bouncycastle/math/ec/custom/sec/SecP384R1FieldElement.class DONE
/org/apache/lucene/codecs/lucene90/Lucene90PointsFormat.class starting
/org/apache/lucene/codecs/lucene90/Lucene90PointsFormat.class DONE
/org/apache/lucene/document/XYShapeDocValues.class starting
/org/bouncycastle/pqc/crypto/xmss/XMSSMTPrivateKeyParameters$Builder.class starting
/org/bouncycastle/jcajce/provider/asymmetric/ec/BCECPrivateKey.class starting
/org/bouncycastle/pqc/crypto/xmss/XMSSMTPrivateKeyParameters$Builder.class DONE
/org/bouncycastle/jce/provider/RFC3280CertPathUtilities.class starting
/org/bouncycastle/jcajce/provider/asymmetric/ec/BCECPrivateKey.class DONE
/org/bouncycastle/jce/provider/RFC3280CertPathUtilities.class DONE
/org/apache/lucene/document/XYShapeDocValues.class DONE
/org/bouncycastle/math/ec/custom/gm/SM2P256V1FieldElement.class starting
/org/bouncycastle/math/ec/custom/gm/SM2P256V1FieldElement.class DONE
Could not read file /com/google/common/collect/DenseImmutableTable.class
Could not read file /org/apache/lucene/document/ShapeDocValues.class
Could not read file /org/apache/lucene/index/MergeRateLimiter.class
*****
{
  "olly": {
    "version": 2,
    "wall_time": 152.88,
    "cpu_time": 1977.49,
    "gc_time": 118.88,
    "gc_overhead": 6.01,
    "max_rss_kb": 4231440,
    "domain_stats": {
      "0": {
        "wall_time": 152.88,
        "gc_time": 0.83,
        "gc_overhead": 0.55
      },
      "1": {
        "wall_time": 152.27,
        "gc_time": 9.86,
        "gc_overhead": 6.48
      },
      "2": {
        "wall_time": 152.06,
        "gc_time": 10.13,
        "gc_overhead": 6.66
      },
      "3": {
        "wall_time": 151.97,
        "gc_time": 8.83,
        "gc_overhead": 5.81
      },
      "4": {
        "wall_time": 152.21,
        "gc_time": 9.28,
        "gc_overhead": 6.1
      },
      "5": {
        "wall_time": 152.09,
        "gc_time": 7.84,
        "gc_overhead": 5.16
      },
      "6": {
        "wall_time": 152.08,
        "gc_time": 9.27,
        "gc_overhead": 6.1
      },
      "7": {
        "wall_time": 152.1,
        "gc_time": 7.03,
        "gc_overhead": 4.62
      },
      "8": {
        "wall_time": 152.1,
        "gc_time": 11.39,
        "gc_overhead": 7.49
      },
      "9": {
        "wall_time": 151.83,
        "gc_time": 8.01,
        "gc_overhead": 5.27
      },
      "10": {
        "wall_time": 151.88,
        "gc_time": 7.69,
        "gc_overhead": 5.07
      },
      "11": {
        "wall_time": 151.84,
        "gc_time": 13.22,
        "gc_overhead": 8.71
      },
      "12": {
        "wall_time": 152.17,
        "gc_time": 15.49,
        "gc_overhead": 10.18
      }
    },
    "mean_latency": 3.366598,
    "stddev_latency": 7.204755,
    "min_latency": 0.0,
    "max_latency": 92.340223,
    "distr_latency": {
      "25.0000": 0.000775,
      "50.0000": 0.001623,
      "60.0000": 0.002191,
      "70.0000": 0.007447,
      "75.0000": 0.800255,
      "80.0000": 5.017599,
      "85.0000": 10.821631,
      "90.0000": 15.220735,
      "95.0000": 20.348927,
      "96.0000": 21.839871,
      "97.0000": 23.314431,
      "98.0000": 25.559039,
      "99.0000": 28.573695,
      "99.9000": 40.861695,
      "99.9900": 77.004799,
      "99.9990": 92.340223,
      "99.9999": 92.340223,
      "100.0000": 92.340223
    },
    "outliers": {
      "count": 0,
      "mean_latency": 0.0,
      "max_latency": 0.0
    },
    "allocations": {
      "total_heap": 55519144322,
      "minor_heap": 55627363731,
      "major_heap": 545512565,
      "promoted_words": 653731974,
      "promoted_pct": 1.18
    },
    "domain_alloc_stats": {
      "0": {
        "total": 32113050,
        "minor": 13156297,
        "promoted": 6129819,
        "major": 25086572,
        "promoted_pct": 46.59
      },
      "1": {
        "total": 3554901087,
        "minor": 3561345394,
        "promoted": 41174225,
        "major": 34729918,
        "promoted_pct": 1.16
      },
      "2": {
        "total": 3499246627,
        "minor": 3512714966,
        "promoted": 49979726,
        "major": 36511387,
        "promoted_pct": 1.42
      },
      "3": {
        "total": 3077705441,
        "minor": 3085674921,
        "promoted": 47383923,
        "major": 39414443,
        "promoted_pct": 1.54
      },
      "4": {
        "total": 3335254340,
        "minor": 3347224839,
        "promoted": 52554489,
        "major": 40583990,
        "promoted_pct": 1.57
      },
      "5": {
        "total": 2590587093,
        "minor": 2593760384,
        "promoted": 38492055,
        "major": 35318764,
        "promoted_pct": 1.48
      },
      "6": {
        "total": 3959573087,
        "minor": 3971021927,
        "promoted": 62517562,
        "major": 51068722,
        "promoted_pct": 1.57
      },
      "7": {
        "total": 2485005557,
        "minor": 2490379770,
        "promoted": 36335266,
        "major": 30961053,
        "promoted_pct": 1.46
      },
      "8": {
        "total": 6322259599,
        "minor": 6329021086,
        "promoted": 72443400,
        "major": 65681913,
        "promoted_pct": 1.14
      },
      "9": {
        "total": 2875997902,
        "minor": 2879139302,
        "promoted": 44807262,
        "major": 41665862,
        "promoted_pct": 1.56
      },
      "10": {
        "total": 2772178336,
        "minor": 2780506248,
        "promoted": 39477260,
        "major": 31149348,
        "promoted_pct": 1.42
      },
      "11": {
        "total": 9080037945,
        "minor": 9086142911,
        "promoted": 51543785,
        "major": 45438819,
        "promoted_pct": 0.57
      },
      "12": {
        "total": 11934284258,
        "minor": 11977275686,
        "promoted": 110893202,
        "major": 67901774,
        "promoted_pct": 0.93
      }
    },
    "collections": {
      "minor": 1575,
      "major": 23,
      "forced_major": 0,
      "compactions": 0
    },
    "stats_reliable": true
  },
  "perf": [
    {
      "counter-value": "297040.302211",
      "unit": "msec",
      "event": "task-clock",
      "event-runtime": 297040302211,
      "pcnt-running": 100.0,
      "metric-value": "1.939032",
      "metric-unit": "CPUs utilized"
    },
    {
      "counter-value": "1016557.000000",
      "unit": "",
      "event": "page-faults",
      "event-runtime": 297040298467,
      "pcnt-running": 100.0,
      "metric-value": "3.422286",
      "metric-unit": "K/sec"
    },
    {
      "counter-value": "977929405235.000000",
      "unit": "",
      "event": "cycles",
      "event-runtime": 297040296226,
      "pcnt-running": 100.0,
      "metric-value": "3.292245",
      "metric-unit": "GHz"
    },
    {
      "counter-value": "1150059825709.000000",
      "unit": "",
      "event": "instructions",
      "event-runtime": 297040290479,
      "pcnt-running": 100.0,
      "metric-value": "1.176015",
      "metric-unit": "insn per cycle"
    }
  ]
}