
-----
mkdir -p PLOTTY_WORKAROUND; timedrun; OCAMLRUNPARAM="s=524288,o=80,e=18,d=128" /home/udesou/.bench-agent/git/macro-benches/benchmarks/infer/infer_default-ocaml-5.5.0-f523850-fp
running-ng v0.3.8
Wed Sep  9 07:34:46 AM UTC 2026

 07:34:46 up 2 days,  7:28,  2 users,  load average: 6.94, 8.48, 8.16
USER     TTY      FROM             LOGIN@   IDLE   JCPU   PCPU  WHAT

procs -----------memory---------- ---swap-- -----io---- -system-- -------cpu-------
 r  b   swpd   free   buff  cache   si   so    bi    bo   in   cs us sy id wa st gu
 0  1      0 45309452 4088492 15490796    0    0    42   417 2112    3 12  0 76 12  0  0
 0  1      0 45314884 4088492 15490924    0    0     0     0 1717 3102  0  0 88 12  0  0

top - 07:34:47 up 2 days,  7:28,  2 users,  load average: 6.94, 8.48, 8.16
Tasks: 276 total,   1 running, 275 sleeping,   0 stopped,   0 zombie
%Cpu(s):  1.2 us,  1.2 sy,  0.0 ni, 86.0 id, 11.6 wa,  0.0 hi,  0.0 si,  0.0 st 
MiB Mem :  64272.5 total,  44252.8 free,   1623.0 used,  19120.5 buff/cache     
MiB Swap:   8192.0 total,   8192.0 free,      0.0 used.  62649.5 avail Mem 

    PID USER      PR  NI    VIRT    RES    SHR S  %CPU  %MEM     TIME+ COMMAND
 225827 udesou    20   0   11908   5712   3560 R   9.1   0.0   0:00.01 top -bcn 1 -w512
      1 root      20   0   22724  14128   9580 S   0.0   0.0   1:30.34 /sbin/init
      2 root      20   0       0      0      0 S   0.0   0.0   0:00.02 [kthreadd]
      3 root      20   0       0      0      0 S   0.0   0.0   0:00.00 [pool_workqueue_release]
      4 root       0 -20       0      0      0 I   0.0   0.0   0:00.00 [kworker/R-rcu_g]

Environment variables: 
	CONFIG_FILE=/home/udesou/.bench-agent/work/run-20260907-001-e1/run-20260907-001.yml
	HOME=/home/udesou
	LANG=en_US.UTF-8
	LOGNAME=udesou
	LOG_DIR=/home/udesou/.bench-agent/logs
	OLLY_DIR=/home/udesou/.bench-agent/git/olly
	PATH=/usr/local/bin:/home/udesou/.bench-agent/git/olly/_build/install/default/bin:/home/udesou/ocaml-bench-service/_opam/bin:/home/udesou/.vscode-server/data/User/globalStorage/github.copilot-chat/debugCommand:/home/udesou/.vscode-server/data/User/globalStorage/github.copilot-chat/copilotCli:/home/udesou/.vscode-server/cli/servers/Stable-08d4889f9ec4a1685d257b9b95de036c8e1ce1e5/server/bin/remote-cli:/home/udesou/.opam/running-ng-ocaml-5.5.0-f523850-fp-flambda/bin:/home/udesou/.local/bin:/home/udesou/.opam/running-ng-ocaml-5.5.0-f523850-fp-flambda/bin:/home/udesou/.local/bin:/usr/local/sbin:/usr/local/bin:/usr/sbin:/usr/bin:/sbin:/bin:/usr/games:/usr/local/games:/snap/bin
	PWD=/home/udesou/ocaml-bench-service
	PYTHONPATH=/home/udesou/.bench-agent/git/running-ng/src
	RUNNING_BENCH_DIR=/home/udesou/.bench-agent/git/macro-benches
	RUNNING_MACRO_BENCH_DIR=/home/udesou/.bench-agent/git/macro-benches
	RUNNING_NG_PACKAGE_DATA=/home/udesou/.bench-agent/git/running-ng/src/running/config
	RUNNING_REUSE_SWITCHES=1
	RUNNING_TAG=default_run,large_run
	SHELL=/bin/bash
	SHLVL=1
	TERM=screen.xterm-256color
	USER=udesou
	_=/usr/bin/python3
OS: Linux obelisk 6.8.0-139-generic #139-Ubuntu SMP PREEMPT_DYNAMIC Sat Aug  1 03:52:05 UTC 2026 x86_64 x86_64 x86_64 GNU/Linux
CPU: model name	: Intel(R) Xeon(R) CPU E5-2667 v2 @ 3.30GHz
number of cores: 8
Frequency of cpu 0: 3.30 GHz
Governor of cpu 0: performance
Scaling_min_freq of cpu 0: 1.20 GHz
Frequency of cpu 2: 3.30 GHz
Governor of cpu 2: performance
Scaling_min_freq of cpu 2: 1.20 GHz
Frequency of cpu 4: 3.30 GHz
Governor of cpu 4: performance
Scaling_min_freq of cpu 4: 1.20 GHz
Frequency of cpu 6: 3.30 GHz
Governor of cpu 6: performance
Scaling_min_freq of cpu 6: 1.20 GHz
WARNING: Failed to resolve file /com/google/common/annotations/Beta.class with "No such file or directory" 

WARNING: Failed to resolve file /com/google/common/base/Converter$IdentityConverter.class with "No such file or directory" 

WARNING: Failed to resolve file /com/google/common/base/Platform.class with "No such file or directory" 

WARNING: Failed to resolve file /com/google/common/base/Utf8.class with "No such file or directory" 

WARNING: Failed to resolve file /com/google/common/cache/LocalCache$EntryFactory$2.class with "No such file or directory" 

WARNING: Failed to resolve file /com/google/common/cache/LongAddables.class with "No such file or directory" 

WARNING: Failed to resolve file /com/google/common/collect/AbstractMapBasedMultiset$2$1.class with "No such file or directory" 

WARNING: Failed to resolve file /com/google/common/collect/CollectSpliterators.class with "No such file or directory" 

WARNING: Failed to resolve file /com/google/common/collect/DenseImmutableTable.class with "No such file or directory" 

WARNING: Failed to resolve file /com/google/common/collect/ForwardingConcurrentMap.class with "No such file or directory" 

WARNING: Failed to resolve file /com/google/common/collect/HashMultimap.class with "No such file or directory" 

WARNING: Failed to resolve file /com/google/common/collect/ImmutableMultimap$Builder.class with "No such file or directory" 

WARNING: Failed to resolve file /com/google/common/collect/ImmutableSortedSet$1.class with "No such file or directory" 

WARNING: Failed to resolve file /com/google/common/collect/JdkBackedImmutableMap.class with "No such file or directory" 

WARNING: Failed to resolve file /com/google/common/collect/MapMakerInternalMap$EntrySet.class with "No such file or directory" 

WARNING: Failed to resolve file /com/google/common/collect/Maps$AsMapView$1EntrySetImpl.class with "No such file or directory" 

WARNING: Failed to resolve file /com/google/common/collect/MultimapBuilder$2.class with "No such file or directory" 

WARNING: Failed to resolve file /com/google/common/collect/Multisets$4.class with "No such file or directory" 

WARNING: Failed to resolve file /com/google/common/collect/RegularImmutableMap$Values.class with "No such file or directory" 

WARNING: Failed to resolve file /com/google/common/collect/SortedLists$KeyAbsentBehavior$2.class with "No such file or directory" 

WARNING: Failed to resolve file /com/google/common/collect/Streams$DoubleFunctionWithIndex.class with "No such file or directory" 

WARNING: Failed to resolve file /com/google/common/collect/TransformedListIterator.class with "No such file or directory" 

WARNING: Failed to resolve file /com/google/common/collect/TreeTraverser.class with "No such file or directory" 

WARNING: Failed to resolve file /com/google/common/graph/AbstractBaseGraph$1.class with "No such file or directory" 

WARNING: Failed to resolve file /com/google/common/graph/GraphBuilder.class with "No such file or directory" 

WARNING: Failed to resolve file /com/google/common/graph/ValueGraph.class with "No such file or directory" 

WARNING: Failed to resolve file /com/google/common/hash/Hashing.class with "No such file or directory" 

WARNING: Failed to resolve file /com/google/common/io/BaseEncoding.class with "No such file or directory" 

WARNING: Failed to resolve file /com/google/common/io/LineProcessor.class with "No such file or directory" 

WARNING: Failed to resolve file /com/google/common/net/HttpHeaders.class with "No such file or directory" 

WARNING: Failed to resolve file /com/google/common/primitives/Shorts$ShortConverter.class with "No such file or directory" 

WARNING: Failed to resolve file /com/google/common/reflect/TypeToken$Bounds.class with "No such file or directory" 

WARNING: Failed to resolve file /com/google/common/util/concurrent/AbstractFuture$Listener.class with "No such file or directory" 

WARNING: Failed to resolve file /com/google/common/util/concurrent/AggregateFutureState.class with "No such file or directory" 

WARNING: Failed to resolve file /com/google/common/util/concurrent/ForwardingCheckedFuture$SimpleForwardingCheckedFuture.class with "No such file or directory" 

WARNING: Failed to resolve file /com/google/common/util/concurrent/Monitor$Guard.class with "No such file or directory" 

WARNING: Failed to resolve file /com/google/common/util/concurrent/SimpleTimeLimiter$1.class with "No such file or directory" 

WARNING: Failed to resolve file /net/bytebuddy/ByteBuddy$RecordConstructorStrategy.class with "No such file or directory" 

WARNING: Failed to resolve file /net/bytebuddy/agent/builder/AgentBuilder$Default$NativeMethodStrategy$ForPrefix.class with "No such file or directory" 

WARNING: Failed to resolve file /net/bytebuddy/agent/builder/AgentBuilder$InstallationListener$Compound.class with "No such file or directory" 

WARNING: Failed to resolve file /net/bytebuddy/agent/builder/AgentBuilder$PoolStrategy$Default.class with "No such file or directory" 

WARNING: Failed to resolve file /net/bytebuddy/agent/builder/AgentBuilder$RedefinitionStrategy$Listener$Adapter.class with "No such file or directory" 

WARNING: Failed to resolve file /net/bytebuddy/agent/builder/package-info.class with "No such file or directory" 

WARNING: Failed to resolve file /net/bytebuddy/asm/Advice$AssignReturned$ToReturned$Handler.class with "No such file or directory" 

WARNING: Failed to resolve file /net/bytebuddy/asm/Advice$Dispatcher$Resolved$AbstractBase.class with "No such file or directory" 

WARNING: Failed to resolve file /net/bytebuddy/asm/Advice$OffsetMapping$ForInstrumentedMethod$2.class with "No such file or directory" 

WARNING: Failed to resolve file /net/bytebuddy/asm/Advice$OffsetMapping.class with "No such file or directory" 

WARNING: Failed to resolve file /net/bytebuddy/asm/ClassVisitorFactory$FrameTranslator.class with "No such file or directory" 

WARNING: Failed to resolve file /net/bytebuddy/asm/MemberSubstitution$TypePoolResolver$OfImplicitPool.class with "No such file or directory" 

WARNING: Failed to resolve file /net/bytebuddy/build/EntryPoint$Default.class with "No such file or directory" 

WARNING: Failed to resolve file /net/bytebuddy/build/Plugin$Engine$Listener$StreamWriting.class with "No such file or directory" 

WARNING: Failed to resolve file /net/bytebuddy/build/Plugin$Factory$UsingReflection$Instantiator$Unresolved.class with "No such file or directory" 

WARNING: Failed to resolve file /net/bytebuddy/description/annotation/AnnotationDescription.class with "No such file or directory" 

WARNING: Failed to resolve file /net/bytebuddy/description/annotation/AnnotationValue$Loaded$AbstractBase$ForUnresolvedProperty.class with "No such file or directory" 

WARNING: Failed to resolve file /net/bytebuddy/description/method/MethodList$Explicit.class with "No such file or directory" 

WARNING: Failed to resolve file /net/bytebuddy/description/modifier/SynchronizationState.class with "No such file or directory" 

WARNING: Failed to resolve file /net/bytebuddy/description/type/TypeDescription$Generic$AnnotationReader$Delegator$ForLoadedTypeVariable.class with "No such file or directory" 

WARNING: Failed to resolve file /net/bytebuddy/description/type/TypeDescription$Generic$OfParameterizedType$Latent.class with "No such file or directory" 

WARNING: Failed to resolve file /net/bytebuddy/description/type/TypeDescription$Latent.class with "No such file or directory" 

WARNING: Failed to resolve file /net/bytebuddy/dynamic/ClassFileLocator$ForModuleFile.class with "No such file or directory" 

WARNING: Failed to resolve file /net/bytebuddy/dynamic/DynamicType$Builder$MethodDefinition$ParameterDefinition$Simple$Annotatable$AbstractBase.class with "No such file or directory" 

WARNING: Failed to resolve file /net/bytebuddy/dynamic/VisibilityBridgeStrategy$Default$2.class with "No such file or directory" 

WARNING: Failed to resolve file /net/bytebuddy/dynamic/loading/ClassInjector$UsingReflection$Dispatcher$Initializable.class with "No such file or directory" 

WARNING: Failed to resolve file /net/bytebuddy/dynamic/loading/PackageDefinitionStrategy$ManifestReading.class with "No such file or directory" 

WARNING: Failed to resolve file /net/bytebuddy/dynamic/scaffold/MethodGraph$Compiler$Default$Key$Store$Entry$Initial.class with "No such file or directory" 

WARNING: Failed to resolve file /net/bytebuddy/dynamic/scaffold/TypeWriter$Default$ClassDumpAction$Dispatcher$Enabled.class with "No such file or directory" 

WARNING: Failed to resolve file /net/bytebuddy/dynamic/scaffold/TypeWriter$MethodPool$Record$AccessBridgeWrapper.class with "No such file or directory" 

WARNING: Failed to resolve file /net/bytebuddy/dynamic/scaffold/subclass/SubclassImplementationTarget$OriginTypeResolver$1.class with "No such file or directory" 

WARNING: Failed to resolve file /net/bytebuddy/implementation/FieldAccessor$FieldLocation.class with "No such file or directory" 

WARNING: Failed to resolve file /net/bytebuddy/implementation/HashCodeMethod$ValueTransformer$7.class with "No such file or directory" 

WARNING: Failed to resolve file /net/bytebuddy/implementation/InvocationHandlerAdapter.class with "No such file or directory" 

WARNING: Failed to resolve file /net/bytebuddy/implementation/InvokeDynamic$WithImplicitArguments.class with "No such file or directory" 

WARNING: Failed to resolve file /net/bytebuddy/implementation/MethodCall$MethodInvoker.class with "No such file or directory" 

WARNING: Failed to resolve file /net/bytebuddy/implementation/MethodDelegation.class with "No such file or directory" 

WARNING: Failed to resolve file /net/bytebuddy/implementation/attribute/AnnotationValueFilter$Factory.class with "No such file or directory" 

WARNING: Failed to resolve file /net/bytebuddy/implementation/auxiliary/TypeProxy$1.class with "No such file or directory" 

WARNING: Failed to resolve file /net/bytebuddy/implementation/bind/annotation/AllArguments.class with "No such file or directory" 

WARNING: Failed to resolve file /net/bytebuddy/implementation/bind/annotation/Morph$Binder$RedirectionProxy$InstanceFieldConstructor$Appender.class with "No such file or directory" 

WARNING: Failed to resolve file /net/bytebuddy/implementation/bytecode/ByteCodeAppender$Compound.class with "No such file or directory" 

WARNING: Failed to resolve file /net/bytebuddy/implementation/bytecode/assign/reference/GenericTypeAwareAssigner$IsAssignableToVisitor$OfGenericArray.class with "No such file or directory" 

WARNING: Failed to resolve file /net/bytebuddy/implementation/bytecode/member/FieldAccess$AccessDispatcher$FieldPutInstruction.class with "No such file or directory" 

WARNING: Failed to resolve file /net/bytebuddy/jar/asm/RecordComponentWriter.class with "No such file or directory" 

WARNING: Failed to resolve file /net/bytebuddy/matcher/FilterableList.class with "No such file or directory" 

WARNING: Failed to resolve file /net/bytebuddy/matcher/TypeSortMatcher.class with "No such file or directory" 

WARNING: Failed to resolve file /net/bytebuddy/pool/TypePool$Default$LazyTypeDescription$AnnotationToken.class with "No such file or directory" 

WARNING: Failed to resolve file /net/bytebuddy/pool/TypePool$Default$LazyTypeDescription$LazyMethodDescription$LazyParameterizedReceiverType$TypeArgumentList$AnnotatedTypeVariable.class with "No such file or directory" 

WARNING: Failed to resolve file /net/bytebuddy/utility/FileSystem$ForNio2CapableVm$StandardCopyOption.class with "No such file or directory" 

WARNING: Failed to resolve file /net/bytebuddy/utility/dispatcher/JavaDispatcher$Dispatcher.class with "No such file or directory" 

WARNING: Failed to resolve file /org/apache/lucene/analysis/CharArrayMap.class with "No such file or directory" 

WARNING: Failed to resolve file /org/apache/lucene/analysis/tokenattributes/TermToBytesRefAttribute.class with "No such file or directory" 

WARNING: Failed to resolve file /org/apache/lucene/codecs/KnnVectorsWriter$ByteVectorValuesSub.class with "No such file or directory" 

WARNING: Failed to resolve file /org/apache/lucene/codecs/hnsw/DefaultFlatVectorScorer$ByteScoringSupplier$1.class with "No such file or directory" 

WARNING: Failed to resolve file /org/apache/lucene/codecs/lucene90/Lucene90DocValuesProducer$17.class with "No such file or directory" 

WARNING: Failed to resolve file /org/apache/lucene/codecs/lucene90/Lucene90PointsFormat.class with "No such file or directory" 

WARNING: Failed to resolve file /org/apache/lucene/codecs/lucene912/ForUtil.class with "No such file or directory" 

WARNING: Failed to resolve file /org/apache/lucene/codecs/lucene99/Lucene99HnswVectorsWriter$2.class with "No such file or directory" 

WARNING: Failed to resolve file /org/apache/lucene/document/BinaryPoint$1.class with "No such file or directory" 

WARNING: Failed to resolve file /org/apache/lucene/document/FloatPoint$2.class with "No such file or directory" 

WARNING: Failed to resolve file /org/apache/lucene/document/LatLonPointDistanceQuery.class with "No such file or directory" 

WARNING: Failed to resolve file /org/apache/lucene/document/ShapeField$QueryRelation.class with "No such file or directory" 

WARNING: Failed to resolve file /org/apache/lucene/document/XYShapeDocValues.class with "No such file or directory" 

WARNING: Failed to resolve file /org/apache/lucene/index/BaseTermsEnum$1.class with "No such file or directory" 

WARNING: Failed to resolve file /org/apache/lucene/index/ConcurrentMergeScheduler.class with "No such file or directory" 

WARNING: Failed to resolve file /org/apache/lucene/index/ExitableDirectoryReader$ExitableFilterAtomicReader$4.class with "No such file or directory" 

WARNING: Failed to resolve file /org/apache/lucene/index/FreqProxFields$FreqProxTermsEnum$1.class with "No such file or directory" 

WARNING: Failed to resolve file /org/apache/lucene/index/IndexWriter$DocModifier.class with "No such file or directory" 

WARNING: Failed to resolve file /org/apache/lucene/index/MultiDocValues$1.class with "No such file or directory" 

WARNING: Failed to resolve file /org/apache/lucene/index/PointValues$IntersectVisitor.class with "No such file or directory" 

WARNING: Failed to resolve file /org/apache/lucene/index/SingletonSortedSetDocValues.class with "No such file or directory" 

WARNING: Failed to resolve file /org/apache/lucene/index/SortedNumericDocValuesWriter.class with "No such file or directory" 

WARNING: Failed to resolve file /org/apache/lucene/index/TermVectorsConsumerPerField$TermVectorsPostingsArray.class with "No such file or directory" 

WARNING: Failed to resolve file /org/apache/lucene/internal/hppc/IntDoubleHashMap$EntryIterator.class with "No such file or directory" 

WARNING: Failed to resolve file /org/apache/lucene/internal/hppc/LongIntHashMap$LongIntCursor.class with "No such file or directory" 

WARNING: Failed to resolve file /org/apache/lucene/search/BlockMaxConjunctionScorer$2.class with "No such file or directory" 

WARNING: Failed to resolve file /org/apache/lucene/search/ConstantScoreQuery$1$1.class with "No such file or directory" 

WARNING: Failed to resolve file /org/apache/lucene/search/DoubleValuesSource$DoubleValuesComparatorSource$1.class with "No such file or directory" 

WARNING: Failed to resolve file /org/apache/lucene/search/ImpactsDISI.class with "No such file or directory" 

WARNING: Failed to resolve file /org/apache/lucene/search/LongValuesSource$LongValuesComparatorSource.class with "No such file or directory" 

WARNING: Failed to resolve file /org/apache/lucene/search/NamedMatches$NamedQuery.class with "No such file or directory" 

WARNING: Failed to resolve file /org/apache/lucene/search/ReqOptSumScorer.class with "No such file or directory" 

WARNING: Failed to resolve file /org/apache/lucene/search/SortedNumericSortField$5.class with "No such file or directory" 

WARNING: Failed to resolve file /org/apache/lucene/search/TopDocsCollector.class with "No such file or directory" 

WARNING: Failed to resolve file /org/apache/lucene/search/comparators/NumericComparator$NumericLeafComparator.class with "No such file or directory" 

WARNING: Failed to resolve file /org/apache/lucene/search/similarities/MultiSimilarity.class with "No such file or directory" 

WARNING: Failed to resolve file /org/apache/lucene/store/IndexInput$1.class with "No such file or directory" 

WARNING: Failed to resolve file /org/apache/lucene/util/AttributeImpl.class with "No such file or directory" 

WARNING: Failed to resolve file /org/apache/lucene/util/DocIdSetBuilder$BulkAdder.class with "No such file or directory" 

WARNING: Failed to resolve file /org/apache/lucene/util/ModuleResourceLoader.class with "No such file or directory" 

WARNING: Failed to resolve file /org/apache/lucene/util/Sorter.class with "No such file or directory" 

WARNING: Failed to resolve file /org/apache/lucene/util/automaton/MinimizationOperations$IntPair.class with "No such file or directory" 

WARNING: Failed to resolve file /org/apache/lucene/util/bkd/OfflinePointWriter.class with "No such file or directory" 

WARNING: Failed to resolve file /org/apache/lucene/util/fst/Util$FSTPath.class with "No such file or directory" 

WARNING: Failed to resolve file /org/apache/lucene/util/mutable/MutableValueDate.class with "No such file or directory" 

WARNING: Failed to resolve file /org/apache/lucene/util/packed/DirectReader$DirectPackedReader32.class with "No such file or directory" 

WARNING: Failed to resolve file /org/apache/lucene/util/packed/PackedWriter.class with "No such file or directory" 

WARNING: Failed to resolve file /org/bouncycastle/asn1/ASN1ObjectDescriptor$1.class with "No such file or directory" 

WARNING: Failed to resolve file /org/bouncycastle/asn1/BEROctetStringParser.class with "No such file or directory" 

WARNING: Failed to resolve file /org/bouncycastle/asn1/LazyEncodedSequence.class with "No such file or directory" 

WARNING: Failed to resolve file /org/bouncycastle/asn1/ocsp/OCSPRequest.class with "No such file or directory" 

WARNING: Failed to resolve file /org/bouncycastle/asn1/sec/SECNamedCurves$17.class with "No such file or directory" 

WARNING: Failed to resolve file /org/bouncycastle/asn1/x500/DirectoryString.class with "No such file or directory" 

WARNING: Failed to resolve file /org/bouncycastle/asn1/x509/NameConstraints.class with "No such file or directory" 

WARNING: Failed to resolve file /org/bouncycastle/asn1/x509/sigi/NameOrPseudonym.class with "No such file or directory" 

WARNING: Failed to resolve file /org/bouncycastle/crypto/CipherKeyGenerator.class with "No such file or directory" 

WARNING: Failed to resolve file /org/bouncycastle/crypto/StagedAgreement.class with "No such file or directory" 

WARNING: Failed to resolve file /org/bouncycastle/crypto/digests/AsconXof$1.class with "No such file or directory" 

WARNING: Failed to resolve file /org/bouncycastle/crypto/digests/ShortenedDigest.class with "No such file or directory" 

WARNING: Failed to resolve file /org/bouncycastle/crypto/ec/ECDecryptor.class with "No such file or directory" 

WARNING: Failed to resolve file /org/bouncycastle/crypto/engines/GOST3412_2015Engine.class with "No such file or directory" 

WARNING: Failed to resolve file /org/bouncycastle/crypto/engines/SparkleEngine$1.class with "No such file or directory" 

WARNING: Failed to resolve file /org/bouncycastle/crypto/generators/ElGamalParametersGenerator.class with "No such file or directory" 

WARNING: Failed to resolve file /org/bouncycastle/crypto/macs/DSTU7564Mac.class with "No such file or directory" 

WARNING: Failed to resolve file /org/bouncycastle/crypto/modes/NISTCTSBlockCipher.class with "No such file or directory" 

WARNING: Failed to resolve file /org/bouncycastle/crypto/params/DHParameters.class with "No such file or directory" 

WARNING: Failed to resolve file /org/bouncycastle/crypto/params/NaccacheSternKeyGenerationParameters.class with "No such file or directory" 

WARNING: Failed to resolve file /org/bouncycastle/crypto/prng/X931SecureRandom.class with "No such file or directory" 

WARNING: Failed to resolve file /org/bouncycastle/crypto/util/DEROtherInfo$1.class with "No such file or directory" 

WARNING: Failed to resolve file /org/bouncycastle/crypto/util/SSHNamedCurves$3.class with "No such file or directory" 

WARNING: Failed to resolve file /org/bouncycastle/jcajce/BCFKSLoadStoreParameter$SignatureAlgorithm.class with "No such file or directory" 

WARNING: Failed to resolve file /org/bouncycastle/jcajce/provider/asymmetric/CompositeSignatures.class with "No such file or directory" 

WARNING: Failed to resolve file /org/bouncycastle/jcajce/provider/asymmetric/compositesignatures/KeyPairGeneratorSpi$MLDSA65_ECDSA_brainpoolP256r1_SHA512.class with "No such file or directory" 

WARNING: Failed to resolve file /org/bouncycastle/jcajce/provider/asymmetric/dh/KeyAgreementSpi$DHwithSHA384CKDF.class with "No such file or directory" 

WARNING: Failed to resolve file /org/bouncycastle/jcajce/provider/asymmetric/ec/BCECPrivateKey.class with "No such file or directory" 

WARNING: Failed to resolve file /org/bouncycastle/jcajce/provider/asymmetric/ec/KeyAgreementSpi$DHUwithSHA224KDF.class with "No such file or directory" 

WARNING: Failed to resolve file /org/bouncycastle/jcajce/provider/asymmetric/ec/KeyPairGeneratorSpi.class with "No such file or directory" 

WARNING: Failed to resolve file /org/bouncycastle/jcajce/provider/asymmetric/ecgost12/KeyAgreementSpi$ECVKO512.class with "No such file or directory" 

WARNING: Failed to resolve file /org/bouncycastle/jcajce/provider/asymmetric/edec/KeyPairGeneratorSpi$X448.class with "No such file or directory" 

WARNING: Failed to resolve file /org/bouncycastle/jcajce/provider/asymmetric/rsa/DigestSignatureSpi$SHA3_384.class with "No such file or directory" 

WARNING: Failed to resolve file /org/bouncycastle/jcajce/provider/asymmetric/rsa/PSSSignatureSpi$SHA512withRSA.class with "No such file or directory" 

WARNING: Failed to resolve file /org/bouncycastle/jcajce/provider/asymmetric/x509/X509CRLInternal.class with "No such file or directory" 

WARNING: Failed to resolve file /org/bouncycastle/jcajce/provider/digest/GOST3411$Mappings.class with "No such file or directory" 

WARNING: Failed to resolve file /org/bouncycastle/jcajce/provider/digest/RIPEMD256$HashMac.class with "No such file or directory" 

WARNING: Failed to resolve file /org/bouncycastle/jcajce/provider/digest/SHA3$Mappings.class with "No such file or directory" 

WARNING: Failed to resolve file /org/bouncycastle/jcajce/provider/digest/Skein$HMacKeyGenerator_512_384.class with "No such file or directory" 

WARNING: Failed to resolve file /org/bouncycastle/jcajce/provider/digest/Whirlpool$KeyGenerator.class with "No such file or directory" 

WARNING: Failed to resolve file /org/bouncycastle/jcajce/provider/keystore/pkcs12/PKCS12KeyStoreSpi$1.class with "No such file or directory" 

WARNING: Failed to resolve file /org/bouncycastle/jcajce/provider/symmetric/AES$PBEWithSHA256And192BitAESBC.class with "No such file or directory" 

WARNING: Failed to resolve file /org/bouncycastle/jcajce/provider/symmetric/CAST5$CBC.class with "No such file or directory" 

WARNING: Failed to resolve file /org/bouncycastle/jcajce/provider/symmetric/DES$Mappings.class with "No such file or directory" 

WARNING: Failed to resolve file /org/bouncycastle/jcajce/provider/symmetric/DSTU7624$GCM128.class with "No such file or directory" 

WARNING: Failed to resolve file /org/bouncycastle/jcajce/provider/symmetric/HC128$KeyGen.class with "No such file or directory" 

WARNING: Failed to resolve file /org/bouncycastle/jcajce/provider/symmetric/PBEPKCS12.class with "No such file or directory" 

WARNING: Failed to resolve file /org/bouncycastle/jcajce/provider/symmetric/Rijndael.class with "No such file or directory" 

WARNING: Failed to resolve file /org/bouncycastle/jcajce/provider/symmetric/Shacal2$AlgParams.class with "No such file or directory" 

WARNING: Failed to resolve file /org/bouncycastle/jcajce/provider/symmetric/Threefish.class with "No such file or directory" 

WARNING: Failed to resolve file /org/bouncycastle/jcajce/provider/symmetric/util/BaseStreamCipher.class with "No such file or directory" 

WARNING: Failed to resolve file /org/bouncycastle/jcajce/spec/SkeinParameterSpec.class with "No such file or directory" 

WARNING: Failed to resolve file /org/bouncycastle/jce/provider/AnnotatedException.class with "No such file or directory" 

WARNING: Failed to resolve file /org/bouncycastle/jce/provider/RFC3280CertPathUtilities.class with "No such file or directory" 

WARNING: Failed to resolve file /org/bouncycastle/math/ec/ECCurve$Config.class with "No such file or directory" 

WARNING: Failed to resolve file /org/bouncycastle/math/ec/custom/gm/SM2P256V1FieldElement.class with "No such file or directory" 

WARNING: Failed to resolve file /org/bouncycastle/math/ec/custom/sec/SecP384R1FieldElement.class with "No such file or directory" 

WARNING: Failed to resolve file /org/bouncycastle/math/ec/custom/sec/SecT239K1Curve.class with "No such file or directory" 

WARNING: Failed to resolve file /org/bouncycastle/math/ec/rfc8032/Ed25519$PointTemp.class with "No such file or directory" 

WARNING: Failed to resolve file /org/bouncycastle/pqc/asn1/PQCObjectIdentifiers.class with "No such file or directory" 

WARNING: Failed to resolve file /org/bouncycastle/pqc/crypto/crystals/dilithium/DilithiumKeyPairGenerator.class with "No such file or directory" 

WARNING: Failed to resolve file /org/bouncycastle/pqc/crypto/falcon/FalconSmallPrime.class with "No such file or directory" 

WARNING: Failed to resolve file /org/bouncycastle/pqc/crypto/hqc/HQCKEMExtractor.class with "No such file or directory" 

WARNING: Failed to resolve file /org/bouncycastle/pqc/crypto/newhope/NHKeyPairGenerator.class with "No such file or directory" 

WARNING: Failed to resolve file /org/bouncycastle/pqc/crypto/picnic/PicnicEngine.class with "No such file or directory" 

WARNING: Failed to resolve file /org/bouncycastle/pqc/crypto/sphincs/SPHINCS256KeyGenerationParameters.class with "No such file or directory" 

WARNING: Failed to resolve file /org/bouncycastle/pqc/crypto/util/PublicKeyFactory$LMSConverter.class with "No such file or directory" 

WARNING: Failed to resolve file /org/bouncycastle/pqc/crypto/xmss/XMSSMTPrivateKeyParameters$Builder.class with "No such file or directory" 

WARNING: Failed to resolve file /org/bouncycastle/pqc/jcajce/interfaces/NHPublicKey.class with "No such file or directory" 

WARNING: Failed to resolve file /org/bouncycastle/pqc/jcajce/provider/SPHINCS.class with "No such file or directory" 

WARNING: Failed to resolve file /org/bouncycastle/pqc/jcajce/provider/falcon/SignatureSpi$Base.class with "No such file or directory" 

WARNING: Failed to resolve file /org/bouncycastle/pqc/jcajce/provider/mceliece/BCMcEliecePrivateKey.class with "No such file or directory" 

WARNING: Failed to resolve file /org/bouncycastle/pqc/jcajce/provider/picnic/BCPicnicPublicKey.class with "No such file or directory" 

WARNING: Failed to resolve file /org/bouncycastle/pqc/jcajce/provider/sphincsplus/SPHINCSPlusKeyPairGeneratorSpi$Shake_256f.class with "No such file or directory" 

WARNING: Failed to resolve file /org/bouncycastle/pqc/jcajce/spec/KyberParameterSpec.class with "No such file or directory" 

WARNING: Failed to resolve file /org/bouncycastle/pqc/legacy/crypto/mceliece/McEliecePrivateKeyParameters.class with "No such file or directory" 

WARNING: Failed to resolve file /org/bouncycastle/pqc/legacy/math/linearalgebra/GF2Matrix.class with "No such file or directory" 

WARNING: Failed to resolve file /org/bouncycastle/pqc/math/ntru/parameters/NTRUHPS2048509.class with "No such file or directory" 

WARNING: Failed to resolve file /org/bouncycastle/util/encoders/HexTranslator.class with "No such file or directory" 

WARNING: Failed to resolve file /org/bouncycastle/x509/X509CRLStoreSelector.class with "No such file or directory" 

Found 215 (out of 11364) source files to analyze in /home/udesou/.bench-agent/git/macro-benches/vendor/.infer-capture-ocaml-5.5.0-f523850-fp
/net/bytebuddy/asm/Advice$OffsetMapping$ForInstrumentedMethod$2.class starting
/net/bytebuddy/asm/Advice$OffsetMapping$ForInstrumentedMethod$2.class DONE
/net/bytebuddy/dynamic/DynamicType$Builder$MethodDefinition$ParameterDefinition$Simple$Annotatable$AbstractBase.class starting
/net/bytebuddy/dynamic/DynamicType$Builder$MethodDefinition$ParameterDefinition$Simple$Annotatable$AbstractBase.class DONE
/net/bytebuddy/implementation/bytecode/assign/reference/GenericTypeAwareAssigner$IsAssignableToVisitor$OfGenericArray.class starting
/net/bytebuddy/implementation/bytecode/assign/reference/GenericTypeAwareAssigner$IsAssignableToVisitor$OfGenericArray.class DONE
/org/apache/lucene/codecs/lucene912/ForUtil.class starting
/org/apache/lucene/codecs/lucene912/ForUtil.class DONE
/org/apache/lucene/document/BinaryPoint$1.class starting
/org/apache/lucene/document/BinaryPoint$1.class DONE
/org/bouncycastle/pqc/crypto/newhope/NHKeyPairGenerator.class starting
/org/bouncycastle/pqc/crypto/newhope/NHKeyPairGenerator.class DONE
/net/bytebuddy/dynamic/scaffold/MethodGraph$Compiler$Default$Key$Store$Entry$Initial.class starting
/net/bytebuddy/dynamic/scaffold/MethodGraph$Compiler$Default$Key$Store$Entry$Initial.class DONE
/org/bouncycastle/asn1/x500/DirectoryString.class starting
/org/bouncycastle/asn1/x500/DirectoryString.class DONE
/org/apache/lucene/search/BlockMaxConjunctionScorer$2.class starting
/org/apache/lucene/search/BlockMaxConjunctionScorer$2.class DONE
/org/bouncycastle/pqc/jcajce/spec/KyberParameterSpec.class starting
/org/bouncycastle/pqc/jcajce/spec/KyberParameterSpec.class DONE
/org/apache/lucene/document/XYShapeDocValues.class starting
/org/apache/lucene/document/XYShapeDocValues.class DONE
/org/bouncycastle/jcajce/provider/symmetric/AES$PBEWithSHA256And192BitAESBC.class starting
/org/bouncycastle/jcajce/provider/symmetric/AES$PBEWithSHA256And192BitAESBC.class DONE
/org/apache/lucene/index/ExitableDirectoryReader$ExitableFilterAtomicReader$4.class starting
/org/apache/lucene/index/ExitableDirectoryReader$ExitableFilterAtomicReader$4.class DONE
/org/apache/lucene/document/ShapeField$QueryRelation.class starting
/org/apache/lucene/document/ShapeField$QueryRelation.class DONE
/org/bouncycastle/asn1/x509/sigi/NameOrPseudonym.class starting
/org/bouncycastle/asn1/x509/sigi/NameOrPseudonym.class DONE
/org/apache/lucene/search/DoubleValuesSource$DoubleValuesComparatorSource$1.class starting
/org/apache/lucene/search/DoubleValuesSource$DoubleValuesComparatorSource$1.class DONE
/com/google/common/collect/ImmutableMultimap$Builder.class starting
/com/google/common/collect/ImmutableMultimap$Builder.class DONE
/com/google/common/base/Converter$IdentityConverter.class starting
/com/google/common/base/Converter$IdentityConverter.class DONE
/org/apache/lucene/util/Sorter.class starting
/org/apache/lucene/util/Sorter.class DONE
/com/google/common/graph/ValueGraph.class starting
/com/google/common/graph/ValueGraph.class DONE
/org/bouncycastle/pqc/jcajce/provider/SPHINCS.class starting
/org/bouncycastle/pqc/jcajce/provider/SPHINCS.class DONE
/org/bouncycastle/jcajce/provider/digest/RIPEMD256$HashMac.class starting
/org/bouncycastle/jcajce/provider/digest/RIPEMD256$HashMac.class DONE
/org/bouncycastle/jcajce/provider/symmetric/DES$Mappings.class starting
/org/bouncycastle/jcajce/provider/symmetric/DES$Mappings.class DONE
/com/google/common/util/concurrent/Monitor$Guard.class starting
/com/google/common/util/concurrent/Monitor$Guard.class DONE
/net/bytebuddy/pool/TypePool$Default$LazyTypeDescription$LazyMethodDescription$LazyParameterizedReceiverType$TypeArgumentList$AnnotatedTypeVariable.class starting
/net/bytebuddy/pool/TypePool$Default$LazyTypeDescription$LazyMethodDescription$LazyParameterizedReceiverType$TypeArgumentList$AnnotatedTypeVariable.class DONE
/net/bytebuddy/build/Plugin$Factory$UsingReflection$Instantiator$Unresolved.class starting
/net/bytebuddy/build/Plugin$Factory$UsingReflection$Instantiator$Unresolved.class DONE
/org/bouncycastle/crypto/generators/ElGamalParametersGenerator.class starting
/org/bouncycastle/crypto/generators/ElGamalParametersGenerator.class DONE
/org/bouncycastle/crypto/digests/ShortenedDigest.class starting
/org/bouncycastle/crypto/digests/ShortenedDigest.class DONE
/net/bytebuddy/matcher/FilterableList.class starting
/net/bytebuddy/matcher/FilterableList.class DONE
/com/google/common/io/BaseEncoding.class starting
/com/google/common/io/BaseEncoding.class DONE
/org/bouncycastle/pqc/crypto/picnic/PicnicEngine.class starting
/org/bouncycastle/pqc/crypto/picnic/PicnicEngine.class DONE
/org/bouncycastle/jcajce/provider/symmetric/PBEPKCS12.class starting
/org/bouncycastle/jcajce/provider/symmetric/PBEPKCS12.class DONE
/net/bytebuddy/agent/builder/package-info.class starting
/net/bytebuddy/agent/builder/package-info.class DONE
/net/bytebuddy/description/modifier/SynchronizationState.class starting
/net/bytebuddy/description/modifier/SynchronizationState.class DONE
/org/bouncycastle/crypto/prng/X931SecureRandom.class starting
/org/apache/lucene/search/ConstantScoreQuery$1$1.class starting
/org/bouncycastle/crypto/prng/X931SecureRandom.class DONE
/org/apache/lucene/search/ConstantScoreQuery$1$1.class DONE
/org/bouncycastle/asn1/x509/NameConstraints.class starting
/org/bouncycastle/asn1/x509/NameConstraints.class DONE
/org/apache/lucene/internal/hppc/IntDoubleHashMap$EntryIterator.class starting
/com/google/common/graph/GraphBuilder.class starting
/org/apache/lucene/internal/hppc/IntDoubleHashMap$EntryIterator.class DONE
/com/google/common/graph/GraphBuilder.class DONE
/com/google/common/util/concurrent/SimpleTimeLimiter$1.class starting
/com/google/common/util/concurrent/SimpleTimeLimiter$1.class DONE
/net/bytebuddy/dynamic/scaffold/TypeWriter$MethodPool$Record$AccessBridgeWrapper.class starting
/net/bytebuddy/dynamic/scaffold/TypeWriter$MethodPool$Record$AccessBridgeWrapper.class DONE
/org/bouncycastle/jcajce/provider/symmetric/Threefish.class starting
/org/bouncycastle/jcajce/provider/symmetric/Threefish.class DONE
/net/bytebuddy/dynamic/ClassFileLocator$ForModuleFile.class starting
/org/apache/lucene/search/ReqOptSumScorer.class starting
/org/apache/lucene/search/ReqOptSumScorer.class DONE
/net/bytebuddy/dynamic/ClassFileLocator$ForModuleFile.class DONE
/com/google/common/util/concurrent/AggregateFutureState.class starting
/com/google/common/util/concurrent/AggregateFutureState.class DONE
/com/google/common/collect/DenseImmutableTable.class starting
/com/google/common/annotations/Beta.class starting
/com/google/common/annotations/Beta.class DONE
/com/google/common/collect/DenseImmutableTable.class DONE
/org/bouncycastle/math/ec/custom/gm/SM2P256V1FieldElement.class starting
/org/bouncycastle/math/ec/custom/gm/SM2P256V1FieldElement.class DONE
/org/bouncycastle/jcajce/provider/digest/GOST3411$Mappings.class starting
/org/bouncycastle/jcajce/provider/digest/GOST3411$Mappings.class DONE
/org/bouncycastle/pqc/jcajce/provider/sphincsplus/SPHINCSPlusKeyPairGeneratorSpi$Shake_256f.class starting
/org/bouncycastle/pqc/jcajce/provider/sphincsplus/SPHINCSPlusKeyPairGeneratorSpi$Shake_256f.class DONE
/org/bouncycastle/jcajce/provider/symmetric/util/BaseStreamCipher.class starting
/org/bouncycastle/jcajce/provider/symmetric/util/BaseStreamCipher.class DONE
/net/bytebuddy/implementation/auxiliary/TypeProxy$1.class starting
/net/bytebuddy/implementation/auxiliary/TypeProxy$1.class DONE
/com/google/common/collect/ImmutableSortedSet$1.class starting
/com/google/common/collect/ImmutableSortedSet$1.class DONE
/net/bytebuddy/pool/TypePool$Default$LazyTypeDescription$AnnotationToken.class starting
/net/bytebuddy/pool/TypePool$Default$LazyTypeDescription$AnnotationToken.class DONE
/org/apache/lucene/index/SingletonSortedSetDocValues.class starting
/org/apache/lucene/index/SingletonSortedSetDocValues.class DONE
/org/bouncycastle/pqc/crypto/crystals/dilithium/DilithiumKeyPairGenerator.class starting
/org/bouncycastle/pqc/crypto/crystals/dilithium/DilithiumKeyPairGenerator.class DONE
/org/bouncycastle/math/ec/rfc8032/Ed25519$PointTemp.class starting
/org/bouncycastle/math/ec/rfc8032/Ed25519$PointTemp.class DONE
/org/bouncycastle/jce/provider/RFC3280CertPathUtilities.class starting
/org/bouncycastle/jce/provider/RFC3280CertPathUtilities.class DONE
/net/bytebuddy/build/Plugin$Engine$Listener$StreamWriting.class starting
/net/bytebuddy/build/Plugin$Engine$Listener$StreamWriting.class DONE
/org/bouncycastle/crypto/macs/DSTU7564Mac.class starting
/org/bouncycastle/crypto/macs/DSTU7564Mac.class DONE
/org/bouncycastle/jcajce/provider/asymmetric/ec/KeyPairGeneratorSpi.class starting
/org/bouncycastle/jcajce/provider/asymmetric/ec/KeyPairGeneratorSpi.class DONE
/org/bouncycastle/jcajce/provider/asymmetric/dh/KeyAgreementSpi$DHwithSHA384CKDF.class starting
/net/bytebuddy/implementation/MethodCall$MethodInvoker.class starting
/net/bytebuddy/implementation/MethodCall$MethodInvoker.class DONE
/net/bytebuddy/ByteBuddy$RecordConstructorStrategy.class starting
/net/bytebuddy/ByteBuddy$RecordConstructorStrategy.class DONE
/org/bouncycastle/jcajce/provider/asymmetric/x509/X509CRLInternal.class starting
/org/bouncycastle/jcajce/provider/asymmetric/x509/X509CRLInternal.class DONE
/org/bouncycastle/jcajce/provider/asymmetric/rsa/DigestSignatureSpi$SHA3_384.class starting
/org/bouncycastle/jcajce/provider/asymmetric/rsa/DigestSignatureSpi$SHA3_384.class DONE
/com/google/common/collect/RegularImmutableMap$Values.class starting
/com/google/common/collect/RegularImmutableMap$Values.class DONE
/org/apache/lucene/index/MultiDocValues$1.class starting
/org/apache/lucene/index/MultiDocValues$1.class DONE
/net/bytebuddy/asm/MemberSubstitution$TypePoolResolver$OfImplicitPool.class starting
/net/bytebuddy/asm/MemberSubstitution$TypePoolResolver$OfImplicitPool.class DONE
/net/bytebuddy/description/type/TypeDescription$Generic$AnnotationReader$Delegator$ForLoadedTypeVariable.class starting
/net/bytebuddy/description/type/TypeDescription$Generic$AnnotationReader$Delegator$ForLoadedTypeVariable.class DONE
/org/bouncycastle/crypto/CipherKeyGenerator.class starting
/org/bouncycastle/crypto/CipherKeyGenerator.class DONE
/org/apache/lucene/codecs/lucene99/Lucene99HnswVectorsWriter$2.class starting
/org/apache/lucene/codecs/lucene99/Lucene99HnswVectorsWriter$2.class DONE
/org/bouncycastle/jcajce/provider/symmetric/DSTU7624$GCM128.class starting
/org/bouncycastle/jcajce/provider/symmetric/DSTU7624$GCM128.class DONE
/org/apache/lucene/util/AttributeImpl.class starting
/org/apache/lucene/util/AttributeImpl.class DONE
/org/apache/lucene/codecs/lucene90/Lucene90DocValuesProducer$17.class starting
/org/apache/lucene/codecs/lucene90/Lucene90DocValuesProducer$17.class DONE
/org/apache/lucene/search/comparators/NumericComparator$NumericLeafComparator.class starting
/org/apache/lucene/search/comparators/NumericComparator$NumericLeafComparator.class DONE
/org/apache/lucene/util/packed/PackedWriter.class starting
/org/apache/lucene/util/packed/PackedWriter.class DONE
/com/google/common/primitives/Shorts$ShortConverter.class starting
/com/google/common/primitives/Shorts$ShortConverter.class DONE
/org/bouncycastle/pqc/crypto/hqc/HQCKEMExtractor.class starting
/org/bouncycastle/pqc/crypto/hqc/HQCKEMExtractor.class DONE
/org/apache/lucene/codecs/hnsw/DefaultFlatVectorScorer$ByteScoringSupplier$1.class starting
/org/apache/lucene/codecs/hnsw/DefaultFlatVectorScorer$ByteScoringSupplier$1.class DONE
/net/bytebuddy/implementation/attribute/AnnotationValueFilter$Factory.class starting
/net/bytebuddy/implementation/attribute/AnnotationValueFilter$Factory.class DONE
/org/bouncycastle/jcajce/provider/asymmetric/dh/KeyAgreementSpi$DHwithSHA384CKDF.class DONE
/org/apache/lucene/analysis/tokenattributes/TermToBytesRefAttribute.class starting
/org/apache/lucene/analysis/tokenattributes/TermToBytesRefAttribute.class DONE
/org/bouncycastle/crypto/StagedAgreement.class starting
/org/bouncycastle/crypto/params/NaccacheSternKeyGenerationParameters.class starting
/org/bouncycastle/crypto/StagedAgreement.class DONE
/org/bouncycastle/crypto/params/NaccacheSternKeyGenerationParameters.class DONE
/org/apache/lucene/index/IndexWriter$DocModifier.class starting
/org/apache/lucene/util/bkd/OfflinePointWriter.class starting
/org/apache/lucene/index/IndexWriter$DocModifier.class DONE
/org/apache/lucene/util/bkd/OfflinePointWriter.class DONE
/org/bouncycastle/jce/provider/AnnotatedException.class starting
/org/bouncycastle/jce/provider/AnnotatedException.class DONE
/org/apache/lucene/util/packed/DirectReader$DirectPackedReader32.class starting
/org/apache/lucene/util/packed/DirectReader$DirectPackedReader32.class DONE
/org/bouncycastle/jcajce/provider/symmetric/Rijndael.class starting
/org/bouncycastle/jcajce/provider/symmetric/Rijndael.class DONE
/net/bytebuddy/description/annotation/AnnotationValue$Loaded$AbstractBase$ForUnresolvedProperty.class starting
/net/bytebuddy/description/annotation/AnnotationValue$Loaded$AbstractBase$ForUnresolvedProperty.class DONE
/org/apache/lucene/util/DocIdSetBuilder$BulkAdder.class starting
/org/apache/lucene/util/DocIdSetBuilder$BulkAdder.class DONE
/org/bouncycastle/pqc/jcajce/provider/picnic/BCPicnicPublicKey.class starting
/org/bouncycastle/pqc/jcajce/provider/picnic/BCPicnicPublicKey.class DONE
/com/google/common/collect/HashMultimap.class starting
/com/google/common/collect/HashMultimap.class DONE
/org/bouncycastle/crypto/params/DHParameters.class starting
/org/bouncycastle/crypto/params/DHParameters.class DONE
/net/bytebuddy/agent/builder/AgentBuilder$InstallationListener$Compound.class starting
/net/bytebuddy/agent/builder/AgentBuilder$InstallationListener$Compound.class DONE
/net/bytebuddy/dynamic/scaffold/subclass/SubclassImplementationTarget$OriginTypeResolver$1.class starting
/net/bytebuddy/dynamic/scaffold/subclass/SubclassImplementationTarget$OriginTypeResolver$1.class DONE
/com/google/common/collect/SortedLists$KeyAbsentBehavior$2.class starting
/com/google/common/collect/SortedLists$KeyAbsentBehavior$2.class DONE
/org/bouncycastle/jcajce/provider/symmetric/Shacal2$AlgParams.class starting
/org/bouncycastle/jcajce/provider/symmetric/Shacal2$AlgParams.class DONE
/org/apache/lucene/search/SortedNumericSortField$5.class starting
/org/apache/lucene/search/SortedNumericSortField$5.class DONE
/org/bouncycastle/crypto/util/DEROtherInfo$1.class starting
/org/bouncycastle/crypto/util/DEROtherInfo$1.class DONE
/com/google/common/collect/Streams$DoubleFunctionWithIndex.class starting
/com/google/common/collect/Streams$DoubleFunctionWithIndex.class DONE
/net/bytebuddy/agent/builder/AgentBuilder$Default$NativeMethodStrategy$ForPrefix.class starting
/net/bytebuddy/agent/builder/AgentBuilder$Default$NativeMethodStrategy$ForPrefix.class DONE
/net/bytebuddy/implementation/MethodDelegation.class starting
/net/bytebuddy/implementation/MethodDelegation.class DONE
/net/bytebuddy/implementation/FieldAccessor$FieldLocation.class starting
/net/bytebuddy/implementation/FieldAccessor$FieldLocation.class DONE
/org/bouncycastle/jcajce/provider/asymmetric/ecgost12/KeyAgreementSpi$ECVKO512.class starting
/org/bouncycastle/jcajce/provider/asymmetric/ecgost12/KeyAgreementSpi$ECVKO512.class DONE
/org/bouncycastle/jcajce/provider/asymmetric/edec/KeyPairGeneratorSpi$X448.class starting
/org/bouncycastle/jcajce/provider/asymmetric/edec/KeyPairGeneratorSpi$X448.class DONE
/net/bytebuddy/dynamic/loading/PackageDefinitionStrategy$ManifestReading.class starting
/net/bytebuddy/dynamic/loading/PackageDefinitionStrategy$ManifestReading.class DONE
/org/bouncycastle/asn1/LazyEncodedSequence.class starting
/org/bouncycastle/asn1/LazyEncodedSequence.class DONE
/org/bouncycastle/pqc/crypto/sphincs/SPHINCS256KeyGenerationParameters.class starting
/org/bouncycastle/pqc/crypto/sphincs/SPHINCS256KeyGenerationParameters.class DONE
/net/bytebuddy/description/annotation/AnnotationDescription.class starting
/net/bytebuddy/description/annotation/AnnotationDescription.class DONE
/org/bouncycastle/asn1/BEROctetStringParser.class starting
/org/bouncycastle/asn1/BEROctetStringParser.class DONE
/net/bytebuddy/dynamic/scaffold/TypeWriter$Default$ClassDumpAction$Dispatcher$Enabled.class starting
/net/bytebuddy/dynamic/scaffold/TypeWriter$Default$ClassDumpAction$Dispatcher$Enabled.class DONE
/org/bouncycastle/pqc/jcajce/interfaces/NHPublicKey.class starting
/org/bouncycastle/pqc/jcajce/interfaces/NHPublicKey.class DONE
/com/google/common/collect/JdkBackedImmutableMap.class starting
/com/google/common/collect/JdkBackedImmutableMap.class DONE
/org/bouncycastle/crypto/ec/ECDecryptor.class starting
/org/bouncycastle/crypto/ec/ECDecryptor.class DONE
/com/google/common/collect/MapMakerInternalMap$EntrySet.class starting
/com/google/common/collect/MapMakerInternalMap$EntrySet.class DONE
/org/bouncycastle/math/ec/ECCurve$Config.class starting
/org/bouncycastle/math/ec/ECCurve$Config.class DONE
/org/apache/lucene/util/mutable/MutableValueDate.class starting
/org/apache/lucene/util/mutable/MutableValueDate.class DONE
/com/google/common/collect/TransformedListIterator.class starting
/com/google/common/collect/TransformedListIterator.class DONE
/com/google/common/base/Utf8.class starting
/com/google/common/base/Utf8.class DONE
/org/apache/lucene/analysis/CharArrayMap.class starting
/org/apache/lucene/analysis/CharArrayMap.class DONE
/net/bytebuddy/description/method/MethodList$Explicit.class starting
/net/bytebuddy/description/method/MethodList$Explicit.class DONE
/org/bouncycastle/crypto/digests/AsconXof$1.class starting
/org/bouncycastle/crypto/digests/AsconXof$1.class DONE
/net/bytebuddy/matcher/TypeSortMatcher.class starting
/net/bytebuddy/matcher/TypeSortMatcher.class DONE
/org/apache/lucene/search/NamedMatches$NamedQuery.class starting
/org/apache/lucene/search/NamedMatches$NamedQuery.class DONE
/net/bytebuddy/description/type/TypeDescription$Latent.class starting
/net/bytebuddy/description/type/TypeDescription$Latent.class DONE
/net/bytebuddy/utility/FileSystem$ForNio2CapableVm$StandardCopyOption.class starting
/net/bytebuddy/utility/FileSystem$ForNio2CapableVm$StandardCopyOption.class DONE
/org/bouncycastle/math/ec/custom/sec/SecT239K1Curve.class starting
/org/bouncycastle/math/ec/custom/sec/SecT239K1Curve.class DONE
/org/bouncycastle/crypto/engines/GOST3412_2015Engine.class starting
/org/bouncycastle/crypto/engines/GOST3412_2015Engine.class DONE
/org/apache/lucene/index/PointValues$IntersectVisitor.class starting
/org/apache/lucene/index/PointValues$IntersectVisitor.class DONE
/net/bytebuddy/implementation/InvokeDynamic$WithImplicitArguments.class starting
/net/bytebuddy/implementation/InvokeDynamic$WithImplicitArguments.class DONE
/org/bouncycastle/pqc/jcajce/provider/mceliece/BCMcEliecePrivateKey.class starting
/org/bouncycastle/pqc/jcajce/provider/mceliece/BCMcEliecePrivateKey.class DONE
/org/bouncycastle/util/encoders/HexTranslator.class starting
/org/bouncycastle/util/encoders/HexTranslator.class DONE
/com/google/common/collect/ForwardingConcurrentMap.class starting
/com/google/common/collect/ForwardingConcurrentMap.class DONE
/com/google/common/util/concurrent/ForwardingCheckedFuture$SimpleForwardingCheckedFuture.class starting
/com/google/common/util/concurrent/ForwardingCheckedFuture$SimpleForwardingCheckedFuture.class DONE
/org/bouncycastle/jcajce/provider/keystore/pkcs12/PKCS12KeyStoreSpi$1.class starting
/org/bouncycastle/jcajce/provider/keystore/pkcs12/PKCS12KeyStoreSpi$1.class DONE
/org/bouncycastle/jcajce/provider/asymmetric/compositesignatures/KeyPairGeneratorSpi$MLDSA65_ECDSA_brainpoolP256r1_SHA512.class starting
/org/bouncycastle/jcajce/provider/asymmetric/compositesignatures/KeyPairGeneratorSpi$MLDSA65_ECDSA_brainpoolP256r1_SHA512.class DONE
/com/google/common/reflect/TypeToken$Bounds.class starting
/com/google/common/reflect/TypeToken$Bounds.class DONE
/org/apache/lucene/store/IndexInput$1.class starting
/org/apache/lucene/store/IndexInput$1.class DONE
/net/bytebuddy/dynamic/loading/ClassInjector$UsingReflection$Dispatcher$Initializable.class starting
/net/bytebuddy/dynamic/loading/ClassInjector$UsingReflection$Dispatcher$Initializable.class DONE
/org/bouncycastle/pqc/jcajce/provider/falcon/SignatureSpi$Base.class starting
/org/bouncycastle/pqc/jcajce/provider/falcon/SignatureSpi$Base.class DONE
/org/apache/lucene/util/ModuleResourceLoader.class starting
/org/apache/lucene/util/ModuleResourceLoader.class DONE
/org/apache/lucene/index/FreqProxFields$FreqProxTermsEnum$1.class starting
/org/apache/lucene/index/FreqProxFields$FreqProxTermsEnum$1.class DONE
/net/bytebuddy/implementation/HashCodeMethod$ValueTransformer$7.class starting
/net/bytebuddy/implementation/HashCodeMethod$ValueTransformer$7.class DONE
/com/google/common/collect/MultimapBuilder$2.class starting
/com/google/common/collect/MultimapBuilder$2.class DONE
/com/google/common/base/Platform.class starting
/com/google/common/base/Platform.class DONE
/org/bouncycastle/jcajce/provider/asymmetric/rsa/PSSSignatureSpi$SHA512withRSA.class starting
/org/bouncycastle/jcajce/provider/digest/Whirlpool$KeyGenerator.class starting
/org/bouncycastle/jcajce/provider/digest/Whirlpool$KeyGenerator.class DONE
/com/google/common/net/HttpHeaders.class starting
/com/google/common/net/HttpHeaders.class DONE
/org/bouncycastle/pqc/crypto/falcon/FalconSmallPrime.class starting
/org/bouncycastle/pqc/crypto/falcon/FalconSmallPrime.class DONE
/net/bytebuddy/implementation/bind/annotation/Morph$Binder$RedirectionProxy$InstanceFieldConstructor$Appender.class starting
/net/bytebuddy/implementation/bind/annotation/Morph$Binder$RedirectionProxy$InstanceFieldConstructor$Appender.class DONE
/net/bytebuddy/implementation/InvocationHandlerAdapter.class starting
/net/bytebuddy/implementation/InvocationHandlerAdapter.class DONE
/org/bouncycastle/crypto/modes/NISTCTSBlockCipher.class starting
/org/bouncycastle/crypto/modes/NISTCTSBlockCipher.class DONE
/org/bouncycastle/jcajce/provider/digest/Skein$HMacKeyGenerator_512_384.class starting
/org/bouncycastle/jcajce/provider/digest/Skein$HMacKeyGenerator_512_384.class DONE
/org/bouncycastle/pqc/legacy/crypto/mceliece/McEliecePrivateKeyParameters.class starting
/org/bouncycastle/pqc/legacy/crypto/mceliece/McEliecePrivateKeyParameters.class DONE
/org/bouncycastle/x509/X509CRLStoreSelector.class starting
/org/bouncycastle/jcajce/provider/asymmetric/rsa/PSSSignatureSpi$SHA512withRSA.class DONE
/org/apache/lucene/util/fst/Util$FSTPath.class starting
/org/apache/lucene/util/fst/Util$FSTPath.class DONE
/org/apache/lucene/search/LongValuesSource$LongValuesComparatorSource.class starting
/org/apache/lucene/search/LongValuesSource$LongValuesComparatorSource.class DONE
/net/bytebuddy/description/type/TypeDescription$Generic$OfParameterizedType$Latent.class starting
/net/bytebuddy/description/type/TypeDescription$Generic$OfParameterizedType$Latent.class DONE
/org/bouncycastle/pqc/crypto/util/PublicKeyFactory$LMSConverter.class starting
/org/bouncycastle/pqc/crypto/util/PublicKeyFactory$LMSConverter.class DONE
/org/bouncycastle/crypto/util/SSHNamedCurves$3.class starting
/org/bouncycastle/crypto/util/SSHNamedCurves$3.class DONE
/com/google/common/io/LineProcessor.class starting
/com/google/common/io/LineProcessor.class DONE
/org/bouncycastle/pqc/legacy/math/linearalgebra/GF2Matrix.class starting
/org/bouncycastle/pqc/legacy/math/linearalgebra/GF2Matrix.class DONE
/com/google/common/cache/LongAddables.class starting
/com/google/common/cache/LongAddables.class DONE
/org/bouncycastle/jcajce/provider/symmetric/CAST5$CBC.class starting
/org/bouncycastle/jcajce/provider/symmetric/CAST5$CBC.class DONE
/org/bouncycastle/jcajce/provider/symmetric/HC128$KeyGen.class starting
/org/bouncycastle/jcajce/provider/symmetric/HC128$KeyGen.class DONE
/org/bouncycastle/pqc/crypto/xmss/XMSSMTPrivateKeyParameters$Builder.class starting
/org/bouncycastle/pqc/crypto/xmss/XMSSMTPrivateKeyParameters$Builder.class DONE
/org/bouncycastle/jcajce/provider/asymmetric/ec/KeyAgreementSpi$DHUwithSHA224KDF.class starting
/org/bouncycastle/jcajce/provider/asymmetric/ec/KeyAgreementSpi$DHUwithSHA224KDF.class DONE
/org/apache/lucene/document/FloatPoint$2.class starting
/org/apache/lucene/document/FloatPoint$2.class DONE
/org/apache/lucene/index/SortedNumericDocValuesWriter.class starting
/org/apache/lucene/index/SortedNumericDocValuesWriter.class DONE
/org/bouncycastle/pqc/math/ntru/parameters/NTRUHPS2048509.class starting
/org/bouncycastle/pqc/math/ntru/parameters/NTRUHPS2048509.class DONE
/net/bytebuddy/implementation/bytecode/ByteCodeAppender$Compound.class starting
/net/bytebuddy/implementation/bytecode/ByteCodeAppender$Compound.class DONE
/com/google/common/collect/Maps$AsMapView$1EntrySetImpl.class starting
/com/google/common/collect/Maps$AsMapView$1EntrySetImpl.class DONE
/org/apache/lucene/search/TopDocsCollector.class starting
/org/apache/lucene/search/TopDocsCollector.class DONE
/net/bytebuddy/asm/Advice$Dispatcher$Resolved$AbstractBase.class starting
/net/bytebuddy/asm/Advice$Dispatcher$Resolved$AbstractBase.class DONE
/org/bouncycastle/jcajce/provider/asymmetric/ec/BCECPrivateKey.class starting
/org/bouncycastle/x509/X509CRLStoreSelector.class DONE
/org/bouncycastle/math/ec/custom/sec/SecP384R1FieldElement.class starting
/org/bouncycastle/math/ec/custom/sec/SecP384R1FieldElement.class DONE
/org/bouncycastle/crypto/engines/SparkleEngine$1.class starting
/org/bouncycastle/crypto/engines/SparkleEngine$1.class DONE
/org/bouncycastle/asn1/sec/SECNamedCurves$17.class starting
/org/bouncycastle/asn1/sec/SECNamedCurves$17.class DONE
/com/google/common/collect/AbstractMapBasedMultiset$2$1.class starting
/com/google/common/collect/AbstractMapBasedMultiset$2$1.class DONE
/net/bytebuddy/asm/Advice$OffsetMapping.class starting
/net/bytebuddy/asm/Advice$OffsetMapping.class DONE
/org/bouncycastle/asn1/ASN1ObjectDescriptor$1.class starting
/org/bouncycastle/asn1/ASN1ObjectDescriptor$1.class DONE
/net/bytebuddy/implementation/bind/annotation/AllArguments.class starting
/net/bytebuddy/implementation/bind/annotation/AllArguments.class DONE
/com/google/common/cache/LocalCache$EntryFactory$2.class starting
/com/google/common/cache/LocalCache$EntryFactory$2.class DONE
/org/apache/lucene/search/ImpactsDISI.class starting
/org/apache/lucene/search/ImpactsDISI.class DONE
/net/bytebuddy/build/EntryPoint$Default.class starting
/net/bytebuddy/build/EntryPoint$Default.class DONE
/org/apache/lucene/search/similarities/MultiSimilarity.class starting
/org/apache/lucene/search/similarities/MultiSimilarity.class DONE
/org/apache/lucene/document/LatLonPointDistanceQuery.class starting
/org/apache/lucene/document/LatLonPointDistanceQuery.class DONE
/com/google/common/util/concurrent/AbstractFuture$Listener.class starting
/com/google/common/util/concurrent/AbstractFuture$Listener.class DONE
/net/bytebuddy/dynamic/VisibilityBridgeStrategy$Default$2.class starting
/net/bytebuddy/dynamic/VisibilityBridgeStrategy$Default$2.class DONE
/org/apache/lucene/index/TermVectorsConsumerPerField$TermVectorsPostingsArray.class starting
/org/apache/lucene/index/TermVectorsConsumerPerField$TermVectorsPostingsArray.class DONE
/org/apache/lucene/internal/hppc/LongIntHashMap$LongIntCursor.class starting
/org/apache/lucene/internal/hppc/LongIntHashMap$LongIntCursor.class DONE
/org/apache/lucene/codecs/lucene90/Lucene90PointsFormat.class starting
/org/apache/lucene/codecs/lucene90/Lucene90PointsFormat.class DONE
/org/apache/lucene/util/automaton/MinimizationOperations$IntPair.class starting
/org/apache/lucene/util/automaton/MinimizationOperations$IntPair.class DONE
/com/google/common/hash/Hashing.class starting
/com/google/common/hash/Hashing.class DONE
/org/bouncycastle/jcajce/spec/SkeinParameterSpec.class starting
/org/bouncycastle/jcajce/spec/SkeinParameterSpec.class DONE
/net/bytebuddy/agent/builder/AgentBuilder$RedefinitionStrategy$Listener$Adapter.class starting
/net/bytebuddy/agent/builder/AgentBuilder$RedefinitionStrategy$Listener$Adapter.class DONE
/net/bytebuddy/jar/asm/RecordComponentWriter.class starting
/net/bytebuddy/jar/asm/RecordComponentWriter.class DONE
/com/google/common/collect/Multisets$4.class starting
/com/google/common/collect/Multisets$4.class DONE
/org/apache/lucene/index/BaseTermsEnum$1.class starting
/org/apache/lucene/index/BaseTermsEnum$1.class DONE
/net/bytebuddy/utility/dispatcher/JavaDispatcher$Dispatcher.class starting
/net/bytebuddy/utility/dispatcher/JavaDispatcher$Dispatcher.class DONE
/org/bouncycastle/asn1/ocsp/OCSPRequest.class starting
/org/bouncycastle/asn1/ocsp/OCSPRequest.class DONE
/org/apache/lucene/codecs/KnnVectorsWriter$ByteVectorValuesSub.class starting
/org/apache/lucene/codecs/KnnVectorsWriter$ByteVectorValuesSub.class DONE
/net/bytebuddy/asm/ClassVisitorFactory$FrameTranslator.class starting
/net/bytebuddy/asm/ClassVisitorFactory$FrameTranslator.class DONE
/com/google/common/collect/TreeTraverser.class starting
/com/google/common/collect/TreeTraverser.class DONE
/org/bouncycastle/jcajce/provider/asymmetric/CompositeSignatures.class starting
/org/bouncycastle/jcajce/provider/asymmetric/CompositeSignatures.class DONE
/org/bouncycastle/jcajce/BCFKSLoadStoreParameter$SignatureAlgorithm.class starting
/org/bouncycastle/jcajce/BCFKSLoadStoreParameter$SignatureAlgorithm.class DONE
/com/google/common/graph/AbstractBaseGraph$1.class starting
/com/google/common/graph/AbstractBaseGraph$1.class DONE
/net/bytebuddy/implementation/bytecode/member/FieldAccess$AccessDispatcher$FieldPutInstruction.class starting
/net/bytebuddy/implementation/bytecode/member/FieldAccess$AccessDispatcher$FieldPutInstruction.class DONE
/org/apache/lucene/index/ConcurrentMergeScheduler.class starting
/org/apache/lucene/index/ConcurrentMergeScheduler.class DONE
/org/bouncycastle/pqc/asn1/PQCObjectIdentifiers.class starting
/org/bouncycastle/pqc/asn1/PQCObjectIdentifiers.class DONE
/org/bouncycastle/jcajce/provider/digest/SHA3$Mappings.class starting
/org/bouncycastle/jcajce/provider/digest/SHA3$Mappings.class DONE
/com/google/common/collect/CollectSpliterators.class starting
/com/google/common/collect/CollectSpliterators.class DONE
/net/bytebuddy/agent/builder/AgentBuilder$PoolStrategy$Default.class starting
/net/bytebuddy/agent/builder/AgentBuilder$PoolStrategy$Default.class DONE
/net/bytebuddy/asm/Advice$AssignReturned$ToReturned$Handler.class starting
/net/bytebuddy/asm/Advice$AssignReturned$ToReturned$Handler.class DONE
/org/bouncycastle/jce/provider/RFC3280CertPathUtilities.class starting
/org/bouncycastle/jcajce/provider/asymmetric/rsa/PSSSignatureSpi$SHA512withRSA.class starting
/org/bouncycastle/jcajce/provider/asymmetric/rsa/PSSSignatureSpi$SHA512withRSA.class DONE
/org/apache/lucene/document/XYShapeDocValues.class starting
/org/bouncycastle/pqc/crypto/xmss/XMSSMTPrivateKeyParameters$Builder.class starting
/org/apache/lucene/document/XYShapeDocValues.class DONE
/org/bouncycastle/pqc/crypto/xmss/XMSSMTPrivateKeyParameters$Builder.class DONE
/org/bouncycastle/math/ec/custom/gm/SM2P256V1FieldElement.class starting
/org/bouncycastle/math/ec/custom/gm/SM2P256V1FieldElement.class DONE
/org/bouncycastle/jce/provider/RFC3280CertPathUtilities.class DONE
/org/bouncycastle/jcajce/provider/asymmetric/ec/BCECPrivateKey.class DONE
/org/apache/lucene/document/LatLonPointDistanceQuery.class starting
/org/apache/lucene/codecs/lucene90/Lucene90PointsFormat.class starting
/org/apache/lucene/document/LatLonPointDistanceQuery.class DONE
/org/apache/lucene/codecs/lucene90/Lucene90PointsFormat.class DONE
/org/bouncycastle/pqc/crypto/xmss/XMSSMTPrivateKeyParameters$Builder.class starting
/org/bouncycastle/math/ec/custom/gm/SM2P256V1FieldElement.class starting
/org/apache/lucene/document/XYShapeDocValues.class starting
/org/bouncycastle/pqc/crypto/xmss/XMSSMTPrivateKeyParameters$Builder.class DONE
/org/bouncycastle/math/ec/custom/sec/SecP384R1FieldElement.class starting
/org/apache/lucene/document/XYShapeDocValues.class DONE
/org/bouncycastle/math/ec/custom/sec/SecP384R1FieldElement.class DONE
/org/bouncycastle/math/ec/custom/gm/SM2P256V1FieldElement.class DONE
Could not read file /com/google/common/collect/DenseImmutableTable.class
Could not read file /org/apache/lucene/document/ShapeDocValues.class
Could not read file /org/apache/lucene/index/MergeRateLimiter.class
*****
{
  "olly": {
    "version": 2,
    "wall_time": 154.94,
    "cpu_time": 2005.79,
    "gc_time": 134.91,
    "gc_overhead": 6.73,
    "max_rss_kb": 3953484,
    "domain_stats": {
      "0": {
        "wall_time": 154.94,
        "gc_time": 0.9,
        "gc_overhead": 0.58
      },
      "1": {
        "wall_time": 154.25,
        "gc_time": 10.06,
        "gc_overhead": 6.52
      },
      "2": {
        "wall_time": 154.21,
        "gc_time": 10.44,
        "gc_overhead": 6.77
      },
      "3": {
        "wall_time": 154.25,
        "gc_time": 10.11,
        "gc_overhead": 6.55
      },
      "4": {
        "wall_time": 154.26,
        "gc_time": 10.92,
        "gc_overhead": 7.08
      },
      "5": {
        "wall_time": 154.26,
        "gc_time": 14.5,
        "gc_overhead": 9.4
      },
      "6": {
        "wall_time": 154.23,
        "gc_time": 9.04,
        "gc_overhead": 5.86
      },
      "7": {
        "wall_time": 154.24,
        "gc_time": 9.38,
        "gc_overhead": 6.08
      },
      "8": {
        "wall_time": 154.25,
        "gc_time": 13.09,
        "gc_overhead": 8.48
      },
      "9": {
        "wall_time": 154.23,
        "gc_time": 8.78,
        "gc_overhead": 5.69
      },
      "10": {
        "wall_time": 154.24,
        "gc_time": 17.56,
        "gc_overhead": 11.38
      },
      "11": {
        "wall_time": 154.2,
        "gc_time": 10.24,
        "gc_overhead": 6.64
      },
      "12": {
        "wall_time": 154.23,
        "gc_time": 9.9,
        "gc_overhead": 6.42
      }
    },
    "mean_latency": 5.005549,
    "stddev_latency": 9.131525,
    "min_latency": 0.0,
    "max_latency": 191.102975,
    "distr_latency": {
      "25.0000": 0.001383,
      "50.0000": 0.002351,
      "60.0000": 0.003663,
      "70.0000": 3.084287,
      "75.0000": 6.672383,
      "80.0000": 12.386303,
      "85.0000": 16.064511,
      "90.0000": 19.480575,
      "95.0000": 24.018943,
      "96.0000": 25.362431,
      "97.0000": 26.984447,
      "98.0000": 29.065215,
      "99.0000": 32.980991,
      "99.9000": 53.968895,
      "99.9900": 138.805247,
      "99.9990": 191.102975,
      "99.9999": 191.102975,
      "100.0000": 191.102975
    },
    "outliers": {
      "count": 0,
      "mean_latency": 0.0,
      "max_latency": 0.0
    },
    "allocations": {
      "total_heap": 53810855809,
      "minor_heap": 53974352981,
      "major_heap": 478580497,
      "promoted_words": 642077669,
      "promoted_pct": 1.19
    },
    "domain_alloc_stats": {
      "0": {
        "total": 29358990,
        "minor": 11062241,
        "promoted": 7096793,
        "major": 25393542,
        "promoted_pct": 64.15
      },
      "1": {
        "total": 2940484205,
        "minor": 2952264472,
        "promoted": 41043666,
        "major": 29263399,
        "promoted_pct": 1.39
      },
      "2": {
        "total": 3126641929,
        "minor": 3139620381,
        "promoted": 50868890,
        "major": 37890438,
        "promoted_pct": 1.62
      },
      "3": {
        "total": 2970463111,
        "minor": 2980016474,
        "promoted": 41615917,
        "major": 32062554,
        "promoted_pct": 1.4
      },
      "4": {
        "total": 3809511954,
        "minor": 3832307820,
        "promoted": 57354702,
        "major": 34558836,
        "promoted_pct": 1.5
      },
      "5": {
        "total": 9076280917,
        "minor": 9083111629,
        "promoted": 49680912,
        "major": 42850200,
        "promoted_pct": 0.55
      },
      "6": {
        "total": 2689866722,
        "minor": 2697454617,
        "promoted": 39913634,
        "major": 32325739,
        "promoted_pct": 1.48
      },
      "7": {
        "total": 2915914309,
        "minor": 2933459048,
        "promoted": 46219013,
        "major": 28674274,
        "promoted_pct": 1.58
      },
      "8": {
        "total": 6488005393,
        "minor": 6506312537,
        "promoted": 76081473,
        "major": 57774329,
        "promoted_pct": 1.17
      },
      "9": {
        "total": 2762752206,
        "minor": 2774499174,
        "promoted": 40648262,
        "major": 28901294,
        "promoted_pct": 1.47
      },
      "10": {
        "total": 10313584380,
        "minor": 10349468699,
        "promoted": 99742695,
        "major": 63858376,
        "promoted_pct": 0.96
      },
      "11": {
        "total": 3434678166,
        "minor": 3450071458,
        "promoted": 50204520,
        "major": 34811228,
        "promoted_pct": 1.46
      },
      "12": {
        "total": 3253313527,
        "minor": 3264704431,
        "promoted": 41607192,
        "major": 30216288,
        "promoted_pct": 1.27
      }
    },
    "collections": {
      "minor": 1456,
      "major": 29,
      "forced_major": 0,
      "compactions": 0
    },
    "stats_reliable": true
  },
  "perf": [
    {
      "counter-value": "303751.295766",
      "unit": "msec",
      "event": "task-clock",
      "event-runtime": 303751295766,
      "pcnt-running": 100.0,
      "metric-value": "1.956934",
      "metric-unit": "CPUs utilized"
    },
    {
      "counter-value": "961809.000000",
      "unit": "",
      "event": "page-faults",
      "event-runtime": 303751291659,
      "pcnt-running": 100.0,
      "metric-value": "3.166436",
      "metric-unit": "K/sec"
    },
    {
      "counter-value": "999973180071.000000",
      "unit": "",
      "event": "cycles",
      "event-runtime": 303751289171,
      "pcnt-running": 100.0,
      "metric-value": "3.292079",
      "metric-unit": "GHz"
    },
    {
      "counter-value": "1254674955452.000000",
      "unit": "",
      "event": "instructions",
      "event-runtime": 303751282980,
      "pcnt-running": 100.0,
      "metric-value": "1.254709",
      "metric-unit": "insn per cycle"
    }
  ]
}
-----
mkdir -p PLOTTY_WORKAROUND; timedrun; OCAMLRUNPARAM="s=524288,o=80,e=18,d=128" /home/udesou/.bench-agent/git/macro-benches/benchmarks/infer/infer_default-ocaml-5.5.0-f523850-fp
running-ng v0.3.8
Wed Sep  9 09:07:18 AM UTC 2026

 09:07:18 up 2 days,  9:01,  2 users,  load average: 8.36, 8.66, 8.66
USER     TTY      FROM             LOGIN@   IDLE   JCPU   PCPU  WHAT

procs -----------memory---------- ---swap-- -----io---- -system-- -------cpu-------
 r  b   swpd   free   buff  cache   si   so    bi    bo   in   cs us sy id wa st gu
 0  1      0 43650584 4097196 17090568    0    0    43   513 2125    3 12  0 76 11  0  0
 0  1      0 43651916 4097196 17090364    0    0     0     0 1682 3021  0  0 88 12  0  0

top - 09:07:19 up 2 days,  9:01,  2 users,  load average: 8.36, 8.66, 8.66
Tasks: 276 total,   1 running, 275 sleeping,   0 stopped,   0 zombie
%Cpu(s):  0.0 us,  0.0 sy,  0.0 ni, 88.2 id, 11.8 wa,  0.0 hi,  0.0 si,  0.0 st 
MiB Mem :  64272.5 total,  42629.1 free,   1676.2 used,  20691.0 buff/cache     
MiB Swap:   8192.0 total,   8192.0 free,      0.0 used.  62596.2 avail Mem 

    PID USER      PR  NI    VIRT    RES    SHR S  %CPU  %MEM     TIME+ COMMAND
 230320 udesou    20   0   11908   5712   3560 R   9.1   0.0   0:00.01 top -bcn 1 -w512
      1 root      20   0   22724  14128   9580 S   0.0   0.0   1:32.89 /sbin/init
      2 root      20   0       0      0      0 S   0.0   0.0   0:00.02 [kthreadd]
      3 root      20   0       0      0      0 S   0.0   0.0   0:00.00 [pool_workqueue_release]
      4 root       0 -20       0      0      0 I   0.0   0.0   0:00.00 [kworker/R-rcu_g]

Environment variables: 
	CONFIG_FILE=/home/udesou/.bench-agent/work/run-20260907-001-e1/run-20260907-001.yml
	HOME=/home/udesou
	LANG=en_US.UTF-8
	LOGNAME=udesou
	LOG_DIR=/home/udesou/.bench-agent/logs
	OLLY_DIR=/home/udesou/.bench-agent/git/olly
	PATH=/usr/local/bin:/home/udesou/.bench-agent/git/olly/_build/install/default/bin:/home/udesou/ocaml-bench-service/_opam/bin:/home/udesou/.vscode-server/data/User/globalStorage/github.copilot-chat/debugCommand:/home/udesou/.vscode-server/data/User/globalStorage/github.copilot-chat/copilotCli:/home/udesou/.vscode-server/cli/servers/Stable-08d4889f9ec4a1685d257b9b95de036c8e1ce1e5/server/bin/remote-cli:/home/udesou/.opam/running-ng-ocaml-5.5.0-f523850-fp-flambda/bin:/home/udesou/.local/bin:/home/udesou/.opam/running-ng-ocaml-5.5.0-f523850-fp-flambda/bin:/home/udesou/.local/bin:/usr/local/sbin:/usr/local/bin:/usr/sbin:/usr/bin:/sbin:/bin:/usr/games:/usr/local/games:/snap/bin
	PWD=/home/udesou/ocaml-bench-service
	PYTHONPATH=/home/udesou/.bench-agent/git/running-ng/src
	RUNNING_BENCH_DIR=/home/udesou/.bench-agent/git/macro-benches
	RUNNING_MACRO_BENCH_DIR=/home/udesou/.bench-agent/git/macro-benches
	RUNNING_NG_PACKAGE_DATA=/home/udesou/.bench-agent/git/running-ng/src/running/config
	RUNNING_REUSE_SWITCHES=1
	RUNNING_TAG=default_run,large_run
	SHELL=/bin/bash
	SHLVL=1
	TERM=screen.xterm-256color
	USER=udesou
	_=/usr/bin/python3
OS: Linux obelisk 6.8.0-139-generic #139-Ubuntu SMP PREEMPT_DYNAMIC Sat Aug  1 03:52:05 UTC 2026 x86_64 x86_64 x86_64 GNU/Linux
CPU: model name	: Intel(R) Xeon(R) CPU E5-2667 v2 @ 3.30GHz
number of cores: 8
Frequency of cpu 0: 3.30 GHz
Governor of cpu 0: performance
Scaling_min_freq of cpu 0: 1.20 GHz
Frequency of cpu 2: 3.30 GHz
Governor of cpu 2: performance
Scaling_min_freq of cpu 2: 1.20 GHz
Frequency of cpu 4: 3.30 GHz
Governor of cpu 4: performance
Scaling_min_freq of cpu 4: 1.20 GHz
Frequency of cpu 6: 3.30 GHz
Governor of cpu 6: performance
Scaling_min_freq of cpu 6: 1.20 GHz
WARNING: Failed to resolve file /com/google/common/annotations/Beta.class with "No such file or directory" 

WARNING: Failed to resolve file /com/google/common/base/Converter$IdentityConverter.class with "No such file or directory" 

WARNING: Failed to resolve file /com/google/common/base/Platform.class with "No such file or directory" 

WARNING: Failed to resolve file /com/google/common/base/Utf8.class with "No such file or directory" 

WARNING: Failed to resolve file /com/google/common/cache/LocalCache$EntryFactory$2.class with "No such file or directory" 

WARNING: Failed to resolve file /com/google/common/cache/LongAddables.class with "No such file or directory" 

WARNING: Failed to resolve file /com/google/common/collect/AbstractMapBasedMultiset$2$1.class with "No such file or directory" 

WARNING: Failed to resolve file /com/google/common/collect/CollectSpliterators.class with "No such file or directory" 

WARNING: Failed to resolve file /com/google/common/collect/DenseImmutableTable.class with "No such file or directory" 

WARNING: Failed to resolve file /com/google/common/collect/ForwardingConcurrentMap.class with "No such file or directory" 

WARNING: Failed to resolve file /com/google/common/collect/HashMultimap.class with "No such file or directory" 

WARNING: Failed to resolve file /com/google/common/collect/ImmutableMultimap$Builder.class with "No such file or directory" 

WARNING: Failed to resolve file /com/google/common/collect/ImmutableSortedSet$1.class with "No such file or directory" 

WARNING: Failed to resolve file /com/google/common/collect/JdkBackedImmutableMap.class with "No such file or directory" 

WARNING: Failed to resolve file /com/google/common/collect/MapMakerInternalMap$EntrySet.class with "No such file or directory" 

WARNING: Failed to resolve file /com/google/common/collect/Maps$AsMapView$1EntrySetImpl.class with "No such file or directory" 

WARNING: Failed to resolve file /com/google/common/collect/MultimapBuilder$2.class with "No such file or directory" 

WARNING: Failed to resolve file /com/google/common/collect/Multisets$4.class with "No such file or directory" 

WARNING: Failed to resolve file /com/google/common/collect/RegularImmutableMap$Values.class with "No such file or directory" 

WARNING: Failed to resolve file /com/google/common/collect/SortedLists$KeyAbsentBehavior$2.class with "No such file or directory" 

WARNING: Failed to resolve file /com/google/common/collect/Streams$DoubleFunctionWithIndex.class with "No such file or directory" 

WARNING: Failed to resolve file /com/google/common/collect/TransformedListIterator.class with "No such file or directory" 

WARNING: Failed to resolve file /com/google/common/collect/TreeTraverser.class with "No such file or directory" 

WARNING: Failed to resolve file /com/google/common/graph/AbstractBaseGraph$1.class with "No such file or directory" 

WARNING: Failed to resolve file /com/google/common/graph/GraphBuilder.class with "No such file or directory" 

WARNING: Failed to resolve file /com/google/common/graph/ValueGraph.class with "No such file or directory" 

WARNING: Failed to resolve file /com/google/common/hash/Hashing.class with "No such file or directory" 

WARNING: Failed to resolve file /com/google/common/io/BaseEncoding.class with "No such file or directory" 

WARNING: Failed to resolve file /com/google/common/io/LineProcessor.class with "No such file or directory" 

WARNING: Failed to resolve file /com/google/common/net/HttpHeaders.class with "No such file or directory" 

WARNING: Failed to resolve file /com/google/common/primitives/Shorts$ShortConverter.class with "No such file or directory" 

WARNING: Failed to resolve file /com/google/common/reflect/TypeToken$Bounds.class with "No such file or directory" 

WARNING: Failed to resolve file /com/google/common/util/concurrent/AbstractFuture$Listener.class with "No such file or directory" 

WARNING: Failed to resolve file /com/google/common/util/concurrent/AggregateFutureState.class with "No such file or directory" 

WARNING: Failed to resolve file /com/google/common/util/concurrent/ForwardingCheckedFuture$SimpleForwardingCheckedFuture.class with "No such file or directory" 

WARNING: Failed to resolve file /com/google/common/util/concurrent/Monitor$Guard.class with "No such file or directory" 

WARNING: Failed to resolve file /com/google/common/util/concurrent/SimpleTimeLimiter$1.class with "No such file or directory" 

WARNING: Failed to resolve file /net/bytebuddy/ByteBuddy$RecordConstructorStrategy.class with "No such file or directory" 

WARNING: Failed to resolve file /net/bytebuddy/agent/builder/AgentBuilder$Default$NativeMethodStrategy$ForPrefix.class with "No such file or directory" 

WARNING: Failed to resolve file /net/bytebuddy/agent/builder/AgentBuilder$InstallationListener$Compound.class with "No such file or directory" 

WARNING: Failed to resolve file /net/bytebuddy/agent/builder/AgentBuilder$PoolStrategy$Default.class with "No such file or directory" 

WARNING: Failed to resolve file /net/bytebuddy/agent/builder/AgentBuilder$RedefinitionStrategy$Listener$Adapter.class with "No such file or directory" 

WARNING: Failed to resolve file /net/bytebuddy/agent/builder/package-info.class with "No such file or directory" 

WARNING: Failed to resolve file /net/bytebuddy/asm/Advice$AssignReturned$ToReturned$Handler.class with "No such file or directory" 

WARNING: Failed to resolve file /net/bytebuddy/asm/Advice$Dispatcher$Resolved$AbstractBase.class with "No such file or directory" 

WARNING: Failed to resolve file /net/bytebuddy/asm/Advice$OffsetMapping$ForInstrumentedMethod$2.class with "No such file or directory" 

WARNING: Failed to resolve file /net/bytebuddy/asm/Advice$OffsetMapping.class with "No such file or directory" 

WARNING: Failed to resolve file /net/bytebuddy/asm/ClassVisitorFactory$FrameTranslator.class with "No such file or directory" 

WARNING: Failed to resolve file /net/bytebuddy/asm/MemberSubstitution$TypePoolResolver$OfImplicitPool.class with "No such file or directory" 

WARNING: Failed to resolve file /net/bytebuddy/build/EntryPoint$Default.class with "No such file or directory" 

WARNING: Failed to resolve file /net/bytebuddy/build/Plugin$Engine$Listener$StreamWriting.class with "No such file or directory" 

WARNING: Failed to resolve file /net/bytebuddy/build/Plugin$Factory$UsingReflection$Instantiator$Unresolved.class with "No such file or directory" 

WARNING: Failed to resolve file /net/bytebuddy/description/annotation/AnnotationDescription.class with "No such file or directory" 

WARNING: Failed to resolve file /net/bytebuddy/description/annotation/AnnotationValue$Loaded$AbstractBase$ForUnresolvedProperty.class with "No such file or directory" 

WARNING: Failed to resolve file /net/bytebuddy/description/method/MethodList$Explicit.class with "No such file or directory" 

WARNING: Failed to resolve file /net/bytebuddy/description/modifier/SynchronizationState.class with "No such file or directory" 

WARNING: Failed to resolve file /net/bytebuddy/description/type/TypeDescription$Generic$AnnotationReader$Delegator$ForLoadedTypeVariable.class with "No such file or directory" 

WARNING: Failed to resolve file /net/bytebuddy/description/type/TypeDescription$Generic$OfParameterizedType$Latent.class with "No such file or directory" 

WARNING: Failed to resolve file /net/bytebuddy/description/type/TypeDescription$Latent.class with "No such file or directory" 

WARNING: Failed to resolve file /net/bytebuddy/dynamic/ClassFileLocator$ForModuleFile.class with "No such file or directory" 

WARNING: Failed to resolve file /net/bytebuddy/dynamic/DynamicType$Builder$MethodDefinition$ParameterDefinition$Simple$Annotatable$AbstractBase.class with "No such file or directory" 

WARNING: Failed to resolve file /net/bytebuddy/dynamic/VisibilityBridgeStrategy$Default$2.class with "No such file or directory" 

WARNING: Failed to resolve file /net/bytebuddy/dynamic/loading/ClassInjector$UsingReflection$Dispatcher$Initializable.class with "No such file or directory" 

WARNING: Failed to resolve file /net/bytebuddy/dynamic/loading/PackageDefinitionStrategy$ManifestReading.class with "No such file or directory" 

WARNING: Failed to resolve file /net/bytebuddy/dynamic/scaffold/MethodGraph$Compiler$Default$Key$Store$Entry$Initial.class with "No such file or directory" 

WARNING: Failed to resolve file /net/bytebuddy/dynamic/scaffold/TypeWriter$Default$ClassDumpAction$Dispatcher$Enabled.class with "No such file or directory" 

WARNING: Failed to resolve file /net/bytebuddy/dynamic/scaffold/TypeWriter$MethodPool$Record$AccessBridgeWrapper.class with "No such file or directory" 

WARNING: Failed to resolve file /net/bytebuddy/dynamic/scaffold/subclass/SubclassImplementationTarget$OriginTypeResolver$1.class with "No such file or directory" 

WARNING: Failed to resolve file /net/bytebuddy/implementation/FieldAccessor$FieldLocation.class with "No such file or directory" 

WARNING: Failed to resolve file /net/bytebuddy/implementation/HashCodeMethod$ValueTransformer$7.class with "No such file or directory" 

WARNING: Failed to resolve file /net/bytebuddy/implementation/InvocationHandlerAdapter.class with "No such file or directory" 

WARNING: Failed to resolve file /net/bytebuddy/implementation/InvokeDynamic$WithImplicitArguments.class with "No such file or directory" 

WARNING: Failed to resolve file /net/bytebuddy/implementation/MethodCall$MethodInvoker.class with "No such file or directory" 

WARNING: Failed to resolve file /net/bytebuddy/implementation/MethodDelegation.class with "No such file or directory" 

WARNING: Failed to resolve file /net/bytebuddy/implementation/attribute/AnnotationValueFilter$Factory.class with "No such file or directory" 

WARNING: Failed to resolve file /net/bytebuddy/implementation/auxiliary/TypeProxy$1.class with "No such file or directory" 

WARNING: Failed to resolve file /net/bytebuddy/implementation/bind/annotation/AllArguments.class with "No such file or directory" 

WARNING: Failed to resolve file /net/bytebuddy/implementation/bind/annotation/Morph$Binder$RedirectionProxy$InstanceFieldConstructor$Appender.class with "No such file or directory" 

WARNING: Failed to resolve file /net/bytebuddy/implementation/bytecode/ByteCodeAppender$Compound.class with "No such file or directory" 

WARNING: Failed to resolve file /net/bytebuddy/implementation/bytecode/assign/reference/GenericTypeAwareAssigner$IsAssignableToVisitor$OfGenericArray.class with "No such file or directory" 

WARNING: Failed to resolve file /net/bytebuddy/implementation/bytecode/member/FieldAccess$AccessDispatcher$FieldPutInstruction.class with "No such file or directory" 

WARNING: Failed to resolve file /net/bytebuddy/jar/asm/RecordComponentWriter.class with "No such file or directory" 

WARNING: Failed to resolve file /net/bytebuddy/matcher/FilterableList.class with "No such file or directory" 

WARNING: Failed to resolve file /net/bytebuddy/matcher/TypeSortMatcher.class with "No such file or directory" 

WARNING: Failed to resolve file /net/bytebuddy/pool/TypePool$Default$LazyTypeDescription$AnnotationToken.class with "No such file or directory" 

WARNING: Failed to resolve file /net/bytebuddy/pool/TypePool$Default$LazyTypeDescription$LazyMethodDescription$LazyParameterizedReceiverType$TypeArgumentList$AnnotatedTypeVariable.class with "No such file or directory" 

WARNING: Failed to resolve file /net/bytebuddy/utility/FileSystem$ForNio2CapableVm$StandardCopyOption.class with "No such file or directory" 

WARNING: Failed to resolve file /net/bytebuddy/utility/dispatcher/JavaDispatcher$Dispatcher.class with "No such file or directory" 

WARNING: Failed to resolve file /org/apache/lucene/analysis/CharArrayMap.class with "No such file or directory" 

WARNING: Failed to resolve file /org/apache/lucene/analysis/tokenattributes/TermToBytesRefAttribute.class with "No such file or directory" 

WARNING: Failed to resolve file /org/apache/lucene/codecs/KnnVectorsWriter$ByteVectorValuesSub.class with "No such file or directory" 

WARNING: Failed to resolve file /org/apache/lucene/codecs/hnsw/DefaultFlatVectorScorer$ByteScoringSupplier$1.class with "No such file or directory" 

WARNING: Failed to resolve file /org/apache/lucene/codecs/lucene90/Lucene90DocValuesProducer$17.class with "No such file or directory" 

WARNING: Failed to resolve file /org/apache/lucene/codecs/lucene90/Lucene90PointsFormat.class with "No such file or directory" 

WARNING: Failed to resolve file /org/apache/lucene/codecs/lucene912/ForUtil.class with "No such file or directory" 

WARNING: Failed to resolve file /org/apache/lucene/codecs/lucene99/Lucene99HnswVectorsWriter$2.class with "No such file or directory" 

WARNING: Failed to resolve file /org/apache/lucene/document/BinaryPoint$1.class with "No such file or directory" 

WARNING: Failed to resolve file /org/apache/lucene/document/FloatPoint$2.class with "No such file or directory" 

WARNING: Failed to resolve file /org/apache/lucene/document/LatLonPointDistanceQuery.class with "No such file or directory" 

WARNING: Failed to resolve file /org/apache/lucene/document/ShapeField$QueryRelation.class with "No such file or directory" 

WARNING: Failed to resolve file /org/apache/lucene/document/XYShapeDocValues.class with "No such file or directory" 

WARNING: Failed to resolve file /org/apache/lucene/index/BaseTermsEnum$1.class with "No such file or directory" 

WARNING: Failed to resolve file /org/apache/lucene/index/ConcurrentMergeScheduler.class with "No such file or directory" 

WARNING: Failed to resolve file /org/apache/lucene/index/ExitableDirectoryReader$ExitableFilterAtomicReader$4.class with "No such file or directory" 

WARNING: Failed to resolve file /org/apache/lucene/index/FreqProxFields$FreqProxTermsEnum$1.class with "No such file or directory" 

WARNING: Failed to resolve file /org/apache/lucene/index/IndexWriter$DocModifier.class with "No such file or directory" 

WARNING: Failed to resolve file /org/apache/lucene/index/MultiDocValues$1.class with "No such file or directory" 

WARNING: Failed to resolve file /org/apache/lucene/index/PointValues$IntersectVisitor.class with "No such file or directory" 

WARNING: Failed to resolve file /org/apache/lucene/index/SingletonSortedSetDocValues.class with "No such file or directory" 

WARNING: Failed to resolve file /org/apache/lucene/index/SortedNumericDocValuesWriter.class with "No such file or directory" 

WARNING: Failed to resolve file /org/apache/lucene/index/TermVectorsConsumerPerField$TermVectorsPostingsArray.class with "No such file or directory" 

WARNING: Failed to resolve file /org/apache/lucene/internal/hppc/IntDoubleHashMap$EntryIterator.class with "No such file or directory" 

WARNING: Failed to resolve file /org/apache/lucene/internal/hppc/LongIntHashMap$LongIntCursor.class with "No such file or directory" 

WARNING: Failed to resolve file /org/apache/lucene/search/BlockMaxConjunctionScorer$2.class with "No such file or directory" 

WARNING: Failed to resolve file /org/apache/lucene/search/ConstantScoreQuery$1$1.class with "No such file or directory" 

WARNING: Failed to resolve file /org/apache/lucene/search/DoubleValuesSource$DoubleValuesComparatorSource$1.class with "No such file or directory" 

WARNING: Failed to resolve file /org/apache/lucene/search/ImpactsDISI.class with "No such file or directory" 

WARNING: Failed to resolve file /org/apache/lucene/search/LongValuesSource$LongValuesComparatorSource.class with "No such file or directory" 

WARNING: Failed to resolve file /org/apache/lucene/search/NamedMatches$NamedQuery.class with "No such file or directory" 

WARNING: Failed to resolve file /org/apache/lucene/search/ReqOptSumScorer.class with "No such file or directory" 

WARNING: Failed to resolve file /org/apache/lucene/search/SortedNumericSortField$5.class with "No such file or directory" 

WARNING: Failed to resolve file /org/apache/lucene/search/TopDocsCollector.class with "No such file or directory" 

WARNING: Failed to resolve file /org/apache/lucene/search/comparators/NumericComparator$NumericLeafComparator.class with "No such file or directory" 

WARNING: Failed to resolve file /org/apache/lucene/search/similarities/MultiSimilarity.class with "No such file or directory" 

WARNING: Failed to resolve file /org/apache/lucene/store/IndexInput$1.class with "No such file or directory" 

WARNING: Failed to resolve file /org/apache/lucene/util/AttributeImpl.class with "No such file or directory" 

WARNING: Failed to resolve file /org/apache/lucene/util/DocIdSetBuilder$BulkAdder.class with "No such file or directory" 

WARNING: Failed to resolve file /org/apache/lucene/util/ModuleResourceLoader.class with "No such file or directory" 

WARNING: Failed to resolve file /org/apache/lucene/util/Sorter.class with "No such file or directory" 

WARNING: Failed to resolve file /org/apache/lucene/util/automaton/MinimizationOperations$IntPair.class with "No such file or directory" 

WARNING: Failed to resolve file /org/apache/lucene/util/bkd/OfflinePointWriter.class with "No such file or directory" 

WARNING: Failed to resolve file /org/apache/lucene/util/fst/Util$FSTPath.class with "No such file or directory" 

WARNING: Failed to resolve file /org/apache/lucene/util/mutable/MutableValueDate.class with "No such file or directory" 

WARNING: Failed to resolve file /org/apache/lucene/util/packed/DirectReader$DirectPackedReader32.class with "No such file or directory" 

WARNING: Failed to resolve file /org/apache/lucene/util/packed/PackedWriter.class with "No such file or directory" 

WARNING: Failed to resolve file /org/bouncycastle/asn1/ASN1ObjectDescriptor$1.class with "No such file or directory" 

WARNING: Failed to resolve file /org/bouncycastle/asn1/BEROctetStringParser.class with "No such file or directory" 

WARNING: Failed to resolve file /org/bouncycastle/asn1/LazyEncodedSequence.class with "No such file or directory" 

WARNING: Failed to resolve file /org/bouncycastle/asn1/ocsp/OCSPRequest.class with "No such file or directory" 

WARNING: Failed to resolve file /org/bouncycastle/asn1/sec/SECNamedCurves$17.class with "No such file or directory" 

WARNING: Failed to resolve file /org/bouncycastle/asn1/x500/DirectoryString.class with "No such file or directory" 

WARNING: Failed to resolve file /org/bouncycastle/asn1/x509/NameConstraints.class with "No such file or directory" 

WARNING: Failed to resolve file /org/bouncycastle/asn1/x509/sigi/NameOrPseudonym.class with "No such file or directory" 

WARNING: Failed to resolve file /org/bouncycastle/crypto/CipherKeyGenerator.class with "No such file or directory" 

WARNING: Failed to resolve file /org/bouncycastle/crypto/StagedAgreement.class with "No such file or directory" 

WARNING: Failed to resolve file /org/bouncycastle/crypto/digests/AsconXof$1.class with "No such file or directory" 

WARNING: Failed to resolve file /org/bouncycastle/crypto/digests/ShortenedDigest.class with "No such file or directory" 

WARNING: Failed to resolve file /org/bouncycastle/crypto/ec/ECDecryptor.class with "No such file or directory" 

WARNING: Failed to resolve file /org/bouncycastle/crypto/engines/GOST3412_2015Engine.class with "No such file or directory" 

WARNING: Failed to resolve file /org/bouncycastle/crypto/engines/SparkleEngine$1.class with "No such file or directory" 

WARNING: Failed to resolve file /org/bouncycastle/crypto/generators/ElGamalParametersGenerator.class with "No such file or directory" 

WARNING: Failed to resolve file /org/bouncycastle/crypto/macs/DSTU7564Mac.class with "No such file or directory" 

WARNING: Failed to resolve file /org/bouncycastle/crypto/modes/NISTCTSBlockCipher.class with "No such file or directory" 

WARNING: Failed to resolve file /org/bouncycastle/crypto/params/DHParameters.class with "No such file or directory" 

WARNING: Failed to resolve file /org/bouncycastle/crypto/params/NaccacheSternKeyGenerationParameters.class with "No such file or directory" 

WARNING: Failed to resolve file /org/bouncycastle/crypto/prng/X931SecureRandom.class with "No such file or directory" 

WARNING: Failed to resolve file /org/bouncycastle/crypto/util/DEROtherInfo$1.class with "No such file or directory" 

WARNING: Failed to resolve file /org/bouncycastle/crypto/util/SSHNamedCurves$3.class with "No such file or directory" 

WARNING: Failed to resolve file /org/bouncycastle/jcajce/BCFKSLoadStoreParameter$SignatureAlgorithm.class with "No such file or directory" 

WARNING: Failed to resolve file /org/bouncycastle/jcajce/provider/asymmetric/CompositeSignatures.class with "No such file or directory" 

WARNING: Failed to resolve file /org/bouncycastle/jcajce/provider/asymmetric/compositesignatures/KeyPairGeneratorSpi$MLDSA65_ECDSA_brainpoolP256r1_SHA512.class with "No such file or directory" 

WARNING: Failed to resolve file /org/bouncycastle/jcajce/provider/asymmetric/dh/KeyAgreementSpi$DHwithSHA384CKDF.class with "No such file or directory" 

WARNING: Failed to resolve file /org/bouncycastle/jcajce/provider/asymmetric/ec/BCECPrivateKey.class with "No such file or directory" 

WARNING: Failed to resolve file /org/bouncycastle/jcajce/provider/asymmetric/ec/KeyAgreementSpi$DHUwithSHA224KDF.class with "No such file or directory" 

WARNING: Failed to resolve file /org/bouncycastle/jcajce/provider/asymmetric/ec/KeyPairGeneratorSpi.class with "No such file or directory" 

WARNING: Failed to resolve file /org/bouncycastle/jcajce/provider/asymmetric/ecgost12/KeyAgreementSpi$ECVKO512.class with "No such file or directory" 

WARNING: Failed to resolve file /org/bouncycastle/jcajce/provider/asymmetric/edec/KeyPairGeneratorSpi$X448.class with "No such file or directory" 

WARNING: Failed to resolve file /org/bouncycastle/jcajce/provider/asymmetric/rsa/DigestSignatureSpi$SHA3_384.class with "No such file or directory" 

WARNING: Failed to resolve file /org/bouncycastle/jcajce/provider/asymmetric/rsa/PSSSignatureSpi$SHA512withRSA.class with "No such file or directory" 

WARNING: Failed to resolve file /org/bouncycastle/jcajce/provider/asymmetric/x509/X509CRLInternal.class with "No such file or directory" 

WARNING: Failed to resolve file /org/bouncycastle/jcajce/provider/digest/GOST3411$Mappings.class with "No such file or directory" 

WARNING: Failed to resolve file /org/bouncycastle/jcajce/provider/digest/RIPEMD256$HashMac.class with "No such file or directory" 

WARNING: Failed to resolve file /org/bouncycastle/jcajce/provider/digest/SHA3$Mappings.class with "No such file or directory" 

WARNING: Failed to resolve file /org/bouncycastle/jcajce/provider/digest/Skein$HMacKeyGenerator_512_384.class with "No such file or directory" 

WARNING: Failed to resolve file /org/bouncycastle/jcajce/provider/digest/Whirlpool$KeyGenerator.class with "No such file or directory" 

WARNING: Failed to resolve file /org/bouncycastle/jcajce/provider/keystore/pkcs12/PKCS12KeyStoreSpi$1.class with "No such file or directory" 

WARNING: Failed to resolve file /org/bouncycastle/jcajce/provider/symmetric/AES$PBEWithSHA256And192BitAESBC.class with "No such file or directory" 

WARNING: Failed to resolve file /org/bouncycastle/jcajce/provider/symmetric/CAST5$CBC.class with "No such file or directory" 

WARNING: Failed to resolve file /org/bouncycastle/jcajce/provider/symmetric/DES$Mappings.class with "No such file or directory" 

WARNING: Failed to resolve file /org/bouncycastle/jcajce/provider/symmetric/DSTU7624$GCM128.class with "No such file or directory" 

WARNING: Failed to resolve file /org/bouncycastle/jcajce/provider/symmetric/HC128$KeyGen.class with "No such file or directory" 

WARNING: Failed to resolve file /org/bouncycastle/jcajce/provider/symmetric/PBEPKCS12.class with "No such file or directory" 

WARNING: Failed to resolve file /org/bouncycastle/jcajce/provider/symmetric/Rijndael.class with "No such file or directory" 

WARNING: Failed to resolve file /org/bouncycastle/jcajce/provider/symmetric/Shacal2$AlgParams.class with "No such file or directory" 

WARNING: Failed to resolve file /org/bouncycastle/jcajce/provider/symmetric/Threefish.class with "No such file or directory" 

WARNING: Failed to resolve file /org/bouncycastle/jcajce/provider/symmetric/util/BaseStreamCipher.class with "No such file or directory" 

WARNING: Failed to resolve file /org/bouncycastle/jcajce/spec/SkeinParameterSpec.class with "No such file or directory" 

WARNING: Failed to resolve file /org/bouncycastle/jce/provider/AnnotatedException.class with "No such file or directory" 

WARNING: Failed to resolve file /org/bouncycastle/jce/provider/RFC3280CertPathUtilities.class with "No such file or directory" 

WARNING: Failed to resolve file /org/bouncycastle/math/ec/ECCurve$Config.class with "No such file or directory" 

WARNING: Failed to resolve file /org/bouncycastle/math/ec/custom/gm/SM2P256V1FieldElement.class with "No such file or directory" 

WARNING: Failed to resolve file /org/bouncycastle/math/ec/custom/sec/SecP384R1FieldElement.class with "No such file or directory" 

WARNING: Failed to resolve file /org/bouncycastle/math/ec/custom/sec/SecT239K1Curve.class with "No such file or directory" 

WARNING: Failed to resolve file /org/bouncycastle/math/ec/rfc8032/Ed25519$PointTemp.class with "No such file or directory" 

WARNING: Failed to resolve file /org/bouncycastle/pqc/asn1/PQCObjectIdentifiers.class with "No such file or directory" 

WARNING: Failed to resolve file /org/bouncycastle/pqc/crypto/crystals/dilithium/DilithiumKeyPairGenerator.class with "No such file or directory" 

WARNING: Failed to resolve file /org/bouncycastle/pqc/crypto/falcon/FalconSmallPrime.class with "No such file or directory" 

WARNING: Failed to resolve file /org/bouncycastle/pqc/crypto/hqc/HQCKEMExtractor.class with "No such file or directory" 

WARNING: Failed to resolve file /org/bouncycastle/pqc/crypto/newhope/NHKeyPairGenerator.class with "No such file or directory" 

WARNING: Failed to resolve file /org/bouncycastle/pqc/crypto/picnic/PicnicEngine.class with "No such file or directory" 

WARNING: Failed to resolve file /org/bouncycastle/pqc/crypto/sphincs/SPHINCS256KeyGenerationParameters.class with "No such file or directory" 

WARNING: Failed to resolve file /org/bouncycastle/pqc/crypto/util/PublicKeyFactory$LMSConverter.class with "No such file or directory" 

WARNING: Failed to resolve file /org/bouncycastle/pqc/crypto/xmss/XMSSMTPrivateKeyParameters$Builder.class with "No such file or directory" 

WARNING: Failed to resolve file /org/bouncycastle/pqc/jcajce/interfaces/NHPublicKey.class with "No such file or directory" 

WARNING: Failed to resolve file /org/bouncycastle/pqc/jcajce/provider/SPHINCS.class with "No such file or directory" 

WARNING: Failed to resolve file /org/bouncycastle/pqc/jcajce/provider/falcon/SignatureSpi$Base.class with "No such file or directory" 

WARNING: Failed to resolve file /org/bouncycastle/pqc/jcajce/provider/mceliece/BCMcEliecePrivateKey.class with "No such file or directory" 

WARNING: Failed to resolve file /org/bouncycastle/pqc/jcajce/provider/picnic/BCPicnicPublicKey.class with "No such file or directory" 

WARNING: Failed to resolve file /org/bouncycastle/pqc/jcajce/provider/sphincsplus/SPHINCSPlusKeyPairGeneratorSpi$Shake_256f.class with "No such file or directory" 

WARNING: Failed to resolve file /org/bouncycastle/pqc/jcajce/spec/KyberParameterSpec.class with "No such file or directory" 

WARNING: Failed to resolve file /org/bouncycastle/pqc/legacy/crypto/mceliece/McEliecePrivateKeyParameters.class with "No such file or directory" 

WARNING: Failed to resolve file /org/bouncycastle/pqc/legacy/math/linearalgebra/GF2Matrix.class with "No such file or directory" 

WARNING: Failed to resolve file /org/bouncycastle/pqc/math/ntru/parameters/NTRUHPS2048509.class with "No such file or directory" 

WARNING: Failed to resolve file /org/bouncycastle/util/encoders/HexTranslator.class with "No such file or directory" 

WARNING: Failed to resolve file /org/bouncycastle/x509/X509CRLStoreSelector.class with "No such file or directory" 

Found 215 (out of 11364) source files to analyze in /home/udesou/.bench-agent/git/macro-benches/vendor/.infer-capture-ocaml-5.5.0-f523850-fp
/net/bytebuddy/dynamic/DynamicType$Builder$MethodDefinition$ParameterDefinition$Simple$Annotatable$AbstractBase.class starting
/net/bytebuddy/dynamic/DynamicType$Builder$MethodDefinition$ParameterDefinition$Simple$Annotatable$AbstractBase.class DONE
/net/bytebuddy/asm/Advice$OffsetMapping$ForInstrumentedMethod$2.class starting
/net/bytebuddy/asm/Advice$OffsetMapping$ForInstrumentedMethod$2.class DONE
/org/apache/lucene/codecs/lucene912/ForUtil.class starting
/org/apache/lucene/codecs/lucene912/ForUtil.class DONE
/org/apache/lucene/document/BinaryPoint$1.class starting
/org/apache/lucene/document/BinaryPoint$1.class DONE
/net/bytebuddy/implementation/bytecode/assign/reference/GenericTypeAwareAssigner$IsAssignableToVisitor$OfGenericArray.class starting
/net/bytebuddy/implementation/bytecode/assign/reference/GenericTypeAwareAssigner$IsAssignableToVisitor$OfGenericArray.class DONE
/org/bouncycastle/pqc/crypto/newhope/NHKeyPairGenerator.class starting
/org/bouncycastle/pqc/crypto/newhope/NHKeyPairGenerator.class DONE
/org/bouncycastle/asn1/x500/DirectoryString.class starting
/org/bouncycastle/asn1/x500/DirectoryString.class DONE
/net/bytebuddy/dynamic/scaffold/MethodGraph$Compiler$Default$Key$Store$Entry$Initial.class starting
/net/bytebuddy/dynamic/scaffold/MethodGraph$Compiler$Default$Key$Store$Entry$Initial.class DONE
/org/bouncycastle/pqc/jcajce/spec/KyberParameterSpec.class starting
/org/bouncycastle/pqc/jcajce/spec/KyberParameterSpec.class DONE
/org/apache/lucene/search/BlockMaxConjunctionScorer$2.class starting
/org/apache/lucene/search/BlockMaxConjunctionScorer$2.class DONE
/org/apache/lucene/document/XYShapeDocValues.class starting
/org/apache/lucene/document/XYShapeDocValues.class DONE
/org/apache/lucene/index/ExitableDirectoryReader$ExitableFilterAtomicReader$4.class starting
/org/apache/lucene/index/ExitableDirectoryReader$ExitableFilterAtomicReader$4.class DONE
/org/apache/lucene/document/ShapeField$QueryRelation.class starting
/org/apache/lucene/document/ShapeField$QueryRelation.class DONE
/org/bouncycastle/jcajce/provider/symmetric/AES$PBEWithSHA256And192BitAESBC.class starting
/org/bouncycastle/jcajce/provider/symmetric/AES$PBEWithSHA256And192BitAESBC.class DONE
/org/bouncycastle/asn1/x509/sigi/NameOrPseudonym.class starting
/org/bouncycastle/asn1/x509/sigi/NameOrPseudonym.class DONE
/org/apache/lucene/search/DoubleValuesSource$DoubleValuesComparatorSource$1.class starting
/org/apache/lucene/search/DoubleValuesSource$DoubleValuesComparatorSource$1.class DONE
/com/google/common/base/Converter$IdentityConverter.class starting
/com/google/common/base/Converter$IdentityConverter.class DONE
/net/bytebuddy/agent/builder/package-info.class starting
/net/bytebuddy/agent/builder/package-info.class DONE
/org/apache/lucene/util/Sorter.class starting
/org/apache/lucene/util/Sorter.class DONE
/com/google/common/collect/ImmutableMultimap$Builder.class starting
/com/google/common/collect/ImmutableMultimap$Builder.class DONE
/com/google/common/graph/ValueGraph.class starting
/com/google/common/graph/ValueGraph.class DONE
/org/bouncycastle/pqc/jcajce/provider/SPHINCS.class starting
/org/bouncycastle/pqc/jcajce/provider/SPHINCS.class DONE
/org/bouncycastle/jcajce/provider/digest/RIPEMD256$HashMac.class starting
/org/bouncycastle/jcajce/provider/digest/RIPEMD256$HashMac.class DONE
/org/bouncycastle/jcajce/provider/symmetric/DES$Mappings.class starting
/org/bouncycastle/jcajce/provider/symmetric/DES$Mappings.class DONE
/com/google/common/util/concurrent/Monitor$Guard.class starting
/com/google/common/util/concurrent/Monitor$Guard.class DONE
/net/bytebuddy/pool/TypePool$Default$LazyTypeDescription$LazyMethodDescription$LazyParameterizedReceiverType$TypeArgumentList$AnnotatedTypeVariable.class starting
/net/bytebuddy/pool/TypePool$Default$LazyTypeDescription$LazyMethodDescription$LazyParameterizedReceiverType$TypeArgumentList$AnnotatedTypeVariable.class DONE
/net/bytebuddy/build/Plugin$Factory$UsingReflection$Instantiator$Unresolved.class starting
/net/bytebuddy/build/Plugin$Factory$UsingReflection$Instantiator$Unresolved.class DONE
/org/bouncycastle/crypto/generators/ElGamalParametersGenerator.class starting
/org/bouncycastle/crypto/generators/ElGamalParametersGenerator.class DONE
/org/bouncycastle/crypto/digests/ShortenedDigest.class starting
/org/bouncycastle/crypto/digests/ShortenedDigest.class DONE
/net/bytebuddy/matcher/FilterableList.class starting
/net/bytebuddy/matcher/FilterableList.class DONE
/org/bouncycastle/pqc/crypto/picnic/PicnicEngine.class starting
/org/bouncycastle/pqc/crypto/picnic/PicnicEngine.class DONE
/com/google/common/io/BaseEncoding.class starting
/com/google/common/io/BaseEncoding.class DONE
/org/bouncycastle/crypto/prng/X931SecureRandom.class starting
/org/bouncycastle/jcajce/provider/symmetric/PBEPKCS12.class starting
/org/bouncycastle/crypto/prng/X931SecureRandom.class DONE
/org/bouncycastle/jcajce/provider/symmetric/PBEPKCS12.class DONE
/org/apache/lucene/search/ConstantScoreQuery$1$1.class starting
/org/apache/lucene/search/ConstantScoreQuery$1$1.class DONE
/org/apache/lucene/internal/hppc/IntDoubleHashMap$EntryIterator.class starting
/org/apache/lucene/internal/hppc/IntDoubleHashMap$EntryIterator.class DONE
/org/bouncycastle/asn1/x509/NameConstraints.class starting
/org/bouncycastle/asn1/x509/NameConstraints.class DONE
/com/google/common/graph/GraphBuilder.class starting
/com/google/common/graph/GraphBuilder.class DONE
/net/bytebuddy/description/modifier/SynchronizationState.class starting
/net/bytebuddy/description/modifier/SynchronizationState.class DONE
/org/bouncycastle/jcajce/provider/symmetric/Threefish.class starting
/org/bouncycastle/jcajce/provider/symmetric/Threefish.class DONE
/com/google/common/util/concurrent/SimpleTimeLimiter$1.class starting
/com/google/common/util/concurrent/SimpleTimeLimiter$1.class DONE
/net/bytebuddy/dynamic/scaffold/TypeWriter$MethodPool$Record$AccessBridgeWrapper.class starting
/net/bytebuddy/dynamic/scaffold/TypeWriter$MethodPool$Record$AccessBridgeWrapper.class DONE
/net/bytebuddy/dynamic/ClassFileLocator$ForModuleFile.class starting
/net/bytebuddy/dynamic/ClassFileLocator$ForModuleFile.class DONE
/org/apache/lucene/search/ReqOptSumScorer.class starting
/org/apache/lucene/search/ReqOptSumScorer.class DONE
/com/google/common/util/concurrent/AggregateFutureState.class starting
/com/google/common/util/concurrent/AggregateFutureState.class DONE
/com/google/common/annotations/Beta.class starting
/com/google/common/annotations/Beta.class DONE
/com/google/common/collect/DenseImmutableTable.class starting
/org/bouncycastle/math/ec/custom/gm/SM2P256V1FieldElement.class starting
/com/google/common/collect/DenseImmutableTable.class DONE
/org/bouncycastle/math/ec/custom/gm/SM2P256V1FieldElement.class DONE
/org/bouncycastle/jcajce/provider/asymmetric/dh/KeyAgreementSpi$DHwithSHA384CKDF.class starting
/org/bouncycastle/jcajce/provider/asymmetric/dh/KeyAgreementSpi$DHwithSHA384CKDF.class DONE
/org/bouncycastle/pqc/jcajce/provider/sphincsplus/SPHINCSPlusKeyPairGeneratorSpi$Shake_256f.class starting
/org/bouncycastle/pqc/jcajce/provider/sphincsplus/SPHINCSPlusKeyPairGeneratorSpi$Shake_256f.class DONE
/org/bouncycastle/jcajce/provider/digest/GOST3411$Mappings.class starting
/org/bouncycastle/jcajce/provider/digest/GOST3411$Mappings.class DONE
/net/bytebuddy/implementation/auxiliary/TypeProxy$1.class starting
/net/bytebuddy/implementation/auxiliary/TypeProxy$1.class DONE
/com/google/common/collect/ImmutableSortedSet$1.class starting
/com/google/common/collect/ImmutableSortedSet$1.class DONE
/net/bytebuddy/pool/TypePool$Default$LazyTypeDescription$AnnotationToken.class starting
/net/bytebuddy/pool/TypePool$Default$LazyTypeDescription$AnnotationToken.class DONE
/org/apache/lucene/index/SingletonSortedSetDocValues.class starting
/org/apache/lucene/index/SingletonSortedSetDocValues.class DONE
/org/bouncycastle/jcajce/provider/symmetric/util/BaseStreamCipher.class starting
/org/bouncycastle/jcajce/provider/symmetric/util/BaseStreamCipher.class DONE
/org/bouncycastle/pqc/crypto/crystals/dilithium/DilithiumKeyPairGenerator.class starting
/org/bouncycastle/pqc/crypto/crystals/dilithium/DilithiumKeyPairGenerator.class DONE
/org/bouncycastle/math/ec/rfc8032/Ed25519$PointTemp.class starting
/org/bouncycastle/math/ec/rfc8032/Ed25519$PointTemp.class DONE
/org/bouncycastle/jce/provider/RFC3280CertPathUtilities.class starting
/net/bytebuddy/build/Plugin$Engine$Listener$StreamWriting.class starting
/net/bytebuddy/build/Plugin$Engine$Listener$StreamWriting.class DONE
/org/bouncycastle/crypto/macs/DSTU7564Mac.class starting
/org/bouncycastle/crypto/macs/DSTU7564Mac.class DONE
/org/bouncycastle/jcajce/provider/asymmetric/ec/KeyPairGeneratorSpi.class starting
/org/bouncycastle/jcajce/provider/asymmetric/ec/KeyPairGeneratorSpi.class DONE
/net/bytebuddy/implementation/MethodCall$MethodInvoker.class starting
/net/bytebuddy/implementation/MethodCall$MethodInvoker.class DONE
/net/bytebuddy/ByteBuddy$RecordConstructorStrategy.class starting
/net/bytebuddy/ByteBuddy$RecordConstructorStrategy.class DONE
/org/bouncycastle/jcajce/provider/asymmetric/x509/X509CRLInternal.class starting
/org/bouncycastle/jcajce/provider/asymmetric/x509/X509CRLInternal.class DONE
/org/bouncycastle/jcajce/provider/asymmetric/rsa/DigestSignatureSpi$SHA3_384.class starting
/org/bouncycastle/jcajce/provider/asymmetric/rsa/DigestSignatureSpi$SHA3_384.class DONE
/com/google/common/collect/RegularImmutableMap$Values.class starting
/com/google/common/collect/RegularImmutableMap$Values.class DONE
/org/apache/lucene/index/MultiDocValues$1.class starting
/org/apache/lucene/index/MultiDocValues$1.class DONE
/net/bytebuddy/asm/MemberSubstitution$TypePoolResolver$OfImplicitPool.class starting
/net/bytebuddy/asm/MemberSubstitution$TypePoolResolver$OfImplicitPool.class DONE
/net/bytebuddy/description/type/TypeDescription$Generic$AnnotationReader$Delegator$ForLoadedTypeVariable.class starting
/net/bytebuddy/description/type/TypeDescription$Generic$AnnotationReader$Delegator$ForLoadedTypeVariable.class DONE
/org/bouncycastle/crypto/CipherKeyGenerator.class starting
/org/bouncycastle/crypto/CipherKeyGenerator.class DONE
/org/apache/lucene/codecs/lucene99/Lucene99HnswVectorsWriter$2.class starting
/org/apache/lucene/codecs/lucene99/Lucene99HnswVectorsWriter$2.class DONE
/org/bouncycastle/jcajce/provider/symmetric/DSTU7624$GCM128.class starting
/org/bouncycastle/jcajce/provider/symmetric/DSTU7624$GCM128.class DONE
/org/apache/lucene/util/AttributeImpl.class starting
/org/apache/lucene/util/AttributeImpl.class DONE
/org/apache/lucene/codecs/lucene90/Lucene90DocValuesProducer$17.class starting
/org/apache/lucene/codecs/lucene90/Lucene90DocValuesProducer$17.class DONE
/org/apache/lucene/search/comparators/NumericComparator$NumericLeafComparator.class starting
/org/apache/lucene/search/comparators/NumericComparator$NumericLeafComparator.class DONE
/org/apache/lucene/util/packed/PackedWriter.class starting
/org/apache/lucene/util/packed/PackedWriter.class DONE
/com/google/common/primitives/Shorts$ShortConverter.class starting
/com/google/common/primitives/Shorts$ShortConverter.class DONE
/org/bouncycastle/pqc/crypto/hqc/HQCKEMExtractor.class starting
/org/bouncycastle/pqc/crypto/hqc/HQCKEMExtractor.class DONE
/org/apache/lucene/codecs/hnsw/DefaultFlatVectorScorer$ByteScoringSupplier$1.class starting
/org/apache/lucene/codecs/hnsw/DefaultFlatVectorScorer$ByteScoringSupplier$1.class DONE
/net/bytebuddy/implementation/attribute/AnnotationValueFilter$Factory.class starting
/net/bytebuddy/implementation/attribute/AnnotationValueFilter$Factory.class DONE
/org/apache/lucene/analysis/tokenattributes/TermToBytesRefAttribute.class starting
/org/apache/lucene/analysis/tokenattributes/TermToBytesRefAttribute.class DONE
/org/bouncycastle/crypto/StagedAgreement.class starting
/org/bouncycastle/crypto/StagedAgreement.class DONE
/org/bouncycastle/crypto/params/NaccacheSternKeyGenerationParameters.class starting
/org/bouncycastle/crypto/params/NaccacheSternKeyGenerationParameters.class DONE
/org/apache/lucene/index/IndexWriter$DocModifier.class starting
/org/apache/lucene/index/IndexWriter$DocModifier.class DONE
/org/apache/lucene/util/bkd/OfflinePointWriter.class starting
/org/apache/lucene/util/bkd/OfflinePointWriter.class DONE
/org/apache/lucene/search/SortedNumericSortField$5.class starting
/org/apache/lucene/search/SortedNumericSortField$5.class DONE
/org/bouncycastle/jce/provider/AnnotatedException.class starting
/org/bouncycastle/jce/provider/AnnotatedException.class DONE
/org/apache/lucene/util/packed/DirectReader$DirectPackedReader32.class starting
/org/apache/lucene/util/packed/DirectReader$DirectPackedReader32.class DONE
/org/bouncycastle/jcajce/provider/symmetric/Rijndael.class starting
/org/bouncycastle/jcajce/provider/symmetric/Rijndael.class DONE
/net/bytebuddy/description/annotation/AnnotationValue$Loaded$AbstractBase$ForUnresolvedProperty.class starting
/net/bytebuddy/description/annotation/AnnotationValue$Loaded$AbstractBase$ForUnresolvedProperty.class DONE
/org/apache/lucene/util/DocIdSetBuilder$BulkAdder.class starting
/org/apache/lucene/util/DocIdSetBuilder$BulkAdder.class DONE
/org/bouncycastle/pqc/jcajce/provider/picnic/BCPicnicPublicKey.class starting
/org/bouncycastle/pqc/jcajce/provider/picnic/BCPicnicPublicKey.class DONE
/com/google/common/collect/HashMultimap.class starting
/com/google/common/collect/HashMultimap.class DONE
/org/bouncycastle/crypto/params/DHParameters.class starting
/org/bouncycastle/crypto/params/DHParameters.class DONE
/net/bytebuddy/agent/builder/AgentBuilder$InstallationListener$Compound.class starting
/net/bytebuddy/agent/builder/AgentBuilder$InstallationListener$Compound.class DONE
/net/bytebuddy/dynamic/scaffold/subclass/SubclassImplementationTarget$OriginTypeResolver$1.class starting
/net/bytebuddy/dynamic/scaffold/subclass/SubclassImplementationTarget$OriginTypeResolver$1.class DONE
/com/google/common/collect/SortedLists$KeyAbsentBehavior$2.class starting
/com/google/common/collect/SortedLists$KeyAbsentBehavior$2.class DONE
/org/bouncycastle/jcajce/provider/symmetric/Shacal2$AlgParams.class starting
/org/bouncycastle/jcajce/provider/symmetric/Shacal2$AlgParams.class DONE
/org/bouncycastle/crypto/util/DEROtherInfo$1.class starting
/org/bouncycastle/crypto/util/DEROtherInfo$1.class DONE
/net/bytebuddy/agent/builder/AgentBuilder$Default$NativeMethodStrategy$ForPrefix.class starting
/net/bytebuddy/agent/builder/AgentBuilder$Default$NativeMethodStrategy$ForPrefix.class DONE
/com/google/common/collect/Streams$DoubleFunctionWithIndex.class starting
/com/google/common/collect/Streams$DoubleFunctionWithIndex.class DONE
/org/bouncycastle/jcajce/provider/asymmetric/ecgost12/KeyAgreementSpi$ECVKO512.class starting
/org/bouncycastle/jcajce/provider/asymmetric/ecgost12/KeyAgreementSpi$ECVKO512.class DONE
/net/bytebuddy/implementation/MethodDelegation.class starting
/net/bytebuddy/implementation/MethodDelegation.class DONE
/net/bytebuddy/implementation/FieldAccessor$FieldLocation.class starting
/net/bytebuddy/implementation/FieldAccessor$FieldLocation.class DONE
/org/bouncycastle/pqc/crypto/sphincs/SPHINCS256KeyGenerationParameters.class starting
/org/bouncycastle/pqc/crypto/sphincs/SPHINCS256KeyGenerationParameters.class DONE
/org/bouncycastle/jcajce/provider/asymmetric/edec/KeyPairGeneratorSpi$X448.class starting
/org/bouncycastle/jcajce/provider/asymmetric/edec/KeyPairGeneratorSpi$X448.class DONE
/net/bytebuddy/dynamic/loading/PackageDefinitionStrategy$ManifestReading.class starting
/net/bytebuddy/dynamic/loading/PackageDefinitionStrategy$ManifestReading.class DONE
/org/bouncycastle/asn1/LazyEncodedSequence.class starting
/org/bouncycastle/asn1/LazyEncodedSequence.class DONE
/net/bytebuddy/description/annotation/AnnotationDescription.class starting
/net/bytebuddy/description/annotation/AnnotationDescription.class DONE
/org/bouncycastle/crypto/ec/ECDecryptor.class starting
/org/bouncycastle/crypto/ec/ECDecryptor.class DONE
/org/bouncycastle/asn1/BEROctetStringParser.class starting
/org/bouncycastle/asn1/BEROctetStringParser.class DONE
/net/bytebuddy/dynamic/scaffold/TypeWriter$Default$ClassDumpAction$Dispatcher$Enabled.class starting
/net/bytebuddy/dynamic/scaffold/TypeWriter$Default$ClassDumpAction$Dispatcher$Enabled.class DONE
/org/bouncycastle/pqc/jcajce/interfaces/NHPublicKey.class starting
/org/bouncycastle/pqc/jcajce/interfaces/NHPublicKey.class DONE
/com/google/common/collect/JdkBackedImmutableMap.class starting
/com/google/common/collect/JdkBackedImmutableMap.class DONE
/com/google/common/collect/MapMakerInternalMap$EntrySet.class starting
/com/google/common/collect/MapMakerInternalMap$EntrySet.class DONE
/org/bouncycastle/math/ec/ECCurve$Config.class starting
/org/bouncycastle/math/ec/ECCurve$Config.class DONE
/org/apache/lucene/util/mutable/MutableValueDate.class starting
/org/apache/lucene/util/mutable/MutableValueDate.class DONE
/com/google/common/collect/TransformedListIterator.class starting
/com/google/common/collect/TransformedListIterator.class DONE
/com/google/common/base/Utf8.class starting
/com/google/common/base/Utf8.class DONE
/org/bouncycastle/crypto/digests/AsconXof$1.class starting
/org/bouncycastle/crypto/digests/AsconXof$1.class DONE
/org/apache/lucene/analysis/CharArrayMap.class starting
/org/apache/lucene/analysis/CharArrayMap.class DONE
/net/bytebuddy/description/method/MethodList$Explicit.class starting
/net/bytebuddy/description/method/MethodList$Explicit.class DONE
/org/apache/lucene/search/NamedMatches$NamedQuery.class starting
/org/apache/lucene/search/NamedMatches$NamedQuery.class DONE
/net/bytebuddy/matcher/TypeSortMatcher.class starting
/net/bytebuddy/matcher/TypeSortMatcher.class DONE
/net/bytebuddy/description/type/TypeDescription$Latent.class starting
/net/bytebuddy/description/type/TypeDescription$Latent.class DONE
/net/bytebuddy/utility/FileSystem$ForNio2CapableVm$StandardCopyOption.class starting
/net/bytebuddy/utility/FileSystem$ForNio2CapableVm$StandardCopyOption.class DONE
/org/bouncycastle/crypto/engines/GOST3412_2015Engine.class starting
/org/bouncycastle/crypto/engines/GOST3412_2015Engine.class DONE
/org/bouncycastle/math/ec/custom/sec/SecT239K1Curve.class starting
/org/bouncycastle/math/ec/custom/sec/SecT239K1Curve.class DONE
/org/apache/lucene/index/PointValues$IntersectVisitor.class starting
/org/apache/lucene/index/PointValues$IntersectVisitor.class DONE
/net/bytebuddy/implementation/InvokeDynamic$WithImplicitArguments.class starting
/net/bytebuddy/implementation/InvokeDynamic$WithImplicitArguments.class DONE
/org/bouncycastle/pqc/jcajce/provider/mceliece/BCMcEliecePrivateKey.class starting
/org/bouncycastle/pqc/jcajce/provider/mceliece/BCMcEliecePrivateKey.class DONE
/com/google/common/util/concurrent/ForwardingCheckedFuture$SimpleForwardingCheckedFuture.class starting
/com/google/common/util/concurrent/ForwardingCheckedFuture$SimpleForwardingCheckedFuture.class DONE
/org/bouncycastle/util/encoders/HexTranslator.class starting
/org/bouncycastle/util/encoders/HexTranslator.class DONE
/com/google/common/collect/ForwardingConcurrentMap.class starting
/com/google/common/collect/ForwardingConcurrentMap.class DONE
/org/bouncycastle/jcajce/provider/keystore/pkcs12/PKCS12KeyStoreSpi$1.class starting
/org/bouncycastle/jcajce/provider/keystore/pkcs12/PKCS12KeyStoreSpi$1.class DONE
/org/bouncycastle/jcajce/provider/asymmetric/compositesignatures/KeyPairGeneratorSpi$MLDSA65_ECDSA_brainpoolP256r1_SHA512.class starting
/org/bouncycastle/jcajce/provider/asymmetric/compositesignatures/KeyPairGeneratorSpi$MLDSA65_ECDSA_brainpoolP256r1_SHA512.class DONE
/com/google/common/reflect/TypeToken$Bounds.class starting
/com/google/common/reflect/TypeToken$Bounds.class DONE
/org/apache/lucene/store/IndexInput$1.class starting
/org/apache/lucene/store/IndexInput$1.class DONE
/net/bytebuddy/dynamic/loading/ClassInjector$UsingReflection$Dispatcher$Initializable.class starting
/net/bytebuddy/dynamic/loading/ClassInjector$UsingReflection$Dispatcher$Initializable.class DONE
/org/apache/lucene/util/ModuleResourceLoader.class starting
/org/apache/lucene/util/ModuleResourceLoader.class DONE
/org/bouncycastle/pqc/jcajce/provider/falcon/SignatureSpi$Base.class starting
/org/bouncycastle/pqc/jcajce/provider/falcon/SignatureSpi$Base.class DONE
/org/apache/lucene/index/FreqProxFields$FreqProxTermsEnum$1.class starting
/org/apache/lucene/index/FreqProxFields$FreqProxTermsEnum$1.class DONE
/org/bouncycastle/jcajce/provider/digest/Whirlpool$KeyGenerator.class starting
/org/bouncycastle/jcajce/provider/digest/Whirlpool$KeyGenerator.class DONE
/net/bytebuddy/implementation/HashCodeMethod$ValueTransformer$7.class starting
/net/bytebuddy/implementation/HashCodeMethod$ValueTransformer$7.class DONE
/com/google/common/collect/MultimapBuilder$2.class starting
/com/google/common/collect/MultimapBuilder$2.class DONE
/com/google/common/base/Platform.class starting
/com/google/common/base/Platform.class DONE
/org/bouncycastle/jcajce/provider/asymmetric/rsa/PSSSignatureSpi$SHA512withRSA.class starting
/org/bouncycastle/jcajce/provider/asymmetric/rsa/PSSSignatureSpi$SHA512withRSA.class DONE
/com/google/common/net/HttpHeaders.class starting
/com/google/common/net/HttpHeaders.class DONE
/org/bouncycastle/pqc/crypto/falcon/FalconSmallPrime.class starting
/org/bouncycastle/pqc/crypto/falcon/FalconSmallPrime.class DONE
/net/bytebuddy/implementation/bind/annotation/Morph$Binder$RedirectionProxy$InstanceFieldConstructor$Appender.class starting
/net/bytebuddy/implementation/bind/annotation/Morph$Binder$RedirectionProxy$InstanceFieldConstructor$Appender.class DONE
/net/bytebuddy/implementation/InvocationHandlerAdapter.class starting
/net/bytebuddy/implementation/InvocationHandlerAdapter.class DONE
/org/bouncycastle/crypto/modes/NISTCTSBlockCipher.class starting
/org/bouncycastle/crypto/modes/NISTCTSBlockCipher.class DONE
/org/bouncycastle/jcajce/provider/digest/Skein$HMacKeyGenerator_512_384.class starting
/org/bouncycastle/jcajce/provider/digest/Skein$HMacKeyGenerator_512_384.class DONE
/org/bouncycastle/pqc/legacy/crypto/mceliece/McEliecePrivateKeyParameters.class starting
/org/bouncycastle/pqc/legacy/crypto/mceliece/McEliecePrivateKeyParameters.class DONE
/org/bouncycastle/x509/X509CRLStoreSelector.class starting
/org/bouncycastle/x509/X509CRLStoreSelector.class DONE
/org/apache/lucene/util/fst/Util$FSTPath.class starting
/org/apache/lucene/util/fst/Util$FSTPath.class DONE
/org/apache/lucene/search/LongValuesSource$LongValuesComparatorSource.class starting
/org/apache/lucene/search/LongValuesSource$LongValuesComparatorSource.class DONE
/net/bytebuddy/description/type/TypeDescription$Generic$OfParameterizedType$Latent.class starting
/net/bytebuddy/description/type/TypeDescription$Generic$OfParameterizedType$Latent.class DONE
/org/bouncycastle/pqc/crypto/util/PublicKeyFactory$LMSConverter.class starting
/org/bouncycastle/pqc/crypto/util/PublicKeyFactory$LMSConverter.class DONE
/org/bouncycastle/crypto/util/SSHNamedCurves$3.class starting
/org/bouncycastle/crypto/util/SSHNamedCurves$3.class DONE
/com/google/common/io/LineProcessor.class starting
/com/google/common/io/LineProcessor.class DONE
/org/bouncycastle/pqc/legacy/math/linearalgebra/GF2Matrix.class starting
/org/bouncycastle/pqc/legacy/math/linearalgebra/GF2Matrix.class DONE
/com/google/common/cache/LongAddables.class starting
/com/google/common/cache/LongAddables.class DONE
/org/bouncycastle/jcajce/provider/symmetric/CAST5$CBC.class starting
/org/bouncycastle/jcajce/provider/symmetric/CAST5$CBC.class DONE
/org/bouncycastle/jcajce/provider/symmetric/HC128$KeyGen.class starting
/org/bouncycastle/jcajce/provider/symmetric/HC128$KeyGen.class DONE
/org/bouncycastle/pqc/crypto/xmss/XMSSMTPrivateKeyParameters$Builder.class starting
/org/bouncycastle/pqc/crypto/xmss/XMSSMTPrivateKeyParameters$Builder.class DONE
/org/bouncycastle/jcajce/provider/asymmetric/ec/KeyAgreementSpi$DHUwithSHA224KDF.class starting
/org/bouncycastle/jcajce/provider/asymmetric/ec/KeyAgreementSpi$DHUwithSHA224KDF.class DONE
/org/apache/lucene/document/FloatPoint$2.class starting
/org/apache/lucene/document/FloatPoint$2.class DONE
/org/apache/lucene/index/SortedNumericDocValuesWriter.class starting
/org/apache/lucene/index/SortedNumericDocValuesWriter.class DONE
/org/bouncycastle/pqc/math/ntru/parameters/NTRUHPS2048509.class starting
/org/bouncycastle/pqc/math/ntru/parameters/NTRUHPS2048509.class DONE
/net/bytebuddy/implementation/bytecode/ByteCodeAppender$Compound.class starting
/net/bytebuddy/implementation/bytecode/ByteCodeAppender$Compound.class DONE
/com/google/common/collect/Maps$AsMapView$1EntrySetImpl.class starting
/com/google/common/collect/Maps$AsMapView$1EntrySetImpl.class DONE
/org/apache/lucene/search/TopDocsCollector.class starting
/org/apache/lucene/search/TopDocsCollector.class DONE
/net/bytebuddy/asm/Advice$Dispatcher$Resolved$AbstractBase.class starting
/net/bytebuddy/asm/Advice$Dispatcher$Resolved$AbstractBase.class DONE
/org/bouncycastle/jcajce/provider/asymmetric/ec/BCECPrivateKey.class starting
/org/bouncycastle/jcajce/provider/asymmetric/ec/BCECPrivateKey.class DONE
/org/bouncycastle/crypto/engines/SparkleEngine$1.class starting
/org/bouncycastle/crypto/engines/SparkleEngine$1.class DONE
/org/bouncycastle/asn1/sec/SECNamedCurves$17.class starting
/org/bouncycastle/asn1/sec/SECNamedCurves$17.class DONE
/org/bouncycastle/math/ec/custom/sec/SecP384R1FieldElement.class starting
/org/bouncycastle/math/ec/custom/sec/SecP384R1FieldElement.class DONE
/net/bytebuddy/asm/Advice$OffsetMapping.class starting
/net/bytebuddy/asm/Advice$OffsetMapping.class DONE
/com/google/common/collect/AbstractMapBasedMultiset$2$1.class starting
/com/google/common/collect/AbstractMapBasedMultiset$2$1.class DONE
/org/bouncycastle/asn1/ASN1ObjectDescriptor$1.class starting
/org/bouncycastle/asn1/ASN1ObjectDescriptor$1.class DONE
/com/google/common/cache/LocalCache$EntryFactory$2.class starting
/com/google/common/cache/LocalCache$EntryFactory$2.class DONE
/net/bytebuddy/implementation/bind/annotation/AllArguments.class starting
/net/bytebuddy/implementation/bind/annotation/AllArguments.class DONE
/org/apache/lucene/search/ImpactsDISI.class starting
/org/apache/lucene/search/ImpactsDISI.class DONE
/org/apache/lucene/search/similarities/MultiSimilarity.class starting
/org/apache/lucene/search/similarities/MultiSimilarity.class DONE
/net/bytebuddy/build/EntryPoint$Default.class starting
/org/apache/lucene/document/LatLonPointDistanceQuery.class starting
/org/apache/lucene/document/LatLonPointDistanceQuery.class DONE
/net/bytebuddy/build/EntryPoint$Default.class DONE
/net/bytebuddy/dynamic/VisibilityBridgeStrategy$Default$2.class starting
/net/bytebuddy/dynamic/VisibilityBridgeStrategy$Default$2.class DONE
/com/google/common/util/concurrent/AbstractFuture$Listener.class starting
/com/google/common/util/concurrent/AbstractFuture$Listener.class DONE
/org/apache/lucene/index/TermVectorsConsumerPerField$TermVectorsPostingsArray.class starting
/org/apache/lucene/index/TermVectorsConsumerPerField$TermVectorsPostingsArray.class DONE
/org/apache/lucene/internal/hppc/LongIntHashMap$LongIntCursor.class starting
/org/apache/lucene/internal/hppc/LongIntHashMap$LongIntCursor.class DONE
/org/apache/lucene/codecs/lucene90/Lucene90PointsFormat.class starting
/org/apache/lucene/codecs/lucene90/Lucene90PointsFormat.class DONE
/org/apache/lucene/util/automaton/MinimizationOperations$IntPair.class starting
/org/apache/lucene/util/automaton/MinimizationOperations$IntPair.class DONE
/org/bouncycastle/jcajce/spec/SkeinParameterSpec.class starting
/org/bouncycastle/jcajce/spec/SkeinParameterSpec.class DONE
/net/bytebuddy/agent/builder/AgentBuilder$RedefinitionStrategy$Listener$Adapter.class starting
/net/bytebuddy/agent/builder/AgentBuilder$RedefinitionStrategy$Listener$Adapter.class DONE
/net/bytebuddy/jar/asm/RecordComponentWriter.class starting
/net/bytebuddy/jar/asm/RecordComponentWriter.class DONE
/com/google/common/hash/Hashing.class starting
/com/google/common/hash/Hashing.class DONE
/com/google/common/collect/Multisets$4.class starting
/com/google/common/collect/Multisets$4.class DONE
/net/bytebuddy/utility/dispatcher/JavaDispatcher$Dispatcher.class starting
/net/bytebuddy/utility/dispatcher/JavaDispatcher$Dispatcher.class DONE
/org/apache/lucene/index/BaseTermsEnum$1.class starting
/org/apache/lucene/index/BaseTermsEnum$1.class DONE
/org/bouncycastle/asn1/ocsp/OCSPRequest.class starting
/org/bouncycastle/asn1/ocsp/OCSPRequest.class DONE
/org/apache/lucene/codecs/KnnVectorsWriter$ByteVectorValuesSub.class starting
/org/apache/lucene/codecs/KnnVectorsWriter$ByteVectorValuesSub.class DONE
/net/bytebuddy/asm/ClassVisitorFactory$FrameTranslator.class starting
/net/bytebuddy/asm/ClassVisitorFactory$FrameTranslator.class DONE
/com/google/common/collect/TreeTraverser.class starting
/com/google/common/collect/TreeTraverser.class DONE
/org/bouncycastle/jcajce/provider/asymmetric/CompositeSignatures.class starting
/org/bouncycastle/jcajce/provider/asymmetric/CompositeSignatures.class DONE
/org/bouncycastle/jcajce/BCFKSLoadStoreParameter$SignatureAlgorithm.class starting
/org/bouncycastle/jcajce/BCFKSLoadStoreParameter$SignatureAlgorithm.class DONE
/com/google/common/graph/AbstractBaseGraph$1.class starting
/com/google/common/graph/AbstractBaseGraph$1.class DONE
/net/bytebuddy/implementation/bytecode/member/FieldAccess$AccessDispatcher$FieldPutInstruction.class starting
/net/bytebuddy/implementation/bytecode/member/FieldAccess$AccessDispatcher$FieldPutInstruction.class DONE
/org/apache/lucene/index/ConcurrentMergeScheduler.class starting
/org/apache/lucene/index/ConcurrentMergeScheduler.class DONE
/org/bouncycastle/pqc/asn1/PQCObjectIdentifiers.class starting
/org/bouncycastle/pqc/asn1/PQCObjectIdentifiers.class DONE
/com/google/common/collect/CollectSpliterators.class starting
/com/google/common/collect/CollectSpliterators.class DONE
/org/bouncycastle/jcajce/provider/digest/SHA3$Mappings.class starting
/org/bouncycastle/jcajce/provider/digest/SHA3$Mappings.class DONE
/net/bytebuddy/agent/builder/AgentBuilder$PoolStrategy$Default.class starting
/net/bytebuddy/agent/builder/AgentBuilder$PoolStrategy$Default.class DONE
/net/bytebuddy/asm/Advice$AssignReturned$ToReturned$Handler.class starting
/net/bytebuddy/asm/Advice$AssignReturned$ToReturned$Handler.class DONE
/org/bouncycastle/jce/provider/RFC3280CertPathUtilities.class DONE
/org/apache/lucene/document/XYShapeDocValues.class starting
/org/apache/lucene/document/XYShapeDocValues.class DONE
/org/bouncycastle/jcajce/provider/asymmetric/rsa/PSSSignatureSpi$SHA512withRSA.class starting
/org/bouncycastle/jcajce/provider/asymmetric/rsa/PSSSignatureSpi$SHA512withRSA.class DONE
/org/bouncycastle/pqc/crypto/xmss/XMSSMTPrivateKeyParameters$Builder.class starting
/org/bouncycastle/pqc/crypto/xmss/XMSSMTPrivateKeyParameters$Builder.class DONE
/org/bouncycastle/math/ec/custom/gm/SM2P256V1FieldElement.class starting
/org/bouncycastle/math/ec/custom/gm/SM2P256V1FieldElement.class DONE
/org/bouncycastle/jcajce/provider/digest/RIPEMD256$HashMac.class starting
/org/bouncycastle/jcajce/provider/digest/RIPEMD256$HashMac.class DONE
/org/bouncycastle/math/ec/custom/sec/SecP384R1FieldElement.class starting
/org/bouncycastle/math/ec/custom/gm/SM2P256V1FieldElement.class starting
/org/bouncycastle/math/ec/custom/sec/SecP384R1FieldElement.class DONE
/org/apache/lucene/document/XYShapeDocValues.class starting
/org/bouncycastle/math/ec/custom/gm/SM2P256V1FieldElement.class DONE
/org/bouncycastle/jcajce/provider/asymmetric/rsa/PSSSignatureSpi$SHA512withRSA.class starting
/org/bouncycastle/pqc/crypto/xmss/XMSSMTPrivateKeyParameters$Builder.class starting
/org/apache/lucene/document/XYShapeDocValues.class DONE
/org/bouncycastle/pqc/crypto/xmss/XMSSMTPrivateKeyParameters$Builder.class DONE
/org/bouncycastle/jcajce/provider/asymmetric/rsa/PSSSignatureSpi$SHA512withRSA.class DONE
/org/bouncycastle/jce/provider/RFC3280CertPathUtilities.class starting
/org/bouncycastle/jce/provider/RFC3280CertPathUtilities.class DONE
/org/apache/lucene/codecs/lucene90/Lucene90PointsFormat.class starting
/org/apache/lucene/codecs/lucene90/Lucene90PointsFormat.class DONE
/org/apache/lucene/document/LatLonPointDistanceQuery.class starting
/org/apache/lucene/document/LatLonPointDistanceQuery.class DONE
Could not read file /com/google/common/collect/DenseImmutableTable.class
Could not read file /org/apache/lucene/document/ShapeDocValues.class
Could not read file /org/apache/lucene/index/MergeRateLimiter.class
*****
{
  "olly": {
    "version": 2,
    "wall_time": 155.1,
    "cpu_time": 2007.04,
    "gc_time": 135.35,
    "gc_overhead": 6.74,
    "max_rss_kb": 3965044,
    "domain_stats": {
      "0": {
        "wall_time": 155.1,
        "gc_time": 0.82,
        "gc_overhead": 0.53
      },
      "1": {
        "wall_time": 154.35,
        "gc_time": 10.14,
        "gc_overhead": 6.57
      },
      "2": {
        "wall_time": 154.35,
        "gc_time": 13.4,
        "gc_overhead": 8.68
      },
      "3": {
        "wall_time": 154.28,
        "gc_time": 9.71,
        "gc_overhead": 6.29
      },
      "4": {
        "wall_time": 154.29,
        "gc_time": 10.58,
        "gc_overhead": 6.86
      },
      "5": {
        "wall_time": 154.27,
        "gc_time": 10.08,
        "gc_overhead": 6.53
      },
      "6": {
        "wall_time": 154.36,
        "gc_time": 9.92,
        "gc_overhead": 6.43
      },
      "7": {
        "wall_time": 154.35,
        "gc_time": 9.45,
        "gc_overhead": 6.12
      },
      "8": {
        "wall_time": 154.3,
        "gc_time": 9.75,
        "gc_overhead": 6.32
      },
      "9": {
        "wall_time": 154.36,
        "gc_time": 10.9,
        "gc_overhead": 7.06
      },
      "10": {
        "wall_time": 154.34,
        "gc_time": 8.51,
        "gc_overhead": 5.51
      },
      "11": {
        "wall_time": 154.37,
        "gc_time": 17.02,
        "gc_overhead": 11.02
      },
      "12": {
        "wall_time": 154.33,
        "gc_time": 15.04,
        "gc_overhead": 9.75
      }
    },
    "mean_latency": 4.107977,
    "stddev_latency": 8.321325,
    "min_latency": 0.0,
    "max_latency": 151.781375,
    "distr_latency": {
      "25.0000": 0.000855,
      "50.0000": 0.001719,
      "60.0000": 0.002751,
      "70.0000": 0.032927,
      "75.0000": 2.850815,
      "80.0000": 7.577599,
      "85.0000": 13.885439,
      "90.0000": 18.038783,
      "95.0000": 23.019519,
      "96.0000": 24.526847,
      "97.0000": 26.148863,
      "98.0000": 28.360703,
      "99.0000": 31.916031,
      "99.9000": 44.761087,
      "99.9900": 91.553791,
      "99.9990": 151.781375,
      "99.9999": 151.781375,
      "100.0000": 151.781375
    },
    "outliers": {
      "count": 0,
      "mean_latency": 0.0,
      "max_latency": 0.0
    },
    "allocations": {
      "total_heap": 53859778124,
      "minor_heap": 54048204419,
      "major_heap": 451576918,
      "promoted_words": 640003213,
      "promoted_pct": 1.18
    },
    "domain_alloc_stats": {
      "0": {
        "total": 26440328,
        "minor": 8193340,
        "promoted": 7265391,
        "major": 25512379,
        "promoted_pct": 88.67
      },
      "1": {
        "total": 2632754217,
        "minor": 2640577872,
        "promoted": 38550133,
        "major": 30726478,
        "promoted_pct": 1.46
      },
      "2": {
        "total": 6590093911,
        "minor": 6609169368,
        "promoted": 76383283,
        "major": 57307826,
        "promoted_pct": 1.16
      },
      "3": {
        "total": 2835141320,
        "minor": 2854050073,
        "promoted": 46297328,
        "major": 27388575,
        "promoted_pct": 1.62
      },
      "4": {
        "total": 2912564427,
        "minor": 2931644516,
        "promoted": 42462545,
        "major": 23382456,
        "promoted_pct": 1.45
      },
      "5": {
        "total": 3145490264,
        "minor": 3159554725,
        "promoted": 47961029,
        "major": 33896568,
        "promoted_pct": 1.52
      },
      "6": {
        "total": 3217173855,
        "minor": 3226643039,
        "promoted": 45485987,
        "major": 36016803,
        "promoted_pct": 1.41
      },
      "7": {
        "total": 2883094163,
        "minor": 2895746543,
        "promoted": 42941398,
        "major": 30289018,
        "promoted_pct": 1.48
      },
      "8": {
        "total": 3102094940,
        "minor": 3116064706,
        "promoted": 43735136,
        "major": 29765370,
        "promoted_pct": 1.4
      },
      "9": {
        "total": 4055743517,
        "minor": 4077838051,
        "promoted": 62365174,
        "major": 40270640,
        "promoted_pct": 1.53
      },
      "10": {
        "total": 2620196544,
        "minor": 2632046551,
        "promoted": 41246753,
        "major": 29396746,
        "promoted_pct": 1.57
      },
      "11": {
        "total": 10410466944,
        "minor": 10453889595,
        "promoted": 98701007,
        "major": 55278356,
        "promoted_pct": 0.94
      },
      "12": {
        "total": 9428523694,
        "minor": 9442786040,
        "promoted": 46608049,
        "major": 32345703,
        "promoted_pct": 0.49
      }
    },
    "collections": {
      "minor": 1474,
      "major": 29,
      "forced_major": 0,
      "compactions": 0
    },
    "stats_reliable": true
  },
  "perf": [
    {
      "counter-value": "303493.767757",
      "unit": "msec",
      "event": "task-clock",
      "event-runtime": 303493767757,
      "pcnt-running": 100.0,
      "metric-value": "1.943169",
      "metric-unit": "CPUs utilized"
    },
    {
      "counter-value": "945706.000000",
      "unit": "",
      "event": "page-faults",
      "event-runtime": 303493764045,
      "pcnt-running": 100.0,
      "metric-value": "3.116064",
      "metric-unit": "K/sec"
    },
    {
      "counter-value": "999155320440.000000",
      "unit": "",
      "event": "cycles",
      "event-runtime": 303493761817,
      "pcnt-running": 100.0,
      "metric-value": "3.292177",
      "metric-unit": "GHz"
    },
    {
      "counter-value": "1254858729262.000000",
      "unit": "",
      "event": "instructions",
      "event-runtime": 303493755792,
      "pcnt-running": 100.0,
      "metric-value": "1.255920",
      "metric-unit": "insn per cycle"
    }
  ]
}
-----
mkdir -p PLOTTY_WORKAROUND; timedrun; OCAMLRUNPARAM="s=524288,o=80,e=18,d=128" /home/udesou/.bench-agent/git/macro-benches/benchmarks/infer/infer_default-ocaml-5.5.0-f523850-fp
running-ng v0.3.8
Wed Sep  9 10:40:08 AM UTC 2026

 10:40:08 up 2 days, 10:34,  2 users,  load average: 6.91, 8.37, 8.69
USER     TTY      FROM             LOGIN@   IDLE   JCPU   PCPU  WHAT

procs -----------memory---------- ---swap-- -----io---- -system-- -------cpu-------
 r  b   swpd   free   buff  cache   si   so    bi    bo   in   cs us sy id wa st gu
 0  1      0 43098340 4106148 17588956    0    0    42   608 2140    3 13  0 76 11  0  0
 0  1      0 43098160 4106148 17588984    0    0     0     0 1764 3048  0  1 87 12  0  0

top - 10:40:09 up 2 days, 10:34,  2 users,  load average: 6.91, 8.37, 8.69
Tasks: 278 total,   1 running, 277 sleeping,   0 stopped,   0 zombie
%Cpu(s):  0.0 us,  1.2 sy,  0.0 ni, 88.2 id, 10.6 wa,  0.0 hi,  0.0 si,  0.0 st 
MiB Mem :  64272.5 total,  42088.0 free,   1721.6 used,  21186.7 buff/cache     
MiB Swap:   8192.0 total,   8192.0 free,      0.0 used.  62550.8 avail Mem 

    PID USER      PR  NI    VIRT    RES    SHR S  %CPU  %MEM     TIME+ COMMAND
     51 root      20   0       0      0      0 I   9.1   0.0   6:03.25 [rcuog/8]
 234842 udesou    20   0   11908   5712   3560 R   9.1   0.0   0:00.01 top -bcn 1 -w512
      1 root      20   0   22724  14128   9580 S   0.0   0.0   1:35.44 /sbin/init
      2 root      20   0       0      0      0 S   0.0   0.0   0:00.03 [kthreadd]
      3 root      20   0       0      0      0 S   0.0   0.0   0:00.00 [pool_workqueue_release]

Environment variables: 
	CONFIG_FILE=/home/udesou/.bench-agent/work/run-20260907-001-e1/run-20260907-001.yml
	HOME=/home/udesou
	LANG=en_US.UTF-8
	LOGNAME=udesou
	LOG_DIR=/home/udesou/.bench-agent/logs
	OLLY_DIR=/home/udesou/.bench-agent/git/olly
	PATH=/usr/local/bin:/home/udesou/.bench-agent/git/olly/_build/install/default/bin:/home/udesou/ocaml-bench-service/_opam/bin:/home/udesou/.vscode-server/data/User/globalStorage/github.copilot-chat/debugCommand:/home/udesou/.vscode-server/data/User/globalStorage/github.copilot-chat/copilotCli:/home/udesou/.vscode-server/cli/servers/Stable-08d4889f9ec4a1685d257b9b95de036c8e1ce1e5/server/bin/remote-cli:/home/udesou/.opam/running-ng-ocaml-5.5.0-f523850-fp-flambda/bin:/home/udesou/.local/bin:/home/udesou/.opam/running-ng-ocaml-5.5.0-f523850-fp-flambda/bin:/home/udesou/.local/bin:/usr/local/sbin:/usr/local/bin:/usr/sbin:/usr/bin:/sbin:/bin:/usr/games:/usr/local/games:/snap/bin
	PWD=/home/udesou/ocaml-bench-service
	PYTHONPATH=/home/udesou/.bench-agent/git/running-ng/src
	RUNNING_BENCH_DIR=/home/udesou/.bench-agent/git/macro-benches
	RUNNING_MACRO_BENCH_DIR=/home/udesou/.bench-agent/git/macro-benches
	RUNNING_NG_PACKAGE_DATA=/home/udesou/.bench-agent/git/running-ng/src/running/config
	RUNNING_REUSE_SWITCHES=1
	RUNNING_TAG=default_run,large_run
	SHELL=/bin/bash
	SHLVL=1
	TERM=screen.xterm-256color
	USER=udesou
	_=/usr/bin/python3
OS: Linux obelisk 6.8.0-139-generic #139-Ubuntu SMP PREEMPT_DYNAMIC Sat Aug  1 03:52:05 UTC 2026 x86_64 x86_64 x86_64 GNU/Linux
CPU: model name	: Intel(R) Xeon(R) CPU E5-2667 v2 @ 3.30GHz
number of cores: 8
Frequency of cpu 0: 3.30 GHz
Governor of cpu 0: performance
Scaling_min_freq of cpu 0: 1.20 GHz
Frequency of cpu 2: 3.30 GHz
Governor of cpu 2: performance
Scaling_min_freq of cpu 2: 1.20 GHz
Frequency of cpu 4: 3.30 GHz
Governor of cpu 4: performance
Scaling_min_freq of cpu 4: 1.20 GHz
Frequency of cpu 6: 3.30 GHz
Governor of cpu 6: performance
Scaling_min_freq of cpu 6: 1.20 GHz
WARNING: Failed to resolve file /com/google/common/annotations/Beta.class with "No such file or directory" 

WARNING: Failed to resolve file /com/google/common/base/Converter$IdentityConverter.class with "No such file or directory" 

WARNING: Failed to resolve file /com/google/common/base/Platform.class with "No such file or directory" 

WARNING: Failed to resolve file /com/google/common/base/Utf8.class with "No such file or directory" 

WARNING: Failed to resolve file /com/google/common/cache/LocalCache$EntryFactory$2.class with "No such file or directory" 

WARNING: Failed to resolve file /com/google/common/cache/LongAddables.class with "No such file or directory" 

WARNING: Failed to resolve file /com/google/common/collect/AbstractMapBasedMultiset$2$1.class with "No such file or directory" 

WARNING: Failed to resolve file /com/google/common/collect/CollectSpliterators.class with "No such file or directory" 

WARNING: Failed to resolve file /com/google/common/collect/DenseImmutableTable.class with "No such file or directory" 

WARNING: Failed to resolve file /com/google/common/collect/ForwardingConcurrentMap.class with "No such file or directory" 

WARNING: Failed to resolve file /com/google/common/collect/HashMultimap.class with "No such file or directory" 

WARNING: Failed to resolve file /com/google/common/collect/ImmutableMultimap$Builder.class with "No such file or directory" 

WARNING: Failed to resolve file /com/google/common/collect/ImmutableSortedSet$1.class with "No such file or directory" 

WARNING: Failed to resolve file /com/google/common/collect/JdkBackedImmutableMap.class with "No such file or directory" 

WARNING: Failed to resolve file /com/google/common/collect/MapMakerInternalMap$EntrySet.class with "No such file or directory" 

WARNING: Failed to resolve file /com/google/common/collect/Maps$AsMapView$1EntrySetImpl.class with "No such file or directory" 

WARNING: Failed to resolve file /com/google/common/collect/MultimapBuilder$2.class with "No such file or directory" 

WARNING: Failed to resolve file /com/google/common/collect/Multisets$4.class with "No such file or directory" 

WARNING: Failed to resolve file /com/google/common/collect/RegularImmutableMap$Values.class with "No such file or directory" 

WARNING: Failed to resolve file /com/google/common/collect/SortedLists$KeyAbsentBehavior$2.class with "No such file or directory" 

WARNING: Failed to resolve file /com/google/common/collect/Streams$DoubleFunctionWithIndex.class with "No such file or directory" 

WARNING: Failed to resolve file /com/google/common/collect/TransformedListIterator.class with "No such file or directory" 

WARNING: Failed to resolve file /com/google/common/collect/TreeTraverser.class with "No such file or directory" 

WARNING: Failed to resolve file /com/google/common/graph/AbstractBaseGraph$1.class with "No such file or directory" 

WARNING: Failed to resolve file /com/google/common/graph/GraphBuilder.class with "No such file or directory" 

WARNING: Failed to resolve file /com/google/common/graph/ValueGraph.class with "No such file or directory" 

WARNING: Failed to resolve file /com/google/common/hash/Hashing.class with "No such file or directory" 

WARNING: Failed to resolve file /com/google/common/io/BaseEncoding.class with "No such file or directory" 

WARNING: Failed to resolve file /com/google/common/io/LineProcessor.class with "No such file or directory" 

WARNING: Failed to resolve file /com/google/common/net/HttpHeaders.class with "No such file or directory" 

WARNING: Failed to resolve file /com/google/common/primitives/Shorts$ShortConverter.class with "No such file or directory" 

WARNING: Failed to resolve file /com/google/common/reflect/TypeToken$Bounds.class with "No such file or directory" 

WARNING: Failed to resolve file /com/google/common/util/concurrent/AbstractFuture$Listener.class with "No such file or directory" 

WARNING: Failed to resolve file /com/google/common/util/concurrent/AggregateFutureState.class with "No such file or directory" 

WARNING: Failed to resolve file /com/google/common/util/concurrent/ForwardingCheckedFuture$SimpleForwardingCheckedFuture.class with "No such file or directory" 

WARNING: Failed to resolve file /com/google/common/util/concurrent/Monitor$Guard.class with "No such file or directory" 

WARNING: Failed to resolve file /com/google/common/util/concurrent/SimpleTimeLimiter$1.class with "No such file or directory" 

WARNING: Failed to resolve file /net/bytebuddy/ByteBuddy$RecordConstructorStrategy.class with "No such file or directory" 

WARNING: Failed to resolve file /net/bytebuddy/agent/builder/AgentBuilder$Default$NativeMethodStrategy$ForPrefix.class with "No such file or directory" 

WARNING: Failed to resolve file /net/bytebuddy/agent/builder/AgentBuilder$InstallationListener$Compound.class with "No such file or directory" 

WARNING: Failed to resolve file /net/bytebuddy/agent/builder/AgentBuilder$PoolStrategy$Default.class with "No such file or directory" 

WARNING: Failed to resolve file /net/bytebuddy/agent/builder/AgentBuilder$RedefinitionStrategy$Listener$Adapter.class with "No such file or directory" 

WARNING: Failed to resolve file /net/bytebuddy/agent/builder/package-info.class with "No such file or directory" 

WARNING: Failed to resolve file /net/bytebuddy/asm/Advice$AssignReturned$ToReturned$Handler.class with "No such file or directory" 

WARNING: Failed to resolve file /net/bytebuddy/asm/Advice$Dispatcher$Resolved$AbstractBase.class with "No such file or directory" 

WARNING: Failed to resolve file /net/bytebuddy/asm/Advice$OffsetMapping$ForInstrumentedMethod$2.class with "No such file or directory" 

WARNING: Failed to resolve file /net/bytebuddy/asm/Advice$OffsetMapping.class with "No such file or directory" 

WARNING: Failed to resolve file /net/bytebuddy/asm/ClassVisitorFactory$FrameTranslator.class with "No such file or directory" 

WARNING: Failed to resolve file /net/bytebuddy/asm/MemberSubstitution$TypePoolResolver$OfImplicitPool.class with "No such file or directory" 

WARNING: Failed to resolve file /net/bytebuddy/build/EntryPoint$Default.class with "No such file or directory" 

WARNING: Failed to resolve file /net/bytebuddy/build/Plugin$Engine$Listener$StreamWriting.class with "No such file or directory" 

WARNING: Failed to resolve file /net/bytebuddy/build/Plugin$Factory$UsingReflection$Instantiator$Unresolved.class with "No such file or directory" 

WARNING: Failed to resolve file /net/bytebuddy/description/annotation/AnnotationDescription.class with "No such file or directory" 

WARNING: Failed to resolve file /net/bytebuddy/description/annotation/AnnotationValue$Loaded$AbstractBase$ForUnresolvedProperty.class with "No such file or directory" 

WARNING: Failed to resolve file /net/bytebuddy/description/method/MethodList$Explicit.class with "No such file or directory" 

WARNING: Failed to resolve file /net/bytebuddy/description/modifier/SynchronizationState.class with "No such file or directory" 

WARNING: Failed to resolve file /net/bytebuddy/description/type/TypeDescription$Generic$AnnotationReader$Delegator$ForLoadedTypeVariable.class with "No such file or directory" 

WARNING: Failed to resolve file /net/bytebuddy/description/type/TypeDescription$Generic$OfParameterizedType$Latent.class with "No such file or directory" 

WARNING: Failed to resolve file /net/bytebuddy/description/type/TypeDescription$Latent.class with "No such file or directory" 

WARNING: Failed to resolve file /net/bytebuddy/dynamic/ClassFileLocator$ForModuleFile.class with "No such file or directory" 

WARNING: Failed to resolve file /net/bytebuddy/dynamic/DynamicType$Builder$MethodDefinition$ParameterDefinition$Simple$Annotatable$AbstractBase.class with "No such file or directory" 

WARNING: Failed to resolve file /net/bytebuddy/dynamic/VisibilityBridgeStrategy$Default$2.class with "No such file or directory" 

WARNING: Failed to resolve file /net/bytebuddy/dynamic/loading/ClassInjector$UsingReflection$Dispatcher$Initializable.class with "No such file or directory" 

WARNING: Failed to resolve file /net/bytebuddy/dynamic/loading/PackageDefinitionStrategy$ManifestReading.class with "No such file or directory" 

WARNING: Failed to resolve file /net/bytebuddy/dynamic/scaffold/MethodGraph$Compiler$Default$Key$Store$Entry$Initial.class with "No such file or directory" 

WARNING: Failed to resolve file /net/bytebuddy/dynamic/scaffold/TypeWriter$Default$ClassDumpAction$Dispatcher$Enabled.class with "No such file or directory" 

WARNING: Failed to resolve file /net/bytebuddy/dynamic/scaffold/TypeWriter$MethodPool$Record$AccessBridgeWrapper.class with "No such file or directory" 

WARNING: Failed to resolve file /net/bytebuddy/dynamic/scaffold/subclass/SubclassImplementationTarget$OriginTypeResolver$1.class with "No such file or directory" 

WARNING: Failed to resolve file /net/bytebuddy/implementation/FieldAccessor$FieldLocation.class with "No such file or directory" 

WARNING: Failed to resolve file /net/bytebuddy/implementation/HashCodeMethod$ValueTransformer$7.class with "No such file or directory" 

WARNING: Failed to resolve file /net/bytebuddy/implementation/InvocationHandlerAdapter.class with "No such file or directory" 

WARNING: Failed to resolve file /net/bytebuddy/implementation/InvokeDynamic$WithImplicitArguments.class with "No such file or directory" 

WARNING: Failed to resolve file /net/bytebuddy/implementation/MethodCall$MethodInvoker.class with "No such file or directory" 

WARNING: Failed to resolve file /net/bytebuddy/implementation/MethodDelegation.class with "No such file or directory" 

WARNING: Failed to resolve file /net/bytebuddy/implementation/attribute/AnnotationValueFilter$Factory.class with "No such file or directory" 

WARNING: Failed to resolve file /net/bytebuddy/implementation/auxiliary/TypeProxy$1.class with "No such file or directory" 

WARNING: Failed to resolve file /net/bytebuddy/implementation/bind/annotation/AllArguments.class with "No such file or directory" 

WARNING: Failed to resolve file /net/bytebuddy/implementation/bind/annotation/Morph$Binder$RedirectionProxy$InstanceFieldConstructor$Appender.class with "No such file or directory" 

WARNING: Failed to resolve file /net/bytebuddy/implementation/bytecode/ByteCodeAppender$Compound.class with "No such file or directory" 

WARNING: Failed to resolve file /net/bytebuddy/implementation/bytecode/assign/reference/GenericTypeAwareAssigner$IsAssignableToVisitor$OfGenericArray.class with "No such file or directory" 

WARNING: Failed to resolve file /net/bytebuddy/implementation/bytecode/member/FieldAccess$AccessDispatcher$FieldPutInstruction.class with "No such file or directory" 

WARNING: Failed to resolve file /net/bytebuddy/jar/asm/RecordComponentWriter.class with "No such file or directory" 

WARNING: Failed to resolve file /net/bytebuddy/matcher/FilterableList.class with "No such file or directory" 

WARNING: Failed to resolve file /net/bytebuddy/matcher/TypeSortMatcher.class with "No such file or directory" 

WARNING: Failed to resolve file /net/bytebuddy/pool/TypePool$Default$LazyTypeDescription$AnnotationToken.class with "No such file or directory" 

WARNING: Failed to resolve file /net/bytebuddy/pool/TypePool$Default$LazyTypeDescription$LazyMethodDescription$LazyParameterizedReceiverType$TypeArgumentList$AnnotatedTypeVariable.class with "No such file or directory" 

WARNING: Failed to resolve file /net/bytebuddy/utility/FileSystem$ForNio2CapableVm$StandardCopyOption.class with "No such file or directory" 

WARNING: Failed to resolve file /net/bytebuddy/utility/dispatcher/JavaDispatcher$Dispatcher.class with "No such file or directory" 

WARNING: Failed to resolve file /org/apache/lucene/analysis/CharArrayMap.class with "No such file or directory" 

WARNING: Failed to resolve file /org/apache/lucene/analysis/tokenattributes/TermToBytesRefAttribute.class with "No such file or directory" 

WARNING: Failed to resolve file /org/apache/lucene/codecs/KnnVectorsWriter$ByteVectorValuesSub.class with "No such file or directory" 

WARNING: Failed to resolve file /org/apache/lucene/codecs/hnsw/DefaultFlatVectorScorer$ByteScoringSupplier$1.class with "No such file or directory" 

WARNING: Failed to resolve file /org/apache/lucene/codecs/lucene90/Lucene90DocValuesProducer$17.class with "No such file or directory" 

WARNING: Failed to resolve file /org/apache/lucene/codecs/lucene90/Lucene90PointsFormat.class with "No such file or directory" 

WARNING: Failed to resolve file /org/apache/lucene/codecs/lucene912/ForUtil.class with "No such file or directory" 

WARNING: Failed to resolve file /org/apache/lucene/codecs/lucene99/Lucene99HnswVectorsWriter$2.class with "No such file or directory" 

WARNING: Failed to resolve file /org/apache/lucene/document/BinaryPoint$1.class with "No such file or directory" 

WARNING: Failed to resolve file /org/apache/lucene/document/FloatPoint$2.class with "No such file or directory" 

WARNING: Failed to resolve file /org/apache/lucene/document/LatLonPointDistanceQuery.class with "No such file or directory" 

WARNING: Failed to resolve file /org/apache/lucene/document/ShapeField$QueryRelation.class with "No such file or directory" 

WARNING: Failed to resolve file /org/apache/lucene/document/XYShapeDocValues.class with "No such file or directory" 

WARNING: Failed to resolve file /org/apache/lucene/index/BaseTermsEnum$1.class with "No such file or directory" 

WARNING: Failed to resolve file /org/apache/lucene/index/ConcurrentMergeScheduler.class with "No such file or directory" 

WARNING: Failed to resolve file /org/apache/lucene/index/ExitableDirectoryReader$ExitableFilterAtomicReader$4.class with "No such file or directory" 

WARNING: Failed to resolve file /org/apache/lucene/index/FreqProxFields$FreqProxTermsEnum$1.class with "No such file or directory" 

WARNING: Failed to resolve file /org/apache/lucene/index/IndexWriter$DocModifier.class with "No such file or directory" 

WARNING: Failed to resolve file /org/apache/lucene/index/MultiDocValues$1.class with "No such file or directory" 

WARNING: Failed to resolve file /org/apache/lucene/index/PointValues$IntersectVisitor.class with "No such file or directory" 

WARNING: Failed to resolve file /org/apache/lucene/index/SingletonSortedSetDocValues.class with "No such file or directory" 

WARNING: Failed to resolve file /org/apache/lucene/index/SortedNumericDocValuesWriter.class with "No such file or directory" 

WARNING: Failed to resolve file /org/apache/lucene/index/TermVectorsConsumerPerField$TermVectorsPostingsArray.class with "No such file or directory" 

WARNING: Failed to resolve file /org/apache/lucene/internal/hppc/IntDoubleHashMap$EntryIterator.class with "No such file or directory" 

WARNING: Failed to resolve file /org/apache/lucene/internal/hppc/LongIntHashMap$LongIntCursor.class with "No such file or directory" 

WARNING: Failed to resolve file /org/apache/lucene/search/BlockMaxConjunctionScorer$2.class with "No such file or directory" 

WARNING: Failed to resolve file /org/apache/lucene/search/ConstantScoreQuery$1$1.class with "No such file or directory" 

WARNING: Failed to resolve file /org/apache/lucene/search/DoubleValuesSource$DoubleValuesComparatorSource$1.class with "No such file or directory" 

WARNING: Failed to resolve file /org/apache/lucene/search/ImpactsDISI.class with "No such file or directory" 

WARNING: Failed to resolve file /org/apache/lucene/search/LongValuesSource$LongValuesComparatorSource.class with "No such file or directory" 

WARNING: Failed to resolve file /org/apache/lucene/search/NamedMatches$NamedQuery.class with "No such file or directory" 

WARNING: Failed to resolve file /org/apache/lucene/search/ReqOptSumScorer.class with "No such file or directory" 

WARNING: Failed to resolve file /org/apache/lucene/search/SortedNumericSortField$5.class with "No such file or directory" 

WARNING: Failed to resolve file /org/apache/lucene/search/TopDocsCollector.class with "No such file or directory" 

WARNING: Failed to resolve file /org/apache/lucene/search/comparators/NumericComparator$NumericLeafComparator.class with "No such file or directory" 

WARNING: Failed to resolve file /org/apache/lucene/search/similarities/MultiSimilarity.class with "No such file or directory" 

WARNING: Failed to resolve file /org/apache/lucene/store/IndexInput$1.class with "No such file or directory" 

WARNING: Failed to resolve file /org/apache/lucene/util/AttributeImpl.class with "No such file or directory" 

WARNING: Failed to resolve file /org/apache/lucene/util/DocIdSetBuilder$BulkAdder.class with "No such file or directory" 

WARNING: Failed to resolve file /org/apache/lucene/util/ModuleResourceLoader.class with "No such file or directory" 

WARNING: Failed to resolve file /org/apache/lucene/util/Sorter.class with "No such file or directory" 

WARNING: Failed to resolve file /org/apache/lucene/util/automaton/MinimizationOperations$IntPair.class with "No such file or directory" 

WARNING: Failed to resolve file /org/apache/lucene/util/bkd/OfflinePointWriter.class with "No such file or directory" 

WARNING: Failed to resolve file /org/apache/lucene/util/fst/Util$FSTPath.class with "No such file or directory" 

WARNING: Failed to resolve file /org/apache/lucene/util/mutable/MutableValueDate.class with "No such file or directory" 

WARNING: Failed to resolve file /org/apache/lucene/util/packed/DirectReader$DirectPackedReader32.class with "No such file or directory" 

WARNING: Failed to resolve file /org/apache/lucene/util/packed/PackedWriter.class with "No such file or directory" 

WARNING: Failed to resolve file /org/bouncycastle/asn1/ASN1ObjectDescriptor$1.class with "No such file or directory" 

WARNING: Failed to resolve file /org/bouncycastle/asn1/BEROctetStringParser.class with "No such file or directory" 

WARNING: Failed to resolve file /org/bouncycastle/asn1/LazyEncodedSequence.class with "No such file or directory" 

WARNING: Failed to resolve file /org/bouncycastle/asn1/ocsp/OCSPRequest.class with "No such file or directory" 

WARNING: Failed to resolve file /org/bouncycastle/asn1/sec/SECNamedCurves$17.class with "No such file or directory" 

WARNING: Failed to resolve file /org/bouncycastle/asn1/x500/DirectoryString.class with "No such file or directory" 

WARNING: Failed to resolve file /org/bouncycastle/asn1/x509/NameConstraints.class with "No such file or directory" 

WARNING: Failed to resolve file /org/bouncycastle/asn1/x509/sigi/NameOrPseudonym.class with "No such file or directory" 

WARNING: Failed to resolve file /org/bouncycastle/crypto/CipherKeyGenerator.class with "No such file or directory" 

WARNING: Failed to resolve file /org/bouncycastle/crypto/StagedAgreement.class with "No such file or directory" 

WARNING: Failed to resolve file /org/bouncycastle/crypto/digests/AsconXof$1.class with "No such file or directory" 

WARNING: Failed to resolve file /org/bouncycastle/crypto/digests/ShortenedDigest.class with "No such file or directory" 

WARNING: Failed to resolve file /org/bouncycastle/crypto/ec/ECDecryptor.class with "No such file or directory" 

WARNING: Failed to resolve file /org/bouncycastle/crypto/engines/GOST3412_2015Engine.class with "No such file or directory" 

WARNING: Failed to resolve file /org/bouncycastle/crypto/engines/SparkleEngine$1.class with "No such file or directory" 

WARNING: Failed to resolve file /org/bouncycastle/crypto/generators/ElGamalParametersGenerator.class with "No such file or directory" 

WARNING: Failed to resolve file /org/bouncycastle/crypto/macs/DSTU7564Mac.class with "No such file or directory" 

WARNING: Failed to resolve file /org/bouncycastle/crypto/modes/NISTCTSBlockCipher.class with "No such file or directory" 

WARNING: Failed to resolve file /org/bouncycastle/crypto/params/DHParameters.class with "No such file or directory" 

WARNING: Failed to resolve file /org/bouncycastle/crypto/params/NaccacheSternKeyGenerationParameters.class with "No such file or directory" 

WARNING: Failed to resolve file /org/bouncycastle/crypto/prng/X931SecureRandom.class with "No such file or directory" 

WARNING: Failed to resolve file /org/bouncycastle/crypto/util/DEROtherInfo$1.class with "No such file or directory" 

WARNING: Failed to resolve file /org/bouncycastle/crypto/util/SSHNamedCurves$3.class with "No such file or directory" 

WARNING: Failed to resolve file /org/bouncycastle/jcajce/BCFKSLoadStoreParameter$SignatureAlgorithm.class with "No such file or directory" 

WARNING: Failed to resolve file /org/bouncycastle/jcajce/provider/asymmetric/CompositeSignatures.class with "No such file or directory" 

WARNING: Failed to resolve file /org/bouncycastle/jcajce/provider/asymmetric/compositesignatures/KeyPairGeneratorSpi$MLDSA65_ECDSA_brainpoolP256r1_SHA512.class with "No such file or directory" 

WARNING: Failed to resolve file /org/bouncycastle/jcajce/provider/asymmetric/dh/KeyAgreementSpi$DHwithSHA384CKDF.class with "No such file or directory" 

WARNING: Failed to resolve file /org/bouncycastle/jcajce/provider/asymmetric/ec/BCECPrivateKey.class with "No such file or directory" 

WARNING: Failed to resolve file /org/bouncycastle/jcajce/provider/asymmetric/ec/KeyAgreementSpi$DHUwithSHA224KDF.class with "No such file or directory" 

WARNING: Failed to resolve file /org/bouncycastle/jcajce/provider/asymmetric/ec/KeyPairGeneratorSpi.class with "No such file or directory" 

WARNING: Failed to resolve file /org/bouncycastle/jcajce/provider/asymmetric/ecgost12/KeyAgreementSpi$ECVKO512.class with "No such file or directory" 

WARNING: Failed to resolve file /org/bouncycastle/jcajce/provider/asymmetric/edec/KeyPairGeneratorSpi$X448.class with "No such file or directory" 

WARNING: Failed to resolve file /org/bouncycastle/jcajce/provider/asymmetric/rsa/DigestSignatureSpi$SHA3_384.class with "No such file or directory" 

WARNING: Failed to resolve file /org/bouncycastle/jcajce/provider/asymmetric/rsa/PSSSignatureSpi$SHA512withRSA.class with "No such file or directory" 

WARNING: Failed to resolve file /org/bouncycastle/jcajce/provider/asymmetric/x509/X509CRLInternal.class with "No such file or directory" 

WARNING: Failed to resolve file /org/bouncycastle/jcajce/provider/digest/GOST3411$Mappings.class with "No such file or directory" 

WARNING: Failed to resolve file /org/bouncycastle/jcajce/provider/digest/RIPEMD256$HashMac.class with "No such file or directory" 

WARNING: Failed to resolve file /org/bouncycastle/jcajce/provider/digest/SHA3$Mappings.class with "No such file or directory" 

WARNING: Failed to resolve file /org/bouncycastle/jcajce/provider/digest/Skein$HMacKeyGenerator_512_384.class with "No such file or directory" 

WARNING: Failed to resolve file /org/bouncycastle/jcajce/provider/digest/Whirlpool$KeyGenerator.class with "No such file or directory" 

WARNING: Failed to resolve file /org/bouncycastle/jcajce/provider/keystore/pkcs12/PKCS12KeyStoreSpi$1.class with "No such file or directory" 

WARNING: Failed to resolve file /org/bouncycastle/jcajce/provider/symmetric/AES$PBEWithSHA256And192BitAESBC.class with "No such file or directory" 

WARNING: Failed to resolve file /org/bouncycastle/jcajce/provider/symmetric/CAST5$CBC.class with "No such file or directory" 

WARNING: Failed to resolve file /org/bouncycastle/jcajce/provider/symmetric/DES$Mappings.class with "No such file or directory" 

WARNING: Failed to resolve file /org/bouncycastle/jcajce/provider/symmetric/DSTU7624$GCM128.class with "No such file or directory" 

WARNING: Failed to resolve file /org/bouncycastle/jcajce/provider/symmetric/HC128$KeyGen.class with "No such file or directory" 

WARNING: Failed to resolve file /org/bouncycastle/jcajce/provider/symmetric/PBEPKCS12.class with "No such file or directory" 

WARNING: Failed to resolve file /org/bouncycastle/jcajce/provider/symmetric/Rijndael.class with "No such file or directory" 

WARNING: Failed to resolve file /org/bouncycastle/jcajce/provider/symmetric/Shacal2$AlgParams.class with "No such file or directory" 

WARNING: Failed to resolve file /org/bouncycastle/jcajce/provider/symmetric/Threefish.class with "No such file or directory" 

WARNING: Failed to resolve file /org/bouncycastle/jcajce/provider/symmetric/util/BaseStreamCipher.class with "No such file or directory" 

WARNING: Failed to resolve file /org/bouncycastle/jcajce/spec/SkeinParameterSpec.class with "No such file or directory" 

WARNING: Failed to resolve file /org/bouncycastle/jce/provider/AnnotatedException.class with "No such file or directory" 

WARNING: Failed to resolve file /org/bouncycastle/jce/provider/RFC3280CertPathUtilities.class with "No such file or directory" 

WARNING: Failed to resolve file /org/bouncycastle/math/ec/ECCurve$Config.class with "No such file or directory" 

WARNING: Failed to resolve file /org/bouncycastle/math/ec/custom/gm/SM2P256V1FieldElement.class with "No such file or directory" 

WARNING: Failed to resolve file /org/bouncycastle/math/ec/custom/sec/SecP384R1FieldElement.class with "No such file or directory" 

WARNING: Failed to resolve file /org/bouncycastle/math/ec/custom/sec/SecT239K1Curve.class with "No such file or directory" 

WARNING: Failed to resolve file /org/bouncycastle/math/ec/rfc8032/Ed25519$PointTemp.class with "No such file or directory" 

WARNING: Failed to resolve file /org/bouncycastle/pqc/asn1/PQCObjectIdentifiers.class with "No such file or directory" 

WARNING: Failed to resolve file /org/bouncycastle/pqc/crypto/crystals/dilithium/DilithiumKeyPairGenerator.class with "No such file or directory" 

WARNING: Failed to resolve file /org/bouncycastle/pqc/crypto/falcon/FalconSmallPrime.class with "No such file or directory" 

WARNING: Failed to resolve file /org/bouncycastle/pqc/crypto/hqc/HQCKEMExtractor.class with "No such file or directory" 

WARNING: Failed to resolve file /org/bouncycastle/pqc/crypto/newhope/NHKeyPairGenerator.class with "No such file or directory" 

WARNING: Failed to resolve file /org/bouncycastle/pqc/crypto/picnic/PicnicEngine.class with "No such file or directory" 

WARNING: Failed to resolve file /org/bouncycastle/pqc/crypto/sphincs/SPHINCS256KeyGenerationParameters.class with "No such file or directory" 

WARNING: Failed to resolve file /org/bouncycastle/pqc/crypto/util/PublicKeyFactory$LMSConverter.class with "No such file or directory" 

WARNING: Failed to resolve file /org/bouncycastle/pqc/crypto/xmss/XMSSMTPrivateKeyParameters$Builder.class with "No such file or directory" 

WARNING: Failed to resolve file /org/bouncycastle/pqc/jcajce/interfaces/NHPublicKey.class with "No such file or directory" 

WARNING: Failed to resolve file /org/bouncycastle/pqc/jcajce/provider/SPHINCS.class with "No such file or directory" 

WARNING: Failed to resolve file /org/bouncycastle/pqc/jcajce/provider/falcon/SignatureSpi$Base.class with "No such file or directory" 

WARNING: Failed to resolve file /org/bouncycastle/pqc/jcajce/provider/mceliece/BCMcEliecePrivateKey.class with "No such file or directory" 

WARNING: Failed to resolve file /org/bouncycastle/pqc/jcajce/provider/picnic/BCPicnicPublicKey.class with "No such file or directory" 

WARNING: Failed to resolve file /org/bouncycastle/pqc/jcajce/provider/sphincsplus/SPHINCSPlusKeyPairGeneratorSpi$Shake_256f.class with "No such file or directory" 

WARNING: Failed to resolve file /org/bouncycastle/pqc/jcajce/spec/KyberParameterSpec.class with "No such file or directory" 

WARNING: Failed to resolve file /org/bouncycastle/pqc/legacy/crypto/mceliece/McEliecePrivateKeyParameters.class with "No such file or directory" 

WARNING: Failed to resolve file /org/bouncycastle/pqc/legacy/math/linearalgebra/GF2Matrix.class with "No such file or directory" 

WARNING: Failed to resolve file /org/bouncycastle/pqc/math/ntru/parameters/NTRUHPS2048509.class with "No such file or directory" 

WARNING: Failed to resolve file /org/bouncycastle/util/encoders/HexTranslator.class with "No such file or directory" 

WARNING: Failed to resolve file /org/bouncycastle/x509/X509CRLStoreSelector.class with "No such file or directory" 

Found 215 (out of 11364) source files to analyze in /home/udesou/.bench-agent/git/macro-benches/vendor/.infer-capture-ocaml-5.5.0-f523850-fp
/net/bytebuddy/asm/Advice$OffsetMapping$ForInstrumentedMethod$2.class starting
/net/bytebuddy/asm/Advice$OffsetMapping$ForInstrumentedMethod$2.class DONE
/net/bytebuddy/dynamic/DynamicType$Builder$MethodDefinition$ParameterDefinition$Simple$Annotatable$AbstractBase.class starting
/net/bytebuddy/dynamic/DynamicType$Builder$MethodDefinition$ParameterDefinition$Simple$Annotatable$AbstractBase.class DONE
/net/bytebuddy/implementation/bytecode/assign/reference/GenericTypeAwareAssigner$IsAssignableToVisitor$OfGenericArray.class starting
/net/bytebuddy/implementation/bytecode/assign/reference/GenericTypeAwareAssigner$IsAssignableToVisitor$OfGenericArray.class DONE
/org/apache/lucene/codecs/lucene912/ForUtil.class starting
/org/apache/lucene/codecs/lucene912/ForUtil.class DONE
/org/apache/lucene/document/BinaryPoint$1.class starting
/org/apache/lucene/document/BinaryPoint$1.class DONE
/org/bouncycastle/pqc/crypto/newhope/NHKeyPairGenerator.class starting
/org/bouncycastle/pqc/crypto/newhope/NHKeyPairGenerator.class DONE
/net/bytebuddy/dynamic/scaffold/MethodGraph$Compiler$Default$Key$Store$Entry$Initial.class starting
/net/bytebuddy/dynamic/scaffold/MethodGraph$Compiler$Default$Key$Store$Entry$Initial.class DONE
/org/bouncycastle/asn1/x500/DirectoryString.class starting
/org/bouncycastle/asn1/x500/DirectoryString.class DONE
/org/apache/lucene/search/BlockMaxConjunctionScorer$2.class starting
/org/apache/lucene/search/BlockMaxConjunctionScorer$2.class DONE
/org/bouncycastle/pqc/jcajce/spec/KyberParameterSpec.class starting
/org/bouncycastle/pqc/jcajce/spec/KyberParameterSpec.class DONE
/org/apache/lucene/document/XYShapeDocValues.class starting
/org/apache/lucene/document/XYShapeDocValues.class DONE
/org/bouncycastle/jcajce/provider/symmetric/AES$PBEWithSHA256And192BitAESBC.class starting
/org/bouncycastle/jcajce/provider/symmetric/AES$PBEWithSHA256And192BitAESBC.class DONE
/org/apache/lucene/index/ExitableDirectoryReader$ExitableFilterAtomicReader$4.class starting
/org/apache/lucene/index/ExitableDirectoryReader$ExitableFilterAtomicReader$4.class DONE
/org/apache/lucene/document/ShapeField$QueryRelation.class starting
/org/apache/lucene/document/ShapeField$QueryRelation.class DONE
/org/bouncycastle/asn1/x509/sigi/NameOrPseudonym.class starting
/org/bouncycastle/asn1/x509/sigi/NameOrPseudonym.class DONE
/org/apache/lucene/search/DoubleValuesSource$DoubleValuesComparatorSource$1.class starting
/org/apache/lucene/search/DoubleValuesSource$DoubleValuesComparatorSource$1.class DONE
/com/google/common/collect/ImmutableMultimap$Builder.class starting
/com/google/common/collect/ImmutableMultimap$Builder.class DONE
/com/google/common/base/Converter$IdentityConverter.class starting
/com/google/common/base/Converter$IdentityConverter.class DONE
/net/bytebuddy/agent/builder/package-info.class starting
/net/bytebuddy/agent/builder/package-info.class DONE
/org/apache/lucene/util/Sorter.class starting
/org/apache/lucene/util/Sorter.class DONE
/com/google/common/graph/ValueGraph.class starting
/com/google/common/graph/ValueGraph.class DONE
/org/bouncycastle/pqc/jcajce/provider/SPHINCS.class starting
/org/bouncycastle/pqc/jcajce/provider/SPHINCS.class DONE
/org/bouncycastle/jcajce/provider/digest/RIPEMD256$HashMac.class starting
/org/bouncycastle/jcajce/provider/digest/RIPEMD256$HashMac.class DONE
/org/bouncycastle/jcajce/provider/symmetric/DES$Mappings.class starting
/org/bouncycastle/jcajce/provider/symmetric/DES$Mappings.class DONE
/com/google/common/util/concurrent/Monitor$Guard.class starting
/com/google/common/util/concurrent/Monitor$Guard.class DONE
/net/bytebuddy/pool/TypePool$Default$LazyTypeDescription$LazyMethodDescription$LazyParameterizedReceiverType$TypeArgumentList$AnnotatedTypeVariable.class starting
/net/bytebuddy/pool/TypePool$Default$LazyTypeDescription$LazyMethodDescription$LazyParameterizedReceiverType$TypeArgumentList$AnnotatedTypeVariable.class DONE
/net/bytebuddy/build/Plugin$Factory$UsingReflection$Instantiator$Unresolved.class starting
/net/bytebuddy/build/Plugin$Factory$UsingReflection$Instantiator$Unresolved.class DONE
/org/bouncycastle/crypto/generators/ElGamalParametersGenerator.class starting
/org/bouncycastle/crypto/generators/ElGamalParametersGenerator.class DONE
/org/bouncycastle/crypto/digests/ShortenedDigest.class starting
/org/bouncycastle/crypto/digests/ShortenedDigest.class DONE
/net/bytebuddy/matcher/FilterableList.class starting
/net/bytebuddy/matcher/FilterableList.class DONE
/com/google/common/io/BaseEncoding.class starting
/com/google/common/io/BaseEncoding.class DONE
/org/bouncycastle/pqc/crypto/picnic/PicnicEngine.class starting
/org/bouncycastle/pqc/crypto/picnic/PicnicEngine.class DONE
/org/bouncycastle/jcajce/provider/symmetric/PBEPKCS12.class starting
/org/bouncycastle/jcajce/provider/symmetric/PBEPKCS12.class DONE
/org/bouncycastle/crypto/prng/X931SecureRandom.class starting
/org/bouncycastle/crypto/prng/X931SecureRandom.class DONE
/net/bytebuddy/description/modifier/SynchronizationState.class starting
/net/bytebuddy/description/modifier/SynchronizationState.class DONE
/org/apache/lucene/search/ConstantScoreQuery$1$1.class starting
/org/apache/lucene/search/ConstantScoreQuery$1$1.class DONE
/org/apache/lucene/internal/hppc/IntDoubleHashMap$EntryIterator.class starting
/org/apache/lucene/internal/hppc/IntDoubleHashMap$EntryIterator.class DONE
/org/bouncycastle/asn1/x509/NameConstraints.class starting
/org/bouncycastle/asn1/x509/NameConstraints.class DONE
/com/google/common/graph/GraphBuilder.class starting
/com/google/common/graph/GraphBuilder.class DONE
/org/bouncycastle/jcajce/provider/symmetric/Threefish.class starting
/org/bouncycastle/jcajce/provider/symmetric/Threefish.class DONE
/com/google/common/util/concurrent/SimpleTimeLimiter$1.class starting
/com/google/common/util/concurrent/SimpleTimeLimiter$1.class DONE
/net/bytebuddy/dynamic/scaffold/TypeWriter$MethodPool$Record$AccessBridgeWrapper.class starting
/net/bytebuddy/dynamic/scaffold/TypeWriter$MethodPool$Record$AccessBridgeWrapper.class DONE
/net/bytebuddy/dynamic/ClassFileLocator$ForModuleFile.class starting
/net/bytebuddy/dynamic/ClassFileLocator$ForModuleFile.class DONE
/org/apache/lucene/search/ReqOptSumScorer.class starting
/org/apache/lucene/search/ReqOptSumScorer.class DONE
/com/google/common/util/concurrent/AggregateFutureState.class starting
/com/google/common/util/concurrent/AggregateFutureState.class DONE
/com/google/common/annotations/Beta.class starting
/com/google/common/annotations/Beta.class DONE
/com/google/common/collect/DenseImmutableTable.class starting
/com/google/common/collect/DenseImmutableTable.class DONE
/org/bouncycastle/math/ec/custom/gm/SM2P256V1FieldElement.class starting
/org/bouncycastle/math/ec/custom/gm/SM2P256V1FieldElement.class DONE
/org/bouncycastle/jcajce/provider/asymmetric/dh/KeyAgreementSpi$DHwithSHA384CKDF.class starting
/org/bouncycastle/jcajce/provider/asymmetric/dh/KeyAgreementSpi$DHwithSHA384CKDF.class DONE
/org/bouncycastle/jcajce/provider/digest/GOST3411$Mappings.class starting
/org/bouncycastle/jcajce/provider/digest/GOST3411$Mappings.class DONE
/org/bouncycastle/pqc/jcajce/provider/sphincsplus/SPHINCSPlusKeyPairGeneratorSpi$Shake_256f.class starting
/org/bouncycastle/pqc/jcajce/provider/sphincsplus/SPHINCSPlusKeyPairGeneratorSpi$Shake_256f.class DONE
/org/bouncycastle/jcajce/provider/symmetric/util/BaseStreamCipher.class starting
/org/bouncycastle/jcajce/provider/symmetric/util/BaseStreamCipher.class DONE
/net/bytebuddy/implementation/auxiliary/TypeProxy$1.class starting
/net/bytebuddy/implementation/auxiliary/TypeProxy$1.class DONE
/com/google/common/collect/ImmutableSortedSet$1.class starting
/com/google/common/collect/ImmutableSortedSet$1.class DONE
/net/bytebuddy/pool/TypePool$Default$LazyTypeDescription$AnnotationToken.class starting
/net/bytebuddy/pool/TypePool$Default$LazyTypeDescription$AnnotationToken.class DONE
/org/apache/lucene/index/SingletonSortedSetDocValues.class starting
/org/apache/lucene/index/SingletonSortedSetDocValues.class DONE
/org/bouncycastle/pqc/crypto/crystals/dilithium/DilithiumKeyPairGenerator.class starting
/org/bouncycastle/pqc/crypto/crystals/dilithium/DilithiumKeyPairGenerator.class DONE
/org/bouncycastle/math/ec/rfc8032/Ed25519$PointTemp.class starting
/org/bouncycastle/math/ec/rfc8032/Ed25519$PointTemp.class DONE
/org/bouncycastle/jce/provider/RFC3280CertPathUtilities.class starting
/net/bytebuddy/build/Plugin$Engine$Listener$StreamWriting.class starting
/net/bytebuddy/build/Plugin$Engine$Listener$StreamWriting.class DONE
/org/bouncycastle/crypto/macs/DSTU7564Mac.class starting
/org/bouncycastle/crypto/macs/DSTU7564Mac.class DONE
/org/bouncycastle/jcajce/provider/asymmetric/ec/KeyPairGeneratorSpi.class starting
/org/bouncycastle/jcajce/provider/asymmetric/ec/KeyPairGeneratorSpi.class DONE
/net/bytebuddy/implementation/MethodCall$MethodInvoker.class starting
/net/bytebuddy/implementation/MethodCall$MethodInvoker.class DONE
/net/bytebuddy/ByteBuddy$RecordConstructorStrategy.class starting
/net/bytebuddy/ByteBuddy$RecordConstructorStrategy.class DONE
/org/bouncycastle/jcajce/provider/asymmetric/x509/X509CRLInternal.class starting
/org/bouncycastle/jcajce/provider/asymmetric/x509/X509CRLInternal.class DONE
/org/bouncycastle/jcajce/provider/asymmetric/rsa/DigestSignatureSpi$SHA3_384.class starting
/org/bouncycastle/jcajce/provider/asymmetric/rsa/DigestSignatureSpi$SHA3_384.class DONE
/com/google/common/collect/RegularImmutableMap$Values.class starting
/com/google/common/collect/RegularImmutableMap$Values.class DONE
/org/apache/lucene/index/MultiDocValues$1.class starting
/org/apache/lucene/index/MultiDocValues$1.class DONE
/net/bytebuddy/asm/MemberSubstitution$TypePoolResolver$OfImplicitPool.class starting
/net/bytebuddy/asm/MemberSubstitution$TypePoolResolver$OfImplicitPool.class DONE
/net/bytebuddy/description/type/TypeDescription$Generic$AnnotationReader$Delegator$ForLoadedTypeVariable.class starting
/net/bytebuddy/description/type/TypeDescription$Generic$AnnotationReader$Delegator$ForLoadedTypeVariable.class DONE
/org/bouncycastle/crypto/CipherKeyGenerator.class starting
/org/bouncycastle/crypto/CipherKeyGenerator.class DONE
/org/apache/lucene/codecs/lucene99/Lucene99HnswVectorsWriter$2.class starting
/org/apache/lucene/codecs/lucene99/Lucene99HnswVectorsWriter$2.class DONE
/org/bouncycastle/jcajce/provider/symmetric/DSTU7624$GCM128.class starting
/org/bouncycastle/jcajce/provider/symmetric/DSTU7624$GCM128.class DONE
/org/apache/lucene/util/AttributeImpl.class starting
/org/apache/lucene/util/AttributeImpl.class DONE
/org/apache/lucene/codecs/lucene90/Lucene90DocValuesProducer$17.class starting
/org/apache/lucene/codecs/lucene90/Lucene90DocValuesProducer$17.class DONE
/org/apache/lucene/search/comparators/NumericComparator$NumericLeafComparator.class starting
/org/apache/lucene/search/comparators/NumericComparator$NumericLeafComparator.class DONE
/org/apache/lucene/util/packed/PackedWriter.class starting
/org/apache/lucene/util/packed/PackedWriter.class DONE
/com/google/common/primitives/Shorts$ShortConverter.class starting
/com/google/common/primitives/Shorts$ShortConverter.class DONE
/org/bouncycastle/pqc/crypto/hqc/HQCKEMExtractor.class starting
/org/bouncycastle/pqc/crypto/hqc/HQCKEMExtractor.class DONE
/org/apache/lucene/codecs/hnsw/DefaultFlatVectorScorer$ByteScoringSupplier$1.class starting
/org/apache/lucene/codecs/hnsw/DefaultFlatVectorScorer$ByteScoringSupplier$1.class DONE
/net/bytebuddy/implementation/attribute/AnnotationValueFilter$Factory.class starting
/net/bytebuddy/implementation/attribute/AnnotationValueFilter$Factory.class DONE
/org/apache/lucene/analysis/tokenattributes/TermToBytesRefAttribute.class starting
/org/apache/lucene/analysis/tokenattributes/TermToBytesRefAttribute.class DONE
/org/bouncycastle/crypto/StagedAgreement.class starting
/org/bouncycastle/crypto/StagedAgreement.class DONE
/org/bouncycastle/crypto/params/NaccacheSternKeyGenerationParameters.class starting
/org/bouncycastle/crypto/params/NaccacheSternKeyGenerationParameters.class DONE
/org/apache/lucene/index/IndexWriter$DocModifier.class starting
/org/apache/lucene/index/IndexWriter$DocModifier.class DONE
/org/apache/lucene/util/bkd/OfflinePointWriter.class starting
/org/apache/lucene/util/bkd/OfflinePointWriter.class DONE
/org/apache/lucene/search/SortedNumericSortField$5.class starting
/org/apache/lucene/search/SortedNumericSortField$5.class DONE
/org/bouncycastle/jce/provider/AnnotatedException.class starting
/org/bouncycastle/jce/provider/AnnotatedException.class DONE
/org/apache/lucene/util/packed/DirectReader$DirectPackedReader32.class starting
/org/apache/lucene/util/packed/DirectReader$DirectPackedReader32.class DONE
/org/bouncycastle/jcajce/provider/symmetric/Rijndael.class starting
/org/bouncycastle/jcajce/provider/symmetric/Rijndael.class DONE
/net/bytebuddy/description/annotation/AnnotationValue$Loaded$AbstractBase$ForUnresolvedProperty.class starting
/net/bytebuddy/description/annotation/AnnotationValue$Loaded$AbstractBase$ForUnresolvedProperty.class DONE
/org/apache/lucene/util/DocIdSetBuilder$BulkAdder.class starting
/org/apache/lucene/util/DocIdSetBuilder$BulkAdder.class DONE
/org/bouncycastle/pqc/jcajce/provider/picnic/BCPicnicPublicKey.class starting
/org/bouncycastle/pqc/jcajce/provider/picnic/BCPicnicPublicKey.class DONE
/com/google/common/collect/HashMultimap.class starting
/com/google/common/collect/HashMultimap.class DONE
/org/bouncycastle/crypto/params/DHParameters.class starting
/org/bouncycastle/crypto/params/DHParameters.class DONE
/net/bytebuddy/agent/builder/AgentBuilder$InstallationListener$Compound.class starting
/net/bytebuddy/agent/builder/AgentBuilder$InstallationListener$Compound.class DONE
/net/bytebuddy/dynamic/scaffold/subclass/SubclassImplementationTarget$OriginTypeResolver$1.class starting
/net/bytebuddy/dynamic/scaffold/subclass/SubclassImplementationTarget$OriginTypeResolver$1.class DONE
/com/google/common/collect/SortedLists$KeyAbsentBehavior$2.class starting
/com/google/common/collect/SortedLists$KeyAbsentBehavior$2.class DONE
/org/bouncycastle/jcajce/provider/symmetric/Shacal2$AlgParams.class starting
/org/bouncycastle/jcajce/provider/symmetric/Shacal2$AlgParams.class DONE
/org/bouncycastle/crypto/util/DEROtherInfo$1.class starting
/org/bouncycastle/crypto/util/DEROtherInfo$1.class DONE
/net/bytebuddy/agent/builder/AgentBuilder$Default$NativeMethodStrategy$ForPrefix.class starting
/net/bytebuddy/agent/builder/AgentBuilder$Default$NativeMethodStrategy$ForPrefix.class DONE
/com/google/common/collect/Streams$DoubleFunctionWithIndex.class starting
/com/google/common/collect/Streams$DoubleFunctionWithIndex.class DONE
/org/bouncycastle/jcajce/provider/asymmetric/ecgost12/KeyAgreementSpi$ECVKO512.class starting
/org/bouncycastle/jcajce/provider/asymmetric/ecgost12/KeyAgreementSpi$ECVKO512.class DONE
/net/bytebuddy/implementation/MethodDelegation.class starting
/net/bytebuddy/implementation/MethodDelegation.class DONE
/net/bytebuddy/implementation/FieldAccessor$FieldLocation.class starting
/net/bytebuddy/implementation/FieldAccessor$FieldLocation.class DONE
/org/bouncycastle/pqc/crypto/sphincs/SPHINCS256KeyGenerationParameters.class starting
/org/bouncycastle/pqc/crypto/sphincs/SPHINCS256KeyGenerationParameters.class DONE
/org/bouncycastle/jcajce/provider/asymmetric/edec/KeyPairGeneratorSpi$X448.class starting
/org/bouncycastle/jcajce/provider/asymmetric/edec/KeyPairGeneratorSpi$X448.class DONE
/net/bytebuddy/dynamic/loading/PackageDefinitionStrategy$ManifestReading.class starting
/net/bytebuddy/dynamic/loading/PackageDefinitionStrategy$ManifestReading.class DONE
/org/bouncycastle/asn1/LazyEncodedSequence.class starting
/org/bouncycastle/asn1/LazyEncodedSequence.class DONE
/net/bytebuddy/description/annotation/AnnotationDescription.class starting
/net/bytebuddy/description/annotation/AnnotationDescription.class DONE
/org/bouncycastle/crypto/ec/ECDecryptor.class starting
/org/bouncycastle/crypto/ec/ECDecryptor.class DONE
/org/bouncycastle/asn1/BEROctetStringParser.class starting
/org/bouncycastle/asn1/BEROctetStringParser.class DONE
/net/bytebuddy/dynamic/scaffold/TypeWriter$Default$ClassDumpAction$Dispatcher$Enabled.class starting
/net/bytebuddy/dynamic/scaffold/TypeWriter$Default$ClassDumpAction$Dispatcher$Enabled.class DONE
/org/bouncycastle/pqc/jcajce/interfaces/NHPublicKey.class starting
/org/bouncycastle/pqc/jcajce/interfaces/NHPublicKey.class DONE
/com/google/common/collect/JdkBackedImmutableMap.class starting
/com/google/common/collect/JdkBackedImmutableMap.class DONE
/com/google/common/collect/MapMakerInternalMap$EntrySet.class starting
/com/google/common/collect/MapMakerInternalMap$EntrySet.class DONE
/org/bouncycastle/math/ec/ECCurve$Config.class starting
/org/bouncycastle/math/ec/ECCurve$Config.class DONE
/org/apache/lucene/util/mutable/MutableValueDate.class starting
/org/apache/lucene/util/mutable/MutableValueDate.class DONE
/com/google/common/collect/TransformedListIterator.class starting
/com/google/common/collect/TransformedListIterator.class DONE
/com/google/common/base/Utf8.class starting
/com/google/common/base/Utf8.class DONE
/org/bouncycastle/crypto/digests/AsconXof$1.class starting
/org/bouncycastle/crypto/digests/AsconXof$1.class DONE
/org/apache/lucene/analysis/CharArrayMap.class starting
/org/apache/lucene/analysis/CharArrayMap.class DONE
/net/bytebuddy/description/method/MethodList$Explicit.class starting
/net/bytebuddy/description/method/MethodList$Explicit.class DONE
/org/apache/lucene/search/NamedMatches$NamedQuery.class starting
/org/apache/lucene/search/NamedMatches$NamedQuery.class DONE
/net/bytebuddy/matcher/TypeSortMatcher.class starting
/net/bytebuddy/matcher/TypeSortMatcher.class DONE
/net/bytebuddy/description/type/TypeDescription$Latent.class starting
/net/bytebuddy/description/type/TypeDescription$Latent.class DONE
/net/bytebuddy/utility/FileSystem$ForNio2CapableVm$StandardCopyOption.class starting
/net/bytebuddy/utility/FileSystem$ForNio2CapableVm$StandardCopyOption.class DONE
/org/bouncycastle/crypto/engines/GOST3412_2015Engine.class starting
/org/bouncycastle/crypto/engines/GOST3412_2015Engine.class DONE
/org/bouncycastle/math/ec/custom/sec/SecT239K1Curve.class starting
/org/bouncycastle/math/ec/custom/sec/SecT239K1Curve.class DONE
/org/apache/lucene/index/PointValues$IntersectVisitor.class starting
/org/apache/lucene/index/PointValues$IntersectVisitor.class DONE
/net/bytebuddy/implementation/InvokeDynamic$WithImplicitArguments.class starting
/net/bytebuddy/implementation/InvokeDynamic$WithImplicitArguments.class DONE
/org/bouncycastle/pqc/jcajce/provider/mceliece/BCMcEliecePrivateKey.class starting
/org/bouncycastle/pqc/jcajce/provider/mceliece/BCMcEliecePrivateKey.class DONE
/com/google/common/util/concurrent/ForwardingCheckedFuture$SimpleForwardingCheckedFuture.class starting
/com/google/common/util/concurrent/ForwardingCheckedFuture$SimpleForwardingCheckedFuture.class DONE
/org/bouncycastle/util/encoders/HexTranslator.class starting
/org/bouncycastle/util/encoders/HexTranslator.class DONE
/com/google/common/collect/ForwardingConcurrentMap.class starting
/com/google/common/collect/ForwardingConcurrentMap.class DONE
/org/bouncycastle/jcajce/provider/keystore/pkcs12/PKCS12KeyStoreSpi$1.class starting
/org/bouncycastle/jcajce/provider/keystore/pkcs12/PKCS12KeyStoreSpi$1.class DONE
/org/bouncycastle/jcajce/provider/asymmetric/compositesignatures/KeyPairGeneratorSpi$MLDSA65_ECDSA_brainpoolP256r1_SHA512.class starting
/org/bouncycastle/jcajce/provider/asymmetric/compositesignatures/KeyPairGeneratorSpi$MLDSA65_ECDSA_brainpoolP256r1_SHA512.class DONE
/com/google/common/reflect/TypeToken$Bounds.class starting
/com/google/common/reflect/TypeToken$Bounds.class DONE
/org/apache/lucene/store/IndexInput$1.class starting
/org/apache/lucene/store/IndexInput$1.class DONE
/net/bytebuddy/dynamic/loading/ClassInjector$UsingReflection$Dispatcher$Initializable.class starting
/net/bytebuddy/dynamic/loading/ClassInjector$UsingReflection$Dispatcher$Initializable.class DONE
/org/apache/lucene/util/ModuleResourceLoader.class starting
/org/apache/lucene/util/ModuleResourceLoader.class DONE
/org/bouncycastle/pqc/jcajce/provider/falcon/SignatureSpi$Base.class starting
/org/bouncycastle/pqc/jcajce/provider/falcon/SignatureSpi$Base.class DONE
/org/apache/lucene/index/FreqProxFields$FreqProxTermsEnum$1.class starting
/org/apache/lucene/index/FreqProxFields$FreqProxTermsEnum$1.class DONE
/org/bouncycastle/jcajce/provider/digest/Whirlpool$KeyGenerator.class starting
/org/bouncycastle/jcajce/provider/digest/Whirlpool$KeyGenerator.class DONE
/net/bytebuddy/implementation/HashCodeMethod$ValueTransformer$7.class starting
/net/bytebuddy/implementation/HashCodeMethod$ValueTransformer$7.class DONE
/com/google/common/collect/MultimapBuilder$2.class starting
/com/google/common/collect/MultimapBuilder$2.class DONE
/com/google/common/base/Platform.class starting
/com/google/common/base/Platform.class DONE
/org/bouncycastle/jcajce/provider/asymmetric/rsa/PSSSignatureSpi$SHA512withRSA.class starting
/org/bouncycastle/jcajce/provider/asymmetric/rsa/PSSSignatureSpi$SHA512withRSA.class DONE
/com/google/common/net/HttpHeaders.class starting
/com/google/common/net/HttpHeaders.class DONE
/org/bouncycastle/pqc/crypto/falcon/FalconSmallPrime.class starting
/org/bouncycastle/pqc/crypto/falcon/FalconSmallPrime.class DONE
/net/bytebuddy/implementation/bind/annotation/Morph$Binder$RedirectionProxy$InstanceFieldConstructor$Appender.class starting
/net/bytebuddy/implementation/bind/annotation/Morph$Binder$RedirectionProxy$InstanceFieldConstructor$Appender.class DONE
/net/bytebuddy/implementation/InvocationHandlerAdapter.class starting
/net/bytebuddy/implementation/InvocationHandlerAdapter.class DONE
/org/bouncycastle/crypto/modes/NISTCTSBlockCipher.class starting
/org/bouncycastle/crypto/modes/NISTCTSBlockCipher.class DONE
/org/bouncycastle/jcajce/provider/digest/Skein$HMacKeyGenerator_512_384.class starting
/org/bouncycastle/jcajce/provider/digest/Skein$HMacKeyGenerator_512_384.class DONE
/org/bouncycastle/pqc/legacy/crypto/mceliece/McEliecePrivateKeyParameters.class starting
/org/bouncycastle/pqc/legacy/crypto/mceliece/McEliecePrivateKeyParameters.class DONE
/org/bouncycastle/x509/X509CRLStoreSelector.class starting
/org/bouncycastle/x509/X509CRLStoreSelector.class DONE
/org/apache/lucene/util/fst/Util$FSTPath.class starting
/org/apache/lucene/util/fst/Util$FSTPath.class DONE
/org/apache/lucene/search/LongValuesSource$LongValuesComparatorSource.class starting
/org/apache/lucene/search/LongValuesSource$LongValuesComparatorSource.class DONE
/net/bytebuddy/description/type/TypeDescription$Generic$OfParameterizedType$Latent.class starting
/net/bytebuddy/description/type/TypeDescription$Generic$OfParameterizedType$Latent.class DONE
/org/bouncycastle/pqc/crypto/util/PublicKeyFactory$LMSConverter.class starting
/org/bouncycastle/pqc/crypto/util/PublicKeyFactory$LMSConverter.class DONE
/org/bouncycastle/crypto/util/SSHNamedCurves$3.class starting
/org/bouncycastle/crypto/util/SSHNamedCurves$3.class DONE
/com/google/common/io/LineProcessor.class starting
/com/google/common/io/LineProcessor.class DONE
/org/bouncycastle/pqc/legacy/math/linearalgebra/GF2Matrix.class starting
/org/bouncycastle/pqc/legacy/math/linearalgebra/GF2Matrix.class DONE
/com/google/common/cache/LongAddables.class starting
/com/google/common/cache/LongAddables.class DONE
/org/bouncycastle/jcajce/provider/symmetric/CAST5$CBC.class starting
/org/bouncycastle/jcajce/provider/symmetric/CAST5$CBC.class DONE
/org/bouncycastle/jcajce/provider/symmetric/HC128$KeyGen.class starting
/org/bouncycastle/jcajce/provider/symmetric/HC128$KeyGen.class DONE
/org/bouncycastle/pqc/crypto/xmss/XMSSMTPrivateKeyParameters$Builder.class starting
/org/bouncycastle/pqc/crypto/xmss/XMSSMTPrivateKeyParameters$Builder.class DONE
/org/bouncycastle/jcajce/provider/asymmetric/ec/KeyAgreementSpi$DHUwithSHA224KDF.class starting
/org/bouncycastle/jcajce/provider/asymmetric/ec/KeyAgreementSpi$DHUwithSHA224KDF.class DONE
/org/apache/lucene/document/FloatPoint$2.class starting
/org/apache/lucene/document/FloatPoint$2.class DONE
/org/apache/lucene/index/SortedNumericDocValuesWriter.class starting
/org/apache/lucene/index/SortedNumericDocValuesWriter.class DONE
/org/bouncycastle/pqc/math/ntru/parameters/NTRUHPS2048509.class starting
/org/bouncycastle/pqc/math/ntru/parameters/NTRUHPS2048509.class DONE
/net/bytebuddy/implementation/bytecode/ByteCodeAppender$Compound.class starting
/net/bytebuddy/implementation/bytecode/ByteCodeAppender$Compound.class DONE
/com/google/common/collect/Maps$AsMapView$1EntrySetImpl.class starting
/com/google/common/collect/Maps$AsMapView$1EntrySetImpl.class DONE
/org/apache/lucene/search/TopDocsCollector.class starting
/org/apache/lucene/search/TopDocsCollector.class DONE
/net/bytebuddy/asm/Advice$Dispatcher$Resolved$AbstractBase.class starting
/net/bytebuddy/asm/Advice$Dispatcher$Resolved$AbstractBase.class DONE
/org/bouncycastle/jcajce/provider/asymmetric/ec/BCECPrivateKey.class starting
/org/bouncycastle/jcajce/provider/asymmetric/ec/BCECPrivateKey.class DONE
/org/bouncycastle/math/ec/custom/sec/SecP384R1FieldElement.class starting
/org/bouncycastle/math/ec/custom/sec/SecP384R1FieldElement.class DONE
/org/bouncycastle/crypto/engines/SparkleEngine$1.class starting
/org/bouncycastle/crypto/engines/SparkleEngine$1.class DONE
/org/bouncycastle/asn1/sec/SECNamedCurves$17.class starting
/org/bouncycastle/asn1/sec/SECNamedCurves$17.class DONE
/com/google/common/collect/AbstractMapBasedMultiset$2$1.class starting
/com/google/common/collect/AbstractMapBasedMultiset$2$1.class DONE
/net/bytebuddy/asm/Advice$OffsetMapping.class starting
/net/bytebuddy/asm/Advice$OffsetMapping.class DONE
/org/bouncycastle/asn1/ASN1ObjectDescriptor$1.class starting
/org/bouncycastle/asn1/ASN1ObjectDescriptor$1.class DONE
/net/bytebuddy/implementation/bind/annotation/AllArguments.class starting
/net/bytebuddy/implementation/bind/annotation/AllArguments.class DONE
/com/google/common/cache/LocalCache$EntryFactory$2.class starting
/com/google/common/cache/LocalCache$EntryFactory$2.class DONE
/org/apache/lucene/search/ImpactsDISI.class starting
/org/apache/lucene/search/ImpactsDISI.class DONE
/net/bytebuddy/build/EntryPoint$Default.class starting
/net/bytebuddy/build/EntryPoint$Default.class DONE
/org/apache/lucene/search/similarities/MultiSimilarity.class starting
/org/apache/lucene/search/similarities/MultiSimilarity.class DONE
/org/apache/lucene/document/LatLonPointDistanceQuery.class starting
/org/apache/lucene/document/LatLonPointDistanceQuery.class DONE
/com/google/common/util/concurrent/AbstractFuture$Listener.class starting
/com/google/common/util/concurrent/AbstractFuture$Listener.class DONE
/net/bytebuddy/dynamic/VisibilityBridgeStrategy$Default$2.class starting
/net/bytebuddy/dynamic/VisibilityBridgeStrategy$Default$2.class DONE
/org/apache/lucene/index/TermVectorsConsumerPerField$TermVectorsPostingsArray.class starting
/org/apache/lucene/index/TermVectorsConsumerPerField$TermVectorsPostingsArray.class DONE
/org/apache/lucene/internal/hppc/LongIntHashMap$LongIntCursor.class starting
/org/apache/lucene/internal/hppc/LongIntHashMap$LongIntCursor.class DONE
/org/apache/lucene/codecs/lucene90/Lucene90PointsFormat.class starting
/org/apache/lucene/codecs/lucene90/Lucene90PointsFormat.class DONE
/org/apache/lucene/util/automaton/MinimizationOperations$IntPair.class starting
/org/apache/lucene/util/automaton/MinimizationOperations$IntPair.class DONE
/com/google/common/hash/Hashing.class starting
/com/google/common/hash/Hashing.class DONE
/org/bouncycastle/jcajce/spec/SkeinParameterSpec.class starting
/org/bouncycastle/jcajce/spec/SkeinParameterSpec.class DONE
/net/bytebuddy/agent/builder/AgentBuilder$RedefinitionStrategy$Listener$Adapter.class starting
/net/bytebuddy/agent/builder/AgentBuilder$RedefinitionStrategy$Listener$Adapter.class DONE
/net/bytebuddy/jar/asm/RecordComponentWriter.class starting
/net/bytebuddy/jar/asm/RecordComponentWriter.class DONE
/com/google/common/collect/Multisets$4.class starting
/com/google/common/collect/Multisets$4.class DONE
/org/apache/lucene/index/BaseTermsEnum$1.class starting
/org/apache/lucene/index/BaseTermsEnum$1.class DONE
/net/bytebuddy/utility/dispatcher/JavaDispatcher$Dispatcher.class starting
/net/bytebuddy/utility/dispatcher/JavaDispatcher$Dispatcher.class DONE
/org/bouncycastle/asn1/ocsp/OCSPRequest.class starting
/org/bouncycastle/asn1/ocsp/OCSPRequest.class DONE
/org/apache/lucene/codecs/KnnVectorsWriter$ByteVectorValuesSub.class starting
/org/apache/lucene/codecs/KnnVectorsWriter$ByteVectorValuesSub.class DONE
/net/bytebuddy/asm/ClassVisitorFactory$FrameTranslator.class starting
/net/bytebuddy/asm/ClassVisitorFactory$FrameTranslator.class DONE
/com/google/common/collect/TreeTraverser.class starting
/com/google/common/collect/TreeTraverser.class DONE
/org/bouncycastle/jcajce/provider/asymmetric/CompositeSignatures.class starting
/org/bouncycastle/jcajce/provider/asymmetric/CompositeSignatures.class DONE
/org/bouncycastle/jcajce/BCFKSLoadStoreParameter$SignatureAlgorithm.class starting
/org/bouncycastle/jcajce/BCFKSLoadStoreParameter$SignatureAlgorithm.class DONE
/com/google/common/graph/AbstractBaseGraph$1.class starting
/com/google/common/graph/AbstractBaseGraph$1.class DONE
/net/bytebuddy/implementation/bytecode/member/FieldAccess$AccessDispatcher$FieldPutInstruction.class starting
/net/bytebuddy/implementation/bytecode/member/FieldAccess$AccessDispatcher$FieldPutInstruction.class DONE
/org/apache/lucene/index/ConcurrentMergeScheduler.class starting
/org/apache/lucene/index/ConcurrentMergeScheduler.class DONE
/org/bouncycastle/pqc/asn1/PQCObjectIdentifiers.class starting
/org/bouncycastle/pqc/asn1/PQCObjectIdentifiers.class DONE
/org/bouncycastle/jcajce/provider/digest/SHA3$Mappings.class starting
/org/bouncycastle/jcajce/provider/digest/SHA3$Mappings.class DONE
/com/google/common/collect/CollectSpliterators.class starting
/com/google/common/collect/CollectSpliterators.class DONE
/net/bytebuddy/agent/builder/AgentBuilder$PoolStrategy$Default.class starting
/net/bytebuddy/agent/builder/AgentBuilder$PoolStrategy$Default.class DONE
/net/bytebuddy/asm/Advice$AssignReturned$ToReturned$Handler.class starting
/net/bytebuddy/asm/Advice$AssignReturned$ToReturned$Handler.class DONE
/org/bouncycastle/jce/provider/RFC3280CertPathUtilities.class DONE
/org/apache/lucene/document/XYShapeDocValues.class starting
/org/apache/lucene/document/XYShapeDocValues.class DONE
/org/bouncycastle/jcajce/provider/asymmetric/rsa/PSSSignatureSpi$SHA512withRSA.class starting
/org/bouncycastle/jcajce/provider/asymmetric/rsa/PSSSignatureSpi$SHA512withRSA.class DONE
/org/bouncycastle/pqc/crypto/xmss/XMSSMTPrivateKeyParameters$Builder.class starting
/org/bouncycastle/pqc/crypto/xmss/XMSSMTPrivateKeyParameters$Builder.class DONE
/org/bouncycastle/math/ec/custom/gm/SM2P256V1FieldElement.class starting
/org/bouncycastle/math/ec/custom/gm/SM2P256V1FieldElement.class DONE
/org/bouncycastle/math/ec/custom/sec/SecP384R1FieldElement.class starting
/org/apache/lucene/codecs/lucene90/Lucene90PointsFormat.class starting
/org/bouncycastle/jce/provider/RFC3280CertPathUtilities.class starting
/org/bouncycastle/pqc/crypto/xmss/XMSSMTPrivateKeyParameters$Builder.class starting
/org/bouncycastle/jcajce/provider/asymmetric/rsa/PSSSignatureSpi$SHA512withRSA.class starting
/org/apache/lucene/document/XYShapeDocValues.class starting
/org/apache/lucene/document/LatLonPointDistanceQuery.class starting
/org/bouncycastle/math/ec/custom/gm/SM2P256V1FieldElement.class starting
/org/bouncycastle/math/ec/custom/sec/SecP384R1FieldElement.class DONE
/org/bouncycastle/jce/provider/RFC3280CertPathUtilities.class DONE
/org/bouncycastle/pqc/crypto/xmss/XMSSMTPrivateKeyParameters$Builder.class DONE
/org/apache/lucene/codecs/lucene90/Lucene90PointsFormat.class DONE
/org/apache/lucene/document/LatLonPointDistanceQuery.class DONE
/org/bouncycastle/math/ec/custom/gm/SM2P256V1FieldElement.class DONE
/org/bouncycastle/jcajce/provider/asymmetric/rsa/PSSSignatureSpi$SHA512withRSA.class DONE
/org/apache/lucene/document/XYShapeDocValues.class DONE
Could not read file /com/google/common/collect/DenseImmutableTable.class
Could not read file /org/apache/lucene/document/ShapeDocValues.class
Could not read file /org/apache/lucene/index/MergeRateLimiter.class
*****
{
  "olly": {
    "version": 2,
    "wall_time": 154.34,
    "cpu_time": 1998.04,
    "gc_time": 135.03,
    "gc_overhead": 6.76,
    "max_rss_kb": 3883984,
    "domain_stats": {
      "0": {
        "wall_time": 154.34,
        "gc_time": 1.16,
        "gc_overhead": 0.75
      },
      "1": {
        "wall_time": 153.69,
        "gc_time": 15.14,
        "gc_overhead": 9.85
      },
      "2": {
        "wall_time": 153.66,
        "gc_time": 18.08,
        "gc_overhead": 11.77
      },
      "3": {
        "wall_time": 153.65,
        "gc_time": 13.16,
        "gc_overhead": 8.56
      },
      "4": {
        "wall_time": 153.66,
        "gc_time": 10.17,
        "gc_overhead": 6.62
      },
      "5": {
        "wall_time": 153.63,
        "gc_time": 11.23,
        "gc_overhead": 7.31
      },
      "6": {
        "wall_time": 153.63,
        "gc_time": 9.34,
        "gc_overhead": 6.08
      },
      "7": {
        "wall_time": 153.6,
        "gc_time": 9.32,
        "gc_overhead": 6.07
      },
      "8": {
        "wall_time": 153.67,
        "gc_time": 9.27,
        "gc_overhead": 6.03
      },
      "9": {
        "wall_time": 153.66,
        "gc_time": 9.18,
        "gc_overhead": 5.97
      },
      "10": {
        "wall_time": 153.6,
        "gc_time": 9.41,
        "gc_overhead": 6.12
      },
      "11": {
        "wall_time": 153.65,
        "gc_time": 9.81,
        "gc_overhead": 6.38
      },
      "12": {
        "wall_time": 153.61,
        "gc_time": 9.76,
        "gc_overhead": 6.36
      }
    },
    "mean_latency": 4.774741,
    "stddev_latency": 8.925379,
    "min_latency": 0.0,
    "max_latency": 174.194687,
    "distr_latency": {
      "25.0000": 0.001271,
      "50.0000": 0.001943,
      "60.0000": 0.003263,
      "70.0000": 2.349055,
      "75.0000": 5.681151,
      "80.0000": 11.567103,
      "85.0000": 15.613951,
      "90.0000": 18.972671,
      "95.0000": 23.871487,
      "96.0000": 25.034751,
      "97.0000": 26.820607,
      "98.0000": 29.032447,
      "99.0000": 32.997375,
      "99.9000": 50.331647,
      "99.9900": 169.082879,
      "99.9990": 174.194687,
      "99.9999": 174.194687,
      "100.0000": 174.194687
    },
    "outliers": {
      "count": 0,
      "mean_latency": 0.0,
      "max_latency": 0.0
    },
    "allocations": {
      "total_heap": 53607560313,
      "minor_heap": 53781629634,
      "major_heap": 468285757,
      "promoted_words": 642355078,
      "promoted_pct": 1.19
    },
    "domain_alloc_stats": {
      "0": {
        "total": 30876050,
        "minor": 13153268,
        "promoted": 8826975,
        "major": 26549757,
        "promoted_pct": 67.11
      },
      "1": {
        "total": 9042528646,
        "minor": 9048629337,
        "promoted": 50756708,
        "major": 44656017,
        "promoted_pct": 0.56
      },
      "2": {
        "total": 10123693798,
        "minor": 10155125665,
        "promoted": 99472731,
        "major": 68040864,
        "promoted_pct": 0.98
      },
      "3": {
        "total": 6431236190,
        "minor": 6443515854,
        "promoted": 72709012,
        "major": 60429348,
        "promoted_pct": 1.13
      },
      "4": {
        "total": 3111985998,
        "minor": 3123172212,
        "promoted": 50373233,
        "major": 39187019,
        "promoted_pct": 1.61
      },
      "5": {
        "total": 4096170642,
        "minor": 4115081425,
        "promoted": 59526393,
        "major": 40615610,
        "promoted_pct": 1.45
      },
      "6": {
        "total": 2856529519,
        "minor": 2869090808,
        "promoted": 39797309,
        "major": 27236020,
        "promoted_pct": 1.39
      },
      "7": {
        "total": 2983050701,
        "minor": 2996593571,
        "promoted": 48034775,
        "major": 34491905,
        "promoted_pct": 1.6
      },
      "8": {
        "total": 2851914857,
        "minor": 2867470961,
        "promoted": 42072938,
        "major": 26516834,
        "promoted_pct": 1.47
      },
      "9": {
        "total": 2888830366,
        "minor": 2910289039,
        "promoted": 43164785,
        "major": 21706112,
        "promoted_pct": 1.48
      },
      "10": {
        "total": 3192316565,
        "minor": 3201282433,
        "promoted": 38404545,
        "major": 29438677,
        "promoted_pct": 1.2
      },
      "11": {
        "total": 2807648079,
        "minor": 2829042008,
        "promoted": 40744338,
        "major": 19350409,
        "promoted_pct": 1.44
      },
      "12": {
        "total": 3190778902,
        "minor": 3209183053,
        "promoted": 48471336,
        "major": 30067185,
        "promoted_pct": 1.51
      }
    },
    "collections": {
      "minor": 1463,
      "major": 28,
      "forced_major": 0,
      "compactions": 0
    },
    "stats_reliable": true
  },
  "perf": [
    {
      "counter-value": "302899.166730",
      "unit": "msec",
      "event": "task-clock",
      "event-runtime": 302899166730,
      "pcnt-running": 100.0,
      "metric-value": "1.951746",
      "metric-unit": "CPUs utilized"
    },
    {
      "counter-value": "936738.000000",
      "unit": "",
      "event": "page-faults",
      "event-runtime": 302899162206,
      "pcnt-running": 100.0,
      "metric-value": "3.092574",
      "metric-unit": "K/sec"
    },
    {
      "counter-value": "997255343265.000000",
      "unit": "",
      "event": "cycles",
      "event-runtime": 302899159971,
      "pcnt-running": 100.0,
      "metric-value": "3.292367",
      "metric-unit": "GHz"
    },
    {
      "counter-value": "1248788644369.000000",
      "unit": "",
      "event": "instructions",
      "event-runtime": 302899153711,
      "pcnt-running": 100.0,
      "metric-value": "1.252226",
      "metric-unit": "insn per cycle"
    }
  ]
}
-----
mkdir -p PLOTTY_WORKAROUND; timedrun; OCAMLRUNPARAM="s=524288,o=80,e=18,d=128" /home/udesou/.bench-agent/git/macro-benches/benchmarks/infer/infer_default-ocaml-5.5.0-f523850-fp
running-ng v0.3.8
Wed Sep  9 12:12:52 PM UTC 2026

 12:12:52 up 2 days, 12:06,  2 users,  load average: 7.73, 8.88, 8.87
USER     TTY      FROM             LOGIN@   IDLE   JCPU   PCPU  WHAT

procs -----------memory---------- ---swap-- -----io---- -system-- -------cpu-------
 r  b   swpd   free   buff  cache   si   so    bi    bo   in   cs us sy id wa st gu
 0  1      0 42497320 4115136 18189220    0    0    41   701 2155    3 13  0 76 11  0  0
 0  1      0 42500956 4115148 18188896    0    0     0   104 1754 2963  0  0 88 12  0  0

top - 12:12:53 up 2 days, 12:06,  2 users,  load average: 7.73, 8.88, 8.87
Tasks: 277 total,   1 running, 276 sleeping,   0 stopped,   0 zombie
%Cpu(s):  1.1 us,  1.1 sy,  0.0 ni, 85.2 id, 12.5 wa,  0.0 hi,  0.0 si,  0.0 st 
MiB Mem :  64272.5 total,  41504.6 free,   1710.5 used,  21781.3 buff/cache     
MiB Swap:   8192.0 total,   8192.0 free,      0.0 used.  62562.0 avail Mem 

    PID USER      PR  NI    VIRT    RES    SHR S  %CPU  %MEM     TIME+ COMMAND
 239752 udesou    20   0   11908   5712   3560 R  10.0   0.0   0:00.01 top -bcn 1 -w512
      1 root      20   0   22748  14152   9580 S   0.0   0.0   1:38.00 /sbin/init
      2 root      20   0       0      0      0 S   0.0   0.0   0:00.03 [kthreadd]
      3 root      20   0       0      0      0 S   0.0   0.0   0:00.00 [pool_workqueue_release]
      4 root       0 -20       0      0      0 I   0.0   0.0   0:00.00 [kworker/R-rcu_g]

Environment variables: 
	CONFIG_FILE=/home/udesou/.bench-agent/work/run-20260907-001-e1/run-20260907-001.yml
	HOME=/home/udesou
	LANG=en_US.UTF-8
	LOGNAME=udesou
	LOG_DIR=/home/udesou/.bench-agent/logs
	OLLY_DIR=/home/udesou/.bench-agent/git/olly
	PATH=/usr/local/bin:/home/udesou/.bench-agent/git/olly/_build/install/default/bin:/home/udesou/ocaml-bench-service/_opam/bin:/home/udesou/.vscode-server/data/User/globalStorage/github.copilot-chat/debugCommand:/home/udesou/.vscode-server/data/User/globalStorage/github.copilot-chat/copilotCli:/home/udesou/.vscode-server/cli/servers/Stable-08d4889f9ec4a1685d257b9b95de036c8e1ce1e5/server/bin/remote-cli:/home/udesou/.opam/running-ng-ocaml-5.5.0-f523850-fp-flambda/bin:/home/udesou/.local/bin:/home/udesou/.opam/running-ng-ocaml-5.5.0-f523850-fp-flambda/bin:/home/udesou/.local/bin:/usr/local/sbin:/usr/local/bin:/usr/sbin:/usr/bin:/sbin:/bin:/usr/games:/usr/local/games:/snap/bin
	PWD=/home/udesou/ocaml-bench-service
	PYTHONPATH=/home/udesou/.bench-agent/git/running-ng/src
	RUNNING_BENCH_DIR=/home/udesou/.bench-agent/git/macro-benches
	RUNNING_MACRO_BENCH_DIR=/home/udesou/.bench-agent/git/macro-benches
	RUNNING_NG_PACKAGE_DATA=/home/udesou/.bench-agent/git/running-ng/src/running/config
	RUNNING_REUSE_SWITCHES=1
	RUNNING_TAG=default_run,large_run
	SHELL=/bin/bash
	SHLVL=1
	TERM=screen.xterm-256color
	USER=udesou
	_=/usr/bin/python3
OS: Linux obelisk 6.8.0-139-generic #139-Ubuntu SMP PREEMPT_DYNAMIC Sat Aug  1 03:52:05 UTC 2026 x86_64 x86_64 x86_64 GNU/Linux
CPU: model name	: Intel(R) Xeon(R) CPU E5-2667 v2 @ 3.30GHz
number of cores: 8
Frequency of cpu 0: 3.30 GHz
Governor of cpu 0: performance
Scaling_min_freq of cpu 0: 1.20 GHz
Frequency of cpu 2: 3.30 GHz
Governor of cpu 2: performance
Scaling_min_freq of cpu 2: 1.20 GHz
Frequency of cpu 4: 3.30 GHz
Governor of cpu 4: performance
Scaling_min_freq of cpu 4: 1.20 GHz
Frequency of cpu 6: 3.30 GHz
Governor of cpu 6: performance
Scaling_min_freq of cpu 6: 1.20 GHz
WARNING: Failed to resolve file /com/google/common/annotations/Beta.class with "No such file or directory" 

WARNING: Failed to resolve file /com/google/common/base/Converter$IdentityConverter.class with "No such file or directory" 

WARNING: Failed to resolve file /com/google/common/base/Platform.class with "No such file or directory" 

WARNING: Failed to resolve file /com/google/common/base/Utf8.class with "No such file or directory" 

WARNING: Failed to resolve file /com/google/common/cache/LocalCache$EntryFactory$2.class with "No such file or directory" 

WARNING: Failed to resolve file /com/google/common/cache/LongAddables.class with "No such file or directory" 

WARNING: Failed to resolve file /com/google/common/collect/AbstractMapBasedMultiset$2$1.class with "No such file or directory" 

WARNING: Failed to resolve file /com/google/common/collect/CollectSpliterators.class with "No such file or directory" 

WARNING: Failed to resolve file /com/google/common/collect/DenseImmutableTable.class with "No such file or directory" 

WARNING: Failed to resolve file /com/google/common/collect/ForwardingConcurrentMap.class with "No such file or directory" 

WARNING: Failed to resolve file /com/google/common/collect/HashMultimap.class with "No such file or directory" 

WARNING: Failed to resolve file /com/google/common/collect/ImmutableMultimap$Builder.class with "No such file or directory" 

WARNING: Failed to resolve file /com/google/common/collect/ImmutableSortedSet$1.class with "No such file or directory" 

WARNING: Failed to resolve file /com/google/common/collect/JdkBackedImmutableMap.class with "No such file or directory" 

WARNING: Failed to resolve file /com/google/common/collect/MapMakerInternalMap$EntrySet.class with "No such file or directory" 

WARNING: Failed to resolve file /com/google/common/collect/Maps$AsMapView$1EntrySetImpl.class with "No such file or directory" 

WARNING: Failed to resolve file /com/google/common/collect/MultimapBuilder$2.class with "No such file or directory" 

WARNING: Failed to resolve file /com/google/common/collect/Multisets$4.class with "No such file or directory" 

WARNING: Failed to resolve file /com/google/common/collect/RegularImmutableMap$Values.class with "No such file or directory" 

WARNING: Failed to resolve file /com/google/common/collect/SortedLists$KeyAbsentBehavior$2.class with "No such file or directory" 

WARNING: Failed to resolve file /com/google/common/collect/Streams$DoubleFunctionWithIndex.class with "No such file or directory" 

WARNING: Failed to resolve file /com/google/common/collect/TransformedListIterator.class with "No such file or directory" 

WARNING: Failed to resolve file /com/google/common/collect/TreeTraverser.class with "No such file or directory" 

WARNING: Failed to resolve file /com/google/common/graph/AbstractBaseGraph$1.class with "No such file or directory" 

WARNING: Failed to resolve file /com/google/common/graph/GraphBuilder.class with "No such file or directory" 

WARNING: Failed to resolve file /com/google/common/graph/ValueGraph.class with "No such file or directory" 

WARNING: Failed to resolve file /com/google/common/hash/Hashing.class with "No such file or directory" 

WARNING: Failed to resolve file /com/google/common/io/BaseEncoding.class with "No such file or directory" 

WARNING: Failed to resolve file /com/google/common/io/LineProcessor.class with "No such file or directory" 

WARNING: Failed to resolve file /com/google/common/net/HttpHeaders.class with "No such file or directory" 

WARNING: Failed to resolve file /com/google/common/primitives/Shorts$ShortConverter.class with "No such file or directory" 

WARNING: Failed to resolve file /com/google/common/reflect/TypeToken$Bounds.class with "No such file or directory" 

WARNING: Failed to resolve file /com/google/common/util/concurrent/AbstractFuture$Listener.class with "No such file or directory" 

WARNING: Failed to resolve file /com/google/common/util/concurrent/AggregateFutureState.class with "No such file or directory" 

WARNING: Failed to resolve file /com/google/common/util/concurrent/ForwardingCheckedFuture$SimpleForwardingCheckedFuture.class with "No such file or directory" 

WARNING: Failed to resolve file /com/google/common/util/concurrent/Monitor$Guard.class with "No such file or directory" 

WARNING: Failed to resolve file /com/google/common/util/concurrent/SimpleTimeLimiter$1.class with "No such file or directory" 

WARNING: Failed to resolve file /net/bytebuddy/ByteBuddy$RecordConstructorStrategy.class with "No such file or directory" 

WARNING: Failed to resolve file /net/bytebuddy/agent/builder/AgentBuilder$Default$NativeMethodStrategy$ForPrefix.class with "No such file or directory" 

WARNING: Failed to resolve file /net/bytebuddy/agent/builder/AgentBuilder$InstallationListener$Compound.class with "No such file or directory" 

WARNING: Failed to resolve file /net/bytebuddy/agent/builder/AgentBuilder$PoolStrategy$Default.class with "No such file or directory" 

WARNING: Failed to resolve file /net/bytebuddy/agent/builder/AgentBuilder$RedefinitionStrategy$Listener$Adapter.class with "No such file or directory" 

WARNING: Failed to resolve file /net/bytebuddy/agent/builder/package-info.class with "No such file or directory" 

WARNING: Failed to resolve file /net/bytebuddy/asm/Advice$AssignReturned$ToReturned$Handler.class with "No such file or directory" 

WARNING: Failed to resolve file /net/bytebuddy/asm/Advice$Dispatcher$Resolved$AbstractBase.class with "No such file or directory" 

WARNING: Failed to resolve file /net/bytebuddy/asm/Advice$OffsetMapping$ForInstrumentedMethod$2.class with "No such file or directory" 

WARNING: Failed to resolve file /net/bytebuddy/asm/Advice$OffsetMapping.class with "No such file or directory" 

WARNING: Failed to resolve file /net/bytebuddy/asm/ClassVisitorFactory$FrameTranslator.class with "No such file or directory" 

WARNING: Failed to resolve file /net/bytebuddy/asm/MemberSubstitution$TypePoolResolver$OfImplicitPool.class with "No such file or directory" 

WARNING: Failed to resolve file /net/bytebuddy/build/EntryPoint$Default.class with "No such file or directory" 

WARNING: Failed to resolve file /net/bytebuddy/build/Plugin$Engine$Listener$StreamWriting.class with "No such file or directory" 

WARNING: Failed to resolve file /net/bytebuddy/build/Plugin$Factory$UsingReflection$Instantiator$Unresolved.class with "No such file or directory" 

WARNING: Failed to resolve file /net/bytebuddy/description/annotation/AnnotationDescription.class with "No such file or directory" 

WARNING: Failed to resolve file /net/bytebuddy/description/annotation/AnnotationValue$Loaded$AbstractBase$ForUnresolvedProperty.class with "No such file or directory" 

WARNING: Failed to resolve file /net/bytebuddy/description/method/MethodList$Explicit.class with "No such file or directory" 

WARNING: Failed to resolve file /net/bytebuddy/description/modifier/SynchronizationState.class with "No such file or directory" 

WARNING: Failed to resolve file /net/bytebuddy/description/type/TypeDescription$Generic$AnnotationReader$Delegator$ForLoadedTypeVariable.class with "No such file or directory" 

WARNING: Failed to resolve file /net/bytebuddy/description/type/TypeDescription$Generic$OfParameterizedType$Latent.class with "No such file or directory" 

WARNING: Failed to resolve file /net/bytebuddy/description/type/TypeDescription$Latent.class with "No such file or directory" 

WARNING: Failed to resolve file /net/bytebuddy/dynamic/ClassFileLocator$ForModuleFile.class with "No such file or directory" 

WARNING: Failed to resolve file /net/bytebuddy/dynamic/DynamicType$Builder$MethodDefinition$ParameterDefinition$Simple$Annotatable$AbstractBase.class with "No such file or directory" 

WARNING: Failed to resolve file /net/bytebuddy/dynamic/VisibilityBridgeStrategy$Default$2.class with "No such file or directory" 

WARNING: Failed to resolve file /net/bytebuddy/dynamic/loading/ClassInjector$UsingReflection$Dispatcher$Initializable.class with "No such file or directory" 

WARNING: Failed to resolve file /net/bytebuddy/dynamic/loading/PackageDefinitionStrategy$ManifestReading.class with "No such file or directory" 

WARNING: Failed to resolve file /net/bytebuddy/dynamic/scaffold/MethodGraph$Compiler$Default$Key$Store$Entry$Initial.class with "No such file or directory" 

WARNING: Failed to resolve file /net/bytebuddy/dynamic/scaffold/TypeWriter$Default$ClassDumpAction$Dispatcher$Enabled.class with "No such file or directory" 

WARNING: Failed to resolve file /net/bytebuddy/dynamic/scaffold/TypeWriter$MethodPool$Record$AccessBridgeWrapper.class with "No such file or directory" 

WARNING: Failed to resolve file /net/bytebuddy/dynamic/scaffold/subclass/SubclassImplementationTarget$OriginTypeResolver$1.class with "No such file or directory" 

WARNING: Failed to resolve file /net/bytebuddy/implementation/FieldAccessor$FieldLocation.class with "No such file or directory" 

WARNING: Failed to resolve file /net/bytebuddy/implementation/HashCodeMethod$ValueTransformer$7.class with "No such file or directory" 

WARNING: Failed to resolve file /net/bytebuddy/implementation/InvocationHandlerAdapter.class with "No such file or directory" 

WARNING: Failed to resolve file /net/bytebuddy/implementation/InvokeDynamic$WithImplicitArguments.class with "No such file or directory" 

WARNING: Failed to resolve file /net/bytebuddy/implementation/MethodCall$MethodInvoker.class with "No such file or directory" 

WARNING: Failed to resolve file /net/bytebuddy/implementation/MethodDelegation.class with "No such file or directory" 

WARNING: Failed to resolve file /net/bytebuddy/implementation/attribute/AnnotationValueFilter$Factory.class with "No such file or directory" 

WARNING: Failed to resolve file /net/bytebuddy/implementation/auxiliary/TypeProxy$1.class with "No such file or directory" 

WARNING: Failed to resolve file /net/bytebuddy/implementation/bind/annotation/AllArguments.class with "No such file or directory" 

WARNING: Failed to resolve file /net/bytebuddy/implementation/bind/annotation/Morph$Binder$RedirectionProxy$InstanceFieldConstructor$Appender.class with "No such file or directory" 

WARNING: Failed to resolve file /net/bytebuddy/implementation/bytecode/ByteCodeAppender$Compound.class with "No such file or directory" 

WARNING: Failed to resolve file /net/bytebuddy/implementation/bytecode/assign/reference/GenericTypeAwareAssigner$IsAssignableToVisitor$OfGenericArray.class with "No such file or directory" 

WARNING: Failed to resolve file /net/bytebuddy/implementation/bytecode/member/FieldAccess$AccessDispatcher$FieldPutInstruction.class with "No such file or directory" 

WARNING: Failed to resolve file /net/bytebuddy/jar/asm/RecordComponentWriter.class with "No such file or directory" 

WARNING: Failed to resolve file /net/bytebuddy/matcher/FilterableList.class with "No such file or directory" 

WARNING: Failed to resolve file /net/bytebuddy/matcher/TypeSortMatcher.class with "No such file or directory" 

WARNING: Failed to resolve file /net/bytebuddy/pool/TypePool$Default$LazyTypeDescription$AnnotationToken.class with "No such file or directory" 

WARNING: Failed to resolve file /net/bytebuddy/pool/TypePool$Default$LazyTypeDescription$LazyMethodDescription$LazyParameterizedReceiverType$TypeArgumentList$AnnotatedTypeVariable.class with "No such file or directory" 

WARNING: Failed to resolve file /net/bytebuddy/utility/FileSystem$ForNio2CapableVm$StandardCopyOption.class with "No such file or directory" 

WARNING: Failed to resolve file /net/bytebuddy/utility/dispatcher/JavaDispatcher$Dispatcher.class with "No such file or directory" 

WARNING: Failed to resolve file /org/apache/lucene/analysis/CharArrayMap.class with "No such file or directory" 

WARNING: Failed to resolve file /org/apache/lucene/analysis/tokenattributes/TermToBytesRefAttribute.class with "No such file or directory" 

WARNING: Failed to resolve file /org/apache/lucene/codecs/KnnVectorsWriter$ByteVectorValuesSub.class with "No such file or directory" 

WARNING: Failed to resolve file /org/apache/lucene/codecs/hnsw/DefaultFlatVectorScorer$ByteScoringSupplier$1.class with "No such file or directory" 

WARNING: Failed to resolve file /org/apache/lucene/codecs/lucene90/Lucene90DocValuesProducer$17.class with "No such file or directory" 

WARNING: Failed to resolve file /org/apache/lucene/codecs/lucene90/Lucene90PointsFormat.class with "No such file or directory" 

WARNING: Failed to resolve file /org/apache/lucene/codecs/lucene912/ForUtil.class with "No such file or directory" 

WARNING: Failed to resolve file /org/apache/lucene/codecs/lucene99/Lucene99HnswVectorsWriter$2.class with "No such file or directory" 

WARNING: Failed to resolve file /org/apache/lucene/document/BinaryPoint$1.class with "No such file or directory" 

WARNING: Failed to resolve file /org/apache/lucene/document/FloatPoint$2.class with "No such file or directory" 

WARNING: Failed to resolve file /org/apache/lucene/document/LatLonPointDistanceQuery.class with "No such file or directory" 

WARNING: Failed to resolve file /org/apache/lucene/document/ShapeField$QueryRelation.class with "No such file or directory" 

WARNING: Failed to resolve file /org/apache/lucene/document/XYShapeDocValues.class with "No such file or directory" 

WARNING: Failed to resolve file /org/apache/lucene/index/BaseTermsEnum$1.class with "No such file or directory" 

WARNING: Failed to resolve file /org/apache/lucene/index/ConcurrentMergeScheduler.class with "No such file or directory" 

WARNING: Failed to resolve file /org/apache/lucene/index/ExitableDirectoryReader$ExitableFilterAtomicReader$4.class with "No such file or directory" 

WARNING: Failed to resolve file /org/apache/lucene/index/FreqProxFields$FreqProxTermsEnum$1.class with "No such file or directory" 

WARNING: Failed to resolve file /org/apache/lucene/index/IndexWriter$DocModifier.class with "No such file or directory" 

WARNING: Failed to resolve file /org/apache/lucene/index/MultiDocValues$1.class with "No such file or directory" 

WARNING: Failed to resolve file /org/apache/lucene/index/PointValues$IntersectVisitor.class with "No such file or directory" 

WARNING: Failed to resolve file /org/apache/lucene/index/SingletonSortedSetDocValues.class with "No such file or directory" 

WARNING: Failed to resolve file /org/apache/lucene/index/SortedNumericDocValuesWriter.class with "No such file or directory" 

WARNING: Failed to resolve file /org/apache/lucene/index/TermVectorsConsumerPerField$TermVectorsPostingsArray.class with "No such file or directory" 

WARNING: Failed to resolve file /org/apache/lucene/internal/hppc/IntDoubleHashMap$EntryIterator.class with "No such file or directory" 

WARNING: Failed to resolve file /org/apache/lucene/internal/hppc/LongIntHashMap$LongIntCursor.class with "No such file or directory" 

WARNING: Failed to resolve file /org/apache/lucene/search/BlockMaxConjunctionScorer$2.class with "No such file or directory" 

WARNING: Failed to resolve file /org/apache/lucene/search/ConstantScoreQuery$1$1.class with "No such file or directory" 

WARNING: Failed to resolve file /org/apache/lucene/search/DoubleValuesSource$DoubleValuesComparatorSource$1.class with "No such file or directory" 

WARNING: Failed to resolve file /org/apache/lucene/search/ImpactsDISI.class with "No such file or directory" 

WARNING: Failed to resolve file /org/apache/lucene/search/LongValuesSource$LongValuesComparatorSource.class with "No such file or directory" 

WARNING: Failed to resolve file /org/apache/lucene/search/NamedMatches$NamedQuery.class with "No such file or directory" 

WARNING: Failed to resolve file /org/apache/lucene/search/ReqOptSumScorer.class with "No such file or directory" 

WARNING: Failed to resolve file /org/apache/lucene/search/SortedNumericSortField$5.class with "No such file or directory" 

WARNING: Failed to resolve file /org/apache/lucene/search/TopDocsCollector.class with "No such file or directory" 

WARNING: Failed to resolve file /org/apache/lucene/search/comparators/NumericComparator$NumericLeafComparator.class with "No such file or directory" 

WARNING: Failed to resolve file /org/apache/lucene/search/similarities/MultiSimilarity.class with "No such file or directory" 

WARNING: Failed to resolve file /org/apache/lucene/store/IndexInput$1.class with "No such file or directory" 

WARNING: Failed to resolve file /org/apache/lucene/util/AttributeImpl.class with "No such file or directory" 

WARNING: Failed to resolve file /org/apache/lucene/util/DocIdSetBuilder$BulkAdder.class with "No such file or directory" 

WARNING: Failed to resolve file /org/apache/lucene/util/ModuleResourceLoader.class with "No such file or directory" 

WARNING: Failed to resolve file /org/apache/lucene/util/Sorter.class with "No such file or directory" 

WARNING: Failed to resolve file /org/apache/lucene/util/automaton/MinimizationOperations$IntPair.class with "No such file or directory" 

WARNING: Failed to resolve file /org/apache/lucene/util/bkd/OfflinePointWriter.class with "No such file or directory" 

WARNING: Failed to resolve file /org/apache/lucene/util/fst/Util$FSTPath.class with "No such file or directory" 

WARNING: Failed to resolve file /org/apache/lucene/util/mutable/MutableValueDate.class with "No such file or directory" 

WARNING: Failed to resolve file /org/apache/lucene/util/packed/DirectReader$DirectPackedReader32.class with "No such file or directory" 

WARNING: Failed to resolve file /org/apache/lucene/util/packed/PackedWriter.class with "No such file or directory" 

WARNING: Failed to resolve file /org/bouncycastle/asn1/ASN1ObjectDescriptor$1.class with "No such file or directory" 

WARNING: Failed to resolve file /org/bouncycastle/asn1/BEROctetStringParser.class with "No such file or directory" 

WARNING: Failed to resolve file /org/bouncycastle/asn1/LazyEncodedSequence.class with "No such file or directory" 

WARNING: Failed to resolve file /org/bouncycastle/asn1/ocsp/OCSPRequest.class with "No such file or directory" 

WARNING: Failed to resolve file /org/bouncycastle/asn1/sec/SECNamedCurves$17.class with "No such file or directory" 

WARNING: Failed to resolve file /org/bouncycastle/asn1/x500/DirectoryString.class with "No such file or directory" 

WARNING: Failed to resolve file /org/bouncycastle/asn1/x509/NameConstraints.class with "No such file or directory" 

WARNING: Failed to resolve file /org/bouncycastle/asn1/x509/sigi/NameOrPseudonym.class with "No such file or directory" 

WARNING: Failed to resolve file /org/bouncycastle/crypto/CipherKeyGenerator.class with "No such file or directory" 

WARNING: Failed to resolve file /org/bouncycastle/crypto/StagedAgreement.class with "No such file or directory" 

WARNING: Failed to resolve file /org/bouncycastle/crypto/digests/AsconXof$1.class with "No such file or directory" 

WARNING: Failed to resolve file /org/bouncycastle/crypto/digests/ShortenedDigest.class with "No such file or directory" 

WARNING: Failed to resolve file /org/bouncycastle/crypto/ec/ECDecryptor.class with "No such file or directory" 

WARNING: Failed to resolve file /org/bouncycastle/crypto/engines/GOST3412_2015Engine.class with "No such file or directory" 

WARNING: Failed to resolve file /org/bouncycastle/crypto/engines/SparkleEngine$1.class with "No such file or directory" 

WARNING: Failed to resolve file /org/bouncycastle/crypto/generators/ElGamalParametersGenerator.class with "No such file or directory" 

WARNING: Failed to resolve file /org/bouncycastle/crypto/macs/DSTU7564Mac.class with "No such file or directory" 

WARNING: Failed to resolve file /org/bouncycastle/crypto/modes/NISTCTSBlockCipher.class with "No such file or directory" 

WARNING: Failed to resolve file /org/bouncycastle/crypto/params/DHParameters.class with "No such file or directory" 

WARNING: Failed to resolve file /org/bouncycastle/crypto/params/NaccacheSternKeyGenerationParameters.class with "No such file or directory" 

WARNING: Failed to resolve file /org/bouncycastle/crypto/prng/X931SecureRandom.class with "No such file or directory" 

WARNING: Failed to resolve file /org/bouncycastle/crypto/util/DEROtherInfo$1.class with "No such file or directory" 

WARNING: Failed to resolve file /org/bouncycastle/crypto/util/SSHNamedCurves$3.class with "No such file or directory" 

WARNING: Failed to resolve file /org/bouncycastle/jcajce/BCFKSLoadStoreParameter$SignatureAlgorithm.class with "No such file or directory" 

WARNING: Failed to resolve file /org/bouncycastle/jcajce/provider/asymmetric/CompositeSignatures.class with "No such file or directory" 

WARNING: Failed to resolve file /org/bouncycastle/jcajce/provider/asymmetric/compositesignatures/KeyPairGeneratorSpi$MLDSA65_ECDSA_brainpoolP256r1_SHA512.class with "No such file or directory" 

WARNING: Failed to resolve file /org/bouncycastle/jcajce/provider/asymmetric/dh/KeyAgreementSpi$DHwithSHA384CKDF.class with "No such file or directory" 

WARNING: Failed to resolve file /org/bouncycastle/jcajce/provider/asymmetric/ec/BCECPrivateKey.class with "No such file or directory" 

WARNING: Failed to resolve file /org/bouncycastle/jcajce/provider/asymmetric/ec/KeyAgreementSpi$DHUwithSHA224KDF.class with "No such file or directory" 

WARNING: Failed to resolve file /org/bouncycastle/jcajce/provider/asymmetric/ec/KeyPairGeneratorSpi.class with "No such file or directory" 

WARNING: Failed to resolve file /org/bouncycastle/jcajce/provider/asymmetric/ecgost12/KeyAgreementSpi$ECVKO512.class with "No such file or directory" 

WARNING: Failed to resolve file /org/bouncycastle/jcajce/provider/asymmetric/edec/KeyPairGeneratorSpi$X448.class with "No such file or directory" 

WARNING: Failed to resolve file /org/bouncycastle/jcajce/provider/asymmetric/rsa/DigestSignatureSpi$SHA3_384.class with "No such file or directory" 

WARNING: Failed to resolve file /org/bouncycastle/jcajce/provider/asymmetric/rsa/PSSSignatureSpi$SHA512withRSA.class with "No such file or directory" 

WARNING: Failed to resolve file /org/bouncycastle/jcajce/provider/asymmetric/x509/X509CRLInternal.class with "No such file or directory" 

WARNING: Failed to resolve file /org/bouncycastle/jcajce/provider/digest/GOST3411$Mappings.class with "No such file or directory" 

WARNING: Failed to resolve file /org/bouncycastle/jcajce/provider/digest/RIPEMD256$HashMac.class with "No such file or directory" 

WARNING: Failed to resolve file /org/bouncycastle/jcajce/provider/digest/SHA3$Mappings.class with "No such file or directory" 

WARNING: Failed to resolve file /org/bouncycastle/jcajce/provider/digest/Skein$HMacKeyGenerator_512_384.class with "No such file or directory" 

WARNING: Failed to resolve file /org/bouncycastle/jcajce/provider/digest/Whirlpool$KeyGenerator.class with "No such file or directory" 

WARNING: Failed to resolve file /org/bouncycastle/jcajce/provider/keystore/pkcs12/PKCS12KeyStoreSpi$1.class with "No such file or directory" 

WARNING: Failed to resolve file /org/bouncycastle/jcajce/provider/symmetric/AES$PBEWithSHA256And192BitAESBC.class with "No such file or directory" 

WARNING: Failed to resolve file /org/bouncycastle/jcajce/provider/symmetric/CAST5$CBC.class with "No such file or directory" 

WARNING: Failed to resolve file /org/bouncycastle/jcajce/provider/symmetric/DES$Mappings.class with "No such file or directory" 

WARNING: Failed to resolve file /org/bouncycastle/jcajce/provider/symmetric/DSTU7624$GCM128.class with "No such file or directory" 

WARNING: Failed to resolve file /org/bouncycastle/jcajce/provider/symmetric/HC128$KeyGen.class with "No such file or directory" 

WARNING: Failed to resolve file /org/bouncycastle/jcajce/provider/symmetric/PBEPKCS12.class with "No such file or directory" 

WARNING: Failed to resolve file /org/bouncycastle/jcajce/provider/symmetric/Rijndael.class with "No such file or directory" 

WARNING: Failed to resolve file /org/bouncycastle/jcajce/provider/symmetric/Shacal2$AlgParams.class with "No such file or directory" 

WARNING: Failed to resolve file /org/bouncycastle/jcajce/provider/symmetric/Threefish.class with "No such file or directory" 

WARNING: Failed to resolve file /org/bouncycastle/jcajce/provider/symmetric/util/BaseStreamCipher.class with "No such file or directory" 

WARNING: Failed to resolve file /org/bouncycastle/jcajce/spec/SkeinParameterSpec.class with "No such file or directory" 

WARNING: Failed to resolve file /org/bouncycastle/jce/provider/AnnotatedException.class with "No such file or directory" 

WARNING: Failed to resolve file /org/bouncycastle/jce/provider/RFC3280CertPathUtilities.class with "No such file or directory" 

WARNING: Failed to resolve file /org/bouncycastle/math/ec/ECCurve$Config.class with "No such file or directory" 

WARNING: Failed to resolve file /org/bouncycastle/math/ec/custom/gm/SM2P256V1FieldElement.class with "No such file or directory" 

WARNING: Failed to resolve file /org/bouncycastle/math/ec/custom/sec/SecP384R1FieldElement.class with "No such file or directory" 

WARNING: Failed to resolve file /org/bouncycastle/math/ec/custom/sec/SecT239K1Curve.class with "No such file or directory" 

WARNING: Failed to resolve file /org/bouncycastle/math/ec/rfc8032/Ed25519$PointTemp.class with "No such file or directory" 

WARNING: Failed to resolve file /org/bouncycastle/pqc/asn1/PQCObjectIdentifiers.class with "No such file or directory" 

WARNING: Failed to resolve file /org/bouncycastle/pqc/crypto/crystals/dilithium/DilithiumKeyPairGenerator.class with "No such file or directory" 

WARNING: Failed to resolve file /org/bouncycastle/pqc/crypto/falcon/FalconSmallPrime.class with "No such file or directory" 

WARNING: Failed to resolve file /org/bouncycastle/pqc/crypto/hqc/HQCKEMExtractor.class with "No such file or directory" 

WARNING: Failed to resolve file /org/bouncycastle/pqc/crypto/newhope/NHKeyPairGenerator.class with "No such file or directory" 

WARNING: Failed to resolve file /org/bouncycastle/pqc/crypto/picnic/PicnicEngine.class with "No such file or directory" 

WARNING: Failed to resolve file /org/bouncycastle/pqc/crypto/sphincs/SPHINCS256KeyGenerationParameters.class with "No such file or directory" 

WARNING: Failed to resolve file /org/bouncycastle/pqc/crypto/util/PublicKeyFactory$LMSConverter.class with "No such file or directory" 

WARNING: Failed to resolve file /org/bouncycastle/pqc/crypto/xmss/XMSSMTPrivateKeyParameters$Builder.class with "No such file or directory" 

WARNING: Failed to resolve file /org/bouncycastle/pqc/jcajce/interfaces/NHPublicKey.class with "No such file or directory" 

WARNING: Failed to resolve file /org/bouncycastle/pqc/jcajce/provider/SPHINCS.class with "No such file or directory" 

WARNING: Failed to resolve file /org/bouncycastle/pqc/jcajce/provider/falcon/SignatureSpi$Base.class with "No such file or directory" 

WARNING: Failed to resolve file /org/bouncycastle/pqc/jcajce/provider/mceliece/BCMcEliecePrivateKey.class with "No such file or directory" 

WARNING: Failed to resolve file /org/bouncycastle/pqc/jcajce/provider/picnic/BCPicnicPublicKey.class with "No such file or directory" 

WARNING: Failed to resolve file /org/bouncycastle/pqc/jcajce/provider/sphincsplus/SPHINCSPlusKeyPairGeneratorSpi$Shake_256f.class with "No such file or directory" 

WARNING: Failed to resolve file /org/bouncycastle/pqc/jcajce/spec/KyberParameterSpec.class with "No such file or directory" 

WARNING: Failed to resolve file /org/bouncycastle/pqc/legacy/crypto/mceliece/McEliecePrivateKeyParameters.class with "No such file or directory" 

WARNING: Failed to resolve file /org/bouncycastle/pqc/legacy/math/linearalgebra/GF2Matrix.class with "No such file or directory" 

WARNING: Failed to resolve file /org/bouncycastle/pqc/math/ntru/parameters/NTRUHPS2048509.class with "No such file or directory" 

WARNING: Failed to resolve file /org/bouncycastle/util/encoders/HexTranslator.class with "No such file or directory" 

WARNING: Failed to resolve file /org/bouncycastle/x509/X509CRLStoreSelector.class with "No such file or directory" 

Found 215 (out of 11364) source files to analyze in /home/udesou/.bench-agent/git/macro-benches/vendor/.infer-capture-ocaml-5.5.0-f523850-fp
/net/bytebuddy/asm/Advice$OffsetMapping$ForInstrumentedMethod$2.class starting
/net/bytebuddy/asm/Advice$OffsetMapping$ForInstrumentedMethod$2.class DONE
/net/bytebuddy/dynamic/DynamicType$Builder$MethodDefinition$ParameterDefinition$Simple$Annotatable$AbstractBase.class starting
/net/bytebuddy/dynamic/DynamicType$Builder$MethodDefinition$ParameterDefinition$Simple$Annotatable$AbstractBase.class DONE
/net/bytebuddy/implementation/bytecode/assign/reference/GenericTypeAwareAssigner$IsAssignableToVisitor$OfGenericArray.class starting
/net/bytebuddy/implementation/bytecode/assign/reference/GenericTypeAwareAssigner$IsAssignableToVisitor$OfGenericArray.class DONE
/org/apache/lucene/codecs/lucene912/ForUtil.class starting
/org/apache/lucene/codecs/lucene912/ForUtil.class DONE
/org/apache/lucene/document/BinaryPoint$1.class starting
/org/apache/lucene/document/BinaryPoint$1.class DONE
/org/bouncycastle/pqc/crypto/newhope/NHKeyPairGenerator.class starting
/org/bouncycastle/pqc/crypto/newhope/NHKeyPairGenerator.class DONE
/net/bytebuddy/dynamic/scaffold/MethodGraph$Compiler$Default$Key$Store$Entry$Initial.class starting
/net/bytebuddy/dynamic/scaffold/MethodGraph$Compiler$Default$Key$Store$Entry$Initial.class DONE
/org/bouncycastle/asn1/x500/DirectoryString.class starting
/org/bouncycastle/asn1/x500/DirectoryString.class DONE
/org/apache/lucene/search/BlockMaxConjunctionScorer$2.class starting
/org/apache/lucene/search/BlockMaxConjunctionScorer$2.class DONE
/org/bouncycastle/pqc/jcajce/spec/KyberParameterSpec.class starting
/org/bouncycastle/pqc/jcajce/spec/KyberParameterSpec.class DONE
/org/apache/lucene/document/XYShapeDocValues.class starting
/org/apache/lucene/document/XYShapeDocValues.class DONE
/org/bouncycastle/jcajce/provider/symmetric/AES$PBEWithSHA256And192BitAESBC.class starting
/org/bouncycastle/jcajce/provider/symmetric/AES$PBEWithSHA256And192BitAESBC.class DONE
/org/apache/lucene/index/ExitableDirectoryReader$ExitableFilterAtomicReader$4.class starting
/org/apache/lucene/index/ExitableDirectoryReader$ExitableFilterAtomicReader$4.class DONE
/org/apache/lucene/document/ShapeField$QueryRelation.class starting
/org/apache/lucene/document/ShapeField$QueryRelation.class DONE
/org/bouncycastle/asn1/x509/sigi/NameOrPseudonym.class starting
/org/apache/lucene/search/DoubleValuesSource$DoubleValuesComparatorSource$1.class starting
/org/apache/lucene/search/DoubleValuesSource$DoubleValuesComparatorSource$1.class DONE
/com/google/common/collect/ImmutableMultimap$Builder.class starting
/com/google/common/collect/ImmutableMultimap$Builder.class DONE
/com/google/common/base/Converter$IdentityConverter.class starting
/com/google/common/base/Converter$IdentityConverter.class DONE
/net/bytebuddy/agent/builder/package-info.class starting
/net/bytebuddy/agent/builder/package-info.class DONE
/org/apache/lucene/util/Sorter.class starting
/org/apache/lucene/util/Sorter.class DONE
/com/google/common/graph/ValueGraph.class starting
/com/google/common/graph/ValueGraph.class DONE
/org/bouncycastle/pqc/jcajce/provider/SPHINCS.class starting
/org/bouncycastle/pqc/jcajce/provider/SPHINCS.class DONE
/org/bouncycastle/jcajce/provider/digest/RIPEMD256$HashMac.class starting
/org/bouncycastle/jcajce/provider/digest/RIPEMD256$HashMac.class DONE
/org/bouncycastle/jcajce/provider/symmetric/DES$Mappings.class starting
/org/bouncycastle/jcajce/provider/symmetric/DES$Mappings.class DONE
/com/google/common/util/concurrent/Monitor$Guard.class starting
/com/google/common/util/concurrent/Monitor$Guard.class DONE
/net/bytebuddy/pool/TypePool$Default$LazyTypeDescription$LazyMethodDescription$LazyParameterizedReceiverType$TypeArgumentList$AnnotatedTypeVariable.class starting
/net/bytebuddy/pool/TypePool$Default$LazyTypeDescription$LazyMethodDescription$LazyParameterizedReceiverType$TypeArgumentList$AnnotatedTypeVariable.class DONE
/net/bytebuddy/build/Plugin$Factory$UsingReflection$Instantiator$Unresolved.class starting
/net/bytebuddy/build/Plugin$Factory$UsingReflection$Instantiator$Unresolved.class DONE
/org/bouncycastle/crypto/generators/ElGamalParametersGenerator.class starting
/org/bouncycastle/crypto/generators/ElGamalParametersGenerator.class DONE
/org/bouncycastle/crypto/digests/ShortenedDigest.class starting
/org/bouncycastle/crypto/digests/ShortenedDigest.class DONE
/net/bytebuddy/matcher/FilterableList.class starting
/net/bytebuddy/matcher/FilterableList.class DONE
/com/google/common/io/BaseEncoding.class starting
/com/google/common/io/BaseEncoding.class DONE
/org/bouncycastle/pqc/crypto/picnic/PicnicEngine.class starting
/org/bouncycastle/pqc/crypto/picnic/PicnicEngine.class DONE
/org/bouncycastle/jcajce/provider/symmetric/PBEPKCS12.class starting
/org/bouncycastle/jcajce/provider/symmetric/PBEPKCS12.class DONE
/org/bouncycastle/crypto/prng/X931SecureRandom.class starting
/org/bouncycastle/crypto/prng/X931SecureRandom.class DONE
/net/bytebuddy/description/modifier/SynchronizationState.class starting
/net/bytebuddy/description/modifier/SynchronizationState.class DONE
/org/apache/lucene/search/ConstantScoreQuery$1$1.class starting
/org/apache/lucene/search/ConstantScoreQuery$1$1.class DONE
/org/apache/lucene/internal/hppc/IntDoubleHashMap$EntryIterator.class starting
/org/apache/lucene/internal/hppc/IntDoubleHashMap$EntryIterator.class DONE
/org/bouncycastle/asn1/x509/NameConstraints.class starting
/org/bouncycastle/asn1/x509/NameConstraints.class DONE
/com/google/common/graph/GraphBuilder.class starting
/com/google/common/graph/GraphBuilder.class DONE
/org/bouncycastle/jcajce/provider/symmetric/Threefish.class starting
/org/bouncycastle/jcajce/provider/symmetric/Threefish.class DONE
/com/google/common/util/concurrent/SimpleTimeLimiter$1.class starting
/com/google/common/util/concurrent/SimpleTimeLimiter$1.class DONE
/net/bytebuddy/dynamic/scaffold/TypeWriter$MethodPool$Record$AccessBridgeWrapper.class starting
/net/bytebuddy/dynamic/scaffold/TypeWriter$MethodPool$Record$AccessBridgeWrapper.class DONE
/net/bytebuddy/dynamic/ClassFileLocator$ForModuleFile.class starting
/net/bytebuddy/dynamic/ClassFileLocator$ForModuleFile.class DONE
/org/apache/lucene/search/ReqOptSumScorer.class starting
/org/apache/lucene/search/ReqOptSumScorer.class DONE
/com/google/common/util/concurrent/AggregateFutureState.class starting
/com/google/common/util/concurrent/AggregateFutureState.class DONE
/com/google/common/annotations/Beta.class starting
/com/google/common/annotations/Beta.class DONE
/com/google/common/collect/DenseImmutableTable.class starting
/com/google/common/collect/DenseImmutableTable.class DONE
/org/bouncycastle/math/ec/custom/gm/SM2P256V1FieldElement.class starting
/org/bouncycastle/math/ec/custom/gm/SM2P256V1FieldElement.class DONE
/org/bouncycastle/jcajce/provider/asymmetric/dh/KeyAgreementSpi$DHwithSHA384CKDF.class starting
/org/bouncycastle/jcajce/provider/asymmetric/dh/KeyAgreementSpi$DHwithSHA384CKDF.class DONE
/org/bouncycastle/jcajce/provider/digest/GOST3411$Mappings.class starting
/org/bouncycastle/jcajce/provider/digest/GOST3411$Mappings.class DONE
/org/bouncycastle/pqc/jcajce/provider/sphincsplus/SPHINCSPlusKeyPairGeneratorSpi$Shake_256f.class starting
/org/bouncycastle/pqc/jcajce/provider/sphincsplus/SPHINCSPlusKeyPairGeneratorSpi$Shake_256f.class DONE
/org/bouncycastle/jcajce/provider/symmetric/util/BaseStreamCipher.class starting
/org/bouncycastle/jcajce/provider/symmetric/util/BaseStreamCipher.class DONE
/net/bytebuddy/implementation/auxiliary/TypeProxy$1.class starting
/net/bytebuddy/implementation/auxiliary/TypeProxy$1.class DONE
/com/google/common/collect/ImmutableSortedSet$1.class starting
/com/google/common/collect/ImmutableSortedSet$1.class DONE
/net/bytebuddy/pool/TypePool$Default$LazyTypeDescription$AnnotationToken.class starting
/net/bytebuddy/pool/TypePool$Default$LazyTypeDescription$AnnotationToken.class DONE
/org/apache/lucene/index/SingletonSortedSetDocValues.class starting
/org/apache/lucene/index/SingletonSortedSetDocValues.class DONE
/org/bouncycastle/pqc/crypto/crystals/dilithium/DilithiumKeyPairGenerator.class starting
/org/bouncycastle/pqc/crypto/crystals/dilithium/DilithiumKeyPairGenerator.class DONE
/org/bouncycastle/math/ec/rfc8032/Ed25519$PointTemp.class starting
/org/bouncycastle/math/ec/rfc8032/Ed25519$PointTemp.class DONE
/org/bouncycastle/jce/provider/RFC3280CertPathUtilities.class starting
/org/bouncycastle/asn1/x509/sigi/NameOrPseudonym.class DONE
/net/bytebuddy/build/Plugin$Engine$Listener$StreamWriting.class starting
/net/bytebuddy/build/Plugin$Engine$Listener$StreamWriting.class DONE
/org/bouncycastle/crypto/macs/DSTU7564Mac.class starting
/org/bouncycastle/crypto/macs/DSTU7564Mac.class DONE
/org/bouncycastle/jcajce/provider/asymmetric/ec/KeyPairGeneratorSpi.class starting
/org/bouncycastle/jcajce/provider/asymmetric/ec/KeyPairGeneratorSpi.class DONE
/net/bytebuddy/implementation/MethodCall$MethodInvoker.class starting
/net/bytebuddy/implementation/MethodCall$MethodInvoker.class DONE
/net/bytebuddy/ByteBuddy$RecordConstructorStrategy.class starting
/net/bytebuddy/ByteBuddy$RecordConstructorStrategy.class DONE
/org/bouncycastle/jcajce/provider/asymmetric/x509/X509CRLInternal.class starting
/org/bouncycastle/jcajce/provider/asymmetric/x509/X509CRLInternal.class DONE
/org/bouncycastle/jcajce/provider/asymmetric/rsa/DigestSignatureSpi$SHA3_384.class starting
/org/bouncycastle/jcajce/provider/asymmetric/rsa/DigestSignatureSpi$SHA3_384.class DONE
/com/google/common/collect/RegularImmutableMap$Values.class starting
/com/google/common/collect/RegularImmutableMap$Values.class DONE
/org/apache/lucene/index/MultiDocValues$1.class starting
/org/apache/lucene/index/MultiDocValues$1.class DONE
/net/bytebuddy/asm/MemberSubstitution$TypePoolResolver$OfImplicitPool.class starting
/net/bytebuddy/asm/MemberSubstitution$TypePoolResolver$OfImplicitPool.class DONE
/net/bytebuddy/description/type/TypeDescription$Generic$AnnotationReader$Delegator$ForLoadedTypeVariable.class starting
/net/bytebuddy/description/type/TypeDescription$Generic$AnnotationReader$Delegator$ForLoadedTypeVariable.class DONE
/org/bouncycastle/crypto/CipherKeyGenerator.class starting
/org/bouncycastle/crypto/CipherKeyGenerator.class DONE
/org/apache/lucene/codecs/lucene99/Lucene99HnswVectorsWriter$2.class starting
/org/apache/lucene/codecs/lucene99/Lucene99HnswVectorsWriter$2.class DONE
/org/bouncycastle/jcajce/provider/symmetric/DSTU7624$GCM128.class starting
/org/bouncycastle/jcajce/provider/symmetric/DSTU7624$GCM128.class DONE
/org/apache/lucene/util/AttributeImpl.class starting
/org/apache/lucene/util/AttributeImpl.class DONE
/org/apache/lucene/codecs/lucene90/Lucene90DocValuesProducer$17.class starting
/org/apache/lucene/codecs/lucene90/Lucene90DocValuesProducer$17.class DONE
/org/apache/lucene/search/comparators/NumericComparator$NumericLeafComparator.class starting
/org/apache/lucene/search/comparators/NumericComparator$NumericLeafComparator.class DONE
/org/apache/lucene/util/packed/PackedWriter.class starting
/org/apache/lucene/util/packed/PackedWriter.class DONE
/com/google/common/primitives/Shorts$ShortConverter.class starting
/com/google/common/primitives/Shorts$ShortConverter.class DONE
/org/bouncycastle/pqc/crypto/hqc/HQCKEMExtractor.class starting
/org/bouncycastle/pqc/crypto/hqc/HQCKEMExtractor.class DONE
/org/apache/lucene/codecs/hnsw/DefaultFlatVectorScorer$ByteScoringSupplier$1.class starting
/org/apache/lucene/codecs/hnsw/DefaultFlatVectorScorer$ByteScoringSupplier$1.class DONE
/net/bytebuddy/implementation/attribute/AnnotationValueFilter$Factory.class starting
/net/bytebuddy/implementation/attribute/AnnotationValueFilter$Factory.class DONE
/org/apache/lucene/analysis/tokenattributes/TermToBytesRefAttribute.class starting
/org/apache/lucene/analysis/tokenattributes/TermToBytesRefAttribute.class DONE
/org/bouncycastle/crypto/StagedAgreement.class starting
/org/bouncycastle/crypto/StagedAgreement.class DONE
/org/bouncycastle/crypto/params/NaccacheSternKeyGenerationParameters.class starting
/org/bouncycastle/crypto/params/NaccacheSternKeyGenerationParameters.class DONE
/org/apache/lucene/index/IndexWriter$DocModifier.class starting
/org/apache/lucene/index/IndexWriter$DocModifier.class DONE
/org/apache/lucene/util/bkd/OfflinePointWriter.class starting
/org/apache/lucene/util/bkd/OfflinePointWriter.class DONE
/org/apache/lucene/search/SortedNumericSortField$5.class starting
/org/apache/lucene/search/SortedNumericSortField$5.class DONE
/org/bouncycastle/jce/provider/AnnotatedException.class starting
/org/bouncycastle/jce/provider/AnnotatedException.class DONE
/org/apache/lucene/util/packed/DirectReader$DirectPackedReader32.class starting
/org/apache/lucene/util/packed/DirectReader$DirectPackedReader32.class DONE
/org/bouncycastle/jcajce/provider/symmetric/Rijndael.class starting
/org/bouncycastle/jcajce/provider/symmetric/Rijndael.class DONE
/net/bytebuddy/description/annotation/AnnotationValue$Loaded$AbstractBase$ForUnresolvedProperty.class starting
/net/bytebuddy/description/annotation/AnnotationValue$Loaded$AbstractBase$ForUnresolvedProperty.class DONE
/org/apache/lucene/util/DocIdSetBuilder$BulkAdder.class starting
/org/apache/lucene/util/DocIdSetBuilder$BulkAdder.class DONE
/org/bouncycastle/pqc/jcajce/provider/picnic/BCPicnicPublicKey.class starting
/org/bouncycastle/pqc/jcajce/provider/picnic/BCPicnicPublicKey.class DONE
/com/google/common/collect/HashMultimap.class starting
/com/google/common/collect/HashMultimap.class DONE
/org/bouncycastle/crypto/params/DHParameters.class starting
/org/bouncycastle/crypto/params/DHParameters.class DONE
/net/bytebuddy/agent/builder/AgentBuilder$InstallationListener$Compound.class starting
/net/bytebuddy/agent/builder/AgentBuilder$InstallationListener$Compound.class DONE
/net/bytebuddy/dynamic/scaffold/subclass/SubclassImplementationTarget$OriginTypeResolver$1.class starting
/net/bytebuddy/dynamic/scaffold/subclass/SubclassImplementationTarget$OriginTypeResolver$1.class DONE
/com/google/common/collect/SortedLists$KeyAbsentBehavior$2.class starting
/com/google/common/collect/SortedLists$KeyAbsentBehavior$2.class DONE
/org/bouncycastle/jcajce/provider/symmetric/Shacal2$AlgParams.class starting
/org/bouncycastle/jcajce/provider/symmetric/Shacal2$AlgParams.class DONE
/org/bouncycastle/crypto/util/DEROtherInfo$1.class starting
/org/bouncycastle/crypto/util/DEROtherInfo$1.class DONE
/net/bytebuddy/agent/builder/AgentBuilder$Default$NativeMethodStrategy$ForPrefix.class starting
/net/bytebuddy/agent/builder/AgentBuilder$Default$NativeMethodStrategy$ForPrefix.class DONE
/com/google/common/collect/Streams$DoubleFunctionWithIndex.class starting
/com/google/common/collect/Streams$DoubleFunctionWithIndex.class DONE
/org/bouncycastle/jcajce/provider/asymmetric/ecgost12/KeyAgreementSpi$ECVKO512.class starting
/org/bouncycastle/jcajce/provider/asymmetric/ecgost12/KeyAgreementSpi$ECVKO512.class DONE
/net/bytebuddy/implementation/MethodDelegation.class starting
/net/bytebuddy/implementation/MethodDelegation.class DONE
/net/bytebuddy/implementation/FieldAccessor$FieldLocation.class starting
/net/bytebuddy/implementation/FieldAccessor$FieldLocation.class DONE
/org/bouncycastle/pqc/crypto/sphincs/SPHINCS256KeyGenerationParameters.class starting
/org/bouncycastle/pqc/crypto/sphincs/SPHINCS256KeyGenerationParameters.class DONE
/org/bouncycastle/jcajce/provider/asymmetric/edec/KeyPairGeneratorSpi$X448.class starting
/org/bouncycastle/jcajce/provider/asymmetric/edec/KeyPairGeneratorSpi$X448.class DONE
/net/bytebuddy/dynamic/loading/PackageDefinitionStrategy$ManifestReading.class starting
/net/bytebuddy/dynamic/loading/PackageDefinitionStrategy$ManifestReading.class DONE
/org/bouncycastle/asn1/LazyEncodedSequence.class starting
/org/bouncycastle/asn1/LazyEncodedSequence.class DONE
/net/bytebuddy/description/annotation/AnnotationDescription.class starting
/net/bytebuddy/description/annotation/AnnotationDescription.class DONE
/org/bouncycastle/crypto/ec/ECDecryptor.class starting
/org/bouncycastle/crypto/ec/ECDecryptor.class DONE
/org/bouncycastle/asn1/BEROctetStringParser.class starting
/org/bouncycastle/asn1/BEROctetStringParser.class DONE
/net/bytebuddy/dynamic/scaffold/TypeWriter$Default$ClassDumpAction$Dispatcher$Enabled.class starting
/net/bytebuddy/dynamic/scaffold/TypeWriter$Default$ClassDumpAction$Dispatcher$Enabled.class DONE
/org/bouncycastle/pqc/jcajce/interfaces/NHPublicKey.class starting
/org/bouncycastle/pqc/jcajce/interfaces/NHPublicKey.class DONE
/com/google/common/collect/JdkBackedImmutableMap.class starting
/com/google/common/collect/JdkBackedImmutableMap.class DONE
/com/google/common/collect/MapMakerInternalMap$EntrySet.class starting
/com/google/common/collect/MapMakerInternalMap$EntrySet.class DONE
/org/bouncycastle/math/ec/ECCurve$Config.class starting
/org/bouncycastle/math/ec/ECCurve$Config.class DONE
/org/apache/lucene/util/mutable/MutableValueDate.class starting
/org/apache/lucene/util/mutable/MutableValueDate.class DONE
/com/google/common/collect/TransformedListIterator.class starting
/com/google/common/collect/TransformedListIterator.class DONE
/com/google/common/base/Utf8.class starting
/com/google/common/base/Utf8.class DONE
/org/bouncycastle/crypto/digests/AsconXof$1.class starting
/org/bouncycastle/crypto/digests/AsconXof$1.class DONE
/org/apache/lucene/analysis/CharArrayMap.class starting
/org/apache/lucene/analysis/CharArrayMap.class DONE
/net/bytebuddy/description/method/MethodList$Explicit.class starting
/net/bytebuddy/description/method/MethodList$Explicit.class DONE
/org/apache/lucene/search/NamedMatches$NamedQuery.class starting
/org/apache/lucene/search/NamedMatches$NamedQuery.class DONE
/net/bytebuddy/matcher/TypeSortMatcher.class starting
/net/bytebuddy/matcher/TypeSortMatcher.class DONE
/net/bytebuddy/description/type/TypeDescription$Latent.class starting
/net/bytebuddy/description/type/TypeDescription$Latent.class DONE
/net/bytebuddy/utility/FileSystem$ForNio2CapableVm$StandardCopyOption.class starting
/net/bytebuddy/utility/FileSystem$ForNio2CapableVm$StandardCopyOption.class DONE
/org/bouncycastle/crypto/engines/GOST3412_2015Engine.class starting
/org/bouncycastle/crypto/engines/GOST3412_2015Engine.class DONE
/org/bouncycastle/math/ec/custom/sec/SecT239K1Curve.class starting
/org/bouncycastle/math/ec/custom/sec/SecT239K1Curve.class DONE
/org/apache/lucene/index/PointValues$IntersectVisitor.class starting
/org/apache/lucene/index/PointValues$IntersectVisitor.class DONE
/net/bytebuddy/implementation/InvokeDynamic$WithImplicitArguments.class starting
/net/bytebuddy/implementation/InvokeDynamic$WithImplicitArguments.class DONE
/org/bouncycastle/pqc/jcajce/provider/mceliece/BCMcEliecePrivateKey.class starting
/org/bouncycastle/pqc/jcajce/provider/mceliece/BCMcEliecePrivateKey.class DONE
/com/google/common/util/concurrent/ForwardingCheckedFuture$SimpleForwardingCheckedFuture.class starting
/com/google/common/util/concurrent/ForwardingCheckedFuture$SimpleForwardingCheckedFuture.class DONE
/org/bouncycastle/util/encoders/HexTranslator.class starting
/org/bouncycastle/util/encoders/HexTranslator.class DONE
/com/google/common/collect/ForwardingConcurrentMap.class starting
/com/google/common/collect/ForwardingConcurrentMap.class DONE
/org/bouncycastle/jcajce/provider/keystore/pkcs12/PKCS12KeyStoreSpi$1.class starting
/org/bouncycastle/jcajce/provider/keystore/pkcs12/PKCS12KeyStoreSpi$1.class DONE
/org/bouncycastle/jcajce/provider/asymmetric/compositesignatures/KeyPairGeneratorSpi$MLDSA65_ECDSA_brainpoolP256r1_SHA512.class starting
/org/bouncycastle/jcajce/provider/asymmetric/compositesignatures/KeyPairGeneratorSpi$MLDSA65_ECDSA_brainpoolP256r1_SHA512.class DONE
/com/google/common/reflect/TypeToken$Bounds.class starting
/com/google/common/reflect/TypeToken$Bounds.class DONE
/org/apache/lucene/store/IndexInput$1.class starting
/org/apache/lucene/store/IndexInput$1.class DONE
/net/bytebuddy/dynamic/loading/ClassInjector$UsingReflection$Dispatcher$Initializable.class starting
/net/bytebuddy/dynamic/loading/ClassInjector$UsingReflection$Dispatcher$Initializable.class DONE
/org/apache/lucene/util/ModuleResourceLoader.class starting
/org/apache/lucene/util/ModuleResourceLoader.class DONE
/org/bouncycastle/pqc/jcajce/provider/falcon/SignatureSpi$Base.class starting
/org/bouncycastle/pqc/jcajce/provider/falcon/SignatureSpi$Base.class DONE
/org/apache/lucene/index/FreqProxFields$FreqProxTermsEnum$1.class starting
/org/apache/lucene/index/FreqProxFields$FreqProxTermsEnum$1.class DONE
/org/bouncycastle/jcajce/provider/digest/Whirlpool$KeyGenerator.class starting
/org/bouncycastle/jcajce/provider/digest/Whirlpool$KeyGenerator.class DONE
/net/bytebuddy/implementation/HashCodeMethod$ValueTransformer$7.class starting
/net/bytebuddy/implementation/HashCodeMethod$ValueTransformer$7.class DONE
/com/google/common/collect/MultimapBuilder$2.class starting
/com/google/common/collect/MultimapBuilder$2.class DONE
/com/google/common/base/Platform.class starting
/com/google/common/base/Platform.class DONE
/org/bouncycastle/jcajce/provider/asymmetric/rsa/PSSSignatureSpi$SHA512withRSA.class starting
/org/bouncycastle/jcajce/provider/asymmetric/rsa/PSSSignatureSpi$SHA512withRSA.class DONE
/com/google/common/net/HttpHeaders.class starting
/com/google/common/net/HttpHeaders.class DONE
/org/bouncycastle/pqc/crypto/falcon/FalconSmallPrime.class starting
/org/bouncycastle/pqc/crypto/falcon/FalconSmallPrime.class DONE
/net/bytebuddy/implementation/bind/annotation/Morph$Binder$RedirectionProxy$InstanceFieldConstructor$Appender.class starting
/net/bytebuddy/implementation/bind/annotation/Morph$Binder$RedirectionProxy$InstanceFieldConstructor$Appender.class DONE
/net/bytebuddy/implementation/InvocationHandlerAdapter.class starting
/net/bytebuddy/implementation/InvocationHandlerAdapter.class DONE
/org/bouncycastle/crypto/modes/NISTCTSBlockCipher.class starting
/org/bouncycastle/crypto/modes/NISTCTSBlockCipher.class DONE
/org/bouncycastle/jcajce/provider/digest/Skein$HMacKeyGenerator_512_384.class starting
/org/bouncycastle/jcajce/provider/digest/Skein$HMacKeyGenerator_512_384.class DONE
/org/bouncycastle/pqc/legacy/crypto/mceliece/McEliecePrivateKeyParameters.class starting
/org/bouncycastle/pqc/legacy/crypto/mceliece/McEliecePrivateKeyParameters.class DONE
/org/bouncycastle/x509/X509CRLStoreSelector.class starting
/org/bouncycastle/x509/X509CRLStoreSelector.class DONE
/org/apache/lucene/util/fst/Util$FSTPath.class starting
/org/apache/lucene/util/fst/Util$FSTPath.class DONE
/org/apache/lucene/search/LongValuesSource$LongValuesComparatorSource.class starting
/org/apache/lucene/search/LongValuesSource$LongValuesComparatorSource.class DONE
/net/bytebuddy/description/type/TypeDescription$Generic$OfParameterizedType$Latent.class starting
/net/bytebuddy/description/type/TypeDescription$Generic$OfParameterizedType$Latent.class DONE
/org/bouncycastle/pqc/crypto/util/PublicKeyFactory$LMSConverter.class starting
/org/bouncycastle/pqc/crypto/util/PublicKeyFactory$LMSConverter.class DONE
/org/bouncycastle/crypto/util/SSHNamedCurves$3.class starting
/org/bouncycastle/crypto/util/SSHNamedCurves$3.class DONE
/com/google/common/io/LineProcessor.class starting
/com/google/common/io/LineProcessor.class DONE
/org/bouncycastle/pqc/legacy/math/linearalgebra/GF2Matrix.class starting
/org/bouncycastle/pqc/legacy/math/linearalgebra/GF2Matrix.class DONE
/com/google/common/cache/LongAddables.class starting
/com/google/common/cache/LongAddables.class DONE
/org/bouncycastle/jcajce/provider/symmetric/CAST5$CBC.class starting
/org/bouncycastle/jcajce/provider/symmetric/CAST5$CBC.class DONE
/org/bouncycastle/jcajce/provider/symmetric/HC128$KeyGen.class starting
/org/bouncycastle/jcajce/provider/symmetric/HC128$KeyGen.class DONE
/org/bouncycastle/pqc/crypto/xmss/XMSSMTPrivateKeyParameters$Builder.class starting
/org/bouncycastle/pqc/crypto/xmss/XMSSMTPrivateKeyParameters$Builder.class DONE
/org/bouncycastle/jcajce/provider/asymmetric/ec/KeyAgreementSpi$DHUwithSHA224KDF.class starting
/org/bouncycastle/jcajce/provider/asymmetric/ec/KeyAgreementSpi$DHUwithSHA224KDF.class DONE
/org/apache/lucene/document/FloatPoint$2.class starting
/org/apache/lucene/document/FloatPoint$2.class DONE
/org/apache/lucene/index/SortedNumericDocValuesWriter.class starting
/org/apache/lucene/index/SortedNumericDocValuesWriter.class DONE
/org/bouncycastle/pqc/math/ntru/parameters/NTRUHPS2048509.class starting
/org/bouncycastle/pqc/math/ntru/parameters/NTRUHPS2048509.class DONE
/net/bytebuddy/implementation/bytecode/ByteCodeAppender$Compound.class starting
/net/bytebuddy/implementation/bytecode/ByteCodeAppender$Compound.class DONE
/com/google/common/collect/Maps$AsMapView$1EntrySetImpl.class starting
/com/google/common/collect/Maps$AsMapView$1EntrySetImpl.class DONE
/org/apache/lucene/search/TopDocsCollector.class starting
/org/apache/lucene/search/TopDocsCollector.class DONE
/net/bytebuddy/asm/Advice$Dispatcher$Resolved$AbstractBase.class starting
/net/bytebuddy/asm/Advice$Dispatcher$Resolved$AbstractBase.class DONE
/org/bouncycastle/jcajce/provider/asymmetric/ec/BCECPrivateKey.class starting
/org/bouncycastle/math/ec/custom/sec/SecP384R1FieldElement.class starting
/org/bouncycastle/math/ec/custom/sec/SecP384R1FieldElement.class DONE
/org/bouncycastle/crypto/engines/SparkleEngine$1.class starting
/org/bouncycastle/crypto/engines/SparkleEngine$1.class DONE
/org/bouncycastle/asn1/sec/SECNamedCurves$17.class starting
/org/bouncycastle/asn1/sec/SECNamedCurves$17.class DONE
/com/google/common/collect/AbstractMapBasedMultiset$2$1.class starting
/com/google/common/collect/AbstractMapBasedMultiset$2$1.class DONE
/net/bytebuddy/asm/Advice$OffsetMapping.class starting
/net/bytebuddy/asm/Advice$OffsetMapping.class DONE
/org/bouncycastle/asn1/ASN1ObjectDescriptor$1.class starting
/org/bouncycastle/asn1/ASN1ObjectDescriptor$1.class DONE
/net/bytebuddy/implementation/bind/annotation/AllArguments.class starting
/net/bytebuddy/implementation/bind/annotation/AllArguments.class DONE
/com/google/common/cache/LocalCache$EntryFactory$2.class starting
/com/google/common/cache/LocalCache$EntryFactory$2.class DONE
/org/apache/lucene/search/ImpactsDISI.class starting
/org/apache/lucene/search/ImpactsDISI.class DONE
/net/bytebuddy/build/EntryPoint$Default.class starting
/net/bytebuddy/build/EntryPoint$Default.class DONE
/org/apache/lucene/search/similarities/MultiSimilarity.class starting
/org/apache/lucene/search/similarities/MultiSimilarity.class DONE
/org/apache/lucene/document/LatLonPointDistanceQuery.class starting
/org/apache/lucene/document/LatLonPointDistanceQuery.class DONE
/com/google/common/util/concurrent/AbstractFuture$Listener.class starting
/com/google/common/util/concurrent/AbstractFuture$Listener.class DONE
/net/bytebuddy/dynamic/VisibilityBridgeStrategy$Default$2.class starting
/net/bytebuddy/dynamic/VisibilityBridgeStrategy$Default$2.class DONE
/org/apache/lucene/index/TermVectorsConsumerPerField$TermVectorsPostingsArray.class starting
/org/apache/lucene/index/TermVectorsConsumerPerField$TermVectorsPostingsArray.class DONE
/org/apache/lucene/internal/hppc/LongIntHashMap$LongIntCursor.class starting
/org/apache/lucene/internal/hppc/LongIntHashMap$LongIntCursor.class DONE
/org/apache/lucene/codecs/lucene90/Lucene90PointsFormat.class starting
/org/apache/lucene/codecs/lucene90/Lucene90PointsFormat.class DONE
/org/apache/lucene/util/automaton/MinimizationOperations$IntPair.class starting
/org/apache/lucene/util/automaton/MinimizationOperations$IntPair.class DONE
/com/google/common/hash/Hashing.class starting
/com/google/common/hash/Hashing.class DONE
/org/bouncycastle/jcajce/spec/SkeinParameterSpec.class starting
/org/bouncycastle/jcajce/spec/SkeinParameterSpec.class DONE
/net/bytebuddy/agent/builder/AgentBuilder$RedefinitionStrategy$Listener$Adapter.class starting
/net/bytebuddy/agent/builder/AgentBuilder$RedefinitionStrategy$Listener$Adapter.class DONE
/net/bytebuddy/jar/asm/RecordComponentWriter.class starting
/net/bytebuddy/jar/asm/RecordComponentWriter.class DONE
/com/google/common/collect/Multisets$4.class starting
/com/google/common/collect/Multisets$4.class DONE
/org/apache/lucene/index/BaseTermsEnum$1.class starting
/org/apache/lucene/index/BaseTermsEnum$1.class DONE
/net/bytebuddy/utility/dispatcher/JavaDispatcher$Dispatcher.class starting
/net/bytebuddy/utility/dispatcher/JavaDispatcher$Dispatcher.class DONE
/org/bouncycastle/asn1/ocsp/OCSPRequest.class starting
/org/bouncycastle/asn1/ocsp/OCSPRequest.class DONE
/org/apache/lucene/codecs/KnnVectorsWriter$ByteVectorValuesSub.class starting
/org/apache/lucene/codecs/KnnVectorsWriter$ByteVectorValuesSub.class DONE
/net/bytebuddy/asm/ClassVisitorFactory$FrameTranslator.class starting
/net/bytebuddy/asm/ClassVisitorFactory$FrameTranslator.class DONE
/com/google/common/collect/TreeTraverser.class starting
/com/google/common/collect/TreeTraverser.class DONE
/org/bouncycastle/jcajce/provider/asymmetric/CompositeSignatures.class starting
/org/bouncycastle/jcajce/provider/asymmetric/CompositeSignatures.class DONE
/org/bouncycastle/jcajce/BCFKSLoadStoreParameter$SignatureAlgorithm.class starting
/org/bouncycastle/jcajce/BCFKSLoadStoreParameter$SignatureAlgorithm.class DONE
/com/google/common/graph/AbstractBaseGraph$1.class starting
/com/google/common/graph/AbstractBaseGraph$1.class DONE
/net/bytebuddy/implementation/bytecode/member/FieldAccess$AccessDispatcher$FieldPutInstruction.class starting
/net/bytebuddy/implementation/bytecode/member/FieldAccess$AccessDispatcher$FieldPutInstruction.class DONE
/org/apache/lucene/index/ConcurrentMergeScheduler.class starting
/org/apache/lucene/index/ConcurrentMergeScheduler.class DONE
/org/bouncycastle/pqc/asn1/PQCObjectIdentifiers.class starting
/org/bouncycastle/pqc/asn1/PQCObjectIdentifiers.class DONE
/org/bouncycastle/jcajce/provider/digest/SHA3$Mappings.class starting
/org/bouncycastle/jcajce/provider/digest/SHA3$Mappings.class DONE
/com/google/common/collect/CollectSpliterators.class starting
/com/google/common/collect/CollectSpliterators.class DONE
/net/bytebuddy/agent/builder/AgentBuilder$PoolStrategy$Default.class starting
/net/bytebuddy/agent/builder/AgentBuilder$PoolStrategy$Default.class DONE
/net/bytebuddy/asm/Advice$AssignReturned$ToReturned$Handler.class starting
/net/bytebuddy/asm/Advice$AssignReturned$ToReturned$Handler.class DONE
/org/bouncycastle/jcajce/provider/asymmetric/ec/BCECPrivateKey.class DONE
/org/bouncycastle/jce/provider/RFC3280CertPathUtilities.class DONE
/org/apache/lucene/document/XYShapeDocValues.class starting
/org/apache/lucene/document/XYShapeDocValues.class DONE
/org/bouncycastle/pqc/crypto/xmss/XMSSMTPrivateKeyParameters$Builder.class starting
/org/bouncycastle/math/ec/custom/gm/SM2P256V1FieldElement.class starting
/org/bouncycastle/pqc/crypto/xmss/XMSSMTPrivateKeyParameters$Builder.class DONE
/org/bouncycastle/math/ec/custom/gm/SM2P256V1FieldElement.class DONE
/org/bouncycastle/jcajce/provider/asymmetric/rsa/PSSSignatureSpi$SHA512withRSA.class starting
/org/bouncycastle/jcajce/provider/asymmetric/rsa/PSSSignatureSpi$SHA512withRSA.class DONE
/org/bouncycastle/math/ec/custom/sec/SecP384R1FieldElement.class starting
/org/bouncycastle/jce/provider/RFC3280CertPathUtilities.class starting
/org/apache/lucene/document/XYShapeDocValues.class starting
/org/apache/lucene/document/LatLonPointDistanceQuery.class starting
/org/apache/lucene/document/XYShapeDocValues.class DONE
/org/apache/lucene/document/LatLonPointDistanceQuery.class DONE
/org/bouncycastle/math/ec/custom/sec/SecP384R1FieldElement.class DONE
/org/bouncycastle/jce/provider/RFC3280CertPathUtilities.class DONE
Could not read file /com/google/common/collect/DenseImmutableTable.class
Could not read file /org/apache/lucene/document/ShapeDocValues.class
Could not read file /org/apache/lucene/index/MergeRateLimiter.class
*****
{
  "olly": {
    "version": 2,
    "wall_time": 155.8,
    "cpu_time": 2016.89,
    "gc_time": 136.12,
    "gc_overhead": 6.75,
    "max_rss_kb": 3860204,
    "domain_stats": {
      "0": {
        "wall_time": 155.8,
        "gc_time": 0.65,
        "gc_overhead": 0.42
      },
      "1": {
        "wall_time": 155.19,
        "gc_time": 10.7,
        "gc_overhead": 6.89
      },
      "2": {
        "wall_time": 155.1,
        "gc_time": 17.81,
        "gc_overhead": 11.48
      },
      "3": {
        "wall_time": 155.17,
        "gc_time": 11.22,
        "gc_overhead": 7.23
      },
      "4": {
        "wall_time": 155.15,
        "gc_time": 10.13,
        "gc_overhead": 6.53
      },
      "5": {
        "wall_time": 155.05,
        "gc_time": 9.48,
        "gc_overhead": 6.11
      },
      "6": {
        "wall_time": 155.1,
        "gc_time": 11.97,
        "gc_overhead": 7.72
      },
      "7": {
        "wall_time": 155.03,
        "gc_time": 9.89,
        "gc_overhead": 6.38
      },
      "8": {
        "wall_time": 155.07,
        "gc_time": 9.24,
        "gc_overhead": 5.96
      },
      "9": {
        "wall_time": 155.02,
        "gc_time": 9.63,
        "gc_overhead": 6.21
      },
      "10": {
        "wall_time": 155.09,
        "gc_time": 14.24,
        "gc_overhead": 9.18
      },
      "11": {
        "wall_time": 155.07,
        "gc_time": 11.34,
        "gc_overhead": 7.32
      },
      "12": {
        "wall_time": 155.04,
        "gc_time": 9.81,
        "gc_overhead": 6.32
      }
    },
    "mean_latency": 4.663209,
    "stddev_latency": 8.778802,
    "min_latency": 0.0,
    "max_latency": 140.115967,
    "distr_latency": {
      "25.0000": 0.001167,
      "50.0000": 0.001871,
      "60.0000": 0.003167,
      "70.0000": 1.548287,
      "75.0000": 5.017599,
      "80.0000": 11.001855,
      "85.0000": 15.155199,
      "90.0000": 18.923519,
      "95.0000": 24.002559,
      "96.0000": 25.411583,
      "97.0000": 27.148287,
      "98.0000": 29.638655,
      "99.0000": 33.390591,
      "99.9000": 52.527103,
      "99.9900": 86.441983,
      "99.9990": 140.115967,
      "99.9999": 140.115967,
      "100.0000": 140.115967
    },
    "outliers": {
      "count": 0,
      "mean_latency": 0.0,
      "max_latency": 0.0
    },
    "allocations": {
      "total_heap": 53618672771,
      "minor_heap": 53786117678,
      "major_heap": 474811110,
      "promoted_words": 642256017,
      "promoted_pct": 1.19
    },
    "domain_alloc_stats": {
      "0": {
        "total": 31792517,
        "minor": 13158007,
        "promoted": 8230649,
        "major": 26865159,
        "promoted_pct": 62.55
      },
      "1": {
        "total": 2956410996,
        "minor": 2968785135,
        "promoted": 41328410,
        "major": 28954271,
        "promoted_pct": 1.39
      },
      "2": {
        "total": 9985855857,
        "minor": 10018358984,
        "promoted": 98474598,
        "major": 65971471,
        "promoted_pct": 0.98
      },
      "3": {
        "total": 4023904181,
        "minor": 4041148434,
        "promoted": 57137268,
        "major": 39893015,
        "promoted_pct": 1.41
      },
      "4": {
        "total": 2890660550,
        "minor": 2903879390,
        "promoted": 42429956,
        "major": 29211116,
        "promoted_pct": 1.46
      },
      "5": {
        "total": 2789336134,
        "minor": 2802410706,
        "promoted": 40391367,
        "major": 27316795,
        "promoted_pct": 1.44
      },
      "6": {
        "total": 6444384323,
        "minor": 6454520606,
        "promoted": 76390237,
        "major": 66253954,
        "promoted_pct": 1.18
      },
      "7": {
        "total": 3115264472,
        "minor": 3131803043,
        "promoted": 47484706,
        "major": 30946135,
        "promoted_pct": 1.52
      },
      "8": {
        "total": 2879696111,
        "minor": 2890561158,
        "promoted": 44966846,
        "major": 34101799,
        "promoted_pct": 1.56
      },
      "9": {
        "total": 2968985620,
        "minor": 2978589769,
        "promoted": 47226407,
        "major": 37622258,
        "promoted_pct": 1.59
      },
      "10": {
        "total": 9041738479,
        "minor": 9050863271,
        "promoted": 48858066,
        "major": 39733274,
        "promoted_pct": 0.54
      },
      "11": {
        "total": 3255761946,
        "minor": 3281948765,
        "promoted": 51757034,
        "major": 25570215,
        "promoted_pct": 1.58
      },
      "12": {
        "total": 3234881585,
        "minor": 3250090410,
        "promoted": 37580473,
        "major": 22371648,
        "promoted_pct": 1.16
      }
    },
    "collections": {
      "minor": 1437,
      "major": 27,
      "forced_major": 0,
      "compactions": 0
    },
    "stats_reliable": true
  },
  "perf": [
    {
      "counter-value": "304197.252321",
      "unit": "msec",
      "event": "task-clock",
      "event-runtime": 304197252321,
      "pcnt-running": 100.0,
      "metric-value": "1.947199",
      "metric-unit": "CPUs utilized"
    },
    {
      "counter-value": "940509.000000",
      "unit": "",
      "event": "page-faults",
      "event-runtime": 304197248171,
      "pcnt-running": 100.0,
      "metric-value": "3.091773",
      "metric-unit": "K/sec"
    },
    {
      "counter-value": "1001383499812.000000",
      "unit": "",
      "event": "cycles",
      "event-runtime": 304197245846,
      "pcnt-running": 100.0,
      "metric-value": "3.291889",
      "metric-unit": "GHz"
    },
    {
      "counter-value": "1251827837633.000000",
      "unit": "",
      "event": "instructions",
      "event-runtime": 304197239881,
      "pcnt-running": 100.0,
      "metric-value": "1.250098",
      "metric-unit": "insn per cycle"
    }
  ]
}
-----
mkdir -p PLOTTY_WORKAROUND; timedrun; OCAMLRUNPARAM="s=524288,o=80,e=18,d=128" /home/udesou/.bench-agent/git/macro-benches/benchmarks/infer/infer_default-ocaml-5.5.0-f523850-fp
running-ng v0.3.8
Wed Sep  9 01:45:31 PM UTC 2026

 13:45:31 up 2 days, 13:39,  2 users,  load average: 7.33, 8.72, 8.77
USER     TTY      FROM             LOGIN@   IDLE   JCPU   PCPU  WHAT

procs -----------memory---------- ---swap-- -----io---- -system-- -------cpu-------
 r  b   swpd   free   buff  cache   si   so    bi    bo   in   cs us sy id wa st gu
 0  1      0 42271388 4124212 18486720    0    0    40   786 2165    3 13  0 76 11  0  0
 0  1      0 42277664 4124212 18486728    0    0     0     0 3891 8522  1  0 87 11  0  0

top - 13:45:33 up 2 days, 13:39,  2 users,  load average: 7.33, 8.72, 8.77
Tasks: 277 total,   1 running, 276 sleeping,   0 stopped,   0 zombie
%Cpu(s):  0.0 us,  1.1 sy,  0.0 ni, 86.2 id, 12.6 wa,  0.0 hi,  0.0 si,  0.0 st 
MiB Mem :  64272.5 total,  41287.8 free,   1627.6 used,  22081.0 buff/cache     
MiB Swap:   8192.0 total,   8192.0 free,      0.0 used.  62644.9 avail Mem 

    PID USER      PR  NI    VIRT    RES    SHR S  %CPU  %MEM     TIME+ COMMAND
 244500 udesou    20   0   11908   5712   3560 R   9.1   0.0   0:00.01 top -bcn 1 -w512
      1 root      20   0   22748  14152   9580 S   0.0   0.0   1:40.54 /sbin/init
      2 root      20   0       0      0      0 S   0.0   0.0   0:00.03 [kthreadd]
      3 root      20   0       0      0      0 S   0.0   0.0   0:00.00 [pool_workqueue_release]
      4 root       0 -20       0      0      0 I   0.0   0.0   0:00.00 [kworker/R-rcu_g]

Environment variables: 
	CONFIG_FILE=/home/udesou/.bench-agent/work/run-20260907-001-e1/run-20260907-001.yml
	HOME=/home/udesou
	LANG=en_US.UTF-8
	LOGNAME=udesou
	LOG_DIR=/home/udesou/.bench-agent/logs
	OLLY_DIR=/home/udesou/.bench-agent/git/olly
	PATH=/usr/local/bin:/home/udesou/.bench-agent/git/olly/_build/install/default/bin:/home/udesou/ocaml-bench-service/_opam/bin:/home/udesou/.vscode-server/data/User/globalStorage/github.copilot-chat/debugCommand:/home/udesou/.vscode-server/data/User/globalStorage/github.copilot-chat/copilotCli:/home/udesou/.vscode-server/cli/servers/Stable-08d4889f9ec4a1685d257b9b95de036c8e1ce1e5/server/bin/remote-cli:/home/udesou/.opam/running-ng-ocaml-5.5.0-f523850-fp-flambda/bin:/home/udesou/.local/bin:/home/udesou/.opam/running-ng-ocaml-5.5.0-f523850-fp-flambda/bin:/home/udesou/.local/bin:/usr/local/sbin:/usr/local/bin:/usr/sbin:/usr/bin:/sbin:/bin:/usr/games:/usr/local/games:/snap/bin
	PWD=/home/udesou/ocaml-bench-service
	PYTHONPATH=/home/udesou/.bench-agent/git/running-ng/src
	RUNNING_BENCH_DIR=/home/udesou/.bench-agent/git/macro-benches
	RUNNING_MACRO_BENCH_DIR=/home/udesou/.bench-agent/git/macro-benches
	RUNNING_NG_PACKAGE_DATA=/home/udesou/.bench-agent/git/running-ng/src/running/config
	RUNNING_REUSE_SWITCHES=1
	RUNNING_TAG=default_run,large_run
	SHELL=/bin/bash
	SHLVL=1
	TERM=screen.xterm-256color
	USER=udesou
	_=/usr/bin/python3
OS: Linux obelisk 6.8.0-139-generic #139-Ubuntu SMP PREEMPT_DYNAMIC Sat Aug  1 03:52:05 UTC 2026 x86_64 x86_64 x86_64 GNU/Linux
CPU: model name	: Intel(R) Xeon(R) CPU E5-2667 v2 @ 3.30GHz
number of cores: 8
Frequency of cpu 0: 3.30 GHz
Governor of cpu 0: performance
Scaling_min_freq of cpu 0: 1.20 GHz
Frequency of cpu 2: 3.30 GHz
Governor of cpu 2: performance
Scaling_min_freq of cpu 2: 1.20 GHz
Frequency of cpu 4: 3.30 GHz
Governor of cpu 4: performance
Scaling_min_freq of cpu 4: 1.20 GHz
Frequency of cpu 6: 3.30 GHz
Governor of cpu 6: performance
Scaling_min_freq of cpu 6: 1.20 GHz
WARNING: Failed to resolve file /com/google/common/annotations/Beta.class with "No such file or directory" 

WARNING: Failed to resolve file /com/google/common/base/Converter$IdentityConverter.class with "No such file or directory" 

WARNING: Failed to resolve file /com/google/common/base/Platform.class with "No such file or directory" 

WARNING: Failed to resolve file /com/google/common/base/Utf8.class with "No such file or directory" 

WARNING: Failed to resolve file /com/google/common/cache/LocalCache$EntryFactory$2.class with "No such file or directory" 

WARNING: Failed to resolve file /com/google/common/cache/LongAddables.class with "No such file or directory" 

WARNING: Failed to resolve file /com/google/common/collect/AbstractMapBasedMultiset$2$1.class with "No such file or directory" 

WARNING: Failed to resolve file /com/google/common/collect/CollectSpliterators.class with "No such file or directory" 

WARNING: Failed to resolve file /com/google/common/collect/DenseImmutableTable.class with "No such file or directory" 

WARNING: Failed to resolve file /com/google/common/collect/ForwardingConcurrentMap.class with "No such file or directory" 

WARNING: Failed to resolve file /com/google/common/collect/HashMultimap.class with "No such file or directory" 

WARNING: Failed to resolve file /com/google/common/collect/ImmutableMultimap$Builder.class with "No such file or directory" 

WARNING: Failed to resolve file /com/google/common/collect/ImmutableSortedSet$1.class with "No such file or directory" 

WARNING: Failed to resolve file /com/google/common/collect/JdkBackedImmutableMap.class with "No such file or directory" 

WARNING: Failed to resolve file /com/google/common/collect/MapMakerInternalMap$EntrySet.class with "No such file or directory" 

WARNING: Failed to resolve file /com/google/common/collect/Maps$AsMapView$1EntrySetImpl.class with "No such file or directory" 

WARNING: Failed to resolve file /com/google/common/collect/MultimapBuilder$2.class with "No such file or directory" 

WARNING: Failed to resolve file /com/google/common/collect/Multisets$4.class with "No such file or directory" 

WARNING: Failed to resolve file /com/google/common/collect/RegularImmutableMap$Values.class with "No such file or directory" 

WARNING: Failed to resolve file /com/google/common/collect/SortedLists$KeyAbsentBehavior$2.class with "No such file or directory" 

WARNING: Failed to resolve file /com/google/common/collect/Streams$DoubleFunctionWithIndex.class with "No such file or directory" 

WARNING: Failed to resolve file /com/google/common/collect/TransformedListIterator.class with "No such file or directory" 

WARNING: Failed to resolve file /com/google/common/collect/TreeTraverser.class with "No such file or directory" 

WARNING: Failed to resolve file /com/google/common/graph/AbstractBaseGraph$1.class with "No such file or directory" 

WARNING: Failed to resolve file /com/google/common/graph/GraphBuilder.class with "No such file or directory" 

WARNING: Failed to resolve file /com/google/common/graph/ValueGraph.class with "No such file or directory" 

WARNING: Failed to resolve file /com/google/common/hash/Hashing.class with "No such file or directory" 

WARNING: Failed to resolve file /com/google/common/io/BaseEncoding.class with "No such file or directory" 

WARNING: Failed to resolve file /com/google/common/io/LineProcessor.class with "No such file or directory" 

WARNING: Failed to resolve file /com/google/common/net/HttpHeaders.class with "No such file or directory" 

WARNING: Failed to resolve file /com/google/common/primitives/Shorts$ShortConverter.class with "No such file or directory" 

WARNING: Failed to resolve file /com/google/common/reflect/TypeToken$Bounds.class with "No such file or directory" 

WARNING: Failed to resolve file /com/google/common/util/concurrent/AbstractFuture$Listener.class with "No such file or directory" 

WARNING: Failed to resolve file /com/google/common/util/concurrent/AggregateFutureState.class with "No such file or directory" 

WARNING: Failed to resolve file /com/google/common/util/concurrent/ForwardingCheckedFuture$SimpleForwardingCheckedFuture.class with "No such file or directory" 

WARNING: Failed to resolve file /com/google/common/util/concurrent/Monitor$Guard.class with "No such file or directory" 

WARNING: Failed to resolve file /com/google/common/util/concurrent/SimpleTimeLimiter$1.class with "No such file or directory" 

WARNING: Failed to resolve file /net/bytebuddy/ByteBuddy$RecordConstructorStrategy.class with "No such file or directory" 

WARNING: Failed to resolve file /net/bytebuddy/agent/builder/AgentBuilder$Default$NativeMethodStrategy$ForPrefix.class with "No such file or directory" 

WARNING: Failed to resolve file /net/bytebuddy/agent/builder/AgentBuilder$InstallationListener$Compound.class with "No such file or directory" 

WARNING: Failed to resolve file /net/bytebuddy/agent/builder/AgentBuilder$PoolStrategy$Default.class with "No such file or directory" 

WARNING: Failed to resolve file /net/bytebuddy/agent/builder/AgentBuilder$RedefinitionStrategy$Listener$Adapter.class with "No such file or directory" 

WARNING: Failed to resolve file /net/bytebuddy/agent/builder/package-info.class with "No such file or directory" 

WARNING: Failed to resolve file /net/bytebuddy/asm/Advice$AssignReturned$ToReturned$Handler.class with "No such file or directory" 

WARNING: Failed to resolve file /net/bytebuddy/asm/Advice$Dispatcher$Resolved$AbstractBase.class with "No such file or directory" 

WARNING: Failed to resolve file /net/bytebuddy/asm/Advice$OffsetMapping$ForInstrumentedMethod$2.class with "No such file or directory" 

WARNING: Failed to resolve file /net/bytebuddy/asm/Advice$OffsetMapping.class with "No such file or directory" 

WARNING: Failed to resolve file /net/bytebuddy/asm/ClassVisitorFactory$FrameTranslator.class with "No such file or directory" 

WARNING: Failed to resolve file /net/bytebuddy/asm/MemberSubstitution$TypePoolResolver$OfImplicitPool.class with "No such file or directory" 

WARNING: Failed to resolve file /net/bytebuddy/build/EntryPoint$Default.class with "No such file or directory" 

WARNING: Failed to resolve file /net/bytebuddy/build/Plugin$Engine$Listener$StreamWriting.class with "No such file or directory" 

WARNING: Failed to resolve file /net/bytebuddy/build/Plugin$Factory$UsingReflection$Instantiator$Unresolved.class with "No such file or directory" 

WARNING: Failed to resolve file /net/bytebuddy/description/annotation/AnnotationDescription.class with "No such file or directory" 

WARNING: Failed to resolve file /net/bytebuddy/description/annotation/AnnotationValue$Loaded$AbstractBase$ForUnresolvedProperty.class with "No such file or directory" 

WARNING: Failed to resolve file /net/bytebuddy/description/method/MethodList$Explicit.class with "No such file or directory" 

WARNING: Failed to resolve file /net/bytebuddy/description/modifier/SynchronizationState.class with "No such file or directory" 

WARNING: Failed to resolve file /net/bytebuddy/description/type/TypeDescription$Generic$AnnotationReader$Delegator$ForLoadedTypeVariable.class with "No such file or directory" 

WARNING: Failed to resolve file /net/bytebuddy/description/type/TypeDescription$Generic$OfParameterizedType$Latent.class with "No such file or directory" 

WARNING: Failed to resolve file /net/bytebuddy/description/type/TypeDescription$Latent.class with "No such file or directory" 

WARNING: Failed to resolve file /net/bytebuddy/dynamic/ClassFileLocator$ForModuleFile.class with "No such file or directory" 

WARNING: Failed to resolve file /net/bytebuddy/dynamic/DynamicType$Builder$MethodDefinition$ParameterDefinition$Simple$Annotatable$AbstractBase.class with "No such file or directory" 

WARNING: Failed to resolve file /net/bytebuddy/dynamic/VisibilityBridgeStrategy$Default$2.class with "No such file or directory" 

WARNING: Failed to resolve file /net/bytebuddy/dynamic/loading/ClassInjector$UsingReflection$Dispatcher$Initializable.class with "No such file or directory" 

WARNING: Failed to resolve file /net/bytebuddy/dynamic/loading/PackageDefinitionStrategy$ManifestReading.class with "No such file or directory" 

WARNING: Failed to resolve file /net/bytebuddy/dynamic/scaffold/MethodGraph$Compiler$Default$Key$Store$Entry$Initial.class with "No such file or directory" 

WARNING: Failed to resolve file /net/bytebuddy/dynamic/scaffold/TypeWriter$Default$ClassDumpAction$Dispatcher$Enabled.class with "No such file or directory" 

WARNING: Failed to resolve file /net/bytebuddy/dynamic/scaffold/TypeWriter$MethodPool$Record$AccessBridgeWrapper.class with "No such file or directory" 

WARNING: Failed to resolve file /net/bytebuddy/dynamic/scaffold/subclass/SubclassImplementationTarget$OriginTypeResolver$1.class with "No such file or directory" 

WARNING: Failed to resolve file /net/bytebuddy/implementation/FieldAccessor$FieldLocation.class with "No such file or directory" 

WARNING: Failed to resolve file /net/bytebuddy/implementation/HashCodeMethod$ValueTransformer$7.class with "No such file or directory" 

WARNING: Failed to resolve file /net/bytebuddy/implementation/InvocationHandlerAdapter.class with "No such file or directory" 

WARNING: Failed to resolve file /net/bytebuddy/implementation/InvokeDynamic$WithImplicitArguments.class with "No such file or directory" 

WARNING: Failed to resolve file /net/bytebuddy/implementation/MethodCall$MethodInvoker.class with "No such file or directory" 

WARNING: Failed to resolve file /net/bytebuddy/implementation/MethodDelegation.class with "No such file or directory" 

WARNING: Failed to resolve file /net/bytebuddy/implementation/attribute/AnnotationValueFilter$Factory.class with "No such file or directory" 

WARNING: Failed to resolve file /net/bytebuddy/implementation/auxiliary/TypeProxy$1.class with "No such file or directory" 

WARNING: Failed to resolve file /net/bytebuddy/implementation/bind/annotation/AllArguments.class with "No such file or directory" 

WARNING: Failed to resolve file /net/bytebuddy/implementation/bind/annotation/Morph$Binder$RedirectionProxy$InstanceFieldConstructor$Appender.class with "No such file or directory" 

WARNING: Failed to resolve file /net/bytebuddy/implementation/bytecode/ByteCodeAppender$Compound.class with "No such file or directory" 

WARNING: Failed to resolve file /net/bytebuddy/implementation/bytecode/assign/reference/GenericTypeAwareAssigner$IsAssignableToVisitor$OfGenericArray.class with "No such file or directory" 

WARNING: Failed to resolve file /net/bytebuddy/implementation/bytecode/member/FieldAccess$AccessDispatcher$FieldPutInstruction.class with "No such file or directory" 

WARNING: Failed to resolve file /net/bytebuddy/jar/asm/RecordComponentWriter.class with "No such file or directory" 

WARNING: Failed to resolve file /net/bytebuddy/matcher/FilterableList.class with "No such file or directory" 

WARNING: Failed to resolve file /net/bytebuddy/matcher/TypeSortMatcher.class with "No such file or directory" 

WARNING: Failed to resolve file /net/bytebuddy/pool/TypePool$Default$LazyTypeDescription$AnnotationToken.class with "No such file or directory" 

WARNING: Failed to resolve file /net/bytebuddy/pool/TypePool$Default$LazyTypeDescription$LazyMethodDescription$LazyParameterizedReceiverType$TypeArgumentList$AnnotatedTypeVariable.class with "No such file or directory" 

WARNING: Failed to resolve file /net/bytebuddy/utility/FileSystem$ForNio2CapableVm$StandardCopyOption.class with "No such file or directory" 

WARNING: Failed to resolve file /net/bytebuddy/utility/dispatcher/JavaDispatcher$Dispatcher.class with "No such file or directory" 

WARNING: Failed to resolve file /org/apache/lucene/analysis/CharArrayMap.class with "No such file or directory" 

WARNING: Failed to resolve file /org/apache/lucene/analysis/tokenattributes/TermToBytesRefAttribute.class with "No such file or directory" 

WARNING: Failed to resolve file /org/apache/lucene/codecs/KnnVectorsWriter$ByteVectorValuesSub.class with "No such file or directory" 

WARNING: Failed to resolve file /org/apache/lucene/codecs/hnsw/DefaultFlatVectorScorer$ByteScoringSupplier$1.class with "No such file or directory" 

WARNING: Failed to resolve file /org/apache/lucene/codecs/lucene90/Lucene90DocValuesProducer$17.class with "No such file or directory" 

WARNING: Failed to resolve file /org/apache/lucene/codecs/lucene90/Lucene90PointsFormat.class with "No such file or directory" 

WARNING: Failed to resolve file /org/apache/lucene/codecs/lucene912/ForUtil.class with "No such file or directory" 

WARNING: Failed to resolve file /org/apache/lucene/codecs/lucene99/Lucene99HnswVectorsWriter$2.class with "No such file or directory" 

WARNING: Failed to resolve file /org/apache/lucene/document/BinaryPoint$1.class with "No such file or directory" 

WARNING: Failed to resolve file /org/apache/lucene/document/FloatPoint$2.class with "No such file or directory" 

WARNING: Failed to resolve file /org/apache/lucene/document/LatLonPointDistanceQuery.class with "No such file or directory" 

WARNING: Failed to resolve file /org/apache/lucene/document/ShapeField$QueryRelation.class with "No such file or directory" 

WARNING: Failed to resolve file /org/apache/lucene/document/XYShapeDocValues.class with "No such file or directory" 

WARNING: Failed to resolve file /org/apache/lucene/index/BaseTermsEnum$1.class with "No such file or directory" 

WARNING: Failed to resolve file /org/apache/lucene/index/ConcurrentMergeScheduler.class with "No such file or directory" 

WARNING: Failed to resolve file /org/apache/lucene/index/ExitableDirectoryReader$ExitableFilterAtomicReader$4.class with "No such file or directory" 

WARNING: Failed to resolve file /org/apache/lucene/index/FreqProxFields$FreqProxTermsEnum$1.class with "No such file or directory" 

WARNING: Failed to resolve file /org/apache/lucene/index/IndexWriter$DocModifier.class with "No such file or directory" 

WARNING: Failed to resolve file /org/apache/lucene/index/MultiDocValues$1.class with "No such file or directory" 

WARNING: Failed to resolve file /org/apache/lucene/index/PointValues$IntersectVisitor.class with "No such file or directory" 

WARNING: Failed to resolve file /org/apache/lucene/index/SingletonSortedSetDocValues.class with "No such file or directory" 

WARNING: Failed to resolve file /org/apache/lucene/index/SortedNumericDocValuesWriter.class with "No such file or directory" 

WARNING: Failed to resolve file /org/apache/lucene/index/TermVectorsConsumerPerField$TermVectorsPostingsArray.class with "No such file or directory" 

WARNING: Failed to resolve file /org/apache/lucene/internal/hppc/IntDoubleHashMap$EntryIterator.class with "No such file or directory" 

WARNING: Failed to resolve file /org/apache/lucene/internal/hppc/LongIntHashMap$LongIntCursor.class with "No such file or directory" 

WARNING: Failed to resolve file /org/apache/lucene/search/BlockMaxConjunctionScorer$2.class with "No such file or directory" 

WARNING: Failed to resolve file /org/apache/lucene/search/ConstantScoreQuery$1$1.class with "No such file or directory" 

WARNING: Failed to resolve file /org/apache/lucene/search/DoubleValuesSource$DoubleValuesComparatorSource$1.class with "No such file or directory" 

WARNING: Failed to resolve file /org/apache/lucene/search/ImpactsDISI.class with "No such file or directory" 

WARNING: Failed to resolve file /org/apache/lucene/search/LongValuesSource$LongValuesComparatorSource.class with "No such file or directory" 

WARNING: Failed to resolve file /org/apache/lucene/search/NamedMatches$NamedQuery.class with "No such file or directory" 

WARNING: Failed to resolve file /org/apache/lucene/search/ReqOptSumScorer.class with "No such file or directory" 

WARNING: Failed to resolve file /org/apache/lucene/search/SortedNumericSortField$5.class with "No such file or directory" 

WARNING: Failed to resolve file /org/apache/lucene/search/TopDocsCollector.class with "No such file or directory" 

WARNING: Failed to resolve file /org/apache/lucene/search/comparators/NumericComparator$NumericLeafComparator.class with "No such file or directory" 

WARNING: Failed to resolve file /org/apache/lucene/search/similarities/MultiSimilarity.class with "No such file or directory" 

WARNING: Failed to resolve file /org/apache/lucene/store/IndexInput$1.class with "No such file or directory" 

WARNING: Failed to resolve file /org/apache/lucene/util/AttributeImpl.class with "No such file or directory" 

WARNING: Failed to resolve file /org/apache/lucene/util/DocIdSetBuilder$BulkAdder.class with "No such file or directory" 

WARNING: Failed to resolve file /org/apache/lucene/util/ModuleResourceLoader.class with "No such file or directory" 

WARNING: Failed to resolve file /org/apache/lucene/util/Sorter.class with "No such file or directory" 

WARNING: Failed to resolve file /org/apache/lucene/util/automaton/MinimizationOperations$IntPair.class with "No such file or directory" 

WARNING: Failed to resolve file /org/apache/lucene/util/bkd/OfflinePointWriter.class with "No such file or directory" 

WARNING: Failed to resolve file /org/apache/lucene/util/fst/Util$FSTPath.class with "No such file or directory" 

WARNING: Failed to resolve file /org/apache/lucene/util/mutable/MutableValueDate.class with "No such file or directory" 

WARNING: Failed to resolve file /org/apache/lucene/util/packed/DirectReader$DirectPackedReader32.class with "No such file or directory" 

WARNING: Failed to resolve file /org/apache/lucene/util/packed/PackedWriter.class with "No such file or directory" 

WARNING: Failed to resolve file /org/bouncycastle/asn1/ASN1ObjectDescriptor$1.class with "No such file or directory" 

WARNING: Failed to resolve file /org/bouncycastle/asn1/BEROctetStringParser.class with "No such file or directory" 

WARNING: Failed to resolve file /org/bouncycastle/asn1/LazyEncodedSequence.class with "No such file or directory" 

WARNING: Failed to resolve file /org/bouncycastle/asn1/ocsp/OCSPRequest.class with "No such file or directory" 

WARNING: Failed to resolve file /org/bouncycastle/asn1/sec/SECNamedCurves$17.class with "No such file or directory" 

WARNING: Failed to resolve file /org/bouncycastle/asn1/x500/DirectoryString.class with "No such file or directory" 

WARNING: Failed to resolve file /org/bouncycastle/asn1/x509/NameConstraints.class with "No such file or directory" 

WARNING: Failed to resolve file /org/bouncycastle/asn1/x509/sigi/NameOrPseudonym.class with "No such file or directory" 

WARNING: Failed to resolve file /org/bouncycastle/crypto/CipherKeyGenerator.class with "No such file or directory" 

WARNING: Failed to resolve file /org/bouncycastle/crypto/StagedAgreement.class with "No such file or directory" 

WARNING: Failed to resolve file /org/bouncycastle/crypto/digests/AsconXof$1.class with "No such file or directory" 

WARNING: Failed to resolve file /org/bouncycastle/crypto/digests/ShortenedDigest.class with "No such file or directory" 

WARNING: Failed to resolve file /org/bouncycastle/crypto/ec/ECDecryptor.class with "No such file or directory" 

WARNING: Failed to resolve file /org/bouncycastle/crypto/engines/GOST3412_2015Engine.class with "No such file or directory" 

WARNING: Failed to resolve file /org/bouncycastle/crypto/engines/SparkleEngine$1.class with "No such file or directory" 

WARNING: Failed to resolve file /org/bouncycastle/crypto/generators/ElGamalParametersGenerator.class with "No such file or directory" 

WARNING: Failed to resolve file /org/bouncycastle/crypto/macs/DSTU7564Mac.class with "No such file or directory" 

WARNING: Failed to resolve file /org/bouncycastle/crypto/modes/NISTCTSBlockCipher.class with "No such file or directory" 

WARNING: Failed to resolve file /org/bouncycastle/crypto/params/DHParameters.class with "No such file or directory" 

WARNING: Failed to resolve file /org/bouncycastle/crypto/params/NaccacheSternKeyGenerationParameters.class with "No such file or directory" 

WARNING: Failed to resolve file /org/bouncycastle/crypto/prng/X931SecureRandom.class with "No such file or directory" 

WARNING: Failed to resolve file /org/bouncycastle/crypto/util/DEROtherInfo$1.class with "No such file or directory" 

WARNING: Failed to resolve file /org/bouncycastle/crypto/util/SSHNamedCurves$3.class with "No such file or directory" 

WARNING: Failed to resolve file /org/bouncycastle/jcajce/BCFKSLoadStoreParameter$SignatureAlgorithm.class with "No such file or directory" 

WARNING: Failed to resolve file /org/bouncycastle/jcajce/provider/asymmetric/CompositeSignatures.class with "No such file or directory" 

WARNING: Failed to resolve file /org/bouncycastle/jcajce/provider/asymmetric/compositesignatures/KeyPairGeneratorSpi$MLDSA65_ECDSA_brainpoolP256r1_SHA512.class with "No such file or directory" 

WARNING: Failed to resolve file /org/bouncycastle/jcajce/provider/asymmetric/dh/KeyAgreementSpi$DHwithSHA384CKDF.class with "No such file or directory" 

WARNING: Failed to resolve file /org/bouncycastle/jcajce/provider/asymmetric/ec/BCECPrivateKey.class with "No such file or directory" 

WARNING: Failed to resolve file /org/bouncycastle/jcajce/provider/asymmetric/ec/KeyAgreementSpi$DHUwithSHA224KDF.class with "No such file or directory" 

WARNING: Failed to resolve file /org/bouncycastle/jcajce/provider/asymmetric/ec/KeyPairGeneratorSpi.class with "No such file or directory" 

WARNING: Failed to resolve file /org/bouncycastle/jcajce/provider/asymmetric/ecgost12/KeyAgreementSpi$ECVKO512.class with "No such file or directory" 

WARNING: Failed to resolve file /org/bouncycastle/jcajce/provider/asymmetric/edec/KeyPairGeneratorSpi$X448.class with "No such file or directory" 

WARNING: Failed to resolve file /org/bouncycastle/jcajce/provider/asymmetric/rsa/DigestSignatureSpi$SHA3_384.class with "No such file or directory" 

WARNING: Failed to resolve file /org/bouncycastle/jcajce/provider/asymmetric/rsa/PSSSignatureSpi$SHA512withRSA.class with "No such file or directory" 

WARNING: Failed to resolve file /org/bouncycastle/jcajce/provider/asymmetric/x509/X509CRLInternal.class with "No such file or directory" 

WARNING: Failed to resolve file /org/bouncycastle/jcajce/provider/digest/GOST3411$Mappings.class with "No such file or directory" 

WARNING: Failed to resolve file /org/bouncycastle/jcajce/provider/digest/RIPEMD256$HashMac.class with "No such file or directory" 

WARNING: Failed to resolve file /org/bouncycastle/jcajce/provider/digest/SHA3$Mappings.class with "No such file or directory" 

WARNING: Failed to resolve file /org/bouncycastle/jcajce/provider/digest/Skein$HMacKeyGenerator_512_384.class with "No such file or directory" 

WARNING: Failed to resolve file /org/bouncycastle/jcajce/provider/digest/Whirlpool$KeyGenerator.class with "No such file or directory" 

WARNING: Failed to resolve file /org/bouncycastle/jcajce/provider/keystore/pkcs12/PKCS12KeyStoreSpi$1.class with "No such file or directory" 

WARNING: Failed to resolve file /org/bouncycastle/jcajce/provider/symmetric/AES$PBEWithSHA256And192BitAESBC.class with "No such file or directory" 

WARNING: Failed to resolve file /org/bouncycastle/jcajce/provider/symmetric/CAST5$CBC.class with "No such file or directory" 

WARNING: Failed to resolve file /org/bouncycastle/jcajce/provider/symmetric/DES$Mappings.class with "No such file or directory" 

WARNING: Failed to resolve file /org/bouncycastle/jcajce/provider/symmetric/DSTU7624$GCM128.class with "No such file or directory" 

WARNING: Failed to resolve file /org/bouncycastle/jcajce/provider/symmetric/HC128$KeyGen.class with "No such file or directory" 

WARNING: Failed to resolve file /org/bouncycastle/jcajce/provider/symmetric/PBEPKCS12.class with "No such file or directory" 

WARNING: Failed to resolve file /org/bouncycastle/jcajce/provider/symmetric/Rijndael.class with "No such file or directory" 

WARNING: Failed to resolve file /org/bouncycastle/jcajce/provider/symmetric/Shacal2$AlgParams.class with "No such file or directory" 

WARNING: Failed to resolve file /org/bouncycastle/jcajce/provider/symmetric/Threefish.class with "No such file or directory" 

WARNING: Failed to resolve file /org/bouncycastle/jcajce/provider/symmetric/util/BaseStreamCipher.class with "No such file or directory" 

WARNING: Failed to resolve file /org/bouncycastle/jcajce/spec/SkeinParameterSpec.class with "No such file or directory" 

WARNING: Failed to resolve file /org/bouncycastle/jce/provider/AnnotatedException.class with "No such file or directory" 

WARNING: Failed to resolve file /org/bouncycastle/jce/provider/RFC3280CertPathUtilities.class with "No such file or directory" 

WARNING: Failed to resolve file /org/bouncycastle/math/ec/ECCurve$Config.class with "No such file or directory" 

WARNING: Failed to resolve file /org/bouncycastle/math/ec/custom/gm/SM2P256V1FieldElement.class with "No such file or directory" 

WARNING: Failed to resolve file /org/bouncycastle/math/ec/custom/sec/SecP384R1FieldElement.class with "No such file or directory" 

WARNING: Failed to resolve file /org/bouncycastle/math/ec/custom/sec/SecT239K1Curve.class with "No such file or directory" 

WARNING: Failed to resolve file /org/bouncycastle/math/ec/rfc8032/Ed25519$PointTemp.class with "No such file or directory" 

WARNING: Failed to resolve file /org/bouncycastle/pqc/asn1/PQCObjectIdentifiers.class with "No such file or directory" 

WARNING: Failed to resolve file /org/bouncycastle/pqc/crypto/crystals/dilithium/DilithiumKeyPairGenerator.class with "No such file or directory" 

WARNING: Failed to resolve file /org/bouncycastle/pqc/crypto/falcon/FalconSmallPrime.class with "No such file or directory" 

WARNING: Failed to resolve file /org/bouncycastle/pqc/crypto/hqc/HQCKEMExtractor.class with "No such file or directory" 

WARNING: Failed to resolve file /org/bouncycastle/pqc/crypto/newhope/NHKeyPairGenerator.class with "No such file or directory" 

WARNING: Failed to resolve file /org/bouncycastle/pqc/crypto/picnic/PicnicEngine.class with "No such file or directory" 

WARNING: Failed to resolve file /org/bouncycastle/pqc/crypto/sphincs/SPHINCS256KeyGenerationParameters.class with "No such file or directory" 

WARNING: Failed to resolve file /org/bouncycastle/pqc/crypto/util/PublicKeyFactory$LMSConverter.class with "No such file or directory" 

WARNING: Failed to resolve file /org/bouncycastle/pqc/crypto/xmss/XMSSMTPrivateKeyParameters$Builder.class with "No such file or directory" 

WARNING: Failed to resolve file /org/bouncycastle/pqc/jcajce/interfaces/NHPublicKey.class with "No such file or directory" 

WARNING: Failed to resolve file /org/bouncycastle/pqc/jcajce/provider/SPHINCS.class with "No such file or directory" 

WARNING: Failed to resolve file /org/bouncycastle/pqc/jcajce/provider/falcon/SignatureSpi$Base.class with "No such file or directory" 

WARNING: Failed to resolve file /org/bouncycastle/pqc/jcajce/provider/mceliece/BCMcEliecePrivateKey.class with "No such file or directory" 

WARNING: Failed to resolve file /org/bouncycastle/pqc/jcajce/provider/picnic/BCPicnicPublicKey.class with "No such file or directory" 

WARNING: Failed to resolve file /org/bouncycastle/pqc/jcajce/provider/sphincsplus/SPHINCSPlusKeyPairGeneratorSpi$Shake_256f.class with "No such file or directory" 

WARNING: Failed to resolve file /org/bouncycastle/pqc/jcajce/spec/KyberParameterSpec.class with "No such file or directory" 

WARNING: Failed to resolve file /org/bouncycastle/pqc/legacy/crypto/mceliece/McEliecePrivateKeyParameters.class with "No such file or directory" 

WARNING: Failed to resolve file /org/bouncycastle/pqc/legacy/math/linearalgebra/GF2Matrix.class with "No such file or directory" 

WARNING: Failed to resolve file /org/bouncycastle/pqc/math/ntru/parameters/NTRUHPS2048509.class with "No such file or directory" 

WARNING: Failed to resolve file /org/bouncycastle/util/encoders/HexTranslator.class with "No such file or directory" 

WARNING: Failed to resolve file /org/bouncycastle/x509/X509CRLStoreSelector.class with "No such file or directory" 

Found 215 (out of 11364) source files to analyze in /home/udesou/.bench-agent/git/macro-benches/vendor/.infer-capture-ocaml-5.5.0-f523850-fp
/net/bytebuddy/asm/Advice$OffsetMapping$ForInstrumentedMethod$2.class starting
/net/bytebuddy/asm/Advice$OffsetMapping$ForInstrumentedMethod$2.class DONE
/net/bytebuddy/dynamic/DynamicType$Builder$MethodDefinition$ParameterDefinition$Simple$Annotatable$AbstractBase.class starting
/net/bytebuddy/dynamic/DynamicType$Builder$MethodDefinition$ParameterDefinition$Simple$Annotatable$AbstractBase.class DONE
/net/bytebuddy/implementation/bytecode/assign/reference/GenericTypeAwareAssigner$IsAssignableToVisitor$OfGenericArray.class starting
/net/bytebuddy/implementation/bytecode/assign/reference/GenericTypeAwareAssigner$IsAssignableToVisitor$OfGenericArray.class DONE
/org/apache/lucene/codecs/lucene912/ForUtil.class starting
/org/apache/lucene/codecs/lucene912/ForUtil.class DONE
/org/apache/lucene/document/BinaryPoint$1.class starting
/org/apache/lucene/document/BinaryPoint$1.class DONE
/org/bouncycastle/pqc/crypto/newhope/NHKeyPairGenerator.class starting
/org/bouncycastle/pqc/crypto/newhope/NHKeyPairGenerator.class DONE
/net/bytebuddy/dynamic/scaffold/MethodGraph$Compiler$Default$Key$Store$Entry$Initial.class starting
/net/bytebuddy/dynamic/scaffold/MethodGraph$Compiler$Default$Key$Store$Entry$Initial.class DONE
/org/bouncycastle/asn1/x500/DirectoryString.class starting
/org/bouncycastle/asn1/x500/DirectoryString.class DONE
/org/apache/lucene/search/BlockMaxConjunctionScorer$2.class starting
/org/apache/lucene/search/BlockMaxConjunctionScorer$2.class DONE
/org/bouncycastle/pqc/jcajce/spec/KyberParameterSpec.class starting
/org/bouncycastle/pqc/jcajce/spec/KyberParameterSpec.class DONE
/org/apache/lucene/document/XYShapeDocValues.class starting
/org/apache/lucene/document/XYShapeDocValues.class DONE
/org/bouncycastle/jcajce/provider/symmetric/AES$PBEWithSHA256And192BitAESBC.class starting
/org/bouncycastle/jcajce/provider/symmetric/AES$PBEWithSHA256And192BitAESBC.class DONE
/org/apache/lucene/index/ExitableDirectoryReader$ExitableFilterAtomicReader$4.class starting
/org/apache/lucene/index/ExitableDirectoryReader$ExitableFilterAtomicReader$4.class DONE
/org/apache/lucene/document/ShapeField$QueryRelation.class starting
/org/apache/lucene/document/ShapeField$QueryRelation.class DONE
/org/bouncycastle/asn1/x509/sigi/NameOrPseudonym.class starting
/org/bouncycastle/asn1/x509/sigi/NameOrPseudonym.class DONE
/org/apache/lucene/search/DoubleValuesSource$DoubleValuesComparatorSource$1.class starting
/org/apache/lucene/search/DoubleValuesSource$DoubleValuesComparatorSource$1.class DONE
/com/google/common/collect/ImmutableMultimap$Builder.class starting
/com/google/common/collect/ImmutableMultimap$Builder.class DONE
/com/google/common/base/Converter$IdentityConverter.class starting
/com/google/common/base/Converter$IdentityConverter.class DONE
/net/bytebuddy/agent/builder/package-info.class starting
/net/bytebuddy/agent/builder/package-info.class DONE
/org/apache/lucene/util/Sorter.class starting
/org/apache/lucene/util/Sorter.class DONE
/com/google/common/graph/ValueGraph.class starting
/com/google/common/graph/ValueGraph.class DONE
/org/bouncycastle/pqc/jcajce/provider/SPHINCS.class starting
/org/bouncycastle/pqc/jcajce/provider/SPHINCS.class DONE
/org/bouncycastle/jcajce/provider/digest/RIPEMD256$HashMac.class starting
/org/bouncycastle/jcajce/provider/digest/RIPEMD256$HashMac.class DONE
/org/bouncycastle/jcajce/provider/symmetric/DES$Mappings.class starting
/org/bouncycastle/jcajce/provider/symmetric/DES$Mappings.class DONE
/com/google/common/util/concurrent/Monitor$Guard.class starting
/com/google/common/util/concurrent/Monitor$Guard.class DONE
/net/bytebuddy/pool/TypePool$Default$LazyTypeDescription$LazyMethodDescription$LazyParameterizedReceiverType$TypeArgumentList$AnnotatedTypeVariable.class starting
/net/bytebuddy/pool/TypePool$Default$LazyTypeDescription$LazyMethodDescription$LazyParameterizedReceiverType$TypeArgumentList$AnnotatedTypeVariable.class DONE
/net/bytebuddy/build/Plugin$Factory$UsingReflection$Instantiator$Unresolved.class starting
/net/bytebuddy/build/Plugin$Factory$UsingReflection$Instantiator$Unresolved.class DONE
/org/bouncycastle/crypto/generators/ElGamalParametersGenerator.class starting
/org/bouncycastle/crypto/generators/ElGamalParametersGenerator.class DONE
/org/bouncycastle/crypto/digests/ShortenedDigest.class starting
/org/bouncycastle/crypto/digests/ShortenedDigest.class DONE
/net/bytebuddy/matcher/FilterableList.class starting
/net/bytebuddy/matcher/FilterableList.class DONE
/com/google/common/io/BaseEncoding.class starting
/com/google/common/io/BaseEncoding.class DONE
/org/bouncycastle/pqc/crypto/picnic/PicnicEngine.class starting
/org/bouncycastle/pqc/crypto/picnic/PicnicEngine.class DONE
/org/bouncycastle/jcajce/provider/symmetric/PBEPKCS12.class starting
/org/bouncycastle/jcajce/provider/symmetric/PBEPKCS12.class DONE
/org/bouncycastle/crypto/prng/X931SecureRandom.class starting
/org/bouncycastle/crypto/prng/X931SecureRandom.class DONE
/net/bytebuddy/description/modifier/SynchronizationState.class starting
/net/bytebuddy/description/modifier/SynchronizationState.class DONE
/org/apache/lucene/search/ConstantScoreQuery$1$1.class starting
/org/apache/lucene/search/ConstantScoreQuery$1$1.class DONE
/org/apache/lucene/internal/hppc/IntDoubleHashMap$EntryIterator.class starting
/org/apache/lucene/internal/hppc/IntDoubleHashMap$EntryIterator.class DONE
/org/bouncycastle/asn1/x509/NameConstraints.class starting
/org/bouncycastle/asn1/x509/NameConstraints.class DONE
/com/google/common/graph/GraphBuilder.class starting
/com/google/common/graph/GraphBuilder.class DONE
/org/bouncycastle/jcajce/provider/symmetric/Threefish.class starting
/org/bouncycastle/jcajce/provider/symmetric/Threefish.class DONE
/com/google/common/util/concurrent/SimpleTimeLimiter$1.class starting
/com/google/common/util/concurrent/SimpleTimeLimiter$1.class DONE
/net/bytebuddy/dynamic/scaffold/TypeWriter$MethodPool$Record$AccessBridgeWrapper.class starting
/net/bytebuddy/dynamic/scaffold/TypeWriter$MethodPool$Record$AccessBridgeWrapper.class DONE
/net/bytebuddy/dynamic/ClassFileLocator$ForModuleFile.class starting
/net/bytebuddy/dynamic/ClassFileLocator$ForModuleFile.class DONE
/org/apache/lucene/search/ReqOptSumScorer.class starting
/org/apache/lucene/search/ReqOptSumScorer.class DONE
/com/google/common/util/concurrent/AggregateFutureState.class starting
/com/google/common/util/concurrent/AggregateFutureState.class DONE
/com/google/common/annotations/Beta.class starting
/com/google/common/annotations/Beta.class DONE
/com/google/common/collect/DenseImmutableTable.class starting
/com/google/common/collect/DenseImmutableTable.class DONE
/org/bouncycastle/math/ec/custom/gm/SM2P256V1FieldElement.class starting
/org/bouncycastle/math/ec/custom/gm/SM2P256V1FieldElement.class DONE
/org/bouncycastle/jcajce/provider/asymmetric/dh/KeyAgreementSpi$DHwithSHA384CKDF.class starting
/org/bouncycastle/jcajce/provider/asymmetric/dh/KeyAgreementSpi$DHwithSHA384CKDF.class DONE
/org/bouncycastle/jcajce/provider/digest/GOST3411$Mappings.class starting
/org/bouncycastle/jcajce/provider/digest/GOST3411$Mappings.class DONE
/org/bouncycastle/pqc/jcajce/provider/sphincsplus/SPHINCSPlusKeyPairGeneratorSpi$Shake_256f.class starting
/org/bouncycastle/pqc/jcajce/provider/sphincsplus/SPHINCSPlusKeyPairGeneratorSpi$Shake_256f.class DONE
/org/bouncycastle/jcajce/provider/symmetric/util/BaseStreamCipher.class starting
/org/bouncycastle/jcajce/provider/symmetric/util/BaseStreamCipher.class DONE
/net/bytebuddy/implementation/auxiliary/TypeProxy$1.class starting
/net/bytebuddy/implementation/auxiliary/TypeProxy$1.class DONE
/com/google/common/collect/ImmutableSortedSet$1.class starting
/com/google/common/collect/ImmutableSortedSet$1.class DONE
/net/bytebuddy/pool/TypePool$Default$LazyTypeDescription$AnnotationToken.class starting
/net/bytebuddy/pool/TypePool$Default$LazyTypeDescription$AnnotationToken.class DONE
/org/apache/lucene/index/SingletonSortedSetDocValues.class starting
/org/apache/lucene/index/SingletonSortedSetDocValues.class DONE
/org/bouncycastle/pqc/crypto/crystals/dilithium/DilithiumKeyPairGenerator.class starting
/org/bouncycastle/pqc/crypto/crystals/dilithium/DilithiumKeyPairGenerator.class DONE
/org/bouncycastle/math/ec/rfc8032/Ed25519$PointTemp.class starting
/org/bouncycastle/math/ec/rfc8032/Ed25519$PointTemp.class DONE
/org/bouncycastle/jce/provider/RFC3280CertPathUtilities.class starting
/org/bouncycastle/jce/provider/RFC3280CertPathUtilities.class DONE
/net/bytebuddy/build/Plugin$Engine$Listener$StreamWriting.class starting
/net/bytebuddy/build/Plugin$Engine$Listener$StreamWriting.class DONE
/org/bouncycastle/crypto/macs/DSTU7564Mac.class starting
/org/bouncycastle/crypto/macs/DSTU7564Mac.class DONE
/org/bouncycastle/jcajce/provider/asymmetric/ec/KeyPairGeneratorSpi.class starting
/org/bouncycastle/jcajce/provider/asymmetric/ec/KeyPairGeneratorSpi.class DONE
/net/bytebuddy/implementation/MethodCall$MethodInvoker.class starting
/net/bytebuddy/implementation/MethodCall$MethodInvoker.class DONE
/net/bytebuddy/ByteBuddy$RecordConstructorStrategy.class starting
/net/bytebuddy/ByteBuddy$RecordConstructorStrategy.class DONE
/org/bouncycastle/jcajce/provider/asymmetric/x509/X509CRLInternal.class starting
/org/bouncycastle/jcajce/provider/asymmetric/x509/X509CRLInternal.class DONE
/org/bouncycastle/jcajce/provider/asymmetric/rsa/DigestSignatureSpi$SHA3_384.class starting
/org/bouncycastle/jcajce/provider/asymmetric/rsa/DigestSignatureSpi$SHA3_384.class DONE
/com/google/common/collect/RegularImmutableMap$Values.class starting
/com/google/common/collect/RegularImmutableMap$Values.class DONE
/org/apache/lucene/index/MultiDocValues$1.class starting
/org/apache/lucene/index/MultiDocValues$1.class DONE
/net/bytebuddy/asm/MemberSubstitution$TypePoolResolver$OfImplicitPool.class starting
/net/bytebuddy/asm/MemberSubstitution$TypePoolResolver$OfImplicitPool.class DONE
/net/bytebuddy/description/type/TypeDescription$Generic$AnnotationReader$Delegator$ForLoadedTypeVariable.class starting
/net/bytebuddy/description/type/TypeDescription$Generic$AnnotationReader$Delegator$ForLoadedTypeVariable.class DONE
/org/bouncycastle/crypto/CipherKeyGenerator.class starting
/org/bouncycastle/crypto/CipherKeyGenerator.class DONE
/org/apache/lucene/codecs/lucene99/Lucene99HnswVectorsWriter$2.class starting
/org/apache/lucene/codecs/lucene99/Lucene99HnswVectorsWriter$2.class DONE
/org/bouncycastle/jcajce/provider/symmetric/DSTU7624$GCM128.class starting
/org/bouncycastle/jcajce/provider/symmetric/DSTU7624$GCM128.class DONE
/org/apache/lucene/util/AttributeImpl.class starting
/org/apache/lucene/util/AttributeImpl.class DONE
/org/apache/lucene/codecs/lucene90/Lucene90DocValuesProducer$17.class starting
/org/apache/lucene/codecs/lucene90/Lucene90DocValuesProducer$17.class DONE
/org/apache/lucene/search/comparators/NumericComparator$NumericLeafComparator.class starting
/org/apache/lucene/search/comparators/NumericComparator$NumericLeafComparator.class DONE
/org/apache/lucene/util/packed/PackedWriter.class starting
/org/apache/lucene/util/packed/PackedWriter.class DONE
/com/google/common/primitives/Shorts$ShortConverter.class starting
/com/google/common/primitives/Shorts$ShortConverter.class DONE
/org/bouncycastle/pqc/crypto/hqc/HQCKEMExtractor.class starting
/org/bouncycastle/pqc/crypto/hqc/HQCKEMExtractor.class DONE
/org/apache/lucene/codecs/hnsw/DefaultFlatVectorScorer$ByteScoringSupplier$1.class starting
/org/apache/lucene/codecs/hnsw/DefaultFlatVectorScorer$ByteScoringSupplier$1.class DONE
/net/bytebuddy/implementation/attribute/AnnotationValueFilter$Factory.class starting
/net/bytebuddy/implementation/attribute/AnnotationValueFilter$Factory.class DONE
/org/apache/lucene/analysis/tokenattributes/TermToBytesRefAttribute.class starting
/org/apache/lucene/analysis/tokenattributes/TermToBytesRefAttribute.class DONE
/org/bouncycastle/crypto/StagedAgreement.class starting
/org/bouncycastle/crypto/StagedAgreement.class DONE
/org/bouncycastle/crypto/params/NaccacheSternKeyGenerationParameters.class starting
/org/bouncycastle/crypto/params/NaccacheSternKeyGenerationParameters.class DONE
/org/apache/lucene/index/IndexWriter$DocModifier.class starting
/org/apache/lucene/index/IndexWriter$DocModifier.class DONE
/org/apache/lucene/util/bkd/OfflinePointWriter.class starting
/org/apache/lucene/util/bkd/OfflinePointWriter.class DONE
/org/apache/lucene/search/SortedNumericSortField$5.class starting
/org/apache/lucene/search/SortedNumericSortField$5.class DONE
/org/bouncycastle/jce/provider/AnnotatedException.class starting
/org/bouncycastle/jce/provider/AnnotatedException.class DONE
/org/apache/lucene/util/packed/DirectReader$DirectPackedReader32.class starting
/org/apache/lucene/util/packed/DirectReader$DirectPackedReader32.class DONE
/org/bouncycastle/jcajce/provider/symmetric/Rijndael.class starting
/org/bouncycastle/jcajce/provider/symmetric/Rijndael.class DONE
/net/bytebuddy/description/annotation/AnnotationValue$Loaded$AbstractBase$ForUnresolvedProperty.class starting
/net/bytebuddy/description/annotation/AnnotationValue$Loaded$AbstractBase$ForUnresolvedProperty.class DONE
/org/apache/lucene/util/DocIdSetBuilder$BulkAdder.class starting
/org/apache/lucene/util/DocIdSetBuilder$BulkAdder.class DONE
/org/bouncycastle/pqc/jcajce/provider/picnic/BCPicnicPublicKey.class starting
/org/bouncycastle/pqc/jcajce/provider/picnic/BCPicnicPublicKey.class DONE
/com/google/common/collect/HashMultimap.class starting
/com/google/common/collect/HashMultimap.class DONE
/org/bouncycastle/crypto/params/DHParameters.class starting
/org/bouncycastle/crypto/params/DHParameters.class DONE
/net/bytebuddy/agent/builder/AgentBuilder$InstallationListener$Compound.class starting
/net/bytebuddy/agent/builder/AgentBuilder$InstallationListener$Compound.class DONE
/net/bytebuddy/dynamic/scaffold/subclass/SubclassImplementationTarget$OriginTypeResolver$1.class starting
/net/bytebuddy/dynamic/scaffold/subclass/SubclassImplementationTarget$OriginTypeResolver$1.class DONE
/com/google/common/collect/SortedLists$KeyAbsentBehavior$2.class starting
/com/google/common/collect/SortedLists$KeyAbsentBehavior$2.class DONE
/org/bouncycastle/jcajce/provider/symmetric/Shacal2$AlgParams.class starting
/org/bouncycastle/jcajce/provider/symmetric/Shacal2$AlgParams.class DONE
/org/bouncycastle/crypto/util/DEROtherInfo$1.class starting
/org/bouncycastle/crypto/util/DEROtherInfo$1.class DONE
/net/bytebuddy/agent/builder/AgentBuilder$Default$NativeMethodStrategy$ForPrefix.class starting
/net/bytebuddy/agent/builder/AgentBuilder$Default$NativeMethodStrategy$ForPrefix.class DONE
/com/google/common/collect/Streams$DoubleFunctionWithIndex.class starting
/com/google/common/collect/Streams$DoubleFunctionWithIndex.class DONE
/org/bouncycastle/jcajce/provider/asymmetric/ecgost12/KeyAgreementSpi$ECVKO512.class starting
/org/bouncycastle/jcajce/provider/asymmetric/ecgost12/KeyAgreementSpi$ECVKO512.class DONE
/net/bytebuddy/implementation/MethodDelegation.class starting
/net/bytebuddy/implementation/MethodDelegation.class DONE
/net/bytebuddy/implementation/FieldAccessor$FieldLocation.class starting
/net/bytebuddy/implementation/FieldAccessor$FieldLocation.class DONE
/org/bouncycastle/pqc/crypto/sphincs/SPHINCS256KeyGenerationParameters.class starting
/org/bouncycastle/pqc/crypto/sphincs/SPHINCS256KeyGenerationParameters.class DONE
/org/bouncycastle/jcajce/provider/asymmetric/edec/KeyPairGeneratorSpi$X448.class starting
/org/bouncycastle/jcajce/provider/asymmetric/edec/KeyPairGeneratorSpi$X448.class DONE
/net/bytebuddy/dynamic/loading/PackageDefinitionStrategy$ManifestReading.class starting
/net/bytebuddy/dynamic/loading/PackageDefinitionStrategy$ManifestReading.class DONE
/org/bouncycastle/asn1/LazyEncodedSequence.class starting
/org/bouncycastle/asn1/LazyEncodedSequence.class DONE
/net/bytebuddy/description/annotation/AnnotationDescription.class starting
/net/bytebuddy/description/annotation/AnnotationDescription.class DONE
/org/bouncycastle/crypto/ec/ECDecryptor.class starting
/org/bouncycastle/crypto/ec/ECDecryptor.class DONE
/org/bouncycastle/asn1/BEROctetStringParser.class starting
/org/bouncycastle/asn1/BEROctetStringParser.class DONE
/net/bytebuddy/dynamic/scaffold/TypeWriter$Default$ClassDumpAction$Dispatcher$Enabled.class starting
/net/bytebuddy/dynamic/scaffold/TypeWriter$Default$ClassDumpAction$Dispatcher$Enabled.class DONE
/org/bouncycastle/pqc/jcajce/interfaces/NHPublicKey.class starting
/org/bouncycastle/pqc/jcajce/interfaces/NHPublicKey.class DONE
/com/google/common/collect/JdkBackedImmutableMap.class starting
/com/google/common/collect/JdkBackedImmutableMap.class DONE
/com/google/common/collect/MapMakerInternalMap$EntrySet.class starting
/com/google/common/collect/MapMakerInternalMap$EntrySet.class DONE
/org/bouncycastle/math/ec/ECCurve$Config.class starting
/org/bouncycastle/math/ec/ECCurve$Config.class DONE
/org/apache/lucene/util/mutable/MutableValueDate.class starting
/org/apache/lucene/util/mutable/MutableValueDate.class DONE
/com/google/common/collect/TransformedListIterator.class starting
/com/google/common/collect/TransformedListIterator.class DONE
/com/google/common/base/Utf8.class starting
/com/google/common/base/Utf8.class DONE
/org/bouncycastle/crypto/digests/AsconXof$1.class starting
/org/bouncycastle/crypto/digests/AsconXof$1.class DONE
/org/apache/lucene/analysis/CharArrayMap.class starting
/org/apache/lucene/analysis/CharArrayMap.class DONE
/org/apache/lucene/search/NamedMatches$NamedQuery.class starting
/net/bytebuddy/description/method/MethodList$Explicit.class starting
/net/bytebuddy/description/method/MethodList$Explicit.class DONE
/org/apache/lucene/search/NamedMatches$NamedQuery.class DONE
/net/bytebuddy/matcher/TypeSortMatcher.class starting
/net/bytebuddy/matcher/TypeSortMatcher.class DONE
/net/bytebuddy/description/type/TypeDescription$Latent.class starting
/net/bytebuddy/description/type/TypeDescription$Latent.class DONE
/org/bouncycastle/crypto/engines/GOST3412_2015Engine.class starting
/org/bouncycastle/crypto/engines/GOST3412_2015Engine.class DONE
/org/bouncycastle/math/ec/custom/sec/SecT239K1Curve.class starting
/org/bouncycastle/math/ec/custom/sec/SecT239K1Curve.class DONE
/net/bytebuddy/utility/FileSystem$ForNio2CapableVm$StandardCopyOption.class starting
/net/bytebuddy/utility/FileSystem$ForNio2CapableVm$StandardCopyOption.class DONE
/org/apache/lucene/index/PointValues$IntersectVisitor.class starting
/net/bytebuddy/implementation/InvokeDynamic$WithImplicitArguments.class starting
/org/apache/lucene/index/PointValues$IntersectVisitor.class DONE
/org/bouncycastle/pqc/jcajce/provider/mceliece/BCMcEliecePrivateKey.class starting
/net/bytebuddy/implementation/InvokeDynamic$WithImplicitArguments.class DONE
/org/bouncycastle/pqc/jcajce/provider/mceliece/BCMcEliecePrivateKey.class DONE
/org/bouncycastle/util/encoders/HexTranslator.class starting
/org/bouncycastle/util/encoders/HexTranslator.class DONE
/com/google/common/collect/ForwardingConcurrentMap.class starting
/com/google/common/collect/ForwardingConcurrentMap.class DONE
/org/bouncycastle/jcajce/provider/keystore/pkcs12/PKCS12KeyStoreSpi$1.class starting
/com/google/common/util/concurrent/ForwardingCheckedFuture$SimpleForwardingCheckedFuture.class starting
/org/bouncycastle/jcajce/provider/keystore/pkcs12/PKCS12KeyStoreSpi$1.class DONE
/com/google/common/util/concurrent/ForwardingCheckedFuture$SimpleForwardingCheckedFuture.class DONE
/com/google/common/reflect/TypeToken$Bounds.class starting
/com/google/common/reflect/TypeToken$Bounds.class DONE
/org/apache/lucene/store/IndexInput$1.class starting
/org/apache/lucene/store/IndexInput$1.class DONE
/net/bytebuddy/dynamic/loading/ClassInjector$UsingReflection$Dispatcher$Initializable.class starting
/net/bytebuddy/dynamic/loading/ClassInjector$UsingReflection$Dispatcher$Initializable.class DONE
/org/bouncycastle/jcajce/provider/asymmetric/compositesignatures/KeyPairGeneratorSpi$MLDSA65_ECDSA_brainpoolP256r1_SHA512.class starting
/org/apache/lucene/util/ModuleResourceLoader.class starting
/org/bouncycastle/jcajce/provider/asymmetric/compositesignatures/KeyPairGeneratorSpi$MLDSA65_ECDSA_brainpoolP256r1_SHA512.class DONE
/org/apache/lucene/util/ModuleResourceLoader.class DONE
/org/bouncycastle/pqc/jcajce/provider/falcon/SignatureSpi$Base.class starting
/org/apache/lucene/index/FreqProxFields$FreqProxTermsEnum$1.class starting
/org/bouncycastle/pqc/jcajce/provider/falcon/SignatureSpi$Base.class DONE
/org/apache/lucene/index/FreqProxFields$FreqProxTermsEnum$1.class DONE
/net/bytebuddy/implementation/HashCodeMethod$ValueTransformer$7.class starting
/org/bouncycastle/jcajce/provider/digest/Whirlpool$KeyGenerator.class starting
/net/bytebuddy/implementation/HashCodeMethod$ValueTransformer$7.class DONE
/org/bouncycastle/jcajce/provider/digest/Whirlpool$KeyGenerator.class DONE
/com/google/common/collect/MultimapBuilder$2.class starting
/com/google/common/collect/MultimapBuilder$2.class DONE
/com/google/common/base/Platform.class starting
/com/google/common/base/Platform.class DONE
/org/bouncycastle/jcajce/provider/asymmetric/rsa/PSSSignatureSpi$SHA512withRSA.class starting
/org/bouncycastle/jcajce/provider/asymmetric/rsa/PSSSignatureSpi$SHA512withRSA.class DONE
/com/google/common/net/HttpHeaders.class starting
/org/bouncycastle/pqc/crypto/falcon/FalconSmallPrime.class starting
/com/google/common/net/HttpHeaders.class DONE
/org/bouncycastle/pqc/crypto/falcon/FalconSmallPrime.class DONE
/net/bytebuddy/implementation/InvocationHandlerAdapter.class starting
/net/bytebuddy/implementation/bind/annotation/Morph$Binder$RedirectionProxy$InstanceFieldConstructor$Appender.class starting
/net/bytebuddy/implementation/bind/annotation/Morph$Binder$RedirectionProxy$InstanceFieldConstructor$Appender.class DONE
/net/bytebuddy/implementation/InvocationHandlerAdapter.class DONE
/org/bouncycastle/jcajce/provider/digest/Skein$HMacKeyGenerator_512_384.class starting
/org/bouncycastle/jcajce/provider/digest/Skein$HMacKeyGenerator_512_384.class DONE
/org/bouncycastle/pqc/legacy/crypto/mceliece/McEliecePrivateKeyParameters.class starting
/org/bouncycastle/pqc/legacy/crypto/mceliece/McEliecePrivateKeyParameters.class DONE
/org/bouncycastle/x509/X509CRLStoreSelector.class starting
/org/bouncycastle/crypto/modes/NISTCTSBlockCipher.class starting
/org/bouncycastle/crypto/modes/NISTCTSBlockCipher.class DONE
/org/apache/lucene/util/fst/Util$FSTPath.class starting
/org/apache/lucene/util/fst/Util$FSTPath.class DONE
/org/apache/lucene/search/LongValuesSource$LongValuesComparatorSource.class starting
/org/apache/lucene/search/LongValuesSource$LongValuesComparatorSource.class DONE
/net/bytebuddy/description/type/TypeDescription$Generic$OfParameterizedType$Latent.class starting
/net/bytebuddy/description/type/TypeDescription$Generic$OfParameterizedType$Latent.class DONE
/org/bouncycastle/pqc/crypto/util/PublicKeyFactory$LMSConverter.class starting
/org/bouncycastle/pqc/crypto/util/PublicKeyFactory$LMSConverter.class DONE
/org/bouncycastle/crypto/util/SSHNamedCurves$3.class starting
/org/bouncycastle/crypto/util/SSHNamedCurves$3.class DONE
/com/google/common/io/LineProcessor.class starting
/com/google/common/io/LineProcessor.class DONE
/org/bouncycastle/pqc/legacy/math/linearalgebra/GF2Matrix.class starting
/org/bouncycastle/pqc/legacy/math/linearalgebra/GF2Matrix.class DONE
/com/google/common/cache/LongAddables.class starting
/com/google/common/cache/LongAddables.class DONE
/org/bouncycastle/jcajce/provider/symmetric/CAST5$CBC.class starting
/org/bouncycastle/jcajce/provider/symmetric/CAST5$CBC.class DONE
/org/bouncycastle/jcajce/provider/symmetric/HC128$KeyGen.class starting
/org/bouncycastle/jcajce/provider/symmetric/HC128$KeyGen.class DONE
/org/bouncycastle/pqc/crypto/xmss/XMSSMTPrivateKeyParameters$Builder.class starting
/org/bouncycastle/pqc/crypto/xmss/XMSSMTPrivateKeyParameters$Builder.class DONE
/org/bouncycastle/jcajce/provider/asymmetric/ec/KeyAgreementSpi$DHUwithSHA224KDF.class starting
/org/bouncycastle/jcajce/provider/asymmetric/ec/KeyAgreementSpi$DHUwithSHA224KDF.class DONE
/org/apache/lucene/document/FloatPoint$2.class starting
/org/apache/lucene/document/FloatPoint$2.class DONE
/org/apache/lucene/index/SortedNumericDocValuesWriter.class starting
/org/apache/lucene/index/SortedNumericDocValuesWriter.class DONE
/org/bouncycastle/pqc/math/ntru/parameters/NTRUHPS2048509.class starting
/org/bouncycastle/pqc/math/ntru/parameters/NTRUHPS2048509.class DONE
/net/bytebuddy/implementation/bytecode/ByteCodeAppender$Compound.class starting
/net/bytebuddy/implementation/bytecode/ByteCodeAppender$Compound.class DONE
/com/google/common/collect/Maps$AsMapView$1EntrySetImpl.class starting
/com/google/common/collect/Maps$AsMapView$1EntrySetImpl.class DONE
/org/apache/lucene/search/TopDocsCollector.class starting
/org/apache/lucene/search/TopDocsCollector.class DONE
/net/bytebuddy/asm/Advice$Dispatcher$Resolved$AbstractBase.class starting
/net/bytebuddy/asm/Advice$Dispatcher$Resolved$AbstractBase.class DONE
/org/bouncycastle/jcajce/provider/asymmetric/ec/BCECPrivateKey.class starting
/org/bouncycastle/math/ec/custom/sec/SecP384R1FieldElement.class starting
/org/bouncycastle/math/ec/custom/sec/SecP384R1FieldElement.class DONE
/org/bouncycastle/crypto/engines/SparkleEngine$1.class starting
/org/bouncycastle/crypto/engines/SparkleEngine$1.class DONE
/org/bouncycastle/asn1/sec/SECNamedCurves$17.class starting
/org/bouncycastle/asn1/sec/SECNamedCurves$17.class DONE
/com/google/common/collect/AbstractMapBasedMultiset$2$1.class starting
/com/google/common/collect/AbstractMapBasedMultiset$2$1.class DONE
/net/bytebuddy/asm/Advice$OffsetMapping.class starting
/net/bytebuddy/asm/Advice$OffsetMapping.class DONE
/org/bouncycastle/asn1/ASN1ObjectDescriptor$1.class starting
/org/bouncycastle/asn1/ASN1ObjectDescriptor$1.class DONE
/net/bytebuddy/implementation/bind/annotation/AllArguments.class starting
/net/bytebuddy/implementation/bind/annotation/AllArguments.class DONE
/com/google/common/cache/LocalCache$EntryFactory$2.class starting
/com/google/common/cache/LocalCache$EntryFactory$2.class DONE
/org/apache/lucene/search/ImpactsDISI.class starting
/org/apache/lucene/search/ImpactsDISI.class DONE
/net/bytebuddy/build/EntryPoint$Default.class starting
/net/bytebuddy/build/EntryPoint$Default.class DONE
/org/apache/lucene/search/similarities/MultiSimilarity.class starting
/org/apache/lucene/search/similarities/MultiSimilarity.class DONE
/org/apache/lucene/document/LatLonPointDistanceQuery.class starting
/org/apache/lucene/document/LatLonPointDistanceQuery.class DONE
/com/google/common/util/concurrent/AbstractFuture$Listener.class starting
/com/google/common/util/concurrent/AbstractFuture$Listener.class DONE
/net/bytebuddy/dynamic/VisibilityBridgeStrategy$Default$2.class starting
/net/bytebuddy/dynamic/VisibilityBridgeStrategy$Default$2.class DONE
/org/apache/lucene/index/TermVectorsConsumerPerField$TermVectorsPostingsArray.class starting
/org/apache/lucene/index/TermVectorsConsumerPerField$TermVectorsPostingsArray.class DONE
/org/apache/lucene/internal/hppc/LongIntHashMap$LongIntCursor.class starting
/org/apache/lucene/internal/hppc/LongIntHashMap$LongIntCursor.class DONE
/org/apache/lucene/codecs/lucene90/Lucene90PointsFormat.class starting
/org/apache/lucene/codecs/lucene90/Lucene90PointsFormat.class DONE
/org/apache/lucene/util/automaton/MinimizationOperations$IntPair.class starting
/org/apache/lucene/util/automaton/MinimizationOperations$IntPair.class DONE
/com/google/common/hash/Hashing.class starting
/com/google/common/hash/Hashing.class DONE
/org/bouncycastle/jcajce/spec/SkeinParameterSpec.class starting
/org/bouncycastle/jcajce/spec/SkeinParameterSpec.class DONE
/net/bytebuddy/agent/builder/AgentBuilder$RedefinitionStrategy$Listener$Adapter.class starting
/net/bytebuddy/agent/builder/AgentBuilder$RedefinitionStrategy$Listener$Adapter.class DONE
/net/bytebuddy/jar/asm/RecordComponentWriter.class starting
/net/bytebuddy/jar/asm/RecordComponentWriter.class DONE
/com/google/common/collect/Multisets$4.class starting
/com/google/common/collect/Multisets$4.class DONE
/org/apache/lucene/index/BaseTermsEnum$1.class starting
/org/apache/lucene/index/BaseTermsEnum$1.class DONE
/net/bytebuddy/utility/dispatcher/JavaDispatcher$Dispatcher.class starting
/net/bytebuddy/utility/dispatcher/JavaDispatcher$Dispatcher.class DONE
/org/bouncycastle/asn1/ocsp/OCSPRequest.class starting
/org/bouncycastle/asn1/ocsp/OCSPRequest.class DONE
/org/apache/lucene/codecs/KnnVectorsWriter$ByteVectorValuesSub.class starting
/org/apache/lucene/codecs/KnnVectorsWriter$ByteVectorValuesSub.class DONE
/net/bytebuddy/asm/ClassVisitorFactory$FrameTranslator.class starting
/net/bytebuddy/asm/ClassVisitorFactory$FrameTranslator.class DONE
/com/google/common/collect/TreeTraverser.class starting
/com/google/common/collect/TreeTraverser.class DONE
/org/bouncycastle/jcajce/provider/asymmetric/CompositeSignatures.class starting
/org/bouncycastle/jcajce/provider/asymmetric/CompositeSignatures.class DONE
/org/bouncycastle/jcajce/BCFKSLoadStoreParameter$SignatureAlgorithm.class starting
/org/bouncycastle/jcajce/BCFKSLoadStoreParameter$SignatureAlgorithm.class DONE
/com/google/common/graph/AbstractBaseGraph$1.class starting
/com/google/common/graph/AbstractBaseGraph$1.class DONE
/net/bytebuddy/implementation/bytecode/member/FieldAccess$AccessDispatcher$FieldPutInstruction.class starting
/net/bytebuddy/implementation/bytecode/member/FieldAccess$AccessDispatcher$FieldPutInstruction.class DONE
/org/apache/lucene/index/ConcurrentMergeScheduler.class starting
/org/apache/lucene/index/ConcurrentMergeScheduler.class DONE
/org/bouncycastle/pqc/asn1/PQCObjectIdentifiers.class starting
/org/bouncycastle/pqc/asn1/PQCObjectIdentifiers.class DONE
/org/bouncycastle/jcajce/provider/digest/SHA3$Mappings.class starting
/org/bouncycastle/jcajce/provider/digest/SHA3$Mappings.class DONE
/com/google/common/collect/CollectSpliterators.class starting
/com/google/common/collect/CollectSpliterators.class DONE
/net/bytebuddy/agent/builder/AgentBuilder$PoolStrategy$Default.class starting
/net/bytebuddy/agent/builder/AgentBuilder$PoolStrategy$Default.class DONE
/net/bytebuddy/asm/Advice$AssignReturned$ToReturned$Handler.class starting
/net/bytebuddy/asm/Advice$AssignReturned$ToReturned$Handler.class DONE
/org/bouncycastle/x509/X509CRLStoreSelector.class DONE
/org/bouncycastle/jcajce/provider/asymmetric/ec/BCECPrivateKey.class DONE
/org/bouncycastle/jce/provider/RFC3280CertPathUtilities.class starting
/org/bouncycastle/jcajce/provider/digest/RIPEMD256$HashMac.class starting
/org/bouncycastle/jcajce/provider/digest/RIPEMD256$HashMac.class DONE
/org/bouncycastle/math/ec/custom/gm/SM2P256V1FieldElement.class starting
/org/apache/lucene/document/XYShapeDocValues.class starting
/org/bouncycastle/jcajce/provider/asymmetric/rsa/PSSSignatureSpi$SHA512withRSA.class starting
/org/bouncycastle/pqc/crypto/xmss/XMSSMTPrivateKeyParameters$Builder.class starting
/org/bouncycastle/pqc/crypto/xmss/XMSSMTPrivateKeyParameters$Builder.class DONE
/org/bouncycastle/jce/provider/RFC3280CertPathUtilities.class DONE
/org/bouncycastle/math/ec/custom/gm/SM2P256V1FieldElement.class DONE
/org/apache/lucene/document/XYShapeDocValues.class DONE
/org/bouncycastle/jcajce/provider/asymmetric/rsa/PSSSignatureSpi$SHA512withRSA.class DONE
/org/apache/lucene/document/LatLonPointDistanceQuery.class starting
/org/bouncycastle/pqc/crypto/xmss/XMSSMTPrivateKeyParameters$Builder.class starting
/org/bouncycastle/math/ec/custom/sec/SecP384R1FieldElement.class starting
/org/bouncycastle/pqc/crypto/xmss/XMSSMTPrivateKeyParameters$Builder.class DONE
/org/bouncycastle/jce/provider/RFC3280CertPathUtilities.class starting
/org/bouncycastle/math/ec/custom/gm/SM2P256V1FieldElement.class starting
/org/apache/lucene/document/XYShapeDocValues.class starting
/org/bouncycastle/jcajce/provider/asymmetric/rsa/PSSSignatureSpi$SHA512withRSA.class starting
/org/apache/lucene/document/LatLonPointDistanceQuery.class DONE
/org/apache/lucene/codecs/lucene90/Lucene90PointsFormat.class starting
/org/bouncycastle/math/ec/custom/sec/SecP384R1FieldElement.class DONE
/org/apache/lucene/codecs/lucene90/Lucene90PointsFormat.class DONE
/org/bouncycastle/jcajce/provider/asymmetric/rsa/PSSSignatureSpi$SHA512withRSA.class DONE
/org/bouncycastle/jce/provider/RFC3280CertPathUtilities.class DONE
/org/apache/lucene/document/XYShapeDocValues.class DONE
/org/bouncycastle/math/ec/custom/gm/SM2P256V1FieldElement.class DONE
Could not read file /com/google/common/collect/DenseImmutableTable.class
Could not read file /org/apache/lucene/document/ShapeDocValues.class
Could not read file /org/apache/lucene/index/MergeRateLimiter.class
*****
{
  "olly": {
    "version": 2,
    "wall_time": 155.86,
    "cpu_time": 2015.75,
    "gc_time": 134.1,
    "gc_overhead": 6.65,
    "max_rss_kb": 3958872,
    "domain_stats": {
      "0": {
        "wall_time": 155.86,
        "gc_time": 0.8,
        "gc_overhead": 0.51
      },
      "1": {
        "wall_time": 155.13,
        "gc_time": 18.39,
        "gc_overhead": 11.86
      },
      "2": {
        "wall_time": 154.95,
        "gc_time": 10.88,
        "gc_overhead": 7.02
      },
      "3": {
        "wall_time": 154.91,
        "gc_time": 10.63,
        "gc_overhead": 6.86
      },
      "4": {
        "wall_time": 155.11,
        "gc_time": 11.1,
        "gc_overhead": 7.15
      },
      "5": {
        "wall_time": 155.22,
        "gc_time": 15.22,
        "gc_overhead": 9.81
      },
      "6": {
        "wall_time": 155.04,
        "gc_time": 8.73,
        "gc_overhead": 5.63
      },
      "7": {
        "wall_time": 155.07,
        "gc_time": 9.6,
        "gc_overhead": 6.19
      },
      "8": {
        "wall_time": 154.89,
        "gc_time": 8.56,
        "gc_overhead": 5.53
      },
      "9": {
        "wall_time": 155.11,
        "gc_time": 12.78,
        "gc_overhead": 8.24
      },
      "10": {
        "wall_time": 154.82,
        "gc_time": 8.29,
        "gc_overhead": 5.36
      },
      "11": {
        "wall_time": 154.8,
        "gc_time": 9.69,
        "gc_overhead": 6.26
      },
      "12": {
        "wall_time": 154.84,
        "gc_time": 9.44,
        "gc_overhead": 6.1
      }
    },
    "mean_latency": 4.585812,
    "stddev_latency": 8.574061,
    "min_latency": 0.0,
    "max_latency": 119.996415,
    "distr_latency": {
      "25.0000": 0.001207,
      "50.0000": 0.001879,
      "60.0000": 0.003215,
      "70.0000": 1.878015,
      "75.0000": 4.894719,
      "80.0000": 11.026431,
      "85.0000": 15.106047,
      "90.0000": 18.628607,
      "95.0000": 23.379967,
      "96.0000": 24.707071,
      "97.0000": 26.345471,
      "98.0000": 28.590079,
      "99.0000": 32.063487,
      "99.9000": 50.036735,
      "99.9900": 98.435071,
      "99.9990": 119.996415,
      "99.9999": 119.996415,
      "100.0000": 119.996415
    },
    "outliers": {
      "count": 0,
      "mean_latency": 0.0,
      "max_latency": 0.0
    },
    "allocations": {
      "total_heap": 53836500499,
      "minor_heap": 53992017232,
      "major_heap": 487622340,
      "promoted_words": 643139073,
      "promoted_pct": 1.19
    },
    "domain_alloc_stats": {
      "0": {
        "total": 31267100,
        "minor": 13161073,
        "promoted": 8816663,
        "major": 26922690,
        "promoted_pct": 66.99
      },
      "1": {
        "total": 10273155304,
        "minor": 10306602791,
        "promoted": 98506897,
        "major": 65059410,
        "promoted_pct": 0.96
      },
      "2": {
        "total": 2898944466,
        "minor": 2920574804,
        "promoted": 42016641,
        "major": 20386303,
        "promoted_pct": 1.44
      },
      "3": {
        "total": 3056764642,
        "minor": 3072856795,
        "promoted": 43006032,
        "major": 26913879,
        "promoted_pct": 1.4
      },
      "4": {
        "total": 4041709266,
        "minor": 4052264878,
        "promoted": 59161080,
        "major": 48605468,
        "promoted_pct": 1.46
      },
      "5": {
        "total": 9175950968,
        "minor": 9192410212,
        "promoted": 52155948,
        "major": 35696704,
        "promoted_pct": 0.57
      },
      "6": {
        "total": 2667358371,
        "minor": 2672598566,
        "promoted": 37830489,
        "major": 32590294,
        "promoted_pct": 1.42
      },
      "7": {
        "total": 2888776856,
        "minor": 2902635399,
        "promoted": 45763037,
        "major": 31904494,
        "promoted_pct": 1.58
      },
      "8": {
        "total": 2815217750,
        "minor": 2826534152,
        "promoted": 43626422,
        "major": 32310020,
        "promoted_pct": 1.54
      },
      "9": {
        "total": 6569161549,
        "minor": 6582538764,
        "promoted": 80352353,
        "major": 66975138,
        "promoted_pct": 1.22
      },
      "10": {
        "total": 2737553193,
        "minor": 2741402397,
        "promoted": 39628649,
        "major": 35779445,
        "promoted_pct": 1.45
      },
      "11": {
        "total": 3334923394,
        "minor": 3350280751,
        "promoted": 50257914,
        "major": 34900557,
        "promoted_pct": 1.5
      },
      "12": {
        "total": 3345717640,
        "minor": 3358156650,
        "promoted": 42016948,
        "major": 29577938,
        "promoted_pct": 1.25
      }
    },
    "collections": {
      "minor": 1468,
      "major": 28,
      "forced_major": 0,
      "compactions": 0
    },
    "stats_reliable": true
  },
  "perf": [
    {
      "counter-value": "305087.011532",
      "unit": "msec",
      "event": "task-clock",
      "event-runtime": 305087011532,
      "pcnt-running": 100.0,
      "metric-value": "1.953021",
      "metric-unit": "CPUs utilized"
    },
    {
      "counter-value": "966827.000000",
      "unit": "",
      "event": "page-faults",
      "event-runtime": 305087007178,
      "pcnt-running": 100.0,
      "metric-value": "3.169021",
      "metric-unit": "K/sec"
    },
    {
      "counter-value": "1004340684151.000000",
      "unit": "",
      "event": "cycles",
      "event-runtime": 305087004896,
      "pcnt-running": 100.0,
      "metric-value": "3.291981",
      "metric-unit": "GHz"
    },
    {
      "counter-value": "1258236612574.000000",
      "unit": "",
      "event": "instructions",
      "event-runtime": 305086998677,
      "pcnt-running": 100.0,
      "metric-value": "1.252799",
      "metric-unit": "insn per cycle"
    }
  ]
}