
-----
mkdir -p PLOTTY_WORKAROUND; timedrun; OCAMLRUNPARAM="s=524288,o=40,e=18,d=128" /home/udesou/.bench-agent/git/macro-benches/benchmarks/infer/infer_default-ocaml-5.5.0-f523850
running-ng v0.3.8
Wed Sep  9 07:08:21 AM UTC 2026

 07:08:21 up 2 days,  7:02,  2 users,  load average: 6.72, 8.07, 5.78
USER     TTY      FROM             LOGIN@   IDLE   JCPU   PCPU  WHAT

procs -----------memory---------- ---swap-- -----io---- -system-- -------cpu-------
 r  b   swpd   free   buff  cache   si   so    bi    bo   in   cs us sy id wa st gu
 0  1      0 45931896 4086144 14869156    0    0    41   390 2109    3 12  0 76 12  0  0
 0  1      0 45935920 4086144 14868896    0    0     0     0 1697 2939  0  0 88 12  0  0

top - 07:08:22 up 2 days,  7:02,  2 users,  load average: 6.72, 8.07, 5.78
Tasks: 276 total,   1 running, 275 sleeping,   0 stopped,   0 zombie
%Cpu(s):  1.2 us,  1.2 sy,  0.0 ni, 86.0 id, 11.6 wa,  0.0 hi,  0.0 si,  0.0 st 
MiB Mem :  64272.5 total,  44859.3 free,   1626.3 used,  18510.8 buff/cache     
MiB Swap:   8192.0 total,   8192.0 free,      0.0 used.  62646.2 avail Mem 

    PID USER      PR  NI    VIRT    RES    SHR S  %CPU  %MEM     TIME+ COMMAND
      1 root      20   0   22724  14128   9580 S   0.0   0.0   1:29.61 /sbin/init
      2 root      20   0       0      0      0 S   0.0   0.0   0:00.02 [kthreadd]
      3 root      20   0       0      0      0 S   0.0   0.0   0:00.00 [pool_workqueue_release]
      4 root       0 -20       0      0      0 I   0.0   0.0   0:00.00 [kworker/R-rcu_g]
      5 root       0 -20       0      0      0 I   0.0   0.0   0:00.00 [kworker/R-rcu_p]

Environment variables: 
	CONFIG_FILE=/home/udesou/.bench-agent/work/run-20260907-001-e1/run-20260907-001.yml
	HOME=/home/udesou
	LANG=en_US.UTF-8
	LOGNAME=udesou
	LOG_DIR=/home/udesou/.bench-agent/logs
	OLLY_DIR=/home/udesou/.bench-agent/git/olly
	PATH=/usr/local/bin:/home/udesou/.bench-agent/git/olly/_build/install/default/bin:/home/udesou/ocaml-bench-service/_opam/bin:/home/udesou/.vscode-server/data/User/globalStorage/github.copilot-chat/debugCommand:/home/udesou/.vscode-server/data/User/globalStorage/github.copilot-chat/copilotCli:/home/udesou/.vscode-server/cli/servers/Stable-08d4889f9ec4a1685d257b9b95de036c8e1ce1e5/server/bin/remote-cli:/home/udesou/.opam/running-ng-ocaml-5.5.0-f523850-fp-flambda/bin:/home/udesou/.local/bin:/home/udesou/.opam/running-ng-ocaml-5.5.0-f523850-fp-flambda/bin:/home/udesou/.local/bin:/usr/local/sbin:/usr/local/bin:/usr/sbin:/usr/bin:/sbin:/bin:/usr/games:/usr/local/games:/snap/bin
	PWD=/home/udesou/ocaml-bench-service
	PYTHONPATH=/home/udesou/.bench-agent/git/running-ng/src
	RUNNING_BENCH_DIR=/home/udesou/.bench-agent/git/macro-benches
	RUNNING_MACRO_BENCH_DIR=/home/udesou/.bench-agent/git/macro-benches
	RUNNING_NG_PACKAGE_DATA=/home/udesou/.bench-agent/git/running-ng/src/running/config
	RUNNING_REUSE_SWITCHES=1
	RUNNING_TAG=default_run,large_run
	SHELL=/bin/bash
	SHLVL=1
	TERM=screen.xterm-256color
	USER=udesou
	_=/usr/bin/python3
OS: Linux obelisk 6.8.0-139-generic #139-Ubuntu SMP PREEMPT_DYNAMIC Sat Aug  1 03:52:05 UTC 2026 x86_64 x86_64 x86_64 GNU/Linux
CPU: model name	: Intel(R) Xeon(R) CPU E5-2667 v2 @ 3.30GHz
number of cores: 8
Frequency of cpu 0: 3.30 GHz
Governor of cpu 0: performance
Scaling_min_freq of cpu 0: 1.20 GHz
Frequency of cpu 2: 3.30 GHz
Governor of cpu 2: performance
Scaling_min_freq of cpu 2: 1.20 GHz
Frequency of cpu 4: 3.30 GHz
Governor of cpu 4: performance
Scaling_min_freq of cpu 4: 1.20 GHz
Frequency of cpu 6: 3.30 GHz
Governor of cpu 6: performance
Scaling_min_freq of cpu 6: 1.20 GHz
WARNING: Failed to resolve file /com/google/common/annotations/Beta.class with "No such file or directory" 

WARNING: Failed to resolve file /com/google/common/base/Converter$IdentityConverter.class with "No such file or directory" 

WARNING: Failed to resolve file /com/google/common/base/Platform.class with "No such file or directory" 

WARNING: Failed to resolve file /com/google/common/base/Utf8.class with "No such file or directory" 

WARNING: Failed to resolve file /com/google/common/cache/LocalCache$EntryFactory$2.class with "No such file or directory" 

WARNING: Failed to resolve file /com/google/common/cache/LongAddables.class with "No such file or directory" 

WARNING: Failed to resolve file /com/google/common/collect/AbstractMapBasedMultiset$2$1.class with "No such file or directory" 

WARNING: Failed to resolve file /com/google/common/collect/CollectSpliterators.class with "No such file or directory" 

WARNING: Failed to resolve file /com/google/common/collect/DenseImmutableTable.class with "No such file or directory" 

WARNING: Failed to resolve file /com/google/common/collect/ForwardingConcurrentMap.class with "No such file or directory" 

WARNING: Failed to resolve file /com/google/common/collect/HashMultimap.class with "No such file or directory" 

WARNING: Failed to resolve file /com/google/common/collect/ImmutableMultimap$Builder.class with "No such file or directory" 

WARNING: Failed to resolve file /com/google/common/collect/ImmutableSortedSet$1.class with "No such file or directory" 

WARNING: Failed to resolve file /com/google/common/collect/JdkBackedImmutableMap.class with "No such file or directory" 

WARNING: Failed to resolve file /com/google/common/collect/MapMakerInternalMap$EntrySet.class with "No such file or directory" 

WARNING: Failed to resolve file /com/google/common/collect/Maps$AsMapView$1EntrySetImpl.class with "No such file or directory" 

WARNING: Failed to resolve file /com/google/common/collect/MultimapBuilder$2.class with "No such file or directory" 

WARNING: Failed to resolve file /com/google/common/collect/Multisets$4.class with "No such file or directory" 

WARNING: Failed to resolve file /com/google/common/collect/RegularImmutableMap$Values.class with "No such file or directory" 

WARNING: Failed to resolve file /com/google/common/collect/SortedLists$KeyAbsentBehavior$2.class with "No such file or directory" 

WARNING: Failed to resolve file /com/google/common/collect/Streams$DoubleFunctionWithIndex.class with "No such file or directory" 

WARNING: Failed to resolve file /com/google/common/collect/TransformedListIterator.class with "No such file or directory" 

WARNING: Failed to resolve file /com/google/common/collect/TreeTraverser.class with "No such file or directory" 

WARNING: Failed to resolve file /com/google/common/graph/AbstractBaseGraph$1.class with "No such file or directory" 

WARNING: Failed to resolve file /com/google/common/graph/GraphBuilder.class with "No such file or directory" 

WARNING: Failed to resolve file /com/google/common/graph/ValueGraph.class with "No such file or directory" 

WARNING: Failed to resolve file /com/google/common/hash/Hashing.class with "No such file or directory" 

WARNING: Failed to resolve file /com/google/common/io/BaseEncoding.class with "No such file or directory" 

WARNING: Failed to resolve file /com/google/common/io/LineProcessor.class with "No such file or directory" 

WARNING: Failed to resolve file /com/google/common/net/HttpHeaders.class with "No such file or directory" 

WARNING: Failed to resolve file /com/google/common/primitives/Shorts$ShortConverter.class with "No such file or directory" 

WARNING: Failed to resolve file /com/google/common/reflect/TypeToken$Bounds.class with "No such file or directory" 

WARNING: Failed to resolve file /com/google/common/util/concurrent/AbstractFuture$Listener.class with "No such file or directory" 

WARNING: Failed to resolve file /com/google/common/util/concurrent/AggregateFutureState.class with "No such file or directory" 

WARNING: Failed to resolve file /com/google/common/util/concurrent/ForwardingCheckedFuture$SimpleForwardingCheckedFuture.class with "No such file or directory" 

WARNING: Failed to resolve file /com/google/common/util/concurrent/Monitor$Guard.class with "No such file or directory" 

WARNING: Failed to resolve file /com/google/common/util/concurrent/SimpleTimeLimiter$1.class with "No such file or directory" 

WARNING: Failed to resolve file /net/bytebuddy/ByteBuddy$RecordConstructorStrategy.class with "No such file or directory" 

WARNING: Failed to resolve file /net/bytebuddy/agent/builder/AgentBuilder$Default$NativeMethodStrategy$ForPrefix.class with "No such file or directory" 

WARNING: Failed to resolve file /net/bytebuddy/agent/builder/AgentBuilder$InstallationListener$Compound.class with "No such file or directory" 

WARNING: Failed to resolve file /net/bytebuddy/agent/builder/AgentBuilder$PoolStrategy$Default.class with "No such file or directory" 

WARNING: Failed to resolve file /net/bytebuddy/agent/builder/AgentBuilder$RedefinitionStrategy$Listener$Adapter.class with "No such file or directory" 

WARNING: Failed to resolve file /net/bytebuddy/agent/builder/package-info.class with "No such file or directory" 

WARNING: Failed to resolve file /net/bytebuddy/asm/Advice$AssignReturned$ToReturned$Handler.class with "No such file or directory" 

WARNING: Failed to resolve file /net/bytebuddy/asm/Advice$Dispatcher$Resolved$AbstractBase.class with "No such file or directory" 

WARNING: Failed to resolve file /net/bytebuddy/asm/Advice$OffsetMapping$ForInstrumentedMethod$2.class with "No such file or directory" 

WARNING: Failed to resolve file /net/bytebuddy/asm/Advice$OffsetMapping.class with "No such file or directory" 

WARNING: Failed to resolve file /net/bytebuddy/asm/ClassVisitorFactory$FrameTranslator.class with "No such file or directory" 

WARNING: Failed to resolve file /net/bytebuddy/asm/MemberSubstitution$TypePoolResolver$OfImplicitPool.class with "No such file or directory" 

WARNING: Failed to resolve file /net/bytebuddy/build/EntryPoint$Default.class with "No such file or directory" 

WARNING: Failed to resolve file /net/bytebuddy/build/Plugin$Engine$Listener$StreamWriting.class with "No such file or directory" 

WARNING: Failed to resolve file /net/bytebuddy/build/Plugin$Factory$UsingReflection$Instantiator$Unresolved.class with "No such file or directory" 

WARNING: Failed to resolve file /net/bytebuddy/description/annotation/AnnotationDescription.class with "No such file or directory" 

WARNING: Failed to resolve file /net/bytebuddy/description/annotation/AnnotationValue$Loaded$AbstractBase$ForUnresolvedProperty.class with "No such file or directory" 

WARNING: Failed to resolve file /net/bytebuddy/description/method/MethodList$Explicit.class with "No such file or directory" 

WARNING: Failed to resolve file /net/bytebuddy/description/modifier/SynchronizationState.class with "No such file or directory" 

WARNING: Failed to resolve file /net/bytebuddy/description/type/TypeDescription$Generic$AnnotationReader$Delegator$ForLoadedTypeVariable.class with "No such file or directory" 

WARNING: Failed to resolve file /net/bytebuddy/description/type/TypeDescription$Generic$OfParameterizedType$Latent.class with "No such file or directory" 

WARNING: Failed to resolve file /net/bytebuddy/description/type/TypeDescription$Latent.class with "No such file or directory" 

WARNING: Failed to resolve file /net/bytebuddy/dynamic/ClassFileLocator$ForModuleFile.class with "No such file or directory" 

WARNING: Failed to resolve file /net/bytebuddy/dynamic/DynamicType$Builder$MethodDefinition$ParameterDefinition$Simple$Annotatable$AbstractBase.class with "No such file or directory" 

WARNING: Failed to resolve file /net/bytebuddy/dynamic/VisibilityBridgeStrategy$Default$2.class with "No such file or directory" 

WARNING: Failed to resolve file /net/bytebuddy/dynamic/loading/ClassInjector$UsingReflection$Dispatcher$Initializable.class with "No such file or directory" 

WARNING: Failed to resolve file /net/bytebuddy/dynamic/loading/PackageDefinitionStrategy$ManifestReading.class with "No such file or directory" 

WARNING: Failed to resolve file /net/bytebuddy/dynamic/scaffold/MethodGraph$Compiler$Default$Key$Store$Entry$Initial.class with "No such file or directory" 

WARNING: Failed to resolve file /net/bytebuddy/dynamic/scaffold/TypeWriter$Default$ClassDumpAction$Dispatcher$Enabled.class with "No such file or directory" 

WARNING: Failed to resolve file /net/bytebuddy/dynamic/scaffold/TypeWriter$MethodPool$Record$AccessBridgeWrapper.class with "No such file or directory" 

WARNING: Failed to resolve file /net/bytebuddy/dynamic/scaffold/subclass/SubclassImplementationTarget$OriginTypeResolver$1.class with "No such file or directory" 

WARNING: Failed to resolve file /net/bytebuddy/implementation/FieldAccessor$FieldLocation.class with "No such file or directory" 

WARNING: Failed to resolve file /net/bytebuddy/implementation/HashCodeMethod$ValueTransformer$7.class with "No such file or directory" 

WARNING: Failed to resolve file /net/bytebuddy/implementation/InvocationHandlerAdapter.class with "No such file or directory" 

WARNING: Failed to resolve file /net/bytebuddy/implementation/InvokeDynamic$WithImplicitArguments.class with "No such file or directory" 

WARNING: Failed to resolve file /net/bytebuddy/implementation/MethodCall$MethodInvoker.class with "No such file or directory" 

WARNING: Failed to resolve file /net/bytebuddy/implementation/MethodDelegation.class with "No such file or directory" 

WARNING: Failed to resolve file /net/bytebuddy/implementation/attribute/AnnotationValueFilter$Factory.class with "No such file or directory" 

WARNING: Failed to resolve file /net/bytebuddy/implementation/auxiliary/TypeProxy$1.class with "No such file or directory" 

WARNING: Failed to resolve file /net/bytebuddy/implementation/bind/annotation/AllArguments.class with "No such file or directory" 

WARNING: Failed to resolve file /net/bytebuddy/implementation/bind/annotation/Morph$Binder$RedirectionProxy$InstanceFieldConstructor$Appender.class with "No such file or directory" 

WARNING: Failed to resolve file /net/bytebuddy/implementation/bytecode/ByteCodeAppender$Compound.class with "No such file or directory" 

WARNING: Failed to resolve file /net/bytebuddy/implementation/bytecode/assign/reference/GenericTypeAwareAssigner$IsAssignableToVisitor$OfGenericArray.class with "No such file or directory" 

WARNING: Failed to resolve file /net/bytebuddy/implementation/bytecode/member/FieldAccess$AccessDispatcher$FieldPutInstruction.class with "No such file or directory" 

WARNING: Failed to resolve file /net/bytebuddy/jar/asm/RecordComponentWriter.class with "No such file or directory" 

WARNING: Failed to resolve file /net/bytebuddy/matcher/FilterableList.class with "No such file or directory" 

WARNING: Failed to resolve file /net/bytebuddy/matcher/TypeSortMatcher.class with "No such file or directory" 

WARNING: Failed to resolve file /net/bytebuddy/pool/TypePool$Default$LazyTypeDescription$AnnotationToken.class with "No such file or directory" 

WARNING: Failed to resolve file /net/bytebuddy/pool/TypePool$Default$LazyTypeDescription$LazyMethodDescription$LazyParameterizedReceiverType$TypeArgumentList$AnnotatedTypeVariable.class with "No such file or directory" 

WARNING: Failed to resolve file /net/bytebuddy/utility/FileSystem$ForNio2CapableVm$StandardCopyOption.class with "No such file or directory" 

WARNING: Failed to resolve file /net/bytebuddy/utility/dispatcher/JavaDispatcher$Dispatcher.class with "No such file or directory" 

WARNING: Failed to resolve file /org/apache/lucene/analysis/CharArrayMap.class with "No such file or directory" 

WARNING: Failed to resolve file /org/apache/lucene/analysis/tokenattributes/TermToBytesRefAttribute.class with "No such file or directory" 

WARNING: Failed to resolve file /org/apache/lucene/codecs/KnnVectorsWriter$ByteVectorValuesSub.class with "No such file or directory" 

WARNING: Failed to resolve file /org/apache/lucene/codecs/hnsw/DefaultFlatVectorScorer$ByteScoringSupplier$1.class with "No such file or directory" 

WARNING: Failed to resolve file /org/apache/lucene/codecs/lucene90/Lucene90DocValuesProducer$17.class with "No such file or directory" 

WARNING: Failed to resolve file /org/apache/lucene/codecs/lucene90/Lucene90PointsFormat.class with "No such file or directory" 

WARNING: Failed to resolve file /org/apache/lucene/codecs/lucene912/ForUtil.class with "No such file or directory" 

WARNING: Failed to resolve file /org/apache/lucene/codecs/lucene99/Lucene99HnswVectorsWriter$2.class with "No such file or directory" 

WARNING: Failed to resolve file /org/apache/lucene/document/BinaryPoint$1.class with "No such file or directory" 

WARNING: Failed to resolve file /org/apache/lucene/document/FloatPoint$2.class with "No such file or directory" 

WARNING: Failed to resolve file /org/apache/lucene/document/LatLonPointDistanceQuery.class with "No such file or directory" 

WARNING: Failed to resolve file /org/apache/lucene/document/ShapeField$QueryRelation.class with "No such file or directory" 

WARNING: Failed to resolve file /org/apache/lucene/document/XYShapeDocValues.class with "No such file or directory" 

WARNING: Failed to resolve file /org/apache/lucene/index/BaseTermsEnum$1.class with "No such file or directory" 

WARNING: Failed to resolve file /org/apache/lucene/index/ConcurrentMergeScheduler.class with "No such file or directory" 

WARNING: Failed to resolve file /org/apache/lucene/index/ExitableDirectoryReader$ExitableFilterAtomicReader$4.class with "No such file or directory" 

WARNING: Failed to resolve file /org/apache/lucene/index/FreqProxFields$FreqProxTermsEnum$1.class with "No such file or directory" 

WARNING: Failed to resolve file /org/apache/lucene/index/IndexWriter$DocModifier.class with "No such file or directory" 

WARNING: Failed to resolve file /org/apache/lucene/index/MultiDocValues$1.class with "No such file or directory" 

WARNING: Failed to resolve file /org/apache/lucene/index/PointValues$IntersectVisitor.class with "No such file or directory" 

WARNING: Failed to resolve file /org/apache/lucene/index/SingletonSortedSetDocValues.class with "No such file or directory" 

WARNING: Failed to resolve file /org/apache/lucene/index/SortedNumericDocValuesWriter.class with "No such file or directory" 

WARNING: Failed to resolve file /org/apache/lucene/index/TermVectorsConsumerPerField$TermVectorsPostingsArray.class with "No such file or directory" 

WARNING: Failed to resolve file /org/apache/lucene/internal/hppc/IntDoubleHashMap$EntryIterator.class with "No such file or directory" 

WARNING: Failed to resolve file /org/apache/lucene/internal/hppc/LongIntHashMap$LongIntCursor.class with "No such file or directory" 

WARNING: Failed to resolve file /org/apache/lucene/search/BlockMaxConjunctionScorer$2.class with "No such file or directory" 

WARNING: Failed to resolve file /org/apache/lucene/search/ConstantScoreQuery$1$1.class with "No such file or directory" 

WARNING: Failed to resolve file /org/apache/lucene/search/DoubleValuesSource$DoubleValuesComparatorSource$1.class with "No such file or directory" 

WARNING: Failed to resolve file /org/apache/lucene/search/ImpactsDISI.class with "No such file or directory" 

WARNING: Failed to resolve file /org/apache/lucene/search/LongValuesSource$LongValuesComparatorSource.class with "No such file or directory" 

WARNING: Failed to resolve file /org/apache/lucene/search/NamedMatches$NamedQuery.class with "No such file or directory" 

WARNING: Failed to resolve file /org/apache/lucene/search/ReqOptSumScorer.class with "No such file or directory" 

WARNING: Failed to resolve file /org/apache/lucene/search/SortedNumericSortField$5.class with "No such file or directory" 

WARNING: Failed to resolve file /org/apache/lucene/search/TopDocsCollector.class with "No such file or directory" 

WARNING: Failed to resolve file /org/apache/lucene/search/comparators/NumericComparator$NumericLeafComparator.class with "No such file or directory" 

WARNING: Failed to resolve file /org/apache/lucene/search/similarities/MultiSimilarity.class with "No such file or directory" 

WARNING: Failed to resolve file /org/apache/lucene/store/IndexInput$1.class with "No such file or directory" 

WARNING: Failed to resolve file /org/apache/lucene/util/AttributeImpl.class with "No such file or directory" 

WARNING: Failed to resolve file /org/apache/lucene/util/DocIdSetBuilder$BulkAdder.class with "No such file or directory" 

WARNING: Failed to resolve file /org/apache/lucene/util/ModuleResourceLoader.class with "No such file or directory" 

WARNING: Failed to resolve file /org/apache/lucene/util/Sorter.class with "No such file or directory" 

WARNING: Failed to resolve file /org/apache/lucene/util/automaton/MinimizationOperations$IntPair.class with "No such file or directory" 

WARNING: Failed to resolve file /org/apache/lucene/util/bkd/OfflinePointWriter.class with "No such file or directory" 

WARNING: Failed to resolve file /org/apache/lucene/util/fst/Util$FSTPath.class with "No such file or directory" 

WARNING: Failed to resolve file /org/apache/lucene/util/mutable/MutableValueDate.class with "No such file or directory" 

WARNING: Failed to resolve file /org/apache/lucene/util/packed/DirectReader$DirectPackedReader32.class with "No such file or directory" 

WARNING: Failed to resolve file /org/apache/lucene/util/packed/PackedWriter.class with "No such file or directory" 

WARNING: Failed to resolve file /org/bouncycastle/asn1/ASN1ObjectDescriptor$1.class with "No such file or directory" 

WARNING: Failed to resolve file /org/bouncycastle/asn1/BEROctetStringParser.class with "No such file or directory" 

WARNING: Failed to resolve file /org/bouncycastle/asn1/LazyEncodedSequence.class with "No such file or directory" 

WARNING: Failed to resolve file /org/bouncycastle/asn1/ocsp/OCSPRequest.class with "No such file or directory" 

WARNING: Failed to resolve file /org/bouncycastle/asn1/sec/SECNamedCurves$17.class with "No such file or directory" 

WARNING: Failed to resolve file /org/bouncycastle/asn1/x500/DirectoryString.class with "No such file or directory" 

WARNING: Failed to resolve file /org/bouncycastle/asn1/x509/NameConstraints.class with "No such file or directory" 

WARNING: Failed to resolve file /org/bouncycastle/asn1/x509/sigi/NameOrPseudonym.class with "No such file or directory" 

WARNING: Failed to resolve file /org/bouncycastle/crypto/CipherKeyGenerator.class with "No such file or directory" 

WARNING: Failed to resolve file /org/bouncycastle/crypto/StagedAgreement.class with "No such file or directory" 

WARNING: Failed to resolve file /org/bouncycastle/crypto/digests/AsconXof$1.class with "No such file or directory" 

WARNING: Failed to resolve file /org/bouncycastle/crypto/digests/ShortenedDigest.class with "No such file or directory" 

WARNING: Failed to resolve file /org/bouncycastle/crypto/ec/ECDecryptor.class with "No such file or directory" 

WARNING: Failed to resolve file /org/bouncycastle/crypto/engines/GOST3412_2015Engine.class with "No such file or directory" 

WARNING: Failed to resolve file /org/bouncycastle/crypto/engines/SparkleEngine$1.class with "No such file or directory" 

WARNING: Failed to resolve file /org/bouncycastle/crypto/generators/ElGamalParametersGenerator.class with "No such file or directory" 

WARNING: Failed to resolve file /org/bouncycastle/crypto/macs/DSTU7564Mac.class with "No such file or directory" 

WARNING: Failed to resolve file /org/bouncycastle/crypto/modes/NISTCTSBlockCipher.class with "No such file or directory" 

WARNING: Failed to resolve file /org/bouncycastle/crypto/params/DHParameters.class with "No such file or directory" 

WARNING: Failed to resolve file /org/bouncycastle/crypto/params/NaccacheSternKeyGenerationParameters.class with "No such file or directory" 

WARNING: Failed to resolve file /org/bouncycastle/crypto/prng/X931SecureRandom.class with "No such file or directory" 

WARNING: Failed to resolve file /org/bouncycastle/crypto/util/DEROtherInfo$1.class with "No such file or directory" 

WARNING: Failed to resolve file /org/bouncycastle/crypto/util/SSHNamedCurves$3.class with "No such file or directory" 

WARNING: Failed to resolve file /org/bouncycastle/jcajce/BCFKSLoadStoreParameter$SignatureAlgorithm.class with "No such file or directory" 

WARNING: Failed to resolve file /org/bouncycastle/jcajce/provider/asymmetric/CompositeSignatures.class with "No such file or directory" 

WARNING: Failed to resolve file /org/bouncycastle/jcajce/provider/asymmetric/compositesignatures/KeyPairGeneratorSpi$MLDSA65_ECDSA_brainpoolP256r1_SHA512.class with "No such file or directory" 

WARNING: Failed to resolve file /org/bouncycastle/jcajce/provider/asymmetric/dh/KeyAgreementSpi$DHwithSHA384CKDF.class with "No such file or directory" 

WARNING: Failed to resolve file /org/bouncycastle/jcajce/provider/asymmetric/ec/BCECPrivateKey.class with "No such file or directory" 

WARNING: Failed to resolve file /org/bouncycastle/jcajce/provider/asymmetric/ec/KeyAgreementSpi$DHUwithSHA224KDF.class with "No such file or directory" 

WARNING: Failed to resolve file /org/bouncycastle/jcajce/provider/asymmetric/ec/KeyPairGeneratorSpi.class with "No such file or directory" 

WARNING: Failed to resolve file /org/bouncycastle/jcajce/provider/asymmetric/ecgost12/KeyAgreementSpi$ECVKO512.class with "No such file or directory" 

WARNING: Failed to resolve file /org/bouncycastle/jcajce/provider/asymmetric/edec/KeyPairGeneratorSpi$X448.class with "No such file or directory" 

WARNING: Failed to resolve file /org/bouncycastle/jcajce/provider/asymmetric/rsa/DigestSignatureSpi$SHA3_384.class with "No such file or directory" 

WARNING: Failed to resolve file /org/bouncycastle/jcajce/provider/asymmetric/rsa/PSSSignatureSpi$SHA512withRSA.class with "No such file or directory" 

WARNING: Failed to resolve file /org/bouncycastle/jcajce/provider/asymmetric/x509/X509CRLInternal.class with "No such file or directory" 

WARNING: Failed to resolve file /org/bouncycastle/jcajce/provider/digest/GOST3411$Mappings.class with "No such file or directory" 

WARNING: Failed to resolve file /org/bouncycastle/jcajce/provider/digest/RIPEMD256$HashMac.class with "No such file or directory" 

WARNING: Failed to resolve file /org/bouncycastle/jcajce/provider/digest/SHA3$Mappings.class with "No such file or directory" 

WARNING: Failed to resolve file /org/bouncycastle/jcajce/provider/digest/Skein$HMacKeyGenerator_512_384.class with "No such file or directory" 

WARNING: Failed to resolve file /org/bouncycastle/jcajce/provider/digest/Whirlpool$KeyGenerator.class with "No such file or directory" 

WARNING: Failed to resolve file /org/bouncycastle/jcajce/provider/keystore/pkcs12/PKCS12KeyStoreSpi$1.class with "No such file or directory" 

WARNING: Failed to resolve file /org/bouncycastle/jcajce/provider/symmetric/AES$PBEWithSHA256And192BitAESBC.class with "No such file or directory" 

WARNING: Failed to resolve file /org/bouncycastle/jcajce/provider/symmetric/CAST5$CBC.class with "No such file or directory" 

WARNING: Failed to resolve file /org/bouncycastle/jcajce/provider/symmetric/DES$Mappings.class with "No such file or directory" 

WARNING: Failed to resolve file /org/bouncycastle/jcajce/provider/symmetric/DSTU7624$GCM128.class with "No such file or directory" 

WARNING: Failed to resolve file /org/bouncycastle/jcajce/provider/symmetric/HC128$KeyGen.class with "No such file or directory" 

WARNING: Failed to resolve file /org/bouncycastle/jcajce/provider/symmetric/PBEPKCS12.class with "No such file or directory" 

WARNING: Failed to resolve file /org/bouncycastle/jcajce/provider/symmetric/Rijndael.class with "No such file or directory" 

WARNING: Failed to resolve file /org/bouncycastle/jcajce/provider/symmetric/Shacal2$AlgParams.class with "No such file or directory" 

WARNING: Failed to resolve file /org/bouncycastle/jcajce/provider/symmetric/Threefish.class with "No such file or directory" 

WARNING: Failed to resolve file /org/bouncycastle/jcajce/provider/symmetric/util/BaseStreamCipher.class with "No such file or directory" 

WARNING: Failed to resolve file /org/bouncycastle/jcajce/spec/SkeinParameterSpec.class with "No such file or directory" 

WARNING: Failed to resolve file /org/bouncycastle/jce/provider/AnnotatedException.class with "No such file or directory" 

WARNING: Failed to resolve file /org/bouncycastle/jce/provider/RFC3280CertPathUtilities.class with "No such file or directory" 

WARNING: Failed to resolve file /org/bouncycastle/math/ec/ECCurve$Config.class with "No such file or directory" 

WARNING: Failed to resolve file /org/bouncycastle/math/ec/custom/gm/SM2P256V1FieldElement.class with "No such file or directory" 

WARNING: Failed to resolve file /org/bouncycastle/math/ec/custom/sec/SecP384R1FieldElement.class with "No such file or directory" 

WARNING: Failed to resolve file /org/bouncycastle/math/ec/custom/sec/SecT239K1Curve.class with "No such file or directory" 

WARNING: Failed to resolve file /org/bouncycastle/math/ec/rfc8032/Ed25519$PointTemp.class with "No such file or directory" 

WARNING: Failed to resolve file /org/bouncycastle/pqc/asn1/PQCObjectIdentifiers.class with "No such file or directory" 

WARNING: Failed to resolve file /org/bouncycastle/pqc/crypto/crystals/dilithium/DilithiumKeyPairGenerator.class with "No such file or directory" 

WARNING: Failed to resolve file /org/bouncycastle/pqc/crypto/falcon/FalconSmallPrime.class with "No such file or directory" 

WARNING: Failed to resolve file /org/bouncycastle/pqc/crypto/hqc/HQCKEMExtractor.class with "No such file or directory" 

WARNING: Failed to resolve file /org/bouncycastle/pqc/crypto/newhope/NHKeyPairGenerator.class with "No such file or directory" 

WARNING: Failed to resolve file /org/bouncycastle/pqc/crypto/picnic/PicnicEngine.class with "No such file or directory" 

WARNING: Failed to resolve file /org/bouncycastle/pqc/crypto/sphincs/SPHINCS256KeyGenerationParameters.class with "No such file or directory" 

WARNING: Failed to resolve file /org/bouncycastle/pqc/crypto/util/PublicKeyFactory$LMSConverter.class with "No such file or directory" 

WARNING: Failed to resolve file /org/bouncycastle/pqc/crypto/xmss/XMSSMTPrivateKeyParameters$Builder.class with "No such file or directory" 

WARNING: Failed to resolve file /org/bouncycastle/pqc/jcajce/interfaces/NHPublicKey.class with "No such file or directory" 

WARNING: Failed to resolve file /org/bouncycastle/pqc/jcajce/provider/SPHINCS.class with "No such file or directory" 

WARNING: Failed to resolve file /org/bouncycastle/pqc/jcajce/provider/falcon/SignatureSpi$Base.class with "No such file or directory" 

WARNING: Failed to resolve file /org/bouncycastle/pqc/jcajce/provider/mceliece/BCMcEliecePrivateKey.class with "No such file or directory" 

WARNING: Failed to resolve file /org/bouncycastle/pqc/jcajce/provider/picnic/BCPicnicPublicKey.class with "No such file or directory" 

WARNING: Failed to resolve file /org/bouncycastle/pqc/jcajce/provider/sphincsplus/SPHINCSPlusKeyPairGeneratorSpi$Shake_256f.class with "No such file or directory" 

WARNING: Failed to resolve file /org/bouncycastle/pqc/jcajce/spec/KyberParameterSpec.class with "No such file or directory" 

WARNING: Failed to resolve file /org/bouncycastle/pqc/legacy/crypto/mceliece/McEliecePrivateKeyParameters.class with "No such file or directory" 

WARNING: Failed to resolve file /org/bouncycastle/pqc/legacy/math/linearalgebra/GF2Matrix.class with "No such file or directory" 

WARNING: Failed to resolve file /org/bouncycastle/pqc/math/ntru/parameters/NTRUHPS2048509.class with "No such file or directory" 

WARNING: Failed to resolve file /org/bouncycastle/util/encoders/HexTranslator.class with "No such file or directory" 

WARNING: Failed to resolve file /org/bouncycastle/x509/X509CRLStoreSelector.class with "No such file or directory" 

Found 215 (out of 11364) source files to analyze in /home/udesou/.bench-agent/git/macro-benches/vendor/.infer-capture-ocaml-5.5.0-f523850
/net/bytebuddy/asm/Advice$OffsetMapping$ForInstrumentedMethod$2.class starting
/net/bytebuddy/asm/Advice$OffsetMapping$ForInstrumentedMethod$2.class DONE
/net/bytebuddy/dynamic/DynamicType$Builder$MethodDefinition$ParameterDefinition$Simple$Annotatable$AbstractBase.class starting
/net/bytebuddy/dynamic/DynamicType$Builder$MethodDefinition$ParameterDefinition$Simple$Annotatable$AbstractBase.class DONE
/net/bytebuddy/implementation/bytecode/assign/reference/GenericTypeAwareAssigner$IsAssignableToVisitor$OfGenericArray.class starting
/net/bytebuddy/implementation/bytecode/assign/reference/GenericTypeAwareAssigner$IsAssignableToVisitor$OfGenericArray.class DONE
/org/apache/lucene/codecs/lucene912/ForUtil.class starting
/org/apache/lucene/codecs/lucene912/ForUtil.class DONE
/org/apache/lucene/document/BinaryPoint$1.class starting
/org/apache/lucene/document/BinaryPoint$1.class DONE
/org/bouncycastle/pqc/crypto/newhope/NHKeyPairGenerator.class starting
/org/bouncycastle/pqc/crypto/newhope/NHKeyPairGenerator.class DONE
/net/bytebuddy/dynamic/scaffold/MethodGraph$Compiler$Default$Key$Store$Entry$Initial.class starting
/net/bytebuddy/dynamic/scaffold/MethodGraph$Compiler$Default$Key$Store$Entry$Initial.class DONE
/org/bouncycastle/asn1/x500/DirectoryString.class starting
/org/bouncycastle/asn1/x500/DirectoryString.class DONE
/org/apache/lucene/search/BlockMaxConjunctionScorer$2.class starting
/org/apache/lucene/search/BlockMaxConjunctionScorer$2.class DONE
/org/bouncycastle/pqc/jcajce/spec/KyberParameterSpec.class starting
/org/bouncycastle/pqc/jcajce/spec/KyberParameterSpec.class DONE
/org/apache/lucene/document/XYShapeDocValues.class starting
/org/apache/lucene/document/XYShapeDocValues.class DONE
/org/bouncycastle/jcajce/provider/symmetric/AES$PBEWithSHA256And192BitAESBC.class starting
/org/bouncycastle/jcajce/provider/symmetric/AES$PBEWithSHA256And192BitAESBC.class DONE
/org/apache/lucene/index/ExitableDirectoryReader$ExitableFilterAtomicReader$4.class starting
/org/apache/lucene/index/ExitableDirectoryReader$ExitableFilterAtomicReader$4.class DONE
/org/apache/lucene/document/ShapeField$QueryRelation.class starting
/org/apache/lucene/document/ShapeField$QueryRelation.class DONE
/org/bouncycastle/asn1/x509/sigi/NameOrPseudonym.class starting
/org/bouncycastle/asn1/x509/sigi/NameOrPseudonym.class DONE
/org/apache/lucene/search/DoubleValuesSource$DoubleValuesComparatorSource$1.class starting
/org/apache/lucene/search/DoubleValuesSource$DoubleValuesComparatorSource$1.class DONE
/com/google/common/collect/ImmutableMultimap$Builder.class starting
/com/google/common/collect/ImmutableMultimap$Builder.class DONE
/com/google/common/base/Converter$IdentityConverter.class starting
/com/google/common/base/Converter$IdentityConverter.class DONE
/net/bytebuddy/agent/builder/package-info.class starting
/net/bytebuddy/agent/builder/package-info.class DONE
/org/apache/lucene/util/Sorter.class starting
/org/apache/lucene/util/Sorter.class DONE
/com/google/common/graph/ValueGraph.class starting
/com/google/common/graph/ValueGraph.class DONE
/org/bouncycastle/pqc/jcajce/provider/SPHINCS.class starting
/org/bouncycastle/pqc/jcajce/provider/SPHINCS.class DONE
/org/bouncycastle/jcajce/provider/digest/RIPEMD256$HashMac.class starting
/org/bouncycastle/jcajce/provider/digest/RIPEMD256$HashMac.class DONE
/org/bouncycastle/jcajce/provider/symmetric/DES$Mappings.class starting
/org/bouncycastle/jcajce/provider/symmetric/DES$Mappings.class DONE
/com/google/common/util/concurrent/Monitor$Guard.class starting
/com/google/common/util/concurrent/Monitor$Guard.class DONE
/net/bytebuddy/pool/TypePool$Default$LazyTypeDescription$LazyMethodDescription$LazyParameterizedReceiverType$TypeArgumentList$AnnotatedTypeVariable.class starting
/net/bytebuddy/pool/TypePool$Default$LazyTypeDescription$LazyMethodDescription$LazyParameterizedReceiverType$TypeArgumentList$AnnotatedTypeVariable.class DONE
/net/bytebuddy/build/Plugin$Factory$UsingReflection$Instantiator$Unresolved.class starting
/net/bytebuddy/build/Plugin$Factory$UsingReflection$Instantiator$Unresolved.class DONE
/org/bouncycastle/crypto/generators/ElGamalParametersGenerator.class starting
/org/bouncycastle/crypto/generators/ElGamalParametersGenerator.class DONE
/org/bouncycastle/crypto/digests/ShortenedDigest.class starting
/org/bouncycastle/crypto/digests/ShortenedDigest.class DONE
/net/bytebuddy/matcher/FilterableList.class starting
/net/bytebuddy/matcher/FilterableList.class DONE
/com/google/common/io/BaseEncoding.class starting
/com/google/common/io/BaseEncoding.class DONE
/org/bouncycastle/pqc/crypto/picnic/PicnicEngine.class starting
/org/bouncycastle/pqc/crypto/picnic/PicnicEngine.class DONE
/org/bouncycastle/jcajce/provider/symmetric/PBEPKCS12.class starting
/org/bouncycastle/jcajce/provider/symmetric/PBEPKCS12.class DONE
/org/bouncycastle/crypto/prng/X931SecureRandom.class starting
/org/bouncycastle/crypto/prng/X931SecureRandom.class DONE
/net/bytebuddy/description/modifier/SynchronizationState.class starting
/net/bytebuddy/description/modifier/SynchronizationState.class DONE
/org/apache/lucene/search/ConstantScoreQuery$1$1.class starting
/org/apache/lucene/search/ConstantScoreQuery$1$1.class DONE
/org/apache/lucene/internal/hppc/IntDoubleHashMap$EntryIterator.class starting
/org/apache/lucene/internal/hppc/IntDoubleHashMap$EntryIterator.class DONE
/org/bouncycastle/asn1/x509/NameConstraints.class starting
/org/bouncycastle/asn1/x509/NameConstraints.class DONE
/com/google/common/graph/GraphBuilder.class starting
/com/google/common/graph/GraphBuilder.class DONE
/org/bouncycastle/jcajce/provider/symmetric/Threefish.class starting
/org/bouncycastle/jcajce/provider/symmetric/Threefish.class DONE
/com/google/common/util/concurrent/SimpleTimeLimiter$1.class starting
/com/google/common/util/concurrent/SimpleTimeLimiter$1.class DONE
/net/bytebuddy/dynamic/scaffold/TypeWriter$MethodPool$Record$AccessBridgeWrapper.class starting
/net/bytebuddy/dynamic/scaffold/TypeWriter$MethodPool$Record$AccessBridgeWrapper.class DONE
/net/bytebuddy/dynamic/ClassFileLocator$ForModuleFile.class starting
/net/bytebuddy/dynamic/ClassFileLocator$ForModuleFile.class DONE
/org/apache/lucene/search/ReqOptSumScorer.class starting
/org/apache/lucene/search/ReqOptSumScorer.class DONE
/com/google/common/util/concurrent/AggregateFutureState.class starting
/com/google/common/util/concurrent/AggregateFutureState.class DONE
/com/google/common/annotations/Beta.class starting
/com/google/common/annotations/Beta.class DONE
/com/google/common/collect/DenseImmutableTable.class starting
/com/google/common/collect/DenseImmutableTable.class DONE
/org/bouncycastle/math/ec/custom/gm/SM2P256V1FieldElement.class starting
/org/bouncycastle/math/ec/custom/gm/SM2P256V1FieldElement.class DONE
/org/bouncycastle/jcajce/provider/asymmetric/dh/KeyAgreementSpi$DHwithSHA384CKDF.class starting
/org/bouncycastle/jcajce/provider/asymmetric/dh/KeyAgreementSpi$DHwithSHA384CKDF.class DONE
/org/bouncycastle/jcajce/provider/digest/GOST3411$Mappings.class starting
/org/bouncycastle/jcajce/provider/digest/GOST3411$Mappings.class DONE
/org/bouncycastle/pqc/jcajce/provider/sphincsplus/SPHINCSPlusKeyPairGeneratorSpi$Shake_256f.class starting
/org/bouncycastle/pqc/jcajce/provider/sphincsplus/SPHINCSPlusKeyPairGeneratorSpi$Shake_256f.class DONE
/org/bouncycastle/jcajce/provider/symmetric/util/BaseStreamCipher.class starting
/org/bouncycastle/jcajce/provider/symmetric/util/BaseStreamCipher.class DONE
/net/bytebuddy/implementation/auxiliary/TypeProxy$1.class starting
/net/bytebuddy/implementation/auxiliary/TypeProxy$1.class DONE
/com/google/common/collect/ImmutableSortedSet$1.class starting
/com/google/common/collect/ImmutableSortedSet$1.class DONE
/net/bytebuddy/pool/TypePool$Default$LazyTypeDescription$AnnotationToken.class starting
/net/bytebuddy/pool/TypePool$Default$LazyTypeDescription$AnnotationToken.class DONE
/org/apache/lucene/index/SingletonSortedSetDocValues.class starting
/org/apache/lucene/index/SingletonSortedSetDocValues.class DONE
/org/bouncycastle/pqc/crypto/crystals/dilithium/DilithiumKeyPairGenerator.class starting
/org/bouncycastle/pqc/crypto/crystals/dilithium/DilithiumKeyPairGenerator.class DONE
/org/bouncycastle/math/ec/rfc8032/Ed25519$PointTemp.class starting
/org/bouncycastle/math/ec/rfc8032/Ed25519$PointTemp.class DONE
/org/bouncycastle/jce/provider/RFC3280CertPathUtilities.class starting
/org/bouncycastle/jce/provider/RFC3280CertPathUtilities.class DONE
/net/bytebuddy/build/Plugin$Engine$Listener$StreamWriting.class starting
/net/bytebuddy/build/Plugin$Engine$Listener$StreamWriting.class DONE
/org/bouncycastle/crypto/macs/DSTU7564Mac.class starting
/org/bouncycastle/crypto/macs/DSTU7564Mac.class DONE
/org/bouncycastle/jcajce/provider/asymmetric/ec/KeyPairGeneratorSpi.class starting
/org/bouncycastle/jcajce/provider/asymmetric/ec/KeyPairGeneratorSpi.class DONE
/net/bytebuddy/implementation/MethodCall$MethodInvoker.class starting
/net/bytebuddy/implementation/MethodCall$MethodInvoker.class DONE
/net/bytebuddy/ByteBuddy$RecordConstructorStrategy.class starting
/net/bytebuddy/ByteBuddy$RecordConstructorStrategy.class DONE
/org/bouncycastle/jcajce/provider/asymmetric/x509/X509CRLInternal.class starting
/org/bouncycastle/jcajce/provider/asymmetric/x509/X509CRLInternal.class DONE
/org/bouncycastle/jcajce/provider/asymmetric/rsa/DigestSignatureSpi$SHA3_384.class starting
/org/bouncycastle/jcajce/provider/asymmetric/rsa/DigestSignatureSpi$SHA3_384.class DONE
/com/google/common/collect/RegularImmutableMap$Values.class starting
/com/google/common/collect/RegularImmutableMap$Values.class DONE
/org/apache/lucene/index/MultiDocValues$1.class starting
/org/apache/lucene/index/MultiDocValues$1.class DONE
/net/bytebuddy/asm/MemberSubstitution$TypePoolResolver$OfImplicitPool.class starting
/net/bytebuddy/asm/MemberSubstitution$TypePoolResolver$OfImplicitPool.class DONE
/net/bytebuddy/description/type/TypeDescription$Generic$AnnotationReader$Delegator$ForLoadedTypeVariable.class starting
/net/bytebuddy/description/type/TypeDescription$Generic$AnnotationReader$Delegator$ForLoadedTypeVariable.class DONE
/org/bouncycastle/crypto/CipherKeyGenerator.class starting
/org/bouncycastle/crypto/CipherKeyGenerator.class DONE
/org/apache/lucene/codecs/lucene99/Lucene99HnswVectorsWriter$2.class starting
/org/apache/lucene/codecs/lucene99/Lucene99HnswVectorsWriter$2.class DONE
/org/bouncycastle/jcajce/provider/symmetric/DSTU7624$GCM128.class starting
/org/bouncycastle/jcajce/provider/symmetric/DSTU7624$GCM128.class DONE
/org/apache/lucene/util/AttributeImpl.class starting
/org/apache/lucene/util/AttributeImpl.class DONE
/org/apache/lucene/codecs/lucene90/Lucene90DocValuesProducer$17.class starting
/org/apache/lucene/codecs/lucene90/Lucene90DocValuesProducer$17.class DONE
/org/apache/lucene/search/comparators/NumericComparator$NumericLeafComparator.class starting
/org/apache/lucene/search/comparators/NumericComparator$NumericLeafComparator.class DONE
/org/apache/lucene/util/packed/PackedWriter.class starting
/org/apache/lucene/util/packed/PackedWriter.class DONE
/com/google/common/primitives/Shorts$ShortConverter.class starting
/com/google/common/primitives/Shorts$ShortConverter.class DONE
/org/bouncycastle/pqc/crypto/hqc/HQCKEMExtractor.class starting
/org/bouncycastle/pqc/crypto/hqc/HQCKEMExtractor.class DONE
/org/apache/lucene/codecs/hnsw/DefaultFlatVectorScorer$ByteScoringSupplier$1.class starting
/org/apache/lucene/codecs/hnsw/DefaultFlatVectorScorer$ByteScoringSupplier$1.class DONE
/net/bytebuddy/implementation/attribute/AnnotationValueFilter$Factory.class starting
/net/bytebuddy/implementation/attribute/AnnotationValueFilter$Factory.class DONE
/org/apache/lucene/analysis/tokenattributes/TermToBytesRefAttribute.class starting
/org/apache/lucene/analysis/tokenattributes/TermToBytesRefAttribute.class DONE
/org/bouncycastle/crypto/StagedAgreement.class starting
/org/bouncycastle/crypto/StagedAgreement.class DONE
/org/bouncycastle/crypto/params/NaccacheSternKeyGenerationParameters.class starting
/org/bouncycastle/crypto/params/NaccacheSternKeyGenerationParameters.class DONE
/org/apache/lucene/index/IndexWriter$DocModifier.class starting
/org/apache/lucene/index/IndexWriter$DocModifier.class DONE
/org/apache/lucene/util/bkd/OfflinePointWriter.class starting
/org/apache/lucene/util/bkd/OfflinePointWriter.class DONE
/org/apache/lucene/search/SortedNumericSortField$5.class starting
/org/apache/lucene/search/SortedNumericSortField$5.class DONE
/org/bouncycastle/jce/provider/AnnotatedException.class starting
/org/bouncycastle/jce/provider/AnnotatedException.class DONE
/org/apache/lucene/util/packed/DirectReader$DirectPackedReader32.class starting
/org/apache/lucene/util/packed/DirectReader$DirectPackedReader32.class DONE
/org/bouncycastle/jcajce/provider/symmetric/Rijndael.class starting
/org/bouncycastle/jcajce/provider/symmetric/Rijndael.class DONE
/net/bytebuddy/description/annotation/AnnotationValue$Loaded$AbstractBase$ForUnresolvedProperty.class starting
/net/bytebuddy/description/annotation/AnnotationValue$Loaded$AbstractBase$ForUnresolvedProperty.class DONE
/org/apache/lucene/util/DocIdSetBuilder$BulkAdder.class starting
/org/apache/lucene/util/DocIdSetBuilder$BulkAdder.class DONE
/org/bouncycastle/pqc/jcajce/provider/picnic/BCPicnicPublicKey.class starting
/org/bouncycastle/pqc/jcajce/provider/picnic/BCPicnicPublicKey.class DONE
/com/google/common/collect/HashMultimap.class starting
/com/google/common/collect/HashMultimap.class DONE
/org/bouncycastle/crypto/params/DHParameters.class starting
/org/bouncycastle/crypto/params/DHParameters.class DONE
/net/bytebuddy/agent/builder/AgentBuilder$InstallationListener$Compound.class starting
/net/bytebuddy/agent/builder/AgentBuilder$InstallationListener$Compound.class DONE
/net/bytebuddy/dynamic/scaffold/subclass/SubclassImplementationTarget$OriginTypeResolver$1.class starting
/net/bytebuddy/dynamic/scaffold/subclass/SubclassImplementationTarget$OriginTypeResolver$1.class DONE
/com/google/common/collect/SortedLists$KeyAbsentBehavior$2.class starting
/com/google/common/collect/SortedLists$KeyAbsentBehavior$2.class DONE
/org/bouncycastle/jcajce/provider/symmetric/Shacal2$AlgParams.class starting
/org/bouncycastle/jcajce/provider/symmetric/Shacal2$AlgParams.class DONE
/org/bouncycastle/crypto/util/DEROtherInfo$1.class starting
/org/bouncycastle/crypto/util/DEROtherInfo$1.class DONE
/net/bytebuddy/agent/builder/AgentBuilder$Default$NativeMethodStrategy$ForPrefix.class starting
/net/bytebuddy/agent/builder/AgentBuilder$Default$NativeMethodStrategy$ForPrefix.class DONE
/com/google/common/collect/Streams$DoubleFunctionWithIndex.class starting
/com/google/common/collect/Streams$DoubleFunctionWithIndex.class DONE
/org/bouncycastle/jcajce/provider/asymmetric/ecgost12/KeyAgreementSpi$ECVKO512.class starting
/org/bouncycastle/jcajce/provider/asymmetric/ecgost12/KeyAgreementSpi$ECVKO512.class DONE
/net/bytebuddy/implementation/MethodDelegation.class starting
/net/bytebuddy/implementation/MethodDelegation.class DONE
/net/bytebuddy/implementation/FieldAccessor$FieldLocation.class starting
/net/bytebuddy/implementation/FieldAccessor$FieldLocation.class DONE
/org/bouncycastle/pqc/crypto/sphincs/SPHINCS256KeyGenerationParameters.class starting
/org/bouncycastle/pqc/crypto/sphincs/SPHINCS256KeyGenerationParameters.class DONE
/org/bouncycastle/jcajce/provider/asymmetric/edec/KeyPairGeneratorSpi$X448.class starting
/org/bouncycastle/jcajce/provider/asymmetric/edec/KeyPairGeneratorSpi$X448.class DONE
/net/bytebuddy/dynamic/loading/PackageDefinitionStrategy$ManifestReading.class starting
/net/bytebuddy/dynamic/loading/PackageDefinitionStrategy$ManifestReading.class DONE
/org/bouncycastle/asn1/LazyEncodedSequence.class starting
/org/bouncycastle/asn1/LazyEncodedSequence.class DONE
/net/bytebuddy/description/annotation/AnnotationDescription.class starting
/net/bytebuddy/description/annotation/AnnotationDescription.class DONE
/org/bouncycastle/crypto/ec/ECDecryptor.class starting
/org/bouncycastle/crypto/ec/ECDecryptor.class DONE
/org/bouncycastle/asn1/BEROctetStringParser.class starting
/org/bouncycastle/asn1/BEROctetStringParser.class DONE
/net/bytebuddy/dynamic/scaffold/TypeWriter$Default$ClassDumpAction$Dispatcher$Enabled.class starting
/net/bytebuddy/dynamic/scaffold/TypeWriter$Default$ClassDumpAction$Dispatcher$Enabled.class DONE
/org/bouncycastle/pqc/jcajce/interfaces/NHPublicKey.class starting
/org/bouncycastle/pqc/jcajce/interfaces/NHPublicKey.class DONE
/com/google/common/collect/JdkBackedImmutableMap.class starting
/com/google/common/collect/JdkBackedImmutableMap.class DONE
/com/google/common/collect/MapMakerInternalMap$EntrySet.class starting
/com/google/common/collect/MapMakerInternalMap$EntrySet.class DONE
/org/bouncycastle/math/ec/ECCurve$Config.class starting
/org/bouncycastle/math/ec/ECCurve$Config.class DONE
/org/apache/lucene/util/mutable/MutableValueDate.class starting
/org/apache/lucene/util/mutable/MutableValueDate.class DONE
/com/google/common/collect/TransformedListIterator.class starting
/com/google/common/collect/TransformedListIterator.class DONE
/com/google/common/base/Utf8.class starting
/com/google/common/base/Utf8.class DONE
/org/bouncycastle/crypto/digests/AsconXof$1.class starting
/org/bouncycastle/crypto/digests/AsconXof$1.class DONE
/org/apache/lucene/analysis/CharArrayMap.class starting
/org/apache/lucene/analysis/CharArrayMap.class DONE
/net/bytebuddy/description/method/MethodList$Explicit.class starting
/net/bytebuddy/description/method/MethodList$Explicit.class DONE
/org/apache/lucene/search/NamedMatches$NamedQuery.class starting
/org/apache/lucene/search/NamedMatches$NamedQuery.class DONE
/net/bytebuddy/matcher/TypeSortMatcher.class starting
/net/bytebuddy/matcher/TypeSortMatcher.class DONE
/net/bytebuddy/description/type/TypeDescription$Latent.class starting
/net/bytebuddy/description/type/TypeDescription$Latent.class DONE
/net/bytebuddy/utility/FileSystem$ForNio2CapableVm$StandardCopyOption.class starting
/net/bytebuddy/utility/FileSystem$ForNio2CapableVm$StandardCopyOption.class DONE
/org/bouncycastle/crypto/engines/GOST3412_2015Engine.class starting
/org/bouncycastle/crypto/engines/GOST3412_2015Engine.class DONE
/org/bouncycastle/math/ec/custom/sec/SecT239K1Curve.class starting
/org/bouncycastle/math/ec/custom/sec/SecT239K1Curve.class DONE
/org/apache/lucene/index/PointValues$IntersectVisitor.class starting
/org/apache/lucene/index/PointValues$IntersectVisitor.class DONE
/net/bytebuddy/implementation/InvokeDynamic$WithImplicitArguments.class starting
/net/bytebuddy/implementation/InvokeDynamic$WithImplicitArguments.class DONE
/org/bouncycastle/pqc/jcajce/provider/mceliece/BCMcEliecePrivateKey.class starting
/org/bouncycastle/pqc/jcajce/provider/mceliece/BCMcEliecePrivateKey.class DONE
/com/google/common/util/concurrent/ForwardingCheckedFuture$SimpleForwardingCheckedFuture.class starting
/com/google/common/util/concurrent/ForwardingCheckedFuture$SimpleForwardingCheckedFuture.class DONE
/org/bouncycastle/util/encoders/HexTranslator.class starting
/org/bouncycastle/util/encoders/HexTranslator.class DONE
/com/google/common/collect/ForwardingConcurrentMap.class starting
/com/google/common/collect/ForwardingConcurrentMap.class DONE
/org/bouncycastle/jcajce/provider/keystore/pkcs12/PKCS12KeyStoreSpi$1.class starting
/org/bouncycastle/jcajce/provider/keystore/pkcs12/PKCS12KeyStoreSpi$1.class DONE
/org/bouncycastle/jcajce/provider/asymmetric/compositesignatures/KeyPairGeneratorSpi$MLDSA65_ECDSA_brainpoolP256r1_SHA512.class starting
/org/bouncycastle/jcajce/provider/asymmetric/compositesignatures/KeyPairGeneratorSpi$MLDSA65_ECDSA_brainpoolP256r1_SHA512.class DONE
/com/google/common/reflect/TypeToken$Bounds.class starting
/com/google/common/reflect/TypeToken$Bounds.class DONE
/org/apache/lucene/store/IndexInput$1.class starting
/org/apache/lucene/store/IndexInput$1.class DONE
/net/bytebuddy/dynamic/loading/ClassInjector$UsingReflection$Dispatcher$Initializable.class starting
/net/bytebuddy/dynamic/loading/ClassInjector$UsingReflection$Dispatcher$Initializable.class DONE
/org/apache/lucene/util/ModuleResourceLoader.class starting
/org/apache/lucene/util/ModuleResourceLoader.class DONE
/org/bouncycastle/pqc/jcajce/provider/falcon/SignatureSpi$Base.class starting
/org/bouncycastle/pqc/jcajce/provider/falcon/SignatureSpi$Base.class DONE
/org/apache/lucene/index/FreqProxFields$FreqProxTermsEnum$1.class starting
/org/apache/lucene/index/FreqProxFields$FreqProxTermsEnum$1.class DONE
/org/bouncycastle/jcajce/provider/digest/Whirlpool$KeyGenerator.class starting
/org/bouncycastle/jcajce/provider/digest/Whirlpool$KeyGenerator.class DONE
/net/bytebuddy/implementation/HashCodeMethod$ValueTransformer$7.class starting
/net/bytebuddy/implementation/HashCodeMethod$ValueTransformer$7.class DONE
/com/google/common/collect/MultimapBuilder$2.class starting
/com/google/common/collect/MultimapBuilder$2.class DONE
/com/google/common/base/Platform.class starting
/com/google/common/base/Platform.class DONE
/org/bouncycastle/jcajce/provider/asymmetric/rsa/PSSSignatureSpi$SHA512withRSA.class starting
/org/bouncycastle/jcajce/provider/asymmetric/rsa/PSSSignatureSpi$SHA512withRSA.class DONE
/com/google/common/net/HttpHeaders.class starting
/com/google/common/net/HttpHeaders.class DONE
/org/bouncycastle/pqc/crypto/falcon/FalconSmallPrime.class starting
/org/bouncycastle/pqc/crypto/falcon/FalconSmallPrime.class DONE
/net/bytebuddy/implementation/bind/annotation/Morph$Binder$RedirectionProxy$InstanceFieldConstructor$Appender.class starting
/net/bytebuddy/implementation/bind/annotation/Morph$Binder$RedirectionProxy$InstanceFieldConstructor$Appender.class DONE
/net/bytebuddy/implementation/InvocationHandlerAdapter.class starting
/net/bytebuddy/implementation/InvocationHandlerAdapter.class DONE
/org/bouncycastle/crypto/modes/NISTCTSBlockCipher.class starting
/org/bouncycastle/crypto/modes/NISTCTSBlockCipher.class DONE
/org/bouncycastle/jcajce/provider/digest/Skein$HMacKeyGenerator_512_384.class starting
/org/bouncycastle/jcajce/provider/digest/Skein$HMacKeyGenerator_512_384.class DONE
/org/bouncycastle/pqc/legacy/crypto/mceliece/McEliecePrivateKeyParameters.class starting
/org/bouncycastle/pqc/legacy/crypto/mceliece/McEliecePrivateKeyParameters.class DONE
/org/bouncycastle/x509/X509CRLStoreSelector.class starting
/org/bouncycastle/x509/X509CRLStoreSelector.class DONE
/org/apache/lucene/util/fst/Util$FSTPath.class starting
/org/apache/lucene/util/fst/Util$FSTPath.class DONE
/org/apache/lucene/search/LongValuesSource$LongValuesComparatorSource.class starting
/org/apache/lucene/search/LongValuesSource$LongValuesComparatorSource.class DONE
/net/bytebuddy/description/type/TypeDescription$Generic$OfParameterizedType$Latent.class starting
/net/bytebuddy/description/type/TypeDescription$Generic$OfParameterizedType$Latent.class DONE
/org/bouncycastle/pqc/crypto/util/PublicKeyFactory$LMSConverter.class starting
/org/bouncycastle/pqc/crypto/util/PublicKeyFactory$LMSConverter.class DONE
/org/bouncycastle/crypto/util/SSHNamedCurves$3.class starting
/org/bouncycastle/crypto/util/SSHNamedCurves$3.class DONE
/com/google/common/io/LineProcessor.class starting
/com/google/common/io/LineProcessor.class DONE
/org/bouncycastle/pqc/legacy/math/linearalgebra/GF2Matrix.class starting
/org/bouncycastle/pqc/legacy/math/linearalgebra/GF2Matrix.class DONE
/com/google/common/cache/LongAddables.class starting
/com/google/common/cache/LongAddables.class DONE
/org/bouncycastle/jcajce/provider/symmetric/CAST5$CBC.class starting
/org/bouncycastle/jcajce/provider/symmetric/CAST5$CBC.class DONE
/org/bouncycastle/jcajce/provider/symmetric/HC128$KeyGen.class starting
/org/bouncycastle/jcajce/provider/symmetric/HC128$KeyGen.class DONE
/org/bouncycastle/pqc/crypto/xmss/XMSSMTPrivateKeyParameters$Builder.class starting
/org/bouncycastle/pqc/crypto/xmss/XMSSMTPrivateKeyParameters$Builder.class DONE
/org/bouncycastle/jcajce/provider/asymmetric/ec/KeyAgreementSpi$DHUwithSHA224KDF.class starting
/org/bouncycastle/jcajce/provider/asymmetric/ec/KeyAgreementSpi$DHUwithSHA224KDF.class DONE
/org/apache/lucene/document/FloatPoint$2.class starting
/org/apache/lucene/document/FloatPoint$2.class DONE
/org/apache/lucene/index/SortedNumericDocValuesWriter.class starting
/org/apache/lucene/index/SortedNumericDocValuesWriter.class DONE
/org/bouncycastle/pqc/math/ntru/parameters/NTRUHPS2048509.class starting
/org/bouncycastle/pqc/math/ntru/parameters/NTRUHPS2048509.class DONE
/net/bytebuddy/implementation/bytecode/ByteCodeAppender$Compound.class starting
/net/bytebuddy/implementation/bytecode/ByteCodeAppender$Compound.class DONE
/com/google/common/collect/Maps$AsMapView$1EntrySetImpl.class starting
/com/google/common/collect/Maps$AsMapView$1EntrySetImpl.class DONE
/org/apache/lucene/search/TopDocsCollector.class starting
/org/apache/lucene/search/TopDocsCollector.class DONE
/net/bytebuddy/asm/Advice$Dispatcher$Resolved$AbstractBase.class starting
/net/bytebuddy/asm/Advice$Dispatcher$Resolved$AbstractBase.class DONE
/org/bouncycastle/jcajce/provider/asymmetric/ec/BCECPrivateKey.class starting
/org/bouncycastle/jcajce/provider/asymmetric/ec/BCECPrivateKey.class DONE
/org/apache/lucene/document/XYShapeDocValues.class starting
/org/apache/lucene/document/XYShapeDocValues.class DONE
/org/bouncycastle/math/ec/custom/sec/SecP384R1FieldElement.class starting
/org/bouncycastle/math/ec/custom/sec/SecP384R1FieldElement.class DONE
/org/bouncycastle/crypto/engines/SparkleEngine$1.class starting
/org/bouncycastle/crypto/engines/SparkleEngine$1.class DONE
/org/bouncycastle/asn1/sec/SECNamedCurves$17.class starting
/org/bouncycastle/asn1/sec/SECNamedCurves$17.class DONE
/com/google/common/collect/AbstractMapBasedMultiset$2$1.class starting
/com/google/common/collect/AbstractMapBasedMultiset$2$1.class DONE
/net/bytebuddy/asm/Advice$OffsetMapping.class starting
/net/bytebuddy/asm/Advice$OffsetMapping.class DONE
/org/bouncycastle/asn1/ASN1ObjectDescriptor$1.class starting
/org/bouncycastle/asn1/ASN1ObjectDescriptor$1.class DONE
/net/bytebuddy/implementation/bind/annotation/AllArguments.class starting
/net/bytebuddy/implementation/bind/annotation/AllArguments.class DONE
/com/google/common/cache/LocalCache$EntryFactory$2.class starting
/com/google/common/cache/LocalCache$EntryFactory$2.class DONE
/org/apache/lucene/search/ImpactsDISI.class starting
/org/apache/lucene/search/ImpactsDISI.class DONE
/net/bytebuddy/build/EntryPoint$Default.class starting
/net/bytebuddy/build/EntryPoint$Default.class DONE
/org/apache/lucene/search/similarities/MultiSimilarity.class starting
/org/apache/lucene/search/similarities/MultiSimilarity.class DONE
/org/apache/lucene/document/LatLonPointDistanceQuery.class starting
/org/apache/lucene/document/LatLonPointDistanceQuery.class DONE
/com/google/common/util/concurrent/AbstractFuture$Listener.class starting
/com/google/common/util/concurrent/AbstractFuture$Listener.class DONE
/net/bytebuddy/dynamic/VisibilityBridgeStrategy$Default$2.class starting
/net/bytebuddy/dynamic/VisibilityBridgeStrategy$Default$2.class DONE
/org/apache/lucene/index/TermVectorsConsumerPerField$TermVectorsPostingsArray.class starting
/org/apache/lucene/index/TermVectorsConsumerPerField$TermVectorsPostingsArray.class DONE
/org/apache/lucene/internal/hppc/LongIntHashMap$LongIntCursor.class starting
/org/apache/lucene/internal/hppc/LongIntHashMap$LongIntCursor.class DONE
/org/apache/lucene/codecs/lucene90/Lucene90PointsFormat.class starting
/org/apache/lucene/codecs/lucene90/Lucene90PointsFormat.class DONE
/org/apache/lucene/util/automaton/MinimizationOperations$IntPair.class starting
/org/apache/lucene/util/automaton/MinimizationOperations$IntPair.class DONE
/com/google/common/hash/Hashing.class starting
/com/google/common/hash/Hashing.class DONE
/org/bouncycastle/jcajce/spec/SkeinParameterSpec.class starting
/org/bouncycastle/jcajce/spec/SkeinParameterSpec.class DONE
/net/bytebuddy/agent/builder/AgentBuilder$RedefinitionStrategy$Listener$Adapter.class starting
/net/bytebuddy/agent/builder/AgentBuilder$RedefinitionStrategy$Listener$Adapter.class DONE
/net/bytebuddy/jar/asm/RecordComponentWriter.class starting
/net/bytebuddy/jar/asm/RecordComponentWriter.class DONE
/com/google/common/collect/Multisets$4.class starting
/com/google/common/collect/Multisets$4.class DONE
/org/apache/lucene/index/BaseTermsEnum$1.class starting
/org/apache/lucene/index/BaseTermsEnum$1.class DONE
/net/bytebuddy/utility/dispatcher/JavaDispatcher$Dispatcher.class starting
/net/bytebuddy/utility/dispatcher/JavaDispatcher$Dispatcher.class DONE
/org/bouncycastle/asn1/ocsp/OCSPRequest.class starting
/org/bouncycastle/asn1/ocsp/OCSPRequest.class DONE
/org/apache/lucene/codecs/KnnVectorsWriter$ByteVectorValuesSub.class starting
/org/apache/lucene/codecs/KnnVectorsWriter$ByteVectorValuesSub.class DONE
/net/bytebuddy/asm/ClassVisitorFactory$FrameTranslator.class starting
/net/bytebuddy/asm/ClassVisitorFactory$FrameTranslator.class DONE
/com/google/common/collect/TreeTraverser.class starting
/com/google/common/collect/TreeTraverser.class DONE
/org/bouncycastle/jcajce/provider/asymmetric/CompositeSignatures.class starting
/org/bouncycastle/jcajce/provider/asymmetric/CompositeSignatures.class DONE
/org/bouncycastle/jcajce/BCFKSLoadStoreParameter$SignatureAlgorithm.class starting
/org/bouncycastle/jcajce/BCFKSLoadStoreParameter$SignatureAlgorithm.class DONE
/com/google/common/graph/AbstractBaseGraph$1.class starting
/com/google/common/graph/AbstractBaseGraph$1.class DONE
/net/bytebuddy/implementation/bytecode/member/FieldAccess$AccessDispatcher$FieldPutInstruction.class starting
/net/bytebuddy/implementation/bytecode/member/FieldAccess$AccessDispatcher$FieldPutInstruction.class DONE
/org/apache/lucene/index/ConcurrentMergeScheduler.class starting
/org/apache/lucene/index/ConcurrentMergeScheduler.class DONE
/org/bouncycastle/pqc/asn1/PQCObjectIdentifiers.class starting
/org/bouncycastle/pqc/asn1/PQCObjectIdentifiers.class DONE
/org/bouncycastle/jcajce/provider/digest/SHA3$Mappings.class starting
/org/bouncycastle/jcajce/provider/digest/SHA3$Mappings.class DONE
/com/google/common/collect/CollectSpliterators.class starting
/com/google/common/collect/CollectSpliterators.class DONE
/net/bytebuddy/agent/builder/AgentBuilder$PoolStrategy$Default.class starting
/net/bytebuddy/agent/builder/AgentBuilder$PoolStrategy$Default.class DONE
/net/bytebuddy/asm/Advice$AssignReturned$ToReturned$Handler.class starting
/net/bytebuddy/asm/Advice$AssignReturned$ToReturned$Handler.class DONE
/org/bouncycastle/jcajce/provider/asymmetric/ec/BCECPrivateKey.class starting
/org/bouncycastle/jcajce/provider/asymmetric/ec/BCECPrivateKey.class DONE
/org/bouncycastle/jce/provider/RFC3280CertPathUtilities.class starting
/org/bouncycastle/jce/provider/RFC3280CertPathUtilities.class DONE
/org/bouncycastle/pqc/crypto/xmss/XMSSMTPrivateKeyParameters$Builder.class starting
/org/bouncycastle/math/ec/custom/gm/SM2P256V1FieldElement.class starting
/org/bouncycastle/jcajce/provider/asymmetric/rsa/PSSSignatureSpi$SHA512withRSA.class starting
/org/bouncycastle/pqc/crypto/xmss/XMSSMTPrivateKeyParameters$Builder.class DONE
/org/apache/lucene/document/XYShapeDocValues.class starting
/org/bouncycastle/math/ec/custom/gm/SM2P256V1FieldElement.class DONE
/org/bouncycastle/jcajce/provider/asymmetric/rsa/PSSSignatureSpi$SHA512withRSA.class DONE
/org/apache/lucene/document/XYShapeDocValues.class DONE
/org/bouncycastle/math/ec/custom/sec/SecP384R1FieldElement.class starting
/org/apache/lucene/document/LatLonPointDistanceQuery.class starting
/org/apache/lucene/document/LatLonPointDistanceQuery.class DONE
/org/apache/lucene/codecs/lucene90/Lucene90PointsFormat.class starting
/org/apache/lucene/codecs/lucene90/Lucene90PointsFormat.class DONE
/org/bouncycastle/math/ec/custom/sec/SecP384R1FieldElement.class DONE
Could not read file /com/google/common/collect/DenseImmutableTable.class
Could not read file /org/apache/lucene/document/ShapeDocValues.class
Could not read file /org/apache/lucene/index/MergeRateLimiter.class
*****
{
  "olly": {
    "version": 2,
    "wall_time": 153.78,
    "cpu_time": 1989.9,
    "gc_time": 154.94,
    "gc_overhead": 7.79,
    "max_rss_kb": 3507404,
    "domain_stats": {
      "0": {
        "wall_time": 153.78,
        "gc_time": 2.26,
        "gc_overhead": 1.47
      },
      "1": {
        "wall_time": 153.06,
        "gc_time": 11.52,
        "gc_overhead": 7.52
      },
      "2": {
        "wall_time": 153.05,
        "gc_time": 11.28,
        "gc_overhead": 7.37
      },
      "3": {
        "wall_time": 153.03,
        "gc_time": 12.65,
        "gc_overhead": 8.27
      },
      "4": {
        "wall_time": 152.99,
        "gc_time": 11.31,
        "gc_overhead": 7.39
      },
      "5": {
        "wall_time": 153.02,
        "gc_time": 10.56,
        "gc_overhead": 6.9
      },
      "6": {
        "wall_time": 153.03,
        "gc_time": 10.95,
        "gc_overhead": 7.16
      },
      "7": {
        "wall_time": 153.01,
        "gc_time": 13.55,
        "gc_overhead": 8.86
      },
      "8": {
        "wall_time": 153.0,
        "gc_time": 19.72,
        "gc_overhead": 12.89
      },
      "9": {
        "wall_time": 152.99,
        "gc_time": 11.22,
        "gc_overhead": 7.33
      },
      "10": {
        "wall_time": 153.0,
        "gc_time": 14.96,
        "gc_overhead": 9.78
      },
      "11": {
        "wall_time": 152.98,
        "gc_time": 14.23,
        "gc_overhead": 9.3
      },
      "12": {
        "wall_time": 152.97,
        "gc_time": 10.72,
        "gc_overhead": 7.01
      }
    },
    "mean_latency": 5.425298,
    "stddev_latency": 10.020443,
    "min_latency": 0.0,
    "max_latency": 146.145279,
    "distr_latency": {
      "25.0000": 0.001223,
      "50.0000": 0.002599,
      "60.0000": 0.017151,
      "70.0000": 3.926015,
      "75.0000": 8.056831,
      "80.0000": 12.959743,
      "85.0000": 16.416767,
      "90.0000": 19.824639,
      "95.0000": 24.903679,
      "96.0000": 26.132479,
      "97.0000": 28.098559,
      "98.0000": 31.145983,
      "99.0000": 37.486591,
      "99.9000": 89.063423,
      "99.9900": 131.596287,
      "99.9990": 146.145279,
      "99.9999": 146.145279,
      "100.0000": 146.145279
    },
    "outliers": {
      "count": 0,
      "mean_latency": 0.0,
      "max_latency": 0.0
    },
    "allocations": {
      "total_heap": 54057671112,
      "minor_heap": 54270206534,
      "major_heap": 432507153,
      "promoted_words": 645042575,
      "promoted_pct": 1.19
    },
    "domain_alloc_stats": {
      "0": {
        "total": 27406299,
        "minor": 9377084,
        "promoted": 8021077,
        "major": 26050292,
        "promoted_pct": 85.54
      },
      "1": {
        "total": 2724335462,
        "minor": 2737046518,
        "promoted": 41394613,
        "major": 28683557,
        "promoted_pct": 1.51
      },
      "2": {
        "total": 3138202662,
        "minor": 3153140143,
        "promoted": 44827810,
        "major": 29890329,
        "promoted_pct": 1.42
      },
      "3": {
        "total": 4197559422,
        "minor": 4216646436,
        "promoted": 53916511,
        "major": 34829497,
        "promoted_pct": 1.28
      },
      "4": {
        "total": 2952909739,
        "minor": 2969441922,
        "promoted": 47641655,
        "major": 31109472,
        "promoted_pct": 1.6
      },
      "5": {
        "total": 2722621043,
        "minor": 2738267606,
        "promoted": 39247578,
        "major": 23601015,
        "promoted_pct": 1.43
      },
      "6": {
        "total": 2826399148,
        "minor": 2831409161,
        "promoted": 40208984,
        "major": 35198971,
        "promoted_pct": 1.42
      },
      "7": {
        "total": 3000878784,
        "minor": 3026101737,
        "promoted": 46252465,
        "major": 21029512,
        "promoted_pct": 1.53
      },
      "8": {
        "total": 10536436790,
        "minor": 10586811490,
        "promoted": 100913578,
        "major": 50538878,
        "promoted_pct": 0.95
      },
      "9": {
        "total": 3041672765,
        "minor": 3058972648,
        "promoted": 45334114,
        "major": 28034231,
        "promoted_pct": 1.48
      },
      "10": {
        "total": 9077670060,
        "minor": 9087978434,
        "promoted": 49424455,
        "major": 39116081,
        "promoted_pct": 0.54
      },
      "11": {
        "total": 6492898171,
        "minor": 6516224095,
        "promoted": 77501490,
        "major": 54175566,
        "promoted_pct": 1.19
      },
      "12": {
        "total": 3318680767,
        "minor": 3338789260,
        "promoted": 50358245,
        "major": 30249752,
        "promoted_pct": 1.51
      }
    },
    "collections": {
      "minor": 1482,
      "major": 41,
      "forced_major": 0,
      "compactions": 0
    },
    "stats_reliable": true
  },
  "perf": [
    {
      "counter-value": "300817.336250",
      "unit": "msec",
      "event": "task-clock",
      "event-runtime": 300817336250,
      "pcnt-running": 100.0,
      "metric-value": "1.950953",
      "metric-unit": "CPUs utilized"
    },
    {
      "counter-value": "821337.000000",
      "unit": "",
      "event": "page-faults",
      "event-runtime": 300817332331,
      "pcnt-running": 100.0,
      "metric-value": "2.730351",
      "metric-unit": "K/sec"
    },
    {
      "counter-value": "990311686688.000000",
      "unit": "",
      "event": "cycles",
      "event-runtime": 300817330005,
      "pcnt-running": 100.0,
      "metric-value": "3.292070",
      "metric-unit": "GHz"
    },
    {
      "counter-value": "1167365751521.000000",
      "unit": "",
      "event": "instructions",
      "event-runtime": 300817323957,
      "pcnt-running": 100.0,
      "metric-value": "1.178786",
      "metric-unit": "insn per cycle"
    }
  ]
}
-----
mkdir -p PLOTTY_WORKAROUND; timedrun; OCAMLRUNPARAM="s=524288,o=40,e=18,d=128" /home/udesou/.bench-agent/git/macro-benches/benchmarks/infer/infer_default-ocaml-5.5.0-f523850
running-ng v0.3.8
Wed Sep  9 08:41:00 AM UTC 2026

 08:41:00 up 2 days,  8:34,  2 users,  load average: 6.46, 8.42, 8.38
USER     TTY      FROM             LOGIN@   IDLE   JCPU   PCPU  WHAT

procs -----------memory---------- ---swap-- -----io---- -system-- -------cpu-------
 r  b   swpd   free   buff  cache   si   so    bi    bo   in   cs us sy id wa st gu
 0  1      0 43668028 4094916 17070296    0    0    44   486 2122    3 12  0 76 11  0  0
 0  1      0 43672360 4094916 17070116    0    0     0 20788 1828 3005  0  0 88 12  0  0

top - 08:41:01 up 2 days,  8:35,  2 users,  load average: 6.46, 8.42, 8.38
Tasks: 279 total,   1 running, 278 sleeping,   0 stopped,   0 zombie
%Cpu(s):  0.0 us,  1.2 sy,  0.0 ni, 87.2 id, 11.6 wa,  0.0 hi,  0.0 si,  0.0 st 
MiB Mem :  64272.5 total,  42648.8 free,   1678.6 used,  20669.0 buff/cache     
MiB Swap:   8192.0 total,   8192.0 free,      0.0 used.  62593.9 avail Mem 

    PID USER      PR  NI    VIRT    RES    SHR S  %CPU  %MEM     TIME+ COMMAND
 228990 udesou    20   0   11908   5712   3560 R   9.1   0.0   0:00.01 top -bcn 1 -w512
      1 root      20   0   22724  14128   9580 S   0.0   0.0   1:32.16 /sbin/init
      2 root      20   0       0      0      0 S   0.0   0.0   0:00.02 [kthreadd]
      3 root      20   0       0      0      0 S   0.0   0.0   0:00.00 [pool_workqueue_release]
      4 root       0 -20       0      0      0 I   0.0   0.0   0:00.00 [kworker/R-rcu_g]

Environment variables: 
	CONFIG_FILE=/home/udesou/.bench-agent/work/run-20260907-001-e1/run-20260907-001.yml
	HOME=/home/udesou
	LANG=en_US.UTF-8
	LOGNAME=udesou
	LOG_DIR=/home/udesou/.bench-agent/logs
	OLLY_DIR=/home/udesou/.bench-agent/git/olly
	PATH=/usr/local/bin:/home/udesou/.bench-agent/git/olly/_build/install/default/bin:/home/udesou/ocaml-bench-service/_opam/bin:/home/udesou/.vscode-server/data/User/globalStorage/github.copilot-chat/debugCommand:/home/udesou/.vscode-server/data/User/globalStorage/github.copilot-chat/copilotCli:/home/udesou/.vscode-server/cli/servers/Stable-08d4889f9ec4a1685d257b9b95de036c8e1ce1e5/server/bin/remote-cli:/home/udesou/.opam/running-ng-ocaml-5.5.0-f523850-fp-flambda/bin:/home/udesou/.local/bin:/home/udesou/.opam/running-ng-ocaml-5.5.0-f523850-fp-flambda/bin:/home/udesou/.local/bin:/usr/local/sbin:/usr/local/bin:/usr/sbin:/usr/bin:/sbin:/bin:/usr/games:/usr/local/games:/snap/bin
	PWD=/home/udesou/ocaml-bench-service
	PYTHONPATH=/home/udesou/.bench-agent/git/running-ng/src
	RUNNING_BENCH_DIR=/home/udesou/.bench-agent/git/macro-benches
	RUNNING_MACRO_BENCH_DIR=/home/udesou/.bench-agent/git/macro-benches
	RUNNING_NG_PACKAGE_DATA=/home/udesou/.bench-agent/git/running-ng/src/running/config
	RUNNING_REUSE_SWITCHES=1
	RUNNING_TAG=default_run,large_run
	SHELL=/bin/bash
	SHLVL=1
	TERM=screen.xterm-256color
	USER=udesou
	_=/usr/bin/python3
OS: Linux obelisk 6.8.0-139-generic #139-Ubuntu SMP PREEMPT_DYNAMIC Sat Aug  1 03:52:05 UTC 2026 x86_64 x86_64 x86_64 GNU/Linux
CPU: model name	: Intel(R) Xeon(R) CPU E5-2667 v2 @ 3.30GHz
number of cores: 8
Frequency of cpu 0: 3.30 GHz
Governor of cpu 0: performance
Scaling_min_freq of cpu 0: 1.20 GHz
Frequency of cpu 2: 3.30 GHz
Governor of cpu 2: performance
Scaling_min_freq of cpu 2: 1.20 GHz
Frequency of cpu 4: 3.30 GHz
Governor of cpu 4: performance
Scaling_min_freq of cpu 4: 1.20 GHz
Frequency of cpu 6: 3.30 GHz
Governor of cpu 6: performance
Scaling_min_freq of cpu 6: 1.20 GHz
WARNING: Failed to resolve file /com/google/common/annotations/Beta.class with "No such file or directory" 

WARNING: Failed to resolve file /com/google/common/base/Converter$IdentityConverter.class with "No such file or directory" 

WARNING: Failed to resolve file /com/google/common/base/Platform.class with "No such file or directory" 

WARNING: Failed to resolve file /com/google/common/base/Utf8.class with "No such file or directory" 

WARNING: Failed to resolve file /com/google/common/cache/LocalCache$EntryFactory$2.class with "No such file or directory" 

WARNING: Failed to resolve file /com/google/common/cache/LongAddables.class with "No such file or directory" 

WARNING: Failed to resolve file /com/google/common/collect/AbstractMapBasedMultiset$2$1.class with "No such file or directory" 

WARNING: Failed to resolve file /com/google/common/collect/CollectSpliterators.class with "No such file or directory" 

WARNING: Failed to resolve file /com/google/common/collect/DenseImmutableTable.class with "No such file or directory" 

WARNING: Failed to resolve file /com/google/common/collect/ForwardingConcurrentMap.class with "No such file or directory" 

WARNING: Failed to resolve file /com/google/common/collect/HashMultimap.class with "No such file or directory" 

WARNING: Failed to resolve file /com/google/common/collect/ImmutableMultimap$Builder.class with "No such file or directory" 

WARNING: Failed to resolve file /com/google/common/collect/ImmutableSortedSet$1.class with "No such file or directory" 

WARNING: Failed to resolve file /com/google/common/collect/JdkBackedImmutableMap.class with "No such file or directory" 

WARNING: Failed to resolve file /com/google/common/collect/MapMakerInternalMap$EntrySet.class with "No such file or directory" 

WARNING: Failed to resolve file /com/google/common/collect/Maps$AsMapView$1EntrySetImpl.class with "No such file or directory" 

WARNING: Failed to resolve file /com/google/common/collect/MultimapBuilder$2.class with "No such file or directory" 

WARNING: Failed to resolve file /com/google/common/collect/Multisets$4.class with "No such file or directory" 

WARNING: Failed to resolve file /com/google/common/collect/RegularImmutableMap$Values.class with "No such file or directory" 

WARNING: Failed to resolve file /com/google/common/collect/SortedLists$KeyAbsentBehavior$2.class with "No such file or directory" 

WARNING: Failed to resolve file /com/google/common/collect/Streams$DoubleFunctionWithIndex.class with "No such file or directory" 

WARNING: Failed to resolve file /com/google/common/collect/TransformedListIterator.class with "No such file or directory" 

WARNING: Failed to resolve file /com/google/common/collect/TreeTraverser.class with "No such file or directory" 

WARNING: Failed to resolve file /com/google/common/graph/AbstractBaseGraph$1.class with "No such file or directory" 

WARNING: Failed to resolve file /com/google/common/graph/GraphBuilder.class with "No such file or directory" 

WARNING: Failed to resolve file /com/google/common/graph/ValueGraph.class with "No such file or directory" 

WARNING: Failed to resolve file /com/google/common/hash/Hashing.class with "No such file or directory" 

WARNING: Failed to resolve file /com/google/common/io/BaseEncoding.class with "No such file or directory" 

WARNING: Failed to resolve file /com/google/common/io/LineProcessor.class with "No such file or directory" 

WARNING: Failed to resolve file /com/google/common/net/HttpHeaders.class with "No such file or directory" 

WARNING: Failed to resolve file /com/google/common/primitives/Shorts$ShortConverter.class with "No such file or directory" 

WARNING: Failed to resolve file /com/google/common/reflect/TypeToken$Bounds.class with "No such file or directory" 

WARNING: Failed to resolve file /com/google/common/util/concurrent/AbstractFuture$Listener.class with "No such file or directory" 

WARNING: Failed to resolve file /com/google/common/util/concurrent/AggregateFutureState.class with "No such file or directory" 

WARNING: Failed to resolve file /com/google/common/util/concurrent/ForwardingCheckedFuture$SimpleForwardingCheckedFuture.class with "No such file or directory" 

WARNING: Failed to resolve file /com/google/common/util/concurrent/Monitor$Guard.class with "No such file or directory" 

WARNING: Failed to resolve file /com/google/common/util/concurrent/SimpleTimeLimiter$1.class with "No such file or directory" 

WARNING: Failed to resolve file /net/bytebuddy/ByteBuddy$RecordConstructorStrategy.class with "No such file or directory" 

WARNING: Failed to resolve file /net/bytebuddy/agent/builder/AgentBuilder$Default$NativeMethodStrategy$ForPrefix.class with "No such file or directory" 

WARNING: Failed to resolve file /net/bytebuddy/agent/builder/AgentBuilder$InstallationListener$Compound.class with "No such file or directory" 

WARNING: Failed to resolve file /net/bytebuddy/agent/builder/AgentBuilder$PoolStrategy$Default.class with "No such file or directory" 

WARNING: Failed to resolve file /net/bytebuddy/agent/builder/AgentBuilder$RedefinitionStrategy$Listener$Adapter.class with "No such file or directory" 

WARNING: Failed to resolve file /net/bytebuddy/agent/builder/package-info.class with "No such file or directory" 

WARNING: Failed to resolve file /net/bytebuddy/asm/Advice$AssignReturned$ToReturned$Handler.class with "No such file or directory" 

WARNING: Failed to resolve file /net/bytebuddy/asm/Advice$Dispatcher$Resolved$AbstractBase.class with "No such file or directory" 

WARNING: Failed to resolve file /net/bytebuddy/asm/Advice$OffsetMapping$ForInstrumentedMethod$2.class with "No such file or directory" 

WARNING: Failed to resolve file /net/bytebuddy/asm/Advice$OffsetMapping.class with "No such file or directory" 

WARNING: Failed to resolve file /net/bytebuddy/asm/ClassVisitorFactory$FrameTranslator.class with "No such file or directory" 

WARNING: Failed to resolve file /net/bytebuddy/asm/MemberSubstitution$TypePoolResolver$OfImplicitPool.class with "No such file or directory" 

WARNING: Failed to resolve file /net/bytebuddy/build/EntryPoint$Default.class with "No such file or directory" 

WARNING: Failed to resolve file /net/bytebuddy/build/Plugin$Engine$Listener$StreamWriting.class with "No such file or directory" 

WARNING: Failed to resolve file /net/bytebuddy/build/Plugin$Factory$UsingReflection$Instantiator$Unresolved.class with "No such file or directory" 

WARNING: Failed to resolve file /net/bytebuddy/description/annotation/AnnotationDescription.class with "No such file or directory" 

WARNING: Failed to resolve file /net/bytebuddy/description/annotation/AnnotationValue$Loaded$AbstractBase$ForUnresolvedProperty.class with "No such file or directory" 

WARNING: Failed to resolve file /net/bytebuddy/description/method/MethodList$Explicit.class with "No such file or directory" 

WARNING: Failed to resolve file /net/bytebuddy/description/modifier/SynchronizationState.class with "No such file or directory" 

WARNING: Failed to resolve file /net/bytebuddy/description/type/TypeDescription$Generic$AnnotationReader$Delegator$ForLoadedTypeVariable.class with "No such file or directory" 

WARNING: Failed to resolve file /net/bytebuddy/description/type/TypeDescription$Generic$OfParameterizedType$Latent.class with "No such file or directory" 

WARNING: Failed to resolve file /net/bytebuddy/description/type/TypeDescription$Latent.class with "No such file or directory" 

WARNING: Failed to resolve file /net/bytebuddy/dynamic/ClassFileLocator$ForModuleFile.class with "No such file or directory" 

WARNING: Failed to resolve file /net/bytebuddy/dynamic/DynamicType$Builder$MethodDefinition$ParameterDefinition$Simple$Annotatable$AbstractBase.class with "No such file or directory" 

WARNING: Failed to resolve file /net/bytebuddy/dynamic/VisibilityBridgeStrategy$Default$2.class with "No such file or directory" 

WARNING: Failed to resolve file /net/bytebuddy/dynamic/loading/ClassInjector$UsingReflection$Dispatcher$Initializable.class with "No such file or directory" 

WARNING: Failed to resolve file /net/bytebuddy/dynamic/loading/PackageDefinitionStrategy$ManifestReading.class with "No such file or directory" 

WARNING: Failed to resolve file /net/bytebuddy/dynamic/scaffold/MethodGraph$Compiler$Default$Key$Store$Entry$Initial.class with "No such file or directory" 

WARNING: Failed to resolve file /net/bytebuddy/dynamic/scaffold/TypeWriter$Default$ClassDumpAction$Dispatcher$Enabled.class with "No such file or directory" 

WARNING: Failed to resolve file /net/bytebuddy/dynamic/scaffold/TypeWriter$MethodPool$Record$AccessBridgeWrapper.class with "No such file or directory" 

WARNING: Failed to resolve file /net/bytebuddy/dynamic/scaffold/subclass/SubclassImplementationTarget$OriginTypeResolver$1.class with "No such file or directory" 

WARNING: Failed to resolve file /net/bytebuddy/implementation/FieldAccessor$FieldLocation.class with "No such file or directory" 

WARNING: Failed to resolve file /net/bytebuddy/implementation/HashCodeMethod$ValueTransformer$7.class with "No such file or directory" 

WARNING: Failed to resolve file /net/bytebuddy/implementation/InvocationHandlerAdapter.class with "No such file or directory" 

WARNING: Failed to resolve file /net/bytebuddy/implementation/InvokeDynamic$WithImplicitArguments.class with "No such file or directory" 

WARNING: Failed to resolve file /net/bytebuddy/implementation/MethodCall$MethodInvoker.class with "No such file or directory" 

WARNING: Failed to resolve file /net/bytebuddy/implementation/MethodDelegation.class with "No such file or directory" 

WARNING: Failed to resolve file /net/bytebuddy/implementation/attribute/AnnotationValueFilter$Factory.class with "No such file or directory" 

WARNING: Failed to resolve file /net/bytebuddy/implementation/auxiliary/TypeProxy$1.class with "No such file or directory" 

WARNING: Failed to resolve file /net/bytebuddy/implementation/bind/annotation/AllArguments.class with "No such file or directory" 

WARNING: Failed to resolve file /net/bytebuddy/implementation/bind/annotation/Morph$Binder$RedirectionProxy$InstanceFieldConstructor$Appender.class with "No such file or directory" 

WARNING: Failed to resolve file /net/bytebuddy/implementation/bytecode/ByteCodeAppender$Compound.class with "No such file or directory" 

WARNING: Failed to resolve file /net/bytebuddy/implementation/bytecode/assign/reference/GenericTypeAwareAssigner$IsAssignableToVisitor$OfGenericArray.class with "No such file or directory" 

WARNING: Failed to resolve file /net/bytebuddy/implementation/bytecode/member/FieldAccess$AccessDispatcher$FieldPutInstruction.class with "No such file or directory" 

WARNING: Failed to resolve file /net/bytebuddy/jar/asm/RecordComponentWriter.class with "No such file or directory" 

WARNING: Failed to resolve file /net/bytebuddy/matcher/FilterableList.class with "No such file or directory" 

WARNING: Failed to resolve file /net/bytebuddy/matcher/TypeSortMatcher.class with "No such file or directory" 

WARNING: Failed to resolve file /net/bytebuddy/pool/TypePool$Default$LazyTypeDescription$AnnotationToken.class with "No such file or directory" 

WARNING: Failed to resolve file /net/bytebuddy/pool/TypePool$Default$LazyTypeDescription$LazyMethodDescription$LazyParameterizedReceiverType$TypeArgumentList$AnnotatedTypeVariable.class with "No such file or directory" 

WARNING: Failed to resolve file /net/bytebuddy/utility/FileSystem$ForNio2CapableVm$StandardCopyOption.class with "No such file or directory" 

WARNING: Failed to resolve file /net/bytebuddy/utility/dispatcher/JavaDispatcher$Dispatcher.class with "No such file or directory" 

WARNING: Failed to resolve file /org/apache/lucene/analysis/CharArrayMap.class with "No such file or directory" 

WARNING: Failed to resolve file /org/apache/lucene/analysis/tokenattributes/TermToBytesRefAttribute.class with "No such file or directory" 

WARNING: Failed to resolve file /org/apache/lucene/codecs/KnnVectorsWriter$ByteVectorValuesSub.class with "No such file or directory" 

WARNING: Failed to resolve file /org/apache/lucene/codecs/hnsw/DefaultFlatVectorScorer$ByteScoringSupplier$1.class with "No such file or directory" 

WARNING: Failed to resolve file /org/apache/lucene/codecs/lucene90/Lucene90DocValuesProducer$17.class with "No such file or directory" 

WARNING: Failed to resolve file /org/apache/lucene/codecs/lucene90/Lucene90PointsFormat.class with "No such file or directory" 

WARNING: Failed to resolve file /org/apache/lucene/codecs/lucene912/ForUtil.class with "No such file or directory" 

WARNING: Failed to resolve file /org/apache/lucene/codecs/lucene99/Lucene99HnswVectorsWriter$2.class with "No such file or directory" 

WARNING: Failed to resolve file /org/apache/lucene/document/BinaryPoint$1.class with "No such file or directory" 

WARNING: Failed to resolve file /org/apache/lucene/document/FloatPoint$2.class with "No such file or directory" 

WARNING: Failed to resolve file /org/apache/lucene/document/LatLonPointDistanceQuery.class with "No such file or directory" 

WARNING: Failed to resolve file /org/apache/lucene/document/ShapeField$QueryRelation.class with "No such file or directory" 

WARNING: Failed to resolve file /org/apache/lucene/document/XYShapeDocValues.class with "No such file or directory" 

WARNING: Failed to resolve file /org/apache/lucene/index/BaseTermsEnum$1.class with "No such file or directory" 

WARNING: Failed to resolve file /org/apache/lucene/index/ConcurrentMergeScheduler.class with "No such file or directory" 

WARNING: Failed to resolve file /org/apache/lucene/index/ExitableDirectoryReader$ExitableFilterAtomicReader$4.class with "No such file or directory" 

WARNING: Failed to resolve file /org/apache/lucene/index/FreqProxFields$FreqProxTermsEnum$1.class with "No such file or directory" 

WARNING: Failed to resolve file /org/apache/lucene/index/IndexWriter$DocModifier.class with "No such file or directory" 

WARNING: Failed to resolve file /org/apache/lucene/index/MultiDocValues$1.class with "No such file or directory" 

WARNING: Failed to resolve file /org/apache/lucene/index/PointValues$IntersectVisitor.class with "No such file or directory" 

WARNING: Failed to resolve file /org/apache/lucene/index/SingletonSortedSetDocValues.class with "No such file or directory" 

WARNING: Failed to resolve file /org/apache/lucene/index/SortedNumericDocValuesWriter.class with "No such file or directory" 

WARNING: Failed to resolve file /org/apache/lucene/index/TermVectorsConsumerPerField$TermVectorsPostingsArray.class with "No such file or directory" 

WARNING: Failed to resolve file /org/apache/lucene/internal/hppc/IntDoubleHashMap$EntryIterator.class with "No such file or directory" 

WARNING: Failed to resolve file /org/apache/lucene/internal/hppc/LongIntHashMap$LongIntCursor.class with "No such file or directory" 

WARNING: Failed to resolve file /org/apache/lucene/search/BlockMaxConjunctionScorer$2.class with "No such file or directory" 

WARNING: Failed to resolve file /org/apache/lucene/search/ConstantScoreQuery$1$1.class with "No such file or directory" 

WARNING: Failed to resolve file /org/apache/lucene/search/DoubleValuesSource$DoubleValuesComparatorSource$1.class with "No such file or directory" 

WARNING: Failed to resolve file /org/apache/lucene/search/ImpactsDISI.class with "No such file or directory" 

WARNING: Failed to resolve file /org/apache/lucene/search/LongValuesSource$LongValuesComparatorSource.class with "No such file or directory" 

WARNING: Failed to resolve file /org/apache/lucene/search/NamedMatches$NamedQuery.class with "No such file or directory" 

WARNING: Failed to resolve file /org/apache/lucene/search/ReqOptSumScorer.class with "No such file or directory" 

WARNING: Failed to resolve file /org/apache/lucene/search/SortedNumericSortField$5.class with "No such file or directory" 

WARNING: Failed to resolve file /org/apache/lucene/search/TopDocsCollector.class with "No such file or directory" 

WARNING: Failed to resolve file /org/apache/lucene/search/comparators/NumericComparator$NumericLeafComparator.class with "No such file or directory" 

WARNING: Failed to resolve file /org/apache/lucene/search/similarities/MultiSimilarity.class with "No such file or directory" 

WARNING: Failed to resolve file /org/apache/lucene/store/IndexInput$1.class with "No such file or directory" 

WARNING: Failed to resolve file /org/apache/lucene/util/AttributeImpl.class with "No such file or directory" 

WARNING: Failed to resolve file /org/apache/lucene/util/DocIdSetBuilder$BulkAdder.class with "No such file or directory" 

WARNING: Failed to resolve file /org/apache/lucene/util/ModuleResourceLoader.class with "No such file or directory" 

WARNING: Failed to resolve file /org/apache/lucene/util/Sorter.class with "No such file or directory" 

WARNING: Failed to resolve file /org/apache/lucene/util/automaton/MinimizationOperations$IntPair.class with "No such file or directory" 

WARNING: Failed to resolve file /org/apache/lucene/util/bkd/OfflinePointWriter.class with "No such file or directory" 

WARNING: Failed to resolve file /org/apache/lucene/util/fst/Util$FSTPath.class with "No such file or directory" 

WARNING: Failed to resolve file /org/apache/lucene/util/mutable/MutableValueDate.class with "No such file or directory" 

WARNING: Failed to resolve file /org/apache/lucene/util/packed/DirectReader$DirectPackedReader32.class with "No such file or directory" 

WARNING: Failed to resolve file /org/apache/lucene/util/packed/PackedWriter.class with "No such file or directory" 

WARNING: Failed to resolve file /org/bouncycastle/asn1/ASN1ObjectDescriptor$1.class with "No such file or directory" 

WARNING: Failed to resolve file /org/bouncycastle/asn1/BEROctetStringParser.class with "No such file or directory" 

WARNING: Failed to resolve file /org/bouncycastle/asn1/LazyEncodedSequence.class with "No such file or directory" 

WARNING: Failed to resolve file /org/bouncycastle/asn1/ocsp/OCSPRequest.class with "No such file or directory" 

WARNING: Failed to resolve file /org/bouncycastle/asn1/sec/SECNamedCurves$17.class with "No such file or directory" 

WARNING: Failed to resolve file /org/bouncycastle/asn1/x500/DirectoryString.class with "No such file or directory" 

WARNING: Failed to resolve file /org/bouncycastle/asn1/x509/NameConstraints.class with "No such file or directory" 

WARNING: Failed to resolve file /org/bouncycastle/asn1/x509/sigi/NameOrPseudonym.class with "No such file or directory" 

WARNING: Failed to resolve file /org/bouncycastle/crypto/CipherKeyGenerator.class with "No such file or directory" 

WARNING: Failed to resolve file /org/bouncycastle/crypto/StagedAgreement.class with "No such file or directory" 

WARNING: Failed to resolve file /org/bouncycastle/crypto/digests/AsconXof$1.class with "No such file or directory" 

WARNING: Failed to resolve file /org/bouncycastle/crypto/digests/ShortenedDigest.class with "No such file or directory" 

WARNING: Failed to resolve file /org/bouncycastle/crypto/ec/ECDecryptor.class with "No such file or directory" 

WARNING: Failed to resolve file /org/bouncycastle/crypto/engines/GOST3412_2015Engine.class with "No such file or directory" 

WARNING: Failed to resolve file /org/bouncycastle/crypto/engines/SparkleEngine$1.class with "No such file or directory" 

WARNING: Failed to resolve file /org/bouncycastle/crypto/generators/ElGamalParametersGenerator.class with "No such file or directory" 

WARNING: Failed to resolve file /org/bouncycastle/crypto/macs/DSTU7564Mac.class with "No such file or directory" 

WARNING: Failed to resolve file /org/bouncycastle/crypto/modes/NISTCTSBlockCipher.class with "No such file or directory" 

WARNING: Failed to resolve file /org/bouncycastle/crypto/params/DHParameters.class with "No such file or directory" 

WARNING: Failed to resolve file /org/bouncycastle/crypto/params/NaccacheSternKeyGenerationParameters.class with "No such file or directory" 

WARNING: Failed to resolve file /org/bouncycastle/crypto/prng/X931SecureRandom.class with "No such file or directory" 

WARNING: Failed to resolve file /org/bouncycastle/crypto/util/DEROtherInfo$1.class with "No such file or directory" 

WARNING: Failed to resolve file /org/bouncycastle/crypto/util/SSHNamedCurves$3.class with "No such file or directory" 

WARNING: Failed to resolve file /org/bouncycastle/jcajce/BCFKSLoadStoreParameter$SignatureAlgorithm.class with "No such file or directory" 

WARNING: Failed to resolve file /org/bouncycastle/jcajce/provider/asymmetric/CompositeSignatures.class with "No such file or directory" 

WARNING: Failed to resolve file /org/bouncycastle/jcajce/provider/asymmetric/compositesignatures/KeyPairGeneratorSpi$MLDSA65_ECDSA_brainpoolP256r1_SHA512.class with "No such file or directory" 

WARNING: Failed to resolve file /org/bouncycastle/jcajce/provider/asymmetric/dh/KeyAgreementSpi$DHwithSHA384CKDF.class with "No such file or directory" 

WARNING: Failed to resolve file /org/bouncycastle/jcajce/provider/asymmetric/ec/BCECPrivateKey.class with "No such file or directory" 

WARNING: Failed to resolve file /org/bouncycastle/jcajce/provider/asymmetric/ec/KeyAgreementSpi$DHUwithSHA224KDF.class with "No such file or directory" 

WARNING: Failed to resolve file /org/bouncycastle/jcajce/provider/asymmetric/ec/KeyPairGeneratorSpi.class with "No such file or directory" 

WARNING: Failed to resolve file /org/bouncycastle/jcajce/provider/asymmetric/ecgost12/KeyAgreementSpi$ECVKO512.class with "No such file or directory" 

WARNING: Failed to resolve file /org/bouncycastle/jcajce/provider/asymmetric/edec/KeyPairGeneratorSpi$X448.class with "No such file or directory" 

WARNING: Failed to resolve file /org/bouncycastle/jcajce/provider/asymmetric/rsa/DigestSignatureSpi$SHA3_384.class with "No such file or directory" 

WARNING: Failed to resolve file /org/bouncycastle/jcajce/provider/asymmetric/rsa/PSSSignatureSpi$SHA512withRSA.class with "No such file or directory" 

WARNING: Failed to resolve file /org/bouncycastle/jcajce/provider/asymmetric/x509/X509CRLInternal.class with "No such file or directory" 

WARNING: Failed to resolve file /org/bouncycastle/jcajce/provider/digest/GOST3411$Mappings.class with "No such file or directory" 

WARNING: Failed to resolve file /org/bouncycastle/jcajce/provider/digest/RIPEMD256$HashMac.class with "No such file or directory" 

WARNING: Failed to resolve file /org/bouncycastle/jcajce/provider/digest/SHA3$Mappings.class with "No such file or directory" 

WARNING: Failed to resolve file /org/bouncycastle/jcajce/provider/digest/Skein$HMacKeyGenerator_512_384.class with "No such file or directory" 

WARNING: Failed to resolve file /org/bouncycastle/jcajce/provider/digest/Whirlpool$KeyGenerator.class with "No such file or directory" 

WARNING: Failed to resolve file /org/bouncycastle/jcajce/provider/keystore/pkcs12/PKCS12KeyStoreSpi$1.class with "No such file or directory" 

WARNING: Failed to resolve file /org/bouncycastle/jcajce/provider/symmetric/AES$PBEWithSHA256And192BitAESBC.class with "No such file or directory" 

WARNING: Failed to resolve file /org/bouncycastle/jcajce/provider/symmetric/CAST5$CBC.class with "No such file or directory" 

WARNING: Failed to resolve file /org/bouncycastle/jcajce/provider/symmetric/DES$Mappings.class with "No such file or directory" 

WARNING: Failed to resolve file /org/bouncycastle/jcajce/provider/symmetric/DSTU7624$GCM128.class with "No such file or directory" 

WARNING: Failed to resolve file /org/bouncycastle/jcajce/provider/symmetric/HC128$KeyGen.class with "No such file or directory" 

WARNING: Failed to resolve file /org/bouncycastle/jcajce/provider/symmetric/PBEPKCS12.class with "No such file or directory" 

WARNING: Failed to resolve file /org/bouncycastle/jcajce/provider/symmetric/Rijndael.class with "No such file or directory" 

WARNING: Failed to resolve file /org/bouncycastle/jcajce/provider/symmetric/Shacal2$AlgParams.class with "No such file or directory" 

WARNING: Failed to resolve file /org/bouncycastle/jcajce/provider/symmetric/Threefish.class with "No such file or directory" 

WARNING: Failed to resolve file /org/bouncycastle/jcajce/provider/symmetric/util/BaseStreamCipher.class with "No such file or directory" 

WARNING: Failed to resolve file /org/bouncycastle/jcajce/spec/SkeinParameterSpec.class with "No such file or directory" 

WARNING: Failed to resolve file /org/bouncycastle/jce/provider/AnnotatedException.class with "No such file or directory" 

WARNING: Failed to resolve file /org/bouncycastle/jce/provider/RFC3280CertPathUtilities.class with "No such file or directory" 

WARNING: Failed to resolve file /org/bouncycastle/math/ec/ECCurve$Config.class with "No such file or directory" 

WARNING: Failed to resolve file /org/bouncycastle/math/ec/custom/gm/SM2P256V1FieldElement.class with "No such file or directory" 

WARNING: Failed to resolve file /org/bouncycastle/math/ec/custom/sec/SecP384R1FieldElement.class with "No such file or directory" 

WARNING: Failed to resolve file /org/bouncycastle/math/ec/custom/sec/SecT239K1Curve.class with "No such file or directory" 

WARNING: Failed to resolve file /org/bouncycastle/math/ec/rfc8032/Ed25519$PointTemp.class with "No such file or directory" 

WARNING: Failed to resolve file /org/bouncycastle/pqc/asn1/PQCObjectIdentifiers.class with "No such file or directory" 

WARNING: Failed to resolve file /org/bouncycastle/pqc/crypto/crystals/dilithium/DilithiumKeyPairGenerator.class with "No such file or directory" 

WARNING: Failed to resolve file /org/bouncycastle/pqc/crypto/falcon/FalconSmallPrime.class with "No such file or directory" 

WARNING: Failed to resolve file /org/bouncycastle/pqc/crypto/hqc/HQCKEMExtractor.class with "No such file or directory" 

WARNING: Failed to resolve file /org/bouncycastle/pqc/crypto/newhope/NHKeyPairGenerator.class with "No such file or directory" 

WARNING: Failed to resolve file /org/bouncycastle/pqc/crypto/picnic/PicnicEngine.class with "No such file or directory" 

WARNING: Failed to resolve file /org/bouncycastle/pqc/crypto/sphincs/SPHINCS256KeyGenerationParameters.class with "No such file or directory" 

WARNING: Failed to resolve file /org/bouncycastle/pqc/crypto/util/PublicKeyFactory$LMSConverter.class with "No such file or directory" 

WARNING: Failed to resolve file /org/bouncycastle/pqc/crypto/xmss/XMSSMTPrivateKeyParameters$Builder.class with "No such file or directory" 

WARNING: Failed to resolve file /org/bouncycastle/pqc/jcajce/interfaces/NHPublicKey.class with "No such file or directory" 

WARNING: Failed to resolve file /org/bouncycastle/pqc/jcajce/provider/SPHINCS.class with "No such file or directory" 

WARNING: Failed to resolve file /org/bouncycastle/pqc/jcajce/provider/falcon/SignatureSpi$Base.class with "No such file or directory" 

WARNING: Failed to resolve file /org/bouncycastle/pqc/jcajce/provider/mceliece/BCMcEliecePrivateKey.class with "No such file or directory" 

WARNING: Failed to resolve file /org/bouncycastle/pqc/jcajce/provider/picnic/BCPicnicPublicKey.class with "No such file or directory" 

WARNING: Failed to resolve file /org/bouncycastle/pqc/jcajce/provider/sphincsplus/SPHINCSPlusKeyPairGeneratorSpi$Shake_256f.class with "No such file or directory" 

WARNING: Failed to resolve file /org/bouncycastle/pqc/jcajce/spec/KyberParameterSpec.class with "No such file or directory" 

WARNING: Failed to resolve file /org/bouncycastle/pqc/legacy/crypto/mceliece/McEliecePrivateKeyParameters.class with "No such file or directory" 

WARNING: Failed to resolve file /org/bouncycastle/pqc/legacy/math/linearalgebra/GF2Matrix.class with "No such file or directory" 

WARNING: Failed to resolve file /org/bouncycastle/pqc/math/ntru/parameters/NTRUHPS2048509.class with "No such file or directory" 

WARNING: Failed to resolve file /org/bouncycastle/util/encoders/HexTranslator.class with "No such file or directory" 

WARNING: Failed to resolve file /org/bouncycastle/x509/X509CRLStoreSelector.class with "No such file or directory" 

Found 215 (out of 11364) source files to analyze in /home/udesou/.bench-agent/git/macro-benches/vendor/.infer-capture-ocaml-5.5.0-f523850
/net/bytebuddy/asm/Advice$OffsetMapping$ForInstrumentedMethod$2.class starting
/net/bytebuddy/asm/Advice$OffsetMapping$ForInstrumentedMethod$2.class DONE
/net/bytebuddy/dynamic/DynamicType$Builder$MethodDefinition$ParameterDefinition$Simple$Annotatable$AbstractBase.class starting
/net/bytebuddy/dynamic/DynamicType$Builder$MethodDefinition$ParameterDefinition$Simple$Annotatable$AbstractBase.class DONE
/net/bytebuddy/implementation/bytecode/assign/reference/GenericTypeAwareAssigner$IsAssignableToVisitor$OfGenericArray.class starting
/net/bytebuddy/implementation/bytecode/assign/reference/GenericTypeAwareAssigner$IsAssignableToVisitor$OfGenericArray.class DONE
/org/apache/lucene/codecs/lucene912/ForUtil.class starting
/org/apache/lucene/codecs/lucene912/ForUtil.class DONE
/org/apache/lucene/document/BinaryPoint$1.class starting
/org/apache/lucene/document/BinaryPoint$1.class DONE
/org/bouncycastle/pqc/crypto/newhope/NHKeyPairGenerator.class starting
/org/bouncycastle/pqc/crypto/newhope/NHKeyPairGenerator.class DONE
/net/bytebuddy/dynamic/scaffold/MethodGraph$Compiler$Default$Key$Store$Entry$Initial.class starting
/net/bytebuddy/dynamic/scaffold/MethodGraph$Compiler$Default$Key$Store$Entry$Initial.class DONE
/org/bouncycastle/asn1/x500/DirectoryString.class starting
/org/bouncycastle/asn1/x500/DirectoryString.class DONE
/org/apache/lucene/search/BlockMaxConjunctionScorer$2.class starting
/org/apache/lucene/search/BlockMaxConjunctionScorer$2.class DONE
/org/bouncycastle/pqc/jcajce/spec/KyberParameterSpec.class starting
/org/bouncycastle/pqc/jcajce/spec/KyberParameterSpec.class DONE
/org/apache/lucene/document/XYShapeDocValues.class starting
/org/apache/lucene/document/XYShapeDocValues.class DONE
/org/bouncycastle/jcajce/provider/symmetric/AES$PBEWithSHA256And192BitAESBC.class starting
/org/bouncycastle/jcajce/provider/symmetric/AES$PBEWithSHA256And192BitAESBC.class DONE
/org/apache/lucene/index/ExitableDirectoryReader$ExitableFilterAtomicReader$4.class starting
/org/apache/lucene/index/ExitableDirectoryReader$ExitableFilterAtomicReader$4.class DONE
/org/apache/lucene/document/ShapeField$QueryRelation.class starting
/org/apache/lucene/document/ShapeField$QueryRelation.class DONE
/org/bouncycastle/asn1/x509/sigi/NameOrPseudonym.class starting
/org/apache/lucene/search/DoubleValuesSource$DoubleValuesComparatorSource$1.class starting
/org/apache/lucene/search/DoubleValuesSource$DoubleValuesComparatorSource$1.class DONE
/com/google/common/collect/ImmutableMultimap$Builder.class starting
/com/google/common/collect/ImmutableMultimap$Builder.class DONE
/com/google/common/base/Converter$IdentityConverter.class starting
/com/google/common/base/Converter$IdentityConverter.class DONE
/net/bytebuddy/agent/builder/package-info.class starting
/net/bytebuddy/agent/builder/package-info.class DONE
/org/apache/lucene/util/Sorter.class starting
/org/apache/lucene/util/Sorter.class DONE
/com/google/common/graph/ValueGraph.class starting
/com/google/common/graph/ValueGraph.class DONE
/org/bouncycastle/pqc/jcajce/provider/SPHINCS.class starting
/org/bouncycastle/pqc/jcajce/provider/SPHINCS.class DONE
/org/bouncycastle/jcajce/provider/digest/RIPEMD256$HashMac.class starting
/org/bouncycastle/jcajce/provider/digest/RIPEMD256$HashMac.class DONE
/org/bouncycastle/jcajce/provider/symmetric/DES$Mappings.class starting
/org/bouncycastle/jcajce/provider/symmetric/DES$Mappings.class DONE
/com/google/common/util/concurrent/Monitor$Guard.class starting
/com/google/common/util/concurrent/Monitor$Guard.class DONE
/net/bytebuddy/pool/TypePool$Default$LazyTypeDescription$LazyMethodDescription$LazyParameterizedReceiverType$TypeArgumentList$AnnotatedTypeVariable.class starting
/net/bytebuddy/pool/TypePool$Default$LazyTypeDescription$LazyMethodDescription$LazyParameterizedReceiverType$TypeArgumentList$AnnotatedTypeVariable.class DONE
/net/bytebuddy/build/Plugin$Factory$UsingReflection$Instantiator$Unresolved.class starting
/net/bytebuddy/build/Plugin$Factory$UsingReflection$Instantiator$Unresolved.class DONE
/org/bouncycastle/crypto/generators/ElGamalParametersGenerator.class starting
/org/bouncycastle/crypto/generators/ElGamalParametersGenerator.class DONE
/org/bouncycastle/crypto/digests/ShortenedDigest.class starting
/org/bouncycastle/crypto/digests/ShortenedDigest.class DONE
/net/bytebuddy/matcher/FilterableList.class starting
/net/bytebuddy/matcher/FilterableList.class DONE
/com/google/common/io/BaseEncoding.class starting
/com/google/common/io/BaseEncoding.class DONE
/org/bouncycastle/pqc/crypto/picnic/PicnicEngine.class starting
/org/bouncycastle/pqc/crypto/picnic/PicnicEngine.class DONE
/org/bouncycastle/jcajce/provider/symmetric/PBEPKCS12.class starting
/org/bouncycastle/jcajce/provider/symmetric/PBEPKCS12.class DONE
/org/bouncycastle/crypto/prng/X931SecureRandom.class starting
/org/bouncycastle/crypto/prng/X931SecureRandom.class DONE
/net/bytebuddy/description/modifier/SynchronizationState.class starting
/net/bytebuddy/description/modifier/SynchronizationState.class DONE
/org/apache/lucene/search/ConstantScoreQuery$1$1.class starting
/org/apache/lucene/search/ConstantScoreQuery$1$1.class DONE
/org/apache/lucene/internal/hppc/IntDoubleHashMap$EntryIterator.class starting
/org/apache/lucene/internal/hppc/IntDoubleHashMap$EntryIterator.class DONE
/org/bouncycastle/asn1/x509/NameConstraints.class starting
/org/bouncycastle/asn1/x509/NameConstraints.class DONE
/com/google/common/graph/GraphBuilder.class starting
/com/google/common/graph/GraphBuilder.class DONE
/org/bouncycastle/jcajce/provider/symmetric/Threefish.class starting
/org/bouncycastle/jcajce/provider/symmetric/Threefish.class DONE
/com/google/common/util/concurrent/SimpleTimeLimiter$1.class starting
/com/google/common/util/concurrent/SimpleTimeLimiter$1.class DONE
/net/bytebuddy/dynamic/scaffold/TypeWriter$MethodPool$Record$AccessBridgeWrapper.class starting
/net/bytebuddy/dynamic/scaffold/TypeWriter$MethodPool$Record$AccessBridgeWrapper.class DONE
/net/bytebuddy/dynamic/ClassFileLocator$ForModuleFile.class starting
/net/bytebuddy/dynamic/ClassFileLocator$ForModuleFile.class DONE
/org/apache/lucene/search/ReqOptSumScorer.class starting
/org/apache/lucene/search/ReqOptSumScorer.class DONE
/com/google/common/util/concurrent/AggregateFutureState.class starting
/com/google/common/util/concurrent/AggregateFutureState.class DONE
/com/google/common/annotations/Beta.class starting
/com/google/common/annotations/Beta.class DONE
/com/google/common/collect/DenseImmutableTable.class starting
/com/google/common/collect/DenseImmutableTable.class DONE
/org/bouncycastle/math/ec/custom/gm/SM2P256V1FieldElement.class starting
/org/bouncycastle/math/ec/custom/gm/SM2P256V1FieldElement.class DONE
/org/bouncycastle/jcajce/provider/asymmetric/dh/KeyAgreementSpi$DHwithSHA384CKDF.class starting
/org/bouncycastle/jcajce/provider/asymmetric/dh/KeyAgreementSpi$DHwithSHA384CKDF.class DONE
/org/bouncycastle/jcajce/provider/digest/GOST3411$Mappings.class starting
/org/bouncycastle/jcajce/provider/digest/GOST3411$Mappings.class DONE
/org/bouncycastle/pqc/jcajce/provider/sphincsplus/SPHINCSPlusKeyPairGeneratorSpi$Shake_256f.class starting
/org/bouncycastle/pqc/jcajce/provider/sphincsplus/SPHINCSPlusKeyPairGeneratorSpi$Shake_256f.class DONE
/org/bouncycastle/jcajce/provider/symmetric/util/BaseStreamCipher.class starting
/org/bouncycastle/jcajce/provider/symmetric/util/BaseStreamCipher.class DONE
/net/bytebuddy/implementation/auxiliary/TypeProxy$1.class starting
/net/bytebuddy/implementation/auxiliary/TypeProxy$1.class DONE
/com/google/common/collect/ImmutableSortedSet$1.class starting
/com/google/common/collect/ImmutableSortedSet$1.class DONE
/net/bytebuddy/pool/TypePool$Default$LazyTypeDescription$AnnotationToken.class starting
/net/bytebuddy/pool/TypePool$Default$LazyTypeDescription$AnnotationToken.class DONE
/org/apache/lucene/index/SingletonSortedSetDocValues.class starting
/org/apache/lucene/index/SingletonSortedSetDocValues.class DONE
/org/bouncycastle/pqc/crypto/crystals/dilithium/DilithiumKeyPairGenerator.class starting
/org/bouncycastle/pqc/crypto/crystals/dilithium/DilithiumKeyPairGenerator.class DONE
/org/bouncycastle/math/ec/rfc8032/Ed25519$PointTemp.class starting
/org/bouncycastle/math/ec/rfc8032/Ed25519$PointTemp.class DONE
/org/bouncycastle/jce/provider/RFC3280CertPathUtilities.class starting
/org/bouncycastle/asn1/x509/sigi/NameOrPseudonym.class DONE
/net/bytebuddy/build/Plugin$Engine$Listener$StreamWriting.class starting
/net/bytebuddy/build/Plugin$Engine$Listener$StreamWriting.class DONE
/org/bouncycastle/crypto/macs/DSTU7564Mac.class starting
/org/bouncycastle/crypto/macs/DSTU7564Mac.class DONE
/org/bouncycastle/jcajce/provider/asymmetric/ec/KeyPairGeneratorSpi.class starting
/org/bouncycastle/jcajce/provider/asymmetric/ec/KeyPairGeneratorSpi.class DONE
/net/bytebuddy/implementation/MethodCall$MethodInvoker.class starting
/net/bytebuddy/implementation/MethodCall$MethodInvoker.class DONE
/net/bytebuddy/ByteBuddy$RecordConstructorStrategy.class starting
/net/bytebuddy/ByteBuddy$RecordConstructorStrategy.class DONE
/org/bouncycastle/jcajce/provider/asymmetric/x509/X509CRLInternal.class starting
/org/bouncycastle/jcajce/provider/asymmetric/x509/X509CRLInternal.class DONE
/org/bouncycastle/jcajce/provider/asymmetric/rsa/DigestSignatureSpi$SHA3_384.class starting
/org/bouncycastle/jcajce/provider/asymmetric/rsa/DigestSignatureSpi$SHA3_384.class DONE
/com/google/common/collect/RegularImmutableMap$Values.class starting
/com/google/common/collect/RegularImmutableMap$Values.class DONE
/org/apache/lucene/index/MultiDocValues$1.class starting
/org/apache/lucene/index/MultiDocValues$1.class DONE
/net/bytebuddy/asm/MemberSubstitution$TypePoolResolver$OfImplicitPool.class starting
/net/bytebuddy/asm/MemberSubstitution$TypePoolResolver$OfImplicitPool.class DONE
/net/bytebuddy/description/type/TypeDescription$Generic$AnnotationReader$Delegator$ForLoadedTypeVariable.class starting
/net/bytebuddy/description/type/TypeDescription$Generic$AnnotationReader$Delegator$ForLoadedTypeVariable.class DONE
/org/bouncycastle/crypto/CipherKeyGenerator.class starting
/org/bouncycastle/crypto/CipherKeyGenerator.class DONE
/org/apache/lucene/codecs/lucene99/Lucene99HnswVectorsWriter$2.class starting
/org/apache/lucene/codecs/lucene99/Lucene99HnswVectorsWriter$2.class DONE
/org/bouncycastle/jcajce/provider/symmetric/DSTU7624$GCM128.class starting
/org/bouncycastle/jcajce/provider/symmetric/DSTU7624$GCM128.class DONE
/org/apache/lucene/util/AttributeImpl.class starting
/org/apache/lucene/util/AttributeImpl.class DONE
/org/apache/lucene/codecs/lucene90/Lucene90DocValuesProducer$17.class starting
/org/apache/lucene/codecs/lucene90/Lucene90DocValuesProducer$17.class DONE
/org/apache/lucene/search/comparators/NumericComparator$NumericLeafComparator.class starting
/org/apache/lucene/search/comparators/NumericComparator$NumericLeafComparator.class DONE
/org/apache/lucene/util/packed/PackedWriter.class starting
/org/apache/lucene/util/packed/PackedWriter.class DONE
/com/google/common/primitives/Shorts$ShortConverter.class starting
/com/google/common/primitives/Shorts$ShortConverter.class DONE
/org/bouncycastle/pqc/crypto/hqc/HQCKEMExtractor.class starting
/org/bouncycastle/pqc/crypto/hqc/HQCKEMExtractor.class DONE
/org/apache/lucene/codecs/hnsw/DefaultFlatVectorScorer$ByteScoringSupplier$1.class starting
/org/apache/lucene/codecs/hnsw/DefaultFlatVectorScorer$ByteScoringSupplier$1.class DONE
/net/bytebuddy/implementation/attribute/AnnotationValueFilter$Factory.class starting
/net/bytebuddy/implementation/attribute/AnnotationValueFilter$Factory.class DONE
/org/apache/lucene/analysis/tokenattributes/TermToBytesRefAttribute.class starting
/org/apache/lucene/analysis/tokenattributes/TermToBytesRefAttribute.class DONE
/org/bouncycastle/crypto/StagedAgreement.class starting
/org/bouncycastle/crypto/StagedAgreement.class DONE
/org/bouncycastle/crypto/params/NaccacheSternKeyGenerationParameters.class starting
/org/bouncycastle/crypto/params/NaccacheSternKeyGenerationParameters.class DONE
/org/apache/lucene/index/IndexWriter$DocModifier.class starting
/org/apache/lucene/index/IndexWriter$DocModifier.class DONE
/org/apache/lucene/util/bkd/OfflinePointWriter.class starting
/org/apache/lucene/util/bkd/OfflinePointWriter.class DONE
/org/apache/lucene/search/SortedNumericSortField$5.class starting
/org/apache/lucene/search/SortedNumericSortField$5.class DONE
/org/bouncycastle/jce/provider/AnnotatedException.class starting
/org/bouncycastle/jce/provider/AnnotatedException.class DONE
/org/apache/lucene/util/packed/DirectReader$DirectPackedReader32.class starting
/org/apache/lucene/util/packed/DirectReader$DirectPackedReader32.class DONE
/org/bouncycastle/jcajce/provider/symmetric/Rijndael.class starting
/org/bouncycastle/jcajce/provider/symmetric/Rijndael.class DONE
/net/bytebuddy/description/annotation/AnnotationValue$Loaded$AbstractBase$ForUnresolvedProperty.class starting
/net/bytebuddy/description/annotation/AnnotationValue$Loaded$AbstractBase$ForUnresolvedProperty.class DONE
/org/apache/lucene/util/DocIdSetBuilder$BulkAdder.class starting
/org/apache/lucene/util/DocIdSetBuilder$BulkAdder.class DONE
/org/bouncycastle/pqc/jcajce/provider/picnic/BCPicnicPublicKey.class starting
/org/bouncycastle/pqc/jcajce/provider/picnic/BCPicnicPublicKey.class DONE
/com/google/common/collect/HashMultimap.class starting
/com/google/common/collect/HashMultimap.class DONE
/org/bouncycastle/crypto/params/DHParameters.class starting
/org/bouncycastle/crypto/params/DHParameters.class DONE
/net/bytebuddy/agent/builder/AgentBuilder$InstallationListener$Compound.class starting
/net/bytebuddy/agent/builder/AgentBuilder$InstallationListener$Compound.class DONE
/net/bytebuddy/dynamic/scaffold/subclass/SubclassImplementationTarget$OriginTypeResolver$1.class starting
/net/bytebuddy/dynamic/scaffold/subclass/SubclassImplementationTarget$OriginTypeResolver$1.class DONE
/com/google/common/collect/SortedLists$KeyAbsentBehavior$2.class starting
/com/google/common/collect/SortedLists$KeyAbsentBehavior$2.class DONE
/org/bouncycastle/jcajce/provider/symmetric/Shacal2$AlgParams.class starting
/org/bouncycastle/jcajce/provider/symmetric/Shacal2$AlgParams.class DONE
/org/bouncycastle/crypto/util/DEROtherInfo$1.class starting
/org/bouncycastle/crypto/util/DEROtherInfo$1.class DONE
/net/bytebuddy/agent/builder/AgentBuilder$Default$NativeMethodStrategy$ForPrefix.class starting
/net/bytebuddy/agent/builder/AgentBuilder$Default$NativeMethodStrategy$ForPrefix.class DONE
/com/google/common/collect/Streams$DoubleFunctionWithIndex.class starting
/com/google/common/collect/Streams$DoubleFunctionWithIndex.class DONE
/org/bouncycastle/jcajce/provider/asymmetric/ecgost12/KeyAgreementSpi$ECVKO512.class starting
/org/bouncycastle/jcajce/provider/asymmetric/ecgost12/KeyAgreementSpi$ECVKO512.class DONE
/net/bytebuddy/implementation/MethodDelegation.class starting
/net/bytebuddy/implementation/MethodDelegation.class DONE
/net/bytebuddy/implementation/FieldAccessor$FieldLocation.class starting
/net/bytebuddy/implementation/FieldAccessor$FieldLocation.class DONE
/org/bouncycastle/pqc/crypto/sphincs/SPHINCS256KeyGenerationParameters.class starting
/org/bouncycastle/pqc/crypto/sphincs/SPHINCS256KeyGenerationParameters.class DONE
/org/bouncycastle/jcajce/provider/asymmetric/edec/KeyPairGeneratorSpi$X448.class starting
/org/bouncycastle/jcajce/provider/asymmetric/edec/KeyPairGeneratorSpi$X448.class DONE
/net/bytebuddy/dynamic/loading/PackageDefinitionStrategy$ManifestReading.class starting
/net/bytebuddy/dynamic/loading/PackageDefinitionStrategy$ManifestReading.class DONE
/org/bouncycastle/asn1/LazyEncodedSequence.class starting
/org/bouncycastle/asn1/LazyEncodedSequence.class DONE
/net/bytebuddy/description/annotation/AnnotationDescription.class starting
/net/bytebuddy/description/annotation/AnnotationDescription.class DONE
/org/bouncycastle/crypto/ec/ECDecryptor.class starting
/org/bouncycastle/crypto/ec/ECDecryptor.class DONE
/org/bouncycastle/asn1/BEROctetStringParser.class starting
/org/bouncycastle/asn1/BEROctetStringParser.class DONE
/net/bytebuddy/dynamic/scaffold/TypeWriter$Default$ClassDumpAction$Dispatcher$Enabled.class starting
/net/bytebuddy/dynamic/scaffold/TypeWriter$Default$ClassDumpAction$Dispatcher$Enabled.class DONE
/org/bouncycastle/pqc/jcajce/interfaces/NHPublicKey.class starting
/org/bouncycastle/pqc/jcajce/interfaces/NHPublicKey.class DONE
/com/google/common/collect/JdkBackedImmutableMap.class starting
/com/google/common/collect/JdkBackedImmutableMap.class DONE
/com/google/common/collect/MapMakerInternalMap$EntrySet.class starting
/com/google/common/collect/MapMakerInternalMap$EntrySet.class DONE
/org/bouncycastle/math/ec/ECCurve$Config.class starting
/org/bouncycastle/math/ec/ECCurve$Config.class DONE
/org/apache/lucene/util/mutable/MutableValueDate.class starting
/org/apache/lucene/util/mutable/MutableValueDate.class DONE
/com/google/common/collect/TransformedListIterator.class starting
/com/google/common/collect/TransformedListIterator.class DONE
/com/google/common/base/Utf8.class starting
/com/google/common/base/Utf8.class DONE
/org/bouncycastle/crypto/digests/AsconXof$1.class starting
/org/bouncycastle/crypto/digests/AsconXof$1.class DONE
/org/apache/lucene/analysis/CharArrayMap.class starting
/org/apache/lucene/analysis/CharArrayMap.class DONE
/net/bytebuddy/description/method/MethodList$Explicit.class starting
/net/bytebuddy/description/method/MethodList$Explicit.class DONE
/org/apache/lucene/search/NamedMatches$NamedQuery.class starting
/org/apache/lucene/search/NamedMatches$NamedQuery.class DONE
/net/bytebuddy/matcher/TypeSortMatcher.class starting
/net/bytebuddy/matcher/TypeSortMatcher.class DONE
/net/bytebuddy/description/type/TypeDescription$Latent.class starting
/net/bytebuddy/description/type/TypeDescription$Latent.class DONE
/net/bytebuddy/utility/FileSystem$ForNio2CapableVm$StandardCopyOption.class starting
/net/bytebuddy/utility/FileSystem$ForNio2CapableVm$StandardCopyOption.class DONE
/org/bouncycastle/crypto/engines/GOST3412_2015Engine.class starting
/org/bouncycastle/crypto/engines/GOST3412_2015Engine.class DONE
/org/bouncycastle/math/ec/custom/sec/SecT239K1Curve.class starting
/org/bouncycastle/math/ec/custom/sec/SecT239K1Curve.class DONE
/org/apache/lucene/index/PointValues$IntersectVisitor.class starting
/org/apache/lucene/index/PointValues$IntersectVisitor.class DONE
/net/bytebuddy/implementation/InvokeDynamic$WithImplicitArguments.class starting
/net/bytebuddy/implementation/InvokeDynamic$WithImplicitArguments.class DONE
/org/bouncycastle/pqc/jcajce/provider/mceliece/BCMcEliecePrivateKey.class starting
/org/bouncycastle/pqc/jcajce/provider/mceliece/BCMcEliecePrivateKey.class DONE
/com/google/common/util/concurrent/ForwardingCheckedFuture$SimpleForwardingCheckedFuture.class starting
/com/google/common/util/concurrent/ForwardingCheckedFuture$SimpleForwardingCheckedFuture.class DONE
/org/bouncycastle/util/encoders/HexTranslator.class starting
/org/bouncycastle/util/encoders/HexTranslator.class DONE
/com/google/common/collect/ForwardingConcurrentMap.class starting
/com/google/common/collect/ForwardingConcurrentMap.class DONE
/org/bouncycastle/jcajce/provider/keystore/pkcs12/PKCS12KeyStoreSpi$1.class starting
/org/bouncycastle/jcajce/provider/keystore/pkcs12/PKCS12KeyStoreSpi$1.class DONE
/org/bouncycastle/jcajce/provider/asymmetric/compositesignatures/KeyPairGeneratorSpi$MLDSA65_ECDSA_brainpoolP256r1_SHA512.class starting
/org/bouncycastle/jcajce/provider/asymmetric/compositesignatures/KeyPairGeneratorSpi$MLDSA65_ECDSA_brainpoolP256r1_SHA512.class DONE
/com/google/common/reflect/TypeToken$Bounds.class starting
/com/google/common/reflect/TypeToken$Bounds.class DONE
/org/apache/lucene/store/IndexInput$1.class starting
/org/apache/lucene/store/IndexInput$1.class DONE
/net/bytebuddy/dynamic/loading/ClassInjector$UsingReflection$Dispatcher$Initializable.class starting
/net/bytebuddy/dynamic/loading/ClassInjector$UsingReflection$Dispatcher$Initializable.class DONE
/org/apache/lucene/util/ModuleResourceLoader.class starting
/org/apache/lucene/util/ModuleResourceLoader.class DONE
/org/bouncycastle/pqc/jcajce/provider/falcon/SignatureSpi$Base.class starting
/org/bouncycastle/pqc/jcajce/provider/falcon/SignatureSpi$Base.class DONE
/org/apache/lucene/index/FreqProxFields$FreqProxTermsEnum$1.class starting
/org/apache/lucene/index/FreqProxFields$FreqProxTermsEnum$1.class DONE
/org/bouncycastle/jcajce/provider/digest/Whirlpool$KeyGenerator.class starting
/org/bouncycastle/jcajce/provider/digest/Whirlpool$KeyGenerator.class DONE
/net/bytebuddy/implementation/HashCodeMethod$ValueTransformer$7.class starting
/net/bytebuddy/implementation/HashCodeMethod$ValueTransformer$7.class DONE
/com/google/common/collect/MultimapBuilder$2.class starting
/com/google/common/collect/MultimapBuilder$2.class DONE
/com/google/common/base/Platform.class starting
/com/google/common/base/Platform.class DONE
/org/bouncycastle/jcajce/provider/asymmetric/rsa/PSSSignatureSpi$SHA512withRSA.class starting
/org/bouncycastle/jcajce/provider/asymmetric/rsa/PSSSignatureSpi$SHA512withRSA.class DONE
/com/google/common/net/HttpHeaders.class starting
/com/google/common/net/HttpHeaders.class DONE
/org/bouncycastle/pqc/crypto/falcon/FalconSmallPrime.class starting
/org/bouncycastle/pqc/crypto/falcon/FalconSmallPrime.class DONE
/net/bytebuddy/implementation/bind/annotation/Morph$Binder$RedirectionProxy$InstanceFieldConstructor$Appender.class starting
/net/bytebuddy/implementation/bind/annotation/Morph$Binder$RedirectionProxy$InstanceFieldConstructor$Appender.class DONE
/net/bytebuddy/implementation/InvocationHandlerAdapter.class starting
/net/bytebuddy/implementation/InvocationHandlerAdapter.class DONE
/org/bouncycastle/crypto/modes/NISTCTSBlockCipher.class starting
/org/bouncycastle/crypto/modes/NISTCTSBlockCipher.class DONE
/org/bouncycastle/jcajce/provider/digest/Skein$HMacKeyGenerator_512_384.class starting
/org/bouncycastle/jcajce/provider/digest/Skein$HMacKeyGenerator_512_384.class DONE
/org/bouncycastle/pqc/legacy/crypto/mceliece/McEliecePrivateKeyParameters.class starting
/org/bouncycastle/pqc/legacy/crypto/mceliece/McEliecePrivateKeyParameters.class DONE
/org/bouncycastle/x509/X509CRLStoreSelector.class starting
/org/bouncycastle/x509/X509CRLStoreSelector.class DONE
/org/apache/lucene/util/fst/Util$FSTPath.class starting
/org/apache/lucene/util/fst/Util$FSTPath.class DONE
/org/apache/lucene/search/LongValuesSource$LongValuesComparatorSource.class starting
/org/apache/lucene/search/LongValuesSource$LongValuesComparatorSource.class DONE
/net/bytebuddy/description/type/TypeDescription$Generic$OfParameterizedType$Latent.class starting
/net/bytebuddy/description/type/TypeDescription$Generic$OfParameterizedType$Latent.class DONE
/org/bouncycastle/pqc/crypto/util/PublicKeyFactory$LMSConverter.class starting
/org/bouncycastle/pqc/crypto/util/PublicKeyFactory$LMSConverter.class DONE
/org/bouncycastle/crypto/util/SSHNamedCurves$3.class starting
/org/bouncycastle/crypto/util/SSHNamedCurves$3.class DONE
/com/google/common/io/LineProcessor.class starting
/com/google/common/io/LineProcessor.class DONE
/org/bouncycastle/pqc/legacy/math/linearalgebra/GF2Matrix.class starting
/org/bouncycastle/pqc/legacy/math/linearalgebra/GF2Matrix.class DONE
/com/google/common/cache/LongAddables.class starting
/com/google/common/cache/LongAddables.class DONE
/org/bouncycastle/jcajce/provider/symmetric/CAST5$CBC.class starting
/org/bouncycastle/jcajce/provider/symmetric/CAST5$CBC.class DONE
/org/bouncycastle/jcajce/provider/symmetric/HC128$KeyGen.class starting
/org/bouncycastle/jcajce/provider/symmetric/HC128$KeyGen.class DONE
/org/bouncycastle/pqc/crypto/xmss/XMSSMTPrivateKeyParameters$Builder.class starting
/org/bouncycastle/pqc/crypto/xmss/XMSSMTPrivateKeyParameters$Builder.class DONE
/org/bouncycastle/jcajce/provider/asymmetric/ec/KeyAgreementSpi$DHUwithSHA224KDF.class starting
/org/bouncycastle/jcajce/provider/asymmetric/ec/KeyAgreementSpi$DHUwithSHA224KDF.class DONE
/org/apache/lucene/document/FloatPoint$2.class starting
/org/apache/lucene/document/FloatPoint$2.class DONE
/org/apache/lucene/index/SortedNumericDocValuesWriter.class starting
/org/apache/lucene/index/SortedNumericDocValuesWriter.class DONE
/org/bouncycastle/pqc/math/ntru/parameters/NTRUHPS2048509.class starting
/org/bouncycastle/pqc/math/ntru/parameters/NTRUHPS2048509.class DONE
/net/bytebuddy/implementation/bytecode/ByteCodeAppender$Compound.class starting
/net/bytebuddy/implementation/bytecode/ByteCodeAppender$Compound.class DONE
/com/google/common/collect/Maps$AsMapView$1EntrySetImpl.class starting
/com/google/common/collect/Maps$AsMapView$1EntrySetImpl.class DONE
/org/apache/lucene/search/TopDocsCollector.class starting
/org/apache/lucene/search/TopDocsCollector.class DONE
/net/bytebuddy/asm/Advice$Dispatcher$Resolved$AbstractBase.class starting
/net/bytebuddy/asm/Advice$Dispatcher$Resolved$AbstractBase.class DONE
/org/bouncycastle/jcajce/provider/asymmetric/ec/BCECPrivateKey.class starting
/org/bouncycastle/jce/provider/RFC3280CertPathUtilities.class DONE
/org/bouncycastle/math/ec/custom/sec/SecP384R1FieldElement.class starting
/org/bouncycastle/math/ec/custom/sec/SecP384R1FieldElement.class DONE
/org/bouncycastle/crypto/engines/SparkleEngine$1.class starting
/org/bouncycastle/crypto/engines/SparkleEngine$1.class DONE
/org/bouncycastle/asn1/sec/SECNamedCurves$17.class starting
/org/bouncycastle/asn1/sec/SECNamedCurves$17.class DONE
/com/google/common/collect/AbstractMapBasedMultiset$2$1.class starting
/com/google/common/collect/AbstractMapBasedMultiset$2$1.class DONE
/net/bytebuddy/asm/Advice$OffsetMapping.class starting
/net/bytebuddy/asm/Advice$OffsetMapping.class DONE
/org/bouncycastle/asn1/ASN1ObjectDescriptor$1.class starting
/org/bouncycastle/asn1/ASN1ObjectDescriptor$1.class DONE
/net/bytebuddy/implementation/bind/annotation/AllArguments.class starting
/net/bytebuddy/implementation/bind/annotation/AllArguments.class DONE
/com/google/common/cache/LocalCache$EntryFactory$2.class starting
/com/google/common/cache/LocalCache$EntryFactory$2.class DONE
/org/apache/lucene/search/ImpactsDISI.class starting
/org/apache/lucene/search/ImpactsDISI.class DONE
/net/bytebuddy/build/EntryPoint$Default.class starting
/net/bytebuddy/build/EntryPoint$Default.class DONE
/org/apache/lucene/search/similarities/MultiSimilarity.class starting
/org/apache/lucene/search/similarities/MultiSimilarity.class DONE
/org/apache/lucene/document/LatLonPointDistanceQuery.class starting
/org/apache/lucene/document/LatLonPointDistanceQuery.class DONE
/com/google/common/util/concurrent/AbstractFuture$Listener.class starting
/com/google/common/util/concurrent/AbstractFuture$Listener.class DONE
/net/bytebuddy/dynamic/VisibilityBridgeStrategy$Default$2.class starting
/net/bytebuddy/dynamic/VisibilityBridgeStrategy$Default$2.class DONE
/org/apache/lucene/index/TermVectorsConsumerPerField$TermVectorsPostingsArray.class starting
/org/apache/lucene/index/TermVectorsConsumerPerField$TermVectorsPostingsArray.class DONE
/org/apache/lucene/internal/hppc/LongIntHashMap$LongIntCursor.class starting
/org/apache/lucene/internal/hppc/LongIntHashMap$LongIntCursor.class DONE
/org/apache/lucene/codecs/lucene90/Lucene90PointsFormat.class starting
/org/apache/lucene/codecs/lucene90/Lucene90PointsFormat.class DONE
/org/apache/lucene/util/automaton/MinimizationOperations$IntPair.class starting
/org/apache/lucene/util/automaton/MinimizationOperations$IntPair.class DONE
/com/google/common/hash/Hashing.class starting
/com/google/common/hash/Hashing.class DONE
/org/bouncycastle/jcajce/spec/SkeinParameterSpec.class starting
/org/bouncycastle/jcajce/spec/SkeinParameterSpec.class DONE
/net/bytebuddy/agent/builder/AgentBuilder$RedefinitionStrategy$Listener$Adapter.class starting
/net/bytebuddy/agent/builder/AgentBuilder$RedefinitionStrategy$Listener$Adapter.class DONE
/net/bytebuddy/jar/asm/RecordComponentWriter.class starting
/net/bytebuddy/jar/asm/RecordComponentWriter.class DONE
/com/google/common/collect/Multisets$4.class starting
/com/google/common/collect/Multisets$4.class DONE
/org/apache/lucene/index/BaseTermsEnum$1.class starting
/org/apache/lucene/index/BaseTermsEnum$1.class DONE
/net/bytebuddy/utility/dispatcher/JavaDispatcher$Dispatcher.class starting
/net/bytebuddy/utility/dispatcher/JavaDispatcher$Dispatcher.class DONE
/org/bouncycastle/asn1/ocsp/OCSPRequest.class starting
/org/apache/lucene/codecs/KnnVectorsWriter$ByteVectorValuesSub.class starting
/org/apache/lucene/codecs/KnnVectorsWriter$ByteVectorValuesSub.class DONE
/net/bytebuddy/asm/ClassVisitorFactory$FrameTranslator.class starting
/net/bytebuddy/asm/ClassVisitorFactory$FrameTranslator.class DONE
/com/google/common/collect/TreeTraverser.class starting
/com/google/common/collect/TreeTraverser.class DONE
/org/bouncycastle/jcajce/provider/asymmetric/CompositeSignatures.class starting
/org/bouncycastle/jcajce/provider/asymmetric/CompositeSignatures.class DONE
/org/bouncycastle/jcajce/BCFKSLoadStoreParameter$SignatureAlgorithm.class starting
/org/bouncycastle/jcajce/BCFKSLoadStoreParameter$SignatureAlgorithm.class DONE
/com/google/common/graph/AbstractBaseGraph$1.class starting
/com/google/common/graph/AbstractBaseGraph$1.class DONE
/net/bytebuddy/implementation/bytecode/member/FieldAccess$AccessDispatcher$FieldPutInstruction.class starting
/net/bytebuddy/implementation/bytecode/member/FieldAccess$AccessDispatcher$FieldPutInstruction.class DONE
/org/apache/lucene/index/ConcurrentMergeScheduler.class starting
/org/apache/lucene/index/ConcurrentMergeScheduler.class DONE
/org/bouncycastle/pqc/asn1/PQCObjectIdentifiers.class starting
/org/bouncycastle/pqc/asn1/PQCObjectIdentifiers.class DONE
/org/bouncycastle/jcajce/provider/digest/SHA3$Mappings.class starting
/org/bouncycastle/jcajce/provider/digest/SHA3$Mappings.class DONE
/com/google/common/collect/CollectSpliterators.class starting
/com/google/common/collect/CollectSpliterators.class DONE
/net/bytebuddy/agent/builder/AgentBuilder$PoolStrategy$Default.class starting
/net/bytebuddy/agent/builder/AgentBuilder$PoolStrategy$Default.class DONE
/net/bytebuddy/asm/Advice$AssignReturned$ToReturned$Handler.class starting
/net/bytebuddy/asm/Advice$AssignReturned$ToReturned$Handler.class DONE
/org/bouncycastle/asn1/ocsp/OCSPRequest.class DONE
/org/bouncycastle/jcajce/provider/asymmetric/ec/BCECPrivateKey.class DONE
/org/bouncycastle/math/ec/custom/gm/SM2P256V1FieldElement.class starting
/org/apache/lucene/document/XYShapeDocValues.class starting
/org/bouncycastle/math/ec/custom/gm/SM2P256V1FieldElement.class DONE
/org/apache/lucene/document/XYShapeDocValues.class DONE
/org/bouncycastle/jcajce/provider/asymmetric/rsa/PSSSignatureSpi$SHA512withRSA.class starting
/org/bouncycastle/jcajce/provider/asymmetric/rsa/PSSSignatureSpi$SHA512withRSA.class DONE
/org/bouncycastle/pqc/crypto/xmss/XMSSMTPrivateKeyParameters$Builder.class starting
/org/bouncycastle/jce/provider/RFC3280CertPathUtilities.class starting
/org/bouncycastle/jce/provider/RFC3280CertPathUtilities.class DONE
/org/bouncycastle/pqc/crypto/xmss/XMSSMTPrivateKeyParameters$Builder.class DONE
/org/apache/lucene/codecs/lucene90/Lucene90PointsFormat.class starting
/org/apache/lucene/document/XYShapeDocValues.class starting
/org/bouncycastle/math/ec/custom/gm/SM2P256V1FieldElement.class starting
/org/apache/lucene/document/XYShapeDocValues.class DONE
/org/bouncycastle/math/ec/custom/gm/SM2P256V1FieldElement.class DONE
/org/bouncycastle/math/ec/custom/gm/SM2P256V1FieldElement.class starting
/org/bouncycastle/math/ec/custom/gm/SM2P256V1FieldElement.class DONE
/org/bouncycastle/math/ec/custom/gm/SM2P256V1FieldElement.class starting
/org/apache/lucene/codecs/lucene90/Lucene90PointsFormat.class DONE
/org/bouncycastle/jce/provider/RFC3280CertPathUtilities.class starting
/org/bouncycastle/math/ec/custom/gm/SM2P256V1FieldElement.class DONE
/org/bouncycastle/pqc/crypto/xmss/XMSSMTPrivateKeyParameters$Builder.class starting
/org/bouncycastle/jce/provider/RFC3280CertPathUtilities.class DONE
/org/bouncycastle/math/ec/custom/gm/SM2P256V1FieldElement.class starting
/org/bouncycastle/pqc/crypto/xmss/XMSSMTPrivateKeyParameters$Builder.class DONE
/org/apache/lucene/document/LatLonPointDistanceQuery.class starting
/org/bouncycastle/math/ec/custom/gm/SM2P256V1FieldElement.class DONE
/org/bouncycastle/math/ec/custom/gm/SM2P256V1FieldElement.class starting
/org/apache/lucene/document/LatLonPointDistanceQuery.class DONE
/org/bouncycastle/math/ec/custom/gm/SM2P256V1FieldElement.class DONE
/org/bouncycastle/math/ec/custom/sec/SecP384R1FieldElement.class starting
/org/bouncycastle/math/ec/custom/sec/SecP384R1FieldElement.class DONE
/org/bouncycastle/math/ec/custom/gm/SM2P256V1FieldElement.class starting
/org/bouncycastle/math/ec/custom/gm/SM2P256V1FieldElement.class DONE
/org/bouncycastle/math/ec/custom/gm/SM2P256V1FieldElement.class starting
/org/bouncycastle/math/ec/custom/gm/SM2P256V1FieldElement.class DONE
/org/bouncycastle/math/ec/custom/gm/SM2P256V1FieldElement.class starting
/org/bouncycastle/math/ec/custom/gm/SM2P256V1FieldElement.class DONE
/org/bouncycastle/math/ec/custom/gm/SM2P256V1FieldElement.class starting
/org/bouncycastle/math/ec/custom/gm/SM2P256V1FieldElement.class DONE
/org/bouncycastle/math/ec/custom/gm/SM2P256V1FieldElement.class starting
/org/bouncycastle/math/ec/custom/gm/SM2P256V1FieldElement.class DONE
/org/bouncycastle/math/ec/custom/gm/SM2P256V1FieldElement.class starting
/org/bouncycastle/math/ec/custom/gm/SM2P256V1FieldElement.class DONE
/org/bouncycastle/math/ec/custom/gm/SM2P256V1FieldElement.class starting
/org/bouncycastle/math/ec/custom/gm/SM2P256V1FieldElement.class DONE
/org/bouncycastle/math/ec/custom/gm/SM2P256V1FieldElement.class starting
/org/bouncycastle/math/ec/custom/gm/SM2P256V1FieldElement.class DONE
/org/bouncycastle/math/ec/custom/gm/SM2P256V1FieldElement.class starting
/org/bouncycastle/math/ec/custom/gm/SM2P256V1FieldElement.class DONE
/org/bouncycastle/math/ec/custom/gm/SM2P256V1FieldElement.class starting
/org/bouncycastle/math/ec/custom/gm/SM2P256V1FieldElement.class DONE
/org/bouncycastle/math/ec/custom/gm/SM2P256V1FieldElement.class starting
/org/bouncycastle/math/ec/custom/gm/SM2P256V1FieldElement.class DONE
/org/bouncycastle/math/ec/custom/gm/SM2P256V1FieldElement.class starting
/org/bouncycastle/math/ec/custom/gm/SM2P256V1FieldElement.class DONE
/org/bouncycastle/math/ec/custom/gm/SM2P256V1FieldElement.class starting
/org/bouncycastle/math/ec/custom/gm/SM2P256V1FieldElement.class DONE
/org/bouncycastle/math/ec/custom/gm/SM2P256V1FieldElement.class starting
/org/bouncycastle/math/ec/custom/gm/SM2P256V1FieldElement.class DONE
/org/bouncycastle/math/ec/custom/gm/SM2P256V1FieldElement.class starting
/org/bouncycastle/math/ec/custom/gm/SM2P256V1FieldElement.class DONE
/org/bouncycastle/math/ec/custom/gm/SM2P256V1FieldElement.class starting
/org/bouncycastle/math/ec/custom/gm/SM2P256V1FieldElement.class DONE
/org/bouncycastle/math/ec/custom/gm/SM2P256V1FieldElement.class starting
/org/bouncycastle/math/ec/custom/gm/SM2P256V1FieldElement.class DONE
/org/bouncycastle/math/ec/custom/gm/SM2P256V1FieldElement.class starting
/org/bouncycastle/math/ec/custom/gm/SM2P256V1FieldElement.class DONE
/org/bouncycastle/math/ec/custom/gm/SM2P256V1FieldElement.class starting
/org/bouncycastle/math/ec/custom/gm/SM2P256V1FieldElement.class DONE
/org/bouncycastle/math/ec/custom/gm/SM2P256V1FieldElement.class starting
/org/bouncycastle/math/ec/custom/gm/SM2P256V1FieldElement.class DONE
/org/bouncycastle/math/ec/custom/gm/SM2P256V1FieldElement.class starting
/org/bouncycastle/math/ec/custom/gm/SM2P256V1FieldElement.class DONE
/org/bouncycastle/math/ec/custom/gm/SM2P256V1FieldElement.class starting
/org/bouncycastle/math/ec/custom/gm/SM2P256V1FieldElement.class DONE
/org/bouncycastle/math/ec/custom/gm/SM2P256V1FieldElement.class starting
/org/bouncycastle/math/ec/custom/gm/SM2P256V1FieldElement.class DONE
/org/bouncycastle/math/ec/custom/gm/SM2P256V1FieldElement.class starting
/org/bouncycastle/math/ec/custom/gm/SM2P256V1FieldElement.class DONE
/org/bouncycastle/math/ec/custom/gm/SM2P256V1FieldElement.class starting
/org/bouncycastle/math/ec/custom/gm/SM2P256V1FieldElement.class DONE
/org/bouncycastle/math/ec/custom/gm/SM2P256V1FieldElement.class starting
/org/bouncycastle/math/ec/custom/gm/SM2P256V1FieldElement.class DONE
/org/bouncycastle/math/ec/custom/gm/SM2P256V1FieldElement.class starting
/org/bouncycastle/math/ec/custom/gm/SM2P256V1FieldElement.class DONE
/org/bouncycastle/math/ec/custom/gm/SM2P256V1FieldElement.class starting
/org/bouncycastle/math/ec/custom/gm/SM2P256V1FieldElement.class DONE
/org/bouncycastle/math/ec/custom/gm/SM2P256V1FieldElement.class starting
/org/bouncycastle/math/ec/custom/gm/SM2P256V1FieldElement.class DONE
/org/bouncycastle/math/ec/custom/gm/SM2P256V1FieldElement.class starting
/org/bouncycastle/math/ec/custom/gm/SM2P256V1FieldElement.class DONE
/org/bouncycastle/math/ec/custom/gm/SM2P256V1FieldElement.class starting
/org/bouncycastle/math/ec/custom/gm/SM2P256V1FieldElement.class DONE
/org/bouncycastle/math/ec/custom/gm/SM2P256V1FieldElement.class starting
/org/bouncycastle/math/ec/custom/gm/SM2P256V1FieldElement.class DONE
/org/bouncycastle/math/ec/custom/gm/SM2P256V1FieldElement.class starting
/org/bouncycastle/math/ec/custom/gm/SM2P256V1FieldElement.class DONE
/org/bouncycastle/math/ec/custom/gm/SM2P256V1FieldElement.class starting
/org/bouncycastle/math/ec/custom/gm/SM2P256V1FieldElement.class DONE
/org/bouncycastle/math/ec/custom/gm/SM2P256V1FieldElement.class starting
/org/bouncycastle/math/ec/custom/gm/SM2P256V1FieldElement.class DONE
/org/bouncycastle/math/ec/custom/gm/SM2P256V1FieldElement.class starting
/org/bouncycastle/math/ec/custom/gm/SM2P256V1FieldElement.class DONE
/org/bouncycastle/math/ec/custom/gm/SM2P256V1FieldElement.class starting
/org/bouncycastle/math/ec/custom/gm/SM2P256V1FieldElement.class DONE
/org/bouncycastle/math/ec/custom/gm/SM2P256V1FieldElement.class starting
/org/bouncycastle/math/ec/custom/gm/SM2P256V1FieldElement.class DONE
/org/bouncycastle/math/ec/custom/gm/SM2P256V1FieldElement.class starting
/org/bouncycastle/math/ec/custom/gm/SM2P256V1FieldElement.class DONE
/org/bouncycastle/math/ec/custom/gm/SM2P256V1FieldElement.class starting
/org/bouncycastle/math/ec/custom/gm/SM2P256V1FieldElement.class DONE
/org/bouncycastle/math/ec/custom/gm/SM2P256V1FieldElement.class starting
/org/bouncycastle/math/ec/custom/gm/SM2P256V1FieldElement.class DONE
/org/bouncycastle/math/ec/custom/gm/SM2P256V1FieldElement.class starting
/org/bouncycastle/math/ec/custom/gm/SM2P256V1FieldElement.class DONE
/org/bouncycastle/math/ec/custom/gm/SM2P256V1FieldElement.class starting
/org/bouncycastle/math/ec/custom/gm/SM2P256V1FieldElement.class DONE
/org/bouncycastle/math/ec/custom/gm/SM2P256V1FieldElement.class starting
/org/bouncycastle/math/ec/custom/gm/SM2P256V1FieldElement.class DONE
/org/bouncycastle/math/ec/custom/gm/SM2P256V1FieldElement.class starting
/org/bouncycastle/math/ec/custom/gm/SM2P256V1FieldElement.class DONE
/org/bouncycastle/math/ec/custom/gm/SM2P256V1FieldElement.class starting
/org/bouncycastle/math/ec/custom/gm/SM2P256V1FieldElement.class DONE
/org/bouncycastle/math/ec/custom/gm/SM2P256V1FieldElement.class starting
/org/bouncycastle/math/ec/custom/gm/SM2P256V1FieldElement.class DONE
/org/bouncycastle/math/ec/custom/gm/SM2P256V1FieldElement.class starting
/org/bouncycastle/math/ec/custom/gm/SM2P256V1FieldElement.class DONE
/org/bouncycastle/math/ec/custom/gm/SM2P256V1FieldElement.class starting
/org/bouncycastle/math/ec/custom/gm/SM2P256V1FieldElement.class DONE
/org/bouncycastle/math/ec/custom/gm/SM2P256V1FieldElement.class starting
/org/bouncycastle/math/ec/custom/gm/SM2P256V1FieldElement.class DONE
/org/bouncycastle/math/ec/custom/gm/SM2P256V1FieldElement.class starting
/org/bouncycastle/math/ec/custom/gm/SM2P256V1FieldElement.class DONE
/org/bouncycastle/math/ec/custom/gm/SM2P256V1FieldElement.class starting
/org/bouncycastle/math/ec/custom/gm/SM2P256V1FieldElement.class DONE
/org/bouncycastle/math/ec/custom/gm/SM2P256V1FieldElement.class starting
/org/bouncycastle/math/ec/custom/gm/SM2P256V1FieldElement.class DONE
/org/bouncycastle/math/ec/custom/gm/SM2P256V1FieldElement.class starting
/org/bouncycastle/math/ec/custom/gm/SM2P256V1FieldElement.class DONE
/org/bouncycastle/math/ec/custom/gm/SM2P256V1FieldElement.class starting
/org/bouncycastle/math/ec/custom/gm/SM2P256V1FieldElement.class DONE
/org/bouncycastle/math/ec/custom/gm/SM2P256V1FieldElement.class starting
/org/bouncycastle/math/ec/custom/gm/SM2P256V1FieldElement.class DONE
/org/bouncycastle/math/ec/custom/gm/SM2P256V1FieldElement.class starting
/org/bouncycastle/math/ec/custom/gm/SM2P256V1FieldElement.class DONE
/org/bouncycastle/math/ec/custom/gm/SM2P256V1FieldElement.class starting
/org/bouncycastle/math/ec/custom/gm/SM2P256V1FieldElement.class DONE
/org/bouncycastle/math/ec/custom/gm/SM2P256V1FieldElement.class starting
/org/bouncycastle/math/ec/custom/gm/SM2P256V1FieldElement.class DONE
/org/bouncycastle/math/ec/custom/gm/SM2P256V1FieldElement.class starting
/org/bouncycastle/math/ec/custom/gm/SM2P256V1FieldElement.class DONE
/org/bouncycastle/math/ec/custom/gm/SM2P256V1FieldElement.class starting
/org/bouncycastle/math/ec/custom/gm/SM2P256V1FieldElement.class DONE
/org/bouncycastle/math/ec/custom/gm/SM2P256V1FieldElement.class starting
/org/bouncycastle/math/ec/custom/gm/SM2P256V1FieldElement.class DONE
/org/bouncycastle/math/ec/custom/gm/SM2P256V1FieldElement.class starting
/org/bouncycastle/math/ec/custom/gm/SM2P256V1FieldElement.class DONE
/org/bouncycastle/math/ec/custom/gm/SM2P256V1FieldElement.class starting
/org/bouncycastle/math/ec/custom/gm/SM2P256V1FieldElement.class DONE
/org/bouncycastle/math/ec/custom/gm/SM2P256V1FieldElement.class starting
/org/bouncycastle/math/ec/custom/gm/SM2P256V1FieldElement.class DONE
/org/bouncycastle/math/ec/custom/gm/SM2P256V1FieldElement.class starting
/org/bouncycastle/math/ec/custom/gm/SM2P256V1FieldElement.class DONE
/org/bouncycastle/math/ec/custom/gm/SM2P256V1FieldElement.class starting
/org/bouncycastle/math/ec/custom/gm/SM2P256V1FieldElement.class DONE
/org/bouncycastle/math/ec/custom/gm/SM2P256V1FieldElement.class starting
/org/bouncycastle/math/ec/custom/gm/SM2P256V1FieldElement.class DONE
/org/bouncycastle/math/ec/custom/gm/SM2P256V1FieldElement.class starting
/org/bouncycastle/math/ec/custom/gm/SM2P256V1FieldElement.class DONE
/org/bouncycastle/math/ec/custom/gm/SM2P256V1FieldElement.class starting
/org/bouncycastle/math/ec/custom/gm/SM2P256V1FieldElement.class DONE
/org/bouncycastle/math/ec/custom/gm/SM2P256V1FieldElement.class starting
/org/bouncycastle/math/ec/custom/gm/SM2P256V1FieldElement.class DONE
/org/bouncycastle/math/ec/custom/gm/SM2P256V1FieldElement.class starting
/org/bouncycastle/math/ec/custom/gm/SM2P256V1FieldElement.class DONE
/org/bouncycastle/math/ec/custom/gm/SM2P256V1FieldElement.class starting
/org/bouncycastle/math/ec/custom/gm/SM2P256V1FieldElement.class DONE
/org/bouncycastle/math/ec/custom/gm/SM2P256V1FieldElement.class starting
/org/bouncycastle/math/ec/custom/gm/SM2P256V1FieldElement.class DONE
/org/bouncycastle/math/ec/custom/gm/SM2P256V1FieldElement.class starting
/org/bouncycastle/math/ec/custom/gm/SM2P256V1FieldElement.class DONE
/org/bouncycastle/math/ec/custom/gm/SM2P256V1FieldElement.class starting
/org/bouncycastle/math/ec/custom/gm/SM2P256V1FieldElement.class DONE
/org/bouncycastle/math/ec/custom/gm/SM2P256V1FieldElement.class starting
/org/bouncycastle/math/ec/custom/gm/SM2P256V1FieldElement.class DONE
/org/bouncycastle/math/ec/custom/gm/SM2P256V1FieldElement.class starting
/org/bouncycastle/math/ec/custom/gm/SM2P256V1FieldElement.class DONE
/org/bouncycastle/math/ec/custom/gm/SM2P256V1FieldElement.class starting
/org/bouncycastle/math/ec/custom/gm/SM2P256V1FieldElement.class DONE
/org/bouncycastle/math/ec/custom/gm/SM2P256V1FieldElement.class starting
/org/bouncycastle/math/ec/custom/gm/SM2P256V1FieldElement.class DONE
/org/bouncycastle/math/ec/custom/gm/SM2P256V1FieldElement.class starting
/org/bouncycastle/math/ec/custom/gm/SM2P256V1FieldElement.class DONE
/org/bouncycastle/math/ec/custom/gm/SM2P256V1FieldElement.class starting
/org/bouncycastle/math/ec/custom/gm/SM2P256V1FieldElement.class DONE
/org/bouncycastle/math/ec/custom/gm/SM2P256V1FieldElement.class starting
/org/bouncycastle/math/ec/custom/gm/SM2P256V1FieldElement.class DONE
/org/bouncycastle/math/ec/custom/gm/SM2P256V1FieldElement.class starting
/org/bouncycastle/math/ec/custom/gm/SM2P256V1FieldElement.class DONE
/org/bouncycastle/math/ec/custom/gm/SM2P256V1FieldElement.class starting
/org/bouncycastle/math/ec/custom/gm/SM2P256V1FieldElement.class DONE
/org/bouncycastle/math/ec/custom/gm/SM2P256V1FieldElement.class starting
/org/bouncycastle/math/ec/custom/gm/SM2P256V1FieldElement.class DONE
/org/bouncycastle/math/ec/custom/gm/SM2P256V1FieldElement.class starting
/org/bouncycastle/math/ec/custom/gm/SM2P256V1FieldElement.class DONE
/org/bouncycastle/math/ec/custom/gm/SM2P256V1FieldElement.class starting
/org/bouncycastle/math/ec/custom/gm/SM2P256V1FieldElement.class DONE
/org/bouncycastle/math/ec/custom/gm/SM2P256V1FieldElement.class starting
/org/bouncycastle/math/ec/custom/gm/SM2P256V1FieldElement.class DONE
/org/bouncycastle/math/ec/custom/gm/SM2P256V1FieldElement.class starting
/org/bouncycastle/math/ec/custom/gm/SM2P256V1FieldElement.class DONE
/org/bouncycastle/math/ec/custom/gm/SM2P256V1FieldElement.class starting
/org/bouncycastle/math/ec/custom/gm/SM2P256V1FieldElement.class DONE
/org/bouncycastle/math/ec/custom/gm/SM2P256V1FieldElement.class starting
/org/bouncycastle/math/ec/custom/gm/SM2P256V1FieldElement.class DONE
/org/bouncycastle/math/ec/custom/gm/SM2P256V1FieldElement.class starting
/org/bouncycastle/math/ec/custom/gm/SM2P256V1FieldElement.class DONE
/org/bouncycastle/math/ec/custom/gm/SM2P256V1FieldElement.class starting
/org/bouncycastle/math/ec/custom/gm/SM2P256V1FieldElement.class DONE
/org/bouncycastle/math/ec/custom/gm/SM2P256V1FieldElement.class starting
/org/bouncycastle/math/ec/custom/gm/SM2P256V1FieldElement.class DONE
/org/bouncycastle/math/ec/custom/gm/SM2P256V1FieldElement.class starting
/org/bouncycastle/math/ec/custom/gm/SM2P256V1FieldElement.class DONE
/org/bouncycastle/math/ec/custom/gm/SM2P256V1FieldElement.class starting
/org/bouncycastle/math/ec/custom/gm/SM2P256V1FieldElement.class DONE
/org/bouncycastle/math/ec/custom/gm/SM2P256V1FieldElement.class starting
/org/bouncycastle/math/ec/custom/gm/SM2P256V1FieldElement.class DONE
/org/bouncycastle/math/ec/custom/gm/SM2P256V1FieldElement.class starting
/org/bouncycastle/math/ec/custom/gm/SM2P256V1FieldElement.class DONE
/org/bouncycastle/math/ec/custom/gm/SM2P256V1FieldElement.class starting
/org/bouncycastle/math/ec/custom/gm/SM2P256V1FieldElement.class DONE
/org/bouncycastle/math/ec/custom/gm/SM2P256V1FieldElement.class starting
/org/bouncycastle/math/ec/custom/gm/SM2P256V1FieldElement.class DONE
/org/bouncycastle/math/ec/custom/gm/SM2P256V1FieldElement.class starting
/org/bouncycastle/math/ec/custom/gm/SM2P256V1FieldElement.class DONE
/org/bouncycastle/math/ec/custom/gm/SM2P256V1FieldElement.class starting
/org/bouncycastle/math/ec/custom/gm/SM2P256V1FieldElement.class DONE
/org/bouncycastle/math/ec/custom/gm/SM2P256V1FieldElement.class starting
/org/bouncycastle/math/ec/custom/gm/SM2P256V1FieldElement.class DONE
/org/bouncycastle/math/ec/custom/gm/SM2P256V1FieldElement.class starting
/org/bouncycastle/math/ec/custom/gm/SM2P256V1FieldElement.class DONE
/org/bouncycastle/math/ec/custom/gm/SM2P256V1FieldElement.class starting
/org/bouncycastle/math/ec/custom/gm/SM2P256V1FieldElement.class DONE
/org/bouncycastle/math/ec/custom/gm/SM2P256V1FieldElement.class starting
/org/bouncycastle/math/ec/custom/gm/SM2P256V1FieldElement.class DONE
/org/bouncycastle/math/ec/custom/gm/SM2P256V1FieldElement.class starting
/org/bouncycastle/math/ec/custom/gm/SM2P256V1FieldElement.class DONE
/org/bouncycastle/math/ec/custom/gm/SM2P256V1FieldElement.class starting
/org/bouncycastle/math/ec/custom/gm/SM2P256V1FieldElement.class DONE
/org/bouncycastle/math/ec/custom/gm/SM2P256V1FieldElement.class starting
/org/bouncycastle/math/ec/custom/gm/SM2P256V1FieldElement.class DONE
/org/bouncycastle/math/ec/custom/gm/SM2P256V1FieldElement.class starting
/org/bouncycastle/math/ec/custom/gm/SM2P256V1FieldElement.class DONE
/org/bouncycastle/math/ec/custom/gm/SM2P256V1FieldElement.class starting
/org/bouncycastle/math/ec/custom/gm/SM2P256V1FieldElement.class DONE
/org/bouncycastle/math/ec/custom/gm/SM2P256V1FieldElement.class starting
/org/bouncycastle/math/ec/custom/gm/SM2P256V1FieldElement.class DONE
/org/bouncycastle/math/ec/custom/gm/SM2P256V1FieldElement.class starting
/org/bouncycastle/math/ec/custom/gm/SM2P256V1FieldElement.class DONE
/org/bouncycastle/math/ec/custom/gm/SM2P256V1FieldElement.class starting
/org/bouncycastle/math/ec/custom/gm/SM2P256V1FieldElement.class DONE
/org/bouncycastle/math/ec/custom/gm/SM2P256V1FieldElement.class starting
/org/bouncycastle/math/ec/custom/gm/SM2P256V1FieldElement.class DONE
/org/bouncycastle/math/ec/custom/gm/SM2P256V1FieldElement.class starting
/org/bouncycastle/math/ec/custom/gm/SM2P256V1FieldElement.class DONE
/org/bouncycastle/math/ec/custom/gm/SM2P256V1FieldElement.class starting
/org/bouncycastle/math/ec/custom/gm/SM2P256V1FieldElement.class DONE
/org/bouncycastle/math/ec/custom/gm/SM2P256V1FieldElement.class starting
/org/bouncycastle/math/ec/custom/gm/SM2P256V1FieldElement.class DONE
/org/bouncycastle/math/ec/custom/gm/SM2P256V1FieldElement.class starting
/org/bouncycastle/math/ec/custom/gm/SM2P256V1FieldElement.class DONE
/org/bouncycastle/math/ec/custom/gm/SM2P256V1FieldElement.class starting
/org/bouncycastle/math/ec/custom/gm/SM2P256V1FieldElement.class DONE
/org/bouncycastle/math/ec/custom/gm/SM2P256V1FieldElement.class starting
/org/bouncycastle/math/ec/custom/gm/SM2P256V1FieldElement.class DONE
/org/bouncycastle/math/ec/custom/gm/SM2P256V1FieldElement.class starting
/org/bouncycastle/math/ec/custom/gm/SM2P256V1FieldElement.class DONE
/org/bouncycastle/math/ec/custom/gm/SM2P256V1FieldElement.class starting
/org/bouncycastle/math/ec/custom/gm/SM2P256V1FieldElement.class DONE
/org/bouncycastle/math/ec/custom/gm/SM2P256V1FieldElement.class starting
/org/bouncycastle/math/ec/custom/gm/SM2P256V1FieldElement.class DONE
/org/bouncycastle/math/ec/custom/gm/SM2P256V1FieldElement.class starting
/org/bouncycastle/math/ec/custom/gm/SM2P256V1FieldElement.class DONE
/org/bouncycastle/math/ec/custom/gm/SM2P256V1FieldElement.class starting
/org/bouncycastle/math/ec/custom/gm/SM2P256V1FieldElement.class DONE
/org/bouncycastle/math/ec/custom/gm/SM2P256V1FieldElement.class starting
/org/bouncycastle/math/ec/custom/gm/SM2P256V1FieldElement.class DONE
/org/bouncycastle/math/ec/custom/gm/SM2P256V1FieldElement.class starting
/org/bouncycastle/math/ec/custom/gm/SM2P256V1FieldElement.class DONE
/org/bouncycastle/math/ec/custom/gm/SM2P256V1FieldElement.class starting
/org/bouncycastle/math/ec/custom/gm/SM2P256V1FieldElement.class DONE
/org/bouncycastle/math/ec/custom/gm/SM2P256V1FieldElement.class starting
/org/bouncycastle/math/ec/custom/gm/SM2P256V1FieldElement.class DONE
/org/bouncycastle/math/ec/custom/gm/SM2P256V1FieldElement.class starting
/org/bouncycastle/math/ec/custom/gm/SM2P256V1FieldElement.class DONE
/org/bouncycastle/math/ec/custom/gm/SM2P256V1FieldElement.class starting
/org/bouncycastle/math/ec/custom/gm/SM2P256V1FieldElement.class DONE
/org/bouncycastle/math/ec/custom/gm/SM2P256V1FieldElement.class starting
/org/bouncycastle/math/ec/custom/gm/SM2P256V1FieldElement.class DONE
/org/bouncycastle/math/ec/custom/gm/SM2P256V1FieldElement.class starting
/org/bouncycastle/math/ec/custom/gm/SM2P256V1FieldElement.class DONE
/org/bouncycastle/math/ec/custom/gm/SM2P256V1FieldElement.class starting
/org/bouncycastle/math/ec/custom/gm/SM2P256V1FieldElement.class DONE
/org/bouncycastle/math/ec/custom/gm/SM2P256V1FieldElement.class starting
/org/bouncycastle/math/ec/custom/gm/SM2P256V1FieldElement.class DONE
/org/bouncycastle/math/ec/custom/gm/SM2P256V1FieldElement.class starting
/org/bouncycastle/math/ec/custom/gm/SM2P256V1FieldElement.class DONE
/org/bouncycastle/math/ec/custom/gm/SM2P256V1FieldElement.class starting
/org/bouncycastle/math/ec/custom/gm/SM2P256V1FieldElement.class DONE
/org/bouncycastle/math/ec/custom/gm/SM2P256V1FieldElement.class starting
/org/bouncycastle/math/ec/custom/gm/SM2P256V1FieldElement.class DONE
/org/bouncycastle/math/ec/custom/gm/SM2P256V1FieldElement.class starting
/org/bouncycastle/math/ec/custom/gm/SM2P256V1FieldElement.class DONE
/org/bouncycastle/math/ec/custom/gm/SM2P256V1FieldElement.class starting
/org/bouncycastle/math/ec/custom/gm/SM2P256V1FieldElement.class DONE
/org/bouncycastle/math/ec/custom/gm/SM2P256V1FieldElement.class starting
/org/bouncycastle/math/ec/custom/gm/SM2P256V1FieldElement.class DONE
/org/bouncycastle/math/ec/custom/gm/SM2P256V1FieldElement.class starting
/org/bouncycastle/math/ec/custom/gm/SM2P256V1FieldElement.class DONE
/org/bouncycastle/math/ec/custom/gm/SM2P256V1FieldElement.class starting
/org/bouncycastle/math/ec/custom/gm/SM2P256V1FieldElement.class DONE
/org/bouncycastle/math/ec/custom/gm/SM2P256V1FieldElement.class starting
/org/bouncycastle/math/ec/custom/gm/SM2P256V1FieldElement.class DONE
/org/bouncycastle/math/ec/custom/gm/SM2P256V1FieldElement.class starting
/org/bouncycastle/math/ec/custom/gm/SM2P256V1FieldElement.class DONE
/org/bouncycastle/math/ec/custom/gm/SM2P256V1FieldElement.class starting
/org/bouncycastle/math/ec/custom/gm/SM2P256V1FieldElement.class DONE
/org/bouncycastle/math/ec/custom/gm/SM2P256V1FieldElement.class starting
/org/bouncycastle/math/ec/custom/gm/SM2P256V1FieldElement.class DONE
/org/bouncycastle/math/ec/custom/gm/SM2P256V1FieldElement.class starting
/org/bouncycastle/math/ec/custom/gm/SM2P256V1FieldElement.class DONE
/org/bouncycastle/math/ec/custom/gm/SM2P256V1FieldElement.class starting
/org/bouncycastle/math/ec/custom/gm/SM2P256V1FieldElement.class DONE
/org/bouncycastle/math/ec/custom/gm/SM2P256V1FieldElement.class starting
/org/bouncycastle/math/ec/custom/gm/SM2P256V1FieldElement.class DONE
/org/bouncycastle/math/ec/custom/gm/SM2P256V1FieldElement.class starting
/org/bouncycastle/math/ec/custom/gm/SM2P256V1FieldElement.class DONE
/org/bouncycastle/math/ec/custom/gm/SM2P256V1FieldElement.class starting
/org/bouncycastle/math/ec/custom/gm/SM2P256V1FieldElement.class DONE
/org/bouncycastle/math/ec/custom/gm/SM2P256V1FieldElement.class starting
/org/bouncycastle/math/ec/custom/gm/SM2P256V1FieldElement.class DONE
/org/bouncycastle/math/ec/custom/gm/SM2P256V1FieldElement.class starting
/org/bouncycastle/math/ec/custom/gm/SM2P256V1FieldElement.class DONE
/org/bouncycastle/math/ec/custom/gm/SM2P256V1FieldElement.class starting
/org/bouncycastle/math/ec/custom/gm/SM2P256V1FieldElement.class DONE
/org/bouncycastle/math/ec/custom/gm/SM2P256V1FieldElement.class starting
/org/bouncycastle/math/ec/custom/gm/SM2P256V1FieldElement.class DONE
/org/bouncycastle/math/ec/custom/gm/SM2P256V1FieldElement.class starting
/org/bouncycastle/math/ec/custom/gm/SM2P256V1FieldElement.class DONE
/org/bouncycastle/math/ec/custom/gm/SM2P256V1FieldElement.class starting
/org/bouncycastle/math/ec/custom/gm/SM2P256V1FieldElement.class DONE
/org/bouncycastle/math/ec/custom/gm/SM2P256V1FieldElement.class starting
/org/bouncycastle/math/ec/custom/gm/SM2P256V1FieldElement.class DONE
/org/bouncycastle/math/ec/custom/gm/SM2P256V1FieldElement.class starting
/org/bouncycastle/math/ec/custom/gm/SM2P256V1FieldElement.class DONE
/org/bouncycastle/math/ec/custom/gm/SM2P256V1FieldElement.class starting
/org/bouncycastle/math/ec/custom/gm/SM2P256V1FieldElement.class DONE
/org/bouncycastle/math/ec/custom/gm/SM2P256V1FieldElement.class starting
/org/bouncycastle/math/ec/custom/gm/SM2P256V1FieldElement.class DONE
/org/bouncycastle/math/ec/custom/gm/SM2P256V1FieldElement.class starting
/org/bouncycastle/math/ec/custom/gm/SM2P256V1FieldElement.class DONE
/org/bouncycastle/math/ec/custom/gm/SM2P256V1FieldElement.class starting
/org/bouncycastle/math/ec/custom/gm/SM2P256V1FieldElement.class DONE
/org/bouncycastle/math/ec/custom/gm/SM2P256V1FieldElement.class starting
/org/bouncycastle/math/ec/custom/gm/SM2P256V1FieldElement.class DONE
/org/bouncycastle/math/ec/custom/gm/SM2P256V1FieldElement.class starting
/org/bouncycastle/math/ec/custom/gm/SM2P256V1FieldElement.class DONE
/org/bouncycastle/math/ec/custom/gm/SM2P256V1FieldElement.class starting
/org/bouncycastle/math/ec/custom/gm/SM2P256V1FieldElement.class DONE
/org/bouncycastle/math/ec/custom/gm/SM2P256V1FieldElement.class starting
/org/bouncycastle/math/ec/custom/gm/SM2P256V1FieldElement.class DONE
/org/bouncycastle/math/ec/custom/gm/SM2P256V1FieldElement.class starting
/org/bouncycastle/math/ec/custom/gm/SM2P256V1FieldElement.class DONE
/org/bouncycastle/math/ec/custom/gm/SM2P256V1FieldElement.class starting
/org/bouncycastle/math/ec/custom/gm/SM2P256V1FieldElement.class DONE
/org/bouncycastle/math/ec/custom/gm/SM2P256V1FieldElement.class starting
/org/bouncycastle/math/ec/custom/gm/SM2P256V1FieldElement.class DONE
/org/bouncycastle/math/ec/custom/gm/SM2P256V1FieldElement.class starting
/org/bouncycastle/math/ec/custom/gm/SM2P256V1FieldElement.class DONE
/org/bouncycastle/math/ec/custom/gm/SM2P256V1FieldElement.class starting
/org/bouncycastle/math/ec/custom/gm/SM2P256V1FieldElement.class DONE
/org/bouncycastle/math/ec/custom/gm/SM2P256V1FieldElement.class starting
/org/bouncycastle/math/ec/custom/gm/SM2P256V1FieldElement.class DONE
/org/bouncycastle/math/ec/custom/gm/SM2P256V1FieldElement.class starting
/org/bouncycastle/math/ec/custom/gm/SM2P256V1FieldElement.class DONE
/org/bouncycastle/math/ec/custom/gm/SM2P256V1FieldElement.class starting
/org/bouncycastle/math/ec/custom/gm/SM2P256V1FieldElement.class DONE
/org/bouncycastle/math/ec/custom/gm/SM2P256V1FieldElement.class starting
/org/bouncycastle/math/ec/custom/gm/SM2P256V1FieldElement.class DONE
/org/bouncycastle/math/ec/custom/gm/SM2P256V1FieldElement.class starting
/org/bouncycastle/math/ec/custom/gm/SM2P256V1FieldElement.class DONE
/org/bouncycastle/math/ec/custom/gm/SM2P256V1FieldElement.class starting
/org/bouncycastle/math/ec/custom/gm/SM2P256V1FieldElement.class DONE
/org/bouncycastle/math/ec/custom/gm/SM2P256V1FieldElement.class starting
/org/bouncycastle/math/ec/custom/gm/SM2P256V1FieldElement.class DONE
/org/bouncycastle/math/ec/custom/gm/SM2P256V1FieldElement.class starting
/org/bouncycastle/math/ec/custom/gm/SM2P256V1FieldElement.class DONE
/org/bouncycastle/math/ec/custom/gm/SM2P256V1FieldElement.class starting
/org/bouncycastle/math/ec/custom/gm/SM2P256V1FieldElement.class DONE
/org/bouncycastle/math/ec/custom/gm/SM2P256V1FieldElement.class starting
/org/bouncycastle/math/ec/custom/gm/SM2P256V1FieldElement.class DONE
/org/bouncycastle/math/ec/custom/gm/SM2P256V1FieldElement.class starting
/org/bouncycastle/math/ec/custom/gm/SM2P256V1FieldElement.class DONE
/org/bouncycastle/math/ec/custom/gm/SM2P256V1FieldElement.class starting
/org/bouncycastle/math/ec/custom/gm/SM2P256V1FieldElement.class DONE
/org/bouncycastle/math/ec/custom/gm/SM2P256V1FieldElement.class starting
/org/bouncycastle/math/ec/custom/gm/SM2P256V1FieldElement.class DONE
/org/bouncycastle/math/ec/custom/gm/SM2P256V1FieldElement.class starting
/org/bouncycastle/math/ec/custom/gm/SM2P256V1FieldElement.class DONE
/org/bouncycastle/math/ec/custom/gm/SM2P256V1FieldElement.class starting
/org/bouncycastle/math/ec/custom/gm/SM2P256V1FieldElement.class DONE
/org/bouncycastle/math/ec/custom/gm/SM2P256V1FieldElement.class starting
/org/bouncycastle/math/ec/custom/gm/SM2P256V1FieldElement.class DONE
/org/bouncycastle/math/ec/custom/gm/SM2P256V1FieldElement.class starting
/org/bouncycastle/math/ec/custom/gm/SM2P256V1FieldElement.class DONE
/org/bouncycastle/math/ec/custom/gm/SM2P256V1FieldElement.class starting
/org/bouncycastle/math/ec/custom/gm/SM2P256V1FieldElement.class DONE
/org/bouncycastle/math/ec/custom/gm/SM2P256V1FieldElement.class starting
/org/bouncycastle/math/ec/custom/gm/SM2P256V1FieldElement.class DONE
/org/bouncycastle/math/ec/custom/gm/SM2P256V1FieldElement.class starting
/org/bouncycastle/math/ec/custom/gm/SM2P256V1FieldElement.class DONE
/org/bouncycastle/math/ec/custom/gm/SM2P256V1FieldElement.class starting
/org/bouncycastle/math/ec/custom/gm/SM2P256V1FieldElement.class DONE
/org/bouncycastle/math/ec/custom/gm/SM2P256V1FieldElement.class starting
/org/bouncycastle/math/ec/custom/gm/SM2P256V1FieldElement.class DONE
/org/bouncycastle/math/ec/custom/gm/SM2P256V1FieldElement.class starting
/org/bouncycastle/math/ec/custom/gm/SM2P256V1FieldElement.class DONE
/org/bouncycastle/math/ec/custom/gm/SM2P256V1FieldElement.class starting
/org/bouncycastle/math/ec/custom/gm/SM2P256V1FieldElement.class DONE
/org/bouncycastle/math/ec/custom/gm/SM2P256V1FieldElement.class starting
/org/bouncycastle/math/ec/custom/gm/SM2P256V1FieldElement.class DONE
/org/bouncycastle/math/ec/custom/gm/SM2P256V1FieldElement.class starting
/org/bouncycastle/math/ec/custom/gm/SM2P256V1FieldElement.class DONE
/org/bouncycastle/math/ec/custom/gm/SM2P256V1FieldElement.class starting
/org/bouncycastle/math/ec/custom/gm/SM2P256V1FieldElement.class DONE
/org/bouncycastle/math/ec/custom/gm/SM2P256V1FieldElement.class starting
/org/bouncycastle/math/ec/custom/gm/SM2P256V1FieldElement.class DONE
/org/bouncycastle/math/ec/custom/gm/SM2P256V1FieldElement.class starting
/org/bouncycastle/math/ec/custom/gm/SM2P256V1FieldElement.class DONE
/org/bouncycastle/math/ec/custom/gm/SM2P256V1FieldElement.class starting
/org/bouncycastle/math/ec/custom/gm/SM2P256V1FieldElement.class DONE
/org/bouncycastle/math/ec/custom/gm/SM2P256V1FieldElement.class starting
/org/bouncycastle/math/ec/custom/gm/SM2P256V1FieldElement.class DONE
/org/bouncycastle/math/ec/custom/gm/SM2P256V1FieldElement.class starting
/org/bouncycastle/math/ec/custom/gm/SM2P256V1FieldElement.class DONE
/org/bouncycastle/math/ec/custom/gm/SM2P256V1FieldElement.class starting
/org/bouncycastle/math/ec/custom/gm/SM2P256V1FieldElement.class DONE
/org/bouncycastle/math/ec/custom/gm/SM2P256V1FieldElement.class starting
/org/bouncycastle/math/ec/custom/gm/SM2P256V1FieldElement.class DONE
/org/bouncycastle/math/ec/custom/gm/SM2P256V1FieldElement.class starting
/org/bouncycastle/math/ec/custom/gm/SM2P256V1FieldElement.class DONE
/org/bouncycastle/math/ec/custom/gm/SM2P256V1FieldElement.class starting
/org/bouncycastle/math/ec/custom/gm/SM2P256V1FieldElement.class DONE
/org/bouncycastle/math/ec/custom/gm/SM2P256V1FieldElement.class starting
/org/bouncycastle/math/ec/custom/gm/SM2P256V1FieldElement.class DONE
/org/bouncycastle/math/ec/custom/gm/SM2P256V1FieldElement.class starting
/org/bouncycastle/math/ec/custom/gm/SM2P256V1FieldElement.class DONE
/org/bouncycastle/math/ec/custom/gm/SM2P256V1FieldElement.class starting
/org/bouncycastle/math/ec/custom/gm/SM2P256V1FieldElement.class DONE
/org/bouncycastle/math/ec/custom/gm/SM2P256V1FieldElement.class starting
/org/bouncycastle/math/ec/custom/gm/SM2P256V1FieldElement.class DONE
/org/bouncycastle/math/ec/custom/gm/SM2P256V1FieldElement.class starting
/org/bouncycastle/math/ec/custom/gm/SM2P256V1FieldElement.class DONE
/org/bouncycastle/math/ec/custom/gm/SM2P256V1FieldElement.class starting
/org/bouncycastle/math/ec/custom/gm/SM2P256V1FieldElement.class DONE
/org/bouncycastle/math/ec/custom/gm/SM2P256V1FieldElement.class starting
/org/bouncycastle/math/ec/custom/gm/SM2P256V1FieldElement.class DONE
/org/bouncycastle/math/ec/custom/gm/SM2P256V1FieldElement.class starting
/org/bouncycastle/math/ec/custom/gm/SM2P256V1FieldElement.class DONE
/org/bouncycastle/math/ec/custom/gm/SM2P256V1FieldElement.class starting
/org/bouncycastle/math/ec/custom/gm/SM2P256V1FieldElement.class DONE
/org/bouncycastle/math/ec/custom/gm/SM2P256V1FieldElement.class starting
/org/bouncycastle/math/ec/custom/gm/SM2P256V1FieldElement.class DONE
/org/bouncycastle/math/ec/custom/gm/SM2P256V1FieldElement.class starting
/org/bouncycastle/math/ec/custom/gm/SM2P256V1FieldElement.class DONE
/org/bouncycastle/math/ec/custom/gm/SM2P256V1FieldElement.class starting
/org/bouncycastle/math/ec/custom/gm/SM2P256V1FieldElement.class DONE
/org/bouncycastle/math/ec/custom/gm/SM2P256V1FieldElement.class starting
/org/bouncycastle/math/ec/custom/gm/SM2P256V1FieldElement.class DONE
/org/bouncycastle/math/ec/custom/gm/SM2P256V1FieldElement.class starting
/org/bouncycastle/math/ec/custom/gm/SM2P256V1FieldElement.class DONE
/org/bouncycastle/math/ec/custom/gm/SM2P256V1FieldElement.class starting
/org/bouncycastle/math/ec/custom/gm/SM2P256V1FieldElement.class DONE
/org/bouncycastle/math/ec/custom/gm/SM2P256V1FieldElement.class starting
/org/bouncycastle/math/ec/custom/gm/SM2P256V1FieldElement.class DONE
/org/bouncycastle/math/ec/custom/gm/SM2P256V1FieldElement.class starting
/org/bouncycastle/math/ec/custom/gm/SM2P256V1FieldElement.class DONE
/org/bouncycastle/math/ec/custom/gm/SM2P256V1FieldElement.class starting
/org/bouncycastle/math/ec/custom/gm/SM2P256V1FieldElement.class DONE
/org/bouncycastle/math/ec/custom/gm/SM2P256V1FieldElement.class starting
/org/bouncycastle/math/ec/custom/gm/SM2P256V1FieldElement.class DONE
/org/bouncycastle/math/ec/custom/gm/SM2P256V1FieldElement.class starting
/org/bouncycastle/math/ec/custom/gm/SM2P256V1FieldElement.class DONE
/org/bouncycastle/math/ec/custom/gm/SM2P256V1FieldElement.class starting
/org/bouncycastle/math/ec/custom/gm/SM2P256V1FieldElement.class DONE
/org/bouncycastle/math/ec/custom/gm/SM2P256V1FieldElement.class starting
/org/bouncycastle/math/ec/custom/gm/SM2P256V1FieldElement.class DONE
/org/bouncycastle/math/ec/custom/gm/SM2P256V1FieldElement.class starting
/org/bouncycastle/math/ec/custom/gm/SM2P256V1FieldElement.class DONE
/org/bouncycastle/math/ec/custom/gm/SM2P256V1FieldElement.class starting
/org/bouncycastle/math/ec/custom/gm/SM2P256V1FieldElement.class DONE
/org/bouncycastle/math/ec/custom/gm/SM2P256V1FieldElement.class starting
/org/bouncycastle/math/ec/custom/gm/SM2P256V1FieldElement.class DONE
/org/bouncycastle/math/ec/custom/gm/SM2P256V1FieldElement.class starting
/org/bouncycastle/math/ec/custom/gm/SM2P256V1FieldElement.class DONE
/org/bouncycastle/math/ec/custom/gm/SM2P256V1FieldElement.class starting
/org/bouncycastle/math/ec/custom/gm/SM2P256V1FieldElement.class DONE
/org/bouncycastle/math/ec/custom/gm/SM2P256V1FieldElement.class starting
/org/bouncycastle/math/ec/custom/gm/SM2P256V1FieldElement.class DONE
/org/bouncycastle/math/ec/custom/gm/SM2P256V1FieldElement.class starting
/org/bouncycastle/math/ec/custom/gm/SM2P256V1FieldElement.class DONE
/org/bouncycastle/math/ec/custom/gm/SM2P256V1FieldElement.class starting
/org/bouncycastle/math/ec/custom/gm/SM2P256V1FieldElement.class DONE
/org/bouncycastle/math/ec/custom/gm/SM2P256V1FieldElement.class starting
/org/bouncycastle/math/ec/custom/gm/SM2P256V1FieldElement.class DONE
/org/bouncycastle/math/ec/custom/gm/SM2P256V1FieldElement.class starting
/org/bouncycastle/math/ec/custom/gm/SM2P256V1FieldElement.class DONE
/org/bouncycastle/math/ec/custom/gm/SM2P256V1FieldElement.class starting
/org/bouncycastle/math/ec/custom/gm/SM2P256V1FieldElement.class DONE
/org/bouncycastle/math/ec/custom/gm/SM2P256V1FieldElement.class starting
/org/bouncycastle/math/ec/custom/gm/SM2P256V1FieldElement.class DONE
/org/bouncycastle/math/ec/custom/gm/SM2P256V1FieldElement.class starting
/org/bouncycastle/math/ec/custom/gm/SM2P256V1FieldElement.class DONE
/org/bouncycastle/math/ec/custom/gm/SM2P256V1FieldElement.class starting
/org/bouncycastle/math/ec/custom/gm/SM2P256V1FieldElement.class DONE
/org/bouncycastle/math/ec/custom/gm/SM2P256V1FieldElement.class starting
/org/bouncycastle/math/ec/custom/gm/SM2P256V1FieldElement.class DONE
/org/bouncycastle/math/ec/custom/gm/SM2P256V1FieldElement.class starting
/org/bouncycastle/math/ec/custom/gm/SM2P256V1FieldElement.class DONE
/org/bouncycastle/math/ec/custom/gm/SM2P256V1FieldElement.class starting
/org/bouncycastle/math/ec/custom/gm/SM2P256V1FieldElement.class DONE
/org/bouncycastle/math/ec/custom/gm/SM2P256V1FieldElement.class starting
/org/bouncycastle/math/ec/custom/gm/SM2P256V1FieldElement.class DONE
/org/bouncycastle/math/ec/custom/gm/SM2P256V1FieldElement.class starting
/org/bouncycastle/math/ec/custom/gm/SM2P256V1FieldElement.class DONE
/org/bouncycastle/math/ec/custom/gm/SM2P256V1FieldElement.class starting
/org/bouncycastle/math/ec/custom/gm/SM2P256V1FieldElement.class DONE
/org/bouncycastle/math/ec/custom/gm/SM2P256V1FieldElement.class starting
/org/bouncycastle/math/ec/custom/gm/SM2P256V1FieldElement.class DONE
/org/bouncycastle/math/ec/custom/gm/SM2P256V1FieldElement.class starting
/org/bouncycastle/math/ec/custom/gm/SM2P256V1FieldElement.class DONE
/org/bouncycastle/math/ec/custom/gm/SM2P256V1FieldElement.class starting
/org/bouncycastle/math/ec/custom/gm/SM2P256V1FieldElement.class DONE
/org/bouncycastle/math/ec/custom/gm/SM2P256V1FieldElement.class starting
/org/bouncycastle/math/ec/custom/gm/SM2P256V1FieldElement.class DONE
/org/bouncycastle/math/ec/custom/gm/SM2P256V1FieldElement.class starting
/org/bouncycastle/math/ec/custom/gm/SM2P256V1FieldElement.class DONE
/org/bouncycastle/math/ec/custom/gm/SM2P256V1FieldElement.class starting
/org/bouncycastle/math/ec/custom/gm/SM2P256V1FieldElement.class DONE
/org/bouncycastle/math/ec/custom/gm/SM2P256V1FieldElement.class starting
/org/bouncycastle/math/ec/custom/gm/SM2P256V1FieldElement.class DONE
/org/bouncycastle/math/ec/custom/gm/SM2P256V1FieldElement.class starting
/org/bouncycastle/math/ec/custom/gm/SM2P256V1FieldElement.class DONE
/org/bouncycastle/math/ec/custom/gm/SM2P256V1FieldElement.class starting
/org/bouncycastle/math/ec/custom/gm/SM2P256V1FieldElement.class DONE
/org/bouncycastle/math/ec/custom/gm/SM2P256V1FieldElement.class starting
/org/bouncycastle/math/ec/custom/gm/SM2P256V1FieldElement.class DONE
/org/bouncycastle/math/ec/custom/gm/SM2P256V1FieldElement.class starting
/org/bouncycastle/math/ec/custom/gm/SM2P256V1FieldElement.class DONE
/org/bouncycastle/math/ec/custom/gm/SM2P256V1FieldElement.class starting
/org/bouncycastle/math/ec/custom/gm/SM2P256V1FieldElement.class DONE
/org/bouncycastle/math/ec/custom/gm/SM2P256V1FieldElement.class starting
/org/bouncycastle/math/ec/custom/gm/SM2P256V1FieldElement.class DONE
/org/bouncycastle/math/ec/custom/gm/SM2P256V1FieldElement.class starting
/org/bouncycastle/math/ec/custom/gm/SM2P256V1FieldElement.class DONE
/org/bouncycastle/math/ec/custom/gm/SM2P256V1FieldElement.class starting
/org/bouncycastle/math/ec/custom/gm/SM2P256V1FieldElement.class DONE
/org/bouncycastle/math/ec/custom/gm/SM2P256V1FieldElement.class starting
/org/bouncycastle/math/ec/custom/gm/SM2P256V1FieldElement.class DONE
/org/bouncycastle/math/ec/custom/gm/SM2P256V1FieldElement.class starting
/org/bouncycastle/math/ec/custom/gm/SM2P256V1FieldElement.class DONE
/org/bouncycastle/math/ec/custom/gm/SM2P256V1FieldElement.class starting
/org/bouncycastle/math/ec/custom/gm/SM2P256V1FieldElement.class DONE
/org/bouncycastle/math/ec/custom/gm/SM2P256V1FieldElement.class starting
/org/bouncycastle/math/ec/custom/gm/SM2P256V1FieldElement.class DONE
/org/bouncycastle/math/ec/custom/gm/SM2P256V1FieldElement.class starting
/org/bouncycastle/math/ec/custom/gm/SM2P256V1FieldElement.class DONE
/org/bouncycastle/math/ec/custom/gm/SM2P256V1FieldElement.class starting
/org/bouncycastle/math/ec/custom/gm/SM2P256V1FieldElement.class DONE
/org/bouncycastle/math/ec/custom/gm/SM2P256V1FieldElement.class starting
/org/bouncycastle/math/ec/custom/gm/SM2P256V1FieldElement.class DONE
/org/bouncycastle/math/ec/custom/gm/SM2P256V1FieldElement.class starting
/org/bouncycastle/math/ec/custom/gm/SM2P256V1FieldElement.class DONE
/org/bouncycastle/math/ec/custom/gm/SM2P256V1FieldElement.class starting
/org/bouncycastle/math/ec/custom/gm/SM2P256V1FieldElement.class DONE
/org/bouncycastle/math/ec/custom/gm/SM2P256V1FieldElement.class starting
/org/bouncycastle/math/ec/custom/gm/SM2P256V1FieldElement.class DONE
/org/bouncycastle/math/ec/custom/gm/SM2P256V1FieldElement.class starting
/org/bouncycastle/math/ec/custom/gm/SM2P256V1FieldElement.class DONE
/org/bouncycastle/math/ec/custom/gm/SM2P256V1FieldElement.class starting
/org/bouncycastle/math/ec/custom/gm/SM2P256V1FieldElement.class DONE
/org/bouncycastle/math/ec/custom/gm/SM2P256V1FieldElement.class starting
/org/bouncycastle/math/ec/custom/gm/SM2P256V1FieldElement.class DONE
/org/bouncycastle/math/ec/custom/gm/SM2P256V1FieldElement.class starting
/org/bouncycastle/math/ec/custom/gm/SM2P256V1FieldElement.class DONE
/org/bouncycastle/math/ec/custom/gm/SM2P256V1FieldElement.class starting
/org/bouncycastle/math/ec/custom/gm/SM2P256V1FieldElement.class DONE
/org/bouncycastle/math/ec/custom/gm/SM2P256V1FieldElement.class starting
/org/bouncycastle/math/ec/custom/gm/SM2P256V1FieldElement.class DONE
/org/bouncycastle/math/ec/custom/gm/SM2P256V1FieldElement.class starting
/org/bouncycastle/math/ec/custom/gm/SM2P256V1FieldElement.class DONE
/org/bouncycastle/math/ec/custom/gm/SM2P256V1FieldElement.class starting
/org/bouncycastle/math/ec/custom/gm/SM2P256V1FieldElement.class DONE
/org/bouncycastle/math/ec/custom/gm/SM2P256V1FieldElement.class starting
/org/bouncycastle/math/ec/custom/gm/SM2P256V1FieldElement.class DONE
/org/bouncycastle/math/ec/custom/gm/SM2P256V1FieldElement.class starting
/org/bouncycastle/math/ec/custom/gm/SM2P256V1FieldElement.class DONE
/org/bouncycastle/math/ec/custom/gm/SM2P256V1FieldElement.class starting
/org/bouncycastle/math/ec/custom/gm/SM2P256V1FieldElement.class DONE
/org/bouncycastle/math/ec/custom/gm/SM2P256V1FieldElement.class starting
/org/bouncycastle/math/ec/custom/gm/SM2P256V1FieldElement.class DONE
/org/bouncycastle/math/ec/custom/gm/SM2P256V1FieldElement.class starting
/org/bouncycastle/math/ec/custom/gm/SM2P256V1FieldElement.class DONE
/org/bouncycastle/math/ec/custom/gm/SM2P256V1FieldElement.class starting
/org/bouncycastle/math/ec/custom/gm/SM2P256V1FieldElement.class DONE
/org/bouncycastle/math/ec/custom/gm/SM2P256V1FieldElement.class starting
/org/bouncycastle/math/ec/custom/gm/SM2P256V1FieldElement.class DONE
/org/bouncycastle/math/ec/custom/gm/SM2P256V1FieldElement.class starting
/org/bouncycastle/math/ec/custom/gm/SM2P256V1FieldElement.class DONE
/org/bouncycastle/math/ec/custom/gm/SM2P256V1FieldElement.class starting
/org/bouncycastle/math/ec/custom/gm/SM2P256V1FieldElement.class DONE
/org/bouncycastle/math/ec/custom/gm/SM2P256V1FieldElement.class starting
/org/bouncycastle/math/ec/custom/gm/SM2P256V1FieldElement.class DONE
/org/bouncycastle/math/ec/custom/gm/SM2P256V1FieldElement.class starting
/org/bouncycastle/math/ec/custom/gm/SM2P256V1FieldElement.class DONE
/org/bouncycastle/math/ec/custom/gm/SM2P256V1FieldElement.class starting
/org/bouncycastle/math/ec/custom/gm/SM2P256V1FieldElement.class DONE
/org/bouncycastle/math/ec/custom/gm/SM2P256V1FieldElement.class starting
/org/bouncycastle/math/ec/custom/gm/SM2P256V1FieldElement.class DONE
/org/bouncycastle/math/ec/custom/gm/SM2P256V1FieldElement.class starting
/org/bouncycastle/math/ec/custom/gm/SM2P256V1FieldElement.class DONE
/org/bouncycastle/math/ec/custom/gm/SM2P256V1FieldElement.class starting
/org/bouncycastle/math/ec/custom/gm/SM2P256V1FieldElement.class DONE
/org/bouncycastle/math/ec/custom/gm/SM2P256V1FieldElement.class starting
/org/bouncycastle/math/ec/custom/gm/SM2P256V1FieldElement.class DONE
/org/bouncycastle/math/ec/custom/gm/SM2P256V1FieldElement.class starting
/org/bouncycastle/math/ec/custom/gm/SM2P256V1FieldElement.class DONE
/org/bouncycastle/math/ec/custom/gm/SM2P256V1FieldElement.class starting
/org/bouncycastle/math/ec/custom/gm/SM2P256V1FieldElement.class DONE
/org/bouncycastle/math/ec/custom/gm/SM2P256V1FieldElement.class starting
/org/bouncycastle/math/ec/custom/gm/SM2P256V1FieldElement.class DONE
/org/bouncycastle/math/ec/custom/gm/SM2P256V1FieldElement.class starting
/org/bouncycastle/math/ec/custom/gm/SM2P256V1FieldElement.class DONE
/org/bouncycastle/math/ec/custom/gm/SM2P256V1FieldElement.class starting
/org/bouncycastle/math/ec/custom/gm/SM2P256V1FieldElement.class DONE
/org/bouncycastle/math/ec/custom/gm/SM2P256V1FieldElement.class starting
/org/bouncycastle/math/ec/custom/gm/SM2P256V1FieldElement.class DONE
/org/bouncycastle/math/ec/custom/gm/SM2P256V1FieldElement.class starting
/org/bouncycastle/math/ec/custom/gm/SM2P256V1FieldElement.class DONE
/org/bouncycastle/math/ec/custom/gm/SM2P256V1FieldElement.class starting
/org/bouncycastle/math/ec/custom/gm/SM2P256V1FieldElement.class DONE
/org/bouncycastle/math/ec/custom/gm/SM2P256V1FieldElement.class starting
/org/bouncycastle/math/ec/custom/gm/SM2P256V1FieldElement.class DONE
/org/bouncycastle/math/ec/custom/gm/SM2P256V1FieldElement.class starting
/org/bouncycastle/math/ec/custom/gm/SM2P256V1FieldElement.class DONE
/org/bouncycastle/math/ec/custom/gm/SM2P256V1FieldElement.class starting
/org/bouncycastle/math/ec/custom/gm/SM2P256V1FieldElement.class DONE
/org/bouncycastle/math/ec/custom/gm/SM2P256V1FieldElement.class starting
/org/bouncycastle/math/ec/custom/gm/SM2P256V1FieldElement.class DONE
/org/bouncycastle/math/ec/custom/gm/SM2P256V1FieldElement.class starting
/org/bouncycastle/math/ec/custom/gm/SM2P256V1FieldElement.class DONE
/org/bouncycastle/math/ec/custom/gm/SM2P256V1FieldElement.class starting
/org/bouncycastle/math/ec/custom/gm/SM2P256V1FieldElement.class DONE
/org/bouncycastle/math/ec/custom/gm/SM2P256V1FieldElement.class starting
/org/bouncycastle/math/ec/custom/gm/SM2P256V1FieldElement.class DONE
/org/bouncycastle/math/ec/custom/gm/SM2P256V1FieldElement.class starting
/org/bouncycastle/math/ec/custom/gm/SM2P256V1FieldElement.class DONE
/org/bouncycastle/math/ec/custom/gm/SM2P256V1FieldElement.class starting
/org/bouncycastle/math/ec/custom/gm/SM2P256V1FieldElement.class DONE
/org/bouncycastle/math/ec/custom/gm/SM2P256V1FieldElement.class starting
/org/bouncycastle/math/ec/custom/gm/SM2P256V1FieldElement.class DONE
/org/bouncycastle/math/ec/custom/gm/SM2P256V1FieldElement.class starting
/org/bouncycastle/math/ec/custom/gm/SM2P256V1FieldElement.class DONE
/org/bouncycastle/math/ec/custom/gm/SM2P256V1FieldElement.class starting
/org/bouncycastle/math/ec/custom/gm/SM2P256V1FieldElement.class DONE
/org/bouncycastle/math/ec/custom/gm/SM2P256V1FieldElement.class starting
/org/bouncycastle/math/ec/custom/gm/SM2P256V1FieldElement.class DONE
/org/bouncycastle/math/ec/custom/gm/SM2P256V1FieldElement.class starting
/org/bouncycastle/math/ec/custom/gm/SM2P256V1FieldElement.class DONE
/org/bouncycastle/math/ec/custom/gm/SM2P256V1FieldElement.class starting
/org/bouncycastle/math/ec/custom/gm/SM2P256V1FieldElement.class DONE
/org/bouncycastle/math/ec/custom/gm/SM2P256V1FieldElement.class starting
/org/bouncycastle/math/ec/custom/gm/SM2P256V1FieldElement.class DONE
/org/bouncycastle/math/ec/custom/gm/SM2P256V1FieldElement.class starting
/org/bouncycastle/math/ec/custom/gm/SM2P256V1FieldElement.class DONE
/org/bouncycastle/math/ec/custom/gm/SM2P256V1FieldElement.class starting
/org/bouncycastle/math/ec/custom/gm/SM2P256V1FieldElement.class DONE
/org/bouncycastle/math/ec/custom/gm/SM2P256V1FieldElement.class starting
/org/bouncycastle/math/ec/custom/gm/SM2P256V1FieldElement.class DONE
/org/bouncycastle/math/ec/custom/gm/SM2P256V1FieldElement.class starting
/org/bouncycastle/math/ec/custom/gm/SM2P256V1FieldElement.class DONE
/org/bouncycastle/math/ec/custom/gm/SM2P256V1FieldElement.class starting
/org/bouncycastle/math/ec/custom/gm/SM2P256V1FieldElement.class DONE
/org/bouncycastle/math/ec/custom/gm/SM2P256V1FieldElement.class starting
/org/bouncycastle/math/ec/custom/gm/SM2P256V1FieldElement.class DONE
/org/bouncycastle/math/ec/custom/gm/SM2P256V1FieldElement.class starting
/org/bouncycastle/math/ec/custom/gm/SM2P256V1FieldElement.class DONE
/org/bouncycastle/math/ec/custom/gm/SM2P256V1FieldElement.class starting
/org/bouncycastle/math/ec/custom/gm/SM2P256V1FieldElement.class DONE
/org/bouncycastle/math/ec/custom/gm/SM2P256V1FieldElement.class starting
/org/bouncycastle/math/ec/custom/gm/SM2P256V1FieldElement.class DONE
/org/bouncycastle/math/ec/custom/gm/SM2P256V1FieldElement.class starting
/org/bouncycastle/math/ec/custom/gm/SM2P256V1FieldElement.class DONE
/org/bouncycastle/math/ec/custom/gm/SM2P256V1FieldElement.class starting
/org/bouncycastle/math/ec/custom/gm/SM2P256V1FieldElement.class DONE
/org/bouncycastle/math/ec/custom/gm/SM2P256V1FieldElement.class starting
/org/bouncycastle/math/ec/custom/gm/SM2P256V1FieldElement.class DONE
/org/bouncycastle/math/ec/custom/gm/SM2P256V1FieldElement.class starting
/org/bouncycastle/math/ec/custom/gm/SM2P256V1FieldElement.class DONE
/org/bouncycastle/math/ec/custom/gm/SM2P256V1FieldElement.class starting
/org/bouncycastle/math/ec/custom/gm/SM2P256V1FieldElement.class DONE
/org/bouncycastle/math/ec/custom/gm/SM2P256V1FieldElement.class starting
/org/bouncycastle/math/ec/custom/gm/SM2P256V1FieldElement.class DONE
/org/bouncycastle/math/ec/custom/gm/SM2P256V1FieldElement.class starting
/org/bouncycastle/math/ec/custom/gm/SM2P256V1FieldElement.class DONE
/org/bouncycastle/math/ec/custom/gm/SM2P256V1FieldElement.class starting
/org/bouncycastle/math/ec/custom/gm/SM2P256V1FieldElement.class DONE
/org/bouncycastle/math/ec/custom/gm/SM2P256V1FieldElement.class starting
/org/bouncycastle/math/ec/custom/gm/SM2P256V1FieldElement.class DONE
/org/bouncycastle/math/ec/custom/gm/SM2P256V1FieldElement.class starting
/org/bouncycastle/math/ec/custom/gm/SM2P256V1FieldElement.class DONE
/org/bouncycastle/math/ec/custom/gm/SM2P256V1FieldElement.class starting
/org/bouncycastle/math/ec/custom/gm/SM2P256V1FieldElement.class DONE
/org/bouncycastle/math/ec/custom/gm/SM2P256V1FieldElement.class starting
/org/bouncycastle/math/ec/custom/gm/SM2P256V1FieldElement.class DONE
/org/bouncycastle/math/ec/custom/gm/SM2P256V1FieldElement.class starting
/org/bouncycastle/math/ec/custom/gm/SM2P256V1FieldElement.class DONE
/org/bouncycastle/math/ec/custom/gm/SM2P256V1FieldElement.class starting
/org/bouncycastle/math/ec/custom/gm/SM2P256V1FieldElement.class DONE
/org/bouncycastle/math/ec/custom/gm/SM2P256V1FieldElement.class starting
/org/bouncycastle/math/ec/custom/gm/SM2P256V1FieldElement.class DONE
/org/bouncycastle/math/ec/custom/gm/SM2P256V1FieldElement.class starting
/org/bouncycastle/math/ec/custom/gm/SM2P256V1FieldElement.class DONE
/org/bouncycastle/math/ec/custom/gm/SM2P256V1FieldElement.class starting
/org/bouncycastle/math/ec/custom/gm/SM2P256V1FieldElement.class DONE
/org/bouncycastle/math/ec/custom/gm/SM2P256V1FieldElement.class starting
/org/bouncycastle/math/ec/custom/gm/SM2P256V1FieldElement.class DONE
/org/bouncycastle/math/ec/custom/gm/SM2P256V1FieldElement.class starting
/org/bouncycastle/math/ec/custom/gm/SM2P256V1FieldElement.class DONE
/org/bouncycastle/math/ec/custom/gm/SM2P256V1FieldElement.class starting
/org/bouncycastle/math/ec/custom/gm/SM2P256V1FieldElement.class DONE
/org/bouncycastle/math/ec/custom/gm/SM2P256V1FieldElement.class starting
/org/bouncycastle/math/ec/custom/gm/SM2P256V1FieldElement.class DONE
/org/bouncycastle/math/ec/custom/gm/SM2P256V1FieldElement.class starting
/org/bouncycastle/math/ec/custom/gm/SM2P256V1FieldElement.class DONE
/org/bouncycastle/math/ec/custom/gm/SM2P256V1FieldElement.class starting
/org/bouncycastle/math/ec/custom/gm/SM2P256V1FieldElement.class DONE
/org/bouncycastle/math/ec/custom/gm/SM2P256V1FieldElement.class starting
/org/bouncycastle/math/ec/custom/gm/SM2P256V1FieldElement.class DONE
/org/bouncycastle/math/ec/custom/gm/SM2P256V1FieldElement.class starting
/org/bouncycastle/math/ec/custom/gm/SM2P256V1FieldElement.class DONE
/org/bouncycastle/math/ec/custom/gm/SM2P256V1FieldElement.class starting
/org/bouncycastle/math/ec/custom/gm/SM2P256V1FieldElement.class DONE
/org/bouncycastle/math/ec/custom/gm/SM2P256V1FieldElement.class starting
/org/bouncycastle/math/ec/custom/gm/SM2P256V1FieldElement.class DONE
/org/bouncycastle/math/ec/custom/gm/SM2P256V1FieldElement.class starting
/org/bouncycastle/math/ec/custom/gm/SM2P256V1FieldElement.class DONE
/org/bouncycastle/math/ec/custom/gm/SM2P256V1FieldElement.class starting
/org/bouncycastle/math/ec/custom/gm/SM2P256V1FieldElement.class DONE
/org/bouncycastle/math/ec/custom/gm/SM2P256V1FieldElement.class starting
/org/bouncycastle/math/ec/custom/gm/SM2P256V1FieldElement.class DONE
/org/bouncycastle/math/ec/custom/gm/SM2P256V1FieldElement.class starting
/org/bouncycastle/math/ec/custom/gm/SM2P256V1FieldElement.class DONE
/org/bouncycastle/math/ec/custom/gm/SM2P256V1FieldElement.class starting
/org/bouncycastle/math/ec/custom/gm/SM2P256V1FieldElement.class DONE
/org/bouncycastle/math/ec/custom/gm/SM2P256V1FieldElement.class starting
/org/bouncycastle/math/ec/custom/gm/SM2P256V1FieldElement.class DONE
/org/bouncycastle/math/ec/custom/gm/SM2P256V1FieldElement.class starting
/org/bouncycastle/math/ec/custom/gm/SM2P256V1FieldElement.class DONE
/org/bouncycastle/math/ec/custom/gm/SM2P256V1FieldElement.class starting
/org/bouncycastle/math/ec/custom/gm/SM2P256V1FieldElement.class DONE
/org/bouncycastle/math/ec/custom/gm/SM2P256V1FieldElement.class starting
/org/bouncycastle/math/ec/custom/gm/SM2P256V1FieldElement.class DONE
/org/bouncycastle/math/ec/custom/gm/SM2P256V1FieldElement.class starting
/org/bouncycastle/math/ec/custom/gm/SM2P256V1FieldElement.class DONE
/org/bouncycastle/math/ec/custom/gm/SM2P256V1FieldElement.class starting
/org/bouncycastle/math/ec/custom/gm/SM2P256V1FieldElement.class DONE
/org/bouncycastle/math/ec/custom/gm/SM2P256V1FieldElement.class starting
/org/bouncycastle/math/ec/custom/gm/SM2P256V1FieldElement.class DONE
/org/bouncycastle/math/ec/custom/gm/SM2P256V1FieldElement.class starting
/org/bouncycastle/math/ec/custom/gm/SM2P256V1FieldElement.class DONE
/org/bouncycastle/math/ec/custom/gm/SM2P256V1FieldElement.class starting
/org/bouncycastle/math/ec/custom/gm/SM2P256V1FieldElement.class DONE
/org/bouncycastle/math/ec/custom/gm/SM2P256V1FieldElement.class starting
/org/bouncycastle/math/ec/custom/gm/SM2P256V1FieldElement.class DONE
/org/bouncycastle/math/ec/custom/gm/SM2P256V1FieldElement.class starting
/org/bouncycastle/math/ec/custom/gm/SM2P256V1FieldElement.class DONE
/org/bouncycastle/math/ec/custom/gm/SM2P256V1FieldElement.class starting
/org/bouncycastle/math/ec/custom/gm/SM2P256V1FieldElement.class DONE
/org/bouncycastle/math/ec/custom/gm/SM2P256V1FieldElement.class starting
/org/bouncycastle/math/ec/custom/gm/SM2P256V1FieldElement.class DONE
/org/bouncycastle/math/ec/custom/gm/SM2P256V1FieldElement.class starting
/org/bouncycastle/math/ec/custom/gm/SM2P256V1FieldElement.class DONE
/org/bouncycastle/math/ec/custom/gm/SM2P256V1FieldElement.class starting
/org/bouncycastle/math/ec/custom/gm/SM2P256V1FieldElement.class DONE
/org/bouncycastle/math/ec/custom/gm/SM2P256V1FieldElement.class starting
/org/bouncycastle/math/ec/custom/gm/SM2P256V1FieldElement.class DONE
/org/bouncycastle/math/ec/custom/gm/SM2P256V1FieldElement.class starting
/org/bouncycastle/math/ec/custom/gm/SM2P256V1FieldElement.class DONE
/org/bouncycastle/math/ec/custom/gm/SM2P256V1FieldElement.class starting
/org/bouncycastle/math/ec/custom/gm/SM2P256V1FieldElement.class DONE
/org/bouncycastle/math/ec/custom/gm/SM2P256V1FieldElement.class starting
/org/bouncycastle/math/ec/custom/gm/SM2P256V1FieldElement.class DONE
/org/bouncycastle/math/ec/custom/gm/SM2P256V1FieldElement.class starting
/org/bouncycastle/math/ec/custom/gm/SM2P256V1FieldElement.class DONE
/org/bouncycastle/math/ec/custom/gm/SM2P256V1FieldElement.class starting
/org/bouncycastle/math/ec/custom/gm/SM2P256V1FieldElement.class DONE
/org/bouncycastle/math/ec/custom/gm/SM2P256V1FieldElement.class starting
/org/bouncycastle/math/ec/custom/gm/SM2P256V1FieldElement.class DONE
/org/bouncycastle/math/ec/custom/gm/SM2P256V1FieldElement.class starting
/org/bouncycastle/math/ec/custom/gm/SM2P256V1FieldElement.class DONE
/org/bouncycastle/math/ec/custom/gm/SM2P256V1FieldElement.class starting
/org/bouncycastle/math/ec/custom/gm/SM2P256V1FieldElement.class DONE
/org/bouncycastle/math/ec/custom/gm/SM2P256V1FieldElement.class starting
/org/bouncycastle/math/ec/custom/gm/SM2P256V1FieldElement.class DONE
/org/bouncycastle/math/ec/custom/gm/SM2P256V1FieldElement.class starting
/org/bouncycastle/math/ec/custom/gm/SM2P256V1FieldElement.class DONE
/org/bouncycastle/math/ec/custom/gm/SM2P256V1FieldElement.class starting
/org/bouncycastle/math/ec/custom/gm/SM2P256V1FieldElement.class DONE
/org/bouncycastle/math/ec/custom/gm/SM2P256V1FieldElement.class starting
/org/bouncycastle/math/ec/custom/gm/SM2P256V1FieldElement.class DONE
/org/bouncycastle/math/ec/custom/gm/SM2P256V1FieldElement.class starting
/org/bouncycastle/math/ec/custom/gm/SM2P256V1FieldElement.class DONE
/org/bouncycastle/math/ec/custom/gm/SM2P256V1FieldElement.class starting
/org/bouncycastle/math/ec/custom/gm/SM2P256V1FieldElement.class DONE
/org/bouncycastle/math/ec/custom/gm/SM2P256V1FieldElement.class starting
/org/bouncycastle/math/ec/custom/gm/SM2P256V1FieldElement.class DONE
/org/bouncycastle/math/ec/custom/gm/SM2P256V1FieldElement.class starting
/org/bouncycastle/math/ec/custom/gm/SM2P256V1FieldElement.class DONE
/org/bouncycastle/math/ec/custom/gm/SM2P256V1FieldElement.class starting
/org/bouncycastle/math/ec/custom/gm/SM2P256V1FieldElement.class DONE
/org/bouncycastle/math/ec/custom/gm/SM2P256V1FieldElement.class starting
/org/bouncycastle/math/ec/custom/gm/SM2P256V1FieldElement.class DONE
/org/bouncycastle/math/ec/custom/gm/SM2P256V1FieldElement.class starting
/org/bouncycastle/math/ec/custom/gm/SM2P256V1FieldElement.class DONE
/org/bouncycastle/math/ec/custom/gm/SM2P256V1FieldElement.class starting
/org/bouncycastle/math/ec/custom/gm/SM2P256V1FieldElement.class DONE
/org/bouncycastle/math/ec/custom/gm/SM2P256V1FieldElement.class starting
/org/bouncycastle/math/ec/custom/gm/SM2P256V1FieldElement.class DONE
/org/bouncycastle/math/ec/custom/gm/SM2P256V1FieldElement.class starting
/org/bouncycastle/math/ec/custom/gm/SM2P256V1FieldElement.class DONE
/org/bouncycastle/math/ec/custom/gm/SM2P256V1FieldElement.class starting
/org/bouncycastle/math/ec/custom/gm/SM2P256V1FieldElement.class DONE
/org/bouncycastle/math/ec/custom/gm/SM2P256V1FieldElement.class starting
/org/bouncycastle/math/ec/custom/gm/SM2P256V1FieldElement.class DONE
/org/bouncycastle/math/ec/custom/gm/SM2P256V1FieldElement.class starting
/org/bouncycastle/math/ec/custom/gm/SM2P256V1FieldElement.class DONE
/org/bouncycastle/math/ec/custom/gm/SM2P256V1FieldElement.class starting
/org/bouncycastle/math/ec/custom/gm/SM2P256V1FieldElement.class DONE
/org/bouncycastle/math/ec/custom/gm/SM2P256V1FieldElement.class starting
/org/bouncycastle/math/ec/custom/gm/SM2P256V1FieldElement.class DONE
/org/bouncycastle/math/ec/custom/gm/SM2P256V1FieldElement.class starting
/org/bouncycastle/math/ec/custom/gm/SM2P256V1FieldElement.class DONE
/org/bouncycastle/math/ec/custom/gm/SM2P256V1FieldElement.class starting
/org/bouncycastle/math/ec/custom/gm/SM2P256V1FieldElement.class DONE
/org/bouncycastle/math/ec/custom/gm/SM2P256V1FieldElement.class starting
/org/bouncycastle/math/ec/custom/gm/SM2P256V1FieldElement.class DONE
/org/bouncycastle/math/ec/custom/gm/SM2P256V1FieldElement.class starting
/org/bouncycastle/math/ec/custom/gm/SM2P256V1FieldElement.class DONE
/org/bouncycastle/math/ec/custom/gm/SM2P256V1FieldElement.class starting
/org/bouncycastle/math/ec/custom/gm/SM2P256V1FieldElement.class DONE
/org/bouncycastle/math/ec/custom/gm/SM2P256V1FieldElement.class starting
/org/bouncycastle/math/ec/custom/gm/SM2P256V1FieldElement.class DONE
/org/bouncycastle/math/ec/custom/gm/SM2P256V1FieldElement.class starting
/org/bouncycastle/math/ec/custom/gm/SM2P256V1FieldElement.class DONE
/org/bouncycastle/math/ec/custom/gm/SM2P256V1FieldElement.class starting
/org/bouncycastle/math/ec/custom/gm/SM2P256V1FieldElement.class DONE
/org/bouncycastle/math/ec/custom/gm/SM2P256V1FieldElement.class starting
/org/bouncycastle/math/ec/custom/gm/SM2P256V1FieldElement.class DONE
/org/bouncycastle/math/ec/custom/gm/SM2P256V1FieldElement.class starting
/org/bouncycastle/math/ec/custom/gm/SM2P256V1FieldElement.class DONE
/org/bouncycastle/math/ec/custom/gm/SM2P256V1FieldElement.class starting
/org/bouncycastle/math/ec/custom/gm/SM2P256V1FieldElement.class DONE
/org/bouncycastle/math/ec/custom/gm/SM2P256V1FieldElement.class starting
/org/bouncycastle/math/ec/custom/gm/SM2P256V1FieldElement.class DONE
/org/bouncycastle/math/ec/custom/gm/SM2P256V1FieldElement.class starting
/org/bouncycastle/math/ec/custom/gm/SM2P256V1FieldElement.class DONE
/org/bouncycastle/math/ec/custom/gm/SM2P256V1FieldElement.class starting
/org/bouncycastle/math/ec/custom/gm/SM2P256V1FieldElement.class DONE
/org/bouncycastle/math/ec/custom/gm/SM2P256V1FieldElement.class starting
/org/bouncycastle/math/ec/custom/gm/SM2P256V1FieldElement.class DONE
/org/bouncycastle/math/ec/custom/gm/SM2P256V1FieldElement.class starting
/org/bouncycastle/math/ec/custom/gm/SM2P256V1FieldElement.class DONE
/org/bouncycastle/math/ec/custom/gm/SM2P256V1FieldElement.class starting
/org/bouncycastle/math/ec/custom/gm/SM2P256V1FieldElement.class DONE
/org/bouncycastle/math/ec/custom/gm/SM2P256V1FieldElement.class starting
/org/bouncycastle/math/ec/custom/gm/SM2P256V1FieldElement.class DONE
/org/bouncycastle/math/ec/custom/gm/SM2P256V1FieldElement.class starting
/org/bouncycastle/math/ec/custom/gm/SM2P256V1FieldElement.class DONE
/org/bouncycastle/math/ec/custom/gm/SM2P256V1FieldElement.class starting
/org/bouncycastle/math/ec/custom/gm/SM2P256V1FieldElement.class DONE
/org/bouncycastle/math/ec/custom/gm/SM2P256V1FieldElement.class starting
/org/bouncycastle/math/ec/custom/gm/SM2P256V1FieldElement.class DONE
/org/bouncycastle/math/ec/custom/gm/SM2P256V1FieldElement.class starting
/org/bouncycastle/math/ec/custom/gm/SM2P256V1FieldElement.class DONE
/org/bouncycastle/math/ec/custom/gm/SM2P256V1FieldElement.class starting
/org/bouncycastle/math/ec/custom/gm/SM2P256V1FieldElement.class DONE
/org/bouncycastle/math/ec/custom/gm/SM2P256V1FieldElement.class starting
/org/bouncycastle/math/ec/custom/gm/SM2P256V1FieldElement.class DONE
/org/bouncycastle/math/ec/custom/gm/SM2P256V1FieldElement.class starting
/org/bouncycastle/math/ec/custom/gm/SM2P256V1FieldElement.class DONE
/org/bouncycastle/math/ec/custom/gm/SM2P256V1FieldElement.class starting
/org/bouncycastle/math/ec/custom/gm/SM2P256V1FieldElement.class DONE
/org/bouncycastle/math/ec/custom/gm/SM2P256V1FieldElement.class starting
/org/bouncycastle/math/ec/custom/gm/SM2P256V1FieldElement.class DONE
/org/bouncycastle/math/ec/custom/gm/SM2P256V1FieldElement.class starting
/org/bouncycastle/math/ec/custom/gm/SM2P256V1FieldElement.class DONE
/org/bouncycastle/math/ec/custom/gm/SM2P256V1FieldElement.class starting
/org/bouncycastle/math/ec/custom/gm/SM2P256V1FieldElement.class DONE
/org/bouncycastle/math/ec/custom/gm/SM2P256V1FieldElement.class starting
/org/bouncycastle/math/ec/custom/gm/SM2P256V1FieldElement.class DONE
/org/bouncycastle/math/ec/custom/gm/SM2P256V1FieldElement.class starting
/org/bouncycastle/math/ec/custom/gm/SM2P256V1FieldElement.class DONE
/org/bouncycastle/math/ec/custom/gm/SM2P256V1FieldElement.class starting
/org/bouncycastle/math/ec/custom/gm/SM2P256V1FieldElement.class DONE
/org/bouncycastle/math/ec/custom/gm/SM2P256V1FieldElement.class starting
/org/bouncycastle/math/ec/custom/gm/SM2P256V1FieldElement.class DONE
/org/bouncycastle/math/ec/custom/gm/SM2P256V1FieldElement.class starting
/org/bouncycastle/math/ec/custom/gm/SM2P256V1FieldElement.class DONE
/org/bouncycastle/math/ec/custom/gm/SM2P256V1FieldElement.class starting
/org/bouncycastle/math/ec/custom/gm/SM2P256V1FieldElement.class DONE
/org/bouncycastle/math/ec/custom/gm/SM2P256V1FieldElement.class starting
/org/bouncycastle/math/ec/custom/gm/SM2P256V1FieldElement.class DONE
/org/bouncycastle/math/ec/custom/gm/SM2P256V1FieldElement.class starting
/org/bouncycastle/math/ec/custom/gm/SM2P256V1FieldElement.class DONE
/org/bouncycastle/math/ec/custom/gm/SM2P256V1FieldElement.class starting
/org/bouncycastle/math/ec/custom/gm/SM2P256V1FieldElement.class DONE
/org/bouncycastle/math/ec/custom/gm/SM2P256V1FieldElement.class starting
/org/bouncycastle/math/ec/custom/gm/SM2P256V1FieldElement.class DONE
/org/bouncycastle/math/ec/custom/gm/SM2P256V1FieldElement.class starting
/org/bouncycastle/math/ec/custom/gm/SM2P256V1FieldElement.class DONE
/org/bouncycastle/math/ec/custom/gm/SM2P256V1FieldElement.class starting
/org/bouncycastle/math/ec/custom/gm/SM2P256V1FieldElement.class DONE
/org/bouncycastle/math/ec/custom/gm/SM2P256V1FieldElement.class starting
/org/bouncycastle/math/ec/custom/gm/SM2P256V1FieldElement.class DONE
/org/bouncycastle/math/ec/custom/gm/SM2P256V1FieldElement.class starting
/org/bouncycastle/math/ec/custom/gm/SM2P256V1FieldElement.class DONE
/org/bouncycastle/math/ec/custom/gm/SM2P256V1FieldElement.class starting
/org/bouncycastle/math/ec/custom/gm/SM2P256V1FieldElement.class DONE
/org/bouncycastle/math/ec/custom/gm/SM2P256V1FieldElement.class starting
/org/bouncycastle/math/ec/custom/gm/SM2P256V1FieldElement.class DONE
/org/bouncycastle/math/ec/custom/gm/SM2P256V1FieldElement.class starting
/org/bouncycastle/math/ec/custom/gm/SM2P256V1FieldElement.class DONE
/org/bouncycastle/math/ec/custom/gm/SM2P256V1FieldElement.class starting
/org/bouncycastle/math/ec/custom/gm/SM2P256V1FieldElement.class DONE
/org/bouncycastle/math/ec/custom/gm/SM2P256V1FieldElement.class starting
/org/bouncycastle/math/ec/custom/gm/SM2P256V1FieldElement.class DONE
/org/bouncycastle/math/ec/custom/gm/SM2P256V1FieldElement.class starting
/org/bouncycastle/math/ec/custom/gm/SM2P256V1FieldElement.class DONE
/org/bouncycastle/math/ec/custom/gm/SM2P256V1FieldElement.class starting
/org/bouncycastle/math/ec/custom/gm/SM2P256V1FieldElement.class DONE
/org/bouncycastle/math/ec/custom/gm/SM2P256V1FieldElement.class starting
/org/bouncycastle/math/ec/custom/gm/SM2P256V1FieldElement.class DONE
/org/bouncycastle/math/ec/custom/gm/SM2P256V1FieldElement.class starting
/org/bouncycastle/math/ec/custom/gm/SM2P256V1FieldElement.class DONE
/org/bouncycastle/math/ec/custom/gm/SM2P256V1FieldElement.class starting
/org/bouncycastle/math/ec/custom/gm/SM2P256V1FieldElement.class DONE
/org/bouncycastle/math/ec/custom/gm/SM2P256V1FieldElement.class starting
/org/bouncycastle/math/ec/custom/gm/SM2P256V1FieldElement.class DONE
/org/bouncycastle/math/ec/custom/gm/SM2P256V1FieldElement.class starting
/org/bouncycastle/math/ec/custom/gm/SM2P256V1FieldElement.class DONE
/org/bouncycastle/math/ec/custom/gm/SM2P256V1FieldElement.class starting
/org/bouncycastle/math/ec/custom/gm/SM2P256V1FieldElement.class DONE
/org/bouncycastle/math/ec/custom/gm/SM2P256V1FieldElement.class starting
/org/bouncycastle/math/ec/custom/gm/SM2P256V1FieldElement.class DONE
/org/bouncycastle/math/ec/custom/gm/SM2P256V1FieldElement.class starting
/org/bouncycastle/math/ec/custom/gm/SM2P256V1FieldElement.class DONE
/org/bouncycastle/math/ec/custom/gm/SM2P256V1FieldElement.class starting
/org/bouncycastle/math/ec/custom/gm/SM2P256V1FieldElement.class DONE
/org/bouncycastle/math/ec/custom/gm/SM2P256V1FieldElement.class starting
/org/bouncycastle/math/ec/custom/gm/SM2P256V1FieldElement.class DONE
/org/bouncycastle/math/ec/custom/gm/SM2P256V1FieldElement.class starting
/org/bouncycastle/math/ec/custom/gm/SM2P256V1FieldElement.class DONE
/org/bouncycastle/math/ec/custom/gm/SM2P256V1FieldElement.class starting
/org/bouncycastle/math/ec/custom/gm/SM2P256V1FieldElement.class DONE
/org/bouncycastle/math/ec/custom/gm/SM2P256V1FieldElement.class starting
/org/bouncycastle/math/ec/custom/gm/SM2P256V1FieldElement.class DONE
/org/bouncycastle/math/ec/custom/gm/SM2P256V1FieldElement.class starting
/org/bouncycastle/math/ec/custom/gm/SM2P256V1FieldElement.class DONE
/org/bouncycastle/math/ec/custom/gm/SM2P256V1FieldElement.class starting
/org/bouncycastle/math/ec/custom/gm/SM2P256V1FieldElement.class DONE
/org/bouncycastle/math/ec/custom/gm/SM2P256V1FieldElement.class starting
/org/bouncycastle/math/ec/custom/gm/SM2P256V1FieldElement.class DONE
/org/bouncycastle/math/ec/custom/gm/SM2P256V1FieldElement.class starting
/org/bouncycastle/math/ec/custom/gm/SM2P256V1FieldElement.class DONE
/org/bouncycastle/math/ec/custom/gm/SM2P256V1FieldElement.class starting
/org/bouncycastle/math/ec/custom/gm/SM2P256V1FieldElement.class DONE
/org/bouncycastle/math/ec/custom/gm/SM2P256V1FieldElement.class starting
/org/bouncycastle/math/ec/custom/gm/SM2P256V1FieldElement.class DONE
/org/bouncycastle/math/ec/custom/gm/SM2P256V1FieldElement.class starting
/org/bouncycastle/math/ec/custom/gm/SM2P256V1FieldElement.class DONE
/org/bouncycastle/math/ec/custom/gm/SM2P256V1FieldElement.class starting
/org/bouncycastle/math/ec/custom/gm/SM2P256V1FieldElement.class DONE
/org/bouncycastle/math/ec/custom/gm/SM2P256V1FieldElement.class starting
/org/bouncycastle/math/ec/custom/gm/SM2P256V1FieldElement.class DONE
/org/bouncycastle/math/ec/custom/gm/SM2P256V1FieldElement.class starting
/org/bouncycastle/math/ec/custom/gm/SM2P256V1FieldElement.class DONE
/org/bouncycastle/math/ec/custom/gm/SM2P256V1FieldElement.class starting
/org/bouncycastle/math/ec/custom/gm/SM2P256V1FieldElement.class DONE
/org/bouncycastle/math/ec/custom/gm/SM2P256V1FieldElement.class starting
/org/bouncycastle/math/ec/custom/gm/SM2P256V1FieldElement.class DONE
/org/bouncycastle/math/ec/custom/gm/SM2P256V1FieldElement.class starting
/org/bouncycastle/math/ec/custom/gm/SM2P256V1FieldElement.class DONE
/org/bouncycastle/math/ec/custom/gm/SM2P256V1FieldElement.class starting
/org/bouncycastle/math/ec/custom/gm/SM2P256V1FieldElement.class DONE
/org/bouncycastle/math/ec/custom/gm/SM2P256V1FieldElement.class starting
/org/bouncycastle/math/ec/custom/gm/SM2P256V1FieldElement.class DONE
/org/bouncycastle/math/ec/custom/gm/SM2P256V1FieldElement.class starting
/org/bouncycastle/math/ec/custom/gm/SM2P256V1FieldElement.class DONE
/org/bouncycastle/math/ec/custom/gm/SM2P256V1FieldElement.class starting
/org/bouncycastle/math/ec/custom/gm/SM2P256V1FieldElement.class DONE
/org/bouncycastle/math/ec/custom/gm/SM2P256V1FieldElement.class starting
/org/bouncycastle/math/ec/custom/gm/SM2P256V1FieldElement.class DONE
/org/bouncycastle/math/ec/custom/gm/SM2P256V1FieldElement.class starting
/org/bouncycastle/math/ec/custom/gm/SM2P256V1FieldElement.class DONE
/org/bouncycastle/math/ec/custom/gm/SM2P256V1FieldElement.class starting
/org/bouncycastle/math/ec/custom/gm/SM2P256V1FieldElement.class DONE
/org/bouncycastle/math/ec/custom/gm/SM2P256V1FieldElement.class starting
/org/bouncycastle/math/ec/custom/gm/SM2P256V1FieldElement.class DONE
/org/bouncycastle/math/ec/custom/gm/SM2P256V1FieldElement.class starting
/org/bouncycastle/math/ec/custom/gm/SM2P256V1FieldElement.class DONE
/org/bouncycastle/math/ec/custom/gm/SM2P256V1FieldElement.class starting
/org/bouncycastle/math/ec/custom/gm/SM2P256V1FieldElement.class DONE
/org/bouncycastle/math/ec/custom/gm/SM2P256V1FieldElement.class starting
/org/bouncycastle/math/ec/custom/gm/SM2P256V1FieldElement.class DONE
/org/bouncycastle/math/ec/custom/gm/SM2P256V1FieldElement.class starting
/org/bouncycastle/math/ec/custom/gm/SM2P256V1FieldElement.class DONE
/org/bouncycastle/math/ec/custom/gm/SM2P256V1FieldElement.class starting
/org/bouncycastle/math/ec/custom/gm/SM2P256V1FieldElement.class DONE
/org/bouncycastle/math/ec/custom/gm/SM2P256V1FieldElement.class starting
/org/bouncycastle/math/ec/custom/gm/SM2P256V1FieldElement.class DONE
/org/bouncycastle/math/ec/custom/gm/SM2P256V1FieldElement.class starting
/org/bouncycastle/math/ec/custom/gm/SM2P256V1FieldElement.class DONE
/org/bouncycastle/math/ec/custom/gm/SM2P256V1FieldElement.class starting
/org/bouncycastle/math/ec/custom/gm/SM2P256V1FieldElement.class DONE
/org/bouncycastle/math/ec/custom/gm/SM2P256V1FieldElement.class starting
/org/bouncycastle/math/ec/custom/gm/SM2P256V1FieldElement.class DONE
/org/bouncycastle/math/ec/custom/gm/SM2P256V1FieldElement.class starting
/org/bouncycastle/math/ec/custom/gm/SM2P256V1FieldElement.class DONE
/org/bouncycastle/math/ec/custom/gm/SM2P256V1FieldElement.class starting
/org/bouncycastle/math/ec/custom/gm/SM2P256V1FieldElement.class DONE
/org/bouncycastle/math/ec/custom/gm/SM2P256V1FieldElement.class starting
/org/bouncycastle/math/ec/custom/gm/SM2P256V1FieldElement.class DONE
/org/bouncycastle/math/ec/custom/gm/SM2P256V1FieldElement.class starting
/org/bouncycastle/math/ec/custom/gm/SM2P256V1FieldElement.class DONE
/org/bouncycastle/math/ec/custom/gm/SM2P256V1FieldElement.class starting
/org/bouncycastle/math/ec/custom/gm/SM2P256V1FieldElement.class DONE
/org/bouncycastle/math/ec/custom/gm/SM2P256V1FieldElement.class starting
/org/bouncycastle/math/ec/custom/gm/SM2P256V1FieldElement.class DONE
/org/bouncycastle/math/ec/custom/gm/SM2P256V1FieldElement.class starting
/org/bouncycastle/math/ec/custom/gm/SM2P256V1FieldElement.class DONE
/org/bouncycastle/math/ec/custom/gm/SM2P256V1FieldElement.class starting
/org/bouncycastle/math/ec/custom/gm/SM2P256V1FieldElement.class DONE
/org/bouncycastle/math/ec/custom/gm/SM2P256V1FieldElement.class starting
/org/bouncycastle/math/ec/custom/gm/SM2P256V1FieldElement.class DONE
/org/bouncycastle/math/ec/custom/gm/SM2P256V1FieldElement.class starting
/org/bouncycastle/math/ec/custom/gm/SM2P256V1FieldElement.class DONE
/org/bouncycastle/math/ec/custom/gm/SM2P256V1FieldElement.class starting
/org/bouncycastle/math/ec/custom/gm/SM2P256V1FieldElement.class DONE
/org/bouncycastle/math/ec/custom/gm/SM2P256V1FieldElement.class starting
/org/bouncycastle/math/ec/custom/gm/SM2P256V1FieldElement.class DONE
/org/bouncycastle/math/ec/custom/gm/SM2P256V1FieldElement.class starting
/org/bouncycastle/math/ec/custom/gm/SM2P256V1FieldElement.class DONE
/org/bouncycastle/math/ec/custom/gm/SM2P256V1FieldElement.class starting
/org/bouncycastle/math/ec/custom/gm/SM2P256V1FieldElement.class DONE
/org/bouncycastle/math/ec/custom/gm/SM2P256V1FieldElement.class starting
/org/bouncycastle/math/ec/custom/gm/SM2P256V1FieldElement.class DONE
/org/bouncycastle/math/ec/custom/gm/SM2P256V1FieldElement.class starting
/org/bouncycastle/math/ec/custom/gm/SM2P256V1FieldElement.class DONE
/org/bouncycastle/math/ec/custom/gm/SM2P256V1FieldElement.class starting
/org/bouncycastle/math/ec/custom/gm/SM2P256V1FieldElement.class DONE
/org/bouncycastle/math/ec/custom/gm/SM2P256V1FieldElement.class starting
/org/bouncycastle/math/ec/custom/gm/SM2P256V1FieldElement.class DONE
/org/bouncycastle/math/ec/custom/gm/SM2P256V1FieldElement.class starting
/org/bouncycastle/math/ec/custom/gm/SM2P256V1FieldElement.class DONE
/org/bouncycastle/math/ec/custom/gm/SM2P256V1FieldElement.class starting
/org/bouncycastle/math/ec/custom/gm/SM2P256V1FieldElement.class DONE
/org/bouncycastle/math/ec/custom/gm/SM2P256V1FieldElement.class starting
/org/bouncycastle/math/ec/custom/gm/SM2P256V1FieldElement.class DONE
/org/bouncycastle/math/ec/custom/gm/SM2P256V1FieldElement.class starting
/org/bouncycastle/math/ec/custom/gm/SM2P256V1FieldElement.class DONE
/org/bouncycastle/math/ec/custom/gm/SM2P256V1FieldElement.class starting
/org/bouncycastle/math/ec/custom/gm/SM2P256V1FieldElement.class DONE
/org/bouncycastle/math/ec/custom/gm/SM2P256V1FieldElement.class starting
/org/bouncycastle/math/ec/custom/gm/SM2P256V1FieldElement.class DONE
/org/bouncycastle/math/ec/custom/gm/SM2P256V1FieldElement.class starting
/org/bouncycastle/math/ec/custom/gm/SM2P256V1FieldElement.class DONE
/org/bouncycastle/math/ec/custom/gm/SM2P256V1FieldElement.class starting
/org/bouncycastle/math/ec/custom/gm/SM2P256V1FieldElement.class DONE
/org/bouncycastle/math/ec/custom/gm/SM2P256V1FieldElement.class starting
/org/bouncycastle/math/ec/custom/gm/SM2P256V1FieldElement.class DONE
/org/bouncycastle/math/ec/custom/gm/SM2P256V1FieldElement.class starting
/org/bouncycastle/math/ec/custom/gm/SM2P256V1FieldElement.class DONE
/org/bouncycastle/math/ec/custom/gm/SM2P256V1FieldElement.class starting
/org/bouncycastle/math/ec/custom/gm/SM2P256V1FieldElement.class DONE
/org/bouncycastle/math/ec/custom/gm/SM2P256V1FieldElement.class starting
/org/bouncycastle/math/ec/custom/gm/SM2P256V1FieldElement.class DONE
/org/bouncycastle/math/ec/custom/gm/SM2P256V1FieldElement.class starting
/org/bouncycastle/math/ec/custom/gm/SM2P256V1FieldElement.class DONE
/org/bouncycastle/math/ec/custom/gm/SM2P256V1FieldElement.class starting
/org/bouncycastle/math/ec/custom/gm/SM2P256V1FieldElement.class DONE
/org/bouncycastle/math/ec/custom/gm/SM2P256V1FieldElement.class starting
/org/bouncycastle/math/ec/custom/gm/SM2P256V1FieldElement.class DONE
/org/bouncycastle/math/ec/custom/gm/SM2P256V1FieldElement.class starting
/org/bouncycastle/math/ec/custom/gm/SM2P256V1FieldElement.class DONE
/org/bouncycastle/math/ec/custom/gm/SM2P256V1FieldElement.class starting
/org/bouncycastle/math/ec/custom/gm/SM2P256V1FieldElement.class DONE
/org/bouncycastle/math/ec/custom/gm/SM2P256V1FieldElement.class starting
/org/bouncycastle/math/ec/custom/gm/SM2P256V1FieldElement.class DONE
/org/bouncycastle/math/ec/custom/gm/SM2P256V1FieldElement.class starting
/org/bouncycastle/math/ec/custom/gm/SM2P256V1FieldElement.class DONE
/org/bouncycastle/math/ec/custom/gm/SM2P256V1FieldElement.class starting
/org/bouncycastle/math/ec/custom/gm/SM2P256V1FieldElement.class DONE
/org/bouncycastle/math/ec/custom/gm/SM2P256V1FieldElement.class starting
/org/bouncycastle/math/ec/custom/gm/SM2P256V1FieldElement.class DONE
/org/bouncycastle/math/ec/custom/gm/SM2P256V1FieldElement.class starting
/org/bouncycastle/math/ec/custom/gm/SM2P256V1FieldElement.class DONE
/org/bouncycastle/math/ec/custom/gm/SM2P256V1FieldElement.class starting
/org/bouncycastle/math/ec/custom/gm/SM2P256V1FieldElement.class DONE
/org/bouncycastle/math/ec/custom/gm/SM2P256V1FieldElement.class starting
/org/bouncycastle/math/ec/custom/gm/SM2P256V1FieldElement.class DONE
/org/bouncycastle/math/ec/custom/gm/SM2P256V1FieldElement.class starting
/org/bouncycastle/math/ec/custom/gm/SM2P256V1FieldElement.class DONE
/org/bouncycastle/math/ec/custom/gm/SM2P256V1FieldElement.class starting
/org/bouncycastle/math/ec/custom/gm/SM2P256V1FieldElement.class DONE
/org/bouncycastle/math/ec/custom/gm/SM2P256V1FieldElement.class starting
/org/bouncycastle/math/ec/custom/gm/SM2P256V1FieldElement.class DONE
/org/bouncycastle/math/ec/custom/gm/SM2P256V1FieldElement.class starting
/org/bouncycastle/math/ec/custom/gm/SM2P256V1FieldElement.class DONE
/org/bouncycastle/math/ec/custom/gm/SM2P256V1FieldElement.class starting
/org/bouncycastle/math/ec/custom/gm/SM2P256V1FieldElement.class DONE
/org/bouncycastle/math/ec/custom/gm/SM2P256V1FieldElement.class starting
/org/bouncycastle/math/ec/custom/gm/SM2P256V1FieldElement.class DONE
/org/bouncycastle/math/ec/custom/gm/SM2P256V1FieldElement.class starting
/org/bouncycastle/math/ec/custom/gm/SM2P256V1FieldElement.class DONE
/org/bouncycastle/math/ec/custom/gm/SM2P256V1FieldElement.class starting
/org/bouncycastle/math/ec/custom/gm/SM2P256V1FieldElement.class DONE
/org/bouncycastle/math/ec/custom/gm/SM2P256V1FieldElement.class starting
/org/bouncycastle/math/ec/custom/gm/SM2P256V1FieldElement.class DONE
/org/bouncycastle/math/ec/custom/gm/SM2P256V1FieldElement.class starting
/org/bouncycastle/math/ec/custom/gm/SM2P256V1FieldElement.class DONE
/org/bouncycastle/math/ec/custom/gm/SM2P256V1FieldElement.class starting
/org/bouncycastle/math/ec/custom/gm/SM2P256V1FieldElement.class DONE
/org/bouncycastle/math/ec/custom/gm/SM2P256V1FieldElement.class starting
/org/bouncycastle/math/ec/custom/gm/SM2P256V1FieldElement.class DONE
/org/bouncycastle/math/ec/custom/gm/SM2P256V1FieldElement.class starting
/org/bouncycastle/math/ec/custom/gm/SM2P256V1FieldElement.class DONE
/org/bouncycastle/math/ec/custom/gm/SM2P256V1FieldElement.class starting
/org/bouncycastle/math/ec/custom/gm/SM2P256V1FieldElement.class DONE
/org/bouncycastle/math/ec/custom/gm/SM2P256V1FieldElement.class starting
/org/bouncycastle/math/ec/custom/gm/SM2P256V1FieldElement.class DONE
/org/bouncycastle/math/ec/custom/gm/SM2P256V1FieldElement.class starting
/org/bouncycastle/math/ec/custom/gm/SM2P256V1FieldElement.class DONE
/org/bouncycastle/math/ec/custom/gm/SM2P256V1FieldElement.class starting
/org/bouncycastle/math/ec/custom/gm/SM2P256V1FieldElement.class DONE
/org/bouncycastle/math/ec/custom/gm/SM2P256V1FieldElement.class starting
/org/bouncycastle/math/ec/custom/gm/SM2P256V1FieldElement.class DONE
/org/bouncycastle/math/ec/custom/gm/SM2P256V1FieldElement.class starting
/org/bouncycastle/math/ec/custom/gm/SM2P256V1FieldElement.class DONE
/org/bouncycastle/math/ec/custom/gm/SM2P256V1FieldElement.class starting
/org/bouncycastle/math/ec/custom/gm/SM2P256V1FieldElement.class DONE
/org/bouncycastle/math/ec/custom/gm/SM2P256V1FieldElement.class starting
/org/bouncycastle/math/ec/custom/gm/SM2P256V1FieldElement.class DONE
/org/bouncycastle/math/ec/custom/gm/SM2P256V1FieldElement.class starting
/org/bouncycastle/math/ec/custom/gm/SM2P256V1FieldElement.class DONE
/org/bouncycastle/math/ec/custom/gm/SM2P256V1FieldElement.class starting
/org/bouncycastle/math/ec/custom/gm/SM2P256V1FieldElement.class DONE
/org/bouncycastle/math/ec/custom/gm/SM2P256V1FieldElement.class starting
/org/bouncycastle/math/ec/custom/gm/SM2P256V1FieldElement.class DONE
/org/bouncycastle/math/ec/custom/gm/SM2P256V1FieldElement.class starting
/org/bouncycastle/math/ec/custom/gm/SM2P256V1FieldElement.class DONE
/org/bouncycastle/math/ec/custom/gm/SM2P256V1FieldElement.class starting
/org/bouncycastle/math/ec/custom/gm/SM2P256V1FieldElement.class DONE
/org/bouncycastle/math/ec/custom/gm/SM2P256V1FieldElement.class starting
/org/bouncycastle/math/ec/custom/gm/SM2P256V1FieldElement.class DONE
/org/bouncycastle/math/ec/custom/gm/SM2P256V1FieldElement.class starting
/org/bouncycastle/math/ec/custom/gm/SM2P256V1FieldElement.class DONE
/org/bouncycastle/math/ec/custom/gm/SM2P256V1FieldElement.class starting
/org/bouncycastle/math/ec/custom/gm/SM2P256V1FieldElement.class DONE
/org/bouncycastle/math/ec/custom/gm/SM2P256V1FieldElement.class starting
/org/bouncycastle/math/ec/custom/gm/SM2P256V1FieldElement.class DONE
/org/bouncycastle/math/ec/custom/gm/SM2P256V1FieldElement.class starting
/org/bouncycastle/math/ec/custom/gm/SM2P256V1FieldElement.class DONE
/org/bouncycastle/math/ec/custom/gm/SM2P256V1FieldElement.class starting
/org/bouncycastle/math/ec/custom/gm/SM2P256V1FieldElement.class DONE
/org/bouncycastle/math/ec/custom/gm/SM2P256V1FieldElement.class starting
/org/bouncycastle/math/ec/custom/gm/SM2P256V1FieldElement.class DONE
/org/bouncycastle/math/ec/custom/gm/SM2P256V1FieldElement.class starting
/org/bouncycastle/math/ec/custom/gm/SM2P256V1FieldElement.class DONE
/org/bouncycastle/math/ec/custom/gm/SM2P256V1FieldElement.class starting
/org/bouncycastle/math/ec/custom/gm/SM2P256V1FieldElement.class DONE
/org/bouncycastle/math/ec/custom/gm/SM2P256V1FieldElement.class starting
/org/bouncycastle/math/ec/custom/gm/SM2P256V1FieldElement.class DONE
/org/bouncycastle/math/ec/custom/gm/SM2P256V1FieldElement.class starting
/org/bouncycastle/math/ec/custom/gm/SM2P256V1FieldElement.class DONE
/org/bouncycastle/math/ec/custom/gm/SM2P256V1FieldElement.class starting
/org/bouncycastle/math/ec/custom/gm/SM2P256V1FieldElement.class DONE
/org/bouncycastle/math/ec/custom/gm/SM2P256V1FieldElement.class starting
/org/bouncycastle/math/ec/custom/gm/SM2P256V1FieldElement.class DONE
/org/bouncycastle/math/ec/custom/gm/SM2P256V1FieldElement.class starting
/org/bouncycastle/math/ec/custom/gm/SM2P256V1FieldElement.class DONE
/org/bouncycastle/math/ec/custom/gm/SM2P256V1FieldElement.class starting
/org/bouncycastle/math/ec/custom/gm/SM2P256V1FieldElement.class DONE
/org/bouncycastle/math/ec/custom/gm/SM2P256V1FieldElement.class starting
/org/bouncycastle/math/ec/custom/gm/SM2P256V1FieldElement.class DONE
/org/bouncycastle/math/ec/custom/gm/SM2P256V1FieldElement.class starting
/org/bouncycastle/math/ec/custom/gm/SM2P256V1FieldElement.class DONE
/org/bouncycastle/math/ec/custom/gm/SM2P256V1FieldElement.class starting
/org/bouncycastle/math/ec/custom/gm/SM2P256V1FieldElement.class DONE
/org/bouncycastle/math/ec/custom/gm/SM2P256V1FieldElement.class starting
/org/bouncycastle/math/ec/custom/gm/SM2P256V1FieldElement.class DONE
/org/bouncycastle/math/ec/custom/gm/SM2P256V1FieldElement.class starting
/org/bouncycastle/math/ec/custom/gm/SM2P256V1FieldElement.class DONE
/org/bouncycastle/math/ec/custom/gm/SM2P256V1FieldElement.class starting
/org/bouncycastle/math/ec/custom/gm/SM2P256V1FieldElement.class DONE
/org/bouncycastle/math/ec/custom/gm/SM2P256V1FieldElement.class starting
/org/bouncycastle/math/ec/custom/gm/SM2P256V1FieldElement.class DONE
/org/bouncycastle/math/ec/custom/gm/SM2P256V1FieldElement.class starting
/org/bouncycastle/math/ec/custom/gm/SM2P256V1FieldElement.class DONE
/org/bouncycastle/math/ec/custom/gm/SM2P256V1FieldElement.class starting
/org/bouncycastle/math/ec/custom/gm/SM2P256V1FieldElement.class DONE
/org/bouncycastle/math/ec/custom/gm/SM2P256V1FieldElement.class starting
/org/bouncycastle/math/ec/custom/gm/SM2P256V1FieldElement.class DONE
/org/bouncycastle/math/ec/custom/gm/SM2P256V1FieldElement.class starting
/org/bouncycastle/math/ec/custom/gm/SM2P256V1FieldElement.class DONE
/org/bouncycastle/math/ec/custom/gm/SM2P256V1FieldElement.class starting
/org/bouncycastle/math/ec/custom/gm/SM2P256V1FieldElement.class DONE
/org/bouncycastle/math/ec/custom/gm/SM2P256V1FieldElement.class starting
/org/bouncycastle/math/ec/custom/gm/SM2P256V1FieldElement.class DONE
/org/bouncycastle/math/ec/custom/gm/SM2P256V1FieldElement.class starting
/org/bouncycastle/math/ec/custom/gm/SM2P256V1FieldElement.class DONE
/org/bouncycastle/math/ec/custom/gm/SM2P256V1FieldElement.class starting
/org/bouncycastle/math/ec/custom/gm/SM2P256V1FieldElement.class DONE
/org/bouncycastle/math/ec/custom/gm/SM2P256V1FieldElement.class starting
/org/bouncycastle/math/ec/custom/gm/SM2P256V1FieldElement.class DONE
/org/bouncycastle/math/ec/custom/gm/SM2P256V1FieldElement.class starting
/org/bouncycastle/math/ec/custom/gm/SM2P256V1FieldElement.class DONE
/org/bouncycastle/math/ec/custom/gm/SM2P256V1FieldElement.class starting
/org/bouncycastle/math/ec/custom/gm/SM2P256V1FieldElement.class DONE
/org/bouncycastle/math/ec/custom/gm/SM2P256V1FieldElement.class starting
/org/bouncycastle/math/ec/custom/gm/SM2P256V1FieldElement.class DONE
/org/bouncycastle/math/ec/custom/gm/SM2P256V1FieldElement.class starting
/org/bouncycastle/math/ec/custom/gm/SM2P256V1FieldElement.class DONE
/org/bouncycastle/math/ec/custom/gm/SM2P256V1FieldElement.class starting
/org/bouncycastle/math/ec/custom/gm/SM2P256V1FieldElement.class DONE
/org/bouncycastle/math/ec/custom/gm/SM2P256V1FieldElement.class starting
/org/bouncycastle/math/ec/custom/gm/SM2P256V1FieldElement.class DONE
/org/bouncycastle/math/ec/custom/gm/SM2P256V1FieldElement.class starting
/org/bouncycastle/math/ec/custom/gm/SM2P256V1FieldElement.class DONE
/org/bouncycastle/math/ec/custom/gm/SM2P256V1FieldElement.class starting
/org/bouncycastle/math/ec/custom/gm/SM2P256V1FieldElement.class DONE
/org/bouncycastle/math/ec/custom/gm/SM2P256V1FieldElement.class starting
/org/bouncycastle/math/ec/custom/gm/SM2P256V1FieldElement.class DONE
/org/bouncycastle/math/ec/custom/gm/SM2P256V1FieldElement.class starting
/org/bouncycastle/math/ec/custom/gm/SM2P256V1FieldElement.class DONE
/org/bouncycastle/math/ec/custom/gm/SM2P256V1FieldElement.class starting
/org/bouncycastle/math/ec/custom/gm/SM2P256V1FieldElement.class DONE
/org/bouncycastle/math/ec/custom/gm/SM2P256V1FieldElement.class starting
/org/bouncycastle/math/ec/custom/gm/SM2P256V1FieldElement.class DONE
/org/bouncycastle/math/ec/custom/gm/SM2P256V1FieldElement.class starting
/org/bouncycastle/math/ec/custom/gm/SM2P256V1FieldElement.class DONE
/org/bouncycastle/math/ec/custom/gm/SM2P256V1FieldElement.class starting
/org/bouncycastle/math/ec/custom/gm/SM2P256V1FieldElement.class DONE
/org/bouncycastle/math/ec/custom/gm/SM2P256V1FieldElement.class starting
/org/bouncycastle/math/ec/custom/gm/SM2P256V1FieldElement.class DONE
/org/bouncycastle/math/ec/custom/gm/SM2P256V1FieldElement.class starting
/org/bouncycastle/math/ec/custom/gm/SM2P256V1FieldElement.class DONE
/org/bouncycastle/math/ec/custom/gm/SM2P256V1FieldElement.class starting
/org/bouncycastle/math/ec/custom/gm/SM2P256V1FieldElement.class DONE
/org/bouncycastle/math/ec/custom/gm/SM2P256V1FieldElement.class starting
/org/bouncycastle/math/ec/custom/gm/SM2P256V1FieldElement.class DONE
/org/bouncycastle/math/ec/custom/gm/SM2P256V1FieldElement.class starting
/org/bouncycastle/math/ec/custom/gm/SM2P256V1FieldElement.class DONE
/org/bouncycastle/math/ec/custom/gm/SM2P256V1FieldElement.class starting
/org/bouncycastle/math/ec/custom/gm/SM2P256V1FieldElement.class DONE
/org/bouncycastle/math/ec/custom/gm/SM2P256V1FieldElement.class starting
/org/bouncycastle/math/ec/custom/gm/SM2P256V1FieldElement.class DONE
/org/bouncycastle/math/ec/custom/gm/SM2P256V1FieldElement.class starting
/org/bouncycastle/math/ec/custom/gm/SM2P256V1FieldElement.class DONE
/org/bouncycastle/math/ec/custom/gm/SM2P256V1FieldElement.class starting
/org/bouncycastle/math/ec/custom/gm/SM2P256V1FieldElement.class DONE
/org/bouncycastle/math/ec/custom/gm/SM2P256V1FieldElement.class starting
/org/bouncycastle/math/ec/custom/gm/SM2P256V1FieldElement.class DONE
/org/bouncycastle/math/ec/custom/gm/SM2P256V1FieldElement.class starting
/org/bouncycastle/math/ec/custom/gm/SM2P256V1FieldElement.class DONE
/org/bouncycastle/math/ec/custom/gm/SM2P256V1FieldElement.class starting
/org/bouncycastle/math/ec/custom/gm/SM2P256V1FieldElement.class DONE
/org/bouncycastle/math/ec/custom/gm/SM2P256V1FieldElement.class starting
/org/bouncycastle/math/ec/custom/gm/SM2P256V1FieldElement.class DONE
/org/bouncycastle/math/ec/custom/gm/SM2P256V1FieldElement.class starting
/org/bouncycastle/math/ec/custom/gm/SM2P256V1FieldElement.class DONE
/org/bouncycastle/math/ec/custom/gm/SM2P256V1FieldElement.class starting
/org/bouncycastle/math/ec/custom/gm/SM2P256V1FieldElement.class DONE
/org/bouncycastle/math/ec/custom/gm/SM2P256V1FieldElement.class starting
/org/bouncycastle/math/ec/custom/gm/SM2P256V1FieldElement.class DONE
/org/bouncycastle/math/ec/custom/gm/SM2P256V1FieldElement.class starting
/org/bouncycastle/math/ec/custom/gm/SM2P256V1FieldElement.class DONE
/org/bouncycastle/math/ec/custom/gm/SM2P256V1FieldElement.class starting
/org/bouncycastle/math/ec/custom/gm/SM2P256V1FieldElement.class DONE
/org/bouncycastle/math/ec/custom/gm/SM2P256V1FieldElement.class starting
/org/bouncycastle/math/ec/custom/gm/SM2P256V1FieldElement.class DONE
/org/bouncycastle/math/ec/custom/gm/SM2P256V1FieldElement.class starting
/org/bouncycastle/math/ec/custom/gm/SM2P256V1FieldElement.class DONE
/org/bouncycastle/math/ec/custom/gm/SM2P256V1FieldElement.class starting
/org/bouncycastle/math/ec/custom/gm/SM2P256V1FieldElement.class DONE
/org/bouncycastle/math/ec/custom/gm/SM2P256V1FieldElement.class starting
/org/bouncycastle/math/ec/custom/gm/SM2P256V1FieldElement.class DONE
/org/bouncycastle/math/ec/custom/gm/SM2P256V1FieldElement.class starting
/org/bouncycastle/math/ec/custom/gm/SM2P256V1FieldElement.class DONE
/org/bouncycastle/math/ec/custom/gm/SM2P256V1FieldElement.class starting
/org/bouncycastle/math/ec/custom/gm/SM2P256V1FieldElement.class DONE
/org/bouncycastle/math/ec/custom/gm/SM2P256V1FieldElement.class starting
/org/bouncycastle/math/ec/custom/gm/SM2P256V1FieldElement.class DONE
/org/bouncycastle/math/ec/custom/gm/SM2P256V1FieldElement.class starting
/org/bouncycastle/math/ec/custom/gm/SM2P256V1FieldElement.class DONE
/org/bouncycastle/math/ec/custom/gm/SM2P256V1FieldElement.class starting
/org/bouncycastle/math/ec/custom/gm/SM2P256V1FieldElement.class DONE
/org/bouncycastle/math/ec/custom/gm/SM2P256V1FieldElement.class starting
/org/bouncycastle/math/ec/custom/gm/SM2P256V1FieldElement.class DONE
/org/bouncycastle/math/ec/custom/gm/SM2P256V1FieldElement.class starting
/org/bouncycastle/math/ec/custom/gm/SM2P256V1FieldElement.class DONE
/org/bouncycastle/math/ec/custom/gm/SM2P256V1FieldElement.class starting
/org/bouncycastle/math/ec/custom/gm/SM2P256V1FieldElement.class DONE
/org/bouncycastle/math/ec/custom/gm/SM2P256V1FieldElement.class starting
/org/bouncycastle/math/ec/custom/gm/SM2P256V1FieldElement.class DONE
/org/bouncycastle/math/ec/custom/gm/SM2P256V1FieldElement.class starting
/org/bouncycastle/math/ec/custom/gm/SM2P256V1FieldElement.class DONE
/org/bouncycastle/math/ec/custom/gm/SM2P256V1FieldElement.class starting
/org/bouncycastle/math/ec/custom/gm/SM2P256V1FieldElement.class DONE
/org/bouncycastle/math/ec/custom/gm/SM2P256V1FieldElement.class starting
/org/bouncycastle/math/ec/custom/gm/SM2P256V1FieldElement.class DONE
/org/bouncycastle/math/ec/custom/gm/SM2P256V1FieldElement.class starting
/org/bouncycastle/math/ec/custom/gm/SM2P256V1FieldElement.class DONE
/org/bouncycastle/math/ec/custom/gm/SM2P256V1FieldElement.class starting
/org/bouncycastle/math/ec/custom/gm/SM2P256V1FieldElement.class DONE
/org/bouncycastle/math/ec/custom/gm/SM2P256V1FieldElement.class starting
/org/bouncycastle/math/ec/custom/gm/SM2P256V1FieldElement.class DONE
/org/bouncycastle/math/ec/custom/gm/SM2P256V1FieldElement.class starting
/org/bouncycastle/math/ec/custom/gm/SM2P256V1FieldElement.class DONE
/org/bouncycastle/math/ec/custom/gm/SM2P256V1FieldElement.class starting
/org/bouncycastle/math/ec/custom/gm/SM2P256V1FieldElement.class DONE
/org/bouncycastle/math/ec/custom/gm/SM2P256V1FieldElement.class starting
/org/bouncycastle/math/ec/custom/gm/SM2P256V1FieldElement.class DONE
/org/bouncycastle/math/ec/custom/gm/SM2P256V1FieldElement.class starting
/org/bouncycastle/math/ec/custom/gm/SM2P256V1FieldElement.class DONE
/org/bouncycastle/math/ec/custom/gm/SM2P256V1FieldElement.class starting
/org/bouncycastle/math/ec/custom/gm/SM2P256V1FieldElement.class DONE
/org/bouncycastle/math/ec/custom/gm/SM2P256V1FieldElement.class starting
/org/bouncycastle/math/ec/custom/gm/SM2P256V1FieldElement.class DONE
/org/bouncycastle/math/ec/custom/gm/SM2P256V1FieldElement.class starting
/org/bouncycastle/math/ec/custom/gm/SM2P256V1FieldElement.class DONE
/org/bouncycastle/math/ec/custom/gm/SM2P256V1FieldElement.class starting
/org/bouncycastle/math/ec/custom/gm/SM2P256V1FieldElement.class DONE
/org/bouncycastle/math/ec/custom/gm/SM2P256V1FieldElement.class starting
/org/bouncycastle/math/ec/custom/gm/SM2P256V1FieldElement.class DONE
/org/bouncycastle/math/ec/custom/gm/SM2P256V1FieldElement.class starting
/org/bouncycastle/math/ec/custom/gm/SM2P256V1FieldElement.class DONE
/org/bouncycastle/math/ec/custom/gm/SM2P256V1FieldElement.class starting
/org/bouncycastle/math/ec/custom/gm/SM2P256V1FieldElement.class DONE
/org/bouncycastle/math/ec/custom/gm/SM2P256V1FieldElement.class starting
/org/bouncycastle/math/ec/custom/gm/SM2P256V1FieldElement.class DONE
/org/bouncycastle/math/ec/custom/gm/SM2P256V1FieldElement.class starting
/org/bouncycastle/math/ec/custom/gm/SM2P256V1FieldElement.class DONE
/org/bouncycastle/math/ec/custom/gm/SM2P256V1FieldElement.class starting
/org/bouncycastle/math/ec/custom/gm/SM2P256V1FieldElement.class DONE
/org/bouncycastle/math/ec/custom/gm/SM2P256V1FieldElement.class starting
/org/bouncycastle/math/ec/custom/gm/SM2P256V1FieldElement.class DONE
/org/bouncycastle/math/ec/custom/gm/SM2P256V1FieldElement.class starting
/org/bouncycastle/math/ec/custom/gm/SM2P256V1FieldElement.class DONE
/org/bouncycastle/math/ec/custom/gm/SM2P256V1FieldElement.class starting
/org/bouncycastle/math/ec/custom/gm/SM2P256V1FieldElement.class DONE
/org/bouncycastle/math/ec/custom/gm/SM2P256V1FieldElement.class starting
/org/bouncycastle/math/ec/custom/gm/SM2P256V1FieldElement.class DONE
/org/bouncycastle/math/ec/custom/gm/SM2P256V1FieldElement.class starting
/org/bouncycastle/math/ec/custom/gm/SM2P256V1FieldElement.class DONE
/org/bouncycastle/math/ec/custom/gm/SM2P256V1FieldElement.class starting
/org/bouncycastle/math/ec/custom/gm/SM2P256V1FieldElement.class DONE
/org/bouncycastle/math/ec/custom/gm/SM2P256V1FieldElement.class starting
/org/bouncycastle/math/ec/custom/gm/SM2P256V1FieldElement.class DONE
/org/bouncycastle/math/ec/custom/gm/SM2P256V1FieldElement.class starting
/org/bouncycastle/math/ec/custom/gm/SM2P256V1FieldElement.class DONE
/org/bouncycastle/math/ec/custom/gm/SM2P256V1FieldElement.class starting
/org/bouncycastle/math/ec/custom/gm/SM2P256V1FieldElement.class DONE
/org/bouncycastle/math/ec/custom/gm/SM2P256V1FieldElement.class starting
/org/bouncycastle/math/ec/custom/gm/SM2P256V1FieldElement.class DONE
/org/bouncycastle/math/ec/custom/gm/SM2P256V1FieldElement.class starting
/org/bouncycastle/math/ec/custom/gm/SM2P256V1FieldElement.class DONE
/org/bouncycastle/math/ec/custom/gm/SM2P256V1FieldElement.class starting
/org/bouncycastle/math/ec/custom/gm/SM2P256V1FieldElement.class DONE
/org/bouncycastle/math/ec/custom/gm/SM2P256V1FieldElement.class starting
/org/bouncycastle/math/ec/custom/gm/SM2P256V1FieldElement.class DONE
/org/bouncycastle/math/ec/custom/gm/SM2P256V1FieldElement.class starting
/org/bouncycastle/math/ec/custom/gm/SM2P256V1FieldElement.class DONE
/org/bouncycastle/math/ec/custom/gm/SM2P256V1FieldElement.class starting
/org/bouncycastle/math/ec/custom/gm/SM2P256V1FieldElement.class DONE
/org/bouncycastle/math/ec/custom/gm/SM2P256V1FieldElement.class starting
/org/bouncycastle/math/ec/custom/gm/SM2P256V1FieldElement.class DONE
/org/bouncycastle/math/ec/custom/gm/SM2P256V1FieldElement.class starting
/org/bouncycastle/math/ec/custom/gm/SM2P256V1FieldElement.class DONE
/org/bouncycastle/math/ec/custom/gm/SM2P256V1FieldElement.class starting
/org/bouncycastle/math/ec/custom/gm/SM2P256V1FieldElement.class DONE
/org/bouncycastle/math/ec/custom/gm/SM2P256V1FieldElement.class starting
/org/bouncycastle/math/ec/custom/gm/SM2P256V1FieldElement.class DONE
/org/bouncycastle/math/ec/custom/gm/SM2P256V1FieldElement.class starting
/org/bouncycastle/math/ec/custom/gm/SM2P256V1FieldElement.class DONE
/org/bouncycastle/math/ec/custom/gm/SM2P256V1FieldElement.class starting
/org/bouncycastle/math/ec/custom/gm/SM2P256V1FieldElement.class DONE
/org/bouncycastle/math/ec/custom/gm/SM2P256V1FieldElement.class starting
/org/bouncycastle/math/ec/custom/gm/SM2P256V1FieldElement.class DONE
/org/bouncycastle/math/ec/custom/gm/SM2P256V1FieldElement.class starting
/org/bouncycastle/math/ec/custom/gm/SM2P256V1FieldElement.class DONE
/org/bouncycastle/math/ec/custom/gm/SM2P256V1FieldElement.class starting
/org/bouncycastle/math/ec/custom/gm/SM2P256V1FieldElement.class DONE
/org/bouncycastle/math/ec/custom/gm/SM2P256V1FieldElement.class starting
/org/bouncycastle/math/ec/custom/gm/SM2P256V1FieldElement.class DONE
/org/bouncycastle/math/ec/custom/gm/SM2P256V1FieldElement.class starting
/org/bouncycastle/math/ec/custom/gm/SM2P256V1FieldElement.class DONE
/org/bouncycastle/math/ec/custom/gm/SM2P256V1FieldElement.class starting
/org/bouncycastle/math/ec/custom/gm/SM2P256V1FieldElement.class DONE
/org/bouncycastle/math/ec/custom/gm/SM2P256V1FieldElement.class starting
/org/bouncycastle/math/ec/custom/gm/SM2P256V1FieldElement.class DONE
/org/bouncycastle/math/ec/custom/gm/SM2P256V1FieldElement.class starting
/org/bouncycastle/math/ec/custom/gm/SM2P256V1FieldElement.class DONE
/org/bouncycastle/math/ec/custom/gm/SM2P256V1FieldElement.class starting
/org/bouncycastle/math/ec/custom/gm/SM2P256V1FieldElement.class DONE
/org/bouncycastle/math/ec/custom/gm/SM2P256V1FieldElement.class starting
/org/bouncycastle/math/ec/custom/gm/SM2P256V1FieldElement.class DONE
/org/bouncycastle/math/ec/custom/gm/SM2P256V1FieldElement.class starting
/org/bouncycastle/math/ec/custom/gm/SM2P256V1FieldElement.class DONE
/org/bouncycastle/math/ec/custom/gm/SM2P256V1FieldElement.class starting
/org/bouncycastle/math/ec/custom/gm/SM2P256V1FieldElement.class DONE
/org/bouncycastle/math/ec/custom/gm/SM2P256V1FieldElement.class starting
/org/bouncycastle/math/ec/custom/gm/SM2P256V1FieldElement.class DONE
/org/bouncycastle/math/ec/custom/gm/SM2P256V1FieldElement.class starting
/org/bouncycastle/math/ec/custom/gm/SM2P256V1FieldElement.class DONE
/org/bouncycastle/math/ec/custom/gm/SM2P256V1FieldElement.class starting
/org/bouncycastle/math/ec/custom/gm/SM2P256V1FieldElement.class DONE
/org/bouncycastle/math/ec/custom/gm/SM2P256V1FieldElement.class starting
/org/bouncycastle/math/ec/custom/gm/SM2P256V1FieldElement.class DONE
/org/bouncycastle/math/ec/custom/gm/SM2P256V1FieldElement.class starting
/org/bouncycastle/math/ec/custom/gm/SM2P256V1FieldElement.class DONE
/org/bouncycastle/math/ec/custom/gm/SM2P256V1FieldElement.class starting
/org/bouncycastle/math/ec/custom/gm/SM2P256V1FieldElement.class DONE
/org/bouncycastle/math/ec/custom/gm/SM2P256V1FieldElement.class starting
/org/bouncycastle/math/ec/custom/gm/SM2P256V1FieldElement.class DONE
/org/bouncycastle/math/ec/custom/gm/SM2P256V1FieldElement.class starting
/org/bouncycastle/math/ec/custom/gm/SM2P256V1FieldElement.class DONE
/org/bouncycastle/math/ec/custom/gm/SM2P256V1FieldElement.class starting
/org/bouncycastle/math/ec/custom/gm/SM2P256V1FieldElement.class DONE
/org/bouncycastle/math/ec/custom/gm/SM2P256V1FieldElement.class starting
/org/bouncycastle/math/ec/custom/gm/SM2P256V1FieldElement.class DONE
/org/bouncycastle/math/ec/custom/gm/SM2P256V1FieldElement.class starting
/org/bouncycastle/math/ec/custom/gm/SM2P256V1FieldElement.class DONE
/org/bouncycastle/math/ec/custom/gm/SM2P256V1FieldElement.class starting
/org/bouncycastle/math/ec/custom/gm/SM2P256V1FieldElement.class DONE
/org/bouncycastle/math/ec/custom/gm/SM2P256V1FieldElement.class starting
/org/bouncycastle/math/ec/custom/gm/SM2P256V1FieldElement.class DONE
/org/bouncycastle/math/ec/custom/gm/SM2P256V1FieldElement.class starting
/org/bouncycastle/math/ec/custom/gm/SM2P256V1FieldElement.class DONE
/org/bouncycastle/math/ec/custom/gm/SM2P256V1FieldElement.class starting
/org/bouncycastle/math/ec/custom/gm/SM2P256V1FieldElement.class DONE
/org/bouncycastle/math/ec/custom/gm/SM2P256V1FieldElement.class starting
/org/bouncycastle/math/ec/custom/gm/SM2P256V1FieldElement.class DONE
/org/bouncycastle/math/ec/custom/gm/SM2P256V1FieldElement.class starting
/org/bouncycastle/math/ec/custom/gm/SM2P256V1FieldElement.class DONE
/org/bouncycastle/math/ec/custom/gm/SM2P256V1FieldElement.class starting
/org/bouncycastle/math/ec/custom/gm/SM2P256V1FieldElement.class DONE
/org/bouncycastle/math/ec/custom/gm/SM2P256V1FieldElement.class starting
/org/bouncycastle/math/ec/custom/gm/SM2P256V1FieldElement.class DONE
/org/bouncycastle/math/ec/custom/gm/SM2P256V1FieldElement.class starting
/org/bouncycastle/math/ec/custom/gm/SM2P256V1FieldElement.class DONE
/org/bouncycastle/math/ec/custom/gm/SM2P256V1FieldElement.class starting
/org/bouncycastle/math/ec/custom/gm/SM2P256V1FieldElement.class DONE
/org/bouncycastle/math/ec/custom/gm/SM2P256V1FieldElement.class starting
/org/bouncycastle/math/ec/custom/gm/SM2P256V1FieldElement.class DONE
/org/bouncycastle/math/ec/custom/gm/SM2P256V1FieldElement.class starting
/org/bouncycastle/math/ec/custom/gm/SM2P256V1FieldElement.class DONE
/org/bouncycastle/math/ec/custom/gm/SM2P256V1FieldElement.class starting
/org/bouncycastle/math/ec/custom/gm/SM2P256V1FieldElement.class DONE
/org/bouncycastle/math/ec/custom/gm/SM2P256V1FieldElement.class starting
/org/bouncycastle/math/ec/custom/gm/SM2P256V1FieldElement.class DONE
/org/bouncycastle/math/ec/custom/gm/SM2P256V1FieldElement.class starting
/org/bouncycastle/math/ec/custom/gm/SM2P256V1FieldElement.class DONE
/org/bouncycastle/math/ec/custom/gm/SM2P256V1FieldElement.class starting
/org/bouncycastle/math/ec/custom/gm/SM2P256V1FieldElement.class DONE
/org/bouncycastle/math/ec/custom/gm/SM2P256V1FieldElement.class starting
/org/bouncycastle/math/ec/custom/gm/SM2P256V1FieldElement.class DONE
/org/bouncycastle/math/ec/custom/gm/SM2P256V1FieldElement.class starting
/org/bouncycastle/math/ec/custom/gm/SM2P256V1FieldElement.class DONE
/org/bouncycastle/math/ec/custom/gm/SM2P256V1FieldElement.class starting
/org/bouncycastle/math/ec/custom/gm/SM2P256V1FieldElement.class DONE
/org/bouncycastle/math/ec/custom/gm/SM2P256V1FieldElement.class starting
/org/bouncycastle/math/ec/custom/gm/SM2P256V1FieldElement.class DONE
/org/bouncycastle/math/ec/custom/gm/SM2P256V1FieldElement.class starting
/org/bouncycastle/math/ec/custom/gm/SM2P256V1FieldElement.class DONE
/org/bouncycastle/math/ec/custom/gm/SM2P256V1FieldElement.class starting
/org/bouncycastle/math/ec/custom/gm/SM2P256V1FieldElement.class DONE
/org/bouncycastle/math/ec/custom/gm/SM2P256V1FieldElement.class starting
/org/bouncycastle/math/ec/custom/gm/SM2P256V1FieldElement.class DONE
/org/bouncycastle/math/ec/custom/gm/SM2P256V1FieldElement.class starting
/org/bouncycastle/math/ec/custom/gm/SM2P256V1FieldElement.class DONE
/org/bouncycastle/math/ec/custom/gm/SM2P256V1FieldElement.class starting
/org/bouncycastle/math/ec/custom/gm/SM2P256V1FieldElement.class DONE
/org/bouncycastle/math/ec/custom/gm/SM2P256V1FieldElement.class starting
/org/bouncycastle/math/ec/custom/gm/SM2P256V1FieldElement.class DONE
/org/bouncycastle/math/ec/custom/gm/SM2P256V1FieldElement.class starting
/org/bouncycastle/math/ec/custom/gm/SM2P256V1FieldElement.class DONE
/org/bouncycastle/math/ec/custom/gm/SM2P256V1FieldElement.class starting
/org/bouncycastle/math/ec/custom/gm/SM2P256V1FieldElement.class DONE
/org/bouncycastle/math/ec/custom/gm/SM2P256V1FieldElement.class starting
/org/bouncycastle/math/ec/custom/gm/SM2P256V1FieldElement.class DONE
/org/bouncycastle/math/ec/custom/gm/SM2P256V1FieldElement.class starting
/org/bouncycastle/math/ec/custom/gm/SM2P256V1FieldElement.class DONE
/org/bouncycastle/math/ec/custom/gm/SM2P256V1FieldElement.class starting
/org/bouncycastle/math/ec/custom/gm/SM2P256V1FieldElement.class DONE
/org/bouncycastle/math/ec/custom/gm/SM2P256V1FieldElement.class starting
/org/bouncycastle/math/ec/custom/gm/SM2P256V1FieldElement.class DONE
/org/bouncycastle/math/ec/custom/gm/SM2P256V1FieldElement.class starting
/org/bouncycastle/math/ec/custom/gm/SM2P256V1FieldElement.class DONE
/org/bouncycastle/math/ec/custom/gm/SM2P256V1FieldElement.class starting
/org/bouncycastle/math/ec/custom/gm/SM2P256V1FieldElement.class DONE
/org/bouncycastle/math/ec/custom/gm/SM2P256V1FieldElement.class starting
/org/bouncycastle/math/ec/custom/gm/SM2P256V1FieldElement.class DONE
/org/bouncycastle/math/ec/custom/gm/SM2P256V1FieldElement.class starting
/org/bouncycastle/math/ec/custom/gm/SM2P256V1FieldElement.class DONE
/org/bouncycastle/math/ec/custom/gm/SM2P256V1FieldElement.class starting
/org/bouncycastle/math/ec/custom/gm/SM2P256V1FieldElement.class DONE
/org/bouncycastle/math/ec/custom/gm/SM2P256V1FieldElement.class starting
/org/bouncycastle/math/ec/custom/gm/SM2P256V1FieldElement.class DONE
/org/bouncycastle/math/ec/custom/gm/SM2P256V1FieldElement.class starting
/org/bouncycastle/math/ec/custom/gm/SM2P256V1FieldElement.class DONE
/org/bouncycastle/math/ec/custom/gm/SM2P256V1FieldElement.class starting
/org/bouncycastle/math/ec/custom/gm/SM2P256V1FieldElement.class DONE
/org/bouncycastle/math/ec/custom/gm/SM2P256V1FieldElement.class starting
/org/bouncycastle/math/ec/custom/gm/SM2P256V1FieldElement.class DONE
/org/bouncycastle/math/ec/custom/gm/SM2P256V1FieldElement.class starting
/org/bouncycastle/math/ec/custom/gm/SM2P256V1FieldElement.class DONE
/org/bouncycastle/math/ec/custom/gm/SM2P256V1FieldElement.class starting
/org/bouncycastle/math/ec/custom/gm/SM2P256V1FieldElement.class DONE
/org/bouncycastle/math/ec/custom/gm/SM2P256V1FieldElement.class starting
/org/bouncycastle/math/ec/custom/gm/SM2P256V1FieldElement.class DONE
/org/bouncycastle/math/ec/custom/gm/SM2P256V1FieldElement.class starting
/org/bouncycastle/math/ec/custom/gm/SM2P256V1FieldElement.class DONE
/org/bouncycastle/math/ec/custom/gm/SM2P256V1FieldElement.class starting
/org/bouncycastle/math/ec/custom/gm/SM2P256V1FieldElement.class DONE
/org/bouncycastle/math/ec/custom/gm/SM2P256V1FieldElement.class starting
/org/bouncycastle/math/ec/custom/gm/SM2P256V1FieldElement.class DONE
/org/bouncycastle/math/ec/custom/gm/SM2P256V1FieldElement.class starting
/org/bouncycastle/math/ec/custom/gm/SM2P256V1FieldElement.class DONE
/org/bouncycastle/math/ec/custom/gm/SM2P256V1FieldElement.class starting
/org/bouncycastle/math/ec/custom/gm/SM2P256V1FieldElement.class DONE
/org/bouncycastle/math/ec/custom/gm/SM2P256V1FieldElement.class starting
/org/bouncycastle/math/ec/custom/gm/SM2P256V1FieldElement.class DONE
/org/bouncycastle/math/ec/custom/gm/SM2P256V1FieldElement.class starting
/org/bouncycastle/math/ec/custom/gm/SM2P256V1FieldElement.class DONE
/org/bouncycastle/math/ec/custom/gm/SM2P256V1FieldElement.class starting
/org/bouncycastle/math/ec/custom/gm/SM2P256V1FieldElement.class DONE
/org/bouncycastle/math/ec/custom/gm/SM2P256V1FieldElement.class starting
/org/bouncycastle/math/ec/custom/gm/SM2P256V1FieldElement.class DONE
/org/bouncycastle/math/ec/custom/gm/SM2P256V1FieldElement.class starting
/org/bouncycastle/math/ec/custom/gm/SM2P256V1FieldElement.class DONE
/org/bouncycastle/math/ec/custom/gm/SM2P256V1FieldElement.class starting
/org/bouncycastle/math/ec/custom/gm/SM2P256V1FieldElement.class DONE
/org/bouncycastle/math/ec/custom/gm/SM2P256V1FieldElement.class starting
/org/bouncycastle/math/ec/custom/gm/SM2P256V1FieldElement.class DONE
/org/bouncycastle/math/ec/custom/gm/SM2P256V1FieldElement.class starting
/org/bouncycastle/math/ec/custom/gm/SM2P256V1FieldElement.class DONE
/org/bouncycastle/math/ec/custom/gm/SM2P256V1FieldElement.class starting
/org/bouncycastle/math/ec/custom/gm/SM2P256V1FieldElement.class DONE
/org/bouncycastle/math/ec/custom/gm/SM2P256V1FieldElement.class starting
/org/bouncycastle/math/ec/custom/gm/SM2P256V1FieldElement.class DONE
/org/bouncycastle/math/ec/custom/gm/SM2P256V1FieldElement.class starting
/org/bouncycastle/math/ec/custom/gm/SM2P256V1FieldElement.class DONE
/org/bouncycastle/math/ec/custom/gm/SM2P256V1FieldElement.class starting
/org/bouncycastle/math/ec/custom/gm/SM2P256V1FieldElement.class DONE
/org/bouncycastle/math/ec/custom/gm/SM2P256V1FieldElement.class starting
/org/bouncycastle/math/ec/custom/gm/SM2P256V1FieldElement.class DONE
/org/bouncycastle/math/ec/custom/gm/SM2P256V1FieldElement.class starting
/org/bouncycastle/math/ec/custom/gm/SM2P256V1FieldElement.class DONE
/org/bouncycastle/math/ec/custom/gm/SM2P256V1FieldElement.class starting
/org/bouncycastle/math/ec/custom/gm/SM2P256V1FieldElement.class DONE
/org/bouncycastle/math/ec/custom/gm/SM2P256V1FieldElement.class starting
/org/bouncycastle/math/ec/custom/gm/SM2P256V1FieldElement.class DONE
/org/bouncycastle/math/ec/custom/gm/SM2P256V1FieldElement.class starting
/org/bouncycastle/math/ec/custom/gm/SM2P256V1FieldElement.class DONE
/org/bouncycastle/math/ec/custom/gm/SM2P256V1FieldElement.class starting
/org/bouncycastle/math/ec/custom/gm/SM2P256V1FieldElement.class DONE
/org/bouncycastle/math/ec/custom/gm/SM2P256V1FieldElement.class starting
/org/bouncycastle/math/ec/custom/gm/SM2P256V1FieldElement.class DONE
/org/bouncycastle/math/ec/custom/gm/SM2P256V1FieldElement.class starting
/org/bouncycastle/math/ec/custom/gm/SM2P256V1FieldElement.class DONE
/org/bouncycastle/math/ec/custom/gm/SM2P256V1FieldElement.class starting
/org/bouncycastle/math/ec/custom/gm/SM2P256V1FieldElement.class DONE
/org/bouncycastle/math/ec/custom/gm/SM2P256V1FieldElement.class starting
/org/bouncycastle/math/ec/custom/gm/SM2P256V1FieldElement.class DONE
/org/bouncycastle/math/ec/custom/gm/SM2P256V1FieldElement.class starting
/org/bouncycastle/math/ec/custom/gm/SM2P256V1FieldElement.class DONE
/org/bouncycastle/math/ec/custom/gm/SM2P256V1FieldElement.class starting
/org/bouncycastle/math/ec/custom/gm/SM2P256V1FieldElement.class DONE
/org/bouncycastle/math/ec/custom/gm/SM2P256V1FieldElement.class starting
/org/bouncycastle/math/ec/custom/gm/SM2P256V1FieldElement.class DONE
/org/bouncycastle/math/ec/custom/gm/SM2P256V1FieldElement.class starting
/org/bouncycastle/math/ec/custom/gm/SM2P256V1FieldElement.class DONE
/org/bouncycastle/math/ec/custom/gm/SM2P256V1FieldElement.class starting
/org/bouncycastle/math/ec/custom/gm/SM2P256V1FieldElement.class DONE
/org/bouncycastle/math/ec/custom/gm/SM2P256V1FieldElement.class starting
/org/bouncycastle/math/ec/custom/gm/SM2P256V1FieldElement.class DONE
/org/bouncycastle/math/ec/custom/gm/SM2P256V1FieldElement.class starting
/org/bouncycastle/math/ec/custom/gm/SM2P256V1FieldElement.class DONE
/org/bouncycastle/math/ec/custom/gm/SM2P256V1FieldElement.class starting
/org/bouncycastle/math/ec/custom/gm/SM2P256V1FieldElement.class DONE
/org/bouncycastle/math/ec/custom/gm/SM2P256V1FieldElement.class starting
/org/bouncycastle/math/ec/custom/gm/SM2P256V1FieldElement.class DONE
/org/bouncycastle/math/ec/custom/gm/SM2P256V1FieldElement.class starting
/org/bouncycastle/math/ec/custom/gm/SM2P256V1FieldElement.class DONE
/org/bouncycastle/math/ec/custom/gm/SM2P256V1FieldElement.class starting
/org/bouncycastle/math/ec/custom/gm/SM2P256V1FieldElement.class DONE
/org/bouncycastle/math/ec/custom/gm/SM2P256V1FieldElement.class starting
/org/bouncycastle/math/ec/custom/gm/SM2P256V1FieldElement.class DONE
/org/bouncycastle/math/ec/custom/gm/SM2P256V1FieldElement.class starting
/org/bouncycastle/math/ec/custom/gm/SM2P256V1FieldElement.class DONE
/org/bouncycastle/math/ec/custom/gm/SM2P256V1FieldElement.class starting
/org/bouncycastle/math/ec/custom/gm/SM2P256V1FieldElement.class DONE
/org/bouncycastle/math/ec/custom/gm/SM2P256V1FieldElement.class starting
/org/bouncycastle/math/ec/custom/gm/SM2P256V1FieldElement.class DONE
/org/bouncycastle/math/ec/custom/gm/SM2P256V1FieldElement.class starting
/org/bouncycastle/math/ec/custom/gm/SM2P256V1FieldElement.class DONE
/org/bouncycastle/math/ec/custom/gm/SM2P256V1FieldElement.class starting
/org/bouncycastle/math/ec/custom/gm/SM2P256V1FieldElement.class DONE
/org/bouncycastle/math/ec/custom/gm/SM2P256V1FieldElement.class starting
/org/bouncycastle/math/ec/custom/gm/SM2P256V1FieldElement.class DONE
/org/bouncycastle/math/ec/custom/gm/SM2P256V1FieldElement.class starting
/org/bouncycastle/math/ec/custom/gm/SM2P256V1FieldElement.class DONE
/org/bouncycastle/math/ec/custom/gm/SM2P256V1FieldElement.class starting
/org/bouncycastle/math/ec/custom/gm/SM2P256V1FieldElement.class DONE
/org/bouncycastle/math/ec/custom/gm/SM2P256V1FieldElement.class starting
/org/bouncycastle/math/ec/custom/gm/SM2P256V1FieldElement.class DONE
/org/bouncycastle/math/ec/custom/gm/SM2P256V1FieldElement.class starting
/org/bouncycastle/math/ec/custom/gm/SM2P256V1FieldElement.class DONE
/org/bouncycastle/math/ec/custom/gm/SM2P256V1FieldElement.class starting
/org/bouncycastle/math/ec/custom/gm/SM2P256V1FieldElement.class DONE
/org/bouncycastle/math/ec/custom/gm/SM2P256V1FieldElement.class starting
/org/bouncycastle/math/ec/custom/gm/SM2P256V1FieldElement.class DONE
/org/bouncycastle/math/ec/custom/gm/SM2P256V1FieldElement.class starting
/org/bouncycastle/math/ec/custom/gm/SM2P256V1FieldElement.class DONE
/org/bouncycastle/math/ec/custom/gm/SM2P256V1FieldElement.class starting
/org/bouncycastle/math/ec/custom/gm/SM2P256V1FieldElement.class DONE
/org/bouncycastle/math/ec/custom/gm/SM2P256V1FieldElement.class starting
/org/bouncycastle/math/ec/custom/gm/SM2P256V1FieldElement.class DONE
/org/bouncycastle/math/ec/custom/gm/SM2P256V1FieldElement.class starting
/org/bouncycastle/math/ec/custom/gm/SM2P256V1FieldElement.class DONE
/org/bouncycastle/math/ec/custom/gm/SM2P256V1FieldElement.class starting
/org/bouncycastle/math/ec/custom/gm/SM2P256V1FieldElement.class DONE
/org/bouncycastle/math/ec/custom/gm/SM2P256V1FieldElement.class starting
/org/bouncycastle/math/ec/custom/gm/SM2P256V1FieldElement.class DONE
/org/bouncycastle/math/ec/custom/gm/SM2P256V1FieldElement.class starting
/org/bouncycastle/math/ec/custom/gm/SM2P256V1FieldElement.class DONE
/org/bouncycastle/math/ec/custom/gm/SM2P256V1FieldElement.class starting
/org/bouncycastle/math/ec/custom/gm/SM2P256V1FieldElement.class DONE
/org/bouncycastle/math/ec/custom/gm/SM2P256V1FieldElement.class starting
/org/bouncycastle/math/ec/custom/gm/SM2P256V1FieldElement.class DONE
/org/bouncycastle/math/ec/custom/gm/SM2P256V1FieldElement.class starting
/org/bouncycastle/math/ec/custom/gm/SM2P256V1FieldElement.class DONE
/org/bouncycastle/math/ec/custom/gm/SM2P256V1FieldElement.class starting
/org/bouncycastle/math/ec/custom/gm/SM2P256V1FieldElement.class DONE
/org/bouncycastle/math/ec/custom/gm/SM2P256V1FieldElement.class starting
/org/bouncycastle/math/ec/custom/gm/SM2P256V1FieldElement.class DONE
/org/bouncycastle/math/ec/custom/gm/SM2P256V1FieldElement.class starting
/org/bouncycastle/math/ec/custom/gm/SM2P256V1FieldElement.class DONE
/org/bouncycastle/math/ec/custom/gm/SM2P256V1FieldElement.class starting
/org/bouncycastle/math/ec/custom/gm/SM2P256V1FieldElement.class DONE
/org/bouncycastle/math/ec/custom/gm/SM2P256V1FieldElement.class starting
/org/bouncycastle/math/ec/custom/gm/SM2P256V1FieldElement.class DONE
/org/bouncycastle/math/ec/custom/gm/SM2P256V1FieldElement.class starting
/org/bouncycastle/math/ec/custom/gm/SM2P256V1FieldElement.class DONE
/org/bouncycastle/math/ec/custom/gm/SM2P256V1FieldElement.class starting
/org/bouncycastle/math/ec/custom/gm/SM2P256V1FieldElement.class DONE
/org/bouncycastle/math/ec/custom/gm/SM2P256V1FieldElement.class starting
/org/bouncycastle/math/ec/custom/gm/SM2P256V1FieldElement.class DONE
/org/bouncycastle/math/ec/custom/gm/SM2P256V1FieldElement.class starting
/org/bouncycastle/math/ec/custom/gm/SM2P256V1FieldElement.class DONE
/org/bouncycastle/math/ec/custom/gm/SM2P256V1FieldElement.class starting
/org/bouncycastle/math/ec/custom/gm/SM2P256V1FieldElement.class DONE
/org/bouncycastle/math/ec/custom/gm/SM2P256V1FieldElement.class starting
/org/bouncycastle/math/ec/custom/gm/SM2P256V1FieldElement.class DONE
/org/bouncycastle/math/ec/custom/gm/SM2P256V1FieldElement.class starting
/org/bouncycastle/math/ec/custom/gm/SM2P256V1FieldElement.class DONE
/org/bouncycastle/math/ec/custom/gm/SM2P256V1FieldElement.class starting
/org/bouncycastle/math/ec/custom/gm/SM2P256V1FieldElement.class DONE
/org/bouncycastle/math/ec/custom/gm/SM2P256V1FieldElement.class starting
/org/bouncycastle/math/ec/custom/gm/SM2P256V1FieldElement.class DONE
/org/bouncycastle/math/ec/custom/gm/SM2P256V1FieldElement.class starting
/org/bouncycastle/math/ec/custom/gm/SM2P256V1FieldElement.class DONE
/org/bouncycastle/math/ec/custom/gm/SM2P256V1FieldElement.class starting
/org/bouncycastle/math/ec/custom/gm/SM2P256V1FieldElement.class DONE
/org/bouncycastle/math/ec/custom/gm/SM2P256V1FieldElement.class starting
/org/bouncycastle/math/ec/custom/gm/SM2P256V1FieldElement.class DONE
/org/bouncycastle/math/ec/custom/gm/SM2P256V1FieldElement.class starting
/org/bouncycastle/math/ec/custom/gm/SM2P256V1FieldElement.class DONE
/org/bouncycastle/math/ec/custom/gm/SM2P256V1FieldElement.class starting
/org/bouncycastle/math/ec/custom/gm/SM2P256V1FieldElement.class DONE
/org/bouncycastle/math/ec/custom/gm/SM2P256V1FieldElement.class starting
/org/bouncycastle/math/ec/custom/gm/SM2P256V1FieldElement.class DONE
/org/bouncycastle/math/ec/custom/gm/SM2P256V1FieldElement.class starting
/org/bouncycastle/math/ec/custom/gm/SM2P256V1FieldElement.class DONE
/org/bouncycastle/math/ec/custom/gm/SM2P256V1FieldElement.class starting
/org/bouncycastle/math/ec/custom/gm/SM2P256V1FieldElement.class DONE
/org/bouncycastle/math/ec/custom/gm/SM2P256V1FieldElement.class starting
/org/bouncycastle/math/ec/custom/gm/SM2P256V1FieldElement.class DONE
/org/bouncycastle/math/ec/custom/gm/SM2P256V1FieldElement.class starting
/org/bouncycastle/math/ec/custom/gm/SM2P256V1FieldElement.class DONE
/org/bouncycastle/math/ec/custom/gm/SM2P256V1FieldElement.class starting
/org/bouncycastle/math/ec/custom/gm/SM2P256V1FieldElement.class DONE
/org/bouncycastle/math/ec/custom/gm/SM2P256V1FieldElement.class starting
/org/bouncycastle/math/ec/custom/gm/SM2P256V1FieldElement.class DONE
/org/bouncycastle/math/ec/custom/gm/SM2P256V1FieldElement.class starting
/org/bouncycastle/math/ec/custom/gm/SM2P256V1FieldElement.class DONE
/org/bouncycastle/math/ec/custom/gm/SM2P256V1FieldElement.class starting
/org/bouncycastle/math/ec/custom/gm/SM2P256V1FieldElement.class DONE
/org/bouncycastle/math/ec/custom/gm/SM2P256V1FieldElement.class starting
/org/bouncycastle/math/ec/custom/gm/SM2P256V1FieldElement.class DONE
/org/bouncycastle/math/ec/custom/gm/SM2P256V1FieldElement.class starting
/org/bouncycastle/math/ec/custom/gm/SM2P256V1FieldElement.class DONE
/org/bouncycastle/math/ec/custom/gm/SM2P256V1FieldElement.class starting
/org/bouncycastle/math/ec/custom/gm/SM2P256V1FieldElement.class DONE
/org/bouncycastle/math/ec/custom/gm/SM2P256V1FieldElement.class starting
/org/bouncycastle/math/ec/custom/gm/SM2P256V1FieldElement.class DONE
/org/bouncycastle/math/ec/custom/gm/SM2P256V1FieldElement.class starting
/org/bouncycastle/math/ec/custom/gm/SM2P256V1FieldElement.class DONE
/org/bouncycastle/math/ec/custom/gm/SM2P256V1FieldElement.class starting
/org/bouncycastle/math/ec/custom/gm/SM2P256V1FieldElement.class DONE
/org/bouncycastle/math/ec/custom/gm/SM2P256V1FieldElement.class starting
/org/bouncycastle/math/ec/custom/gm/SM2P256V1FieldElement.class DONE
/org/bouncycastle/math/ec/custom/gm/SM2P256V1FieldElement.class starting
/org/bouncycastle/math/ec/custom/gm/SM2P256V1FieldElement.class DONE
/org/bouncycastle/math/ec/custom/gm/SM2P256V1FieldElement.class starting
/org/bouncycastle/math/ec/custom/gm/SM2P256V1FieldElement.class DONE
/org/bouncycastle/math/ec/custom/gm/SM2P256V1FieldElement.class starting
/org/bouncycastle/math/ec/custom/gm/SM2P256V1FieldElement.class DONE
/org/bouncycastle/math/ec/custom/gm/SM2P256V1FieldElement.class starting
/org/bouncycastle/math/ec/custom/gm/SM2P256V1FieldElement.class DONE
/org/bouncycastle/math/ec/custom/gm/SM2P256V1FieldElement.class starting
/org/bouncycastle/math/ec/custom/gm/SM2P256V1FieldElement.class DONE
/org/bouncycastle/math/ec/custom/gm/SM2P256V1FieldElement.class starting
/org/bouncycastle/math/ec/custom/gm/SM2P256V1FieldElement.class DONE
/org/bouncycastle/math/ec/custom/gm/SM2P256V1FieldElement.class starting
/org/bouncycastle/math/ec/custom/gm/SM2P256V1FieldElement.class DONE
/org/bouncycastle/math/ec/custom/gm/SM2P256V1FieldElement.class starting
/org/bouncycastle/math/ec/custom/gm/SM2P256V1FieldElement.class DONE
/org/bouncycastle/math/ec/custom/gm/SM2P256V1FieldElement.class starting
/org/bouncycastle/math/ec/custom/gm/SM2P256V1FieldElement.class DONE
/org/bouncycastle/math/ec/custom/gm/SM2P256V1FieldElement.class starting
/org/bouncycastle/math/ec/custom/gm/SM2P256V1FieldElement.class DONE
/org/bouncycastle/math/ec/custom/gm/SM2P256V1FieldElement.class starting
/org/bouncycastle/math/ec/custom/gm/SM2P256V1FieldElement.class DONE
/org/bouncycastle/math/ec/custom/gm/SM2P256V1FieldElement.class starting
/org/bouncycastle/math/ec/custom/gm/SM2P256V1FieldElement.class DONE
/org/bouncycastle/math/ec/custom/gm/SM2P256V1FieldElement.class starting
/org/bouncycastle/math/ec/custom/gm/SM2P256V1FieldElement.class DONE
/org/bouncycastle/math/ec/custom/gm/SM2P256V1FieldElement.class starting
/org/bouncycastle/math/ec/custom/gm/SM2P256V1FieldElement.class DONE
/org/bouncycastle/math/ec/custom/gm/SM2P256V1FieldElement.class starting
/org/bouncycastle/math/ec/custom/gm/SM2P256V1FieldElement.class DONE
/org/bouncycastle/math/ec/custom/gm/SM2P256V1FieldElement.class starting
/org/bouncycastle/math/ec/custom/gm/SM2P256V1FieldElement.class DONE
/org/bouncycastle/math/ec/custom/gm/SM2P256V1FieldElement.class starting
/org/bouncycastle/math/ec/custom/gm/SM2P256V1FieldElement.class DONE
/org/bouncycastle/math/ec/custom/gm/SM2P256V1FieldElement.class starting
/org/bouncycastle/math/ec/custom/gm/SM2P256V1FieldElement.class DONE
/org/bouncycastle/math/ec/custom/gm/SM2P256V1FieldElement.class starting
/org/bouncycastle/math/ec/custom/gm/SM2P256V1FieldElement.class DONE
/org/bouncycastle/math/ec/custom/gm/SM2P256V1FieldElement.class starting
/org/bouncycastle/math/ec/custom/gm/SM2P256V1FieldElement.class DONE
/org/bouncycastle/math/ec/custom/gm/SM2P256V1FieldElement.class starting
/org/bouncycastle/math/ec/custom/gm/SM2P256V1FieldElement.class DONE
/org/bouncycastle/math/ec/custom/gm/SM2P256V1FieldElement.class starting
/org/bouncycastle/math/ec/custom/gm/SM2P256V1FieldElement.class DONE
/org/bouncycastle/math/ec/custom/gm/SM2P256V1FieldElement.class starting
/org/bouncycastle/math/ec/custom/gm/SM2P256V1FieldElement.class DONE
/org/bouncycastle/math/ec/custom/gm/SM2P256V1FieldElement.class starting
/org/bouncycastle/math/ec/custom/gm/SM2P256V1FieldElement.class DONE
/org/bouncycastle/math/ec/custom/gm/SM2P256V1FieldElement.class starting
/org/bouncycastle/math/ec/custom/gm/SM2P256V1FieldElement.class DONE
/org/bouncycastle/math/ec/custom/gm/SM2P256V1FieldElement.class starting
/org/bouncycastle/math/ec/custom/gm/SM2P256V1FieldElement.class DONE
/org/bouncycastle/math/ec/custom/gm/SM2P256V1FieldElement.class starting
/org/bouncycastle/math/ec/custom/gm/SM2P256V1FieldElement.class DONE
/org/bouncycastle/math/ec/custom/gm/SM2P256V1FieldElement.class starting
/org/bouncycastle/math/ec/custom/gm/SM2P256V1FieldElement.class DONE
/org/bouncycastle/math/ec/custom/gm/SM2P256V1FieldElement.class starting
/org/bouncycastle/math/ec/custom/gm/SM2P256V1FieldElement.class DONE
/org/bouncycastle/math/ec/custom/gm/SM2P256V1FieldElement.class starting
/org/bouncycastle/math/ec/custom/gm/SM2P256V1FieldElement.class DONE
/org/bouncycastle/math/ec/custom/gm/SM2P256V1FieldElement.class starting
/org/bouncycastle/math/ec/custom/gm/SM2P256V1FieldElement.class DONE
/org/bouncycastle/math/ec/custom/gm/SM2P256V1FieldElement.class starting
/org/bouncycastle/math/ec/custom/gm/SM2P256V1FieldElement.class DONE
/org/bouncycastle/math/ec/custom/gm/SM2P256V1FieldElement.class starting
/org/bouncycastle/math/ec/custom/gm/SM2P256V1FieldElement.class DONE
/org/bouncycastle/math/ec/custom/gm/SM2P256V1FieldElement.class starting
/org/bouncycastle/math/ec/custom/gm/SM2P256V1FieldElement.class DONE
/org/bouncycastle/math/ec/custom/gm/SM2P256V1FieldElement.class starting
/org/bouncycastle/math/ec/custom/gm/SM2P256V1FieldElement.class DONE
/org/bouncycastle/math/ec/custom/gm/SM2P256V1FieldElement.class starting
/org/bouncycastle/math/ec/custom/gm/SM2P256V1FieldElement.class DONE
/org/bouncycastle/math/ec/custom/gm/SM2P256V1FieldElement.class starting
/org/bouncycastle/math/ec/custom/gm/SM2P256V1FieldElement.class DONE
/org/bouncycastle/math/ec/custom/gm/SM2P256V1FieldElement.class starting
/org/bouncycastle/math/ec/custom/gm/SM2P256V1FieldElement.class DONE
/org/bouncycastle/math/ec/custom/gm/SM2P256V1FieldElement.class starting
/org/bouncycastle/math/ec/custom/gm/SM2P256V1FieldElement.class DONE
/org/bouncycastle/math/ec/custom/gm/SM2P256V1FieldElement.class starting
/org/bouncycastle/math/ec/custom/gm/SM2P256V1FieldElement.class DONE
/org/bouncycastle/math/ec/custom/gm/SM2P256V1FieldElement.class starting
/org/bouncycastle/math/ec/custom/gm/SM2P256V1FieldElement.class DONE
/org/bouncycastle/math/ec/custom/gm/SM2P256V1FieldElement.class starting
/org/bouncycastle/math/ec/custom/gm/SM2P256V1FieldElement.class DONE
/org/bouncycastle/math/ec/custom/gm/SM2P256V1FieldElement.class starting
/org/bouncycastle/math/ec/custom/gm/SM2P256V1FieldElement.class DONE
/org/bouncycastle/math/ec/custom/gm/SM2P256V1FieldElement.class starting
/org/bouncycastle/math/ec/custom/gm/SM2P256V1FieldElement.class DONE
/org/bouncycastle/math/ec/custom/gm/SM2P256V1FieldElement.class starting
/org/bouncycastle/math/ec/custom/gm/SM2P256V1FieldElement.class DONE
/org/bouncycastle/math/ec/custom/gm/SM2P256V1FieldElement.class starting
/org/bouncycastle/math/ec/custom/gm/SM2P256V1FieldElement.class DONE
/org/bouncycastle/math/ec/custom/gm/SM2P256V1FieldElement.class starting
/org/bouncycastle/math/ec/custom/gm/SM2P256V1FieldElement.class DONE
/org/bouncycastle/math/ec/custom/gm/SM2P256V1FieldElement.class starting
/org/bouncycastle/math/ec/custom/gm/SM2P256V1FieldElement.class DONE
/org/bouncycastle/math/ec/custom/gm/SM2P256V1FieldElement.class starting
/org/bouncycastle/math/ec/custom/gm/SM2P256V1FieldElement.class DONE
/org/bouncycastle/math/ec/custom/gm/SM2P256V1FieldElement.class starting
/org/bouncycastle/math/ec/custom/gm/SM2P256V1FieldElement.class DONE
/org/bouncycastle/math/ec/custom/gm/SM2P256V1FieldElement.class starting
/org/bouncycastle/math/ec/custom/gm/SM2P256V1FieldElement.class DONE
/org/bouncycastle/math/ec/custom/gm/SM2P256V1FieldElement.class starting
/org/bouncycastle/math/ec/custom/gm/SM2P256V1FieldElement.class DONE
/org/bouncycastle/math/ec/custom/gm/SM2P256V1FieldElement.class starting
/org/bouncycastle/math/ec/custom/gm/SM2P256V1FieldElement.class DONE
/org/bouncycastle/math/ec/custom/gm/SM2P256V1FieldElement.class starting
/org/bouncycastle/math/ec/custom/gm/SM2P256V1FieldElement.class DONE
/org/bouncycastle/math/ec/custom/gm/SM2P256V1FieldElement.class starting
/org/bouncycastle/math/ec/custom/gm/SM2P256V1FieldElement.class DONE
/org/bouncycastle/math/ec/custom/gm/SM2P256V1FieldElement.class starting
/org/bouncycastle/math/ec/custom/gm/SM2P256V1FieldElement.class DONE
/org/bouncycastle/math/ec/custom/gm/SM2P256V1FieldElement.class starting
/org/bouncycastle/math/ec/custom/gm/SM2P256V1FieldElement.class DONE
/org/bouncycastle/math/ec/custom/gm/SM2P256V1FieldElement.class starting
/org/bouncycastle/math/ec/custom/gm/SM2P256V1FieldElement.class DONE
/org/bouncycastle/math/ec/custom/gm/SM2P256V1FieldElement.class starting
/org/bouncycastle/math/ec/custom/gm/SM2P256V1FieldElement.class DONE
/org/bouncycastle/math/ec/custom/gm/SM2P256V1FieldElement.class starting
/org/bouncycastle/math/ec/custom/gm/SM2P256V1FieldElement.class DONE
/org/bouncycastle/math/ec/custom/gm/SM2P256V1FieldElement.class starting
/org/bouncycastle/math/ec/custom/gm/SM2P256V1FieldElement.class DONE
/org/bouncycastle/math/ec/custom/gm/SM2P256V1FieldElement.class starting
/org/bouncycastle/math/ec/custom/gm/SM2P256V1FieldElement.class DONE
/org/bouncycastle/math/ec/custom/gm/SM2P256V1FieldElement.class starting
/org/bouncycastle/math/ec/custom/gm/SM2P256V1FieldElement.class DONE
/org/bouncycastle/math/ec/custom/gm/SM2P256V1FieldElement.class starting
/org/bouncycastle/math/ec/custom/gm/SM2P256V1FieldElement.class DONE
/org/bouncycastle/math/ec/custom/gm/SM2P256V1FieldElement.class starting
/org/bouncycastle/math/ec/custom/gm/SM2P256V1FieldElement.class DONE
/org/bouncycastle/math/ec/custom/gm/SM2P256V1FieldElement.class starting
/org/bouncycastle/math/ec/custom/gm/SM2P256V1FieldElement.class DONE
/org/bouncycastle/math/ec/custom/gm/SM2P256V1FieldElement.class starting
/org/bouncycastle/math/ec/custom/gm/SM2P256V1FieldElement.class DONE
/org/bouncycastle/math/ec/custom/gm/SM2P256V1FieldElement.class starting
/org/bouncycastle/math/ec/custom/gm/SM2P256V1FieldElement.class DONE
/org/bouncycastle/math/ec/custom/gm/SM2P256V1FieldElement.class starting
/org/bouncycastle/math/ec/custom/gm/SM2P256V1FieldElement.class DONE
/org/bouncycastle/math/ec/custom/gm/SM2P256V1FieldElement.class starting
/org/bouncycastle/math/ec/custom/gm/SM2P256V1FieldElement.class DONE
/org/bouncycastle/math/ec/custom/gm/SM2P256V1FieldElement.class starting
/org/bouncycastle/math/ec/custom/gm/SM2P256V1FieldElement.class DONE
/org/bouncycastle/math/ec/custom/gm/SM2P256V1FieldElement.class starting
/org/bouncycastle/math/ec/custom/gm/SM2P256V1FieldElement.class DONE
/org/bouncycastle/math/ec/custom/gm/SM2P256V1FieldElement.class starting
/org/bouncycastle/math/ec/custom/gm/SM2P256V1FieldElement.class DONE
/org/bouncycastle/math/ec/custom/gm/SM2P256V1FieldElement.class starting
/org/bouncycastle/math/ec/custom/gm/SM2P256V1FieldElement.class DONE
/org/bouncycastle/math/ec/custom/gm/SM2P256V1FieldElement.class starting
/org/bouncycastle/math/ec/custom/gm/SM2P256V1FieldElement.class DONE
/org/bouncycastle/math/ec/custom/gm/SM2P256V1FieldElement.class starting
/org/bouncycastle/math/ec/custom/gm/SM2P256V1FieldElement.class DONE
/org/bouncycastle/math/ec/custom/gm/SM2P256V1FieldElement.class starting
/org/bouncycastle/math/ec/custom/gm/SM2P256V1FieldElement.class DONE
/org/bouncycastle/math/ec/custom/gm/SM2P256V1FieldElement.class starting
/org/bouncycastle/math/ec/custom/gm/SM2P256V1FieldElement.class DONE
/org/bouncycastle/math/ec/custom/gm/SM2P256V1FieldElement.class starting
/org/bouncycastle/math/ec/custom/gm/SM2P256V1FieldElement.class DONE
/org/bouncycastle/math/ec/custom/gm/SM2P256V1FieldElement.class starting
/org/bouncycastle/math/ec/custom/gm/SM2P256V1FieldElement.class DONE
/org/bouncycastle/math/ec/custom/gm/SM2P256V1FieldElement.class starting
/org/bouncycastle/math/ec/custom/gm/SM2P256V1FieldElement.class DONE
/org/bouncycastle/math/ec/custom/gm/SM2P256V1FieldElement.class starting
/org/bouncycastle/math/ec/custom/gm/SM2P256V1FieldElement.class DONE
/org/bouncycastle/math/ec/custom/gm/SM2P256V1FieldElement.class starting
/org/bouncycastle/math/ec/custom/gm/SM2P256V1FieldElement.class DONE
/org/bouncycastle/math/ec/custom/gm/SM2P256V1FieldElement.class starting
/org/bouncycastle/math/ec/custom/gm/SM2P256V1FieldElement.class DONE
/org/bouncycastle/math/ec/custom/gm/SM2P256V1FieldElement.class starting
/org/bouncycastle/math/ec/custom/gm/SM2P256V1FieldElement.class DONE
/org/bouncycastle/math/ec/custom/gm/SM2P256V1FieldElement.class starting
/org/bouncycastle/math/ec/custom/gm/SM2P256V1FieldElement.class DONE
/org/bouncycastle/math/ec/custom/gm/SM2P256V1FieldElement.class starting
/org/bouncycastle/math/ec/custom/gm/SM2P256V1FieldElement.class DONE
/org/bouncycastle/math/ec/custom/gm/SM2P256V1FieldElement.class starting
/org/bouncycastle/math/ec/custom/gm/SM2P256V1FieldElement.class DONE
/org/bouncycastle/math/ec/custom/gm/SM2P256V1FieldElement.class starting
/org/bouncycastle/math/ec/custom/gm/SM2P256V1FieldElement.class DONE
/org/bouncycastle/math/ec/custom/gm/SM2P256V1FieldElement.class starting
/org/bouncycastle/math/ec/custom/gm/SM2P256V1FieldElement.class DONE
/org/bouncycastle/math/ec/custom/gm/SM2P256V1FieldElement.class starting
/org/bouncycastle/math/ec/custom/gm/SM2P256V1FieldElement.class DONE
/org/bouncycastle/math/ec/custom/gm/SM2P256V1FieldElement.class starting
/org/bouncycastle/math/ec/custom/gm/SM2P256V1FieldElement.class DONE
/org/bouncycastle/math/ec/custom/gm/SM2P256V1FieldElement.class starting
/org/bouncycastle/math/ec/custom/gm/SM2P256V1FieldElement.class DONE
/org/bouncycastle/math/ec/custom/gm/SM2P256V1FieldElement.class starting
/org/bouncycastle/math/ec/custom/gm/SM2P256V1FieldElement.class DONE
/org/bouncycastle/math/ec/custom/gm/SM2P256V1FieldElement.class starting
/org/bouncycastle/math/ec/custom/gm/SM2P256V1FieldElement.class DONE
/org/bouncycastle/math/ec/custom/gm/SM2P256V1FieldElement.class starting
/org/bouncycastle/math/ec/custom/gm/SM2P256V1FieldElement.class DONE
/org/bouncycastle/math/ec/custom/gm/SM2P256V1FieldElement.class starting
/org/bouncycastle/math/ec/custom/gm/SM2P256V1FieldElement.class DONE
/org/bouncycastle/math/ec/custom/gm/SM2P256V1FieldElement.class starting
/org/bouncycastle/math/ec/custom/gm/SM2P256V1FieldElement.class DONE
/org/bouncycastle/math/ec/custom/gm/SM2P256V1FieldElement.class starting
/org/bouncycastle/math/ec/custom/gm/SM2P256V1FieldElement.class DONE
/org/bouncycastle/math/ec/custom/gm/SM2P256V1FieldElement.class starting
/org/bouncycastle/math/ec/custom/gm/SM2P256V1FieldElement.class DONE
/org/bouncycastle/math/ec/custom/gm/SM2P256V1FieldElement.class starting
/org/bouncycastle/math/ec/custom/gm/SM2P256V1FieldElement.class DONE
/org/bouncycastle/math/ec/custom/gm/SM2P256V1FieldElement.class starting
/org/bouncycastle/math/ec/custom/gm/SM2P256V1FieldElement.class DONE
/org/bouncycastle/math/ec/custom/gm/SM2P256V1FieldElement.class starting
/org/bouncycastle/math/ec/custom/gm/SM2P256V1FieldElement.class DONE
/org/bouncycastle/math/ec/custom/gm/SM2P256V1FieldElement.class starting
/org/bouncycastle/math/ec/custom/gm/SM2P256V1FieldElement.class DONE
/org/bouncycastle/math/ec/custom/gm/SM2P256V1FieldElement.class starting
/org/bouncycastle/math/ec/custom/gm/SM2P256V1FieldElement.class DONE
/org/bouncycastle/math/ec/custom/gm/SM2P256V1FieldElement.class starting
/org/bouncycastle/math/ec/custom/gm/SM2P256V1FieldElement.class DONE
/org/bouncycastle/math/ec/custom/gm/SM2P256V1FieldElement.class starting
/org/bouncycastle/math/ec/custom/gm/SM2P256V1FieldElement.class DONE
/org/bouncycastle/math/ec/custom/gm/SM2P256V1FieldElement.class starting
/org/bouncycastle/math/ec/custom/gm/SM2P256V1FieldElement.class DONE
/org/bouncycastle/math/ec/custom/gm/SM2P256V1FieldElement.class starting
/org/bouncycastle/math/ec/custom/gm/SM2P256V1FieldElement.class DONE
/org/bouncycastle/math/ec/custom/gm/SM2P256V1FieldElement.class starting
/org/bouncycastle/math/ec/custom/gm/SM2P256V1FieldElement.class DONE
/org/bouncycastle/math/ec/custom/gm/SM2P256V1FieldElement.class starting
/org/bouncycastle/math/ec/custom/gm/SM2P256V1FieldElement.class DONE
/org/bouncycastle/math/ec/custom/gm/SM2P256V1FieldElement.class starting
/org/bouncycastle/math/ec/custom/gm/SM2P256V1FieldElement.class DONE
/org/bouncycastle/math/ec/custom/gm/SM2P256V1FieldElement.class starting
/org/bouncycastle/math/ec/custom/gm/SM2P256V1FieldElement.class DONE
/org/bouncycastle/math/ec/custom/gm/SM2P256V1FieldElement.class starting
/org/bouncycastle/math/ec/custom/gm/SM2P256V1FieldElement.class DONE
/org/bouncycastle/math/ec/custom/gm/SM2P256V1FieldElement.class starting
/org/bouncycastle/math/ec/custom/gm/SM2P256V1FieldElement.class DONE
/org/bouncycastle/math/ec/custom/gm/SM2P256V1FieldElement.class starting
/org/bouncycastle/math/ec/custom/gm/SM2P256V1FieldElement.class DONE
/org/bouncycastle/math/ec/custom/gm/SM2P256V1FieldElement.class starting
/org/bouncycastle/math/ec/custom/gm/SM2P256V1FieldElement.class DONE
/org/bouncycastle/math/ec/custom/gm/SM2P256V1FieldElement.class starting
/org/bouncycastle/math/ec/custom/gm/SM2P256V1FieldElement.class DONE
/org/bouncycastle/math/ec/custom/gm/SM2P256V1FieldElement.class starting
/org/bouncycastle/math/ec/custom/gm/SM2P256V1FieldElement.class DONE
/org/bouncycastle/math/ec/custom/gm/SM2P256V1FieldElement.class starting
/org/bouncycastle/math/ec/custom/gm/SM2P256V1FieldElement.class DONE
/org/bouncycastle/math/ec/custom/gm/SM2P256V1FieldElement.class starting
/org/bouncycastle/math/ec/custom/gm/SM2P256V1FieldElement.class DONE
/org/bouncycastle/math/ec/custom/gm/SM2P256V1FieldElement.class starting
/org/bouncycastle/math/ec/custom/gm/SM2P256V1FieldElement.class DONE
/org/bouncycastle/math/ec/custom/gm/SM2P256V1FieldElement.class starting
/org/bouncycastle/math/ec/custom/gm/SM2P256V1FieldElement.class DONE
/org/bouncycastle/math/ec/custom/gm/SM2P256V1FieldElement.class starting
/org/bouncycastle/math/ec/custom/gm/SM2P256V1FieldElement.class DONE
/org/bouncycastle/math/ec/custom/gm/SM2P256V1FieldElement.class starting
/org/bouncycastle/math/ec/custom/gm/SM2P256V1FieldElement.class DONE
/org/bouncycastle/math/ec/custom/gm/SM2P256V1FieldElement.class starting
/org/bouncycastle/math/ec/custom/gm/SM2P256V1FieldElement.class DONE
/org/bouncycastle/math/ec/custom/gm/SM2P256V1FieldElement.class starting
/org/bouncycastle/math/ec/custom/gm/SM2P256V1FieldElement.class DONE
/org/bouncycastle/math/ec/custom/gm/SM2P256V1FieldElement.class starting
/org/bouncycastle/math/ec/custom/gm/SM2P256V1FieldElement.class DONE
/org/bouncycastle/math/ec/custom/gm/SM2P256V1FieldElement.class starting
/org/bouncycastle/math/ec/custom/gm/SM2P256V1FieldElement.class DONE
/org/bouncycastle/math/ec/custom/gm/SM2P256V1FieldElement.class starting
/org/bouncycastle/math/ec/custom/gm/SM2P256V1FieldElement.class DONE
/org/bouncycastle/math/ec/custom/gm/SM2P256V1FieldElement.class starting
/org/bouncycastle/math/ec/custom/gm/SM2P256V1FieldElement.class DONE
/org/bouncycastle/math/ec/custom/gm/SM2P256V1FieldElement.class starting
/org/bouncycastle/math/ec/custom/gm/SM2P256V1FieldElement.class DONE
/org/bouncycastle/math/ec/custom/gm/SM2P256V1FieldElement.class starting
/org/bouncycastle/math/ec/custom/gm/SM2P256V1FieldElement.class DONE
/org/bouncycastle/math/ec/custom/gm/SM2P256V1FieldElement.class starting
/org/bouncycastle/math/ec/custom/gm/SM2P256V1FieldElement.class DONE
/org/bouncycastle/math/ec/custom/gm/SM2P256V1FieldElement.class starting
/org/bouncycastle/math/ec/custom/gm/SM2P256V1FieldElement.class DONE
/org/bouncycastle/math/ec/custom/gm/SM2P256V1FieldElement.class starting
/org/bouncycastle/math/ec/custom/gm/SM2P256V1FieldElement.class DONE
/org/bouncycastle/math/ec/custom/gm/SM2P256V1FieldElement.class starting
/org/bouncycastle/math/ec/custom/gm/SM2P256V1FieldElement.class DONE
/org/bouncycastle/math/ec/custom/gm/SM2P256V1FieldElement.class starting
/org/bouncycastle/math/ec/custom/gm/SM2P256V1FieldElement.class DONE
/org/bouncycastle/math/ec/custom/gm/SM2P256V1FieldElement.class starting
/org/bouncycastle/math/ec/custom/gm/SM2P256V1FieldElement.class DONE
/org/bouncycastle/math/ec/custom/gm/SM2P256V1FieldElement.class starting
/org/bouncycastle/math/ec/custom/gm/SM2P256V1FieldElement.class DONE
/org/bouncycastle/math/ec/custom/gm/SM2P256V1FieldElement.class starting
/org/bouncycastle/math/ec/custom/gm/SM2P256V1FieldElement.class DONE
/org/bouncycastle/math/ec/custom/gm/SM2P256V1FieldElement.class starting
/org/bouncycastle/math/ec/custom/gm/SM2P256V1FieldElement.class DONE
/org/bouncycastle/math/ec/custom/gm/SM2P256V1FieldElement.class starting
/org/bouncycastle/math/ec/custom/gm/SM2P256V1FieldElement.class DONE
/org/bouncycastle/math/ec/custom/gm/SM2P256V1FieldElement.class starting
/org/bouncycastle/math/ec/custom/gm/SM2P256V1FieldElement.class DONE
/org/bouncycastle/math/ec/custom/gm/SM2P256V1FieldElement.class starting
/org/bouncycastle/math/ec/custom/gm/SM2P256V1FieldElement.class DONE
/org/bouncycastle/math/ec/custom/gm/SM2P256V1FieldElement.class starting
/org/bouncycastle/math/ec/custom/gm/SM2P256V1FieldElement.class DONE
/org/bouncycastle/math/ec/custom/gm/SM2P256V1FieldElement.class starting
/org/bouncycastle/math/ec/custom/gm/SM2P256V1FieldElement.class DONE
/org/bouncycastle/math/ec/custom/gm/SM2P256V1FieldElement.class starting
/org/bouncycastle/math/ec/custom/gm/SM2P256V1FieldElement.class DONE
/org/bouncycastle/math/ec/custom/gm/SM2P256V1FieldElement.class starting
/org/bouncycastle/math/ec/custom/gm/SM2P256V1FieldElement.class DONE
/org/bouncycastle/math/ec/custom/gm/SM2P256V1FieldElement.class starting
/org/bouncycastle/math/ec/custom/gm/SM2P256V1FieldElement.class DONE
/org/bouncycastle/math/ec/custom/gm/SM2P256V1FieldElement.class starting
/org/bouncycastle/math/ec/custom/gm/SM2P256V1FieldElement.class DONE
/org/bouncycastle/math/ec/custom/gm/SM2P256V1FieldElement.class starting
/org/bouncycastle/math/ec/custom/gm/SM2P256V1FieldElement.class DONE
/org/bouncycastle/math/ec/custom/gm/SM2P256V1FieldElement.class starting
/org/bouncycastle/math/ec/custom/gm/SM2P256V1FieldElement.class DONE
/org/bouncycastle/math/ec/custom/gm/SM2P256V1FieldElement.class starting
/org/bouncycastle/math/ec/custom/gm/SM2P256V1FieldElement.class DONE
/org/bouncycastle/math/ec/custom/gm/SM2P256V1FieldElement.class starting
/org/bouncycastle/math/ec/custom/gm/SM2P256V1FieldElement.class DONE
/org/bouncycastle/math/ec/custom/gm/SM2P256V1FieldElement.class starting
/org/bouncycastle/math/ec/custom/gm/SM2P256V1FieldElement.class DONE
/org/bouncycastle/math/ec/custom/gm/SM2P256V1FieldElement.class starting
/org/bouncycastle/math/ec/custom/gm/SM2P256V1FieldElement.class DONE
/org/bouncycastle/math/ec/custom/gm/SM2P256V1FieldElement.class starting
/org/bouncycastle/math/ec/custom/gm/SM2P256V1FieldElement.class DONE
/org/bouncycastle/math/ec/custom/gm/SM2P256V1FieldElement.class starting
/org/bouncycastle/math/ec/custom/gm/SM2P256V1FieldElement.class DONE
/org/bouncycastle/math/ec/custom/gm/SM2P256V1FieldElement.class starting
/org/bouncycastle/math/ec/custom/gm/SM2P256V1FieldElement.class DONE
/org/bouncycastle/math/ec/custom/gm/SM2P256V1FieldElement.class starting
/org/bouncycastle/math/ec/custom/gm/SM2P256V1FieldElement.class DONE
/org/bouncycastle/math/ec/custom/gm/SM2P256V1FieldElement.class starting
/org/bouncycastle/math/ec/custom/gm/SM2P256V1FieldElement.class DONE
/org/bouncycastle/math/ec/custom/gm/SM2P256V1FieldElement.class starting
/org/bouncycastle/math/ec/custom/gm/SM2P256V1FieldElement.class DONE
/org/bouncycastle/math/ec/custom/gm/SM2P256V1FieldElement.class starting
/org/bouncycastle/math/ec/custom/gm/SM2P256V1FieldElement.class DONE
/org/bouncycastle/math/ec/custom/gm/SM2P256V1FieldElement.class starting
/org/bouncycastle/math/ec/custom/gm/SM2P256V1FieldElement.class DONE
/org/bouncycastle/math/ec/custom/gm/SM2P256V1FieldElement.class starting
/org/bouncycastle/math/ec/custom/gm/SM2P256V1FieldElement.class DONE
/org/bouncycastle/math/ec/custom/gm/SM2P256V1FieldElement.class starting
/org/bouncycastle/math/ec/custom/gm/SM2P256V1FieldElement.class DONE
/org/bouncycastle/math/ec/custom/gm/SM2P256V1FieldElement.class starting
/org/bouncycastle/math/ec/custom/gm/SM2P256V1FieldElement.class DONE
/org/bouncycastle/math/ec/custom/gm/SM2P256V1FieldElement.class starting
/org/bouncycastle/math/ec/custom/gm/SM2P256V1FieldElement.class DONE
/org/bouncycastle/math/ec/custom/gm/SM2P256V1FieldElement.class starting
/org/bouncycastle/math/ec/custom/gm/SM2P256V1FieldElement.class DONE
/org/bouncycastle/math/ec/custom/gm/SM2P256V1FieldElement.class starting
/org/bouncycastle/math/ec/custom/gm/SM2P256V1FieldElement.class DONE
/org/bouncycastle/math/ec/custom/gm/SM2P256V1FieldElement.class starting
/org/bouncycastle/math/ec/custom/gm/SM2P256V1FieldElement.class DONE
/org/bouncycastle/math/ec/custom/gm/SM2P256V1FieldElement.class starting
/org/bouncycastle/math/ec/custom/gm/SM2P256V1FieldElement.class DONE
/org/bouncycastle/math/ec/custom/gm/SM2P256V1FieldElement.class starting
/org/bouncycastle/math/ec/custom/gm/SM2P256V1FieldElement.class DONE
/org/bouncycastle/math/ec/custom/gm/SM2P256V1FieldElement.class starting
/org/bouncycastle/math/ec/custom/gm/SM2P256V1FieldElement.class DONE
/org/bouncycastle/math/ec/custom/gm/SM2P256V1FieldElement.class starting
/org/bouncycastle/math/ec/custom/gm/SM2P256V1FieldElement.class DONE
/org/bouncycastle/math/ec/custom/gm/SM2P256V1FieldElement.class starting
/org/bouncycastle/math/ec/custom/gm/SM2P256V1FieldElement.class DONE
/org/bouncycastle/math/ec/custom/gm/SM2P256V1FieldElement.class starting
/org/bouncycastle/math/ec/custom/gm/SM2P256V1FieldElement.class DONE
/org/bouncycastle/math/ec/custom/gm/SM2P256V1FieldElement.class starting
/org/bouncycastle/math/ec/custom/gm/SM2P256V1FieldElement.class DONE
/org/bouncycastle/math/ec/custom/gm/SM2P256V1FieldElement.class starting
/org/bouncycastle/math/ec/custom/gm/SM2P256V1FieldElement.class DONE
/org/bouncycastle/math/ec/custom/gm/SM2P256V1FieldElement.class starting
/org/bouncycastle/math/ec/custom/gm/SM2P256V1FieldElement.class DONE
/org/bouncycastle/math/ec/custom/gm/SM2P256V1FieldElement.class starting
/org/bouncycastle/math/ec/custom/gm/SM2P256V1FieldElement.class DONE
/org/bouncycastle/math/ec/custom/gm/SM2P256V1FieldElement.class starting
/org/bouncycastle/math/ec/custom/gm/SM2P256V1FieldElement.class DONE
/org/bouncycastle/math/ec/custom/gm/SM2P256V1FieldElement.class starting
/org/bouncycastle/math/ec/custom/gm/SM2P256V1FieldElement.class DONE
/org/bouncycastle/math/ec/custom/gm/SM2P256V1FieldElement.class starting
/org/bouncycastle/math/ec/custom/gm/SM2P256V1FieldElement.class DONE
/org/bouncycastle/math/ec/custom/gm/SM2P256V1FieldElement.class starting
/org/bouncycastle/math/ec/custom/gm/SM2P256V1FieldElement.class DONE
/org/bouncycastle/math/ec/custom/gm/SM2P256V1FieldElement.class starting
/org/bouncycastle/math/ec/custom/gm/SM2P256V1FieldElement.class DONE
/org/bouncycastle/math/ec/custom/gm/SM2P256V1FieldElement.class starting
/org/bouncycastle/math/ec/custom/gm/SM2P256V1FieldElement.class DONE
/org/bouncycastle/math/ec/custom/gm/SM2P256V1FieldElement.class starting
/org/bouncycastle/math/ec/custom/gm/SM2P256V1FieldElement.class DONE
/org/bouncycastle/math/ec/custom/gm/SM2P256V1FieldElement.class starting
/org/bouncycastle/math/ec/custom/gm/SM2P256V1FieldElement.class DONE
/org/bouncycastle/math/ec/custom/gm/SM2P256V1FieldElement.class starting
/org/bouncycastle/math/ec/custom/gm/SM2P256V1FieldElement.class DONE
/org/bouncycastle/math/ec/custom/gm/SM2P256V1FieldElement.class starting
/org/bouncycastle/math/ec/custom/gm/SM2P256V1FieldElement.class DONE
/org/bouncycastle/math/ec/custom/gm/SM2P256V1FieldElement.class starting
/org/bouncycastle/math/ec/custom/gm/SM2P256V1FieldElement.class DONE
/org/bouncycastle/math/ec/custom/gm/SM2P256V1FieldElement.class starting
/org/bouncycastle/math/ec/custom/gm/SM2P256V1FieldElement.class DONE
/org/bouncycastle/math/ec/custom/gm/SM2P256V1FieldElement.class starting
/org/bouncycastle/math/ec/custom/gm/SM2P256V1FieldElement.class DONE
/org/bouncycastle/math/ec/custom/gm/SM2P256V1FieldElement.class starting
/org/bouncycastle/math/ec/custom/gm/SM2P256V1FieldElement.class DONE
/org/bouncycastle/math/ec/custom/gm/SM2P256V1FieldElement.class starting
/org/bouncycastle/math/ec/custom/gm/SM2P256V1FieldElement.class DONE
/org/bouncycastle/math/ec/custom/gm/SM2P256V1FieldElement.class starting
/org/bouncycastle/math/ec/custom/gm/SM2P256V1FieldElement.class DONE
/org/bouncycastle/math/ec/custom/gm/SM2P256V1FieldElement.class starting
/org/bouncycastle/math/ec/custom/gm/SM2P256V1FieldElement.class DONE
/org/bouncycastle/math/ec/custom/gm/SM2P256V1FieldElement.class starting
/org/bouncycastle/math/ec/custom/gm/SM2P256V1FieldElement.class DONE
/org/bouncycastle/math/ec/custom/gm/SM2P256V1FieldElement.class starting
/org/bouncycastle/math/ec/custom/gm/SM2P256V1FieldElement.class DONE
/org/bouncycastle/math/ec/custom/gm/SM2P256V1FieldElement.class starting
/org/bouncycastle/math/ec/custom/gm/SM2P256V1FieldElement.class DONE
/org/bouncycastle/math/ec/custom/gm/SM2P256V1FieldElement.class starting
/org/bouncycastle/math/ec/custom/gm/SM2P256V1FieldElement.class DONE
/org/bouncycastle/math/ec/custom/gm/SM2P256V1FieldElement.class starting
/org/bouncycastle/math/ec/custom/gm/SM2P256V1FieldElement.class DONE
/org/bouncycastle/math/ec/custom/gm/SM2P256V1FieldElement.class starting
/org/bouncycastle/math/ec/custom/gm/SM2P256V1FieldElement.class DONE
/org/bouncycastle/math/ec/custom/gm/SM2P256V1FieldElement.class starting
/org/bouncycastle/math/ec/custom/gm/SM2P256V1FieldElement.class DONE
/org/bouncycastle/math/ec/custom/gm/SM2P256V1FieldElement.class starting
/org/bouncycastle/math/ec/custom/gm/SM2P256V1FieldElement.class DONE
/org/bouncycastle/math/ec/custom/gm/SM2P256V1FieldElement.class starting
/org/bouncycastle/math/ec/custom/gm/SM2P256V1FieldElement.class DONE
/org/bouncycastle/math/ec/custom/gm/SM2P256V1FieldElement.class starting
/org/bouncycastle/math/ec/custom/gm/SM2P256V1FieldElement.class DONE
/org/bouncycastle/math/ec/custom/gm/SM2P256V1FieldElement.class starting
/org/bouncycastle/math/ec/custom/gm/SM2P256V1FieldElement.class DONE
/org/bouncycastle/math/ec/custom/gm/SM2P256V1FieldElement.class starting
/org/bouncycastle/math/ec/custom/gm/SM2P256V1FieldElement.class DONE
/org/bouncycastle/math/ec/custom/gm/SM2P256V1FieldElement.class starting
/org/bouncycastle/math/ec/custom/gm/SM2P256V1FieldElement.class DONE
/org/bouncycastle/math/ec/custom/gm/SM2P256V1FieldElement.class starting
/org/bouncycastle/math/ec/custom/gm/SM2P256V1FieldElement.class DONE
/org/bouncycastle/math/ec/custom/gm/SM2P256V1FieldElement.class starting
/org/bouncycastle/math/ec/custom/gm/SM2P256V1FieldElement.class DONE
/org/bouncycastle/math/ec/custom/gm/SM2P256V1FieldElement.class starting
/org/bouncycastle/math/ec/custom/gm/SM2P256V1FieldElement.class DONE
/org/bouncycastle/math/ec/custom/gm/SM2P256V1FieldElement.class starting
/org/bouncycastle/math/ec/custom/gm/SM2P256V1FieldElement.class DONE
/org/bouncycastle/math/ec/custom/gm/SM2P256V1FieldElement.class starting
/org/bouncycastle/math/ec/custom/gm/SM2P256V1FieldElement.class DONE
/org/bouncycastle/math/ec/custom/gm/SM2P256V1FieldElement.class starting
/org/bouncycastle/math/ec/custom/gm/SM2P256V1FieldElement.class DONE
/org/bouncycastle/math/ec/custom/gm/SM2P256V1FieldElement.class starting
/org/bouncycastle/math/ec/custom/gm/SM2P256V1FieldElement.class DONE
/org/bouncycastle/math/ec/custom/gm/SM2P256V1FieldElement.class starting
/org/bouncycastle/math/ec/custom/gm/SM2P256V1FieldElement.class DONE
/org/bouncycastle/math/ec/custom/gm/SM2P256V1FieldElement.class starting
/org/bouncycastle/math/ec/custom/gm/SM2P256V1FieldElement.class DONE
/org/bouncycastle/math/ec/custom/gm/SM2P256V1FieldElement.class starting
/org/bouncycastle/math/ec/custom/gm/SM2P256V1FieldElement.class DONE
/org/bouncycastle/math/ec/custom/gm/SM2P256V1FieldElement.class starting
/org/bouncycastle/math/ec/custom/gm/SM2P256V1FieldElement.class DONE
/org/bouncycastle/math/ec/custom/gm/SM2P256V1FieldElement.class starting
/org/bouncycastle/math/ec/custom/gm/SM2P256V1FieldElement.class DONE
/org/bouncycastle/math/ec/custom/gm/SM2P256V1FieldElement.class starting
/org/bouncycastle/math/ec/custom/gm/SM2P256V1FieldElement.class DONE
/org/bouncycastle/math/ec/custom/gm/SM2P256V1FieldElement.class starting
/org/bouncycastle/math/ec/custom/gm/SM2P256V1FieldElement.class DONE
/org/bouncycastle/math/ec/custom/gm/SM2P256V1FieldElement.class starting
/org/bouncycastle/math/ec/custom/gm/SM2P256V1FieldElement.class DONE
/org/bouncycastle/math/ec/custom/gm/SM2P256V1FieldElement.class starting
/org/bouncycastle/math/ec/custom/gm/SM2P256V1FieldElement.class DONE
/org/bouncycastle/math/ec/custom/gm/SM2P256V1FieldElement.class starting
/org/bouncycastle/math/ec/custom/gm/SM2P256V1FieldElement.class DONE
/org/bouncycastle/math/ec/custom/gm/SM2P256V1FieldElement.class starting
/org/bouncycastle/math/ec/custom/gm/SM2P256V1FieldElement.class DONE
/org/bouncycastle/math/ec/custom/gm/SM2P256V1FieldElement.class starting
/org/bouncycastle/math/ec/custom/gm/SM2P256V1FieldElement.class DONE
/org/bouncycastle/math/ec/custom/gm/SM2P256V1FieldElement.class starting
/org/bouncycastle/math/ec/custom/gm/SM2P256V1FieldElement.class DONE
/org/bouncycastle/math/ec/custom/gm/SM2P256V1FieldElement.class starting
/org/bouncycastle/math/ec/custom/gm/SM2P256V1FieldElement.class DONE
/org/bouncycastle/math/ec/custom/gm/SM2P256V1FieldElement.class starting
/org/bouncycastle/math/ec/custom/gm/SM2P256V1FieldElement.class DONE
/org/bouncycastle/math/ec/custom/gm/SM2P256V1FieldElement.class starting
/org/bouncycastle/math/ec/custom/gm/SM2P256V1FieldElement.class DONE
/org/bouncycastle/math/ec/custom/gm/SM2P256V1FieldElement.class starting
/org/bouncycastle/math/ec/custom/gm/SM2P256V1FieldElement.class DONE
/org/bouncycastle/math/ec/custom/gm/SM2P256V1FieldElement.class starting
/org/bouncycastle/math/ec/custom/gm/SM2P256V1FieldElement.class DONE
/org/bouncycastle/math/ec/custom/gm/SM2P256V1FieldElement.class starting
/org/bouncycastle/math/ec/custom/gm/SM2P256V1FieldElement.class DONE
/org/bouncycastle/math/ec/custom/gm/SM2P256V1FieldElement.class starting
/org/bouncycastle/math/ec/custom/gm/SM2P256V1FieldElement.class DONE
/org/bouncycastle/math/ec/custom/gm/SM2P256V1FieldElement.class starting
/org/bouncycastle/math/ec/custom/gm/SM2P256V1FieldElement.class DONE
/org/bouncycastle/math/ec/custom/gm/SM2P256V1FieldElement.class starting
/org/bouncycastle/math/ec/custom/gm/SM2P256V1FieldElement.class DONE
/org/bouncycastle/math/ec/custom/gm/SM2P256V1FieldElement.class starting
/org/bouncycastle/math/ec/custom/gm/SM2P256V1FieldElement.class DONE
/org/bouncycastle/math/ec/custom/gm/SM2P256V1FieldElement.class starting
/org/bouncycastle/math/ec/custom/gm/SM2P256V1FieldElement.class DONE
/org/bouncycastle/math/ec/custom/gm/SM2P256V1FieldElement.class starting
/org/bouncycastle/math/ec/custom/gm/SM2P256V1FieldElement.class DONE
/org/bouncycastle/math/ec/custom/gm/SM2P256V1FieldElement.class starting
/org/bouncycastle/math/ec/custom/gm/SM2P256V1FieldElement.class DONE
/org/bouncycastle/math/ec/custom/gm/SM2P256V1FieldElement.class starting
/org/bouncycastle/math/ec/custom/gm/SM2P256V1FieldElement.class DONE
/org/bouncycastle/math/ec/custom/gm/SM2P256V1FieldElement.class starting
/org/bouncycastle/math/ec/custom/gm/SM2P256V1FieldElement.class DONE
/org/bouncycastle/math/ec/custom/gm/SM2P256V1FieldElement.class starting
/org/bouncycastle/math/ec/custom/gm/SM2P256V1FieldElement.class DONE
/org/bouncycastle/math/ec/custom/gm/SM2P256V1FieldElement.class starting
/org/bouncycastle/math/ec/custom/gm/SM2P256V1FieldElement.class DONE
/org/bouncycastle/math/ec/custom/gm/SM2P256V1FieldElement.class starting
/org/bouncycastle/math/ec/custom/gm/SM2P256V1FieldElement.class DONE
/org/bouncycastle/math/ec/custom/gm/SM2P256V1FieldElement.class starting
/org/bouncycastle/math/ec/custom/gm/SM2P256V1FieldElement.class DONE
/org/bouncycastle/math/ec/custom/gm/SM2P256V1FieldElement.class starting
/org/bouncycastle/math/ec/custom/gm/SM2P256V1FieldElement.class DONE
/org/bouncycastle/math/ec/custom/gm/SM2P256V1FieldElement.class starting
/org/bouncycastle/math/ec/custom/gm/SM2P256V1FieldElement.class DONE
/org/bouncycastle/math/ec/custom/gm/SM2P256V1FieldElement.class starting
/org/bouncycastle/math/ec/custom/gm/SM2P256V1FieldElement.class DONE
/org/bouncycastle/math/ec/custom/gm/SM2P256V1FieldElement.class starting
/org/bouncycastle/math/ec/custom/gm/SM2P256V1FieldElement.class DONE
/org/bouncycastle/math/ec/custom/gm/SM2P256V1FieldElement.class starting
/org/bouncycastle/math/ec/custom/gm/SM2P256V1FieldElement.class DONE
/org/bouncycastle/math/ec/custom/gm/SM2P256V1FieldElement.class starting
/org/bouncycastle/math/ec/custom/gm/SM2P256V1FieldElement.class DONE
/org/bouncycastle/math/ec/custom/gm/SM2P256V1FieldElement.class starting
/org/bouncycastle/math/ec/custom/gm/SM2P256V1FieldElement.class DONE
/org/bouncycastle/math/ec/custom/gm/SM2P256V1FieldElement.class starting
/org/bouncycastle/math/ec/custom/gm/SM2P256V1FieldElement.class DONE
/org/bouncycastle/math/ec/custom/gm/SM2P256V1FieldElement.class starting
/org/bouncycastle/math/ec/custom/gm/SM2P256V1FieldElement.class DONE
/org/bouncycastle/math/ec/custom/gm/SM2P256V1FieldElement.class starting
/org/bouncycastle/math/ec/custom/gm/SM2P256V1FieldElement.class DONE
/org/bouncycastle/math/ec/custom/gm/SM2P256V1FieldElement.class starting
/org/bouncycastle/math/ec/custom/gm/SM2P256V1FieldElement.class DONE
/org/bouncycastle/math/ec/custom/gm/SM2P256V1FieldElement.class starting
/org/bouncycastle/math/ec/custom/gm/SM2P256V1FieldElement.class DONE
/org/bouncycastle/math/ec/custom/gm/SM2P256V1FieldElement.class starting
/org/bouncycastle/math/ec/custom/gm/SM2P256V1FieldElement.class DONE
/org/bouncycastle/math/ec/custom/gm/SM2P256V1FieldElement.class starting
/org/bouncycastle/math/ec/custom/gm/SM2P256V1FieldElement.class DONE
/org/bouncycastle/math/ec/custom/gm/SM2P256V1FieldElement.class starting
/org/bouncycastle/math/ec/custom/gm/SM2P256V1FieldElement.class DONE
/org/bouncycastle/math/ec/custom/gm/SM2P256V1FieldElement.class starting
/org/bouncycastle/math/ec/custom/gm/SM2P256V1FieldElement.class DONE
/org/bouncycastle/math/ec/custom/gm/SM2P256V1FieldElement.class starting
/org/bouncycastle/math/ec/custom/gm/SM2P256V1FieldElement.class DONE
/org/bouncycastle/math/ec/custom/gm/SM2P256V1FieldElement.class starting
/org/bouncycastle/math/ec/custom/gm/SM2P256V1FieldElement.class DONE
/org/bouncycastle/math/ec/custom/gm/SM2P256V1FieldElement.class starting
/org/bouncycastle/math/ec/custom/gm/SM2P256V1FieldElement.class DONE
/org/bouncycastle/math/ec/custom/gm/SM2P256V1FieldElement.class starting
/org/bouncycastle/math/ec/custom/gm/SM2P256V1FieldElement.class DONE
/org/bouncycastle/math/ec/custom/gm/SM2P256V1FieldElement.class starting
/org/bouncycastle/math/ec/custom/gm/SM2P256V1FieldElement.class DONE
/org/bouncycastle/math/ec/custom/gm/SM2P256V1FieldElement.class starting
/org/bouncycastle/math/ec/custom/gm/SM2P256V1FieldElement.class DONE
/org/bouncycastle/math/ec/custom/gm/SM2P256V1FieldElement.class starting
/org/bouncycastle/math/ec/custom/gm/SM2P256V1FieldElement.class DONE
/org/bouncycastle/math/ec/custom/gm/SM2P256V1FieldElement.class starting
/org/bouncycastle/math/ec/custom/gm/SM2P256V1FieldElement.class DONE
/org/bouncycastle/math/ec/custom/gm/SM2P256V1FieldElement.class starting
/org/bouncycastle/math/ec/custom/gm/SM2P256V1FieldElement.class DONE
/org/bouncycastle/math/ec/custom/gm/SM2P256V1FieldElement.class starting
/org/bouncycastle/math/ec/custom/gm/SM2P256V1FieldElement.class DONE
/org/bouncycastle/math/ec/custom/gm/SM2P256V1FieldElement.class starting
/org/bouncycastle/math/ec/custom/gm/SM2P256V1FieldElement.class DONE
/org/bouncycastle/math/ec/custom/gm/SM2P256V1FieldElement.class starting
/org/bouncycastle/math/ec/custom/gm/SM2P256V1FieldElement.class DONE
/org/bouncycastle/math/ec/custom/gm/SM2P256V1FieldElement.class starting
/org/bouncycastle/math/ec/custom/gm/SM2P256V1FieldElement.class DONE
/org/bouncycastle/math/ec/custom/gm/SM2P256V1FieldElement.class starting
/org/bouncycastle/math/ec/custom/gm/SM2P256V1FieldElement.class DONE
/org/bouncycastle/math/ec/custom/gm/SM2P256V1FieldElement.class starting
/org/bouncycastle/math/ec/custom/gm/SM2P256V1FieldElement.class DONE
/org/bouncycastle/math/ec/custom/gm/SM2P256V1FieldElement.class starting
/org/bouncycastle/math/ec/custom/gm/SM2P256V1FieldElement.class DONE
/org/bouncycastle/math/ec/custom/gm/SM2P256V1FieldElement.class starting
/org/bouncycastle/math/ec/custom/gm/SM2P256V1FieldElement.class DONE
/org/bouncycastle/math/ec/custom/gm/SM2P256V1FieldElement.class starting
/org/bouncycastle/math/ec/custom/gm/SM2P256V1FieldElement.class DONE
/org/bouncycastle/math/ec/custom/gm/SM2P256V1FieldElement.class starting
/org/bouncycastle/math/ec/custom/gm/SM2P256V1FieldElement.class DONE
/org/bouncycastle/math/ec/custom/gm/SM2P256V1FieldElement.class starting
/org/bouncycastle/math/ec/custom/gm/SM2P256V1FieldElement.class DONE
/org/bouncycastle/math/ec/custom/gm/SM2P256V1FieldElement.class starting
/org/bouncycastle/math/ec/custom/gm/SM2P256V1FieldElement.class DONE
/org/bouncycastle/math/ec/custom/gm/SM2P256V1FieldElement.class starting
/org/bouncycastle/math/ec/custom/gm/SM2P256V1FieldElement.class DONE
/org/bouncycastle/math/ec/custom/gm/SM2P256V1FieldElement.class starting
/org/bouncycastle/math/ec/custom/gm/SM2P256V1FieldElement.class DONE
/org/bouncycastle/math/ec/custom/gm/SM2P256V1FieldElement.class starting
/org/bouncycastle/math/ec/custom/gm/SM2P256V1FieldElement.class DONE
/org/bouncycastle/math/ec/custom/gm/SM2P256V1FieldElement.class starting
/org/bouncycastle/math/ec/custom/gm/SM2P256V1FieldElement.class DONE
/org/bouncycastle/math/ec/custom/gm/SM2P256V1FieldElement.class starting
/org/bouncycastle/math/ec/custom/gm/SM2P256V1FieldElement.class DONE
/org/bouncycastle/math/ec/custom/gm/SM2P256V1FieldElement.class starting
/org/bouncycastle/math/ec/custom/gm/SM2P256V1FieldElement.class DONE
/org/bouncycastle/math/ec/custom/gm/SM2P256V1FieldElement.class starting
/org/bouncycastle/math/ec/custom/gm/SM2P256V1FieldElement.class DONE
/org/bouncycastle/math/ec/custom/gm/SM2P256V1FieldElement.class starting
/org/bouncycastle/math/ec/custom/gm/SM2P256V1FieldElement.class DONE
/org/bouncycastle/math/ec/custom/gm/SM2P256V1FieldElement.class starting
/org/bouncycastle/math/ec/custom/gm/SM2P256V1FieldElement.class DONE
/org/bouncycastle/math/ec/custom/gm/SM2P256V1FieldElement.class starting
/org/bouncycastle/math/ec/custom/gm/SM2P256V1FieldElement.class DONE
/org/bouncycastle/math/ec/custom/gm/SM2P256V1FieldElement.class starting
/org/bouncycastle/math/ec/custom/gm/SM2P256V1FieldElement.class DONE
/org/bouncycastle/math/ec/custom/gm/SM2P256V1FieldElement.class starting
/org/bouncycastle/math/ec/custom/gm/SM2P256V1FieldElement.class DONE
/org/bouncycastle/math/ec/custom/gm/SM2P256V1FieldElement.class starting
/org/bouncycastle/math/ec/custom/gm/SM2P256V1FieldElement.class DONE
/org/bouncycastle/math/ec/custom/gm/SM2P256V1FieldElement.class starting
/org/bouncycastle/math/ec/custom/gm/SM2P256V1FieldElement.class DONE
/org/bouncycastle/math/ec/custom/gm/SM2P256V1FieldElement.class starting
/org/bouncycastle/math/ec/custom/gm/SM2P256V1FieldElement.class DONE
/org/bouncycastle/math/ec/custom/gm/SM2P256V1FieldElement.class starting
/org/bouncycastle/math/ec/custom/gm/SM2P256V1FieldElement.class DONE
/org/bouncycastle/math/ec/custom/gm/SM2P256V1FieldElement.class starting
/org/bouncycastle/math/ec/custom/gm/SM2P256V1FieldElement.class DONE
/org/bouncycastle/math/ec/custom/gm/SM2P256V1FieldElement.class starting
/org/bouncycastle/math/ec/custom/gm/SM2P256V1FieldElement.class DONE
/org/bouncycastle/math/ec/custom/gm/SM2P256V1FieldElement.class starting
/org/bouncycastle/math/ec/custom/gm/SM2P256V1FieldElement.class DONE
/org/bouncycastle/math/ec/custom/gm/SM2P256V1FieldElement.class starting
/org/bouncycastle/math/ec/custom/gm/SM2P256V1FieldElement.class DONE
/org/bouncycastle/math/ec/custom/gm/SM2P256V1FieldElement.class starting
/org/bouncycastle/math/ec/custom/gm/SM2P256V1FieldElement.class DONE
/org/bouncycastle/math/ec/custom/gm/SM2P256V1FieldElement.class starting
/org/bouncycastle/math/ec/custom/gm/SM2P256V1FieldElement.class DONE
/org/bouncycastle/math/ec/custom/gm/SM2P256V1FieldElement.class starting
/org/bouncycastle/math/ec/custom/gm/SM2P256V1FieldElement.class DONE
/org/bouncycastle/math/ec/custom/gm/SM2P256V1FieldElement.class starting
/org/bouncycastle/math/ec/custom/gm/SM2P256V1FieldElement.class DONE
/org/bouncycastle/math/ec/custom/gm/SM2P256V1FieldElement.class starting
/org/bouncycastle/math/ec/custom/gm/SM2P256V1FieldElement.class DONE
/org/bouncycastle/math/ec/custom/gm/SM2P256V1FieldElement.class starting
/org/bouncycastle/math/ec/custom/gm/SM2P256V1FieldElement.class DONE
/org/bouncycastle/math/ec/custom/gm/SM2P256V1FieldElement.class starting
/org/bouncycastle/math/ec/custom/gm/SM2P256V1FieldElement.class DONE
/org/bouncycastle/math/ec/custom/gm/SM2P256V1FieldElement.class starting
/org/bouncycastle/math/ec/custom/gm/SM2P256V1FieldElement.class DONE
/org/bouncycastle/math/ec/custom/gm/SM2P256V1FieldElement.class starting
/org/bouncycastle/math/ec/custom/gm/SM2P256V1FieldElement.class DONE
/org/bouncycastle/math/ec/custom/gm/SM2P256V1FieldElement.class starting
/org/bouncycastle/math/ec/custom/gm/SM2P256V1FieldElement.class DONE
/org/bouncycastle/math/ec/custom/gm/SM2P256V1FieldElement.class starting
/org/bouncycastle/math/ec/custom/gm/SM2P256V1FieldElement.class DONE
/org/bouncycastle/math/ec/custom/gm/SM2P256V1FieldElement.class starting
/org/bouncycastle/math/ec/custom/gm/SM2P256V1FieldElement.class DONE
/org/bouncycastle/math/ec/custom/gm/SM2P256V1FieldElement.class starting
/org/bouncycastle/math/ec/custom/gm/SM2P256V1FieldElement.class DONE
/org/bouncycastle/math/ec/custom/gm/SM2P256V1FieldElement.class starting
/org/bouncycastle/math/ec/custom/gm/SM2P256V1FieldElement.class DONE
/org/bouncycastle/math/ec/custom/gm/SM2P256V1FieldElement.class starting
/org/bouncycastle/math/ec/custom/gm/SM2P256V1FieldElement.class DONE
/org/bouncycastle/math/ec/custom/gm/SM2P256V1FieldElement.class starting
/org/bouncycastle/math/ec/custom/gm/SM2P256V1FieldElement.class DONE
/org/bouncycastle/math/ec/custom/gm/SM2P256V1FieldElement.class starting
/org/bouncycastle/math/ec/custom/gm/SM2P256V1FieldElement.class DONE
/org/bouncycastle/math/ec/custom/gm/SM2P256V1FieldElement.class starting
/org/bouncycastle/math/ec/custom/gm/SM2P256V1FieldElement.class DONE
/org/bouncycastle/math/ec/custom/gm/SM2P256V1FieldElement.class starting
/org/bouncycastle/math/ec/custom/gm/SM2P256V1FieldElement.class DONE
/org/bouncycastle/math/ec/custom/gm/SM2P256V1FieldElement.class starting
/org/bouncycastle/math/ec/custom/gm/SM2P256V1FieldElement.class DONE
/org/bouncycastle/math/ec/custom/gm/SM2P256V1FieldElement.class starting
/org/bouncycastle/math/ec/custom/gm/SM2P256V1FieldElement.class DONE
/org/bouncycastle/math/ec/custom/gm/SM2P256V1FieldElement.class starting
/org/bouncycastle/math/ec/custom/gm/SM2P256V1FieldElement.class DONE
/org/bouncycastle/math/ec/custom/gm/SM2P256V1FieldElement.class starting
/org/bouncycastle/math/ec/custom/gm/SM2P256V1FieldElement.class DONE
/org/bouncycastle/math/ec/custom/gm/SM2P256V1FieldElement.class starting
/org/bouncycastle/math/ec/custom/gm/SM2P256V1FieldElement.class DONE
/org/bouncycastle/math/ec/custom/gm/SM2P256V1FieldElement.class starting
/org/bouncycastle/math/ec/custom/gm/SM2P256V1FieldElement.class DONE
/org/bouncycastle/math/ec/custom/gm/SM2P256V1FieldElement.class starting
/org/bouncycastle/math/ec/custom/gm/SM2P256V1FieldElement.class DONE
/org/bouncycastle/math/ec/custom/gm/SM2P256V1FieldElement.class starting
/org/bouncycastle/math/ec/custom/gm/SM2P256V1FieldElement.class DONE
/org/bouncycastle/math/ec/custom/gm/SM2P256V1FieldElement.class starting
/org/bouncycastle/math/ec/custom/gm/SM2P256V1FieldElement.class DONE
/org/bouncycastle/math/ec/custom/gm/SM2P256V1FieldElement.class starting
/org/bouncycastle/math/ec/custom/gm/SM2P256V1FieldElement.class DONE
/org/bouncycastle/math/ec/custom/gm/SM2P256V1FieldElement.class starting
/org/bouncycastle/math/ec/custom/gm/SM2P256V1FieldElement.class DONE
/org/bouncycastle/math/ec/custom/gm/SM2P256V1FieldElement.class starting
/org/bouncycastle/math/ec/custom/gm/SM2P256V1FieldElement.class DONE
/org/bouncycastle/math/ec/custom/gm/SM2P256V1FieldElement.class starting
/org/bouncycastle/math/ec/custom/gm/SM2P256V1FieldElement.class DONE
/org/bouncycastle/math/ec/custom/gm/SM2P256V1FieldElement.class starting
/org/bouncycastle/math/ec/custom/gm/SM2P256V1FieldElement.class DONE
/org/bouncycastle/math/ec/custom/gm/SM2P256V1FieldElement.class starting
/org/bouncycastle/math/ec/custom/gm/SM2P256V1FieldElement.class DONE
/org/bouncycastle/math/ec/custom/gm/SM2P256V1FieldElement.class starting
/org/bouncycastle/math/ec/custom/gm/SM2P256V1FieldElement.class DONE
/org/bouncycastle/math/ec/custom/gm/SM2P256V1FieldElement.class starting
/org/bouncycastle/math/ec/custom/gm/SM2P256V1FieldElement.class DONE
/org/bouncycastle/math/ec/custom/gm/SM2P256V1FieldElement.class starting
/org/bouncycastle/math/ec/custom/gm/SM2P256V1FieldElement.class DONE
/org/bouncycastle/math/ec/custom/gm/SM2P256V1FieldElement.class starting
/org/bouncycastle/math/ec/custom/gm/SM2P256V1FieldElement.class DONE
/org/bouncycastle/math/ec/custom/gm/SM2P256V1FieldElement.class starting
/org/bouncycastle/math/ec/custom/gm/SM2P256V1FieldElement.class DONE
/org/bouncycastle/math/ec/custom/gm/SM2P256V1FieldElement.class starting
/org/bouncycastle/math/ec/custom/gm/SM2P256V1FieldElement.class DONE
/org/bouncycastle/math/ec/custom/gm/SM2P256V1FieldElement.class starting
/org/bouncycastle/math/ec/custom/gm/SM2P256V1FieldElement.class DONE
/org/bouncycastle/math/ec/custom/gm/SM2P256V1FieldElement.class starting
/org/bouncycastle/math/ec/custom/gm/SM2P256V1FieldElement.class DONE
/org/bouncycastle/math/ec/custom/gm/SM2P256V1FieldElement.class starting
/org/bouncycastle/math/ec/custom/gm/SM2P256V1FieldElement.class DONE
/org/bouncycastle/math/ec/custom/gm/SM2P256V1FieldElement.class starting
/org/bouncycastle/math/ec/custom/gm/SM2P256V1FieldElement.class DONE
/org/bouncycastle/math/ec/custom/gm/SM2P256V1FieldElement.class starting
/org/bouncycastle/math/ec/custom/gm/SM2P256V1FieldElement.class DONE
/org/bouncycastle/math/ec/custom/gm/SM2P256V1FieldElement.class starting
/org/bouncycastle/math/ec/custom/gm/SM2P256V1FieldElement.class DONE
/org/bouncycastle/math/ec/custom/gm/SM2P256V1FieldElement.class starting
/org/bouncycastle/math/ec/custom/gm/SM2P256V1FieldElement.class DONE
/org/bouncycastle/math/ec/custom/gm/SM2P256V1FieldElement.class starting
/org/bouncycastle/math/ec/custom/gm/SM2P256V1FieldElement.class DONE
/org/bouncycastle/math/ec/custom/gm/SM2P256V1FieldElement.class starting
/org/bouncycastle/math/ec/custom/gm/SM2P256V1FieldElement.class DONE
/org/bouncycastle/math/ec/custom/gm/SM2P256V1FieldElement.class starting
/org/bouncycastle/math/ec/custom/gm/SM2P256V1FieldElement.class DONE
/org/bouncycastle/math/ec/custom/gm/SM2P256V1FieldElement.class starting
/org/bouncycastle/math/ec/custom/gm/SM2P256V1FieldElement.class DONE
/org/bouncycastle/math/ec/custom/gm/SM2P256V1FieldElement.class starting
/org/bouncycastle/math/ec/custom/gm/SM2P256V1FieldElement.class DONE
/org/bouncycastle/math/ec/custom/gm/SM2P256V1FieldElement.class starting
/org/bouncycastle/math/ec/custom/gm/SM2P256V1FieldElement.class DONE
/org/bouncycastle/math/ec/custom/gm/SM2P256V1FieldElement.class starting
/org/bouncycastle/math/ec/custom/gm/SM2P256V1FieldElement.class DONE
/org/bouncycastle/math/ec/custom/gm/SM2P256V1FieldElement.class starting
/org/bouncycastle/math/ec/custom/gm/SM2P256V1FieldElement.class DONE
/org/bouncycastle/math/ec/custom/gm/SM2P256V1FieldElement.class starting
/org/bouncycastle/math/ec/custom/gm/SM2P256V1FieldElement.class DONE
/org/bouncycastle/math/ec/custom/gm/SM2P256V1FieldElement.class starting
/org/bouncycastle/math/ec/custom/gm/SM2P256V1FieldElement.class DONE
/org/bouncycastle/math/ec/custom/gm/SM2P256V1FieldElement.class starting
/org/bouncycastle/math/ec/custom/gm/SM2P256V1FieldElement.class DONE
/org/bouncycastle/math/ec/custom/gm/SM2P256V1FieldElement.class starting
/org/bouncycastle/math/ec/custom/gm/SM2P256V1FieldElement.class DONE
/org/bouncycastle/math/ec/custom/gm/SM2P256V1FieldElement.class starting
/org/bouncycastle/math/ec/custom/gm/SM2P256V1FieldElement.class DONE
/org/bouncycastle/math/ec/custom/gm/SM2P256V1FieldElement.class starting
/org/bouncycastle/math/ec/custom/gm/SM2P256V1FieldElement.class DONE
/org/bouncycastle/math/ec/custom/gm/SM2P256V1FieldElement.class starting
/org/bouncycastle/math/ec/custom/gm/SM2P256V1FieldElement.class DONE
/org/bouncycastle/math/ec/custom/gm/SM2P256V1FieldElement.class starting
/org/bouncycastle/math/ec/custom/gm/SM2P256V1FieldElement.class DONE
/org/bouncycastle/math/ec/custom/gm/SM2P256V1FieldElement.class starting
/org/bouncycastle/math/ec/custom/gm/SM2P256V1FieldElement.class DONE
/org/bouncycastle/math/ec/custom/gm/SM2P256V1FieldElement.class starting
/org/bouncycastle/math/ec/custom/gm/SM2P256V1FieldElement.class DONE
/org/bouncycastle/math/ec/custom/gm/SM2P256V1FieldElement.class starting
/org/bouncycastle/math/ec/custom/gm/SM2P256V1FieldElement.class DONE
/org/bouncycastle/math/ec/custom/gm/SM2P256V1FieldElement.class starting
/org/bouncycastle/math/ec/custom/gm/SM2P256V1FieldElement.class DONE
/org/bouncycastle/math/ec/custom/gm/SM2P256V1FieldElement.class starting
/org/bouncycastle/math/ec/custom/gm/SM2P256V1FieldElement.class DONE
/org/bouncycastle/math/ec/custom/gm/SM2P256V1FieldElement.class starting
/org/bouncycastle/math/ec/custom/gm/SM2P256V1FieldElement.class DONE
/org/bouncycastle/math/ec/custom/gm/SM2P256V1FieldElement.class starting
/org/bouncycastle/math/ec/custom/gm/SM2P256V1FieldElement.class DONE
/org/bouncycastle/math/ec/custom/gm/SM2P256V1FieldElement.class starting
/org/bouncycastle/math/ec/custom/gm/SM2P256V1FieldElement.class DONE
/org/bouncycastle/math/ec/custom/gm/SM2P256V1FieldElement.class starting
/org/bouncycastle/math/ec/custom/gm/SM2P256V1FieldElement.class DONE
/org/bouncycastle/math/ec/custom/gm/SM2P256V1FieldElement.class starting
/org/bouncycastle/math/ec/custom/gm/SM2P256V1FieldElement.class DONE
/org/bouncycastle/math/ec/custom/gm/SM2P256V1FieldElement.class starting
/org/bouncycastle/math/ec/custom/gm/SM2P256V1FieldElement.class DONE
/org/bouncycastle/math/ec/custom/gm/SM2P256V1FieldElement.class starting
/org/bouncycastle/math/ec/custom/gm/SM2P256V1FieldElement.class DONE
/org/bouncycastle/math/ec/custom/gm/SM2P256V1FieldElement.class starting
/org/bouncycastle/math/ec/custom/gm/SM2P256V1FieldElement.class DONE
/org/bouncycastle/math/ec/custom/gm/SM2P256V1FieldElement.class starting
/org/bouncycastle/math/ec/custom/gm/SM2P256V1FieldElement.class DONE
/org/bouncycastle/math/ec/custom/gm/SM2P256V1FieldElement.class starting
/org/bouncycastle/math/ec/custom/gm/SM2P256V1FieldElement.class DONE
/org/bouncycastle/math/ec/custom/gm/SM2P256V1FieldElement.class starting
/org/bouncycastle/math/ec/custom/gm/SM2P256V1FieldElement.class DONE
/org/bouncycastle/math/ec/custom/gm/SM2P256V1FieldElement.class starting
/org/bouncycastle/math/ec/custom/gm/SM2P256V1FieldElement.class DONE
/org/bouncycastle/math/ec/custom/gm/SM2P256V1FieldElement.class starting
/org/bouncycastle/math/ec/custom/gm/SM2P256V1FieldElement.class DONE
/org/bouncycastle/math/ec/custom/gm/SM2P256V1FieldElement.class starting
/org/bouncycastle/math/ec/custom/gm/SM2P256V1FieldElement.class DONE
/org/bouncycastle/math/ec/custom/gm/SM2P256V1FieldElement.class starting
/org/bouncycastle/math/ec/custom/gm/SM2P256V1FieldElement.class DONE
/org/bouncycastle/math/ec/custom/gm/SM2P256V1FieldElement.class starting
/org/bouncycastle/math/ec/custom/gm/SM2P256V1FieldElement.class DONE
/org/bouncycastle/math/ec/custom/gm/SM2P256V1FieldElement.class starting
/org/bouncycastle/math/ec/custom/gm/SM2P256V1FieldElement.class DONE
/org/bouncycastle/math/ec/custom/gm/SM2P256V1FieldElement.class starting
/org/bouncycastle/math/ec/custom/gm/SM2P256V1FieldElement.class DONE
/org/bouncycastle/math/ec/custom/gm/SM2P256V1FieldElement.class starting
/org/bouncycastle/math/ec/custom/gm/SM2P256V1FieldElement.class DONE
/org/bouncycastle/math/ec/custom/gm/SM2P256V1FieldElement.class starting
/org/bouncycastle/math/ec/custom/gm/SM2P256V1FieldElement.class DONE
/org/bouncycastle/math/ec/custom/gm/SM2P256V1FieldElement.class starting
/org/bouncycastle/math/ec/custom/gm/SM2P256V1FieldElement.class DONE
/org/bouncycastle/math/ec/custom/gm/SM2P256V1FieldElement.class starting
/org/bouncycastle/math/ec/custom/gm/SM2P256V1FieldElement.class DONE
/org/bouncycastle/math/ec/custom/gm/SM2P256V1FieldElement.class starting
/org/bouncycastle/math/ec/custom/gm/SM2P256V1FieldElement.class DONE
/org/bouncycastle/math/ec/custom/gm/SM2P256V1FieldElement.class starting
/org/bouncycastle/math/ec/custom/gm/SM2P256V1FieldElement.class DONE
/org/bouncycastle/math/ec/custom/gm/SM2P256V1FieldElement.class starting
/org/bouncycastle/math/ec/custom/gm/SM2P256V1FieldElement.class DONE
/org/bouncycastle/math/ec/custom/gm/SM2P256V1FieldElement.class starting
/org/bouncycastle/math/ec/custom/gm/SM2P256V1FieldElement.class DONE
/org/bouncycastle/math/ec/custom/gm/SM2P256V1FieldElement.class starting
/org/bouncycastle/math/ec/custom/gm/SM2P256V1FieldElement.class DONE
/org/bouncycastle/math/ec/custom/gm/SM2P256V1FieldElement.class starting
/org/bouncycastle/math/ec/custom/gm/SM2P256V1FieldElement.class DONE
/org/bouncycastle/math/ec/custom/gm/SM2P256V1FieldElement.class starting
/org/bouncycastle/math/ec/custom/gm/SM2P256V1FieldElement.class DONE
/org/bouncycastle/math/ec/custom/gm/SM2P256V1FieldElement.class starting
/org/bouncycastle/math/ec/custom/gm/SM2P256V1FieldElement.class DONE
/org/bouncycastle/math/ec/custom/gm/SM2P256V1FieldElement.class starting
/org/bouncycastle/math/ec/custom/gm/SM2P256V1FieldElement.class DONE
/org/bouncycastle/math/ec/custom/gm/SM2P256V1FieldElement.class starting
/org/bouncycastle/math/ec/custom/gm/SM2P256V1FieldElement.class DONE
/org/bouncycastle/math/ec/custom/gm/SM2P256V1FieldElement.class starting
/org/bouncycastle/math/ec/custom/gm/SM2P256V1FieldElement.class DONE
/org/bouncycastle/math/ec/custom/gm/SM2P256V1FieldElement.class starting
/org/bouncycastle/math/ec/custom/gm/SM2P256V1FieldElement.class DONE
/org/bouncycastle/math/ec/custom/gm/SM2P256V1FieldElement.class starting
/org/bouncycastle/math/ec/custom/gm/SM2P256V1FieldElement.class DONE
/org/bouncycastle/math/ec/custom/gm/SM2P256V1FieldElement.class starting
/org/bouncycastle/math/ec/custom/gm/SM2P256V1FieldElement.class DONE
/org/bouncycastle/math/ec/custom/gm/SM2P256V1FieldElement.class starting
/org/bouncycastle/math/ec/custom/gm/SM2P256V1FieldElement.class DONE
/org/bouncycastle/math/ec/custom/gm/SM2P256V1FieldElement.class starting
/org/bouncycastle/math/ec/custom/gm/SM2P256V1FieldElement.class DONE
/org/bouncycastle/math/ec/custom/gm/SM2P256V1FieldElement.class starting
/org/bouncycastle/math/ec/custom/gm/SM2P256V1FieldElement.class DONE
/org/bouncycastle/math/ec/custom/gm/SM2P256V1FieldElement.class starting
/org/bouncycastle/math/ec/custom/gm/SM2P256V1FieldElement.class DONE
/org/bouncycastle/math/ec/custom/gm/SM2P256V1FieldElement.class starting
/org/bouncycastle/math/ec/custom/gm/SM2P256V1FieldElement.class DONE
/org/bouncycastle/math/ec/custom/gm/SM2P256V1FieldElement.class starting
/org/bouncycastle/math/ec/custom/gm/SM2P256V1FieldElement.class DONE
/org/bouncycastle/math/ec/custom/gm/SM2P256V1FieldElement.class starting
/org/bouncycastle/math/ec/custom/gm/SM2P256V1FieldElement.class DONE
/org/bouncycastle/math/ec/custom/gm/SM2P256V1FieldElement.class starting
/org/bouncycastle/math/ec/custom/gm/SM2P256V1FieldElement.class DONE
/org/bouncycastle/math/ec/custom/gm/SM2P256V1FieldElement.class starting
/org/bouncycastle/math/ec/custom/gm/SM2P256V1FieldElement.class DONE
/org/bouncycastle/math/ec/custom/gm/SM2P256V1FieldElement.class starting
/org/bouncycastle/math/ec/custom/gm/SM2P256V1FieldElement.class DONE
/org/bouncycastle/math/ec/custom/gm/SM2P256V1FieldElement.class starting
/org/bouncycastle/math/ec/custom/gm/SM2P256V1FieldElement.class DONE
/org/bouncycastle/math/ec/custom/gm/SM2P256V1FieldElement.class starting
/org/bouncycastle/math/ec/custom/gm/SM2P256V1FieldElement.class DONE
/org/bouncycastle/math/ec/custom/gm/SM2P256V1FieldElement.class starting
/org/bouncycastle/math/ec/custom/gm/SM2P256V1FieldElement.class DONE
/org/bouncycastle/math/ec/custom/gm/SM2P256V1FieldElement.class starting
/org/bouncycastle/math/ec/custom/gm/SM2P256V1FieldElement.class DONE
/org/bouncycastle/math/ec/custom/gm/SM2P256V1FieldElement.class starting
/org/bouncycastle/math/ec/custom/gm/SM2P256V1FieldElement.class DONE
/org/bouncycastle/math/ec/custom/gm/SM2P256V1FieldElement.class starting
/org/bouncycastle/math/ec/custom/gm/SM2P256V1FieldElement.class DONE
/org/bouncycastle/math/ec/custom/gm/SM2P256V1FieldElement.class starting
/org/bouncycastle/math/ec/custom/gm/SM2P256V1FieldElement.class DONE
/org/bouncycastle/math/ec/custom/gm/SM2P256V1FieldElement.class starting
/org/bouncycastle/math/ec/custom/gm/SM2P256V1FieldElement.class DONE
/org/bouncycastle/math/ec/custom/gm/SM2P256V1FieldElement.class starting
/org/bouncycastle/math/ec/custom/gm/SM2P256V1FieldElement.class DONE
/org/bouncycastle/math/ec/custom/gm/SM2P256V1FieldElement.class starting
/org/bouncycastle/math/ec/custom/gm/SM2P256V1FieldElement.class DONE
/org/bouncycastle/math/ec/custom/gm/SM2P256V1FieldElement.class starting
/org/bouncycastle/math/ec/custom/gm/SM2P256V1FieldElement.class DONE
/org/bouncycastle/math/ec/custom/gm/SM2P256V1FieldElement.class starting
/org/bouncycastle/math/ec/custom/gm/SM2P256V1FieldElement.class DONE
/org/bouncycastle/math/ec/custom/gm/SM2P256V1FieldElement.class starting
/org/bouncycastle/math/ec/custom/gm/SM2P256V1FieldElement.class DONE
/org/bouncycastle/math/ec/custom/gm/SM2P256V1FieldElement.class starting
/org/bouncycastle/math/ec/custom/gm/SM2P256V1FieldElement.class DONE
/org/bouncycastle/math/ec/custom/gm/SM2P256V1FieldElement.class starting
/org/bouncycastle/math/ec/custom/gm/SM2P256V1FieldElement.class DONE
/org/bouncycastle/math/ec/custom/gm/SM2P256V1FieldElement.class starting
/org/bouncycastle/math/ec/custom/gm/SM2P256V1FieldElement.class DONE
/org/bouncycastle/math/ec/custom/gm/SM2P256V1FieldElement.class starting
/org/bouncycastle/math/ec/custom/gm/SM2P256V1FieldElement.class DONE
/org/bouncycastle/math/ec/custom/gm/SM2P256V1FieldElement.class starting
/org/bouncycastle/math/ec/custom/gm/SM2P256V1FieldElement.class DONE
/org/bouncycastle/math/ec/custom/gm/SM2P256V1FieldElement.class starting
/org/bouncycastle/math/ec/custom/gm/SM2P256V1FieldElement.class DONE
/org/bouncycastle/math/ec/custom/gm/SM2P256V1FieldElement.class starting
/org/bouncycastle/math/ec/custom/gm/SM2P256V1FieldElement.class DONE
/org/bouncycastle/math/ec/custom/gm/SM2P256V1FieldElement.class starting
/org/bouncycastle/math/ec/custom/gm/SM2P256V1FieldElement.class DONE
/org/bouncycastle/math/ec/custom/gm/SM2P256V1FieldElement.class starting
/org/bouncycastle/math/ec/custom/gm/SM2P256V1FieldElement.class DONE
/org/bouncycastle/math/ec/custom/gm/SM2P256V1FieldElement.class starting
/org/bouncycastle/math/ec/custom/gm/SM2P256V1FieldElement.class DONE
/org/bouncycastle/math/ec/custom/gm/SM2P256V1FieldElement.class starting
/org/bouncycastle/math/ec/custom/gm/SM2P256V1FieldElement.class DONE
/org/bouncycastle/math/ec/custom/gm/SM2P256V1FieldElement.class starting
/org/bouncycastle/math/ec/custom/gm/SM2P256V1FieldElement.class DONE
/org/bouncycastle/math/ec/custom/gm/SM2P256V1FieldElement.class starting
/org/bouncycastle/math/ec/custom/gm/SM2P256V1FieldElement.class DONE
/org/bouncycastle/math/ec/custom/gm/SM2P256V1FieldElement.class starting
/org/bouncycastle/math/ec/custom/gm/SM2P256V1FieldElement.class DONE
/org/bouncycastle/math/ec/custom/gm/SM2P256V1FieldElement.class starting
/org/bouncycastle/math/ec/custom/gm/SM2P256V1FieldElement.class DONE
/org/bouncycastle/math/ec/custom/gm/SM2P256V1FieldElement.class starting
/org/bouncycastle/math/ec/custom/gm/SM2P256V1FieldElement.class DONE
/org/bouncycastle/math/ec/custom/gm/SM2P256V1FieldElement.class starting
/org/bouncycastle/math/ec/custom/gm/SM2P256V1FieldElement.class DONE
/org/bouncycastle/math/ec/custom/gm/SM2P256V1FieldElement.class starting
/org/bouncycastle/math/ec/custom/gm/SM2P256V1FieldElement.class DONE
/org/bouncycastle/math/ec/custom/gm/SM2P256V1FieldElement.class starting
/org/bouncycastle/math/ec/custom/gm/SM2P256V1FieldElement.class DONE
/org/bouncycastle/math/ec/custom/gm/SM2P256V1FieldElement.class starting
/org/bouncycastle/math/ec/custom/gm/SM2P256V1FieldElement.class DONE
/org/bouncycastle/math/ec/custom/gm/SM2P256V1FieldElement.class starting
/org/bouncycastle/math/ec/custom/gm/SM2P256V1FieldElement.class DONE
/org/bouncycastle/math/ec/custom/gm/SM2P256V1FieldElement.class starting
/org/bouncycastle/math/ec/custom/gm/SM2P256V1FieldElement.class DONE
/org/bouncycastle/math/ec/custom/gm/SM2P256V1FieldElement.class starting
/org/bouncycastle/math/ec/custom/gm/SM2P256V1FieldElement.class DONE
/org/bouncycastle/math/ec/custom/gm/SM2P256V1FieldElement.class starting
/org/bouncycastle/math/ec/custom/gm/SM2P256V1FieldElement.class DONE
/org/bouncycastle/math/ec/custom/gm/SM2P256V1FieldElement.class starting
/org/bouncycastle/math/ec/custom/gm/SM2P256V1FieldElement.class DONE
/org/bouncycastle/math/ec/custom/gm/SM2P256V1FieldElement.class starting
/org/bouncycastle/math/ec/custom/gm/SM2P256V1FieldElement.class DONE
/org/bouncycastle/math/ec/custom/gm/SM2P256V1FieldElement.class starting
/org/bouncycastle/math/ec/custom/gm/SM2P256V1FieldElement.class DONE
/org/bouncycastle/math/ec/custom/gm/SM2P256V1FieldElement.class starting
/org/bouncycastle/math/ec/custom/gm/SM2P256V1FieldElement.class DONE
/org/bouncycastle/math/ec/custom/gm/SM2P256V1FieldElement.class starting
/org/bouncycastle/math/ec/custom/gm/SM2P256V1FieldElement.class DONE
/org/bouncycastle/math/ec/custom/gm/SM2P256V1FieldElement.class starting
/org/bouncycastle/math/ec/custom/gm/SM2P256V1FieldElement.class DONE
/org/bouncycastle/math/ec/custom/gm/SM2P256V1FieldElement.class starting
/org/bouncycastle/math/ec/custom/gm/SM2P256V1FieldElement.class DONE
/org/bouncycastle/math/ec/custom/gm/SM2P256V1FieldElement.class starting
/org/bouncycastle/math/ec/custom/gm/SM2P256V1FieldElement.class DONE
/org/bouncycastle/math/ec/custom/gm/SM2P256V1FieldElement.class starting
/org/bouncycastle/math/ec/custom/gm/SM2P256V1FieldElement.class DONE
/org/bouncycastle/math/ec/custom/gm/SM2P256V1FieldElement.class starting
/org/bouncycastle/math/ec/custom/gm/SM2P256V1FieldElement.class DONE
/org/bouncycastle/math/ec/custom/gm/SM2P256V1FieldElement.class starting
/org/bouncycastle/math/ec/custom/gm/SM2P256V1FieldElement.class DONE
/org/bouncycastle/math/ec/custom/gm/SM2P256V1FieldElement.class starting
/org/bouncycastle/math/ec/custom/gm/SM2P256V1FieldElement.class DONE
/org/bouncycastle/math/ec/custom/gm/SM2P256V1FieldElement.class starting
/org/bouncycastle/math/ec/custom/gm/SM2P256V1FieldElement.class DONE
/org/bouncycastle/math/ec/custom/gm/SM2P256V1FieldElement.class starting
/org/bouncycastle/math/ec/custom/gm/SM2P256V1FieldElement.class DONE
/org/bouncycastle/math/ec/custom/gm/SM2P256V1FieldElement.class starting
/org/bouncycastle/math/ec/custom/gm/SM2P256V1FieldElement.class DONE
/org/bouncycastle/math/ec/custom/gm/SM2P256V1FieldElement.class starting
/org/bouncycastle/math/ec/custom/gm/SM2P256V1FieldElement.class DONE
/org/bouncycastle/math/ec/custom/gm/SM2P256V1FieldElement.class starting
/org/bouncycastle/math/ec/custom/gm/SM2P256V1FieldElement.class DONE
/org/bouncycastle/math/ec/custom/gm/SM2P256V1FieldElement.class starting
/org/bouncycastle/math/ec/custom/gm/SM2P256V1FieldElement.class DONE
/org/bouncycastle/math/ec/custom/gm/SM2P256V1FieldElement.class starting
/org/bouncycastle/math/ec/custom/gm/SM2P256V1FieldElement.class DONE
/org/bouncycastle/math/ec/custom/gm/SM2P256V1FieldElement.class starting
/org/bouncycastle/math/ec/custom/gm/SM2P256V1FieldElement.class DONE
/org/bouncycastle/math/ec/custom/gm/SM2P256V1FieldElement.class starting
/org/bouncycastle/math/ec/custom/gm/SM2P256V1FieldElement.class DONE
/org/bouncycastle/math/ec/custom/gm/SM2P256V1FieldElement.class starting
/org/bouncycastle/math/ec/custom/gm/SM2P256V1FieldElement.class DONE
/org/bouncycastle/math/ec/custom/gm/SM2P256V1FieldElement.class starting
/org/bouncycastle/math/ec/custom/gm/SM2P256V1FieldElement.class DONE
/org/bouncycastle/math/ec/custom/gm/SM2P256V1FieldElement.class starting
/org/bouncycastle/math/ec/custom/gm/SM2P256V1FieldElement.class DONE
/org/bouncycastle/math/ec/custom/gm/SM2P256V1FieldElement.class starting
/org/bouncycastle/math/ec/custom/gm/SM2P256V1FieldElement.class DONE
/org/bouncycastle/math/ec/custom/gm/SM2P256V1FieldElement.class starting
/org/bouncycastle/math/ec/custom/gm/SM2P256V1FieldElement.class DONE
/org/bouncycastle/math/ec/custom/gm/SM2P256V1FieldElement.class starting
/org/bouncycastle/math/ec/custom/gm/SM2P256V1FieldElement.class DONE
/org/bouncycastle/math/ec/custom/gm/SM2P256V1FieldElement.class starting
/org/bouncycastle/math/ec/custom/gm/SM2P256V1FieldElement.class DONE
/org/bouncycastle/math/ec/custom/gm/SM2P256V1FieldElement.class starting
/org/bouncycastle/math/ec/custom/gm/SM2P256V1FieldElement.class DONE
/org/bouncycastle/math/ec/custom/gm/SM2P256V1FieldElement.class starting
/org/bouncycastle/math/ec/custom/gm/SM2P256V1FieldElement.class DONE
/org/bouncycastle/math/ec/custom/gm/SM2P256V1FieldElement.class starting
/org/bouncycastle/math/ec/custom/gm/SM2P256V1FieldElement.class DONE
/org/bouncycastle/math/ec/custom/gm/SM2P256V1FieldElement.class starting
/org/bouncycastle/math/ec/custom/gm/SM2P256V1FieldElement.class DONE
/org/bouncycastle/math/ec/custom/gm/SM2P256V1FieldElement.class starting
/org/bouncycastle/math/ec/custom/gm/SM2P256V1FieldElement.class DONE
/org/bouncycastle/math/ec/custom/gm/SM2P256V1FieldElement.class starting
/org/bouncycastle/math/ec/custom/gm/SM2P256V1FieldElement.class DONE
/org/bouncycastle/math/ec/custom/gm/SM2P256V1FieldElement.class starting
/org/bouncycastle/math/ec/custom/gm/SM2P256V1FieldElement.class DONE
/org/bouncycastle/math/ec/custom/gm/SM2P256V1FieldElement.class starting
/org/bouncycastle/math/ec/custom/gm/SM2P256V1FieldElement.class DONE
/org/bouncycastle/math/ec/custom/gm/SM2P256V1FieldElement.class starting
/org/bouncycastle/math/ec/custom/gm/SM2P256V1FieldElement.class DONE
/org/bouncycastle/math/ec/custom/gm/SM2P256V1FieldElement.class starting
/org/bouncycastle/math/ec/custom/gm/SM2P256V1FieldElement.class DONE
/org/bouncycastle/math/ec/custom/gm/SM2P256V1FieldElement.class starting
/org/bouncycastle/math/ec/custom/gm/SM2P256V1FieldElement.class DONE
/org/bouncycastle/math/ec/custom/gm/SM2P256V1FieldElement.class starting
/org/bouncycastle/math/ec/custom/gm/SM2P256V1FieldElement.class DONE
/org/bouncycastle/math/ec/custom/gm/SM2P256V1FieldElement.class starting
/org/bouncycastle/math/ec/custom/gm/SM2P256V1FieldElement.class DONE
/org/bouncycastle/math/ec/custom/gm/SM2P256V1FieldElement.class starting
/org/bouncycastle/math/ec/custom/gm/SM2P256V1FieldElement.class DONE
/org/bouncycastle/math/ec/custom/gm/SM2P256V1FieldElement.class starting
/org/bouncycastle/math/ec/custom/gm/SM2P256V1FieldElement.class DONE
/org/bouncycastle/math/ec/custom/gm/SM2P256V1FieldElement.class starting
/org/bouncycastle/math/ec/custom/gm/SM2P256V1FieldElement.class DONE
/org/bouncycastle/math/ec/custom/gm/SM2P256V1FieldElement.class starting
/org/bouncycastle/math/ec/custom/gm/SM2P256V1FieldElement.class DONE
/org/bouncycastle/math/ec/custom/gm/SM2P256V1FieldElement.class starting
/org/bouncycastle/math/ec/custom/gm/SM2P256V1FieldElement.class DONE
/org/bouncycastle/math/ec/custom/gm/SM2P256V1FieldElement.class starting
/org/bouncycastle/math/ec/custom/gm/SM2P256V1FieldElement.class DONE
/org/bouncycastle/math/ec/custom/gm/SM2P256V1FieldElement.class starting
/org/bouncycastle/math/ec/custom/gm/SM2P256V1FieldElement.class DONE
/org/bouncycastle/math/ec/custom/gm/SM2P256V1FieldElement.class starting
/org/bouncycastle/math/ec/custom/gm/SM2P256V1FieldElement.class DONE
/org/bouncycastle/math/ec/custom/gm/SM2P256V1FieldElement.class starting
/org/bouncycastle/math/ec/custom/gm/SM2P256V1FieldElement.class DONE
/org/bouncycastle/math/ec/custom/gm/SM2P256V1FieldElement.class starting
/org/bouncycastle/math/ec/custom/gm/SM2P256V1FieldElement.class DONE
/org/bouncycastle/math/ec/custom/gm/SM2P256V1FieldElement.class starting
/org/bouncycastle/math/ec/custom/gm/SM2P256V1FieldElement.class DONE
/org/bouncycastle/math/ec/custom/gm/SM2P256V1FieldElement.class starting
/org/bouncycastle/math/ec/custom/gm/SM2P256V1FieldElement.class DONE
/org/bouncycastle/math/ec/custom/gm/SM2P256V1FieldElement.class starting
/org/bouncycastle/math/ec/custom/gm/SM2P256V1FieldElement.class DONE
/org/bouncycastle/math/ec/custom/gm/SM2P256V1FieldElement.class starting
/org/bouncycastle/math/ec/custom/gm/SM2P256V1FieldElement.class DONE
/org/bouncycastle/math/ec/custom/gm/SM2P256V1FieldElement.class starting
/org/bouncycastle/math/ec/custom/gm/SM2P256V1FieldElement.class DONE
/org/bouncycastle/math/ec/custom/gm/SM2P256V1FieldElement.class starting
/org/bouncycastle/math/ec/custom/gm/SM2P256V1FieldElement.class DONE
/org/bouncycastle/math/ec/custom/gm/SM2P256V1FieldElement.class starting
/org/bouncycastle/math/ec/custom/gm/SM2P256V1FieldElement.class DONE
/org/bouncycastle/math/ec/custom/gm/SM2P256V1FieldElement.class starting
/org/bouncycastle/math/ec/custom/gm/SM2P256V1FieldElement.class DONE
/org/bouncycastle/math/ec/custom/gm/SM2P256V1FieldElement.class starting
/org/bouncycastle/math/ec/custom/gm/SM2P256V1FieldElement.class DONE
/org/bouncycastle/math/ec/custom/gm/SM2P256V1FieldElement.class starting
/org/bouncycastle/math/ec/custom/gm/SM2P256V1FieldElement.class DONE
/org/bouncycastle/math/ec/custom/gm/SM2P256V1FieldElement.class starting
/org/bouncycastle/math/ec/custom/gm/SM2P256V1FieldElement.class DONE
/org/bouncycastle/math/ec/custom/gm/SM2P256V1FieldElement.class starting
/org/bouncycastle/math/ec/custom/gm/SM2P256V1FieldElement.class DONE
/org/bouncycastle/math/ec/custom/gm/SM2P256V1FieldElement.class starting
/org/bouncycastle/math/ec/custom/gm/SM2P256V1FieldElement.class DONE
/org/bouncycastle/math/ec/custom/gm/SM2P256V1FieldElement.class starting
/org/bouncycastle/math/ec/custom/gm/SM2P256V1FieldElement.class DONE
/org/bouncycastle/math/ec/custom/gm/SM2P256V1FieldElement.class starting
/org/bouncycastle/math/ec/custom/gm/SM2P256V1FieldElement.class DONE
/org/bouncycastle/math/ec/custom/gm/SM2P256V1FieldElement.class starting
/org/bouncycastle/math/ec/custom/gm/SM2P256V1FieldElement.class DONE
/org/bouncycastle/math/ec/custom/gm/SM2P256V1FieldElement.class starting
/org/bouncycastle/math/ec/custom/gm/SM2P256V1FieldElement.class DONE
/org/bouncycastle/math/ec/custom/gm/SM2P256V1FieldElement.class starting
/org/bouncycastle/math/ec/custom/gm/SM2P256V1FieldElement.class DONE
/org/bouncycastle/math/ec/custom/gm/SM2P256V1FieldElement.class starting
/org/bouncycastle/math/ec/custom/gm/SM2P256V1FieldElement.class DONE
/org/bouncycastle/math/ec/custom/gm/SM2P256V1FieldElement.class starting
/org/bouncycastle/math/ec/custom/gm/SM2P256V1FieldElement.class DONE
/org/bouncycastle/math/ec/custom/gm/SM2P256V1FieldElement.class starting
/org/bouncycastle/math/ec/custom/gm/SM2P256V1FieldElement.class DONE
/org/bouncycastle/math/ec/custom/gm/SM2P256V1FieldElement.class starting
/org/bouncycastle/math/ec/custom/gm/SM2P256V1FieldElement.class DONE
/org/bouncycastle/math/ec/custom/gm/SM2P256V1FieldElement.class starting
/org/bouncycastle/math/ec/custom/gm/SM2P256V1FieldElement.class DONE
/org/bouncycastle/math/ec/custom/gm/SM2P256V1FieldElement.class starting
/org/bouncycastle/math/ec/custom/gm/SM2P256V1FieldElement.class DONE
/org/bouncycastle/math/ec/custom/gm/SM2P256V1FieldElement.class starting
/org/bouncycastle/math/ec/custom/gm/SM2P256V1FieldElement.class DONE
/org/bouncycastle/math/ec/custom/gm/SM2P256V1FieldElement.class starting
/org/bouncycastle/math/ec/custom/gm/SM2P256V1FieldElement.class DONE
/org/bouncycastle/math/ec/custom/gm/SM2P256V1FieldElement.class starting
/org/bouncycastle/math/ec/custom/gm/SM2P256V1FieldElement.class DONE
/org/bouncycastle/math/ec/custom/gm/SM2P256V1FieldElement.class starting
/org/bouncycastle/math/ec/custom/gm/SM2P256V1FieldElement.class DONE
/org/bouncycastle/math/ec/custom/gm/SM2P256V1FieldElement.class starting
/org/bouncycastle/math/ec/custom/gm/SM2P256V1FieldElement.class DONE
/org/bouncycastle/math/ec/custom/gm/SM2P256V1FieldElement.class starting
/org/bouncycastle/math/ec/custom/gm/SM2P256V1FieldElement.class DONE
/org/bouncycastle/math/ec/custom/gm/SM2P256V1FieldElement.class starting
/org/bouncycastle/math/ec/custom/gm/SM2P256V1FieldElement.class DONE
/org/bouncycastle/math/ec/custom/gm/SM2P256V1FieldElement.class starting
/org/bouncycastle/math/ec/custom/gm/SM2P256V1FieldElement.class DONE
/org/bouncycastle/math/ec/custom/gm/SM2P256V1FieldElement.class starting
/org/bouncycastle/math/ec/custom/gm/SM2P256V1FieldElement.class DONE
/org/bouncycastle/math/ec/custom/gm/SM2P256V1FieldElement.class starting
/org/bouncycastle/math/ec/custom/gm/SM2P256V1FieldElement.class DONE
/org/bouncycastle/math/ec/custom/gm/SM2P256V1FieldElement.class starting
/org/bouncycastle/math/ec/custom/gm/SM2P256V1FieldElement.class DONE
/org/bouncycastle/math/ec/custom/gm/SM2P256V1FieldElement.class starting
/org/bouncycastle/math/ec/custom/gm/SM2P256V1FieldElement.class DONE
/org/bouncycastle/math/ec/custom/gm/SM2P256V1FieldElement.class starting
/org/bouncycastle/math/ec/custom/gm/SM2P256V1FieldElement.class DONE
/org/bouncycastle/math/ec/custom/gm/SM2P256V1FieldElement.class starting
/org/bouncycastle/math/ec/custom/gm/SM2P256V1FieldElement.class DONE
/org/bouncycastle/math/ec/custom/gm/SM2P256V1FieldElement.class starting
/org/bouncycastle/math/ec/custom/gm/SM2P256V1FieldElement.class DONE
/org/bouncycastle/math/ec/custom/gm/SM2P256V1FieldElement.class starting
/org/bouncycastle/math/ec/custom/gm/SM2P256V1FieldElement.class DONE
/org/bouncycastle/math/ec/custom/gm/SM2P256V1FieldElement.class starting
/org/bouncycastle/math/ec/custom/gm/SM2P256V1FieldElement.class DONE
/org/bouncycastle/math/ec/custom/gm/SM2P256V1FieldElement.class starting
/org/bouncycastle/math/ec/custom/gm/SM2P256V1FieldElement.class DONE
/org/bouncycastle/math/ec/custom/gm/SM2P256V1FieldElement.class starting
/org/bouncycastle/math/ec/custom/gm/SM2P256V1FieldElement.class DONE
/org/bouncycastle/math/ec/custom/gm/SM2P256V1FieldElement.class starting
/org/bouncycastle/math/ec/custom/gm/SM2P256V1FieldElement.class DONE
/org/bouncycastle/math/ec/custom/gm/SM2P256V1FieldElement.class starting
/org/bouncycastle/math/ec/custom/gm/SM2P256V1FieldElement.class DONE
/org/bouncycastle/math/ec/custom/gm/SM2P256V1FieldElement.class starting
/org/bouncycastle/math/ec/custom/gm/SM2P256V1FieldElement.class DONE
/org/bouncycastle/math/ec/custom/gm/SM2P256V1FieldElement.class starting
/org/bouncycastle/math/ec/custom/gm/SM2P256V1FieldElement.class DONE
/org/bouncycastle/math/ec/custom/gm/SM2P256V1FieldElement.class starting
/org/bouncycastle/math/ec/custom/gm/SM2P256V1FieldElement.class DONE
/org/bouncycastle/math/ec/custom/gm/SM2P256V1FieldElement.class starting
/org/bouncycastle/math/ec/custom/gm/SM2P256V1FieldElement.class DONE
/org/bouncycastle/math/ec/custom/gm/SM2P256V1FieldElement.class starting
/org/bouncycastle/math/ec/custom/gm/SM2P256V1FieldElement.class DONE
/org/bouncycastle/math/ec/custom/gm/SM2P256V1FieldElement.class starting
/org/bouncycastle/math/ec/custom/gm/SM2P256V1FieldElement.class DONE
/org/bouncycastle/math/ec/custom/gm/SM2P256V1FieldElement.class starting
/org/bouncycastle/math/ec/custom/gm/SM2P256V1FieldElement.class DONE
/org/bouncycastle/math/ec/custom/gm/SM2P256V1FieldElement.class starting
/org/bouncycastle/math/ec/custom/gm/SM2P256V1FieldElement.class DONE
/org/bouncycastle/math/ec/custom/gm/SM2P256V1FieldElement.class starting
/org/bouncycastle/math/ec/custom/gm/SM2P256V1FieldElement.class DONE
/org/bouncycastle/math/ec/custom/gm/SM2P256V1FieldElement.class starting
/org/bouncycastle/math/ec/custom/gm/SM2P256V1FieldElement.class DONE
/org/bouncycastle/math/ec/custom/gm/SM2P256V1FieldElement.class starting
/org/bouncycastle/math/ec/custom/gm/SM2P256V1FieldElement.class DONE
/org/bouncycastle/math/ec/custom/gm/SM2P256V1FieldElement.class starting
/org/bouncycastle/math/ec/custom/gm/SM2P256V1FieldElement.class DONE
/org/bouncycastle/math/ec/custom/gm/SM2P256V1FieldElement.class starting
/org/bouncycastle/math/ec/custom/gm/SM2P256V1FieldElement.class DONE
/org/bouncycastle/math/ec/custom/gm/SM2P256V1FieldElement.class starting
/org/bouncycastle/math/ec/custom/gm/SM2P256V1FieldElement.class DONE
/org/bouncycastle/math/ec/custom/gm/SM2P256V1FieldElement.class starting
/org/bouncycastle/math/ec/custom/gm/SM2P256V1FieldElement.class DONE
/org/bouncycastle/math/ec/custom/gm/SM2P256V1FieldElement.class starting
/org/bouncycastle/math/ec/custom/gm/SM2P256V1FieldElement.class DONE
/org/bouncycastle/math/ec/custom/gm/SM2P256V1FieldElement.class starting
/org/bouncycastle/math/ec/custom/gm/SM2P256V1FieldElement.class DONE
/org/bouncycastle/math/ec/custom/gm/SM2P256V1FieldElement.class starting
/org/bouncycastle/math/ec/custom/gm/SM2P256V1FieldElement.class DONE
/org/bouncycastle/math/ec/custom/gm/SM2P256V1FieldElement.class starting
/org/bouncycastle/math/ec/custom/gm/SM2P256V1FieldElement.class DONE
/org/bouncycastle/math/ec/custom/gm/SM2P256V1FieldElement.class starting
/org/bouncycastle/math/ec/custom/gm/SM2P256V1FieldElement.class DONE
/org/bouncycastle/math/ec/custom/gm/SM2P256V1FieldElement.class starting
/org/bouncycastle/math/ec/custom/gm/SM2P256V1FieldElement.class DONE
/org/bouncycastle/math/ec/custom/gm/SM2P256V1FieldElement.class starting
/org/bouncycastle/math/ec/custom/gm/SM2P256V1FieldElement.class DONE
/org/bouncycastle/math/ec/custom/gm/SM2P256V1FieldElement.class starting
/org/bouncycastle/math/ec/custom/gm/SM2P256V1FieldElement.class DONE
/org/bouncycastle/math/ec/custom/gm/SM2P256V1FieldElement.class starting
/org/bouncycastle/math/ec/custom/gm/SM2P256V1FieldElement.class DONE
/org/bouncycastle/math/ec/custom/gm/SM2P256V1FieldElement.class starting
/org/bouncycastle/math/ec/custom/gm/SM2P256V1FieldElement.class DONE
/org/bouncycastle/math/ec/custom/gm/SM2P256V1FieldElement.class starting
/org/bouncycastle/math/ec/custom/gm/SM2P256V1FieldElement.class DONE
/org/bouncycastle/math/ec/custom/gm/SM2P256V1FieldElement.class starting
/org/bouncycastle/math/ec/custom/gm/SM2P256V1FieldElement.class DONE
/org/bouncycastle/math/ec/custom/gm/SM2P256V1FieldElement.class starting
/org/bouncycastle/math/ec/custom/gm/SM2P256V1FieldElement.class DONE
/org/bouncycastle/math/ec/custom/gm/SM2P256V1FieldElement.class starting
/org/bouncycastle/math/ec/custom/gm/SM2P256V1FieldElement.class DONE
/org/bouncycastle/math/ec/custom/gm/SM2P256V1FieldElement.class starting
/org/bouncycastle/math/ec/custom/gm/SM2P256V1FieldElement.class DONE
/org/bouncycastle/math/ec/custom/gm/SM2P256V1FieldElement.class starting
/org/bouncycastle/math/ec/custom/gm/SM2P256V1FieldElement.class DONE
/org/bouncycastle/math/ec/custom/gm/SM2P256V1FieldElement.class starting
/org/bouncycastle/math/ec/custom/gm/SM2P256V1FieldElement.class DONE
/org/bouncycastle/math/ec/custom/gm/SM2P256V1FieldElement.class starting
/org/bouncycastle/math/ec/custom/gm/SM2P256V1FieldElement.class DONE
/org/bouncycastle/math/ec/custom/gm/SM2P256V1FieldElement.class starting
/org/bouncycastle/math/ec/custom/gm/SM2P256V1FieldElement.class DONE
/org/bouncycastle/math/ec/custom/gm/SM2P256V1FieldElement.class starting
/org/bouncycastle/math/ec/custom/gm/SM2P256V1FieldElement.class DONE
/org/bouncycastle/math/ec/custom/gm/SM2P256V1FieldElement.class starting
/org/bouncycastle/math/ec/custom/gm/SM2P256V1FieldElement.class DONE
/org/bouncycastle/math/ec/custom/gm/SM2P256V1FieldElement.class starting
/org/bouncycastle/math/ec/custom/gm/SM2P256V1FieldElement.class DONE
/org/bouncycastle/math/ec/custom/gm/SM2P256V1FieldElement.class starting
/org/bouncycastle/math/ec/custom/gm/SM2P256V1FieldElement.class DONE
/org/bouncycastle/math/ec/custom/gm/SM2P256V1FieldElement.class starting
/org/bouncycastle/math/ec/custom/gm/SM2P256V1FieldElement.class DONE
/org/bouncycastle/math/ec/custom/gm/SM2P256V1FieldElement.class starting
/org/bouncycastle/math/ec/custom/gm/SM2P256V1FieldElement.class DONE
/org/bouncycastle/math/ec/custom/gm/SM2P256V1FieldElement.class starting
/org/bouncycastle/math/ec/custom/gm/SM2P256V1FieldElement.class DONE
/org/bouncycastle/math/ec/custom/gm/SM2P256V1FieldElement.class starting
/org/bouncycastle/math/ec/custom/gm/SM2P256V1FieldElement.class DONE
/org/bouncycastle/math/ec/custom/gm/SM2P256V1FieldElement.class starting
/org/bouncycastle/math/ec/custom/gm/SM2P256V1FieldElement.class DONE
/org/bouncycastle/math/ec/custom/gm/SM2P256V1FieldElement.class starting
/org/bouncycastle/math/ec/custom/gm/SM2P256V1FieldElement.class DONE
/org/bouncycastle/math/ec/custom/gm/SM2P256V1FieldElement.class starting
/org/bouncycastle/math/ec/custom/gm/SM2P256V1FieldElement.class DONE
/org/bouncycastle/math/ec/custom/gm/SM2P256V1FieldElement.class starting
/org/bouncycastle/math/ec/custom/gm/SM2P256V1FieldElement.class DONE
/org/bouncycastle/math/ec/custom/gm/SM2P256V1FieldElement.class starting
/org/bouncycastle/math/ec/custom/gm/SM2P256V1FieldElement.class DONE
/org/bouncycastle/math/ec/custom/gm/SM2P256V1FieldElement.class starting
/org/bouncycastle/math/ec/custom/gm/SM2P256V1FieldElement.class DONE
/org/bouncycastle/math/ec/custom/gm/SM2P256V1FieldElement.class starting
/org/bouncycastle/math/ec/custom/gm/SM2P256V1FieldElement.class DONE
/org/bouncycastle/math/ec/custom/gm/SM2P256V1FieldElement.class starting
/org/bouncycastle/math/ec/custom/gm/SM2P256V1FieldElement.class DONE
/org/bouncycastle/math/ec/custom/gm/SM2P256V1FieldElement.class starting
/org/bouncycastle/math/ec/custom/gm/SM2P256V1FieldElement.class DONE
/org/bouncycastle/math/ec/custom/gm/SM2P256V1FieldElement.class starting
/org/bouncycastle/math/ec/custom/gm/SM2P256V1FieldElement.class DONE
/org/bouncycastle/math/ec/custom/gm/SM2P256V1FieldElement.class starting
/org/bouncycastle/math/ec/custom/gm/SM2P256V1FieldElement.class DONE
/org/bouncycastle/math/ec/custom/gm/SM2P256V1FieldElement.class starting
/org/bouncycastle/math/ec/custom/gm/SM2P256V1FieldElement.class DONE
/org/bouncycastle/math/ec/custom/gm/SM2P256V1FieldElement.class starting
/org/bouncycastle/math/ec/custom/gm/SM2P256V1FieldElement.class DONE
/org/bouncycastle/math/ec/custom/gm/SM2P256V1FieldElement.class starting
/org/bouncycastle/math/ec/custom/gm/SM2P256V1FieldElement.class DONE
/org/bouncycastle/math/ec/custom/gm/SM2P256V1FieldElement.class starting
/org/bouncycastle/math/ec/custom/gm/SM2P256V1FieldElement.class DONE
/org/bouncycastle/math/ec/custom/gm/SM2P256V1FieldElement.class starting
/org/bouncycastle/math/ec/custom/gm/SM2P256V1FieldElement.class DONE
/org/bouncycastle/math/ec/custom/gm/SM2P256V1FieldElement.class starting
/org/bouncycastle/math/ec/custom/gm/SM2P256V1FieldElement.class DONE
/org/bouncycastle/math/ec/custom/gm/SM2P256V1FieldElement.class starting
/org/bouncycastle/math/ec/custom/gm/SM2P256V1FieldElement.class DONE
/org/bouncycastle/math/ec/custom/gm/SM2P256V1FieldElement.class starting
/org/bouncycastle/math/ec/custom/gm/SM2P256V1FieldElement.class DONE
/org/bouncycastle/math/ec/custom/gm/SM2P256V1FieldElement.class starting
/org/bouncycastle/math/ec/custom/gm/SM2P256V1FieldElement.class DONE
/org/bouncycastle/math/ec/custom/gm/SM2P256V1FieldElement.class starting
/org/bouncycastle/math/ec/custom/gm/SM2P256V1FieldElement.class DONE
/org/bouncycastle/math/ec/custom/gm/SM2P256V1FieldElement.class starting
/org/bouncycastle/math/ec/custom/gm/SM2P256V1FieldElement.class DONE
/org/bouncycastle/math/ec/custom/gm/SM2P256V1FieldElement.class starting
/org/bouncycastle/math/ec/custom/gm/SM2P256V1FieldElement.class DONE
/org/bouncycastle/math/ec/custom/gm/SM2P256V1FieldElement.class starting
/org/bouncycastle/math/ec/custom/gm/SM2P256V1FieldElement.class DONE
/org/bouncycastle/math/ec/custom/gm/SM2P256V1FieldElement.class starting
/org/bouncycastle/math/ec/custom/gm/SM2P256V1FieldElement.class DONE
/org/bouncycastle/math/ec/custom/gm/SM2P256V1FieldElement.class starting
/org/bouncycastle/math/ec/custom/gm/SM2P256V1FieldElement.class DONE
/org/bouncycastle/math/ec/custom/gm/SM2P256V1FieldElement.class starting
/org/bouncycastle/math/ec/custom/gm/SM2P256V1FieldElement.class DONE
/org/bouncycastle/math/ec/custom/gm/SM2P256V1FieldElement.class starting
/org/bouncycastle/math/ec/custom/gm/SM2P256V1FieldElement.class DONE
/org/bouncycastle/math/ec/custom/gm/SM2P256V1FieldElement.class starting
/org/bouncycastle/math/ec/custom/gm/SM2P256V1FieldElement.class DONE
/org/bouncycastle/math/ec/custom/gm/SM2P256V1FieldElement.class starting
/org/bouncycastle/math/ec/custom/gm/SM2P256V1FieldElement.class DONE
/org/bouncycastle/math/ec/custom/gm/SM2P256V1FieldElement.class starting
/org/bouncycastle/math/ec/custom/gm/SM2P256V1FieldElement.class DONE
/org/bouncycastle/math/ec/custom/gm/SM2P256V1FieldElement.class starting
/org/bouncycastle/math/ec/custom/gm/SM2P256V1FieldElement.class DONE
/org/bouncycastle/math/ec/custom/gm/SM2P256V1FieldElement.class starting
/org/bouncycastle/math/ec/custom/gm/SM2P256V1FieldElement.class DONE
/org/bouncycastle/math/ec/custom/gm/SM2P256V1FieldElement.class starting
/org/bouncycastle/math/ec/custom/gm/SM2P256V1FieldElement.class DONE
/org/bouncycastle/math/ec/custom/gm/SM2P256V1FieldElement.class starting
/org/bouncycastle/math/ec/custom/gm/SM2P256V1FieldElement.class DONE
/org/bouncycastle/math/ec/custom/gm/SM2P256V1FieldElement.class starting
/org/bouncycastle/math/ec/custom/gm/SM2P256V1FieldElement.class DONE
/org/bouncycastle/math/ec/custom/gm/SM2P256V1FieldElement.class starting
/org/bouncycastle/math/ec/custom/gm/SM2P256V1FieldElement.class DONE
/org/bouncycastle/math/ec/custom/gm/SM2P256V1FieldElement.class starting
/org/bouncycastle/math/ec/custom/gm/SM2P256V1FieldElement.class DONE
/org/bouncycastle/math/ec/custom/gm/SM2P256V1FieldElement.class starting
/org/bouncycastle/math/ec/custom/gm/SM2P256V1FieldElement.class DONE
/org/bouncycastle/math/ec/custom/gm/SM2P256V1FieldElement.class starting
/org/bouncycastle/math/ec/custom/gm/SM2P256V1FieldElement.class DONE
/org/bouncycastle/math/ec/custom/gm/SM2P256V1FieldElement.class starting
/org/bouncycastle/math/ec/custom/gm/SM2P256V1FieldElement.class DONE
/org/bouncycastle/math/ec/custom/gm/SM2P256V1FieldElement.class starting
/org/bouncycastle/math/ec/custom/gm/SM2P256V1FieldElement.class DONE
/org/bouncycastle/math/ec/custom/gm/SM2P256V1FieldElement.class starting
/org/bouncycastle/math/ec/custom/gm/SM2P256V1FieldElement.class DONE
/org/bouncycastle/math/ec/custom/gm/SM2P256V1FieldElement.class starting
/org/bouncycastle/math/ec/custom/gm/SM2P256V1FieldElement.class DONE
/org/bouncycastle/math/ec/custom/gm/SM2P256V1FieldElement.class starting
/org/bouncycastle/math/ec/custom/gm/SM2P256V1FieldElement.class DONE
/org/bouncycastle/math/ec/custom/gm/SM2P256V1FieldElement.class starting
/org/bouncycastle/math/ec/custom/gm/SM2P256V1FieldElement.class DONE
/org/bouncycastle/math/ec/custom/gm/SM2P256V1FieldElement.class starting
/org/bouncycastle/math/ec/custom/gm/SM2P256V1FieldElement.class DONE
/org/bouncycastle/math/ec/custom/gm/SM2P256V1FieldElement.class starting
/org/bouncycastle/math/ec/custom/gm/SM2P256V1FieldElement.class DONE
/org/bouncycastle/math/ec/custom/gm/SM2P256V1FieldElement.class starting
/org/bouncycastle/math/ec/custom/gm/SM2P256V1FieldElement.class DONE
/org/bouncycastle/math/ec/custom/gm/SM2P256V1FieldElement.class starting
/org/bouncycastle/math/ec/custom/gm/SM2P256V1FieldElement.class DONE
/org/bouncycastle/math/ec/custom/gm/SM2P256V1FieldElement.class starting
/org/bouncycastle/math/ec/custom/gm/SM2P256V1FieldElement.class DONE
/org/bouncycastle/math/ec/custom/gm/SM2P256V1FieldElement.class starting
/org/bouncycastle/math/ec/custom/gm/SM2P256V1FieldElement.class DONE
/org/bouncycastle/math/ec/custom/gm/SM2P256V1FieldElement.class starting
/org/bouncycastle/math/ec/custom/gm/SM2P256V1FieldElement.class DONE
/org/bouncycastle/math/ec/custom/gm/SM2P256V1FieldElement.class starting
/org/bouncycastle/math/ec/custom/gm/SM2P256V1FieldElement.class DONE
/org/bouncycastle/math/ec/custom/gm/SM2P256V1FieldElement.class starting
/org/bouncycastle/math/ec/custom/gm/SM2P256V1FieldElement.class DONE
/org/bouncycastle/math/ec/custom/gm/SM2P256V1FieldElement.class starting
/org/bouncycastle/math/ec/custom/gm/SM2P256V1FieldElement.class DONE
/org/bouncycastle/math/ec/custom/gm/SM2P256V1FieldElement.class starting
/org/bouncycastle/math/ec/custom/gm/SM2P256V1FieldElement.class DONE
/org/bouncycastle/math/ec/custom/gm/SM2P256V1FieldElement.class starting
/org/bouncycastle/math/ec/custom/gm/SM2P256V1FieldElement.class DONE
/org/bouncycastle/math/ec/custom/gm/SM2P256V1FieldElement.class starting
/org/bouncycastle/math/ec/custom/gm/SM2P256V1FieldElement.class DONE
/org/bouncycastle/math/ec/custom/gm/SM2P256V1FieldElement.class starting
/org/bouncycastle/math/ec/custom/gm/SM2P256V1FieldElement.class DONE
/org/bouncycastle/math/ec/custom/gm/SM2P256V1FieldElement.class starting
/org/bouncycastle/math/ec/custom/gm/SM2P256V1FieldElement.class DONE
/org/bouncycastle/math/ec/custom/gm/SM2P256V1FieldElement.class starting
/org/bouncycastle/math/ec/custom/gm/SM2P256V1FieldElement.class DONE
/org/bouncycastle/math/ec/custom/gm/SM2P256V1FieldElement.class starting
/org/bouncycastle/math/ec/custom/gm/SM2P256V1FieldElement.class DONE
/org/bouncycastle/math/ec/custom/gm/SM2P256V1FieldElement.class starting
/org/bouncycastle/math/ec/custom/gm/SM2P256V1FieldElement.class DONE
/org/bouncycastle/math/ec/custom/gm/SM2P256V1FieldElement.class starting
/org/bouncycastle/math/ec/custom/gm/SM2P256V1FieldElement.class DONE
/org/bouncycastle/math/ec/custom/gm/SM2P256V1FieldElement.class starting
/org/bouncycastle/math/ec/custom/gm/SM2P256V1FieldElement.class DONE
/org/bouncycastle/math/ec/custom/gm/SM2P256V1FieldElement.class starting
/org/bouncycastle/math/ec/custom/gm/SM2P256V1FieldElement.class DONE
/org/bouncycastle/math/ec/custom/gm/SM2P256V1FieldElement.class starting
/org/bouncycastle/math/ec/custom/gm/SM2P256V1FieldElement.class DONE
/org/bouncycastle/math/ec/custom/gm/SM2P256V1FieldElement.class starting
/org/bouncycastle/math/ec/custom/gm/SM2P256V1FieldElement.class DONE
/org/bouncycastle/math/ec/custom/gm/SM2P256V1FieldElement.class starting
/org/bouncycastle/math/ec/custom/gm/SM2P256V1FieldElement.class DONE
/org/bouncycastle/math/ec/custom/gm/SM2P256V1FieldElement.class starting
/org/bouncycastle/math/ec/custom/gm/SM2P256V1FieldElement.class DONE
/org/bouncycastle/math/ec/custom/gm/SM2P256V1FieldElement.class starting
/org/bouncycastle/math/ec/custom/gm/SM2P256V1FieldElement.class DONE
/org/bouncycastle/math/ec/custom/gm/SM2P256V1FieldElement.class starting
/org/bouncycastle/math/ec/custom/gm/SM2P256V1FieldElement.class DONE
/org/bouncycastle/math/ec/custom/gm/SM2P256V1FieldElement.class starting
/org/bouncycastle/math/ec/custom/gm/SM2P256V1FieldElement.class DONE
/org/bouncycastle/math/ec/custom/gm/SM2P256V1FieldElement.class starting
/org/bouncycastle/math/ec/custom/gm/SM2P256V1FieldElement.class DONE
/org/bouncycastle/math/ec/custom/gm/SM2P256V1FieldElement.class starting
/org/bouncycastle/math/ec/custom/gm/SM2P256V1FieldElement.class DONE
/org/bouncycastle/math/ec/custom/gm/SM2P256V1FieldElement.class starting
/org/bouncycastle/math/ec/custom/gm/SM2P256V1FieldElement.class DONE
/org/bouncycastle/math/ec/custom/gm/SM2P256V1FieldElement.class starting
/org/bouncycastle/math/ec/custom/gm/SM2P256V1FieldElement.class DONE
/org/bouncycastle/math/ec/custom/gm/SM2P256V1FieldElement.class starting
/org/bouncycastle/math/ec/custom/gm/SM2P256V1FieldElement.class DONE
/org/bouncycastle/math/ec/custom/gm/SM2P256V1FieldElement.class starting
/org/bouncycastle/math/ec/custom/gm/SM2P256V1FieldElement.class DONE
/org/bouncycastle/math/ec/custom/gm/SM2P256V1FieldElement.class starting
/org/bouncycastle/math/ec/custom/gm/SM2P256V1FieldElement.class DONE
/org/bouncycastle/math/ec/custom/gm/SM2P256V1FieldElement.class starting
/org/bouncycastle/math/ec/custom/gm/SM2P256V1FieldElement.class DONE
/org/bouncycastle/math/ec/custom/gm/SM2P256V1FieldElement.class starting
/org/bouncycastle/math/ec/custom/gm/SM2P256V1FieldElement.class DONE
/org/bouncycastle/math/ec/custom/gm/SM2P256V1FieldElement.class starting
/org/bouncycastle/math/ec/custom/gm/SM2P256V1FieldElement.class DONE
/org/bouncycastle/math/ec/custom/gm/SM2P256V1FieldElement.class starting
/org/bouncycastle/math/ec/custom/gm/SM2P256V1FieldElement.class DONE
/org/bouncycastle/math/ec/custom/gm/SM2P256V1FieldElement.class starting
/org/bouncycastle/math/ec/custom/gm/SM2P256V1FieldElement.class DONE
/org/bouncycastle/math/ec/custom/gm/SM2P256V1FieldElement.class starting
/org/bouncycastle/math/ec/custom/gm/SM2P256V1FieldElement.class DONE
/org/bouncycastle/math/ec/custom/gm/SM2P256V1FieldElement.class starting
/org/bouncycastle/math/ec/custom/gm/SM2P256V1FieldElement.class DONE
/org/bouncycastle/math/ec/custom/gm/SM2P256V1FieldElement.class starting
/org/bouncycastle/math/ec/custom/gm/SM2P256V1FieldElement.class DONE
/org/bouncycastle/math/ec/custom/gm/SM2P256V1FieldElement.class starting
/org/bouncycastle/math/ec/custom/gm/SM2P256V1FieldElement.class DONE
/org/bouncycastle/math/ec/custom/gm/SM2P256V1FieldElement.class starting
/org/bouncycastle/math/ec/custom/gm/SM2P256V1FieldElement.class DONE
/org/bouncycastle/math/ec/custom/gm/SM2P256V1FieldElement.class starting
/org/bouncycastle/math/ec/custom/gm/SM2P256V1FieldElement.class DONE
/org/bouncycastle/math/ec/custom/gm/SM2P256V1FieldElement.class starting
/org/bouncycastle/math/ec/custom/gm/SM2P256V1FieldElement.class DONE
/org/bouncycastle/math/ec/custom/gm/SM2P256V1FieldElement.class starting
/org/bouncycastle/math/ec/custom/gm/SM2P256V1FieldElement.class DONE
/org/bouncycastle/math/ec/custom/gm/SM2P256V1FieldElement.class starting
/org/bouncycastle/math/ec/custom/gm/SM2P256V1FieldElement.class DONE
/org/bouncycastle/math/ec/custom/gm/SM2P256V1FieldElement.class starting
/org/bouncycastle/math/ec/custom/gm/SM2P256V1FieldElement.class DONE
/org/bouncycastle/math/ec/custom/gm/SM2P256V1FieldElement.class starting
/org/bouncycastle/math/ec/custom/gm/SM2P256V1FieldElement.class DONE
/org/bouncycastle/math/ec/custom/gm/SM2P256V1FieldElement.class starting
/org/bouncycastle/math/ec/custom/gm/SM2P256V1FieldElement.class DONE
/org/bouncycastle/math/ec/custom/gm/SM2P256V1FieldElement.class starting
/org/bouncycastle/math/ec/custom/gm/SM2P256V1FieldElement.class DONE
/org/bouncycastle/math/ec/custom/gm/SM2P256V1FieldElement.class starting
/org/bouncycastle/math/ec/custom/gm/SM2P256V1FieldElement.class DONE
/org/bouncycastle/math/ec/custom/gm/SM2P256V1FieldElement.class starting
/org/bouncycastle/math/ec/custom/gm/SM2P256V1FieldElement.class DONE
/org/bouncycastle/math/ec/custom/gm/SM2P256V1FieldElement.class starting
/org/bouncycastle/math/ec/custom/gm/SM2P256V1FieldElement.class DONE
/org/bouncycastle/math/ec/custom/gm/SM2P256V1FieldElement.class starting
/org/bouncycastle/math/ec/custom/gm/SM2P256V1FieldElement.class DONE
/org/bouncycastle/math/ec/custom/gm/SM2P256V1FieldElement.class starting
/org/bouncycastle/math/ec/custom/gm/SM2P256V1FieldElement.class DONE
/org/bouncycastle/math/ec/custom/gm/SM2P256V1FieldElement.class starting
/org/bouncycastle/math/ec/custom/gm/SM2P256V1FieldElement.class DONE
/org/bouncycastle/math/ec/custom/gm/SM2P256V1FieldElement.class starting
/org/bouncycastle/math/ec/custom/gm/SM2P256V1FieldElement.class DONE
/org/bouncycastle/math/ec/custom/gm/SM2P256V1FieldElement.class starting
/org/bouncycastle/math/ec/custom/gm/SM2P256V1FieldElement.class DONE
/org/bouncycastle/math/ec/custom/gm/SM2P256V1FieldElement.class starting
/org/bouncycastle/math/ec/custom/gm/SM2P256V1FieldElement.class DONE
/org/bouncycastle/math/ec/custom/gm/SM2P256V1FieldElement.class starting
/org/bouncycastle/math/ec/custom/gm/SM2P256V1FieldElement.class DONE
/org/bouncycastle/math/ec/custom/gm/SM2P256V1FieldElement.class starting
/org/bouncycastle/math/ec/custom/gm/SM2P256V1FieldElement.class DONE
/org/bouncycastle/math/ec/custom/gm/SM2P256V1FieldElement.class starting
/org/bouncycastle/math/ec/custom/gm/SM2P256V1FieldElement.class DONE
/org/bouncycastle/math/ec/custom/gm/SM2P256V1FieldElement.class starting
/org/bouncycastle/math/ec/custom/gm/SM2P256V1FieldElement.class DONE
/org/bouncycastle/math/ec/custom/gm/SM2P256V1FieldElement.class starting
/org/bouncycastle/math/ec/custom/gm/SM2P256V1FieldElement.class DONE
/org/bouncycastle/math/ec/custom/gm/SM2P256V1FieldElement.class starting
/org/bouncycastle/math/ec/custom/gm/SM2P256V1FieldElement.class DONE
/org/bouncycastle/math/ec/custom/gm/SM2P256V1FieldElement.class starting
/org/bouncycastle/math/ec/custom/gm/SM2P256V1FieldElement.class DONE
/org/bouncycastle/math/ec/custom/gm/SM2P256V1FieldElement.class starting
/org/bouncycastle/math/ec/custom/gm/SM2P256V1FieldElement.class DONE
/org/bouncycastle/math/ec/custom/gm/SM2P256V1FieldElement.class starting
/org/bouncycastle/math/ec/custom/gm/SM2P256V1FieldElement.class DONE
/org/bouncycastle/math/ec/custom/gm/SM2P256V1FieldElement.class starting
/org/bouncycastle/math/ec/custom/gm/SM2P256V1FieldElement.class DONE
/org/bouncycastle/math/ec/custom/gm/SM2P256V1FieldElement.class starting
/org/bouncycastle/math/ec/custom/gm/SM2P256V1FieldElement.class DONE
/org/bouncycastle/math/ec/custom/gm/SM2P256V1FieldElement.class starting
/org/bouncycastle/math/ec/custom/gm/SM2P256V1FieldElement.class DONE
/org/bouncycastle/math/ec/custom/gm/SM2P256V1FieldElement.class starting
/org/bouncycastle/math/ec/custom/gm/SM2P256V1FieldElement.class DONE
/org/bouncycastle/math/ec/custom/gm/SM2P256V1FieldElement.class starting
/org/bouncycastle/math/ec/custom/gm/SM2P256V1FieldElement.class DONE
/org/bouncycastle/math/ec/custom/gm/SM2P256V1FieldElement.class starting
/org/bouncycastle/math/ec/custom/gm/SM2P256V1FieldElement.class DONE
/org/bouncycastle/math/ec/custom/gm/SM2P256V1FieldElement.class starting
/org/bouncycastle/math/ec/custom/gm/SM2P256V1FieldElement.class DONE
/org/bouncycastle/math/ec/custom/gm/SM2P256V1FieldElement.class starting
/org/bouncycastle/math/ec/custom/gm/SM2P256V1FieldElement.class DONE
/org/bouncycastle/math/ec/custom/gm/SM2P256V1FieldElement.class starting
/org/bouncycastle/math/ec/custom/gm/SM2P256V1FieldElement.class DONE
/org/bouncycastle/math/ec/custom/gm/SM2P256V1FieldElement.class starting
/org/bouncycastle/math/ec/custom/gm/SM2P256V1FieldElement.class DONE
/org/bouncycastle/math/ec/custom/gm/SM2P256V1FieldElement.class starting
/org/bouncycastle/math/ec/custom/gm/SM2P256V1FieldElement.class DONE
/org/bouncycastle/math/ec/custom/gm/SM2P256V1FieldElement.class starting
/org/bouncycastle/math/ec/custom/gm/SM2P256V1FieldElement.class DONE
/org/bouncycastle/math/ec/custom/gm/SM2P256V1FieldElement.class starting
/org/bouncycastle/math/ec/custom/gm/SM2P256V1FieldElement.class DONE
/org/bouncycastle/math/ec/custom/gm/SM2P256V1FieldElement.class starting
/org/bouncycastle/math/ec/custom/gm/SM2P256V1FieldElement.class DONE
/org/bouncycastle/math/ec/custom/gm/SM2P256V1FieldElement.class starting
/org/bouncycastle/math/ec/custom/gm/SM2P256V1FieldElement.class DONE
/org/bouncycastle/math/ec/custom/gm/SM2P256V1FieldElement.class starting
/org/bouncycastle/math/ec/custom/gm/SM2P256V1FieldElement.class DONE
/org/bouncycastle/math/ec/custom/gm/SM2P256V1FieldElement.class starting
/org/bouncycastle/math/ec/custom/gm/SM2P256V1FieldElement.class DONE
/org/bouncycastle/math/ec/custom/gm/SM2P256V1FieldElement.class starting
/org/bouncycastle/math/ec/custom/gm/SM2P256V1FieldElement.class DONE
/org/bouncycastle/math/ec/custom/gm/SM2P256V1FieldElement.class starting
/org/bouncycastle/math/ec/custom/gm/SM2P256V1FieldElement.class DONE
/org/bouncycastle/math/ec/custom/gm/SM2P256V1FieldElement.class starting
/org/bouncycastle/math/ec/custom/gm/SM2P256V1FieldElement.class DONE
/org/bouncycastle/math/ec/custom/gm/SM2P256V1FieldElement.class starting
/org/bouncycastle/math/ec/custom/gm/SM2P256V1FieldElement.class DONE
/org/bouncycastle/math/ec/custom/gm/SM2P256V1FieldElement.class starting
/org/bouncycastle/math/ec/custom/gm/SM2P256V1FieldElement.class DONE
/org/bouncycastle/math/ec/custom/gm/SM2P256V1FieldElement.class starting
/org/bouncycastle/math/ec/custom/gm/SM2P256V1FieldElement.class DONE
/org/bouncycastle/math/ec/custom/gm/SM2P256V1FieldElement.class starting
/org/bouncycastle/math/ec/custom/gm/SM2P256V1FieldElement.class DONE
/org/bouncycastle/math/ec/custom/gm/SM2P256V1FieldElement.class starting
/org/bouncycastle/math/ec/custom/gm/SM2P256V1FieldElement.class DONE
/org/bouncycastle/math/ec/custom/gm/SM2P256V1FieldElement.class starting
/org/bouncycastle/math/ec/custom/gm/SM2P256V1FieldElement.class DONE
/org/bouncycastle/math/ec/custom/gm/SM2P256V1FieldElement.class starting
/org/bouncycastle/math/ec/custom/gm/SM2P256V1FieldElement.class DONE
/org/bouncycastle/math/ec/custom/gm/SM2P256V1FieldElement.class starting
/org/bouncycastle/math/ec/custom/gm/SM2P256V1FieldElement.class DONE
/org/bouncycastle/math/ec/custom/gm/SM2P256V1FieldElement.class starting
/org/bouncycastle/math/ec/custom/gm/SM2P256V1FieldElement.class DONE
/org/bouncycastle/math/ec/custom/gm/SM2P256V1FieldElement.class starting
/org/bouncycastle/math/ec/custom/gm/SM2P256V1FieldElement.class DONE
/org/bouncycastle/math/ec/custom/gm/SM2P256V1FieldElement.class starting
/org/bouncycastle/math/ec/custom/gm/SM2P256V1FieldElement.class DONE
/org/bouncycastle/math/ec/custom/gm/SM2P256V1FieldElement.class starting
/org/bouncycastle/math/ec/custom/gm/SM2P256V1FieldElement.class DONE
/org/bouncycastle/math/ec/custom/gm/SM2P256V1FieldElement.class starting
/org/bouncycastle/math/ec/custom/gm/SM2P256V1FieldElement.class DONE
/org/bouncycastle/math/ec/custom/gm/SM2P256V1FieldElement.class starting
/org/bouncycastle/math/ec/custom/gm/SM2P256V1FieldElement.class DONE
/org/bouncycastle/math/ec/custom/gm/SM2P256V1FieldElement.class starting
/org/bouncycastle/math/ec/custom/gm/SM2P256V1FieldElement.class DONE
/org/bouncycastle/math/ec/custom/gm/SM2P256V1FieldElement.class starting
/org/bouncycastle/math/ec/custom/gm/SM2P256V1FieldElement.class DONE
/org/bouncycastle/math/ec/custom/gm/SM2P256V1FieldElement.class starting
/org/bouncycastle/math/ec/custom/gm/SM2P256V1FieldElement.class DONE
/org/bouncycastle/math/ec/custom/gm/SM2P256V1FieldElement.class starting
/org/bouncycastle/math/ec/custom/gm/SM2P256V1FieldElement.class DONE
/org/bouncycastle/math/ec/custom/gm/SM2P256V1FieldElement.class starting
/org/bouncycastle/math/ec/custom/gm/SM2P256V1FieldElement.class DONE
/org/bouncycastle/math/ec/custom/gm/SM2P256V1FieldElement.class starting
/org/bouncycastle/math/ec/custom/gm/SM2P256V1FieldElement.class DONE
/org/bouncycastle/math/ec/custom/gm/SM2P256V1FieldElement.class starting
/org/bouncycastle/math/ec/custom/gm/SM2P256V1FieldElement.class DONE
/org/bouncycastle/math/ec/custom/gm/SM2P256V1FieldElement.class starting
/org/bouncycastle/math/ec/custom/gm/SM2P256V1FieldElement.class DONE
/org/bouncycastle/math/ec/custom/gm/SM2P256V1FieldElement.class starting
/org/bouncycastle/math/ec/custom/gm/SM2P256V1FieldElement.class DONE
/org/bouncycastle/math/ec/custom/gm/SM2P256V1FieldElement.class starting
/org/bouncycastle/math/ec/custom/gm/SM2P256V1FieldElement.class DONE
/org/bouncycastle/math/ec/custom/gm/SM2P256V1FieldElement.class starting
/org/bouncycastle/math/ec/custom/gm/SM2P256V1FieldElement.class DONE
/org/bouncycastle/math/ec/custom/gm/SM2P256V1FieldElement.class starting
/org/bouncycastle/math/ec/custom/gm/SM2P256V1FieldElement.class DONE
/org/bouncycastle/math/ec/custom/gm/SM2P256V1FieldElement.class starting
/org/bouncycastle/math/ec/custom/gm/SM2P256V1FieldElement.class DONE
/org/bouncycastle/math/ec/custom/gm/SM2P256V1FieldElement.class starting
/org/bouncycastle/math/ec/custom/gm/SM2P256V1FieldElement.class DONE
/org/bouncycastle/math/ec/custom/gm/SM2P256V1FieldElement.class starting
/org/bouncycastle/math/ec/custom/gm/SM2P256V1FieldElement.class DONE
/org/bouncycastle/math/ec/custom/gm/SM2P256V1FieldElement.class starting
/org/bouncycastle/math/ec/custom/gm/SM2P256V1FieldElement.class DONE
/org/bouncycastle/math/ec/custom/gm/SM2P256V1FieldElement.class starting
/org/bouncycastle/math/ec/custom/gm/SM2P256V1FieldElement.class DONE
/org/bouncycastle/math/ec/custom/gm/SM2P256V1FieldElement.class starting
/org/bouncycastle/math/ec/custom/gm/SM2P256V1FieldElement.class DONE
/org/bouncycastle/math/ec/custom/gm/SM2P256V1FieldElement.class starting
/org/bouncycastle/math/ec/custom/gm/SM2P256V1FieldElement.class DONE
/org/bouncycastle/math/ec/custom/gm/SM2P256V1FieldElement.class starting
/org/bouncycastle/math/ec/custom/gm/SM2P256V1FieldElement.class DONE
/org/bouncycastle/math/ec/custom/gm/SM2P256V1FieldElement.class starting
/org/bouncycastle/math/ec/custom/gm/SM2P256V1FieldElement.class DONE
/org/bouncycastle/math/ec/custom/gm/SM2P256V1FieldElement.class starting
/org/bouncycastle/math/ec/custom/gm/SM2P256V1FieldElement.class DONE
/org/bouncycastle/math/ec/custom/gm/SM2P256V1FieldElement.class starting
/org/bouncycastle/math/ec/custom/gm/SM2P256V1FieldElement.class DONE
/org/bouncycastle/math/ec/custom/gm/SM2P256V1FieldElement.class starting
/org/bouncycastle/math/ec/custom/gm/SM2P256V1FieldElement.class DONE
/org/bouncycastle/math/ec/custom/gm/SM2P256V1FieldElement.class starting
/org/bouncycastle/math/ec/custom/gm/SM2P256V1FieldElement.class DONE
/org/bouncycastle/math/ec/custom/gm/SM2P256V1FieldElement.class starting
/org/bouncycastle/math/ec/custom/gm/SM2P256V1FieldElement.class DONE
/org/bouncycastle/math/ec/custom/gm/SM2P256V1FieldElement.class starting
/org/bouncycastle/math/ec/custom/gm/SM2P256V1FieldElement.class DONE
/org/bouncycastle/math/ec/custom/gm/SM2P256V1FieldElement.class starting
/org/bouncycastle/math/ec/custom/gm/SM2P256V1FieldElement.class DONE
/org/bouncycastle/math/ec/custom/gm/SM2P256V1FieldElement.class starting
/org/bouncycastle/math/ec/custom/gm/SM2P256V1FieldElement.class DONE
/org/bouncycastle/math/ec/custom/gm/SM2P256V1FieldElement.class starting
/org/bouncycastle/math/ec/custom/gm/SM2P256V1FieldElement.class DONE
/org/bouncycastle/math/ec/custom/gm/SM2P256V1FieldElement.class starting
/org/bouncycastle/math/ec/custom/gm/SM2P256V1FieldElement.class DONE
/org/bouncycastle/math/ec/custom/gm/SM2P256V1FieldElement.class starting
/org/bouncycastle/math/ec/custom/gm/SM2P256V1FieldElement.class DONE
/org/bouncycastle/math/ec/custom/gm/SM2P256V1FieldElement.class starting
/org/bouncycastle/math/ec/custom/gm/SM2P256V1FieldElement.class DONE
/org/bouncycastle/math/ec/custom/gm/SM2P256V1FieldElement.class starting
/org/bouncycastle/math/ec/custom/gm/SM2P256V1FieldElement.class DONE
/org/bouncycastle/math/ec/custom/gm/SM2P256V1FieldElement.class starting
/org/bouncycastle/math/ec/custom/gm/SM2P256V1FieldElement.class DONE
/org/bouncycastle/math/ec/custom/gm/SM2P256V1FieldElement.class starting
/org/bouncycastle/math/ec/custom/gm/SM2P256V1FieldElement.class DONE
/org/bouncycastle/math/ec/custom/gm/SM2P256V1FieldElement.class starting
/org/bouncycastle/math/ec/custom/gm/SM2P256V1FieldElement.class DONE
/org/bouncycastle/math/ec/custom/gm/SM2P256V1FieldElement.class starting
/org/bouncycastle/math/ec/custom/gm/SM2P256V1FieldElement.class DONE
/org/bouncycastle/math/ec/custom/gm/SM2P256V1FieldElement.class starting
/org/bouncycastle/math/ec/custom/gm/SM2P256V1FieldElement.class DONE
/org/bouncycastle/math/ec/custom/gm/SM2P256V1FieldElement.class starting
/org/bouncycastle/math/ec/custom/gm/SM2P256V1FieldElement.class DONE
/org/bouncycastle/math/ec/custom/gm/SM2P256V1FieldElement.class starting
/org/bouncycastle/math/ec/custom/gm/SM2P256V1FieldElement.class DONE
/org/bouncycastle/math/ec/custom/gm/SM2P256V1FieldElement.class starting
/org/bouncycastle/math/ec/custom/gm/SM2P256V1FieldElement.class DONE
/org/bouncycastle/math/ec/custom/gm/SM2P256V1FieldElement.class starting
/org/bouncycastle/math/ec/custom/gm/SM2P256V1FieldElement.class DONE
/org/bouncycastle/math/ec/custom/gm/SM2P256V1FieldElement.class starting
/org/bouncycastle/math/ec/custom/gm/SM2P256V1FieldElement.class DONE
/org/bouncycastle/math/ec/custom/gm/SM2P256V1FieldElement.class starting
/org/bouncycastle/math/ec/custom/gm/SM2P256V1FieldElement.class DONE
/org/bouncycastle/math/ec/custom/gm/SM2P256V1FieldElement.class starting
/org/bouncycastle/math/ec/custom/gm/SM2P256V1FieldElement.class DONE
/org/bouncycastle/math/ec/custom/gm/SM2P256V1FieldElement.class starting
/org/bouncycastle/math/ec/custom/gm/SM2P256V1FieldElement.class DONE
/org/bouncycastle/math/ec/custom/gm/SM2P256V1FieldElement.class starting
/org/bouncycastle/math/ec/custom/gm/SM2P256V1FieldElement.class DONE
/org/bouncycastle/math/ec/custom/gm/SM2P256V1FieldElement.class starting
/org/bouncycastle/math/ec/custom/gm/SM2P256V1FieldElement.class DONE
/org/bouncycastle/math/ec/custom/gm/SM2P256V1FieldElement.class starting
/org/bouncycastle/math/ec/custom/gm/SM2P256V1FieldElement.class DONE
/org/bouncycastle/math/ec/custom/gm/SM2P256V1FieldElement.class starting
/org/bouncycastle/math/ec/custom/gm/SM2P256V1FieldElement.class DONE
/org/bouncycastle/math/ec/custom/gm/SM2P256V1FieldElement.class starting
/org/bouncycastle/math/ec/custom/gm/SM2P256V1FieldElement.class DONE
/org/bouncycastle/math/ec/custom/gm/SM2P256V1FieldElement.class starting
/org/bouncycastle/math/ec/custom/gm/SM2P256V1FieldElement.class DONE
/org/bouncycastle/math/ec/custom/gm/SM2P256V1FieldElement.class starting
/org/bouncycastle/math/ec/custom/gm/SM2P256V1FieldElement.class DONE
/org/bouncycastle/math/ec/custom/gm/SM2P256V1FieldElement.class starting
/org/bouncycastle/math/ec/custom/gm/SM2P256V1FieldElement.class DONE
/org/bouncycastle/math/ec/custom/gm/SM2P256V1FieldElement.class starting
/org/bouncycastle/math/ec/custom/gm/SM2P256V1FieldElement.class DONE
/org/bouncycastle/math/ec/custom/gm/SM2P256V1FieldElement.class starting
/org/bouncycastle/math/ec/custom/gm/SM2P256V1FieldElement.class DONE
/org/bouncycastle/math/ec/custom/gm/SM2P256V1FieldElement.class starting
/org/bouncycastle/math/ec/custom/gm/SM2P256V1FieldElement.class DONE
/org/bouncycastle/math/ec/custom/gm/SM2P256V1FieldElement.class starting
/org/bouncycastle/math/ec/custom/gm/SM2P256V1FieldElement.class DONE
/org/bouncycastle/math/ec/custom/gm/SM2P256V1FieldElement.class starting
/org/bouncycastle/math/ec/custom/gm/SM2P256V1FieldElement.class DONE
/org/bouncycastle/math/ec/custom/gm/SM2P256V1FieldElement.class starting
/org/bouncycastle/math/ec/custom/gm/SM2P256V1FieldElement.class DONE
/org/bouncycastle/math/ec/custom/gm/SM2P256V1FieldElement.class starting
/org/bouncycastle/math/ec/custom/gm/SM2P256V1FieldElement.class DONE
/org/bouncycastle/math/ec/custom/gm/SM2P256V1FieldElement.class starting
/org/bouncycastle/math/ec/custom/gm/SM2P256V1FieldElement.class DONE
/org/bouncycastle/math/ec/custom/gm/SM2P256V1FieldElement.class starting
/org/bouncycastle/math/ec/custom/gm/SM2P256V1FieldElement.class DONE
/org/bouncycastle/math/ec/custom/gm/SM2P256V1FieldElement.class starting
/org/bouncycastle/math/ec/custom/gm/SM2P256V1FieldElement.class DONE
/org/bouncycastle/math/ec/custom/gm/SM2P256V1FieldElement.class starting
/org/bouncycastle/math/ec/custom/gm/SM2P256V1FieldElement.class DONE
/org/bouncycastle/math/ec/custom/gm/SM2P256V1FieldElement.class starting
/org/bouncycastle/math/ec/custom/gm/SM2P256V1FieldElement.class DONE
/org/bouncycastle/math/ec/custom/gm/SM2P256V1FieldElement.class starting
/org/bouncycastle/math/ec/custom/gm/SM2P256V1FieldElement.class DONE
/org/bouncycastle/math/ec/custom/gm/SM2P256V1FieldElement.class starting
/org/bouncycastle/math/ec/custom/gm/SM2P256V1FieldElement.class DONE
/org/bouncycastle/math/ec/custom/gm/SM2P256V1FieldElement.class starting
/org/bouncycastle/math/ec/custom/gm/SM2P256V1FieldElement.class DONE
/org/bouncycastle/math/ec/custom/gm/SM2P256V1FieldElement.class starting
/org/bouncycastle/math/ec/custom/gm/SM2P256V1FieldElement.class DONE
/org/bouncycastle/math/ec/custom/gm/SM2P256V1FieldElement.class starting
/org/bouncycastle/math/ec/custom/gm/SM2P256V1FieldElement.class DONE
/org/bouncycastle/math/ec/custom/gm/SM2P256V1FieldElement.class starting
/org/bouncycastle/math/ec/custom/gm/SM2P256V1FieldElement.class DONE
/org/bouncycastle/math/ec/custom/gm/SM2P256V1FieldElement.class starting
/org/bouncycastle/math/ec/custom/gm/SM2P256V1FieldElement.class DONE
/org/bouncycastle/math/ec/custom/gm/SM2P256V1FieldElement.class starting
/org/bouncycastle/math/ec/custom/gm/SM2P256V1FieldElement.class DONE
/org/bouncycastle/math/ec/custom/gm/SM2P256V1FieldElement.class starting
/org/bouncycastle/math/ec/custom/gm/SM2P256V1FieldElement.class DONE
/org/bouncycastle/math/ec/custom/gm/SM2P256V1FieldElement.class starting
/org/bouncycastle/math/ec/custom/gm/SM2P256V1FieldElement.class DONE
/org/bouncycastle/math/ec/custom/gm/SM2P256V1FieldElement.class starting
/org/bouncycastle/math/ec/custom/gm/SM2P256V1FieldElement.class DONE
/org/bouncycastle/math/ec/custom/gm/SM2P256V1FieldElement.class starting
/org/bouncycastle/math/ec/custom/gm/SM2P256V1FieldElement.class DONE
/org/bouncycastle/math/ec/custom/gm/SM2P256V1FieldElement.class starting
/org/bouncycastle/math/ec/custom/gm/SM2P256V1FieldElement.class DONE
/org/bouncycastle/math/ec/custom/gm/SM2P256V1FieldElement.class starting
/org/bouncycastle/math/ec/custom/gm/SM2P256V1FieldElement.class DONE
/org/bouncycastle/math/ec/custom/gm/SM2P256V1FieldElement.class starting
/org/bouncycastle/math/ec/custom/gm/SM2P256V1FieldElement.class DONE
/org/bouncycastle/math/ec/custom/gm/SM2P256V1FieldElement.class starting
/org/bouncycastle/math/ec/custom/gm/SM2P256V1FieldElement.class DONE
/org/bouncycastle/math/ec/custom/gm/SM2P256V1FieldElement.class starting
/org/bouncycastle/math/ec/custom/gm/SM2P256V1FieldElement.class DONE
/org/bouncycastle/math/ec/custom/gm/SM2P256V1FieldElement.class starting
/org/bouncycastle/math/ec/custom/gm/SM2P256V1FieldElement.class DONE
/org/bouncycastle/math/ec/custom/gm/SM2P256V1FieldElement.class starting
/org/bouncycastle/math/ec/custom/gm/SM2P256V1FieldElement.class DONE
/org/bouncycastle/math/ec/custom/gm/SM2P256V1FieldElement.class starting
/org/bouncycastle/math/ec/custom/gm/SM2P256V1FieldElement.class DONE
/org/bouncycastle/math/ec/custom/gm/SM2P256V1FieldElement.class starting
/org/bouncycastle/math/ec/custom/gm/SM2P256V1FieldElement.class DONE
/org/bouncycastle/math/ec/custom/gm/SM2P256V1FieldElement.class starting
/org/bouncycastle/math/ec/custom/gm/SM2P256V1FieldElement.class DONE
/org/bouncycastle/math/ec/custom/gm/SM2P256V1FieldElement.class starting
/org/bouncycastle/math/ec/custom/gm/SM2P256V1FieldElement.class DONE
/org/bouncycastle/math/ec/custom/gm/SM2P256V1FieldElement.class starting
/org/bouncycastle/math/ec/custom/gm/SM2P256V1FieldElement.class DONE
/org/bouncycastle/math/ec/custom/gm/SM2P256V1FieldElement.class starting
/org/bouncycastle/math/ec/custom/gm/SM2P256V1FieldElement.class DONE
/org/bouncycastle/math/ec/custom/gm/SM2P256V1FieldElement.class starting
/org/bouncycastle/math/ec/custom/gm/SM2P256V1FieldElement.class DONE
/org/bouncycastle/math/ec/custom/gm/SM2P256V1FieldElement.class starting
/org/bouncycastle/math/ec/custom/gm/SM2P256V1FieldElement.class DONE
/org/bouncycastle/math/ec/custom/gm/SM2P256V1FieldElement.class starting
/org/bouncycastle/math/ec/custom/gm/SM2P256V1FieldElement.class DONE
/org/bouncycastle/math/ec/custom/gm/SM2P256V1FieldElement.class starting
/org/bouncycastle/math/ec/custom/gm/SM2P256V1FieldElement.class DONE
/org/bouncycastle/math/ec/custom/gm/SM2P256V1FieldElement.class starting
/org/bouncycastle/math/ec/custom/gm/SM2P256V1FieldElement.class DONE
/org/bouncycastle/math/ec/custom/gm/SM2P256V1FieldElement.class starting
/org/bouncycastle/math/ec/custom/gm/SM2P256V1FieldElement.class DONE
/org/bouncycastle/math/ec/custom/gm/SM2P256V1FieldElement.class starting
/org/bouncycastle/math/ec/custom/gm/SM2P256V1FieldElement.class DONE
/org/bouncycastle/math/ec/custom/gm/SM2P256V1FieldElement.class starting
/org/bouncycastle/math/ec/custom/gm/SM2P256V1FieldElement.class DONE
/org/bouncycastle/math/ec/custom/gm/SM2P256V1FieldElement.class starting
/org/bouncycastle/math/ec/custom/gm/SM2P256V1FieldElement.class DONE
/org/bouncycastle/math/ec/custom/gm/SM2P256V1FieldElement.class starting
/org/bouncycastle/math/ec/custom/gm/SM2P256V1FieldElement.class DONE
/org/bouncycastle/math/ec/custom/gm/SM2P256V1FieldElement.class starting
/org/bouncycastle/math/ec/custom/gm/SM2P256V1FieldElement.class DONE
/org/bouncycastle/math/ec/custom/gm/SM2P256V1FieldElement.class starting
/org/bouncycastle/math/ec/custom/gm/SM2P256V1FieldElement.class DONE
/org/bouncycastle/math/ec/custom/gm/SM2P256V1FieldElement.class starting
/org/bouncycastle/math/ec/custom/gm/SM2P256V1FieldElement.class DONE
/org/bouncycastle/math/ec/custom/gm/SM2P256V1FieldElement.class starting
/org/bouncycastle/math/ec/custom/gm/SM2P256V1FieldElement.class DONE
/org/bouncycastle/math/ec/custom/gm/SM2P256V1FieldElement.class starting
/org/bouncycastle/math/ec/custom/gm/SM2P256V1FieldElement.class DONE
/org/bouncycastle/math/ec/custom/gm/SM2P256V1FieldElement.class starting
/org/bouncycastle/math/ec/custom/gm/SM2P256V1FieldElement.class DONE
/org/bouncycastle/math/ec/custom/gm/SM2P256V1FieldElement.class starting
/org/bouncycastle/math/ec/custom/gm/SM2P256V1FieldElement.class DONE
/org/bouncycastle/math/ec/custom/gm/SM2P256V1FieldElement.class starting
/org/bouncycastle/math/ec/custom/gm/SM2P256V1FieldElement.class DONE
/org/bouncycastle/math/ec/custom/gm/SM2P256V1FieldElement.class starting
/org/bouncycastle/math/ec/custom/gm/SM2P256V1FieldElement.class DONE
/org/bouncycastle/math/ec/custom/gm/SM2P256V1FieldElement.class starting
/org/bouncycastle/math/ec/custom/gm/SM2P256V1FieldElement.class DONE
/org/bouncycastle/math/ec/custom/gm/SM2P256V1FieldElement.class starting
/org/bouncycastle/math/ec/custom/gm/SM2P256V1FieldElement.class DONE
/org/bouncycastle/math/ec/custom/gm/SM2P256V1FieldElement.class starting
/org/bouncycastle/math/ec/custom/gm/SM2P256V1FieldElement.class DONE
/org/bouncycastle/math/ec/custom/gm/SM2P256V1FieldElement.class starting
/org/bouncycastle/math/ec/custom/gm/SM2P256V1FieldElement.class DONE
/org/bouncycastle/math/ec/custom/gm/SM2P256V1FieldElement.class starting
/org/bouncycastle/math/ec/custom/gm/SM2P256V1FieldElement.class DONE
/org/bouncycastle/math/ec/custom/gm/SM2P256V1FieldElement.class starting
/org/bouncycastle/math/ec/custom/gm/SM2P256V1FieldElement.class DONE
/org/bouncycastle/math/ec/custom/gm/SM2P256V1FieldElement.class starting
/org/bouncycastle/math/ec/custom/gm/SM2P256V1FieldElement.class DONE
/org/bouncycastle/math/ec/custom/gm/SM2P256V1FieldElement.class starting
/org/bouncycastle/math/ec/custom/gm/SM2P256V1FieldElement.class DONE
/org/bouncycastle/math/ec/custom/gm/SM2P256V1FieldElement.class starting
/org/bouncycastle/math/ec/custom/gm/SM2P256V1FieldElement.class DONE
/org/bouncycastle/math/ec/custom/gm/SM2P256V1FieldElement.class starting
/org/bouncycastle/math/ec/custom/gm/SM2P256V1FieldElement.class DONE
/org/bouncycastle/math/ec/custom/gm/SM2P256V1FieldElement.class starting
/org/bouncycastle/math/ec/custom/gm/SM2P256V1FieldElement.class DONE
/org/bouncycastle/math/ec/custom/gm/SM2P256V1FieldElement.class starting
/org/bouncycastle/math/ec/custom/gm/SM2P256V1FieldElement.class DONE
/org/bouncycastle/math/ec/custom/gm/SM2P256V1FieldElement.class starting
/org/bouncycastle/math/ec/custom/gm/SM2P256V1FieldElement.class DONE
/org/bouncycastle/math/ec/custom/gm/SM2P256V1FieldElement.class starting
/org/bouncycastle/math/ec/custom/gm/SM2P256V1FieldElement.class DONE
/org/bouncycastle/math/ec/custom/gm/SM2P256V1FieldElement.class starting
/org/bouncycastle/math/ec/custom/gm/SM2P256V1FieldElement.class DONE
/org/bouncycastle/math/ec/custom/gm/SM2P256V1FieldElement.class starting
/org/bouncycastle/math/ec/custom/gm/SM2P256V1FieldElement.class DONE
/org/bouncycastle/math/ec/custom/gm/SM2P256V1FieldElement.class starting
/org/bouncycastle/math/ec/custom/gm/SM2P256V1FieldElement.class DONE
/org/bouncycastle/math/ec/custom/gm/SM2P256V1FieldElement.class starting
/org/bouncycastle/math/ec/custom/gm/SM2P256V1FieldElement.class DONE
/org/bouncycastle/math/ec/custom/gm/SM2P256V1FieldElement.class starting
/org/bouncycastle/math/ec/custom/gm/SM2P256V1FieldElement.class DONE
/org/bouncycastle/math/ec/custom/gm/SM2P256V1FieldElement.class starting
/org/bouncycastle/math/ec/custom/gm/SM2P256V1FieldElement.class DONE
/org/bouncycastle/math/ec/custom/gm/SM2P256V1FieldElement.class starting
/org/bouncycastle/math/ec/custom/gm/SM2P256V1FieldElement.class DONE
/org/bouncycastle/math/ec/custom/gm/SM2P256V1FieldElement.class starting
/org/bouncycastle/math/ec/custom/gm/SM2P256V1FieldElement.class DONE
/org/bouncycastle/math/ec/custom/gm/SM2P256V1FieldElement.class starting
/org/bouncycastle/math/ec/custom/gm/SM2P256V1FieldElement.class DONE
/org/bouncycastle/math/ec/custom/gm/SM2P256V1FieldElement.class starting
/org/bouncycastle/math/ec/custom/gm/SM2P256V1FieldElement.class DONE
/org/bouncycastle/math/ec/custom/gm/SM2P256V1FieldElement.class starting
/org/bouncycastle/math/ec/custom/gm/SM2P256V1FieldElement.class DONE
/org/bouncycastle/math/ec/custom/gm/SM2P256V1FieldElement.class starting
/org/bouncycastle/math/ec/custom/gm/SM2P256V1FieldElement.class DONE
/org/bouncycastle/math/ec/custom/gm/SM2P256V1FieldElement.class starting
/org/bouncycastle/math/ec/custom/gm/SM2P256V1FieldElement.class DONE
/org/bouncycastle/math/ec/custom/gm/SM2P256V1FieldElement.class starting
/org/bouncycastle/math/ec/custom/gm/SM2P256V1FieldElement.class DONE
/org/bouncycastle/math/ec/custom/gm/SM2P256V1FieldElement.class starting
/org/bouncycastle/math/ec/custom/gm/SM2P256V1FieldElement.class DONE
/org/bouncycastle/math/ec/custom/gm/SM2P256V1FieldElement.class starting
/org/bouncycastle/math/ec/custom/gm/SM2P256V1FieldElement.class DONE
/org/bouncycastle/math/ec/custom/gm/SM2P256V1FieldElement.class starting
/org/bouncycastle/math/ec/custom/gm/SM2P256V1FieldElement.class DONE
/org/bouncycastle/math/ec/custom/gm/SM2P256V1FieldElement.class starting
/org/bouncycastle/math/ec/custom/gm/SM2P256V1FieldElement.class DONE
/org/bouncycastle/math/ec/custom/gm/SM2P256V1FieldElement.class starting
/org/bouncycastle/math/ec/custom/gm/SM2P256V1FieldElement.class DONE
/org/bouncycastle/math/ec/custom/gm/SM2P256V1FieldElement.class starting
/org/bouncycastle/math/ec/custom/gm/SM2P256V1FieldElement.class DONE
/org/bouncycastle/math/ec/custom/gm/SM2P256V1FieldElement.class starting
/org/bouncycastle/math/ec/custom/gm/SM2P256V1FieldElement.class DONE
/org/bouncycastle/math/ec/custom/gm/SM2P256V1FieldElement.class starting
/org/bouncycastle/math/ec/custom/gm/SM2P256V1FieldElement.class DONE
/org/bouncycastle/math/ec/custom/gm/SM2P256V1FieldElement.class starting
/org/bouncycastle/math/ec/custom/gm/SM2P256V1FieldElement.class DONE
/org/bouncycastle/math/ec/custom/gm/SM2P256V1FieldElement.class starting
/org/bouncycastle/math/ec/custom/gm/SM2P256V1FieldElement.class DONE
/org/bouncycastle/math/ec/custom/gm/SM2P256V1FieldElement.class starting
/org/bouncycastle/math/ec/custom/gm/SM2P256V1FieldElement.class DONE
/org/bouncycastle/math/ec/custom/gm/SM2P256V1FieldElement.class starting
/org/bouncycastle/math/ec/custom/gm/SM2P256V1FieldElement.class DONE
/org/bouncycastle/math/ec/custom/gm/SM2P256V1FieldElement.class starting
/org/bouncycastle/math/ec/custom/gm/SM2P256V1FieldElement.class DONE
/org/bouncycastle/math/ec/custom/gm/SM2P256V1FieldElement.class starting
/org/bouncycastle/math/ec/custom/gm/SM2P256V1FieldElement.class DONE
/org/bouncycastle/math/ec/custom/gm/SM2P256V1FieldElement.class starting
/org/bouncycastle/math/ec/custom/gm/SM2P256V1FieldElement.class DONE
/org/bouncycastle/math/ec/custom/gm/SM2P256V1FieldElement.class starting
/org/bouncycastle/math/ec/custom/gm/SM2P256V1FieldElement.class DONE
/org/bouncycastle/math/ec/custom/gm/SM2P256V1FieldElement.class starting
/org/bouncycastle/math/ec/custom/gm/SM2P256V1FieldElement.class DONE
/org/bouncycastle/math/ec/custom/gm/SM2P256V1FieldElement.class starting
/org/bouncycastle/math/ec/custom/gm/SM2P256V1FieldElement.class DONE
/org/bouncycastle/math/ec/custom/gm/SM2P256V1FieldElement.class starting
/org/bouncycastle/math/ec/custom/gm/SM2P256V1FieldElement.class DONE
/org/bouncycastle/math/ec/custom/gm/SM2P256V1FieldElement.class starting
/org/bouncycastle/math/ec/custom/gm/SM2P256V1FieldElement.class DONE
/org/bouncycastle/math/ec/custom/gm/SM2P256V1FieldElement.class starting
/org/bouncycastle/math/ec/custom/gm/SM2P256V1FieldElement.class DONE
/org/bouncycastle/math/ec/custom/gm/SM2P256V1FieldElement.class starting
/org/bouncycastle/math/ec/custom/gm/SM2P256V1FieldElement.class DONE
/org/bouncycastle/math/ec/custom/gm/SM2P256V1FieldElement.class starting
/org/bouncycastle/math/ec/custom/gm/SM2P256V1FieldElement.class DONE
/org/bouncycastle/math/ec/custom/gm/SM2P256V1FieldElement.class starting
/org/bouncycastle/math/ec/custom/gm/SM2P256V1FieldElement.class DONE
/org/bouncycastle/math/ec/custom/gm/SM2P256V1FieldElement.class starting
/org/bouncycastle/math/ec/custom/gm/SM2P256V1FieldElement.class DONE
/org/bouncycastle/math/ec/custom/gm/SM2P256V1FieldElement.class starting
/org/bouncycastle/math/ec/custom/gm/SM2P256V1FieldElement.class DONE
/org/bouncycastle/math/ec/custom/gm/SM2P256V1FieldElement.class starting
/org/bouncycastle/math/ec/custom/gm/SM2P256V1FieldElement.class DONE
/org/bouncycastle/math/ec/custom/gm/SM2P256V1FieldElement.class starting
/org/bouncycastle/math/ec/custom/gm/SM2P256V1FieldElement.class DONE
/org/bouncycastle/math/ec/custom/gm/SM2P256V1FieldElement.class starting
/org/bouncycastle/math/ec/custom/gm/SM2P256V1FieldElement.class DONE
/org/bouncycastle/math/ec/custom/gm/SM2P256V1FieldElement.class starting
/org/bouncycastle/math/ec/custom/gm/SM2P256V1FieldElement.class DONE
/org/bouncycastle/math/ec/custom/gm/SM2P256V1FieldElement.class starting
/org/bouncycastle/math/ec/custom/gm/SM2P256V1FieldElement.class DONE
/org/bouncycastle/math/ec/custom/gm/SM2P256V1FieldElement.class starting
/org/bouncycastle/math/ec/custom/gm/SM2P256V1FieldElement.class DONE
/org/bouncycastle/math/ec/custom/gm/SM2P256V1FieldElement.class starting
/org/bouncycastle/math/ec/custom/gm/SM2P256V1FieldElement.class DONE
/org/bouncycastle/math/ec/custom/gm/SM2P256V1FieldElement.class starting
/org/bouncycastle/math/ec/custom/gm/SM2P256V1FieldElement.class DONE
/org/bouncycastle/math/ec/custom/gm/SM2P256V1FieldElement.class starting
/org/bouncycastle/math/ec/custom/gm/SM2P256V1FieldElement.class DONE
/org/bouncycastle/math/ec/custom/gm/SM2P256V1FieldElement.class starting
/org/bouncycastle/math/ec/custom/gm/SM2P256V1FieldElement.class DONE
/org/bouncycastle/math/ec/custom/gm/SM2P256V1FieldElement.class starting
/org/bouncycastle/math/ec/custom/gm/SM2P256V1FieldElement.class DONE
/org/bouncycastle/math/ec/custom/gm/SM2P256V1FieldElement.class starting
/org/bouncycastle/math/ec/custom/gm/SM2P256V1FieldElement.class DONE
/org/bouncycastle/math/ec/custom/gm/SM2P256V1FieldElement.class starting
/org/bouncycastle/math/ec/custom/gm/SM2P256V1FieldElement.class DONE
/org/bouncycastle/math/ec/custom/gm/SM2P256V1FieldElement.class starting
/org/bouncycastle/math/ec/custom/gm/SM2P256V1FieldElement.class DONE
/org/bouncycastle/math/ec/custom/gm/SM2P256V1FieldElement.class starting
/org/bouncycastle/math/ec/custom/gm/SM2P256V1FieldElement.class DONE
/org/bouncycastle/math/ec/custom/gm/SM2P256V1FieldElement.class starting
/org/bouncycastle/math/ec/custom/gm/SM2P256V1FieldElement.class DONE
/org/bouncycastle/math/ec/custom/gm/SM2P256V1FieldElement.class starting
/org/bouncycastle/math/ec/custom/gm/SM2P256V1FieldElement.class DONE
/org/bouncycastle/math/ec/custom/gm/SM2P256V1FieldElement.class starting
/org/bouncycastle/math/ec/custom/gm/SM2P256V1FieldElement.class DONE
/org/bouncycastle/math/ec/custom/gm/SM2P256V1FieldElement.class starting
/org/bouncycastle/math/ec/custom/gm/SM2P256V1FieldElement.class DONE
/org/bouncycastle/math/ec/custom/gm/SM2P256V1FieldElement.class starting
/org/bouncycastle/math/ec/custom/gm/SM2P256V1FieldElement.class DONE
/org/bouncycastle/math/ec/custom/gm/SM2P256V1FieldElement.class starting
/org/bouncycastle/math/ec/custom/gm/SM2P256V1FieldElement.class DONE
/org/bouncycastle/math/ec/custom/gm/SM2P256V1FieldElement.class starting
/org/bouncycastle/math/ec/custom/gm/SM2P256V1FieldElement.class DONE
/org/bouncycastle/math/ec/custom/gm/SM2P256V1FieldElement.class starting
/org/bouncycastle/math/ec/custom/gm/SM2P256V1FieldElement.class DONE
/org/bouncycastle/math/ec/custom/gm/SM2P256V1FieldElement.class starting
/org/bouncycastle/math/ec/custom/gm/SM2P256V1FieldElement.class DONE
/org/bouncycastle/math/ec/custom/gm/SM2P256V1FieldElement.class starting
/org/bouncycastle/math/ec/custom/gm/SM2P256V1FieldElement.class DONE
/org/bouncycastle/math/ec/custom/gm/SM2P256V1FieldElement.class starting
/org/bouncycastle/math/ec/custom/gm/SM2P256V1FieldElement.class DONE
/org/bouncycastle/math/ec/custom/gm/SM2P256V1FieldElement.class starting
/org/bouncycastle/math/ec/custom/gm/SM2P256V1FieldElement.class DONE
/org/bouncycastle/math/ec/custom/gm/SM2P256V1FieldElement.class starting
/org/bouncycastle/math/ec/custom/gm/SM2P256V1FieldElement.class DONE
/org/bouncycastle/math/ec/custom/gm/SM2P256V1FieldElement.class starting
/org/bouncycastle/math/ec/custom/gm/SM2P256V1FieldElement.class DONE
/org/bouncycastle/math/ec/custom/gm/SM2P256V1FieldElement.class starting
/org/bouncycastle/math/ec/custom/gm/SM2P256V1FieldElement.class DONE
/org/bouncycastle/math/ec/custom/gm/SM2P256V1FieldElement.class starting
/org/bouncycastle/math/ec/custom/gm/SM2P256V1FieldElement.class DONE
/org/bouncycastle/math/ec/custom/gm/SM2P256V1FieldElement.class starting
/org/bouncycastle/math/ec/custom/gm/SM2P256V1FieldElement.class DONE
/org/bouncycastle/math/ec/custom/gm/SM2P256V1FieldElement.class starting
/org/bouncycastle/math/ec/custom/gm/SM2P256V1FieldElement.class DONE
/org/bouncycastle/math/ec/custom/gm/SM2P256V1FieldElement.class starting
/org/bouncycastle/math/ec/custom/gm/SM2P256V1FieldElement.class DONE
/org/bouncycastle/math/ec/custom/gm/SM2P256V1FieldElement.class starting
/org/bouncycastle/math/ec/custom/gm/SM2P256V1FieldElement.class DONE
/org/bouncycastle/math/ec/custom/gm/SM2P256V1FieldElement.class starting
/org/bouncycastle/math/ec/custom/gm/SM2P256V1FieldElement.class DONE
/org/bouncycastle/math/ec/custom/gm/SM2P256V1FieldElement.class starting
/org/bouncycastle/math/ec/custom/gm/SM2P256V1FieldElement.class DONE
/org/bouncycastle/math/ec/custom/gm/SM2P256V1FieldElement.class starting
/org/bouncycastle/math/ec/custom/gm/SM2P256V1FieldElement.class DONE
/org/bouncycastle/math/ec/custom/gm/SM2P256V1FieldElement.class starting
/org/bouncycastle/math/ec/custom/gm/SM2P256V1FieldElement.class DONE
/org/bouncycastle/math/ec/custom/gm/SM2P256V1FieldElement.class starting
/org/bouncycastle/math/ec/custom/gm/SM2P256V1FieldElement.class DONE
/org/bouncycastle/math/ec/custom/gm/SM2P256V1FieldElement.class starting
/org/bouncycastle/math/ec/custom/gm/SM2P256V1FieldElement.class DONE
/org/bouncycastle/math/ec/custom/gm/SM2P256V1FieldElement.class starting
/org/bouncycastle/math/ec/custom/gm/SM2P256V1FieldElement.class DONE
/org/bouncycastle/math/ec/custom/gm/SM2P256V1FieldElement.class starting
/org/bouncycastle/math/ec/custom/gm/SM2P256V1FieldElement.class DONE
/org/bouncycastle/math/ec/custom/gm/SM2P256V1FieldElement.class starting
/org/bouncycastle/math/ec/custom/gm/SM2P256V1FieldElement.class DONE
/org/bouncycastle/math/ec/custom/gm/SM2P256V1FieldElement.class starting
/org/bouncycastle/math/ec/custom/gm/SM2P256V1FieldElement.class DONE
/org/bouncycastle/math/ec/custom/gm/SM2P256V1FieldElement.class starting
/org/bouncycastle/math/ec/custom/gm/SM2P256V1FieldElement.class DONE
/org/bouncycastle/math/ec/custom/gm/SM2P256V1FieldElement.class starting
/org/bouncycastle/math/ec/custom/gm/SM2P256V1FieldElement.class DONE
/org/bouncycastle/math/ec/custom/gm/SM2P256V1FieldElement.class starting
/org/bouncycastle/math/ec/custom/gm/SM2P256V1FieldElement.class DONE
/org/bouncycastle/math/ec/custom/gm/SM2P256V1FieldElement.class starting
/org/bouncycastle/math/ec/custom/gm/SM2P256V1FieldElement.class DONE
/org/bouncycastle/math/ec/custom/gm/SM2P256V1FieldElement.class starting
/org/bouncycastle/math/ec/custom/gm/SM2P256V1FieldElement.class DONE
/org/bouncycastle/math/ec/custom/gm/SM2P256V1FieldElement.class starting
/org/bouncycastle/math/ec/custom/gm/SM2P256V1FieldElement.class DONE
/org/bouncycastle/math/ec/custom/gm/SM2P256V1FieldElement.class starting
/org/bouncycastle/math/ec/custom/gm/SM2P256V1FieldElement.class DONE
/org/bouncycastle/math/ec/custom/gm/SM2P256V1FieldElement.class starting
/org/bouncycastle/math/ec/custom/gm/SM2P256V1FieldElement.class DONE
/org/bouncycastle/math/ec/custom/gm/SM2P256V1FieldElement.class starting
/org/bouncycastle/math/ec/custom/gm/SM2P256V1FieldElement.class DONE
/org/bouncycastle/math/ec/custom/gm/SM2P256V1FieldElement.class starting
/org/bouncycastle/math/ec/custom/gm/SM2P256V1FieldElement.class DONE
/org/bouncycastle/math/ec/custom/gm/SM2P256V1FieldElement.class starting
/org/bouncycastle/math/ec/custom/gm/SM2P256V1FieldElement.class DONE
/org/bouncycastle/math/ec/custom/gm/SM2P256V1FieldElement.class starting
/org/bouncycastle/math/ec/custom/gm/SM2P256V1FieldElement.class DONE
/org/bouncycastle/math/ec/custom/gm/SM2P256V1FieldElement.class starting
/org/bouncycastle/math/ec/custom/gm/SM2P256V1FieldElement.class DONE
/org/bouncycastle/math/ec/custom/gm/SM2P256V1FieldElement.class starting
/org/bouncycastle/math/ec/custom/gm/SM2P256V1FieldElement.class DONE
/org/bouncycastle/math/ec/custom/gm/SM2P256V1FieldElement.class starting
/org/bouncycastle/math/ec/custom/gm/SM2P256V1FieldElement.class DONE
/org/bouncycastle/math/ec/custom/gm/SM2P256V1FieldElement.class starting
/org/bouncycastle/math/ec/custom/gm/SM2P256V1FieldElement.class DONE
/org/bouncycastle/math/ec/custom/gm/SM2P256V1FieldElement.class starting
/org/bouncycastle/math/ec/custom/gm/SM2P256V1FieldElement.class DONE
/org/bouncycastle/math/ec/custom/gm/SM2P256V1FieldElement.class starting
/org/bouncycastle/math/ec/custom/gm/SM2P256V1FieldElement.class DONE
/org/bouncycastle/math/ec/custom/gm/SM2P256V1FieldElement.class starting
/org/bouncycastle/math/ec/custom/gm/SM2P256V1FieldElement.class DONE
/org/bouncycastle/math/ec/custom/gm/SM2P256V1FieldElement.class starting
/org/bouncycastle/math/ec/custom/gm/SM2P256V1FieldElement.class DONE
/org/bouncycastle/math/ec/custom/gm/SM2P256V1FieldElement.class starting
/org/bouncycastle/math/ec/custom/gm/SM2P256V1FieldElement.class DONE
/org/bouncycastle/math/ec/custom/gm/SM2P256V1FieldElement.class starting
/org/bouncycastle/math/ec/custom/gm/SM2P256V1FieldElement.class DONE
/org/bouncycastle/math/ec/custom/gm/SM2P256V1FieldElement.class starting
/org/bouncycastle/math/ec/custom/gm/SM2P256V1FieldElement.class DONE
/org/bouncycastle/math/ec/custom/gm/SM2P256V1FieldElement.class starting
/org/bouncycastle/math/ec/custom/gm/SM2P256V1FieldElement.class DONE
/org/bouncycastle/math/ec/custom/gm/SM2P256V1FieldElement.class starting
/org/bouncycastle/math/ec/custom/gm/SM2P256V1FieldElement.class DONE
/org/bouncycastle/math/ec/custom/gm/SM2P256V1FieldElement.class starting
/org/bouncycastle/math/ec/custom/gm/SM2P256V1FieldElement.class DONE
/org/bouncycastle/math/ec/custom/gm/SM2P256V1FieldElement.class starting
/org/bouncycastle/math/ec/custom/gm/SM2P256V1FieldElement.class DONE
/org/bouncycastle/math/ec/custom/gm/SM2P256V1FieldElement.class starting
/org/bouncycastle/math/ec/custom/gm/SM2P256V1FieldElement.class DONE
/org/bouncycastle/math/ec/custom/gm/SM2P256V1FieldElement.class starting
/org/bouncycastle/math/ec/custom/gm/SM2P256V1FieldElement.class DONE
/org/bouncycastle/math/ec/custom/gm/SM2P256V1FieldElement.class starting
/org/bouncycastle/math/ec/custom/gm/SM2P256V1FieldElement.class DONE
/org/bouncycastle/math/ec/custom/gm/SM2P256V1FieldElement.class starting
/org/bouncycastle/math/ec/custom/gm/SM2P256V1FieldElement.class DONE
/org/bouncycastle/math/ec/custom/gm/SM2P256V1FieldElement.class starting
/org/bouncycastle/math/ec/custom/gm/SM2P256V1FieldElement.class DONE
/org/bouncycastle/math/ec/custom/gm/SM2P256V1FieldElement.class starting
/org/bouncycastle/math/ec/custom/gm/SM2P256V1FieldElement.class DONE
/org/bouncycastle/math/ec/custom/gm/SM2P256V1FieldElement.class starting
/org/bouncycastle/math/ec/custom/gm/SM2P256V1FieldElement.class DONE
/org/bouncycastle/math/ec/custom/gm/SM2P256V1FieldElement.class starting
/org/bouncycastle/math/ec/custom/gm/SM2P256V1FieldElement.class DONE
/org/bouncycastle/math/ec/custom/gm/SM2P256V1FieldElement.class starting
/org/bouncycastle/math/ec/custom/gm/SM2P256V1FieldElement.class DONE
/org/bouncycastle/math/ec/custom/gm/SM2P256V1FieldElement.class starting
/org/bouncycastle/math/ec/custom/gm/SM2P256V1FieldElement.class DONE
/org/bouncycastle/math/ec/custom/gm/SM2P256V1FieldElement.class starting
/org/bouncycastle/math/ec/custom/gm/SM2P256V1FieldElement.class DONE
/org/bouncycastle/math/ec/custom/gm/SM2P256V1FieldElement.class starting
/org/bouncycastle/math/ec/custom/gm/SM2P256V1FieldElement.class DONE
/org/bouncycastle/math/ec/custom/gm/SM2P256V1FieldElement.class starting
/org/bouncycastle/math/ec/custom/gm/SM2P256V1FieldElement.class DONE
/org/bouncycastle/math/ec/custom/gm/SM2P256V1FieldElement.class starting
/org/bouncycastle/math/ec/custom/gm/SM2P256V1FieldElement.class DONE
/org/bouncycastle/math/ec/custom/gm/SM2P256V1FieldElement.class starting
/org/bouncycastle/math/ec/custom/gm/SM2P256V1FieldElement.class DONE
/org/bouncycastle/math/ec/custom/gm/SM2P256V1FieldElement.class starting
/org/bouncycastle/math/ec/custom/gm/SM2P256V1FieldElement.class DONE
/org/bouncycastle/math/ec/custom/gm/SM2P256V1FieldElement.class starting
/org/bouncycastle/math/ec/custom/gm/SM2P256V1FieldElement.class DONE
/org/bouncycastle/math/ec/custom/gm/SM2P256V1FieldElement.class starting
/org/bouncycastle/math/ec/custom/gm/SM2P256V1FieldElement.class DONE
/org/bouncycastle/math/ec/custom/gm/SM2P256V1FieldElement.class starting
/org/bouncycastle/math/ec/custom/gm/SM2P256V1FieldElement.class DONE
/org/bouncycastle/math/ec/custom/gm/SM2P256V1FieldElement.class starting
/org/bouncycastle/math/ec/custom/gm/SM2P256V1FieldElement.class DONE
/org/bouncycastle/math/ec/custom/gm/SM2P256V1FieldElement.class starting
/org/bouncycastle/math/ec/custom/gm/SM2P256V1FieldElement.class DONE
/org/bouncycastle/math/ec/custom/gm/SM2P256V1FieldElement.class starting
/org/bouncycastle/math/ec/custom/gm/SM2P256V1FieldElement.class DONE
/org/bouncycastle/math/ec/custom/gm/SM2P256V1FieldElement.class starting
/org/bouncycastle/math/ec/custom/gm/SM2P256V1FieldElement.class DONE
/org/bouncycastle/math/ec/custom/gm/SM2P256V1FieldElement.class starting
/org/bouncycastle/math/ec/custom/gm/SM2P256V1FieldElement.class DONE
/org/bouncycastle/math/ec/custom/gm/SM2P256V1FieldElement.class starting
/org/bouncycastle/math/ec/custom/gm/SM2P256V1FieldElement.class DONE
/org/bouncycastle/math/ec/custom/gm/SM2P256V1FieldElement.class starting
/org/bouncycastle/math/ec/custom/gm/SM2P256V1FieldElement.class DONE
/org/bouncycastle/math/ec/custom/gm/SM2P256V1FieldElement.class starting
/org/bouncycastle/math/ec/custom/gm/SM2P256V1FieldElement.class DONE
/org/bouncycastle/math/ec/custom/gm/SM2P256V1FieldElement.class starting
/org/bouncycastle/math/ec/custom/gm/SM2P256V1FieldElement.class DONE
/org/bouncycastle/math/ec/custom/gm/SM2P256V1FieldElement.class starting
/org/bouncycastle/math/ec/custom/gm/SM2P256V1FieldElement.class DONE
/org/bouncycastle/math/ec/custom/gm/SM2P256V1FieldElement.class starting
/org/bouncycastle/math/ec/custom/gm/SM2P256V1FieldElement.class DONE
/org/bouncycastle/math/ec/custom/gm/SM2P256V1FieldElement.class starting
/org/bouncycastle/math/ec/custom/gm/SM2P256V1FieldElement.class DONE
/org/bouncycastle/math/ec/custom/gm/SM2P256V1FieldElement.class starting
/org/bouncycastle/math/ec/custom/gm/SM2P256V1FieldElement.class DONE
/org/bouncycastle/math/ec/custom/gm/SM2P256V1FieldElement.class starting
/org/bouncycastle/math/ec/custom/gm/SM2P256V1FieldElement.class DONE
/org/bouncycastle/math/ec/custom/gm/SM2P256V1FieldElement.class starting
/org/bouncycastle/math/ec/custom/gm/SM2P256V1FieldElement.class DONE
/org/bouncycastle/math/ec/custom/gm/SM2P256V1FieldElement.class starting
/org/bouncycastle/math/ec/custom/gm/SM2P256V1FieldElement.class DONE
/org/bouncycastle/math/ec/custom/gm/SM2P256V1FieldElement.class starting
/org/bouncycastle/math/ec/custom/gm/SM2P256V1FieldElement.class DONE
/org/bouncycastle/math/ec/custom/gm/SM2P256V1FieldElement.class starting
/org/bouncycastle/math/ec/custom/gm/SM2P256V1FieldElement.class DONE
/org/bouncycastle/math/ec/custom/gm/SM2P256V1FieldElement.class starting
/org/bouncycastle/math/ec/custom/gm/SM2P256V1FieldElement.class DONE
/org/bouncycastle/math/ec/custom/gm/SM2P256V1FieldElement.class starting
/org/bouncycastle/math/ec/custom/gm/SM2P256V1FieldElement.class DONE
/org/bouncycastle/math/ec/custom/gm/SM2P256V1FieldElement.class starting
/org/bouncycastle/math/ec/custom/gm/SM2P256V1FieldElement.class DONE
/org/bouncycastle/math/ec/custom/gm/SM2P256V1FieldElement.class starting
/org/bouncycastle/math/ec/custom/gm/SM2P256V1FieldElement.class DONE
/org/bouncycastle/math/ec/custom/gm/SM2P256V1FieldElement.class starting
/org/bouncycastle/math/ec/custom/gm/SM2P256V1FieldElement.class DONE
/org/bouncycastle/math/ec/custom/gm/SM2P256V1FieldElement.class starting
/org/bouncycastle/math/ec/custom/gm/SM2P256V1FieldElement.class DONE
/org/bouncycastle/math/ec/custom/gm/SM2P256V1FieldElement.class starting
/org/bouncycastle/math/ec/custom/gm/SM2P256V1FieldElement.class DONE
/org/bouncycastle/math/ec/custom/gm/SM2P256V1FieldElement.class starting
/org/bouncycastle/math/ec/custom/gm/SM2P256V1FieldElement.class DONE
/org/bouncycastle/math/ec/custom/gm/SM2P256V1FieldElement.class starting
/org/bouncycastle/math/ec/custom/gm/SM2P256V1FieldElement.class DONE
/org/bouncycastle/math/ec/custom/gm/SM2P256V1FieldElement.class starting
/org/bouncycastle/math/ec/custom/gm/SM2P256V1FieldElement.class DONE
/org/bouncycastle/math/ec/custom/gm/SM2P256V1FieldElement.class starting
/org/bouncycastle/math/ec/custom/gm/SM2P256V1FieldElement.class DONE
/org/bouncycastle/math/ec/custom/gm/SM2P256V1FieldElement.class starting
/org/bouncycastle/math/ec/custom/gm/SM2P256V1FieldElement.class DONE
/org/bouncycastle/math/ec/custom/gm/SM2P256V1FieldElement.class starting
/org/bouncycastle/math/ec/custom/gm/SM2P256V1FieldElement.class DONE
/org/bouncycastle/math/ec/custom/gm/SM2P256V1FieldElement.class starting
/org/bouncycastle/math/ec/custom/gm/SM2P256V1FieldElement.class DONE
/org/bouncycastle/math/ec/custom/gm/SM2P256V1FieldElement.class starting
/org/bouncycastle/math/ec/custom/gm/SM2P256V1FieldElement.class DONE
/org/bouncycastle/math/ec/custom/gm/SM2P256V1FieldElement.class starting
/org/bouncycastle/math/ec/custom/gm/SM2P256V1FieldElement.class DONE
/org/bouncycastle/math/ec/custom/gm/SM2P256V1FieldElement.class starting
/org/bouncycastle/math/ec/custom/gm/SM2P256V1FieldElement.class DONE
/org/bouncycastle/math/ec/custom/gm/SM2P256V1FieldElement.class starting
/org/bouncycastle/math/ec/custom/gm/SM2P256V1FieldElement.class DONE
/org/bouncycastle/math/ec/custom/gm/SM2P256V1FieldElement.class starting
/org/bouncycastle/math/ec/custom/gm/SM2P256V1FieldElement.class DONE
/org/bouncycastle/math/ec/custom/gm/SM2P256V1FieldElement.class starting
/org/bouncycastle/math/ec/custom/gm/SM2P256V1FieldElement.class DONE
/org/bouncycastle/math/ec/custom/gm/SM2P256V1FieldElement.class starting
/org/bouncycastle/math/ec/custom/gm/SM2P256V1FieldElement.class DONE
/org/bouncycastle/math/ec/custom/gm/SM2P256V1FieldElement.class starting
/org/bouncycastle/math/ec/custom/gm/SM2P256V1FieldElement.class DONE
/org/bouncycastle/math/ec/custom/gm/SM2P256V1FieldElement.class starting
/org/bouncycastle/math/ec/custom/gm/SM2P256V1FieldElement.class DONE
/org/bouncycastle/math/ec/custom/gm/SM2P256V1FieldElement.class starting
/org/bouncycastle/math/ec/custom/gm/SM2P256V1FieldElement.class DONE
/org/bouncycastle/math/ec/custom/gm/SM2P256V1FieldElement.class starting
/org/bouncycastle/math/ec/custom/gm/SM2P256V1FieldElement.class DONE
/org/bouncycastle/math/ec/custom/gm/SM2P256V1FieldElement.class starting
/org/bouncycastle/math/ec/custom/gm/SM2P256V1FieldElement.class DONE
/org/bouncycastle/math/ec/custom/gm/SM2P256V1FieldElement.class starting
/org/bouncycastle/math/ec/custom/gm/SM2P256V1FieldElement.class DONE
/org/bouncycastle/math/ec/custom/gm/SM2P256V1FieldElement.class starting
/org/bouncycastle/math/ec/custom/gm/SM2P256V1FieldElement.class DONE
/org/bouncycastle/math/ec/custom/gm/SM2P256V1FieldElement.class starting
/org/bouncycastle/math/ec/custom/gm/SM2P256V1FieldElement.class DONE
/org/bouncycastle/math/ec/custom/gm/SM2P256V1FieldElement.class starting
/org/bouncycastle/math/ec/custom/gm/SM2P256V1FieldElement.class DONE
/org/bouncycastle/math/ec/custom/gm/SM2P256V1FieldElement.class starting
/org/bouncycastle/math/ec/custom/gm/SM2P256V1FieldElement.class DONE
/org/bouncycastle/math/ec/custom/gm/SM2P256V1FieldElement.class starting
/org/bouncycastle/math/ec/custom/gm/SM2P256V1FieldElement.class DONE
/org/bouncycastle/math/ec/custom/gm/SM2P256V1FieldElement.class starting
/org/bouncycastle/math/ec/custom/gm/SM2P256V1FieldElement.class DONE
/org/bouncycastle/math/ec/custom/gm/SM2P256V1FieldElement.class starting
/org/bouncycastle/math/ec/custom/gm/SM2P256V1FieldElement.class DONE
/org/bouncycastle/math/ec/custom/gm/SM2P256V1FieldElement.class starting
/org/bouncycastle/math/ec/custom/gm/SM2P256V1FieldElement.class DONE
/org/bouncycastle/math/ec/custom/gm/SM2P256V1FieldElement.class starting
/org/bouncycastle/math/ec/custom/gm/SM2P256V1FieldElement.class DONE
/org/bouncycastle/math/ec/custom/gm/SM2P256V1FieldElement.class starting
/org/bouncycastle/math/ec/custom/gm/SM2P256V1FieldElement.class DONE
/org/bouncycastle/math/ec/custom/gm/SM2P256V1FieldElement.class starting
/org/bouncycastle/math/ec/custom/gm/SM2P256V1FieldElement.class DONE
/org/bouncycastle/math/ec/custom/gm/SM2P256V1FieldElement.class starting
/org/bouncycastle/math/ec/custom/gm/SM2P256V1FieldElement.class DONE
/org/bouncycastle/math/ec/custom/gm/SM2P256V1FieldElement.class starting
/org/bouncycastle/math/ec/custom/gm/SM2P256V1FieldElement.class DONE
/org/bouncycastle/math/ec/custom/gm/SM2P256V1FieldElement.class starting
/org/bouncycastle/math/ec/custom/gm/SM2P256V1FieldElement.class DONE
/org/bouncycastle/math/ec/custom/gm/SM2P256V1FieldElement.class starting
/org/bouncycastle/math/ec/custom/gm/SM2P256V1FieldElement.class DONE
/org/bouncycastle/math/ec/custom/gm/SM2P256V1FieldElement.class starting
/org/bouncycastle/math/ec/custom/gm/SM2P256V1FieldElement.class DONE
/org/bouncycastle/math/ec/custom/gm/SM2P256V1FieldElement.class starting
/org/bouncycastle/math/ec/custom/gm/SM2P256V1FieldElement.class DONE
/org/bouncycastle/math/ec/custom/gm/SM2P256V1FieldElement.class starting
/org/bouncycastle/math/ec/custom/gm/SM2P256V1FieldElement.class DONE
/org/bouncycastle/math/ec/custom/gm/SM2P256V1FieldElement.class starting
/org/bouncycastle/math/ec/custom/gm/SM2P256V1FieldElement.class DONE
/org/bouncycastle/math/ec/custom/gm/SM2P256V1FieldElement.class starting
/org/bouncycastle/math/ec/custom/gm/SM2P256V1FieldElement.class DONE
/org/bouncycastle/math/ec/custom/gm/SM2P256V1FieldElement.class starting
/org/bouncycastle/math/ec/custom/gm/SM2P256V1FieldElement.class DONE
/org/bouncycastle/math/ec/custom/gm/SM2P256V1FieldElement.class starting
/org/bouncycastle/math/ec/custom/gm/SM2P256V1FieldElement.class DONE
/org/bouncycastle/math/ec/custom/gm/SM2P256V1FieldElement.class starting
/org/bouncycastle/math/ec/custom/gm/SM2P256V1FieldElement.class DONE
/org/bouncycastle/math/ec/custom/gm/SM2P256V1FieldElement.class starting
/org/bouncycastle/math/ec/custom/gm/SM2P256V1FieldElement.class DONE
/org/bouncycastle/math/ec/custom/gm/SM2P256V1FieldElement.class starting
/org/bouncycastle/math/ec/custom/gm/SM2P256V1FieldElement.class DONE
/org/bouncycastle/math/ec/custom/gm/SM2P256V1FieldElement.class starting
/org/bouncycastle/math/ec/custom/gm/SM2P256V1FieldElement.class DONE
/org/bouncycastle/math/ec/custom/gm/SM2P256V1FieldElement.class starting
/org/bouncycastle/math/ec/custom/gm/SM2P256V1FieldElement.class DONE
/org/bouncycastle/math/ec/custom/gm/SM2P256V1FieldElement.class starting
/org/bouncycastle/math/ec/custom/gm/SM2P256V1FieldElement.class DONE
/org/bouncycastle/math/ec/custom/gm/SM2P256V1FieldElement.class starting
/org/bouncycastle/math/ec/custom/gm/SM2P256V1FieldElement.class DONE
/org/bouncycastle/math/ec/custom/gm/SM2P256V1FieldElement.class starting
/org/bouncycastle/math/ec/custom/gm/SM2P256V1FieldElement.class DONE
/org/bouncycastle/math/ec/custom/gm/SM2P256V1FieldElement.class starting
/org/bouncycastle/math/ec/custom/gm/SM2P256V1FieldElement.class DONE
/org/bouncycastle/math/ec/custom/gm/SM2P256V1FieldElement.class starting
/org/bouncycastle/math/ec/custom/gm/SM2P256V1FieldElement.class DONE
/org/bouncycastle/math/ec/custom/gm/SM2P256V1FieldElement.class starting
/org/bouncycastle/math/ec/custom/gm/SM2P256V1FieldElement.class DONE
/org/bouncycastle/math/ec/custom/gm/SM2P256V1FieldElement.class starting
/org/bouncycastle/math/ec/custom/gm/SM2P256V1FieldElement.class DONE
/org/bouncycastle/math/ec/custom/gm/SM2P256V1FieldElement.class starting
/org/bouncycastle/math/ec/custom/gm/SM2P256V1FieldElement.class DONE
/org/bouncycastle/math/ec/custom/gm/SM2P256V1FieldElement.class starting
/org/bouncycastle/math/ec/custom/gm/SM2P256V1FieldElement.class DONE
/org/bouncycastle/math/ec/custom/gm/SM2P256V1FieldElement.class starting
/org/bouncycastle/math/ec/custom/gm/SM2P256V1FieldElement.class DONE
/org/bouncycastle/math/ec/custom/gm/SM2P256V1FieldElement.class starting
/org/bouncycastle/math/ec/custom/gm/SM2P256V1FieldElement.class DONE
/org/bouncycastle/math/ec/custom/gm/SM2P256V1FieldElement.class starting
/org/bouncycastle/math/ec/custom/gm/SM2P256V1FieldElement.class DONE
/org/bouncycastle/math/ec/custom/gm/SM2P256V1FieldElement.class starting
/org/bouncycastle/math/ec/custom/gm/SM2P256V1FieldElement.class DONE
/org/bouncycastle/math/ec/custom/gm/SM2P256V1FieldElement.class starting
/org/bouncycastle/math/ec/custom/gm/SM2P256V1FieldElement.class DONE
/org/bouncycastle/math/ec/custom/gm/SM2P256V1FieldElement.class starting
/org/bouncycastle/math/ec/custom/gm/SM2P256V1FieldElement.class DONE
/org/bouncycastle/math/ec/custom/gm/SM2P256V1FieldElement.class starting
/org/bouncycastle/math/ec/custom/gm/SM2P256V1FieldElement.class DONE
/org/bouncycastle/math/ec/custom/gm/SM2P256V1FieldElement.class starting
/org/bouncycastle/math/ec/custom/gm/SM2P256V1FieldElement.class DONE
/org/bouncycastle/math/ec/custom/gm/SM2P256V1FieldElement.class starting
/org/bouncycastle/math/ec/custom/gm/SM2P256V1FieldElement.class DONE
/org/bouncycastle/math/ec/custom/gm/SM2P256V1FieldElement.class starting
/org/bouncycastle/math/ec/custom/gm/SM2P256V1FieldElement.class DONE
/org/bouncycastle/math/ec/custom/gm/SM2P256V1FieldElement.class starting
/org/bouncycastle/math/ec/custom/gm/SM2P256V1FieldElement.class DONE
/org/bouncycastle/math/ec/custom/gm/SM2P256V1FieldElement.class starting
/org/bouncycastle/math/ec/custom/gm/SM2P256V1FieldElement.class DONE
/org/bouncycastle/math/ec/custom/gm/SM2P256V1FieldElement.class starting
/org/bouncycastle/math/ec/custom/gm/SM2P256V1FieldElement.class DONE
/org/bouncycastle/math/ec/custom/gm/SM2P256V1FieldElement.class starting
/org/bouncycastle/math/ec/custom/gm/SM2P256V1FieldElement.class DONE
/org/bouncycastle/math/ec/custom/gm/SM2P256V1FieldElement.class starting
/org/bouncycastle/math/ec/custom/gm/SM2P256V1FieldElement.class DONE
/org/bouncycastle/math/ec/custom/gm/SM2P256V1FieldElement.class starting
/org/bouncycastle/math/ec/custom/gm/SM2P256V1FieldElement.class DONE
/org/bouncycastle/math/ec/custom/gm/SM2P256V1FieldElement.class starting
/org/bouncycastle/math/ec/custom/gm/SM2P256V1FieldElement.class DONE
/org/bouncycastle/math/ec/custom/gm/SM2P256V1FieldElement.class starting
/org/bouncycastle/math/ec/custom/gm/SM2P256V1FieldElement.class DONE
/org/bouncycastle/math/ec/custom/gm/SM2P256V1FieldElement.class starting
/org/bouncycastle/math/ec/custom/gm/SM2P256V1FieldElement.class DONE
/org/bouncycastle/math/ec/custom/gm/SM2P256V1FieldElement.class starting
/org/bouncycastle/math/ec/custom/gm/SM2P256V1FieldElement.class DONE
/org/bouncycastle/math/ec/custom/gm/SM2P256V1FieldElement.class starting
/org/bouncycastle/math/ec/custom/gm/SM2P256V1FieldElement.class DONE
/org/bouncycastle/math/ec/custom/gm/SM2P256V1FieldElement.class starting
/org/bouncycastle/math/ec/custom/gm/SM2P256V1FieldElement.class DONE
/org/bouncycastle/math/ec/custom/gm/SM2P256V1FieldElement.class starting
/org/bouncycastle/math/ec/custom/gm/SM2P256V1FieldElement.class DONE
/org/bouncycastle/math/ec/custom/gm/SM2P256V1FieldElement.class starting
/org/bouncycastle/math/ec/custom/gm/SM2P256V1FieldElement.class DONE
/org/bouncycastle/math/ec/custom/gm/SM2P256V1FieldElement.class starting
/org/bouncycastle/math/ec/custom/gm/SM2P256V1FieldElement.class DONE
/org/bouncycastle/math/ec/custom/gm/SM2P256V1FieldElement.class starting
/org/bouncycastle/math/ec/custom/gm/SM2P256V1FieldElement.class DONE
/org/bouncycastle/math/ec/custom/gm/SM2P256V1FieldElement.class starting
/org/bouncycastle/math/ec/custom/gm/SM2P256V1FieldElement.class DONE
/org/bouncycastle/math/ec/custom/gm/SM2P256V1FieldElement.class starting
/org/bouncycastle/math/ec/custom/gm/SM2P256V1FieldElement.class DONE
/org/bouncycastle/math/ec/custom/gm/SM2P256V1FieldElement.class starting
/org/bouncycastle/math/ec/custom/gm/SM2P256V1FieldElement.class DONE
/org/bouncycastle/math/ec/custom/gm/SM2P256V1FieldElement.class starting
/org/bouncycastle/math/ec/custom/gm/SM2P256V1FieldElement.class DONE
/org/bouncycastle/math/ec/custom/gm/SM2P256V1FieldElement.class starting
/org/bouncycastle/math/ec/custom/gm/SM2P256V1FieldElement.class DONE
/org/bouncycastle/math/ec/custom/gm/SM2P256V1FieldElement.class starting
/org/bouncycastle/math/ec/custom/gm/SM2P256V1FieldElement.class DONE
/org/bouncycastle/math/ec/custom/gm/SM2P256V1FieldElement.class starting
/org/bouncycastle/math/ec/custom/gm/SM2P256V1FieldElement.class DONE
/org/bouncycastle/math/ec/custom/gm/SM2P256V1FieldElement.class starting
/org/bouncycastle/math/ec/custom/gm/SM2P256V1FieldElement.class DONE
/org/bouncycastle/math/ec/custom/gm/SM2P256V1FieldElement.class starting
/org/bouncycastle/math/ec/custom/gm/SM2P256V1FieldElement.class DONE
/org/bouncycastle/math/ec/custom/gm/SM2P256V1FieldElement.class starting
/org/bouncycastle/math/ec/custom/gm/SM2P256V1FieldElement.class DONE
/org/bouncycastle/math/ec/custom/gm/SM2P256V1FieldElement.class starting
/org/bouncycastle/math/ec/custom/gm/SM2P256V1FieldElement.class DONE
/org/bouncycastle/math/ec/custom/gm/SM2P256V1FieldElement.class starting
/org/bouncycastle/math/ec/custom/gm/SM2P256V1FieldElement.class DONE
/org/bouncycastle/math/ec/custom/gm/SM2P256V1FieldElement.class starting
/org/bouncycastle/math/ec/custom/gm/SM2P256V1FieldElement.class DONE
/org/bouncycastle/math/ec/custom/gm/SM2P256V1FieldElement.class starting
/org/bouncycastle/math/ec/custom/gm/SM2P256V1FieldElement.class DONE
/org/bouncycastle/math/ec/custom/gm/SM2P256V1FieldElement.class starting
/org/bouncycastle/math/ec/custom/gm/SM2P256V1FieldElement.class DONE
/org/bouncycastle/math/ec/custom/gm/SM2P256V1FieldElement.class starting
/org/bouncycastle/math/ec/custom/gm/SM2P256V1FieldElement.class DONE
/org/bouncycastle/math/ec/custom/gm/SM2P256V1FieldElement.class starting
/org/bouncycastle/math/ec/custom/gm/SM2P256V1FieldElement.class DONE
/org/bouncycastle/math/ec/custom/gm/SM2P256V1FieldElement.class starting
/org/bouncycastle/math/ec/custom/gm/SM2P256V1FieldElement.class DONE
/org/bouncycastle/math/ec/custom/gm/SM2P256V1FieldElement.class starting
/org/bouncycastle/math/ec/custom/gm/SM2P256V1FieldElement.class DONE
/org/bouncycastle/math/ec/custom/gm/SM2P256V1FieldElement.class starting
/org/bouncycastle/math/ec/custom/gm/SM2P256V1FieldElement.class DONE
/org/bouncycastle/math/ec/custom/gm/SM2P256V1FieldElement.class starting
/org/bouncycastle/math/ec/custom/gm/SM2P256V1FieldElement.class DONE
/org/bouncycastle/math/ec/custom/gm/SM2P256V1FieldElement.class starting
/org/bouncycastle/math/ec/custom/gm/SM2P256V1FieldElement.class DONE
/org/bouncycastle/math/ec/custom/gm/SM2P256V1FieldElement.class starting
/org/bouncycastle/math/ec/custom/gm/SM2P256V1FieldElement.class DONE
/org/bouncycastle/math/ec/custom/gm/SM2P256V1FieldElement.class starting
/org/bouncycastle/math/ec/custom/gm/SM2P256V1FieldElement.class DONE
/org/bouncycastle/math/ec/custom/gm/SM2P256V1FieldElement.class starting
/org/bouncycastle/math/ec/custom/gm/SM2P256V1FieldElement.class DONE
/org/bouncycastle/math/ec/custom/gm/SM2P256V1FieldElement.class starting
/org/bouncycastle/math/ec/custom/gm/SM2P256V1FieldElement.class DONE
/org/bouncycastle/math/ec/custom/gm/SM2P256V1FieldElement.class starting
/org/bouncycastle/math/ec/custom/gm/SM2P256V1FieldElement.class DONE
/org/bouncycastle/math/ec/custom/gm/SM2P256V1FieldElement.class starting
/org/bouncycastle/math/ec/custom/gm/SM2P256V1FieldElement.class DONE
/org/bouncycastle/math/ec/custom/gm/SM2P256V1FieldElement.class starting
/org/bouncycastle/math/ec/custom/gm/SM2P256V1FieldElement.class DONE
/org/bouncycastle/math/ec/custom/gm/SM2P256V1FieldElement.class starting
/org/bouncycastle/math/ec/custom/gm/SM2P256V1FieldElement.class DONE
/org/bouncycastle/math/ec/custom/gm/SM2P256V1FieldElement.class starting
/org/bouncycastle/math/ec/custom/gm/SM2P256V1FieldElement.class DONE
/org/bouncycastle/math/ec/custom/gm/SM2P256V1FieldElement.class starting
/org/bouncycastle/math/ec/custom/gm/SM2P256V1FieldElement.class DONE
/org/bouncycastle/math/ec/custom/gm/SM2P256V1FieldElement.class starting
/org/bouncycastle/math/ec/custom/gm/SM2P256V1FieldElement.class DONE
/org/bouncycastle/math/ec/custom/gm/SM2P256V1FieldElement.class starting
/org/bouncycastle/math/ec/custom/gm/SM2P256V1FieldElement.class DONE
/org/bouncycastle/math/ec/custom/gm/SM2P256V1FieldElement.class starting
/org/bouncycastle/math/ec/custom/gm/SM2P256V1FieldElement.class DONE
/org/bouncycastle/math/ec/custom/gm/SM2P256V1FieldElement.class starting
/org/bouncycastle/math/ec/custom/gm/SM2P256V1FieldElement.class DONE
/org/bouncycastle/math/ec/custom/gm/SM2P256V1FieldElement.class starting
/org/bouncycastle/math/ec/custom/gm/SM2P256V1FieldElement.class DONE
/org/bouncycastle/math/ec/custom/gm/SM2P256V1FieldElement.class starting
/org/bouncycastle/math/ec/custom/gm/SM2P256V1FieldElement.class DONE
/org/bouncycastle/math/ec/custom/gm/SM2P256V1FieldElement.class starting
/org/bouncycastle/math/ec/custom/gm/SM2P256V1FieldElement.class DONE
/org/bouncycastle/math/ec/custom/gm/SM2P256V1FieldElement.class starting
/org/bouncycastle/math/ec/custom/gm/SM2P256V1FieldElement.class DONE
/org/bouncycastle/math/ec/custom/gm/SM2P256V1FieldElement.class starting
/org/bouncycastle/math/ec/custom/gm/SM2P256V1FieldElement.class DONE
/org/bouncycastle/math/ec/custom/gm/SM2P256V1FieldElement.class starting
/org/bouncycastle/math/ec/custom/gm/SM2P256V1FieldElement.class DONE
/org/bouncycastle/math/ec/custom/gm/SM2P256V1FieldElement.class starting
/org/bouncycastle/math/ec/custom/gm/SM2P256V1FieldElement.class DONE
/org/bouncycastle/math/ec/custom/gm/SM2P256V1FieldElement.class starting
/org/bouncycastle/math/ec/custom/gm/SM2P256V1FieldElement.class DONE
/org/bouncycastle/math/ec/custom/gm/SM2P256V1FieldElement.class starting
/org/bouncycastle/math/ec/custom/gm/SM2P256V1FieldElement.class DONE
/org/bouncycastle/math/ec/custom/gm/SM2P256V1FieldElement.class starting
/org/bouncycastle/math/ec/custom/gm/SM2P256V1FieldElement.class DONE
/org/bouncycastle/math/ec/custom/gm/SM2P256V1FieldElement.class starting
/org/bouncycastle/math/ec/custom/gm/SM2P256V1FieldElement.class DONE
/org/bouncycastle/math/ec/custom/gm/SM2P256V1FieldElement.class starting
/org/bouncycastle/math/ec/custom/gm/SM2P256V1FieldElement.class DONE
/org/bouncycastle/math/ec/custom/gm/SM2P256V1FieldElement.class starting
/org/bouncycastle/math/ec/custom/gm/SM2P256V1FieldElement.class DONE
/org/bouncycastle/math/ec/custom/gm/SM2P256V1FieldElement.class starting
/org/bouncycastle/math/ec/custom/gm/SM2P256V1FieldElement.class DONE
/org/bouncycastle/math/ec/custom/gm/SM2P256V1FieldElement.class starting
/org/bouncycastle/math/ec/custom/gm/SM2P256V1FieldElement.class DONE
/org/bouncycastle/math/ec/custom/gm/SM2P256V1FieldElement.class starting
/org/bouncycastle/math/ec/custom/gm/SM2P256V1FieldElement.class DONE
/org/bouncycastle/math/ec/custom/gm/SM2P256V1FieldElement.class starting
/org/bouncycastle/math/ec/custom/gm/SM2P256V1FieldElement.class DONE
/org/bouncycastle/math/ec/custom/gm/SM2P256V1FieldElement.class starting
/org/bouncycastle/math/ec/custom/gm/SM2P256V1FieldElement.class DONE
/org/bouncycastle/math/ec/custom/gm/SM2P256V1FieldElement.class starting
/org/bouncycastle/math/ec/custom/gm/SM2P256V1FieldElement.class DONE
/org/bouncycastle/math/ec/custom/gm/SM2P256V1FieldElement.class starting
/org/bouncycastle/math/ec/custom/gm/SM2P256V1FieldElement.class DONE
/org/bouncycastle/math/ec/custom/gm/SM2P256V1FieldElement.class starting
/org/bouncycastle/math/ec/custom/gm/SM2P256V1FieldElement.class DONE
/org/bouncycastle/math/ec/custom/gm/SM2P256V1FieldElement.class starting
/org/bouncycastle/math/ec/custom/gm/SM2P256V1FieldElement.class DONE
/org/bouncycastle/math/ec/custom/gm/SM2P256V1FieldElement.class starting
/org/bouncycastle/math/ec/custom/gm/SM2P256V1FieldElement.class DONE
/org/bouncycastle/math/ec/custom/gm/SM2P256V1FieldElement.class starting
/org/bouncycastle/math/ec/custom/gm/SM2P256V1FieldElement.class DONE
/org/bouncycastle/math/ec/custom/gm/SM2P256V1FieldElement.class starting
/org/bouncycastle/math/ec/custom/gm/SM2P256V1FieldElement.class DONE
/org/bouncycastle/math/ec/custom/gm/SM2P256V1FieldElement.class starting
/org/bouncycastle/math/ec/custom/gm/SM2P256V1FieldElement.class DONE
/org/bouncycastle/math/ec/custom/gm/SM2P256V1FieldElement.class starting
/org/bouncycastle/math/ec/custom/gm/SM2P256V1FieldElement.class DONE
/org/bouncycastle/math/ec/custom/gm/SM2P256V1FieldElement.class starting
/org/bouncycastle/math/ec/custom/gm/SM2P256V1FieldElement.class DONE
/org/bouncycastle/math/ec/custom/gm/SM2P256V1FieldElement.class starting
/org/bouncycastle/math/ec/custom/gm/SM2P256V1FieldElement.class DONE
/org/bouncycastle/math/ec/custom/gm/SM2P256V1FieldElement.class starting
/org/bouncycastle/math/ec/custom/gm/SM2P256V1FieldElement.class DONE
/org/bouncycastle/math/ec/custom/gm/SM2P256V1FieldElement.class starting
/org/bouncycastle/math/ec/custom/gm/SM2P256V1FieldElement.class DONE
/org/bouncycastle/math/ec/custom/gm/SM2P256V1FieldElement.class starting
/org/bouncycastle/math/ec/custom/gm/SM2P256V1FieldElement.class DONE
/org/bouncycastle/math/ec/custom/gm/SM2P256V1FieldElement.class starting
/org/bouncycastle/math/ec/custom/gm/SM2P256V1FieldElement.class DONE
/org/bouncycastle/math/ec/custom/gm/SM2P256V1FieldElement.class starting
/org/bouncycastle/math/ec/custom/gm/SM2P256V1FieldElement.class DONE
/org/bouncycastle/math/ec/custom/gm/SM2P256V1FieldElement.class starting
/org/bouncycastle/math/ec/custom/gm/SM2P256V1FieldElement.class DONE
/org/bouncycastle/math/ec/custom/gm/SM2P256V1FieldElement.class starting
/org/bouncycastle/math/ec/custom/gm/SM2P256V1FieldElement.class DONE
/org/bouncycastle/math/ec/custom/gm/SM2P256V1FieldElement.class starting
/org/bouncycastle/math/ec/custom/gm/SM2P256V1FieldElement.class DONE
/org/bouncycastle/math/ec/custom/gm/SM2P256V1FieldElement.class starting
/org/bouncycastle/math/ec/custom/gm/SM2P256V1FieldElement.class DONE
/org/bouncycastle/math/ec/custom/gm/SM2P256V1FieldElement.class starting
/org/bouncycastle/math/ec/custom/gm/SM2P256V1FieldElement.class DONE
/org/bouncycastle/math/ec/custom/gm/SM2P256V1FieldElement.class starting
/org/bouncycastle/math/ec/custom/gm/SM2P256V1FieldElement.class DONE
/org/bouncycastle/math/ec/custom/gm/SM2P256V1FieldElement.class starting
/org/bouncycastle/math/ec/custom/gm/SM2P256V1FieldElement.class DONE
/org/bouncycastle/math/ec/custom/gm/SM2P256V1FieldElement.class starting
/org/bouncycastle/math/ec/custom/gm/SM2P256V1FieldElement.class DONE
/org/bouncycastle/math/ec/custom/gm/SM2P256V1FieldElement.class starting
/org/bouncycastle/math/ec/custom/gm/SM2P256V1FieldElement.class DONE
/org/bouncycastle/math/ec/custom/gm/SM2P256V1FieldElement.class starting
/org/bouncycastle/math/ec/custom/gm/SM2P256V1FieldElement.class DONE
/org/bouncycastle/math/ec/custom/gm/SM2P256V1FieldElement.class starting
/org/bouncycastle/math/ec/custom/gm/SM2P256V1FieldElement.class DONE
/org/bouncycastle/math/ec/custom/gm/SM2P256V1FieldElement.class starting
/org/bouncycastle/math/ec/custom/gm/SM2P256V1FieldElement.class DONE
/org/bouncycastle/math/ec/custom/gm/SM2P256V1FieldElement.class starting
/org/bouncycastle/math/ec/custom/gm/SM2P256V1FieldElement.class DONE
/org/bouncycastle/math/ec/custom/gm/SM2P256V1FieldElement.class starting
/org/bouncycastle/math/ec/custom/gm/SM2P256V1FieldElement.class DONE
/org/bouncycastle/math/ec/custom/gm/SM2P256V1FieldElement.class starting
/org/bouncycastle/math/ec/custom/gm/SM2P256V1FieldElement.class DONE
/org/bouncycastle/math/ec/custom/gm/SM2P256V1FieldElement.class starting
/org/bouncycastle/math/ec/custom/gm/SM2P256V1FieldElement.class DONE
/org/bouncycastle/math/ec/custom/gm/SM2P256V1FieldElement.class starting
/org/bouncycastle/math/ec/custom/gm/SM2P256V1FieldElement.class DONE
/org/bouncycastle/math/ec/custom/gm/SM2P256V1FieldElement.class starting
/org/bouncycastle/math/ec/custom/gm/SM2P256V1FieldElement.class DONE
/org/bouncycastle/math/ec/custom/gm/SM2P256V1FieldElement.class starting
/org/bouncycastle/math/ec/custom/gm/SM2P256V1FieldElement.class DONE
/org/bouncycastle/math/ec/custom/gm/SM2P256V1FieldElement.class starting
/org/bouncycastle/math/ec/custom/gm/SM2P256V1FieldElement.class DONE
/org/bouncycastle/math/ec/custom/gm/SM2P256V1FieldElement.class starting
/org/bouncycastle/math/ec/custom/gm/SM2P256V1FieldElement.class DONE
/org/bouncycastle/math/ec/custom/gm/SM2P256V1FieldElement.class starting
/org/bouncycastle/math/ec/custom/gm/SM2P256V1FieldElement.class DONE
/org/bouncycastle/math/ec/custom/gm/SM2P256V1FieldElement.class starting
/org/bouncycastle/math/ec/custom/gm/SM2P256V1FieldElement.class DONE
/org/bouncycastle/math/ec/custom/gm/SM2P256V1FieldElement.class starting
/org/bouncycastle/math/ec/custom/gm/SM2P256V1FieldElement.class DONE
/org/bouncycastle/math/ec/custom/gm/SM2P256V1FieldElement.class starting
/org/bouncycastle/math/ec/custom/gm/SM2P256V1FieldElement.class DONE
/org/bouncycastle/math/ec/custom/gm/SM2P256V1FieldElement.class starting
/org/bouncycastle/math/ec/custom/gm/SM2P256V1FieldElement.class DONE
/org/bouncycastle/math/ec/custom/gm/SM2P256V1FieldElement.class starting
/org/bouncycastle/math/ec/custom/gm/SM2P256V1FieldElement.class DONE
/org/bouncycastle/math/ec/custom/gm/SM2P256V1FieldElement.class starting
/org/bouncycastle/math/ec/custom/gm/SM2P256V1FieldElement.class DONE
/org/bouncycastle/math/ec/custom/gm/SM2P256V1FieldElement.class starting
/org/bouncycastle/math/ec/custom/gm/SM2P256V1FieldElement.class DONE
/org/bouncycastle/math/ec/custom/gm/SM2P256V1FieldElement.class starting
/org/bouncycastle/math/ec/custom/gm/SM2P256V1FieldElement.class DONE
/org/bouncycastle/math/ec/custom/gm/SM2P256V1FieldElement.class starting
/org/bouncycastle/math/ec/custom/gm/SM2P256V1FieldElement.class DONE
/org/bouncycastle/math/ec/custom/gm/SM2P256V1FieldElement.class starting
/org/bouncycastle/math/ec/custom/gm/SM2P256V1FieldElement.class DONE
/org/bouncycastle/math/ec/custom/gm/SM2P256V1FieldElement.class starting
/org/bouncycastle/math/ec/custom/gm/SM2P256V1FieldElement.class DONE
/org/bouncycastle/math/ec/custom/gm/SM2P256V1FieldElement.class starting
/org/bouncycastle/math/ec/custom/gm/SM2P256V1FieldElement.class DONE
/org/bouncycastle/math/ec/custom/gm/SM2P256V1FieldElement.class starting
/org/bouncycastle/math/ec/custom/gm/SM2P256V1FieldElement.class DONE
/org/bouncycastle/math/ec/custom/gm/SM2P256V1FieldElement.class starting
/org/bouncycastle/math/ec/custom/gm/SM2P256V1FieldElement.class DONE
/org/bouncycastle/math/ec/custom/gm/SM2P256V1FieldElement.class starting
/org/bouncycastle/math/ec/custom/gm/SM2P256V1FieldElement.class DONE
/org/bouncycastle/math/ec/custom/gm/SM2P256V1FieldElement.class starting
/org/bouncycastle/math/ec/custom/gm/SM2P256V1FieldElement.class DONE
/org/bouncycastle/math/ec/custom/gm/SM2P256V1FieldElement.class starting
/org/bouncycastle/math/ec/custom/gm/SM2P256V1FieldElement.class DONE
/org/bouncycastle/math/ec/custom/gm/SM2P256V1FieldElement.class starting
/org/bouncycastle/math/ec/custom/gm/SM2P256V1FieldElement.class DONE
/org/bouncycastle/math/ec/custom/gm/SM2P256V1FieldElement.class starting
/org/bouncycastle/math/ec/custom/gm/SM2P256V1FieldElement.class DONE
/org/bouncycastle/math/ec/custom/gm/SM2P256V1FieldElement.class starting
/org/bouncycastle/math/ec/custom/gm/SM2P256V1FieldElement.class DONE
/org/bouncycastle/math/ec/custom/gm/SM2P256V1FieldElement.class starting
/org/bouncycastle/math/ec/custom/gm/SM2P256V1FieldElement.class DONE
/org/bouncycastle/math/ec/custom/gm/SM2P256V1FieldElement.class starting
/org/bouncycastle/math/ec/custom/gm/SM2P256V1FieldElement.class DONE
/org/bouncycastle/math/ec/custom/gm/SM2P256V1FieldElement.class starting
/org/bouncycastle/math/ec/custom/gm/SM2P256V1FieldElement.class DONE
/org/bouncycastle/math/ec/custom/gm/SM2P256V1FieldElement.class starting
/org/bouncycastle/math/ec/custom/gm/SM2P256V1FieldElement.class DONE
/org/bouncycastle/math/ec/custom/gm/SM2P256V1FieldElement.class starting
/org/bouncycastle/math/ec/custom/gm/SM2P256V1FieldElement.class DONE
/org/bouncycastle/math/ec/custom/gm/SM2P256V1FieldElement.class starting
/org/bouncycastle/math/ec/custom/gm/SM2P256V1FieldElement.class DONE
/org/bouncycastle/math/ec/custom/gm/SM2P256V1FieldElement.class starting
/org/bouncycastle/math/ec/custom/gm/SM2P256V1FieldElement.class DONE
/org/bouncycastle/math/ec/custom/gm/SM2P256V1FieldElement.class starting
/org/bouncycastle/math/ec/custom/gm/SM2P256V1FieldElement.class DONE
/org/bouncycastle/math/ec/custom/gm/SM2P256V1FieldElement.class starting
/org/bouncycastle/math/ec/custom/gm/SM2P256V1FieldElement.class DONE
/org/bouncycastle/math/ec/custom/gm/SM2P256V1FieldElement.class starting
/org/bouncycastle/math/ec/custom/gm/SM2P256V1FieldElement.class DONE
/org/bouncycastle/math/ec/custom/gm/SM2P256V1FieldElement.class starting
/org/bouncycastle/math/ec/custom/gm/SM2P256V1FieldElement.class DONE
/org/bouncycastle/math/ec/custom/gm/SM2P256V1FieldElement.class starting
/org/bouncycastle/math/ec/custom/gm/SM2P256V1FieldElement.class DONE
/org/bouncycastle/math/ec/custom/gm/SM2P256V1FieldElement.class starting
/org/bouncycastle/math/ec/custom/gm/SM2P256V1FieldElement.class DONE
/org/bouncycastle/math/ec/custom/gm/SM2P256V1FieldElement.class starting
/org/bouncycastle/math/ec/custom/gm/SM2P256V1FieldElement.class DONE
/org/bouncycastle/math/ec/custom/gm/SM2P256V1FieldElement.class starting
/org/bouncycastle/math/ec/custom/gm/SM2P256V1FieldElement.class DONE
/org/bouncycastle/math/ec/custom/gm/SM2P256V1FieldElement.class starting
/org/bouncycastle/math/ec/custom/gm/SM2P256V1FieldElement.class DONE
/org/bouncycastle/math/ec/custom/gm/SM2P256V1FieldElement.class starting
/org/bouncycastle/math/ec/custom/gm/SM2P256V1FieldElement.class DONE
/org/bouncycastle/math/ec/custom/gm/SM2P256V1FieldElement.class starting
/org/bouncycastle/math/ec/custom/gm/SM2P256V1FieldElement.class DONE
/org/bouncycastle/math/ec/custom/gm/SM2P256V1FieldElement.class starting
/org/bouncycastle/math/ec/custom/gm/SM2P256V1FieldElement.class DONE
/org/bouncycastle/math/ec/custom/gm/SM2P256V1FieldElement.class starting
/org/bouncycastle/math/ec/custom/gm/SM2P256V1FieldElement.class DONE
/org/bouncycastle/math/ec/custom/gm/SM2P256V1FieldElement.class starting
/org/bouncycastle/math/ec/custom/gm/SM2P256V1FieldElement.class DONE
/org/bouncycastle/math/ec/custom/gm/SM2P256V1FieldElement.class starting
/org/bouncycastle/math/ec/custom/gm/SM2P256V1FieldElement.class DONE
/org/bouncycastle/math/ec/custom/gm/SM2P256V1FieldElement.class starting
/org/bouncycastle/math/ec/custom/gm/SM2P256V1FieldElement.class DONE
/org/bouncycastle/math/ec/custom/gm/SM2P256V1FieldElement.class starting
/org/bouncycastle/math/ec/custom/gm/SM2P256V1FieldElement.class DONE
/org/bouncycastle/math/ec/custom/gm/SM2P256V1FieldElement.class starting
/org/bouncycastle/math/ec/custom/gm/SM2P256V1FieldElement.class DONE
/org/bouncycastle/math/ec/custom/gm/SM2P256V1FieldElement.class starting
/org/bouncycastle/math/ec/custom/gm/SM2P256V1FieldElement.class DONE
/org/bouncycastle/math/ec/custom/gm/SM2P256V1FieldElement.class starting
/org/bouncycastle/math/ec/custom/gm/SM2P256V1FieldElement.class DONE
/org/bouncycastle/math/ec/custom/gm/SM2P256V1FieldElement.class starting
/org/bouncycastle/math/ec/custom/gm/SM2P256V1FieldElement.class DONE
/org/bouncycastle/math/ec/custom/gm/SM2P256V1FieldElement.class starting
/org/bouncycastle/math/ec/custom/gm/SM2P256V1FieldElement.class DONE
/org/bouncycastle/math/ec/custom/gm/SM2P256V1FieldElement.class starting
/org/bouncycastle/math/ec/custom/gm/SM2P256V1FieldElement.class DONE
/org/bouncycastle/math/ec/custom/gm/SM2P256V1FieldElement.class starting
/org/bouncycastle/math/ec/custom/gm/SM2P256V1FieldElement.class DONE
/org/bouncycastle/math/ec/custom/gm/SM2P256V1FieldElement.class starting
/org/bouncycastle/math/ec/custom/gm/SM2P256V1FieldElement.class DONE
/org/bouncycastle/math/ec/custom/gm/SM2P256V1FieldElement.class starting
/org/bouncycastle/math/ec/custom/gm/SM2P256V1FieldElement.class DONE
/org/bouncycastle/math/ec/custom/gm/SM2P256V1FieldElement.class starting
/org/bouncycastle/math/ec/custom/gm/SM2P256V1FieldElement.class DONE
/org/bouncycastle/math/ec/custom/gm/SM2P256V1FieldElement.class starting
/org/bouncycastle/math/ec/custom/gm/SM2P256V1FieldElement.class DONE
/org/bouncycastle/math/ec/custom/gm/SM2P256V1FieldElement.class starting
/org/bouncycastle/math/ec/custom/gm/SM2P256V1FieldElement.class DONE
/org/bouncycastle/math/ec/custom/gm/SM2P256V1FieldElement.class starting
/org/bouncycastle/math/ec/custom/gm/SM2P256V1FieldElement.class DONE
/org/bouncycastle/math/ec/custom/gm/SM2P256V1FieldElement.class starting
/org/bouncycastle/math/ec/custom/gm/SM2P256V1FieldElement.class DONE
/org/bouncycastle/math/ec/custom/gm/SM2P256V1FieldElement.class starting
/org/bouncycastle/math/ec/custom/gm/SM2P256V1FieldElement.class DONE
/org/bouncycastle/math/ec/custom/gm/SM2P256V1FieldElement.class starting
/org/bouncycastle/math/ec/custom/gm/SM2P256V1FieldElement.class DONE
/org/bouncycastle/math/ec/custom/gm/SM2P256V1FieldElement.class starting
/org/bouncycastle/math/ec/custom/gm/SM2P256V1FieldElement.class DONE
/org/bouncycastle/math/ec/custom/gm/SM2P256V1FieldElement.class starting
/org/bouncycastle/math/ec/custom/gm/SM2P256V1FieldElement.class DONE
/org/bouncycastle/math/ec/custom/gm/SM2P256V1FieldElement.class starting
/org/bouncycastle/math/ec/custom/gm/SM2P256V1FieldElement.class DONE
/org/bouncycastle/math/ec/custom/gm/SM2P256V1FieldElement.class starting
/org/bouncycastle/math/ec/custom/gm/SM2P256V1FieldElement.class DONE
/org/bouncycastle/math/ec/custom/gm/SM2P256V1FieldElement.class starting
/org/bouncycastle/math/ec/custom/gm/SM2P256V1FieldElement.class DONE
/org/bouncycastle/math/ec/custom/gm/SM2P256V1FieldElement.class starting
/org/bouncycastle/math/ec/custom/gm/SM2P256V1FieldElement.class DONE
/org/bouncycastle/math/ec/custom/gm/SM2P256V1FieldElement.class starting
/org/bouncycastle/math/ec/custom/gm/SM2P256V1FieldElement.class DONE
/org/bouncycastle/math/ec/custom/gm/SM2P256V1FieldElement.class starting
/org/bouncycastle/math/ec/custom/gm/SM2P256V1FieldElement.class DONE
/org/bouncycastle/math/ec/custom/gm/SM2P256V1FieldElement.class starting
/org/bouncycastle/math/ec/custom/gm/SM2P256V1FieldElement.class DONE
/org/bouncycastle/math/ec/custom/gm/SM2P256V1FieldElement.class starting
/org/bouncycastle/math/ec/custom/gm/SM2P256V1FieldElement.class DONE
/org/bouncycastle/math/ec/custom/gm/SM2P256V1FieldElement.class starting
/org/bouncycastle/math/ec/custom/gm/SM2P256V1FieldElement.class DONE
/org/bouncycastle/math/ec/custom/gm/SM2P256V1FieldElement.class starting
/org/bouncycastle/math/ec/custom/gm/SM2P256V1FieldElement.class DONE
/org/bouncycastle/math/ec/custom/gm/SM2P256V1FieldElement.class starting
/org/bouncycastle/math/ec/custom/gm/SM2P256V1FieldElement.class DONE
/org/bouncycastle/math/ec/custom/gm/SM2P256V1FieldElement.class starting
/org/bouncycastle/math/ec/custom/gm/SM2P256V1FieldElement.class DONE
/org/bouncycastle/math/ec/custom/gm/SM2P256V1FieldElement.class starting
/org/bouncycastle/math/ec/custom/gm/SM2P256V1FieldElement.class DONE
/org/bouncycastle/math/ec/custom/gm/SM2P256V1FieldElement.class starting
/org/bouncycastle/math/ec/custom/gm/SM2P256V1FieldElement.class DONE
/org/bouncycastle/math/ec/custom/gm/SM2P256V1FieldElement.class starting
/org/bouncycastle/math/ec/custom/gm/SM2P256V1FieldElement.class DONE
/org/bouncycastle/math/ec/custom/gm/SM2P256V1FieldElement.class starting
/org/bouncycastle/math/ec/custom/gm/SM2P256V1FieldElement.class DONE
/org/bouncycastle/math/ec/custom/gm/SM2P256V1FieldElement.class starting
/org/bouncycastle/math/ec/custom/gm/SM2P256V1FieldElement.class DONE
/org/bouncycastle/math/ec/custom/gm/SM2P256V1FieldElement.class starting
/org/bouncycastle/math/ec/custom/gm/SM2P256V1FieldElement.class DONE
/org/bouncycastle/math/ec/custom/gm/SM2P256V1FieldElement.class starting
/org/bouncycastle/math/ec/custom/gm/SM2P256V1FieldElement.class DONE
/org/bouncycastle/math/ec/custom/gm/SM2P256V1FieldElement.class starting
/org/bouncycastle/math/ec/custom/gm/SM2P256V1FieldElement.class DONE
/org/bouncycastle/math/ec/custom/gm/SM2P256V1FieldElement.class starting
/org/bouncycastle/math/ec/custom/gm/SM2P256V1FieldElement.class DONE
/org/bouncycastle/math/ec/custom/gm/SM2P256V1FieldElement.class starting
/org/bouncycastle/math/ec/custom/gm/SM2P256V1FieldElement.class DONE
/org/bouncycastle/math/ec/custom/gm/SM2P256V1FieldElement.class starting
/org/bouncycastle/math/ec/custom/gm/SM2P256V1FieldElement.class DONE
/org/bouncycastle/math/ec/custom/gm/SM2P256V1FieldElement.class starting
/org/bouncycastle/math/ec/custom/gm/SM2P256V1FieldElement.class DONE
/org/bouncycastle/math/ec/custom/gm/SM2P256V1FieldElement.class starting
/org/bouncycastle/math/ec/custom/gm/SM2P256V1FieldElement.class DONE
/org/bouncycastle/math/ec/custom/gm/SM2P256V1FieldElement.class starting
/org/bouncycastle/math/ec/custom/gm/SM2P256V1FieldElement.class DONE
/org/bouncycastle/math/ec/custom/gm/SM2P256V1FieldElement.class starting
/org/bouncycastle/math/ec/custom/gm/SM2P256V1FieldElement.class DONE
/org/bouncycastle/math/ec/custom/gm/SM2P256V1FieldElement.class starting
/org/bouncycastle/math/ec/custom/gm/SM2P256V1FieldElement.class DONE
/org/bouncycastle/math/ec/custom/gm/SM2P256V1FieldElement.class starting
/org/bouncycastle/math/ec/custom/gm/SM2P256V1FieldElement.class DONE
/org/bouncycastle/math/ec/custom/gm/SM2P256V1FieldElement.class starting
/org/bouncycastle/math/ec/custom/gm/SM2P256V1FieldElement.class DONE
/org/bouncycastle/math/ec/custom/gm/SM2P256V1FieldElement.class starting
/org/bouncycastle/math/ec/custom/gm/SM2P256V1FieldElement.class DONE
/org/bouncycastle/math/ec/custom/gm/SM2P256V1FieldElement.class starting
/org/bouncycastle/math/ec/custom/gm/SM2P256V1FieldElement.class DONE
/org/bouncycastle/math/ec/custom/gm/SM2P256V1FieldElement.class starting
/org/bouncycastle/math/ec/custom/gm/SM2P256V1FieldElement.class DONE
/org/bouncycastle/math/ec/custom/gm/SM2P256V1FieldElement.class starting
/org/bouncycastle/math/ec/custom/gm/SM2P256V1FieldElement.class DONE
/org/bouncycastle/math/ec/custom/gm/SM2P256V1FieldElement.class starting
/org/bouncycastle/math/ec/custom/gm/SM2P256V1FieldElement.class DONE
/org/bouncycastle/math/ec/custom/gm/SM2P256V1FieldElement.class starting
/org/bouncycastle/math/ec/custom/gm/SM2P256V1FieldElement.class DONE
/org/bouncycastle/math/ec/custom/gm/SM2P256V1FieldElement.class starting
/org/bouncycastle/math/ec/custom/gm/SM2P256V1FieldElement.class DONE
/org/bouncycastle/math/ec/custom/gm/SM2P256V1FieldElement.class starting
/org/bouncycastle/math/ec/custom/gm/SM2P256V1FieldElement.class DONE
/org/bouncycastle/math/ec/custom/gm/SM2P256V1FieldElement.class starting
/org/bouncycastle/math/ec/custom/gm/SM2P256V1FieldElement.class DONE
/org/bouncycastle/math/ec/custom/gm/SM2P256V1FieldElement.class starting
/org/bouncycastle/math/ec/custom/gm/SM2P256V1FieldElement.class DONE
/org/bouncycastle/math/ec/custom/gm/SM2P256V1FieldElement.class starting
/org/bouncycastle/math/ec/custom/gm/SM2P256V1FieldElement.class DONE
/org/bouncycastle/math/ec/custom/gm/SM2P256V1FieldElement.class starting
/org/bouncycastle/math/ec/custom/gm/SM2P256V1FieldElement.class DONE
/org/bouncycastle/math/ec/custom/gm/SM2P256V1FieldElement.class starting
/org/bouncycastle/math/ec/custom/gm/SM2P256V1FieldElement.class DONE
/org/bouncycastle/math/ec/custom/gm/SM2P256V1FieldElement.class starting
/org/bouncycastle/math/ec/custom/gm/SM2P256V1FieldElement.class DONE
/org/bouncycastle/math/ec/custom/gm/SM2P256V1FieldElement.class starting
/org/bouncycastle/math/ec/custom/gm/SM2P256V1FieldElement.class DONE
/org/bouncycastle/math/ec/custom/gm/SM2P256V1FieldElement.class starting
/org/bouncycastle/math/ec/custom/gm/SM2P256V1FieldElement.class DONE
/org/bouncycastle/math/ec/custom/gm/SM2P256V1FieldElement.class starting
/org/bouncycastle/math/ec/custom/gm/SM2P256V1FieldElement.class DONE
/org/bouncycastle/math/ec/custom/gm/SM2P256V1FieldElement.class starting
/org/bouncycastle/math/ec/custom/gm/SM2P256V1FieldElement.class DONE
/org/bouncycastle/math/ec/custom/gm/SM2P256V1FieldElement.class starting
/org/bouncycastle/math/ec/custom/gm/SM2P256V1FieldElement.class DONE
/org/bouncycastle/math/ec/custom/gm/SM2P256V1FieldElement.class starting
/org/bouncycastle/math/ec/custom/gm/SM2P256V1FieldElement.class DONE
/org/bouncycastle/math/ec/custom/gm/SM2P256V1FieldElement.class starting
/org/bouncycastle/math/ec/custom/gm/SM2P256V1FieldElement.class DONE
/org/bouncycastle/math/ec/custom/gm/SM2P256V1FieldElement.class starting
/org/bouncycastle/math/ec/custom/gm/SM2P256V1FieldElement.class DONE
/org/bouncycastle/math/ec/custom/gm/SM2P256V1FieldElement.class starting
/org/bouncycastle/math/ec/custom/gm/SM2P256V1FieldElement.class DONE
/org/bouncycastle/math/ec/custom/gm/SM2P256V1FieldElement.class starting
/org/bouncycastle/math/ec/custom/gm/SM2P256V1FieldElement.class DONE
/org/bouncycastle/math/ec/custom/gm/SM2P256V1FieldElement.class starting
/org/bouncycastle/math/ec/custom/gm/SM2P256V1FieldElement.class DONE
/org/bouncycastle/math/ec/custom/gm/SM2P256V1FieldElement.class starting
/org/bouncycastle/math/ec/custom/gm/SM2P256V1FieldElement.class DONE
/org/bouncycastle/math/ec/custom/gm/SM2P256V1FieldElement.class starting
/org/bouncycastle/math/ec/custom/gm/SM2P256V1FieldElement.class DONE
/org/bouncycastle/math/ec/custom/gm/SM2P256V1FieldElement.class starting
/org/bouncycastle/math/ec/custom/gm/SM2P256V1FieldElement.class DONE
/org/bouncycastle/math/ec/custom/gm/SM2P256V1FieldElement.class starting
/org/bouncycastle/math/ec/custom/gm/SM2P256V1FieldElement.class DONE
/org/bouncycastle/math/ec/custom/gm/SM2P256V1FieldElement.class starting
/org/bouncycastle/math/ec/custom/gm/SM2P256V1FieldElement.class DONE
/org/bouncycastle/math/ec/custom/gm/SM2P256V1FieldElement.class starting
/org/bouncycastle/math/ec/custom/gm/SM2P256V1FieldElement.class DONE
/org/bouncycastle/math/ec/custom/gm/SM2P256V1FieldElement.class starting
/org/bouncycastle/math/ec/custom/gm/SM2P256V1FieldElement.class DONE
/org/bouncycastle/math/ec/custom/gm/SM2P256V1FieldElement.class starting
/org/bouncycastle/math/ec/custom/gm/SM2P256V1FieldElement.class DONE
/org/bouncycastle/math/ec/custom/gm/SM2P256V1FieldElement.class starting
/org/bouncycastle/math/ec/custom/gm/SM2P256V1FieldElement.class DONE
/org/bouncycastle/math/ec/custom/gm/SM2P256V1FieldElement.class starting
/org/bouncycastle/math/ec/custom/gm/SM2P256V1FieldElement.class DONE
/org/bouncycastle/math/ec/custom/gm/SM2P256V1FieldElement.class starting
/org/bouncycastle/math/ec/custom/gm/SM2P256V1FieldElement.class DONE
/org/bouncycastle/math/ec/custom/gm/SM2P256V1FieldElement.class starting
/org/bouncycastle/math/ec/custom/gm/SM2P256V1FieldElement.class DONE
/org/bouncycastle/math/ec/custom/gm/SM2P256V1FieldElement.class starting
/org/bouncycastle/math/ec/custom/gm/SM2P256V1FieldElement.class DONE
/org/bouncycastle/math/ec/custom/gm/SM2P256V1FieldElement.class starting
/org/bouncycastle/math/ec/custom/gm/SM2P256V1FieldElement.class DONE
/org/bouncycastle/math/ec/custom/gm/SM2P256V1FieldElement.class starting
/org/bouncycastle/math/ec/custom/gm/SM2P256V1FieldElement.class DONE
/org/bouncycastle/math/ec/custom/gm/SM2P256V1FieldElement.class starting
/org/bouncycastle/math/ec/custom/gm/SM2P256V1FieldElement.class DONE
/org/bouncycastle/math/ec/custom/gm/SM2P256V1FieldElement.class starting
/org/bouncycastle/math/ec/custom/gm/SM2P256V1FieldElement.class DONE
/org/bouncycastle/math/ec/custom/gm/SM2P256V1FieldElement.class starting
/org/bouncycastle/math/ec/custom/gm/SM2P256V1FieldElement.class DONE
/org/bouncycastle/math/ec/custom/gm/SM2P256V1FieldElement.class starting
/org/bouncycastle/math/ec/custom/gm/SM2P256V1FieldElement.class DONE
/org/bouncycastle/math/ec/custom/gm/SM2P256V1FieldElement.class starting
/org/bouncycastle/math/ec/custom/gm/SM2P256V1FieldElement.class DONE
/org/bouncycastle/math/ec/custom/gm/SM2P256V1FieldElement.class starting
/org/bouncycastle/math/ec/custom/gm/SM2P256V1FieldElement.class DONE
/org/bouncycastle/math/ec/custom/gm/SM2P256V1FieldElement.class starting
/org/bouncycastle/math/ec/custom/gm/SM2P256V1FieldElement.class DONE
/org/bouncycastle/math/ec/custom/gm/SM2P256V1FieldElement.class starting
/org/bouncycastle/math/ec/custom/gm/SM2P256V1FieldElement.class DONE
/org/bouncycastle/math/ec/custom/gm/SM2P256V1FieldElement.class starting
/org/bouncycastle/math/ec/custom/gm/SM2P256V1FieldElement.class DONE
/org/bouncycastle/math/ec/custom/gm/SM2P256V1FieldElement.class starting
/org/bouncycastle/math/ec/custom/gm/SM2P256V1FieldElement.class DONE
/org/bouncycastle/math/ec/custom/gm/SM2P256V1FieldElement.class starting
/org/bouncycastle/math/ec/custom/gm/SM2P256V1FieldElement.class DONE
/org/bouncycastle/math/ec/custom/gm/SM2P256V1FieldElement.class starting
/org/bouncycastle/math/ec/custom/gm/SM2P256V1FieldElement.class DONE
/org/bouncycastle/math/ec/custom/gm/SM2P256V1FieldElement.class starting
/org/bouncycastle/math/ec/custom/gm/SM2P256V1FieldElement.class DONE
/org/bouncycastle/math/ec/custom/gm/SM2P256V1FieldElement.class starting
/org/bouncycastle/math/ec/custom/gm/SM2P256V1FieldElement.class DONE
/org/bouncycastle/math/ec/custom/gm/SM2P256V1FieldElement.class starting
/org/bouncycastle/math/ec/custom/gm/SM2P256V1FieldElement.class DONE
/org/bouncycastle/math/ec/custom/gm/SM2P256V1FieldElement.class starting
/org/bouncycastle/math/ec/custom/gm/SM2P256V1FieldElement.class DONE
/org/bouncycastle/math/ec/custom/gm/SM2P256V1FieldElement.class starting
/org/bouncycastle/math/ec/custom/gm/SM2P256V1FieldElement.class DONE
/org/bouncycastle/math/ec/custom/gm/SM2P256V1FieldElement.class starting
/org/bouncycastle/math/ec/custom/gm/SM2P256V1FieldElement.class DONE
/org/bouncycastle/math/ec/custom/gm/SM2P256V1FieldElement.class starting
/org/bouncycastle/math/ec/custom/gm/SM2P256V1FieldElement.class DONE
/org/bouncycastle/math/ec/custom/gm/SM2P256V1FieldElement.class starting
/org/bouncycastle/math/ec/custom/gm/SM2P256V1FieldElement.class DONE
/org/bouncycastle/math/ec/custom/gm/SM2P256V1FieldElement.class starting
/org/bouncycastle/math/ec/custom/gm/SM2P256V1FieldElement.class DONE
/org/bouncycastle/math/ec/custom/gm/SM2P256V1FieldElement.class starting
/org/bouncycastle/math/ec/custom/gm/SM2P256V1FieldElement.class DONE
/org/bouncycastle/math/ec/custom/gm/SM2P256V1FieldElement.class starting
/org/bouncycastle/math/ec/custom/gm/SM2P256V1FieldElement.class DONE
/org/bouncycastle/math/ec/custom/gm/SM2P256V1FieldElement.class starting
/org/bouncycastle/math/ec/custom/gm/SM2P256V1FieldElement.class DONE
/org/bouncycastle/math/ec/custom/gm/SM2P256V1FieldElement.class starting
/org/bouncycastle/math/ec/custom/gm/SM2P256V1FieldElement.class DONE
/org/bouncycastle/math/ec/custom/gm/SM2P256V1FieldElement.class starting
/org/bouncycastle/math/ec/custom/gm/SM2P256V1FieldElement.class DONE
/org/bouncycastle/math/ec/custom/gm/SM2P256V1FieldElement.class starting
/org/bouncycastle/math/ec/custom/gm/SM2P256V1FieldElement.class DONE
/org/bouncycastle/math/ec/custom/gm/SM2P256V1FieldElement.class starting
/org/bouncycastle/math/ec/custom/gm/SM2P256V1FieldElement.class DONE
/org/bouncycastle/math/ec/custom/gm/SM2P256V1FieldElement.class starting
/org/bouncycastle/math/ec/custom/gm/SM2P256V1FieldElement.class DONE
/org/bouncycastle/math/ec/custom/gm/SM2P256V1FieldElement.class starting
/org/bouncycastle/math/ec/custom/gm/SM2P256V1FieldElement.class DONE
/org/bouncycastle/math/ec/custom/gm/SM2P256V1FieldElement.class starting
/org/bouncycastle/math/ec/custom/gm/SM2P256V1FieldElement.class DONE
/org/bouncycastle/math/ec/custom/gm/SM2P256V1FieldElement.class starting
/org/bouncycastle/math/ec/custom/gm/SM2P256V1FieldElement.class DONE
/org/bouncycastle/math/ec/custom/gm/SM2P256V1FieldElement.class starting
/org/bouncycastle/math/ec/custom/gm/SM2P256V1FieldElement.class DONE
/org/bouncycastle/math/ec/custom/gm/SM2P256V1FieldElement.class starting
/org/bouncycastle/math/ec/custom/gm/SM2P256V1FieldElement.class DONE
/org/bouncycastle/math/ec/custom/gm/SM2P256V1FieldElement.class starting
/org/bouncycastle/math/ec/custom/gm/SM2P256V1FieldElement.class DONE
/org/bouncycastle/math/ec/custom/gm/SM2P256V1FieldElement.class starting
/org/bouncycastle/math/ec/custom/gm/SM2P256V1FieldElement.class DONE
/org/bouncycastle/math/ec/custom/gm/SM2P256V1FieldElement.class starting
/org/bouncycastle/math/ec/custom/gm/SM2P256V1FieldElement.class DONE
/org/bouncycastle/math/ec/custom/gm/SM2P256V1FieldElement.class starting
/org/bouncycastle/math/ec/custom/gm/SM2P256V1FieldElement.class DONE
/org/bouncycastle/math/ec/custom/gm/SM2P256V1FieldElement.class starting
/org/bouncycastle/math/ec/custom/gm/SM2P256V1FieldElement.class DONE
/org/bouncycastle/math/ec/custom/gm/SM2P256V1FieldElement.class starting
/org/bouncycastle/math/ec/custom/gm/SM2P256V1FieldElement.class DONE
/org/bouncycastle/math/ec/custom/gm/SM2P256V1FieldElement.class starting
/org/bouncycastle/math/ec/custom/gm/SM2P256V1FieldElement.class DONE
/org/bouncycastle/math/ec/custom/gm/SM2P256V1FieldElement.class starting
/org/bouncycastle/math/ec/custom/gm/SM2P256V1FieldElement.class DONE
/org/bouncycastle/math/ec/custom/gm/SM2P256V1FieldElement.class starting
/org/bouncycastle/math/ec/custom/gm/SM2P256V1FieldElement.class DONE
/org/bouncycastle/math/ec/custom/gm/SM2P256V1FieldElement.class starting
/org/bouncycastle/math/ec/custom/gm/SM2P256V1FieldElement.class DONE
/org/bouncycastle/math/ec/custom/gm/SM2P256V1FieldElement.class starting
/org/bouncycastle/math/ec/custom/gm/SM2P256V1FieldElement.class DONE
/org/bouncycastle/math/ec/custom/gm/SM2P256V1FieldElement.class starting
/org/bouncycastle/math/ec/custom/gm/SM2P256V1FieldElement.class DONE
/org/bouncycastle/math/ec/custom/gm/SM2P256V1FieldElement.class starting
/org/bouncycastle/math/ec/custom/gm/SM2P256V1FieldElement.class DONE
/org/bouncycastle/math/ec/custom/gm/SM2P256V1FieldElement.class starting
/org/bouncycastle/math/ec/custom/gm/SM2P256V1FieldElement.class DONE
/org/bouncycastle/math/ec/custom/gm/SM2P256V1FieldElement.class starting
/org/bouncycastle/math/ec/custom/gm/SM2P256V1FieldElement.class DONE
/org/bouncycastle/math/ec/custom/gm/SM2P256V1FieldElement.class starting
/org/bouncycastle/math/ec/custom/gm/SM2P256V1FieldElement.class DONE
/org/bouncycastle/math/ec/custom/gm/SM2P256V1FieldElement.class starting
/org/bouncycastle/math/ec/custom/gm/SM2P256V1FieldElement.class DONE
/org/bouncycastle/math/ec/custom/gm/SM2P256V1FieldElement.class starting
/org/bouncycastle/math/ec/custom/gm/SM2P256V1FieldElement.class DONE
/org/bouncycastle/math/ec/custom/gm/SM2P256V1FieldElement.class starting
/org/bouncycastle/math/ec/custom/gm/SM2P256V1FieldElement.class DONE
/org/bouncycastle/math/ec/custom/gm/SM2P256V1FieldElement.class starting
/org/bouncycastle/math/ec/custom/gm/SM2P256V1FieldElement.class DONE
/org/bouncycastle/math/ec/custom/gm/SM2P256V1FieldElement.class starting
/org/bouncycastle/math/ec/custom/gm/SM2P256V1FieldElement.class DONE
/org/bouncycastle/math/ec/custom/gm/SM2P256V1FieldElement.class starting
/org/bouncycastle/math/ec/custom/gm/SM2P256V1FieldElement.class DONE
/org/bouncycastle/math/ec/custom/gm/SM2P256V1FieldElement.class starting
/org/bouncycastle/math/ec/custom/gm/SM2P256V1FieldElement.class DONE
/org/bouncycastle/math/ec/custom/gm/SM2P256V1FieldElement.class starting
/org/bouncycastle/math/ec/custom/gm/SM2P256V1FieldElement.class DONE
/org/bouncycastle/math/ec/custom/gm/SM2P256V1FieldElement.class starting
/org/bouncycastle/math/ec/custom/gm/SM2P256V1FieldElement.class DONE
/org/bouncycastle/math/ec/custom/gm/SM2P256V1FieldElement.class starting
/org/bouncycastle/math/ec/custom/gm/SM2P256V1FieldElement.class DONE
/org/bouncycastle/math/ec/custom/gm/SM2P256V1FieldElement.class starting
/org/bouncycastle/math/ec/custom/gm/SM2P256V1FieldElement.class DONE
/org/bouncycastle/math/ec/custom/gm/SM2P256V1FieldElement.class starting
/org/bouncycastle/math/ec/custom/gm/SM2P256V1FieldElement.class DONE
/org/bouncycastle/math/ec/custom/gm/SM2P256V1FieldElement.class starting
/org/bouncycastle/math/ec/custom/gm/SM2P256V1FieldElement.class DONE
/org/bouncycastle/math/ec/custom/gm/SM2P256V1FieldElement.class starting
/org/bouncycastle/math/ec/custom/gm/SM2P256V1FieldElement.class DONE
/org/bouncycastle/math/ec/custom/gm/SM2P256V1FieldElement.class starting
/org/bouncycastle/math/ec/custom/gm/SM2P256V1FieldElement.class DONE
/org/bouncycastle/math/ec/custom/gm/SM2P256V1FieldElement.class starting
/org/bouncycastle/math/ec/custom/gm/SM2P256V1FieldElement.class DONE
/org/bouncycastle/math/ec/custom/gm/SM2P256V1FieldElement.class starting
/org/bouncycastle/math/ec/custom/gm/SM2P256V1FieldElement.class DONE
/org/bouncycastle/math/ec/custom/gm/SM2P256V1FieldElement.class starting
/org/bouncycastle/math/ec/custom/gm/SM2P256V1FieldElement.class DONE
/org/bouncycastle/math/ec/custom/gm/SM2P256V1FieldElement.class starting
/org/bouncycastle/math/ec/custom/gm/SM2P256V1FieldElement.class DONE
/org/bouncycastle/math/ec/custom/gm/SM2P256V1FieldElement.class starting
/org/bouncycastle/math/ec/custom/gm/SM2P256V1FieldElement.class DONE
/org/bouncycastle/math/ec/custom/gm/SM2P256V1FieldElement.class starting
/org/bouncycastle/math/ec/custom/gm/SM2P256V1FieldElement.class DONE
/org/bouncycastle/math/ec/custom/gm/SM2P256V1FieldElement.class starting
/org/bouncycastle/math/ec/custom/gm/SM2P256V1FieldElement.class DONE
/org/bouncycastle/math/ec/custom/gm/SM2P256V1FieldElement.class starting
/org/bouncycastle/math/ec/custom/gm/SM2P256V1FieldElement.class DONE
/org/bouncycastle/math/ec/custom/gm/SM2P256V1FieldElement.class starting
/org/bouncycastle/math/ec/custom/gm/SM2P256V1FieldElement.class DONE
/org/bouncycastle/math/ec/custom/gm/SM2P256V1FieldElement.class starting
/org/bouncycastle/math/ec/custom/gm/SM2P256V1FieldElement.class DONE
/org/bouncycastle/math/ec/custom/gm/SM2P256V1FieldElement.class starting
/org/bouncycastle/math/ec/custom/gm/SM2P256V1FieldElement.class DONE
/org/bouncycastle/math/ec/custom/gm/SM2P256V1FieldElement.class starting
/org/bouncycastle/math/ec/custom/gm/SM2P256V1FieldElement.class DONE
/org/bouncycastle/math/ec/custom/gm/SM2P256V1FieldElement.class starting
/org/bouncycastle/math/ec/custom/gm/SM2P256V1FieldElement.class DONE
/org/bouncycastle/math/ec/custom/gm/SM2P256V1FieldElement.class starting
/org/bouncycastle/math/ec/custom/gm/SM2P256V1FieldElement.class DONE
/org/bouncycastle/math/ec/custom/gm/SM2P256V1FieldElement.class starting
/org/bouncycastle/math/ec/custom/gm/SM2P256V1FieldElement.class DONE
/org/bouncycastle/math/ec/custom/gm/SM2P256V1FieldElement.class starting
/org/bouncycastle/math/ec/custom/gm/SM2P256V1FieldElement.class DONE
/org/bouncycastle/math/ec/custom/gm/SM2P256V1FieldElement.class starting
/org/bouncycastle/math/ec/custom/gm/SM2P256V1FieldElement.class DONE
/org/bouncycastle/math/ec/custom/gm/SM2P256V1FieldElement.class starting
/org/bouncycastle/math/ec/custom/gm/SM2P256V1FieldElement.class DONE
/org/bouncycastle/math/ec/custom/gm/SM2P256V1FieldElement.class starting
/org/bouncycastle/math/ec/custom/gm/SM2P256V1FieldElement.class DONE
/org/bouncycastle/math/ec/custom/gm/SM2P256V1FieldElement.class starting
/org/bouncycastle/math/ec/custom/gm/SM2P256V1FieldElement.class DONE
/org/bouncycastle/math/ec/custom/gm/SM2P256V1FieldElement.class starting
/org/bouncycastle/math/ec/custom/gm/SM2P256V1FieldElement.class DONE
/org/bouncycastle/math/ec/custom/gm/SM2P256V1FieldElement.class starting
/org/bouncycastle/math/ec/custom/gm/SM2P256V1FieldElement.class DONE
/org/bouncycastle/math/ec/custom/gm/SM2P256V1FieldElement.class starting
/org/bouncycastle/math/ec/custom/gm/SM2P256V1FieldElement.class DONE
/org/bouncycastle/math/ec/custom/gm/SM2P256V1FieldElement.class starting
/org/bouncycastle/math/ec/custom/gm/SM2P256V1FieldElement.class DONE
/org/bouncycastle/math/ec/custom/gm/SM2P256V1FieldElement.class starting
/org/bouncycastle/math/ec/custom/gm/SM2P256V1FieldElement.class DONE
/org/bouncycastle/math/ec/custom/gm/SM2P256V1FieldElement.class starting
/org/bouncycastle/math/ec/custom/gm/SM2P256V1FieldElement.class DONE
/org/bouncycastle/math/ec/custom/gm/SM2P256V1FieldElement.class starting
/org/bouncycastle/math/ec/custom/gm/SM2P256V1FieldElement.class DONE
/org/bouncycastle/math/ec/custom/gm/SM2P256V1FieldElement.class starting
/org/bouncycastle/math/ec/custom/gm/SM2P256V1FieldElement.class DONE
/org/bouncycastle/math/ec/custom/gm/SM2P256V1FieldElement.class starting
/org/bouncycastle/math/ec/custom/gm/SM2P256V1FieldElement.class DONE
/org/bouncycastle/math/ec/custom/gm/SM2P256V1FieldElement.class starting
/org/bouncycastle/math/ec/custom/gm/SM2P256V1FieldElement.class DONE
/org/bouncycastle/math/ec/custom/gm/SM2P256V1FieldElement.class starting
/org/bouncycastle/math/ec/custom/gm/SM2P256V1FieldElement.class DONE
/org/bouncycastle/math/ec/custom/gm/SM2P256V1FieldElement.class starting
/org/bouncycastle/math/ec/custom/gm/SM2P256V1FieldElement.class DONE
/org/bouncycastle/math/ec/custom/gm/SM2P256V1FieldElement.class starting
/org/bouncycastle/math/ec/custom/gm/SM2P256V1FieldElement.class DONE
/org/bouncycastle/math/ec/custom/gm/SM2P256V1FieldElement.class starting
/org/bouncycastle/math/ec/custom/gm/SM2P256V1FieldElement.class DONE
/org/bouncycastle/math/ec/custom/gm/SM2P256V1FieldElement.class starting
/org/bouncycastle/math/ec/custom/gm/SM2P256V1FieldElement.class DONE
/org/bouncycastle/math/ec/custom/gm/SM2P256V1FieldElement.class starting
/org/bouncycastle/math/ec/custom/gm/SM2P256V1FieldElement.class DONE
/org/bouncycastle/math/ec/custom/gm/SM2P256V1FieldElement.class starting
/org/bouncycastle/math/ec/custom/gm/SM2P256V1FieldElement.class DONE
/org/bouncycastle/math/ec/custom/gm/SM2P256V1FieldElement.class starting
/org/bouncycastle/math/ec/custom/gm/SM2P256V1FieldElement.class DONE
/org/bouncycastle/math/ec/custom/gm/SM2P256V1FieldElement.class starting
/org/bouncycastle/math/ec/custom/gm/SM2P256V1FieldElement.class DONE
/org/bouncycastle/math/ec/custom/gm/SM2P256V1FieldElement.class starting
/org/bouncycastle/math/ec/custom/gm/SM2P256V1FieldElement.class DONE
/org/bouncycastle/math/ec/custom/gm/SM2P256V1FieldElement.class starting
/org/bouncycastle/math/ec/custom/gm/SM2P256V1FieldElement.class DONE
/org/bouncycastle/math/ec/custom/gm/SM2P256V1FieldElement.class starting
/org/bouncycastle/math/ec/custom/gm/SM2P256V1FieldElement.class DONE
/org/bouncycastle/math/ec/custom/gm/SM2P256V1FieldElement.class starting
/org/bouncycastle/math/ec/custom/gm/SM2P256V1FieldElement.class DONE
/org/bouncycastle/math/ec/custom/gm/SM2P256V1FieldElement.class starting
/org/bouncycastle/math/ec/custom/gm/SM2P256V1FieldElement.class DONE
/org/bouncycastle/math/ec/custom/gm/SM2P256V1FieldElement.class starting
/org/bouncycastle/math/ec/custom/gm/SM2P256V1FieldElement.class DONE
/org/bouncycastle/math/ec/custom/gm/SM2P256V1FieldElement.class starting
/org/bouncycastle/math/ec/custom/gm/SM2P256V1FieldElement.class DONE
/org/bouncycastle/math/ec/custom/gm/SM2P256V1FieldElement.class starting
/org/bouncycastle/math/ec/custom/gm/SM2P256V1FieldElement.class DONE
/org/bouncycastle/math/ec/custom/gm/SM2P256V1FieldElement.class starting
/org/bouncycastle/math/ec/custom/gm/SM2P256V1FieldElement.class DONE
/org/bouncycastle/math/ec/custom/gm/SM2P256V1FieldElement.class starting
/org/bouncycastle/math/ec/custom/gm/SM2P256V1FieldElement.class DONE
/org/bouncycastle/math/ec/custom/gm/SM2P256V1FieldElement.class starting
/org/bouncycastle/math/ec/custom/gm/SM2P256V1FieldElement.class DONE
/org/bouncycastle/math/ec/custom/gm/SM2P256V1FieldElement.class starting
/org/bouncycastle/math/ec/custom/gm/SM2P256V1FieldElement.class DONE
/org/bouncycastle/math/ec/custom/gm/SM2P256V1FieldElement.class starting
/org/bouncycastle/math/ec/custom/gm/SM2P256V1FieldElement.class DONE
/org/bouncycastle/math/ec/custom/gm/SM2P256V1FieldElement.class starting
/org/bouncycastle/math/ec/custom/gm/SM2P256V1FieldElement.class DONE
/org/bouncycastle/math/ec/custom/gm/SM2P256V1FieldElement.class starting
/org/bouncycastle/math/ec/custom/gm/SM2P256V1FieldElement.class DONE
/org/bouncycastle/math/ec/custom/gm/SM2P256V1FieldElement.class starting
/org/bouncycastle/math/ec/custom/gm/SM2P256V1FieldElement.class DONE
/org/bouncycastle/math/ec/custom/gm/SM2P256V1FieldElement.class starting
/org/bouncycastle/math/ec/custom/gm/SM2P256V1FieldElement.class DONE
/org/bouncycastle/math/ec/custom/gm/SM2P256V1FieldElement.class starting
/org/bouncycastle/math/ec/custom/gm/SM2P256V1FieldElement.class DONE
/org/bouncycastle/math/ec/custom/gm/SM2P256V1FieldElement.class starting
/org/bouncycastle/math/ec/custom/gm/SM2P256V1FieldElement.class DONE
/org/bouncycastle/math/ec/custom/gm/SM2P256V1FieldElement.class starting
/org/bouncycastle/math/ec/custom/gm/SM2P256V1FieldElement.class DONE
/org/bouncycastle/math/ec/custom/gm/SM2P256V1FieldElement.class starting
/org/bouncycastle/math/ec/custom/gm/SM2P256V1FieldElement.class DONE
/org/bouncycastle/math/ec/custom/gm/SM2P256V1FieldElement.class starting
/org/bouncycastle/math/ec/custom/gm/SM2P256V1FieldElement.class DONE
/org/bouncycastle/math/ec/custom/gm/SM2P256V1FieldElement.class starting
/org/bouncycastle/math/ec/custom/gm/SM2P256V1FieldElement.class DONE
/org/bouncycastle/math/ec/custom/gm/SM2P256V1FieldElement.class starting
/org/bouncycastle/math/ec/custom/gm/SM2P256V1FieldElement.class DONE
/org/bouncycastle/math/ec/custom/gm/SM2P256V1FieldElement.class starting
/org/bouncycastle/math/ec/custom/gm/SM2P256V1FieldElement.class DONE
/org/bouncycastle/math/ec/custom/gm/SM2P256V1FieldElement.class starting
/org/bouncycastle/math/ec/custom/gm/SM2P256V1FieldElement.class DONE
/org/bouncycastle/math/ec/custom/gm/SM2P256V1FieldElement.class starting
/org/bouncycastle/math/ec/custom/gm/SM2P256V1FieldElement.class DONE
/org/bouncycastle/math/ec/custom/gm/SM2P256V1FieldElement.class starting
/org/bouncycastle/math/ec/custom/gm/SM2P256V1FieldElement.class DONE
/org/bouncycastle/math/ec/custom/gm/SM2P256V1FieldElement.class starting
/org/bouncycastle/math/ec/custom/gm/SM2P256V1FieldElement.class DONE
/org/bouncycastle/math/ec/custom/gm/SM2P256V1FieldElement.class starting
/org/bouncycastle/math/ec/custom/gm/SM2P256V1FieldElement.class DONE
/org/bouncycastle/math/ec/custom/gm/SM2P256V1FieldElement.class starting
/org/bouncycastle/math/ec/custom/gm/SM2P256V1FieldElement.class DONE
/org/bouncycastle/math/ec/custom/gm/SM2P256V1FieldElement.class starting
/org/bouncycastle/math/ec/custom/gm/SM2P256V1FieldElement.class DONE
/org/bouncycastle/math/ec/custom/gm/SM2P256V1FieldElement.class starting
/org/bouncycastle/math/ec/custom/gm/SM2P256V1FieldElement.class DONE
/org/bouncycastle/math/ec/custom/gm/SM2P256V1FieldElement.class starting
/org/bouncycastle/math/ec/custom/gm/SM2P256V1FieldElement.class DONE
/org/bouncycastle/math/ec/custom/gm/SM2P256V1FieldElement.class starting
/org/bouncycastle/math/ec/custom/gm/SM2P256V1FieldElement.class DONE
/org/bouncycastle/math/ec/custom/gm/SM2P256V1FieldElement.class starting
/org/bouncycastle/math/ec/custom/gm/SM2P256V1FieldElement.class DONE
/org/bouncycastle/math/ec/custom/gm/SM2P256V1FieldElement.class starting
/org/bouncycastle/math/ec/custom/gm/SM2P256V1FieldElement.class DONE
/org/bouncycastle/math/ec/custom/gm/SM2P256V1FieldElement.class starting
/org/bouncycastle/math/ec/custom/gm/SM2P256V1FieldElement.class DONE
/org/bouncycastle/math/ec/custom/gm/SM2P256V1FieldElement.class starting
/org/bouncycastle/math/ec/custom/gm/SM2P256V1FieldElement.class DONE
/org/bouncycastle/math/ec/custom/gm/SM2P256V1FieldElement.class starting
/org/bouncycastle/math/ec/custom/gm/SM2P256V1FieldElement.class DONE
/org/bouncycastle/math/ec/custom/gm/SM2P256V1FieldElement.class starting
/org/bouncycastle/math/ec/custom/gm/SM2P256V1FieldElement.class DONE
/org/bouncycastle/math/ec/custom/gm/SM2P256V1FieldElement.class starting
/org/bouncycastle/math/ec/custom/gm/SM2P256V1FieldElement.class DONE
/org/bouncycastle/math/ec/custom/gm/SM2P256V1FieldElement.class starting
/org/bouncycastle/math/ec/custom/gm/SM2P256V1FieldElement.class DONE
/org/bouncycastle/math/ec/custom/gm/SM2P256V1FieldElement.class starting
/org/bouncycastle/math/ec/custom/gm/SM2P256V1FieldElement.class DONE
/org/bouncycastle/math/ec/custom/gm/SM2P256V1FieldElement.class starting
/org/bouncycastle/math/ec/custom/gm/SM2P256V1FieldElement.class DONE
/org/bouncycastle/math/ec/custom/gm/SM2P256V1FieldElement.class starting
/org/bouncycastle/math/ec/custom/gm/SM2P256V1FieldElement.class DONE
/org/bouncycastle/math/ec/custom/gm/SM2P256V1FieldElement.class starting
/org/bouncycastle/math/ec/custom/gm/SM2P256V1FieldElement.class DONE
/org/bouncycastle/math/ec/custom/gm/SM2P256V1FieldElement.class starting
/org/bouncycastle/math/ec/custom/gm/SM2P256V1FieldElement.class DONE
/org/bouncycastle/math/ec/custom/gm/SM2P256V1FieldElement.class starting
/org/bouncycastle/math/ec/custom/gm/SM2P256V1FieldElement.class DONE
/org/bouncycastle/math/ec/custom/gm/SM2P256V1FieldElement.class starting
/org/bouncycastle/math/ec/custom/gm/SM2P256V1FieldElement.class DONE
/org/bouncycastle/math/ec/custom/gm/SM2P256V1FieldElement.class starting
/org/bouncycastle/math/ec/custom/gm/SM2P256V1FieldElement.class DONE
/org/bouncycastle/math/ec/custom/gm/SM2P256V1FieldElement.class starting
/org/bouncycastle/math/ec/custom/gm/SM2P256V1FieldElement.class DONE
/org/bouncycastle/math/ec/custom/gm/SM2P256V1FieldElement.class starting
/org/bouncycastle/math/ec/custom/gm/SM2P256V1FieldElement.class DONE
/org/bouncycastle/math/ec/custom/gm/SM2P256V1FieldElement.class starting
/org/bouncycastle/math/ec/custom/gm/SM2P256V1FieldElement.class DONE
/org/bouncycastle/math/ec/custom/gm/SM2P256V1FieldElement.class starting
/org/bouncycastle/math/ec/custom/gm/SM2P256V1FieldElement.class DONE
/org/bouncycastle/math/ec/custom/gm/SM2P256V1FieldElement.class starting
/org/bouncycastle/math/ec/custom/gm/SM2P256V1FieldElement.class DONE
/org/bouncycastle/math/ec/custom/gm/SM2P256V1FieldElement.class starting
/org/bouncycastle/math/ec/custom/gm/SM2P256V1FieldElement.class DONE
/org/bouncycastle/math/ec/custom/gm/SM2P256V1FieldElement.class starting
/org/bouncycastle/math/ec/custom/gm/SM2P256V1FieldElement.class DONE
/org/bouncycastle/math/ec/custom/gm/SM2P256V1FieldElement.class starting
/org/bouncycastle/math/ec/custom/gm/SM2P256V1FieldElement.class DONE
/org/bouncycastle/math/ec/custom/gm/SM2P256V1FieldElement.class starting
/org/bouncycastle/math/ec/custom/gm/SM2P256V1FieldElement.class DONE
/org/bouncycastle/math/ec/custom/gm/SM2P256V1FieldElement.class starting
/org/bouncycastle/math/ec/custom/gm/SM2P256V1FieldElement.class DONE
/org/bouncycastle/math/ec/custom/gm/SM2P256V1FieldElement.class starting
/org/bouncycastle/math/ec/custom/gm/SM2P256V1FieldElement.class DONE
/org/bouncycastle/math/ec/custom/gm/SM2P256V1FieldElement.class starting
/org/bouncycastle/math/ec/custom/gm/SM2P256V1FieldElement.class DONE
/org/bouncycastle/math/ec/custom/gm/SM2P256V1FieldElement.class starting
/org/bouncycastle/math/ec/custom/gm/SM2P256V1FieldElement.class DONE
/org/bouncycastle/math/ec/custom/gm/SM2P256V1FieldElement.class starting
/org/bouncycastle/math/ec/custom/gm/SM2P256V1FieldElement.class DONE
/org/bouncycastle/math/ec/custom/gm/SM2P256V1FieldElement.class starting
/org/bouncycastle/math/ec/custom/gm/SM2P256V1FieldElement.class DONE
/org/bouncycastle/math/ec/custom/gm/SM2P256V1FieldElement.class starting
/org/bouncycastle/math/ec/custom/gm/SM2P256V1FieldElement.class DONE
/org/bouncycastle/math/ec/custom/gm/SM2P256V1FieldElement.class starting
/org/bouncycastle/math/ec/custom/gm/SM2P256V1FieldElement.class DONE
/org/bouncycastle/math/ec/custom/gm/SM2P256V1FieldElement.class starting
/org/bouncycastle/math/ec/custom/gm/SM2P256V1FieldElement.class DONE
/org/bouncycastle/math/ec/custom/gm/SM2P256V1FieldElement.class starting
/org/bouncycastle/math/ec/custom/gm/SM2P256V1FieldElement.class DONE
/org/bouncycastle/math/ec/custom/gm/SM2P256V1FieldElement.class starting
/org/bouncycastle/math/ec/custom/gm/SM2P256V1FieldElement.class DONE
/org/bouncycastle/math/ec/custom/gm/SM2P256V1FieldElement.class starting
/org/bouncycastle/math/ec/custom/gm/SM2P256V1FieldElement.class DONE
/org/bouncycastle/math/ec/custom/gm/SM2P256V1FieldElement.class starting
/org/bouncycastle/math/ec/custom/gm/SM2P256V1FieldElement.class DONE
/org/bouncycastle/math/ec/custom/gm/SM2P256V1FieldElement.class starting
/org/bouncycastle/math/ec/custom/gm/SM2P256V1FieldElement.class DONE
/org/bouncycastle/math/ec/custom/gm/SM2P256V1FieldElement.class starting
/org/bouncycastle/math/ec/custom/gm/SM2P256V1FieldElement.class DONE
/org/bouncycastle/math/ec/custom/gm/SM2P256V1FieldElement.class starting
/org/bouncycastle/math/ec/custom/gm/SM2P256V1FieldElement.class DONE
/org/bouncycastle/math/ec/custom/gm/SM2P256V1FieldElement.class starting
/org/bouncycastle/math/ec/custom/gm/SM2P256V1FieldElement.class DONE
/org/bouncycastle/math/ec/custom/gm/SM2P256V1FieldElement.class starting
/org/bouncycastle/math/ec/custom/gm/SM2P256V1FieldElement.class DONE
/org/bouncycastle/math/ec/custom/gm/SM2P256V1FieldElement.class starting
/org/bouncycastle/math/ec/custom/gm/SM2P256V1FieldElement.class DONE
/org/bouncycastle/math/ec/custom/gm/SM2P256V1FieldElement.class starting
/org/bouncycastle/math/ec/custom/gm/SM2P256V1FieldElement.class DONE
/org/bouncycastle/math/ec/custom/gm/SM2P256V1FieldElement.class starting
/org/bouncycastle/math/ec/custom/gm/SM2P256V1FieldElement.class DONE
/org/bouncycastle/math/ec/custom/gm/SM2P256V1FieldElement.class starting
/org/bouncycastle/math/ec/custom/gm/SM2P256V1FieldElement.class DONE
/org/bouncycastle/math/ec/custom/gm/SM2P256V1FieldElement.class starting
/org/bouncycastle/math/ec/custom/gm/SM2P256V1FieldElement.class DONE
/org/bouncycastle/math/ec/custom/gm/SM2P256V1FieldElement.class starting
/org/bouncycastle/math/ec/custom/gm/SM2P256V1FieldElement.class DONE
/org/bouncycastle/math/ec/custom/gm/SM2P256V1FieldElement.class starting
/org/bouncycastle/math/ec/custom/gm/SM2P256V1FieldElement.class DONE
/org/bouncycastle/math/ec/custom/gm/SM2P256V1FieldElement.class starting
/org/bouncycastle/math/ec/custom/gm/SM2P256V1FieldElement.class DONE
/org/bouncycastle/math/ec/custom/gm/SM2P256V1FieldElement.class starting
/org/bouncycastle/math/ec/custom/gm/SM2P256V1FieldElement.class DONE
/org/bouncycastle/math/ec/custom/gm/SM2P256V1FieldElement.class starting
/org/bouncycastle/math/ec/custom/gm/SM2P256V1FieldElement.class DONE
/org/bouncycastle/math/ec/custom/gm/SM2P256V1FieldElement.class starting
/org/bouncycastle/math/ec/custom/gm/SM2P256V1FieldElement.class DONE
/org/bouncycastle/math/ec/custom/gm/SM2P256V1FieldElement.class starting
/org/bouncycastle/math/ec/custom/gm/SM2P256V1FieldElement.class DONE
/org/bouncycastle/math/ec/custom/gm/SM2P256V1FieldElement.class starting
/org/bouncycastle/math/ec/custom/gm/SM2P256V1FieldElement.class DONE
/org/bouncycastle/math/ec/custom/gm/SM2P256V1FieldElement.class starting
/org/bouncycastle/math/ec/custom/gm/SM2P256V1FieldElement.class DONE
/org/bouncycastle/math/ec/custom/gm/SM2P256V1FieldElement.class starting
/org/bouncycastle/math/ec/custom/gm/SM2P256V1FieldElement.class DONE
/org/bouncycastle/math/ec/custom/gm/SM2P256V1FieldElement.class starting
/org/bouncycastle/math/ec/custom/gm/SM2P256V1FieldElement.class DONE
/org/bouncycastle/math/ec/custom/gm/SM2P256V1FieldElement.class starting
/org/bouncycastle/math/ec/custom/gm/SM2P256V1FieldElement.class DONE
/org/bouncycastle/math/ec/custom/gm/SM2P256V1FieldElement.class starting
/org/bouncycastle/math/ec/custom/gm/SM2P256V1FieldElement.class DONE
/org/bouncycastle/math/ec/custom/gm/SM2P256V1FieldElement.class starting
/org/bouncycastle/math/ec/custom/gm/SM2P256V1FieldElement.class DONE
/org/bouncycastle/math/ec/custom/gm/SM2P256V1FieldElement.class starting
/org/bouncycastle/math/ec/custom/gm/SM2P256V1FieldElement.class DONE
/org/bouncycastle/math/ec/custom/gm/SM2P256V1FieldElement.class starting
/org/bouncycastle/math/ec/custom/gm/SM2P256V1FieldElement.class DONE
/org/bouncycastle/math/ec/custom/gm/SM2P256V1FieldElement.class starting
/org/bouncycastle/math/ec/custom/gm/SM2P256V1FieldElement.class DONE
/org/bouncycastle/math/ec/custom/gm/SM2P256V1FieldElement.class starting
/org/bouncycastle/math/ec/custom/gm/SM2P256V1FieldElement.class DONE
/org/bouncycastle/math/ec/custom/gm/SM2P256V1FieldElement.class starting
/org/bouncycastle/math/ec/custom/gm/SM2P256V1FieldElement.class DONE
/org/bouncycastle/math/ec/custom/gm/SM2P256V1FieldElement.class starting
/org/bouncycastle/math/ec/custom/gm/SM2P256V1FieldElement.class DONE
/org/bouncycastle/math/ec/custom/gm/SM2P256V1FieldElement.class starting
/org/bouncycastle/math/ec/custom/gm/SM2P256V1FieldElement.class DONE
/org/bouncycastle/math/ec/custom/gm/SM2P256V1FieldElement.class starting
/org/bouncycastle/math/ec/custom/gm/SM2P256V1FieldElement.class DONE
/org/bouncycastle/math/ec/custom/gm/SM2P256V1FieldElement.class starting
/org/bouncycastle/math/ec/custom/gm/SM2P256V1FieldElement.class DONE
/org/bouncycastle/math/ec/custom/gm/SM2P256V1FieldElement.class starting
/org/bouncycastle/math/ec/custom/gm/SM2P256V1FieldElement.class DONE
/org/bouncycastle/math/ec/custom/gm/SM2P256V1FieldElement.class starting
/org/bouncycastle/math/ec/custom/gm/SM2P256V1FieldElement.class DONE
/org/bouncycastle/math/ec/custom/gm/SM2P256V1FieldElement.class starting
/org/bouncycastle/math/ec/custom/gm/SM2P256V1FieldElement.class DONE
/org/bouncycastle/math/ec/custom/gm/SM2P256V1FieldElement.class starting
/org/bouncycastle/math/ec/custom/gm/SM2P256V1FieldElement.class DONE
/org/bouncycastle/math/ec/custom/gm/SM2P256V1FieldElement.class starting
/org/bouncycastle/math/ec/custom/gm/SM2P256V1FieldElement.class DONE
/org/bouncycastle/math/ec/custom/gm/SM2P256V1FieldElement.class starting
/org/bouncycastle/math/ec/custom/gm/SM2P256V1FieldElement.class DONE
/org/bouncycastle/math/ec/custom/gm/SM2P256V1FieldElement.class starting
/org/bouncycastle/math/ec/custom/gm/SM2P256V1FieldElement.class DONE
/org/bouncycastle/math/ec/custom/gm/SM2P256V1FieldElement.class starting
/org/bouncycastle/math/ec/custom/gm/SM2P256V1FieldElement.class DONE
/org/bouncycastle/math/ec/custom/gm/SM2P256V1FieldElement.class starting
/org/bouncycastle/math/ec/custom/gm/SM2P256V1FieldElement.class DONE
/org/bouncycastle/math/ec/custom/gm/SM2P256V1FieldElement.class starting
/org/bouncycastle/math/ec/custom/gm/SM2P256V1FieldElement.class DONE
/org/bouncycastle/math/ec/custom/gm/SM2P256V1FieldElement.class starting
/org/bouncycastle/math/ec/custom/gm/SM2P256V1FieldElement.class DONE
/org/bouncycastle/math/ec/custom/gm/SM2P256V1FieldElement.class starting
/org/bouncycastle/math/ec/custom/gm/SM2P256V1FieldElement.class DONE
/org/bouncycastle/math/ec/custom/gm/SM2P256V1FieldElement.class starting
/org/bouncycastle/math/ec/custom/gm/SM2P256V1FieldElement.class DONE
/org/bouncycastle/math/ec/custom/gm/SM2P256V1FieldElement.class starting
/org/bouncycastle/math/ec/custom/gm/SM2P256V1FieldElement.class DONE
/org/bouncycastle/math/ec/custom/gm/SM2P256V1FieldElement.class starting
/org/bouncycastle/math/ec/custom/gm/SM2P256V1FieldElement.class DONE
/org/bouncycastle/math/ec/custom/gm/SM2P256V1FieldElement.class starting
/org/bouncycastle/math/ec/custom/gm/SM2P256V1FieldElement.class DONE
/org/bouncycastle/math/ec/custom/gm/SM2P256V1FieldElement.class starting
/org/bouncycastle/math/ec/custom/gm/SM2P256V1FieldElement.class DONE
/org/bouncycastle/math/ec/custom/gm/SM2P256V1FieldElement.class starting
/org/bouncycastle/math/ec/custom/gm/SM2P256V1FieldElement.class DONE
/org/bouncycastle/math/ec/custom/gm/SM2P256V1FieldElement.class starting
/org/bouncycastle/math/ec/custom/gm/SM2P256V1FieldElement.class DONE
/org/bouncycastle/math/ec/custom/gm/SM2P256V1FieldElement.class starting
/org/bouncycastle/math/ec/custom/gm/SM2P256V1FieldElement.class DONE
/org/bouncycastle/math/ec/custom/gm/SM2P256V1FieldElement.class starting
/org/bouncycastle/math/ec/custom/gm/SM2P256V1FieldElement.class DONE
/org/bouncycastle/math/ec/custom/gm/SM2P256V1FieldElement.class starting
/org/bouncycastle/math/ec/custom/gm/SM2P256V1FieldElement.class DONE
/org/bouncycastle/math/ec/custom/gm/SM2P256V1FieldElement.class starting
/org/bouncycastle/math/ec/custom/gm/SM2P256V1FieldElement.class DONE
/org/bouncycastle/math/ec/custom/gm/SM2P256V1FieldElement.class starting
/org/bouncycastle/math/ec/custom/gm/SM2P256V1FieldElement.class DONE
/org/bouncycastle/math/ec/custom/gm/SM2P256V1FieldElement.class starting
/org/bouncycastle/math/ec/custom/gm/SM2P256V1FieldElement.class DONE
/org/bouncycastle/math/ec/custom/gm/SM2P256V1FieldElement.class starting
/org/bouncycastle/math/ec/custom/gm/SM2P256V1FieldElement.class DONE
/org/bouncycastle/math/ec/custom/gm/SM2P256V1FieldElement.class starting
/org/bouncycastle/math/ec/custom/gm/SM2P256V1FieldElement.class DONE
/org/bouncycastle/math/ec/custom/gm/SM2P256V1FieldElement.class starting
/org/bouncycastle/math/ec/custom/gm/SM2P256V1FieldElement.class DONE
/org/bouncycastle/math/ec/custom/gm/SM2P256V1FieldElement.class starting
/org/bouncycastle/math/ec/custom/gm/SM2P256V1FieldElement.class DONE
/org/bouncycastle/math/ec/custom/gm/SM2P256V1FieldElement.class starting
/org/bouncycastle/math/ec/custom/gm/SM2P256V1FieldElement.class DONE
/org/bouncycastle/math/ec/custom/gm/SM2P256V1FieldElement.class starting
/org/bouncycastle/math/ec/custom/gm/SM2P256V1FieldElement.class DONE
/org/bouncycastle/math/ec/custom/gm/SM2P256V1FieldElement.class starting
/org/bouncycastle/math/ec/custom/gm/SM2P256V1FieldElement.class DONE
/org/bouncycastle/math/ec/custom/gm/SM2P256V1FieldElement.class starting
/org/bouncycastle/math/ec/custom/gm/SM2P256V1FieldElement.class DONE
/org/bouncycastle/math/ec/custom/gm/SM2P256V1FieldElement.class starting
/org/bouncycastle/math/ec/custom/gm/SM2P256V1FieldElement.class DONE
/org/bouncycastle/math/ec/custom/gm/SM2P256V1FieldElement.class starting
/org/bouncycastle/math/ec/custom/gm/SM2P256V1FieldElement.class DONE
/org/bouncycastle/math/ec/custom/gm/SM2P256V1FieldElement.class starting
/org/bouncycastle/math/ec/custom/gm/SM2P256V1FieldElement.class DONE
/org/bouncycastle/math/ec/custom/gm/SM2P256V1FieldElement.class starting
/org/bouncycastle/math/ec/custom/gm/SM2P256V1FieldElement.class DONE
/org/bouncycastle/math/ec/custom/gm/SM2P256V1FieldElement.class starting
/org/bouncycastle/math/ec/custom/gm/SM2P256V1FieldElement.class DONE
/org/bouncycastle/math/ec/custom/gm/SM2P256V1FieldElement.class starting
/org/bouncycastle/math/ec/custom/gm/SM2P256V1FieldElement.class DONE
/org/bouncycastle/math/ec/custom/gm/SM2P256V1FieldElement.class starting
/org/bouncycastle/math/ec/custom/gm/SM2P256V1FieldElement.class DONE
/org/bouncycastle/math/ec/custom/gm/SM2P256V1FieldElement.class starting
/org/bouncycastle/math/ec/custom/gm/SM2P256V1FieldElement.class DONE
/org/bouncycastle/math/ec/custom/gm/SM2P256V1FieldElement.class starting
/org/bouncycastle/math/ec/custom/gm/SM2P256V1FieldElement.class DONE
/org/bouncycastle/math/ec/custom/gm/SM2P256V1FieldElement.class starting
/org/bouncycastle/math/ec/custom/gm/SM2P256V1FieldElement.class DONE
/org/bouncycastle/math/ec/custom/gm/SM2P256V1FieldElement.class starting
/org/bouncycastle/math/ec/custom/gm/SM2P256V1FieldElement.class DONE
/org/bouncycastle/math/ec/custom/gm/SM2P256V1FieldElement.class starting
/org/bouncycastle/math/ec/custom/gm/SM2P256V1FieldElement.class DONE
/org/bouncycastle/math/ec/custom/gm/SM2P256V1FieldElement.class starting
/org/bouncycastle/math/ec/custom/gm/SM2P256V1FieldElement.class DONE
/org/bouncycastle/math/ec/custom/gm/SM2P256V1FieldElement.class starting
/org/bouncycastle/math/ec/custom/gm/SM2P256V1FieldElement.class DONE
/org/bouncycastle/math/ec/custom/gm/SM2P256V1FieldElement.class starting
/org/bouncycastle/math/ec/custom/gm/SM2P256V1FieldElement.class DONE
/org/bouncycastle/math/ec/custom/gm/SM2P256V1FieldElement.class starting
/org/bouncycastle/math/ec/custom/gm/SM2P256V1FieldElement.class DONE
/org/bouncycastle/math/ec/custom/gm/SM2P256V1FieldElement.class starting
/org/bouncycastle/math/ec/custom/gm/SM2P256V1FieldElement.class DONE
/org/bouncycastle/math/ec/custom/gm/SM2P256V1FieldElement.class starting
/org/bouncycastle/math/ec/custom/gm/SM2P256V1FieldElement.class DONE
/org/bouncycastle/math/ec/custom/gm/SM2P256V1FieldElement.class starting
/org/bouncycastle/math/ec/custom/gm/SM2P256V1FieldElement.class DONE
/org/bouncycastle/math/ec/custom/gm/SM2P256V1FieldElement.class starting
/org/bouncycastle/math/ec/custom/gm/SM2P256V1FieldElement.class DONE
/org/bouncycastle/math/ec/custom/gm/SM2P256V1FieldElement.class starting
/org/bouncycastle/math/ec/custom/gm/SM2P256V1FieldElement.class DONE
/org/bouncycastle/math/ec/custom/gm/SM2P256V1FieldElement.class starting
/org/bouncycastle/math/ec/custom/gm/SM2P256V1FieldElement.class DONE
/org/bouncycastle/math/ec/custom/gm/SM2P256V1FieldElement.class starting
/org/bouncycastle/math/ec/custom/gm/SM2P256V1FieldElement.class DONE
/org/bouncycastle/math/ec/custom/gm/SM2P256V1FieldElement.class starting
/org/bouncycastle/math/ec/custom/gm/SM2P256V1FieldElement.class DONE
/org/bouncycastle/math/ec/custom/gm/SM2P256V1FieldElement.class starting
/org/bouncycastle/math/ec/custom/gm/SM2P256V1FieldElement.class DONE
/org/bouncycastle/math/ec/custom/gm/SM2P256V1FieldElement.class starting
/org/bouncycastle/math/ec/custom/gm/SM2P256V1FieldElement.class DONE
/org/bouncycastle/math/ec/custom/gm/SM2P256V1FieldElement.class starting
/org/bouncycastle/math/ec/custom/gm/SM2P256V1FieldElement.class DONE
/org/bouncycastle/math/ec/custom/gm/SM2P256V1FieldElement.class starting
/org/bouncycastle/math/ec/custom/gm/SM2P256V1FieldElement.class DONE
/org/bouncycastle/math/ec/custom/gm/SM2P256V1FieldElement.class starting
/org/bouncycastle/math/ec/custom/gm/SM2P256V1FieldElement.class DONE
/org/bouncycastle/math/ec/custom/gm/SM2P256V1FieldElement.class starting
/org/bouncycastle/math/ec/custom/gm/SM2P256V1FieldElement.class DONE
/org/bouncycastle/math/ec/custom/gm/SM2P256V1FieldElement.class starting
/org/bouncycastle/math/ec/custom/gm/SM2P256V1FieldElement.class DONE
/org/bouncycastle/math/ec/custom/gm/SM2P256V1FieldElement.class starting
/org/bouncycastle/math/ec/custom/gm/SM2P256V1FieldElement.class DONE
/org/bouncycastle/math/ec/custom/gm/SM2P256V1FieldElement.class starting
/org/bouncycastle/math/ec/custom/gm/SM2P256V1FieldElement.class DONE
/org/bouncycastle/math/ec/custom/gm/SM2P256V1FieldElement.class starting
/org/bouncycastle/math/ec/custom/gm/SM2P256V1FieldElement.class DONE
/org/bouncycastle/math/ec/custom/gm/SM2P256V1FieldElement.class starting
/org/bouncycastle/math/ec/custom/gm/SM2P256V1FieldElement.class DONE
/org/bouncycastle/math/ec/custom/gm/SM2P256V1FieldElement.class starting
/org/bouncycastle/math/ec/custom/gm/SM2P256V1FieldElement.class DONE
/org/bouncycastle/math/ec/custom/gm/SM2P256V1FieldElement.class starting
/org/bouncycastle/math/ec/custom/gm/SM2P256V1FieldElement.class DONE
/org/bouncycastle/math/ec/custom/gm/SM2P256V1FieldElement.class starting
/org/bouncycastle/math/ec/custom/gm/SM2P256V1FieldElement.class DONE
/org/bouncycastle/math/ec/custom/gm/SM2P256V1FieldElement.class starting
/org/bouncycastle/math/ec/custom/gm/SM2P256V1FieldElement.class DONE
/org/bouncycastle/math/ec/custom/gm/SM2P256V1FieldElement.class starting
/org/bouncycastle/math/ec/custom/gm/SM2P256V1FieldElement.class DONE
/org/bouncycastle/math/ec/custom/gm/SM2P256V1FieldElement.class starting
/org/bouncycastle/math/ec/custom/gm/SM2P256V1FieldElement.class DONE
/org/bouncycastle/math/ec/custom/gm/SM2P256V1FieldElement.class starting
/org/bouncycastle/math/ec/custom/gm/SM2P256V1FieldElement.class DONE
/org/bouncycastle/math/ec/custom/gm/SM2P256V1FieldElement.class starting
/org/bouncycastle/math/ec/custom/gm/SM2P256V1FieldElement.class DONE
/org/bouncycastle/math/ec/custom/gm/SM2P256V1FieldElement.class starting
/org/bouncycastle/math/ec/custom/gm/SM2P256V1FieldElement.class DONE
/org/bouncycastle/math/ec/custom/gm/SM2P256V1FieldElement.class starting
/org/bouncycastle/math/ec/custom/gm/SM2P256V1FieldElement.class DONE
/org/bouncycastle/math/ec/custom/gm/SM2P256V1FieldElement.class starting
/org/bouncycastle/math/ec/custom/gm/SM2P256V1FieldElement.class DONE
/org/bouncycastle/math/ec/custom/gm/SM2P256V1FieldElement.class starting
/org/bouncycastle/math/ec/custom/gm/SM2P256V1FieldElement.class DONE
/org/bouncycastle/math/ec/custom/gm/SM2P256V1FieldElement.class starting
/org/bouncycastle/math/ec/custom/gm/SM2P256V1FieldElement.class DONE
/org/bouncycastle/math/ec/custom/gm/SM2P256V1FieldElement.class starting
/org/bouncycastle/math/ec/custom/gm/SM2P256V1FieldElement.class DONE
/org/bouncycastle/math/ec/custom/gm/SM2P256V1FieldElement.class starting
/org/bouncycastle/math/ec/custom/gm/SM2P256V1FieldElement.class DONE
/org/bouncycastle/math/ec/custom/gm/SM2P256V1FieldElement.class starting
/org/bouncycastle/math/ec/custom/gm/SM2P256V1FieldElement.class DONE
/org/bouncycastle/math/ec/custom/gm/SM2P256V1FieldElement.class starting
/org/bouncycastle/math/ec/custom/gm/SM2P256V1FieldElement.class DONE
/org/bouncycastle/math/ec/custom/gm/SM2P256V1FieldElement.class starting
/org/bouncycastle/math/ec/custom/gm/SM2P256V1FieldElement.class DONE
/org/bouncycastle/math/ec/custom/gm/SM2P256V1FieldElement.class starting
/org/bouncycastle/math/ec/custom/gm/SM2P256V1FieldElement.class DONE
/org/bouncycastle/math/ec/custom/gm/SM2P256V1FieldElement.class starting
/org/bouncycastle/math/ec/custom/gm/SM2P256V1FieldElement.class DONE
/org/bouncycastle/math/ec/custom/gm/SM2P256V1FieldElement.class starting
/org/bouncycastle/math/ec/custom/gm/SM2P256V1FieldElement.class DONE
/org/bouncycastle/math/ec/custom/gm/SM2P256V1FieldElement.class starting
/org/bouncycastle/math/ec/custom/gm/SM2P256V1FieldElement.class DONE
/org/bouncycastle/math/ec/custom/gm/SM2P256V1FieldElement.class starting
/org/bouncycastle/math/ec/custom/gm/SM2P256V1FieldElement.class DONE
/org/bouncycastle/math/ec/custom/gm/SM2P256V1FieldElement.class starting
/org/bouncycastle/math/ec/custom/gm/SM2P256V1FieldElement.class DONE
/org/bouncycastle/math/ec/custom/gm/SM2P256V1FieldElement.class starting
/org/bouncycastle/math/ec/custom/gm/SM2P256V1FieldElement.class DONE
/org/bouncycastle/math/ec/custom/gm/SM2P256V1FieldElement.class starting
/org/bouncycastle/math/ec/custom/gm/SM2P256V1FieldElement.class DONE
/org/bouncycastle/math/ec/custom/gm/SM2P256V1FieldElement.class starting
/org/bouncycastle/math/ec/custom/gm/SM2P256V1FieldElement.class DONE
/org/bouncycastle/math/ec/custom/gm/SM2P256V1FieldElement.class starting
/org/bouncycastle/math/ec/custom/gm/SM2P256V1FieldElement.class DONE
/org/bouncycastle/math/ec/custom/gm/SM2P256V1FieldElement.class starting
/org/bouncycastle/math/ec/custom/gm/SM2P256V1FieldElement.class DONE
/org/bouncycastle/math/ec/custom/gm/SM2P256V1FieldElement.class starting
/org/bouncycastle/math/ec/custom/gm/SM2P256V1FieldElement.class DONE
/org/bouncycastle/math/ec/custom/gm/SM2P256V1FieldElement.class starting
/org/bouncycastle/math/ec/custom/gm/SM2P256V1FieldElement.class DONE
/org/bouncycastle/math/ec/custom/gm/SM2P256V1FieldElement.class starting
/org/bouncycastle/math/ec/custom/gm/SM2P256V1FieldElement.class DONE
/org/bouncycastle/math/ec/custom/gm/SM2P256V1FieldElement.class starting
/org/bouncycastle/math/ec/custom/gm/SM2P256V1FieldElement.class DONE
/org/bouncycastle/math/ec/custom/gm/SM2P256V1FieldElement.class starting
/org/bouncycastle/math/ec/custom/gm/SM2P256V1FieldElement.class DONE
/org/bouncycastle/math/ec/custom/gm/SM2P256V1FieldElement.class starting
/org/bouncycastle/math/ec/custom/gm/SM2P256V1FieldElement.class DONE
/org/bouncycastle/math/ec/custom/gm/SM2P256V1FieldElement.class starting
/org/bouncycastle/math/ec/custom/gm/SM2P256V1FieldElement.class DONE
/org/bouncycastle/math/ec/custom/gm/SM2P256V1FieldElement.class starting
/org/bouncycastle/math/ec/custom/gm/SM2P256V1FieldElement.class DONE
/org/bouncycastle/math/ec/custom/gm/SM2P256V1FieldElement.class starting
/org/bouncycastle/math/ec/custom/gm/SM2P256V1FieldElement.class DONE
/org/bouncycastle/math/ec/custom/gm/SM2P256V1FieldElement.class starting
/org/bouncycastle/math/ec/custom/gm/SM2P256V1FieldElement.class DONE
/org/bouncycastle/math/ec/custom/gm/SM2P256V1FieldElement.class starting
/org/bouncycastle/math/ec/custom/gm/SM2P256V1FieldElement.class DONE
/org/bouncycastle/math/ec/custom/gm/SM2P256V1FieldElement.class starting
/org/bouncycastle/math/ec/custom/gm/SM2P256V1FieldElement.class DONE
/org/bouncycastle/math/ec/custom/gm/SM2P256V1FieldElement.class starting
/org/bouncycastle/math/ec/custom/gm/SM2P256V1FieldElement.class DONE
/org/bouncycastle/math/ec/custom/gm/SM2P256V1FieldElement.class starting
/org/bouncycastle/math/ec/custom/gm/SM2P256V1FieldElement.class DONE
/org/bouncycastle/math/ec/custom/gm/SM2P256V1FieldElement.class starting
/org/bouncycastle/math/ec/custom/gm/SM2P256V1FieldElement.class DONE
/org/bouncycastle/math/ec/custom/gm/SM2P256V1FieldElement.class starting
/org/bouncycastle/math/ec/custom/gm/SM2P256V1FieldElement.class DONE
/org/bouncycastle/math/ec/custom/gm/SM2P256V1FieldElement.class starting
/org/bouncycastle/math/ec/custom/gm/SM2P256V1FieldElement.class DONE
/org/bouncycastle/math/ec/custom/gm/SM2P256V1FieldElement.class starting
/org/bouncycastle/math/ec/custom/gm/SM2P256V1FieldElement.class DONE
/org/bouncycastle/math/ec/custom/gm/SM2P256V1FieldElement.class starting
/org/bouncycastle/math/ec/custom/gm/SM2P256V1FieldElement.class DONE
/org/bouncycastle/math/ec/custom/gm/SM2P256V1FieldElement.class starting
/org/bouncycastle/math/ec/custom/gm/SM2P256V1FieldElement.class DONE
/org/bouncycastle/math/ec/custom/gm/SM2P256V1FieldElement.class starting
/org/bouncycastle/math/ec/custom/gm/SM2P256V1FieldElement.class DONE
/org/bouncycastle/math/ec/custom/gm/SM2P256V1FieldElement.class starting
/org/bouncycastle/math/ec/custom/gm/SM2P256V1FieldElement.class DONE
/org/bouncycastle/math/ec/custom/gm/SM2P256V1FieldElement.class starting
/org/bouncycastle/math/ec/custom/gm/SM2P256V1FieldElement.class DONE
/org/bouncycastle/math/ec/custom/gm/SM2P256V1FieldElement.class starting
/org/bouncycastle/math/ec/custom/gm/SM2P256V1FieldElement.class DONE
/org/bouncycastle/math/ec/custom/gm/SM2P256V1FieldElement.class starting
/org/bouncycastle/math/ec/custom/gm/SM2P256V1FieldElement.class DONE
/org/bouncycastle/math/ec/custom/gm/SM2P256V1FieldElement.class starting
/org/bouncycastle/math/ec/custom/gm/SM2P256V1FieldElement.class DONE
/org/bouncycastle/math/ec/custom/gm/SM2P256V1FieldElement.class starting
/org/bouncycastle/math/ec/custom/gm/SM2P256V1FieldElement.class DONE
/org/bouncycastle/math/ec/custom/gm/SM2P256V1FieldElement.class starting
/org/bouncycastle/math/ec/custom/gm/SM2P256V1FieldElement.class DONE
/org/bouncycastle/math/ec/custom/gm/SM2P256V1FieldElement.class starting
/org/bouncycastle/math/ec/custom/gm/SM2P256V1FieldElement.class DONE
/org/bouncycastle/math/ec/custom/gm/SM2P256V1FieldElement.class starting
/org/bouncycastle/math/ec/custom/gm/SM2P256V1FieldElement.class DONE
/org/bouncycastle/math/ec/custom/gm/SM2P256V1FieldElement.class starting
/org/bouncycastle/math/ec/custom/gm/SM2P256V1FieldElement.class DONE
/org/bouncycastle/math/ec/custom/gm/SM2P256V1FieldElement.class starting
/org/bouncycastle/math/ec/custom/gm/SM2P256V1FieldElement.class DONE
/org/bouncycastle/math/ec/custom/gm/SM2P256V1FieldElement.class starting
/org/bouncycastle/math/ec/custom/gm/SM2P256V1FieldElement.class DONE
/org/bouncycastle/math/ec/custom/gm/SM2P256V1FieldElement.class starting
/org/bouncycastle/math/ec/custom/gm/SM2P256V1FieldElement.class DONE
/org/bouncycastle/math/ec/custom/gm/SM2P256V1FieldElement.class starting
/org/bouncycastle/math/ec/custom/gm/SM2P256V1FieldElement.class DONE
/org/bouncycastle/math/ec/custom/gm/SM2P256V1FieldElement.class starting
/org/bouncycastle/math/ec/custom/gm/SM2P256V1FieldElement.class DONE
/org/bouncycastle/math/ec/custom/gm/SM2P256V1FieldElement.class starting
/org/bouncycastle/math/ec/custom/gm/SM2P256V1FieldElement.class DONE
/org/bouncycastle/math/ec/custom/gm/SM2P256V1FieldElement.class starting
/org/bouncycastle/math/ec/custom/gm/SM2P256V1FieldElement.class DONE
/org/bouncycastle/math/ec/custom/gm/SM2P256V1FieldElement.class starting
/org/bouncycastle/math/ec/custom/gm/SM2P256V1FieldElement.class DONE
/org/bouncycastle/math/ec/custom/gm/SM2P256V1FieldElement.class starting
/org/bouncycastle/math/ec/custom/gm/SM2P256V1FieldElement.class DONE
/org/bouncycastle/math/ec/custom/gm/SM2P256V1FieldElement.class starting
/org/bouncycastle/math/ec/custom/gm/SM2P256V1FieldElement.class DONE
/org/bouncycastle/math/ec/custom/gm/SM2P256V1FieldElement.class starting
/org/bouncycastle/math/ec/custom/gm/SM2P256V1FieldElement.class DONE
/org/bouncycastle/math/ec/custom/gm/SM2P256V1FieldElement.class starting
/org/bouncycastle/math/ec/custom/gm/SM2P256V1FieldElement.class DONE
/org/bouncycastle/math/ec/custom/gm/SM2P256V1FieldElement.class starting
/org/bouncycastle/math/ec/custom/gm/SM2P256V1FieldElement.class DONE
/org/bouncycastle/math/ec/custom/gm/SM2P256V1FieldElement.class starting
/org/bouncycastle/math/ec/custom/gm/SM2P256V1FieldElement.class DONE
/org/bouncycastle/math/ec/custom/gm/SM2P256V1FieldElement.class starting
/org/bouncycastle/math/ec/custom/gm/SM2P256V1FieldElement.class DONE
/org/bouncycastle/math/ec/custom/gm/SM2P256V1FieldElement.class starting
/org/bouncycastle/math/ec/custom/gm/SM2P256V1FieldElement.class DONE
/org/bouncycastle/math/ec/custom/gm/SM2P256V1FieldElement.class starting
/org/bouncycastle/math/ec/custom/gm/SM2P256V1FieldElement.class DONE
/org/bouncycastle/math/ec/custom/gm/SM2P256V1FieldElement.class starting
/org/bouncycastle/math/ec/custom/gm/SM2P256V1FieldElement.class DONE
/org/bouncycastle/math/ec/custom/gm/SM2P256V1FieldElement.class starting
/org/bouncycastle/math/ec/custom/gm/SM2P256V1FieldElement.class DONE
/org/bouncycastle/math/ec/custom/gm/SM2P256V1FieldElement.class starting
/org/bouncycastle/math/ec/custom/gm/SM2P256V1FieldElement.class DONE
/org/bouncycastle/math/ec/custom/gm/SM2P256V1FieldElement.class starting
/org/bouncycastle/math/ec/custom/gm/SM2P256V1FieldElement.class DONE
/org/bouncycastle/math/ec/custom/gm/SM2P256V1FieldElement.class starting
/org/bouncycastle/math/ec/custom/gm/SM2P256V1FieldElement.class DONE
/org/bouncycastle/math/ec/custom/gm/SM2P256V1FieldElement.class starting
/org/bouncycastle/math/ec/custom/gm/SM2P256V1FieldElement.class DONE
/org/bouncycastle/math/ec/custom/gm/SM2P256V1FieldElement.class starting
/org/bouncycastle/math/ec/custom/gm/SM2P256V1FieldElement.class DONE
/org/bouncycastle/math/ec/custom/gm/SM2P256V1FieldElement.class starting
/org/bouncycastle/math/ec/custom/gm/SM2P256V1FieldElement.class DONE
/org/bouncycastle/math/ec/custom/gm/SM2P256V1FieldElement.class starting
/org/bouncycastle/math/ec/custom/gm/SM2P256V1FieldElement.class DONE
/org/bouncycastle/math/ec/custom/gm/SM2P256V1FieldElement.class starting
/org/bouncycastle/math/ec/custom/gm/SM2P256V1FieldElement.class DONE
/org/bouncycastle/math/ec/custom/gm/SM2P256V1FieldElement.class starting
/org/bouncycastle/math/ec/custom/gm/SM2P256V1FieldElement.class DONE
/org/bouncycastle/math/ec/custom/gm/SM2P256V1FieldElement.class starting
/org/bouncycastle/math/ec/custom/gm/SM2P256V1FieldElement.class DONE
/org/bouncycastle/math/ec/custom/gm/SM2P256V1FieldElement.class starting
/org/bouncycastle/math/ec/custom/gm/SM2P256V1FieldElement.class DONE
/org/bouncycastle/math/ec/custom/gm/SM2P256V1FieldElement.class starting
/org/bouncycastle/math/ec/custom/gm/SM2P256V1FieldElement.class DONE
/org/bouncycastle/math/ec/custom/gm/SM2P256V1FieldElement.class starting
/org/bouncycastle/math/ec/custom/gm/SM2P256V1FieldElement.class DONE
/org/bouncycastle/math/ec/custom/gm/SM2P256V1FieldElement.class starting
/org/bouncycastle/math/ec/custom/gm/SM2P256V1FieldElement.class DONE
/org/bouncycastle/math/ec/custom/gm/SM2P256V1FieldElement.class starting
/org/bouncycastle/math/ec/custom/gm/SM2P256V1FieldElement.class DONE
/org/bouncycastle/math/ec/custom/gm/SM2P256V1FieldElement.class starting
/org/bouncycastle/math/ec/custom/gm/SM2P256V1FieldElement.class DONE
/org/bouncycastle/math/ec/custom/gm/SM2P256V1FieldElement.class starting
/org/bouncycastle/math/ec/custom/gm/SM2P256V1FieldElement.class DONE
/org/bouncycastle/math/ec/custom/gm/SM2P256V1FieldElement.class starting
/org/bouncycastle/math/ec/custom/gm/SM2P256V1FieldElement.class DONE
/org/bouncycastle/math/ec/custom/gm/SM2P256V1FieldElement.class starting
/org/bouncycastle/math/ec/custom/gm/SM2P256V1FieldElement.class DONE
/org/bouncycastle/math/ec/custom/gm/SM2P256V1FieldElement.class starting
/org/bouncycastle/math/ec/custom/gm/SM2P256V1FieldElement.class DONE
/org/bouncycastle/math/ec/custom/gm/SM2P256V1FieldElement.class starting
/org/bouncycastle/math/ec/custom/gm/SM2P256V1FieldElement.class DONE
/org/bouncycastle/math/ec/custom/gm/SM2P256V1FieldElement.class starting
/org/bouncycastle/math/ec/custom/gm/SM2P256V1FieldElement.class DONE
/org/bouncycastle/math/ec/custom/gm/SM2P256V1FieldElement.class starting
/org/bouncycastle/math/ec/custom/gm/SM2P256V1FieldElement.class DONE
/org/bouncycastle/math/ec/custom/gm/SM2P256V1FieldElement.class starting
/org/bouncycastle/math/ec/custom/gm/SM2P256V1FieldElement.class DONE
/org/bouncycastle/math/ec/custom/gm/SM2P256V1FieldElement.class starting
/org/bouncycastle/math/ec/custom/gm/SM2P256V1FieldElement.class DONE
/org/bouncycastle/math/ec/custom/gm/SM2P256V1FieldElement.class starting
/org/bouncycastle/math/ec/custom/gm/SM2P256V1FieldElement.class DONE
/org/bouncycastle/math/ec/custom/gm/SM2P256V1FieldElement.class starting
/org/bouncycastle/math/ec/custom/gm/SM2P256V1FieldElement.class DONE
/org/bouncycastle/math/ec/custom/gm/SM2P256V1FieldElement.class starting
/org/bouncycastle/math/ec/custom/gm/SM2P256V1FieldElement.class DONE
/org/bouncycastle/math/ec/custom/gm/SM2P256V1FieldElement.class starting
/org/bouncycastle/math/ec/custom/gm/SM2P256V1FieldElement.class DONE
/org/bouncycastle/math/ec/custom/gm/SM2P256V1FieldElement.class starting
/org/bouncycastle/math/ec/custom/gm/SM2P256V1FieldElement.class DONE
/org/bouncycastle/math/ec/custom/gm/SM2P256V1FieldElement.class starting
/org/bouncycastle/math/ec/custom/gm/SM2P256V1FieldElement.class DONE
/org/bouncycastle/math/ec/custom/gm/SM2P256V1FieldElement.class starting
/org/bouncycastle/math/ec/custom/gm/SM2P256V1FieldElement.class DONE
/org/bouncycastle/math/ec/custom/gm/SM2P256V1FieldElement.class starting
/org/bouncycastle/math/ec/custom/gm/SM2P256V1FieldElement.class DONE
/org/bouncycastle/math/ec/custom/gm/SM2P256V1FieldElement.class starting
/org/bouncycastle/math/ec/custom/gm/SM2P256V1FieldElement.class DONE
/org/bouncycastle/math/ec/custom/gm/SM2P256V1FieldElement.class starting
/org/bouncycastle/math/ec/custom/gm/SM2P256V1FieldElement.class DONE
/org/bouncycastle/math/ec/custom/gm/SM2P256V1FieldElement.class starting
/org/bouncycastle/math/ec/custom/gm/SM2P256V1FieldElement.class DONE
/org/bouncycastle/math/ec/custom/gm/SM2P256V1FieldElement.class starting
/org/bouncycastle/math/ec/custom/gm/SM2P256V1FieldElement.class DONE
/org/bouncycastle/math/ec/custom/gm/SM2P256V1FieldElement.class starting
/org/bouncycastle/math/ec/custom/gm/SM2P256V1FieldElement.class DONE
/org/bouncycastle/math/ec/custom/gm/SM2P256V1FieldElement.class starting
/org/bouncycastle/math/ec/custom/gm/SM2P256V1FieldElement.class DONE
/org/bouncycastle/math/ec/custom/gm/SM2P256V1FieldElement.class starting
/org/bouncycastle/math/ec/custom/gm/SM2P256V1FieldElement.class DONE
/org/bouncycastle/math/ec/custom/gm/SM2P256V1FieldElement.class starting
/org/bouncycastle/math/ec/custom/gm/SM2P256V1FieldElement.class DONE
/org/bouncycastle/math/ec/custom/gm/SM2P256V1FieldElement.class starting
/org/bouncycastle/math/ec/custom/gm/SM2P256V1FieldElement.class DONE
/org/bouncycastle/math/ec/custom/gm/SM2P256V1FieldElement.class starting
/org/bouncycastle/math/ec/custom/gm/SM2P256V1FieldElement.class DONE
/org/bouncycastle/math/ec/custom/gm/SM2P256V1FieldElement.class starting
/org/bouncycastle/math/ec/custom/gm/SM2P256V1FieldElement.class DONE
/org/bouncycastle/math/ec/custom/gm/SM2P256V1FieldElement.class starting
/org/bouncycastle/math/ec/custom/gm/SM2P256V1FieldElement.class DONE
/org/bouncycastle/math/ec/custom/gm/SM2P256V1FieldElement.class starting
/org/bouncycastle/math/ec/custom/gm/SM2P256V1FieldElement.class DONE
/org/bouncycastle/math/ec/custom/gm/SM2P256V1FieldElement.class starting
/org/bouncycastle/math/ec/custom/gm/SM2P256V1FieldElement.class DONE
/org/bouncycastle/math/ec/custom/gm/SM2P256V1FieldElement.class starting
/org/bouncycastle/math/ec/custom/gm/SM2P256V1FieldElement.class DONE
/org/bouncycastle/math/ec/custom/gm/SM2P256V1FieldElement.class starting
/org/bouncycastle/math/ec/custom/gm/SM2P256V1FieldElement.class DONE
/org/bouncycastle/math/ec/custom/gm/SM2P256V1FieldElement.class starting
/org/bouncycastle/math/ec/custom/gm/SM2P256V1FieldElement.class DONE
/org/bouncycastle/math/ec/custom/gm/SM2P256V1FieldElement.class starting
/org/bouncycastle/math/ec/custom/gm/SM2P256V1FieldElement.class DONE
/org/bouncycastle/math/ec/custom/gm/SM2P256V1FieldElement.class starting
/org/bouncycastle/math/ec/custom/gm/SM2P256V1FieldElement.class DONE
/org/bouncycastle/math/ec/custom/gm/SM2P256V1FieldElement.class starting
/org/bouncycastle/math/ec/custom/gm/SM2P256V1FieldElement.class DONE
/org/bouncycastle/math/ec/custom/gm/SM2P256V1FieldElement.class starting
/org/bouncycastle/math/ec/custom/gm/SM2P256V1FieldElement.class DONE
/org/bouncycastle/math/ec/custom/gm/SM2P256V1FieldElement.class starting
/org/bouncycastle/math/ec/custom/gm/SM2P256V1FieldElement.class DONE
/org/bouncycastle/math/ec/custom/gm/SM2P256V1FieldElement.class starting
/org/bouncycastle/math/ec/custom/gm/SM2P256V1FieldElement.class DONE
/org/bouncycastle/math/ec/custom/gm/SM2P256V1FieldElement.class starting
/org/bouncycastle/math/ec/custom/gm/SM2P256V1FieldElement.class DONE
/org/bouncycastle/math/ec/custom/gm/SM2P256V1FieldElement.class starting
/org/bouncycastle/math/ec/custom/gm/SM2P256V1FieldElement.class DONE
/org/bouncycastle/math/ec/custom/gm/SM2P256V1FieldElement.class starting
/org/bouncycastle/math/ec/custom/gm/SM2P256V1FieldElement.class DONE
/org/bouncycastle/math/ec/custom/gm/SM2P256V1FieldElement.class starting
/org/bouncycastle/math/ec/custom/gm/SM2P256V1FieldElement.class DONE
/org/bouncycastle/math/ec/custom/gm/SM2P256V1FieldElement.class starting
/org/bouncycastle/math/ec/custom/gm/SM2P256V1FieldElement.class DONE
/org/bouncycastle/math/ec/custom/gm/SM2P256V1FieldElement.class starting
/org/bouncycastle/math/ec/custom/gm/SM2P256V1FieldElement.class DONE
/org/bouncycastle/math/ec/custom/gm/SM2P256V1FieldElement.class starting
/org/bouncycastle/math/ec/custom/gm/SM2P256V1FieldElement.class DONE
/org/bouncycastle/math/ec/custom/gm/SM2P256V1FieldElement.class starting
/org/bouncycastle/math/ec/custom/gm/SM2P256V1FieldElement.class DONE
/org/bouncycastle/math/ec/custom/gm/SM2P256V1FieldElement.class starting
/org/bouncycastle/math/ec/custom/gm/SM2P256V1FieldElement.class DONE
/org/bouncycastle/math/ec/custom/gm/SM2P256V1FieldElement.class starting
/org/bouncycastle/math/ec/custom/gm/SM2P256V1FieldElement.class DONE
/org/bouncycastle/math/ec/custom/gm/SM2P256V1FieldElement.class starting
/org/bouncycastle/math/ec/custom/gm/SM2P256V1FieldElement.class DONE
/org/bouncycastle/math/ec/custom/gm/SM2P256V1FieldElement.class starting
/org/bouncycastle/math/ec/custom/gm/SM2P256V1FieldElement.class DONE
/org/bouncycastle/math/ec/custom/gm/SM2P256V1FieldElement.class starting
/org/bouncycastle/math/ec/custom/gm/SM2P256V1FieldElement.class DONE
/org/bouncycastle/math/ec/custom/gm/SM2P256V1FieldElement.class starting
/org/bouncycastle/math/ec/custom/gm/SM2P256V1FieldElement.class DONE
/org/bouncycastle/math/ec/custom/gm/SM2P256V1FieldElement.class starting
/org/bouncycastle/math/ec/custom/gm/SM2P256V1FieldElement.class DONE
/org/bouncycastle/math/ec/custom/gm/SM2P256V1FieldElement.class starting
/org/bouncycastle/math/ec/custom/gm/SM2P256V1FieldElement.class DONE
/org/bouncycastle/math/ec/custom/gm/SM2P256V1FieldElement.class starting
/org/bouncycastle/math/ec/custom/gm/SM2P256V1FieldElement.class DONE
/org/bouncycastle/math/ec/custom/gm/SM2P256V1FieldElement.class starting
/org/bouncycastle/math/ec/custom/gm/SM2P256V1FieldElement.class DONE
/org/bouncycastle/math/ec/custom/gm/SM2P256V1FieldElement.class starting
/org/bouncycastle/math/ec/custom/gm/SM2P256V1FieldElement.class DONE
/org/bouncycastle/math/ec/custom/gm/SM2P256V1FieldElement.class starting
/org/bouncycastle/math/ec/custom/gm/SM2P256V1FieldElement.class DONE
/org/bouncycastle/math/ec/custom/gm/SM2P256V1FieldElement.class starting
/org/bouncycastle/math/ec/custom/gm/SM2P256V1FieldElement.class DONE
/org/bouncycastle/math/ec/custom/gm/SM2P256V1FieldElement.class starting
/org/bouncycastle/math/ec/custom/gm/SM2P256V1FieldElement.class DONE
/org/bouncycastle/math/ec/custom/gm/SM2P256V1FieldElement.class starting
/org/bouncycastle/math/ec/custom/gm/SM2P256V1FieldElement.class DONE
/org/bouncycastle/math/ec/custom/gm/SM2P256V1FieldElement.class starting
/org/bouncycastle/math/ec/custom/gm/SM2P256V1FieldElement.class DONE
/org/bouncycastle/math/ec/custom/gm/SM2P256V1FieldElement.class starting
/org/bouncycastle/math/ec/custom/gm/SM2P256V1FieldElement.class DONE
/org/bouncycastle/math/ec/custom/gm/SM2P256V1FieldElement.class starting
/org/bouncycastle/math/ec/custom/gm/SM2P256V1FieldElement.class DONE
/org/bouncycastle/math/ec/custom/gm/SM2P256V1FieldElement.class starting
/org/bouncycastle/math/ec/custom/gm/SM2P256V1FieldElement.class DONE
/org/bouncycastle/math/ec/custom/gm/SM2P256V1FieldElement.class starting
/org/bouncycastle/math/ec/custom/gm/SM2P256V1FieldElement.class DONE
/org/bouncycastle/math/ec/custom/gm/SM2P256V1FieldElement.class starting
/org/bouncycastle/math/ec/custom/gm/SM2P256V1FieldElement.class DONE
/org/bouncycastle/math/ec/custom/gm/SM2P256V1FieldElement.class starting
/org/bouncycastle/math/ec/custom/gm/SM2P256V1FieldElement.class DONE
/org/bouncycastle/math/ec/custom/gm/SM2P256V1FieldElement.class starting
/org/bouncycastle/math/ec/custom/gm/SM2P256V1FieldElement.class DONE
/org/bouncycastle/math/ec/custom/gm/SM2P256V1FieldElement.class starting
/org/bouncycastle/math/ec/custom/gm/SM2P256V1FieldElement.class DONE
/org/bouncycastle/math/ec/custom/gm/SM2P256V1FieldElement.class starting
/org/bouncycastle/math/ec/custom/gm/SM2P256V1FieldElement.class DONE
/org/bouncycastle/math/ec/custom/gm/SM2P256V1FieldElement.class starting
/org/bouncycastle/math/ec/custom/gm/SM2P256V1FieldElement.class DONE
/org/bouncycastle/math/ec/custom/gm/SM2P256V1FieldElement.class starting
/org/bouncycastle/math/ec/custom/gm/SM2P256V1FieldElement.class DONE
/org/bouncycastle/math/ec/custom/gm/SM2P256V1FieldElement.class starting
/org/bouncycastle/math/ec/custom/gm/SM2P256V1FieldElement.class DONE
/org/bouncycastle/math/ec/custom/gm/SM2P256V1FieldElement.class starting
/org/bouncycastle/math/ec/custom/gm/SM2P256V1FieldElement.class DONE
/org/bouncycastle/math/ec/custom/gm/SM2P256V1FieldElement.class starting
/org/bouncycastle/math/ec/custom/gm/SM2P256V1FieldElement.class DONE
/org/bouncycastle/math/ec/custom/gm/SM2P256V1FieldElement.class starting
/org/bouncycastle/math/ec/custom/gm/SM2P256V1FieldElement.class DONE
/org/bouncycastle/math/ec/custom/gm/SM2P256V1FieldElement.class starting
/org/bouncycastle/math/ec/custom/gm/SM2P256V1FieldElement.class DONE
/org/bouncycastle/math/ec/custom/gm/SM2P256V1FieldElement.class starting
/org/bouncycastle/math/ec/custom/gm/SM2P256V1FieldElement.class DONE
/org/bouncycastle/math/ec/custom/gm/SM2P256V1FieldElement.class starting
/org/bouncycastle/math/ec/custom/gm/SM2P256V1FieldElement.class DONE
/org/bouncycastle/math/ec/custom/gm/SM2P256V1FieldElement.class starting
/org/bouncycastle/math/ec/custom/gm/SM2P256V1FieldElement.class DONE
/org/bouncycastle/math/ec/custom/gm/SM2P256V1FieldElement.class starting
/org/bouncycastle/math/ec/custom/gm/SM2P256V1FieldElement.class DONE
/org/bouncycastle/math/ec/custom/gm/SM2P256V1FieldElement.class starting
/org/bouncycastle/math/ec/custom/gm/SM2P256V1FieldElement.class DONE
/org/bouncycastle/math/ec/custom/gm/SM2P256V1FieldElement.class starting
/org/bouncycastle/math/ec/custom/gm/SM2P256V1FieldElement.class DONE
/org/bouncycastle/math/ec/custom/gm/SM2P256V1FieldElement.class starting
/org/bouncycastle/math/ec/custom/gm/SM2P256V1FieldElement.class DONE
/org/bouncycastle/math/ec/custom/gm/SM2P256V1FieldElement.class starting
/org/bouncycastle/math/ec/custom/gm/SM2P256V1FieldElement.class DONE
/org/bouncycastle/math/ec/custom/gm/SM2P256V1FieldElement.class starting
/org/bouncycastle/math/ec/custom/gm/SM2P256V1FieldElement.class DONE
/org/bouncycastle/math/ec/custom/gm/SM2P256V1FieldElement.class starting
/org/bouncycastle/math/ec/custom/gm/SM2P256V1FieldElement.class DONE
/org/bouncycastle/math/ec/custom/gm/SM2P256V1FieldElement.class starting
/org/bouncycastle/math/ec/custom/gm/SM2P256V1FieldElement.class DONE
/org/bouncycastle/math/ec/custom/gm/SM2P256V1FieldElement.class starting
/org/bouncycastle/math/ec/custom/gm/SM2P256V1FieldElement.class DONE
/org/bouncycastle/math/ec/custom/gm/SM2P256V1FieldElement.class starting
/org/bouncycastle/math/ec/custom/gm/SM2P256V1FieldElement.class DONE
/org/bouncycastle/math/ec/custom/gm/SM2P256V1FieldElement.class starting
/org/bouncycastle/math/ec/custom/gm/SM2P256V1FieldElement.class DONE
/org/bouncycastle/math/ec/custom/gm/SM2P256V1FieldElement.class starting
/org/bouncycastle/math/ec/custom/gm/SM2P256V1FieldElement.class DONE
/org/bouncycastle/math/ec/custom/gm/SM2P256V1FieldElement.class starting
/org/bouncycastle/math/ec/custom/gm/SM2P256V1FieldElement.class DONE
/org/bouncycastle/math/ec/custom/gm/SM2P256V1FieldElement.class starting
/org/bouncycastle/math/ec/custom/gm/SM2P256V1FieldElement.class DONE
/org/bouncycastle/math/ec/custom/gm/SM2P256V1FieldElement.class starting
/org/bouncycastle/math/ec/custom/gm/SM2P256V1FieldElement.class DONE
/org/bouncycastle/math/ec/custom/gm/SM2P256V1FieldElement.class starting
/org/bouncycastle/math/ec/custom/gm/SM2P256V1FieldElement.class DONE
/org/bouncycastle/math/ec/custom/gm/SM2P256V1FieldElement.class starting
/org/bouncycastle/math/ec/custom/gm/SM2P256V1FieldElement.class DONE
/org/bouncycastle/math/ec/custom/gm/SM2P256V1FieldElement.class starting
/org/bouncycastle/math/ec/custom/gm/SM2P256V1FieldElement.class DONE
/org/bouncycastle/math/ec/custom/gm/SM2P256V1FieldElement.class starting
/org/bouncycastle/math/ec/custom/gm/SM2P256V1FieldElement.class DONE
/org/bouncycastle/math/ec/custom/gm/SM2P256V1FieldElement.class starting
/org/bouncycastle/math/ec/custom/gm/SM2P256V1FieldElement.class DONE
/org/bouncycastle/math/ec/custom/gm/SM2P256V1FieldElement.class starting
/org/bouncycastle/math/ec/custom/gm/SM2P256V1FieldElement.class DONE
/org/bouncycastle/math/ec/custom/gm/SM2P256V1FieldElement.class starting
/org/bouncycastle/math/ec/custom/gm/SM2P256V1FieldElement.class DONE
/org/bouncycastle/math/ec/custom/gm/SM2P256V1FieldElement.class starting
/org/bouncycastle/math/ec/custom/gm/SM2P256V1FieldElement.class DONE
/org/bouncycastle/math/ec/custom/gm/SM2P256V1FieldElement.class starting
/org/bouncycastle/math/ec/custom/gm/SM2P256V1FieldElement.class DONE
/org/bouncycastle/math/ec/custom/gm/SM2P256V1FieldElement.class starting
/org/bouncycastle/math/ec/custom/gm/SM2P256V1FieldElement.class DONE
/org/bouncycastle/math/ec/custom/gm/SM2P256V1FieldElement.class starting
/org/bouncycastle/math/ec/custom/gm/SM2P256V1FieldElement.class DONE
/org/bouncycastle/math/ec/custom/gm/SM2P256V1FieldElement.class starting
/org/bouncycastle/math/ec/custom/gm/SM2P256V1FieldElement.class DONE
/org/bouncycastle/math/ec/custom/gm/SM2P256V1FieldElement.class starting
/org/bouncycastle/math/ec/custom/gm/SM2P256V1FieldElement.class DONE
/org/bouncycastle/math/ec/custom/gm/SM2P256V1FieldElement.class starting
/org/bouncycastle/math/ec/custom/gm/SM2P256V1FieldElement.class DONE
/org/bouncycastle/math/ec/custom/gm/SM2P256V1FieldElement.class starting
/org/bouncycastle/math/ec/custom/gm/SM2P256V1FieldElement.class DONE
/org/bouncycastle/math/ec/custom/gm/SM2P256V1FieldElement.class starting
/org/bouncycastle/math/ec/custom/gm/SM2P256V1FieldElement.class DONE
/org/bouncycastle/math/ec/custom/gm/SM2P256V1FieldElement.class starting
/org/bouncycastle/math/ec/custom/gm/SM2P256V1FieldElement.class DONE
/org/bouncycastle/math/ec/custom/gm/SM2P256V1FieldElement.class starting
/org/bouncycastle/math/ec/custom/gm/SM2P256V1FieldElement.class DONE
/org/bouncycastle/math/ec/custom/gm/SM2P256V1FieldElement.class starting
/org/bouncycastle/math/ec/custom/gm/SM2P256V1FieldElement.class DONE
/org/bouncycastle/math/ec/custom/gm/SM2P256V1FieldElement.class starting
/org/bouncycastle/math/ec/custom/gm/SM2P256V1FieldElement.class DONE
/org/bouncycastle/math/ec/custom/gm/SM2P256V1FieldElement.class starting
/org/bouncycastle/math/ec/custom/gm/SM2P256V1FieldElement.class DONE
/org/bouncycastle/math/ec/custom/gm/SM2P256V1FieldElement.class starting
/org/bouncycastle/math/ec/custom/gm/SM2P256V1FieldElement.class DONE
/org/bouncycastle/math/ec/custom/gm/SM2P256V1FieldElement.class starting
/org/bouncycastle/math/ec/custom/gm/SM2P256V1FieldElement.class DONE
/org/bouncycastle/math/ec/custom/gm/SM2P256V1FieldElement.class starting
/org/bouncycastle/math/ec/custom/gm/SM2P256V1FieldElement.class DONE
/org/bouncycastle/math/ec/custom/gm/SM2P256V1FieldElement.class starting
/org/bouncycastle/math/ec/custom/gm/SM2P256V1FieldElement.class DONE
/org/bouncycastle/math/ec/custom/gm/SM2P256V1FieldElement.class starting
/org/bouncycastle/math/ec/custom/gm/SM2P256V1FieldElement.class DONE
/org/bouncycastle/math/ec/custom/gm/SM2P256V1FieldElement.class starting
/org/bouncycastle/math/ec/custom/gm/SM2P256V1FieldElement.class DONE
/org/bouncycastle/math/ec/custom/gm/SM2P256V1FieldElement.class starting
/org/bouncycastle/math/ec/custom/gm/SM2P256V1FieldElement.class DONE
/org/bouncycastle/math/ec/custom/gm/SM2P256V1FieldElement.class starting
/org/bouncycastle/math/ec/custom/gm/SM2P256V1FieldElement.class DONE
/org/bouncycastle/math/ec/custom/gm/SM2P256V1FieldElement.class starting
/org/bouncycastle/math/ec/custom/gm/SM2P256V1FieldElement.class DONE
/org/bouncycastle/math/ec/custom/gm/SM2P256V1FieldElement.class starting
/org/bouncycastle/math/ec/custom/gm/SM2P256V1FieldElement.class DONE
/org/bouncycastle/math/ec/custom/gm/SM2P256V1FieldElement.class starting
/org/bouncycastle/math/ec/custom/gm/SM2P256V1FieldElement.class DONE
/org/bouncycastle/math/ec/custom/gm/SM2P256V1FieldElement.class starting
/org/bouncycastle/math/ec/custom/gm/SM2P256V1FieldElement.class DONE
/org/bouncycastle/math/ec/custom/gm/SM2P256V1FieldElement.class starting
/org/bouncycastle/math/ec/custom/gm/SM2P256V1FieldElement.class DONE
/org/bouncycastle/math/ec/custom/gm/SM2P256V1FieldElement.class starting
/org/bouncycastle/math/ec/custom/gm/SM2P256V1FieldElement.class DONE
/org/bouncycastle/math/ec/custom/gm/SM2P256V1FieldElement.class starting
/org/bouncycastle/math/ec/custom/gm/SM2P256V1FieldElement.class DONE
/org/bouncycastle/math/ec/custom/gm/SM2P256V1FieldElement.class starting
/org/bouncycastle/math/ec/custom/gm/SM2P256V1FieldElement.class DONE
/org/bouncycastle/math/ec/custom/gm/SM2P256V1FieldElement.class starting
/org/bouncycastle/math/ec/custom/gm/SM2P256V1FieldElement.class DONE
/org/bouncycastle/math/ec/custom/gm/SM2P256V1FieldElement.class starting
/org/bouncycastle/math/ec/custom/gm/SM2P256V1FieldElement.class DONE
/org/bouncycastle/math/ec/custom/gm/SM2P256V1FieldElement.class starting
/org/bouncycastle/math/ec/custom/gm/SM2P256V1FieldElement.class DONE
/org/bouncycastle/math/ec/custom/gm/SM2P256V1FieldElement.class starting
/org/bouncycastle/math/ec/custom/gm/SM2P256V1FieldElement.class DONE
/org/bouncycastle/math/ec/custom/gm/SM2P256V1FieldElement.class starting
/org/bouncycastle/math/ec/custom/gm/SM2P256V1FieldElement.class DONE
/org/bouncycastle/math/ec/custom/gm/SM2P256V1FieldElement.class starting
/org/bouncycastle/math/ec/custom/gm/SM2P256V1FieldElement.class DONE
/org/bouncycastle/math/ec/custom/gm/SM2P256V1FieldElement.class starting
/org/bouncycastle/math/ec/custom/gm/SM2P256V1FieldElement.class DONE
/org/bouncycastle/math/ec/custom/gm/SM2P256V1FieldElement.class starting
/org/bouncycastle/math/ec/custom/gm/SM2P256V1FieldElement.class DONE
/org/bouncycastle/math/ec/custom/gm/SM2P256V1FieldElement.class starting
/org/bouncycastle/math/ec/custom/gm/SM2P256V1FieldElement.class DONE
/org/bouncycastle/math/ec/custom/gm/SM2P256V1FieldElement.class starting
/org/bouncycastle/math/ec/custom/gm/SM2P256V1FieldElement.class DONE
/org/bouncycastle/math/ec/custom/gm/SM2P256V1FieldElement.class starting
/org/bouncycastle/math/ec/custom/gm/SM2P256V1FieldElement.class DONE
/org/bouncycastle/math/ec/custom/gm/SM2P256V1FieldElement.class starting
/org/bouncycastle/math/ec/custom/gm/SM2P256V1FieldElement.class DONE
/org/bouncycastle/math/ec/custom/gm/SM2P256V1FieldElement.class starting
/org/bouncycastle/math/ec/custom/gm/SM2P256V1FieldElement.class DONE
/org/bouncycastle/math/ec/custom/gm/SM2P256V1FieldElement.class starting
/org/bouncycastle/math/ec/custom/gm/SM2P256V1FieldElement.class DONE
/org/bouncycastle/math/ec/custom/gm/SM2P256V1FieldElement.class starting
/org/bouncycastle/math/ec/custom/gm/SM2P256V1FieldElement.class DONE
/org/bouncycastle/math/ec/custom/gm/SM2P256V1FieldElement.class starting
/org/bouncycastle/math/ec/custom/gm/SM2P256V1FieldElement.class DONE
/org/bouncycastle/math/ec/custom/gm/SM2P256V1FieldElement.class starting
/org/bouncycastle/math/ec/custom/gm/SM2P256V1FieldElement.class DONE
/org/bouncycastle/math/ec/custom/gm/SM2P256V1FieldElement.class starting
/org/bouncycastle/math/ec/custom/gm/SM2P256V1FieldElement.class DONE
/org/bouncycastle/math/ec/custom/gm/SM2P256V1FieldElement.class starting
/org/bouncycastle/math/ec/custom/gm/SM2P256V1FieldElement.class DONE
/org/bouncycastle/math/ec/custom/gm/SM2P256V1FieldElement.class starting
/org/bouncycastle/math/ec/custom/gm/SM2P256V1FieldElement.class DONE
/org/bouncycastle/math/ec/custom/gm/SM2P256V1FieldElement.class starting
/org/bouncycastle/math/ec/custom/gm/SM2P256V1FieldElement.class DONE
/org/bouncycastle/math/ec/custom/gm/SM2P256V1FieldElement.class starting
/org/bouncycastle/math/ec/custom/gm/SM2P256V1FieldElement.class DONE
/org/bouncycastle/math/ec/custom/gm/SM2P256V1FieldElement.class starting
/org/bouncycastle/math/ec/custom/gm/SM2P256V1FieldElement.class DONE
/org/bouncycastle/math/ec/custom/gm/SM2P256V1FieldElement.class starting
/org/bouncycastle/math/ec/custom/gm/SM2P256V1FieldElement.class DONE
/org/bouncycastle/math/ec/custom/gm/SM2P256V1FieldElement.class starting
/org/bouncycastle/math/ec/custom/gm/SM2P256V1FieldElement.class DONE
/org/bouncycastle/math/ec/custom/gm/SM2P256V1FieldElement.class starting
/org/bouncycastle/math/ec/custom/gm/SM2P256V1FieldElement.class DONE
/org/bouncycastle/math/ec/custom/gm/SM2P256V1FieldElement.class starting
/org/bouncycastle/math/ec/custom/gm/SM2P256V1FieldElement.class DONE
/org/bouncycastle/math/ec/custom/gm/SM2P256V1FieldElement.class starting
/org/bouncycastle/math/ec/custom/gm/SM2P256V1FieldElement.class DONE
/org/bouncycastle/math/ec/custom/gm/SM2P256V1FieldElement.class starting
/org/bouncycastle/math/ec/custom/gm/SM2P256V1FieldElement.class DONE
/org/bouncycastle/math/ec/custom/gm/SM2P256V1FieldElement.class starting
/org/bouncycastle/math/ec/custom/gm/SM2P256V1FieldElement.class DONE
/org/bouncycastle/math/ec/custom/gm/SM2P256V1FieldElement.class starting
/org/bouncycastle/math/ec/custom/gm/SM2P256V1FieldElement.class DONE
/org/bouncycastle/math/ec/custom/gm/SM2P256V1FieldElement.class starting
/org/bouncycastle/math/ec/custom/gm/SM2P256V1FieldElement.class DONE
/org/bouncycastle/math/ec/custom/gm/SM2P256V1FieldElement.class starting
/org/bouncycastle/math/ec/custom/gm/SM2P256V1FieldElement.class DONE
/org/bouncycastle/math/ec/custom/gm/SM2P256V1FieldElement.class starting
/org/bouncycastle/math/ec/custom/gm/SM2P256V1FieldElement.class DONE
/org/bouncycastle/math/ec/custom/gm/SM2P256V1FieldElement.class starting
/org/bouncycastle/math/ec/custom/gm/SM2P256V1FieldElement.class DONE
/org/bouncycastle/math/ec/custom/gm/SM2P256V1FieldElement.class starting
/org/bouncycastle/math/ec/custom/gm/SM2P256V1FieldElement.class DONE
/org/bouncycastle/math/ec/custom/gm/SM2P256V1FieldElement.class starting
/org/bouncycastle/math/ec/custom/gm/SM2P256V1FieldElement.class DONE
/org/bouncycastle/math/ec/custom/gm/SM2P256V1FieldElement.class starting
/org/bouncycastle/math/ec/custom/gm/SM2P256V1FieldElement.class DONE
/org/bouncycastle/math/ec/custom/gm/SM2P256V1FieldElement.class starting
/org/bouncycastle/math/ec/custom/gm/SM2P256V1FieldElement.class DONE
/org/bouncycastle/math/ec/custom/gm/SM2P256V1FieldElement.class starting
/org/bouncycastle/math/ec/custom/gm/SM2P256V1FieldElement.class DONE
/org/bouncycastle/math/ec/custom/gm/SM2P256V1FieldElement.class starting
/org/bouncycastle/math/ec/custom/gm/SM2P256V1FieldElement.class DONE
/org/bouncycastle/math/ec/custom/gm/SM2P256V1FieldElement.class starting
/org/bouncycastle/math/ec/custom/gm/SM2P256V1FieldElement.class DONE
/org/bouncycastle/math/ec/custom/gm/SM2P256V1FieldElement.class starting
/org/bouncycastle/math/ec/custom/gm/SM2P256V1FieldElement.class DONE
/org/bouncycastle/math/ec/custom/gm/SM2P256V1FieldElement.class starting
/org/bouncycastle/math/ec/custom/gm/SM2P256V1FieldElement.class DONE
/org/bouncycastle/math/ec/custom/gm/SM2P256V1FieldElement.class starting
/org/bouncycastle/math/ec/custom/gm/SM2P256V1FieldElement.class DONE
/org/bouncycastle/math/ec/custom/gm/SM2P256V1FieldElement.class starting
/org/bouncycastle/math/ec/custom/gm/SM2P256V1FieldElement.class DONE
/org/bouncycastle/math/ec/custom/gm/SM2P256V1FieldElement.class starting
/org/bouncycastle/math/ec/custom/gm/SM2P256V1FieldElement.class DONE
/org/bouncycastle/math/ec/custom/gm/SM2P256V1FieldElement.class starting
/org/bouncycastle/math/ec/custom/gm/SM2P256V1FieldElement.class DONE
/org/bouncycastle/math/ec/custom/gm/SM2P256V1FieldElement.class starting
/org/bouncycastle/math/ec/custom/gm/SM2P256V1FieldElement.class DONE
/org/bouncycastle/math/ec/custom/gm/SM2P256V1FieldElement.class starting
/org/bouncycastle/math/ec/custom/gm/SM2P256V1FieldElement.class DONE
/org/bouncycastle/math/ec/custom/gm/SM2P256V1FieldElement.class starting
/org/bouncycastle/math/ec/custom/gm/SM2P256V1FieldElement.class DONE
/org/bouncycastle/math/ec/custom/gm/SM2P256V1FieldElement.class starting
/org/bouncycastle/math/ec/custom/gm/SM2P256V1FieldElement.class DONE
/org/bouncycastle/math/ec/custom/gm/SM2P256V1FieldElement.class starting
/org/bouncycastle/math/ec/custom/gm/SM2P256V1FieldElement.class DONE
/org/bouncycastle/math/ec/custom/gm/SM2P256V1FieldElement.class starting
/org/bouncycastle/math/ec/custom/gm/SM2P256V1FieldElement.class DONE
/org/bouncycastle/math/ec/custom/gm/SM2P256V1FieldElement.class starting
/org/bouncycastle/math/ec/custom/gm/SM2P256V1FieldElement.class DONE
/org/bouncycastle/math/ec/custom/gm/SM2P256V1FieldElement.class starting
/org/bouncycastle/math/ec/custom/gm/SM2P256V1FieldElement.class DONE
/org/bouncycastle/math/ec/custom/gm/SM2P256V1FieldElement.class starting
/org/bouncycastle/math/ec/custom/gm/SM2P256V1FieldElement.class DONE
/org/bouncycastle/math/ec/custom/gm/SM2P256V1FieldElement.class starting
/org/bouncycastle/math/ec/custom/gm/SM2P256V1FieldElement.class DONE
/org/bouncycastle/math/ec/custom/gm/SM2P256V1FieldElement.class starting
/org/bouncycastle/math/ec/custom/gm/SM2P256V1FieldElement.class DONE
/org/bouncycastle/math/ec/custom/gm/SM2P256V1FieldElement.class starting
/org/bouncycastle/math/ec/custom/gm/SM2P256V1FieldElement.class DONE
/org/bouncycastle/math/ec/custom/gm/SM2P256V1FieldElement.class starting
/org/bouncycastle/math/ec/custom/gm/SM2P256V1FieldElement.class DONE
/org/bouncycastle/math/ec/custom/gm/SM2P256V1FieldElement.class starting
/org/bouncycastle/math/ec/custom/gm/SM2P256V1FieldElement.class DONE
/org/bouncycastle/math/ec/custom/gm/SM2P256V1FieldElement.class starting
/org/bouncycastle/math/ec/custom/gm/SM2P256V1FieldElement.class DONE
/org/bouncycastle/math/ec/custom/gm/SM2P256V1FieldElement.class starting
/org/bouncycastle/math/ec/custom/gm/SM2P256V1FieldElement.class DONE
/org/bouncycastle/math/ec/custom/gm/SM2P256V1FieldElement.class starting
/org/bouncycastle/math/ec/custom/gm/SM2P256V1FieldElement.class DONE
/org/bouncycastle/math/ec/custom/gm/SM2P256V1FieldElement.class starting
/org/bouncycastle/math/ec/custom/gm/SM2P256V1FieldElement.class DONE
/org/bouncycastle/math/ec/custom/gm/SM2P256V1FieldElement.class starting
/org/bouncycastle/math/ec/custom/gm/SM2P256V1FieldElement.class DONE
/org/bouncycastle/math/ec/custom/gm/SM2P256V1FieldElement.class starting
/org/bouncycastle/math/ec/custom/gm/SM2P256V1FieldElement.class DONE
/org/bouncycastle/math/ec/custom/gm/SM2P256V1FieldElement.class starting
/org/bouncycastle/math/ec/custom/gm/SM2P256V1FieldElement.class DONE
/org/bouncycastle/math/ec/custom/gm/SM2P256V1FieldElement.class starting
/org/bouncycastle/math/ec/custom/gm/SM2P256V1FieldElement.class DONE
/org/bouncycastle/math/ec/custom/gm/SM2P256V1FieldElement.class starting
/org/bouncycastle/math/ec/custom/gm/SM2P256V1FieldElement.class DONE
/org/bouncycastle/math/ec/custom/gm/SM2P256V1FieldElement.class starting
/org/bouncycastle/math/ec/custom/gm/SM2P256V1FieldElement.class DONE
/org/bouncycastle/math/ec/custom/gm/SM2P256V1FieldElement.class starting
/org/bouncycastle/math/ec/custom/gm/SM2P256V1FieldElement.class DONE
/org/bouncycastle/math/ec/custom/gm/SM2P256V1FieldElement.class starting
/org/bouncycastle/math/ec/custom/gm/SM2P256V1FieldElement.class DONE
/org/bouncycastle/math/ec/custom/gm/SM2P256V1FieldElement.class starting
/org/bouncycastle/math/ec/custom/gm/SM2P256V1FieldElement.class DONE
/org/bouncycastle/math/ec/custom/gm/SM2P256V1FieldElement.class starting
/org/bouncycastle/math/ec/custom/gm/SM2P256V1FieldElement.class DONE
/org/bouncycastle/math/ec/custom/gm/SM2P256V1FieldElement.class starting
/org/bouncycastle/math/ec/custom/gm/SM2P256V1FieldElement.class DONE
/org/bouncycastle/math/ec/custom/gm/SM2P256V1FieldElement.class starting
/org/bouncycastle/math/ec/custom/gm/SM2P256V1FieldElement.class DONE
/org/bouncycastle/math/ec/custom/gm/SM2P256V1FieldElement.class starting
/org/bouncycastle/math/ec/custom/gm/SM2P256V1FieldElement.class DONE
/org/bouncycastle/math/ec/custom/gm/SM2P256V1FieldElement.class starting
/org/bouncycastle/math/ec/custom/gm/SM2P256V1FieldElement.class DONE
/org/bouncycastle/math/ec/custom/gm/SM2P256V1FieldElement.class starting
/org/bouncycastle/math/ec/custom/gm/SM2P256V1FieldElement.class DONE
/org/bouncycastle/math/ec/custom/gm/SM2P256V1FieldElement.class starting
/org/bouncycastle/math/ec/custom/gm/SM2P256V1FieldElement.class DONE
/org/bouncycastle/math/ec/custom/gm/SM2P256V1FieldElement.class starting
/org/bouncycastle/math/ec/custom/gm/SM2P256V1FieldElement.class DONE
/org/bouncycastle/math/ec/custom/gm/SM2P256V1FieldElement.class starting
/org/bouncycastle/math/ec/custom/gm/SM2P256V1FieldElement.class DONE
/org/bouncycastle/math/ec/custom/gm/SM2P256V1FieldElement.class starting
/org/bouncycastle/math/ec/custom/gm/SM2P256V1FieldElement.class DONE
/org/bouncycastle/math/ec/custom/gm/SM2P256V1FieldElement.class starting
/org/bouncycastle/math/ec/custom/gm/SM2P256V1FieldElement.class DONE
/org/bouncycastle/math/ec/custom/gm/SM2P256V1FieldElement.class starting
/org/bouncycastle/math/ec/custom/gm/SM2P256V1FieldElement.class DONE
/org/bouncycastle/math/ec/custom/gm/SM2P256V1FieldElement.class starting
/org/bouncycastle/math/ec/custom/gm/SM2P256V1FieldElement.class DONE
/org/bouncycastle/math/ec/custom/gm/SM2P256V1FieldElement.class starting
/org/bouncycastle/math/ec/custom/gm/SM2P256V1FieldElement.class DONE
/org/bouncycastle/math/ec/custom/gm/SM2P256V1FieldElement.class starting
/org/bouncycastle/math/ec/custom/gm/SM2P256V1FieldElement.class DONE
/org/bouncycastle/math/ec/custom/gm/SM2P256V1FieldElement.class starting
/org/bouncycastle/math/ec/custom/gm/SM2P256V1FieldElement.class DONE
/org/bouncycastle/math/ec/custom/gm/SM2P256V1FieldElement.class starting
/org/bouncycastle/math/ec/custom/gm/SM2P256V1FieldElement.class DONE
/org/bouncycastle/math/ec/custom/gm/SM2P256V1FieldElement.class starting
/org/bouncycastle/math/ec/custom/gm/SM2P256V1FieldElement.class DONE
/org/bouncycastle/math/ec/custom/gm/SM2P256V1FieldElement.class starting
/org/bouncycastle/math/ec/custom/gm/SM2P256V1FieldElement.class DONE
/org/bouncycastle/math/ec/custom/gm/SM2P256V1FieldElement.class starting
/org/bouncycastle/math/ec/custom/gm/SM2P256V1FieldElement.class DONE
/org/bouncycastle/math/ec/custom/gm/SM2P256V1FieldElement.class starting
/org/bouncycastle/math/ec/custom/gm/SM2P256V1FieldElement.class DONE
/org/bouncycastle/math/ec/custom/gm/SM2P256V1FieldElement.class starting
/org/bouncycastle/math/ec/custom/gm/SM2P256V1FieldElement.class DONE
/org/bouncycastle/math/ec/custom/gm/SM2P256V1FieldElement.class starting
/org/bouncycastle/math/ec/custom/gm/SM2P256V1FieldElement.class DONE
/org/bouncycastle/math/ec/custom/gm/SM2P256V1FieldElement.class starting
/org/bouncycastle/math/ec/custom/gm/SM2P256V1FieldElement.class DONE
/org/bouncycastle/math/ec/custom/gm/SM2P256V1FieldElement.class starting
/org/bouncycastle/math/ec/custom/gm/SM2P256V1FieldElement.class DONE
/org/bouncycastle/math/ec/custom/gm/SM2P256V1FieldElement.class starting
/org/bouncycastle/math/ec/custom/gm/SM2P256V1FieldElement.class DONE
/org/bouncycastle/math/ec/custom/gm/SM2P256V1FieldElement.class starting
/org/bouncycastle/math/ec/custom/gm/SM2P256V1FieldElement.class DONE
/org/bouncycastle/math/ec/custom/gm/SM2P256V1FieldElement.class starting
/org/bouncycastle/math/ec/custom/gm/SM2P256V1FieldElement.class DONE
/org/bouncycastle/math/ec/custom/gm/SM2P256V1FieldElement.class starting
/org/bouncycastle/math/ec/custom/gm/SM2P256V1FieldElement.class DONE
/org/bouncycastle/math/ec/custom/gm/SM2P256V1FieldElement.class starting
/org/bouncycastle/math/ec/custom/gm/SM2P256V1FieldElement.class DONE
/org/bouncycastle/math/ec/custom/gm/SM2P256V1FieldElement.class starting
/org/bouncycastle/math/ec/custom/gm/SM2P256V1FieldElement.class DONE
/org/bouncycastle/math/ec/custom/gm/SM2P256V1FieldElement.class starting
/org/bouncycastle/math/ec/custom/gm/SM2P256V1FieldElement.class DONE
/org/bouncycastle/math/ec/custom/gm/SM2P256V1FieldElement.class starting
/org/bouncycastle/math/ec/custom/gm/SM2P256V1FieldElement.class DONE
/org/bouncycastle/math/ec/custom/gm/SM2P256V1FieldElement.class starting
/org/bouncycastle/math/ec/custom/gm/SM2P256V1FieldElement.class DONE
/org/bouncycastle/math/ec/custom/gm/SM2P256V1FieldElement.class starting
/org/bouncycastle/math/ec/custom/gm/SM2P256V1FieldElement.class DONE
/org/bouncycastle/math/ec/custom/gm/SM2P256V1FieldElement.class starting
/org/bouncycastle/math/ec/custom/gm/SM2P256V1FieldElement.class DONE
/org/bouncycastle/math/ec/custom/gm/SM2P256V1FieldElement.class starting
/org/bouncycastle/math/ec/custom/gm/SM2P256V1FieldElement.class DONE
/org/bouncycastle/math/ec/custom/gm/SM2P256V1FieldElement.class starting
/org/bouncycastle/math/ec/custom/gm/SM2P256V1FieldElement.class DONE
/org/bouncycastle/math/ec/custom/gm/SM2P256V1FieldElement.class starting
/org/bouncycastle/math/ec/custom/gm/SM2P256V1FieldElement.class DONE
/org/bouncycastle/math/ec/custom/gm/SM2P256V1FieldElement.class starting
/org/bouncycastle/math/ec/custom/gm/SM2P256V1FieldElement.class DONE
/org/bouncycastle/math/ec/custom/gm/SM2P256V1FieldElement.class starting
/org/bouncycastle/math/ec/custom/gm/SM2P256V1FieldElement.class DONE
/org/bouncycastle/math/ec/custom/gm/SM2P256V1FieldElement.class starting
/org/bouncycastle/math/ec/custom/gm/SM2P256V1FieldElement.class DONE
/org/bouncycastle/math/ec/custom/gm/SM2P256V1FieldElement.class starting
/org/bouncycastle/math/ec/custom/gm/SM2P256V1FieldElement.class DONE
/org/bouncycastle/math/ec/custom/gm/SM2P256V1FieldElement.class starting
/org/bouncycastle/math/ec/custom/gm/SM2P256V1FieldElement.class DONE
/org/bouncycastle/math/ec/custom/gm/SM2P256V1FieldElement.class starting
/org/bouncycastle/math/ec/custom/gm/SM2P256V1FieldElement.class DONE
/org/bouncycastle/math/ec/custom/gm/SM2P256V1FieldElement.class starting
/org/bouncycastle/math/ec/custom/gm/SM2P256V1FieldElement.class DONE
/org/bouncycastle/math/ec/custom/gm/SM2P256V1FieldElement.class starting
/org/bouncycastle/math/ec/custom/gm/SM2P256V1FieldElement.class DONE
/org/bouncycastle/math/ec/custom/gm/SM2P256V1FieldElement.class starting
/org/bouncycastle/math/ec/custom/gm/SM2P256V1FieldElement.class DONE
/org/bouncycastle/math/ec/custom/gm/SM2P256V1FieldElement.class starting
/org/bouncycastle/math/ec/custom/gm/SM2P256V1FieldElement.class DONE
/org/bouncycastle/math/ec/custom/gm/SM2P256V1FieldElement.class starting
/org/bouncycastle/math/ec/custom/gm/SM2P256V1FieldElement.class DONE
/org/bouncycastle/math/ec/custom/gm/SM2P256V1FieldElement.class starting
/org/bouncycastle/math/ec/custom/gm/SM2P256V1FieldElement.class DONE
/org/bouncycastle/math/ec/custom/gm/SM2P256V1FieldElement.class starting
/org/bouncycastle/math/ec/custom/gm/SM2P256V1FieldElement.class DONE
/org/bouncycastle/math/ec/custom/gm/SM2P256V1FieldElement.class starting
/org/bouncycastle/math/ec/custom/gm/SM2P256V1FieldElement.class DONE
/org/bouncycastle/math/ec/custom/gm/SM2P256V1FieldElement.class starting
/org/bouncycastle/math/ec/custom/gm/SM2P256V1FieldElement.class DONE
/org/bouncycastle/math/ec/custom/gm/SM2P256V1FieldElement.class starting
/org/bouncycastle/math/ec/custom/gm/SM2P256V1FieldElement.class DONE
/org/bouncycastle/math/ec/custom/gm/SM2P256V1FieldElement.class starting
/org/bouncycastle/math/ec/custom/gm/SM2P256V1FieldElement.class DONE
/org/bouncycastle/math/ec/custom/gm/SM2P256V1FieldElement.class starting
/org/bouncycastle/math/ec/custom/gm/SM2P256V1FieldElement.class DONE
/org/bouncycastle/math/ec/custom/gm/SM2P256V1FieldElement.class starting
/org/bouncycastle/math/ec/custom/gm/SM2P256V1FieldElement.class DONE
/org/bouncycastle/math/ec/custom/gm/SM2P256V1FieldElement.class starting
/org/bouncycastle/math/ec/custom/gm/SM2P256V1FieldElement.class DONE
/org/bouncycastle/math/ec/custom/gm/SM2P256V1FieldElement.class starting
/org/bouncycastle/math/ec/custom/gm/SM2P256V1FieldElement.class DONE
/org/bouncycastle/math/ec/custom/gm/SM2P256V1FieldElement.class starting
/org/bouncycastle/math/ec/custom/gm/SM2P256V1FieldElement.class DONE
/org/bouncycastle/math/ec/custom/gm/SM2P256V1FieldElement.class starting
/org/bouncycastle/math/ec/custom/gm/SM2P256V1FieldElement.class DONE
/org/bouncycastle/math/ec/custom/gm/SM2P256V1FieldElement.class starting
/org/bouncycastle/math/ec/custom/gm/SM2P256V1FieldElement.class DONE
/org/bouncycastle/math/ec/custom/gm/SM2P256V1FieldElement.class starting
/org/bouncycastle/math/ec/custom/gm/SM2P256V1FieldElement.class DONE
/org/bouncycastle/math/ec/custom/gm/SM2P256V1FieldElement.class starting
/org/bouncycastle/math/ec/custom/gm/SM2P256V1FieldElement.class DONE
/org/bouncycastle/math/ec/custom/gm/SM2P256V1FieldElement.class starting
/org/bouncycastle/math/ec/custom/gm/SM2P256V1FieldElement.class DONE
/org/bouncycastle/math/ec/custom/gm/SM2P256V1FieldElement.class starting
/org/bouncycastle/math/ec/custom/gm/SM2P256V1FieldElement.class DONE
/org/bouncycastle/math/ec/custom/gm/SM2P256V1FieldElement.class starting
/org/bouncycastle/math/ec/custom/gm/SM2P256V1FieldElement.class DONE
/org/bouncycastle/math/ec/custom/gm/SM2P256V1FieldElement.class starting
/org/bouncycastle/math/ec/custom/gm/SM2P256V1FieldElement.class DONE
/org/bouncycastle/math/ec/custom/gm/SM2P256V1FieldElement.class starting
/org/bouncycastle/math/ec/custom/gm/SM2P256V1FieldElement.class DONE
/org/bouncycastle/math/ec/custom/gm/SM2P256V1FieldElement.class starting
/org/bouncycastle/math/ec/custom/gm/SM2P256V1FieldElement.class DONE
/org/bouncycastle/math/ec/custom/gm/SM2P256V1FieldElement.class starting
/org/bouncycastle/math/ec/custom/gm/SM2P256V1FieldElement.class DONE
/org/bouncycastle/math/ec/custom/gm/SM2P256V1FieldElement.class starting
/org/bouncycastle/math/ec/custom/gm/SM2P256V1FieldElement.class DONE
/org/bouncycastle/math/ec/custom/gm/SM2P256V1FieldElement.class starting
/org/bouncycastle/math/ec/custom/gm/SM2P256V1FieldElement.class DONE
/org/bouncycastle/math/ec/custom/gm/SM2P256V1FieldElement.class starting
/org/bouncycastle/math/ec/custom/gm/SM2P256V1FieldElement.class DONE
/org/bouncycastle/math/ec/custom/gm/SM2P256V1FieldElement.class starting
/org/bouncycastle/math/ec/custom/gm/SM2P256V1FieldElement.class DONE
/org/bouncycastle/math/ec/custom/gm/SM2P256V1FieldElement.class starting
/org/bouncycastle/math/ec/custom/gm/SM2P256V1FieldElement.class DONE
/org/bouncycastle/math/ec/custom/gm/SM2P256V1FieldElement.class starting
/org/bouncycastle/math/ec/custom/gm/SM2P256V1FieldElement.class DONE
/org/bouncycastle/math/ec/custom/gm/SM2P256V1FieldElement.class starting
/org/bouncycastle/math/ec/custom/gm/SM2P256V1FieldElement.class DONE
/org/bouncycastle/math/ec/custom/gm/SM2P256V1FieldElement.class starting
/org/bouncycastle/math/ec/custom/gm/SM2P256V1FieldElement.class DONE
/org/bouncycastle/math/ec/custom/gm/SM2P256V1FieldElement.class starting
/org/bouncycastle/math/ec/custom/gm/SM2P256V1FieldElement.class DONE
/org/bouncycastle/math/ec/custom/gm/SM2P256V1FieldElement.class starting
/org/bouncycastle/math/ec/custom/gm/SM2P256V1FieldElement.class DONE
/org/bouncycastle/math/ec/custom/gm/SM2P256V1FieldElement.class starting
/org/bouncycastle/math/ec/custom/gm/SM2P256V1FieldElement.class DONE
/org/bouncycastle/math/ec/custom/gm/SM2P256V1FieldElement.class starting
/org/bouncycastle/math/ec/custom/gm/SM2P256V1FieldElement.class DONE
/org/bouncycastle/math/ec/custom/gm/SM2P256V1FieldElement.class starting
/org/bouncycastle/math/ec/custom/gm/SM2P256V1FieldElement.class DONE
/org/bouncycastle/math/ec/custom/gm/SM2P256V1FieldElement.class starting
/org/bouncycastle/math/ec/custom/gm/SM2P256V1FieldElement.class DONE
/org/bouncycastle/math/ec/custom/gm/SM2P256V1FieldElement.class starting
/org/bouncycastle/math/ec/custom/gm/SM2P256V1FieldElement.class DONE
/org/bouncycastle/math/ec/custom/gm/SM2P256V1FieldElement.class starting
/org/bouncycastle/math/ec/custom/gm/SM2P256V1FieldElement.class DONE
/org/bouncycastle/math/ec/custom/gm/SM2P256V1FieldElement.class starting
/org/bouncycastle/math/ec/custom/gm/SM2P256V1FieldElement.class DONE
/org/bouncycastle/math/ec/custom/gm/SM2P256V1FieldElement.class starting
/org/bouncycastle/math/ec/custom/gm/SM2P256V1FieldElement.class DONE
/org/bouncycastle/math/ec/custom/gm/SM2P256V1FieldElement.class starting
/org/bouncycastle/math/ec/custom/gm/SM2P256V1FieldElement.class DONE
/org/bouncycastle/math/ec/custom/gm/SM2P256V1FieldElement.class starting
/org/bouncycastle/math/ec/custom/gm/SM2P256V1FieldElement.class DONE
/org/bouncycastle/math/ec/custom/gm/SM2P256V1FieldElement.class starting
/org/bouncycastle/math/ec/custom/gm/SM2P256V1FieldElement.class DONE
/org/bouncycastle/math/ec/custom/gm/SM2P256V1FieldElement.class starting
/org/bouncycastle/math/ec/custom/gm/SM2P256V1FieldElement.class DONE
/org/bouncycastle/math/ec/custom/gm/SM2P256V1FieldElement.class starting
/org/bouncycastle/math/ec/custom/gm/SM2P256V1FieldElement.class DONE
/org/bouncycastle/math/ec/custom/gm/SM2P256V1FieldElement.class starting
/org/bouncycastle/math/ec/custom/gm/SM2P256V1FieldElement.class DONE
/org/bouncycastle/math/ec/custom/gm/SM2P256V1FieldElement.class starting
/org/bouncycastle/math/ec/custom/gm/SM2P256V1FieldElement.class DONE
/org/bouncycastle/math/ec/custom/gm/SM2P256V1FieldElement.class starting
/org/bouncycastle/math/ec/custom/gm/SM2P256V1FieldElement.class DONE
/org/bouncycastle/math/ec/custom/gm/SM2P256V1FieldElement.class starting
/org/bouncycastle/math/ec/custom/gm/SM2P256V1FieldElement.class DONE
/org/bouncycastle/math/ec/custom/gm/SM2P256V1FieldElement.class starting
/org/bouncycastle/math/ec/custom/gm/SM2P256V1FieldElement.class DONE
/org/bouncycastle/math/ec/custom/gm/SM2P256V1FieldElement.class starting
/org/bouncycastle/math/ec/custom/gm/SM2P256V1FieldElement.class DONE
/org/bouncycastle/math/ec/custom/gm/SM2P256V1FieldElement.class starting
/org/bouncycastle/math/ec/custom/gm/SM2P256V1FieldElement.class DONE
/org/bouncycastle/math/ec/custom/gm/SM2P256V1FieldElement.class starting
/org/bouncycastle/math/ec/custom/gm/SM2P256V1FieldElement.class DONE
/org/bouncycastle/math/ec/custom/gm/SM2P256V1FieldElement.class starting
/org/bouncycastle/math/ec/custom/gm/SM2P256V1FieldElement.class DONE
/org/bouncycastle/math/ec/custom/gm/SM2P256V1FieldElement.class starting
/org/bouncycastle/math/ec/custom/gm/SM2P256V1FieldElement.class DONE
/org/bouncycastle/math/ec/custom/gm/SM2P256V1FieldElement.class starting
/org/bouncycastle/math/ec/custom/gm/SM2P256V1FieldElement.class DONE
/org/bouncycastle/math/ec/custom/gm/SM2P256V1FieldElement.class starting
/org/bouncycastle/math/ec/custom/gm/SM2P256V1FieldElement.class DONE
/org/bouncycastle/math/ec/custom/gm/SM2P256V1FieldElement.class starting
/org/bouncycastle/math/ec/custom/gm/SM2P256V1FieldElement.class DONE
/org/bouncycastle/math/ec/custom/gm/SM2P256V1FieldElement.class starting
/org/bouncycastle/math/ec/custom/gm/SM2P256V1FieldElement.class DONE
/org/bouncycastle/math/ec/custom/gm/SM2P256V1FieldElement.class starting
/org/bouncycastle/math/ec/custom/gm/SM2P256V1FieldElement.class DONE
/org/bouncycastle/math/ec/custom/gm/SM2P256V1FieldElement.class starting
/org/bouncycastle/math/ec/custom/gm/SM2P256V1FieldElement.class DONE
/org/bouncycastle/math/ec/custom/gm/SM2P256V1FieldElement.class starting
/org/bouncycastle/math/ec/custom/gm/SM2P256V1FieldElement.class DONE
/org/bouncycastle/math/ec/custom/gm/SM2P256V1FieldElement.class starting
/org/bouncycastle/math/ec/custom/gm/SM2P256V1FieldElement.class DONE
/org/bouncycastle/math/ec/custom/gm/SM2P256V1FieldElement.class starting
/org/bouncycastle/math/ec/custom/gm/SM2P256V1FieldElement.class DONE
/org/bouncycastle/math/ec/custom/gm/SM2P256V1FieldElement.class starting
/org/bouncycastle/math/ec/custom/gm/SM2P256V1FieldElement.class DONE
/org/bouncycastle/math/ec/custom/gm/SM2P256V1FieldElement.class starting
/org/bouncycastle/math/ec/custom/gm/SM2P256V1FieldElement.class DONE
/org/bouncycastle/math/ec/custom/gm/SM2P256V1FieldElement.class starting
/org/bouncycastle/math/ec/custom/gm/SM2P256V1FieldElement.class DONE
/org/bouncycastle/math/ec/custom/gm/SM2P256V1FieldElement.class starting
/org/bouncycastle/math/ec/custom/gm/SM2P256V1FieldElement.class DONE
/org/bouncycastle/math/ec/custom/gm/SM2P256V1FieldElement.class starting
/org/bouncycastle/math/ec/custom/gm/SM2P256V1FieldElement.class DONE
/org/bouncycastle/math/ec/custom/gm/SM2P256V1FieldElement.class starting
/org/bouncycastle/math/ec/custom/gm/SM2P256V1FieldElement.class DONE
/org/bouncycastle/math/ec/custom/gm/SM2P256V1FieldElement.class starting
/org/bouncycastle/math/ec/custom/gm/SM2P256V1FieldElement.class DONE
/org/bouncycastle/math/ec/custom/gm/SM2P256V1FieldElement.class starting
/org/bouncycastle/math/ec/custom/gm/SM2P256V1FieldElement.class DONE
/org/bouncycastle/math/ec/custom/gm/SM2P256V1FieldElement.class starting
/org/bouncycastle/math/ec/custom/gm/SM2P256V1FieldElement.class DONE
/org/bouncycastle/math/ec/custom/gm/SM2P256V1FieldElement.class starting
/org/bouncycastle/math/ec/custom/gm/SM2P256V1FieldElement.class DONE
/org/bouncycastle/math/ec/custom/gm/SM2P256V1FieldElement.class starting
/org/bouncycastle/math/ec/custom/gm/SM2P256V1FieldElement.class DONE
/org/bouncycastle/math/ec/custom/gm/SM2P256V1FieldElement.class starting
/org/bouncycastle/math/ec/custom/gm/SM2P256V1FieldElement.class DONE
/org/bouncycastle/math/ec/custom/gm/SM2P256V1FieldElement.class starting
/org/bouncycastle/math/ec/custom/gm/SM2P256V1FieldElement.class DONE
/org/bouncycastle/math/ec/custom/gm/SM2P256V1FieldElement.class starting
/org/bouncycastle/math/ec/custom/gm/SM2P256V1FieldElement.class DONE
/org/bouncycastle/math/ec/custom/gm/SM2P256V1FieldElement.class starting
/org/bouncycastle/math/ec/custom/gm/SM2P256V1FieldElement.class DONE
/org/bouncycastle/math/ec/custom/gm/SM2P256V1FieldElement.class starting
/org/bouncycastle/math/ec/custom/gm/SM2P256V1FieldElement.class DONE
/org/bouncycastle/math/ec/custom/gm/SM2P256V1FieldElement.class starting
/org/bouncycastle/math/ec/custom/gm/SM2P256V1FieldElement.class DONE
/org/bouncycastle/math/ec/custom/gm/SM2P256V1FieldElement.class starting
/org/bouncycastle/math/ec/custom/gm/SM2P256V1FieldElement.class DONE
/org/bouncycastle/math/ec/custom/gm/SM2P256V1FieldElement.class starting
/org/bouncycastle/math/ec/custom/gm/SM2P256V1FieldElement.class DONE
/org/bouncycastle/math/ec/custom/gm/SM2P256V1FieldElement.class starting
/org/bouncycastle/math/ec/custom/gm/SM2P256V1FieldElement.class DONE
/org/bouncycastle/math/ec/custom/gm/SM2P256V1FieldElement.class starting
/org/bouncycastle/math/ec/custom/gm/SM2P256V1FieldElement.class DONE
/org/bouncycastle/math/ec/custom/gm/SM2P256V1FieldElement.class starting
/org/bouncycastle/math/ec/custom/gm/SM2P256V1FieldElement.class DONE
/org/bouncycastle/math/ec/custom/gm/SM2P256V1FieldElement.class starting
/org/bouncycastle/math/ec/custom/gm/SM2P256V1FieldElement.class DONE
/org/bouncycastle/math/ec/custom/gm/SM2P256V1FieldElement.class starting
/org/bouncycastle/math/ec/custom/gm/SM2P256V1FieldElement.class DONE
/org/bouncycastle/math/ec/custom/gm/SM2P256V1FieldElement.class starting
/org/bouncycastle/math/ec/custom/gm/SM2P256V1FieldElement.class DONE
/org/bouncycastle/math/ec/custom/gm/SM2P256V1FieldElement.class starting
/org/bouncycastle/math/ec/custom/gm/SM2P256V1FieldElement.class DONE
/org/bouncycastle/math/ec/custom/gm/SM2P256V1FieldElement.class starting
/org/bouncycastle/math/ec/custom/gm/SM2P256V1FieldElement.class DONE
/org/bouncycastle/math/ec/custom/gm/SM2P256V1FieldElement.class starting
/org/bouncycastle/math/ec/custom/gm/SM2P256V1FieldElement.class DONE
/org/bouncycastle/math/ec/custom/gm/SM2P256V1FieldElement.class starting
/org/bouncycastle/math/ec/custom/gm/SM2P256V1FieldElement.class DONE
/org/bouncycastle/math/ec/custom/gm/SM2P256V1FieldElement.class starting
/org/bouncycastle/math/ec/custom/gm/SM2P256V1FieldElement.class DONE
/org/bouncycastle/math/ec/custom/gm/SM2P256V1FieldElement.class starting
/org/bouncycastle/math/ec/custom/gm/SM2P256V1FieldElement.class DONE
/org/bouncycastle/math/ec/custom/gm/SM2P256V1FieldElement.class starting
/org/bouncycastle/math/ec/custom/gm/SM2P256V1FieldElement.class DONE
/org/bouncycastle/math/ec/custom/gm/SM2P256V1FieldElement.class starting
/org/bouncycastle/math/ec/custom/gm/SM2P256V1FieldElement.class DONE
/org/bouncycastle/math/ec/custom/gm/SM2P256V1FieldElement.class starting
/org/bouncycastle/math/ec/custom/gm/SM2P256V1FieldElement.class DONE
/org/bouncycastle/math/ec/custom/gm/SM2P256V1FieldElement.class starting
/org/bouncycastle/math/ec/custom/gm/SM2P256V1FieldElement.class DONE
/org/bouncycastle/math/ec/custom/gm/SM2P256V1FieldElement.class starting
/org/bouncycastle/math/ec/custom/gm/SM2P256V1FieldElement.class DONE
/org/bouncycastle/math/ec/custom/gm/SM2P256V1FieldElement.class starting
/org/bouncycastle/math/ec/custom/gm/SM2P256V1FieldElement.class DONE
/org/bouncycastle/math/ec/custom/gm/SM2P256V1FieldElement.class starting
/org/bouncycastle/math/ec/custom/gm/SM2P256V1FieldElement.class DONE
/org/bouncycastle/math/ec/custom/gm/SM2P256V1FieldElement.class starting
/org/bouncycastle/math/ec/custom/gm/SM2P256V1FieldElement.class DONE
/org/bouncycastle/math/ec/custom/gm/SM2P256V1FieldElement.class starting
/org/bouncycastle/math/ec/custom/gm/SM2P256V1FieldElement.class DONE
/org/bouncycastle/math/ec/custom/gm/SM2P256V1FieldElement.class starting
/org/bouncycastle/math/ec/custom/gm/SM2P256V1FieldElement.class DONE
/org/bouncycastle/math/ec/custom/gm/SM2P256V1FieldElement.class starting
/org/bouncycastle/math/ec/custom/gm/SM2P256V1FieldElement.class DONE
/org/bouncycastle/math/ec/custom/gm/SM2P256V1FieldElement.class starting
/org/bouncycastle/math/ec/custom/gm/SM2P256V1FieldElement.class DONE
/org/bouncycastle/math/ec/custom/gm/SM2P256V1FieldElement.class starting
/org/bouncycastle/math/ec/custom/gm/SM2P256V1FieldElement.class DONE
/org/bouncycastle/math/ec/custom/gm/SM2P256V1FieldElement.class starting
/org/bouncycastle/math/ec/custom/gm/SM2P256V1FieldElement.class DONE
/org/bouncycastle/math/ec/custom/gm/SM2P256V1FieldElement.class starting
/org/bouncycastle/math/ec/custom/gm/SM2P256V1FieldElement.class DONE
/org/bouncycastle/math/ec/custom/gm/SM2P256V1FieldElement.class starting
/org/bouncycastle/math/ec/custom/gm/SM2P256V1FieldElement.class DONE
/org/bouncycastle/math/ec/custom/gm/SM2P256V1FieldElement.class starting
/org/bouncycastle/math/ec/custom/gm/SM2P256V1FieldElement.class DONE
/org/bouncycastle/math/ec/custom/gm/SM2P256V1FieldElement.class starting
/org/bouncycastle/math/ec/custom/gm/SM2P256V1FieldElement.class DONE
/org/bouncycastle/math/ec/custom/gm/SM2P256V1FieldElement.class starting
/org/bouncycastle/math/ec/custom/gm/SM2P256V1FieldElement.class DONE
/org/bouncycastle/math/ec/custom/gm/SM2P256V1FieldElement.class starting
/org/bouncycastle/math/ec/custom/gm/SM2P256V1FieldElement.class DONE
/org/bouncycastle/math/ec/custom/gm/SM2P256V1FieldElement.class starting
/org/bouncycastle/math/ec/custom/gm/SM2P256V1FieldElement.class DONE
/org/bouncycastle/math/ec/custom/gm/SM2P256V1FieldElement.class starting
/org/bouncycastle/math/ec/custom/gm/SM2P256V1FieldElement.class DONE
/org/bouncycastle/math/ec/custom/gm/SM2P256V1FieldElement.class starting
/org/bouncycastle/math/ec/custom/gm/SM2P256V1FieldElement.class DONE
/org/bouncycastle/math/ec/custom/gm/SM2P256V1FieldElement.class starting
/org/bouncycastle/math/ec/custom/gm/SM2P256V1FieldElement.class DONE
/org/bouncycastle/math/ec/custom/gm/SM2P256V1FieldElement.class starting
/org/bouncycastle/math/ec/custom/gm/SM2P256V1FieldElement.class DONE
/org/bouncycastle/math/ec/custom/gm/SM2P256V1FieldElement.class starting
/org/bouncycastle/math/ec/custom/gm/SM2P256V1FieldElement.class DONE
/org/bouncycastle/math/ec/custom/gm/SM2P256V1FieldElement.class starting
/org/bouncycastle/math/ec/custom/gm/SM2P256V1FieldElement.class DONE
/org/bouncycastle/math/ec/custom/gm/SM2P256V1FieldElement.class starting
/org/bouncycastle/math/ec/custom/gm/SM2P256V1FieldElement.class DONE
/org/bouncycastle/math/ec/custom/gm/SM2P256V1FieldElement.class starting
/org/bouncycastle/math/ec/custom/gm/SM2P256V1FieldElement.class DONE
/org/bouncycastle/math/ec/custom/gm/SM2P256V1FieldElement.class starting
/org/bouncycastle/math/ec/custom/gm/SM2P256V1FieldElement.class DONE
/org/bouncycastle/math/ec/custom/gm/SM2P256V1FieldElement.class starting
/org/bouncycastle/math/ec/custom/gm/SM2P256V1FieldElement.class DONE
/org/bouncycastle/math/ec/custom/gm/SM2P256V1FieldElement.class starting
/org/bouncycastle/math/ec/custom/gm/SM2P256V1FieldElement.class DONE
/org/bouncycastle/math/ec/custom/gm/SM2P256V1FieldElement.class starting
/org/bouncycastle/math/ec/custom/gm/SM2P256V1FieldElement.class DONE
/org/bouncycastle/math/ec/custom/gm/SM2P256V1FieldElement.class starting
/org/bouncycastle/math/ec/custom/gm/SM2P256V1FieldElement.class DONE
/org/bouncycastle/math/ec/custom/gm/SM2P256V1FieldElement.class starting
/org/bouncycastle/math/ec/custom/gm/SM2P256V1FieldElement.class DONE
/org/bouncycastle/math/ec/custom/gm/SM2P256V1FieldElement.class starting
/org/bouncycastle/math/ec/custom/gm/SM2P256V1FieldElement.class DONE
/org/bouncycastle/math/ec/custom/gm/SM2P256V1FieldElement.class starting
/org/bouncycastle/math/ec/custom/gm/SM2P256V1FieldElement.class DONE
/org/bouncycastle/math/ec/custom/gm/SM2P256V1FieldElement.class starting
/org/bouncycastle/math/ec/custom/gm/SM2P256V1FieldElement.class DONE
/org/bouncycastle/math/ec/custom/gm/SM2P256V1FieldElement.class starting
/org/bouncycastle/math/ec/custom/gm/SM2P256V1FieldElement.class DONE
/org/bouncycastle/math/ec/custom/gm/SM2P256V1FieldElement.class starting
/org/bouncycastle/math/ec/custom/gm/SM2P256V1FieldElement.class DONE
/org/bouncycastle/math/ec/custom/gm/SM2P256V1FieldElement.class starting
/org/bouncycastle/math/ec/custom/gm/SM2P256V1FieldElement.class DONE
/org/bouncycastle/math/ec/custom/gm/SM2P256V1FieldElement.class starting
/org/bouncycastle/math/ec/custom/gm/SM2P256V1FieldElement.class DONE
/org/bouncycastle/math/ec/custom/gm/SM2P256V1FieldElement.class starting
/org/bouncycastle/math/ec/custom/gm/SM2P256V1FieldElement.class DONE
/org/bouncycastle/math/ec/custom/gm/SM2P256V1FieldElement.class starting
/org/bouncycastle/math/ec/custom/gm/SM2P256V1FieldElement.class DONE
/org/bouncycastle/math/ec/custom/gm/SM2P256V1FieldElement.class starting
/org/bouncycastle/math/ec/custom/gm/SM2P256V1FieldElement.class DONE
/org/bouncycastle/math/ec/custom/gm/SM2P256V1FieldElement.class starting
/org/bouncycastle/math/ec/custom/gm/SM2P256V1FieldElement.class DONE
/org/bouncycastle/math/ec/custom/gm/SM2P256V1FieldElement.class starting
/org/bouncycastle/math/ec/custom/gm/SM2P256V1FieldElement.class DONE
/org/bouncycastle/math/ec/custom/gm/SM2P256V1FieldElement.class starting
/org/bouncycastle/math/ec/custom/gm/SM2P256V1FieldElement.class DONE
/org/bouncycastle/math/ec/custom/gm/SM2P256V1FieldElement.class starting
/org/bouncycastle/math/ec/custom/gm/SM2P256V1FieldElement.class DONE
/org/bouncycastle/math/ec/custom/gm/SM2P256V1FieldElement.class starting
/org/bouncycastle/math/ec/custom/gm/SM2P256V1FieldElement.class DONE
/org/bouncycastle/math/ec/custom/gm/SM2P256V1FieldElement.class starting
/org/bouncycastle/math/ec/custom/gm/SM2P256V1FieldElement.class DONE
/org/bouncycastle/math/ec/custom/gm/SM2P256V1FieldElement.class starting
/org/bouncycastle/math/ec/custom/gm/SM2P256V1FieldElement.class DONE
/org/bouncycastle/math/ec/custom/gm/SM2P256V1FieldElement.class starting
/org/bouncycastle/math/ec/custom/gm/SM2P256V1FieldElement.class DONE
/org/bouncycastle/math/ec/custom/gm/SM2P256V1FieldElement.class starting
/org/bouncycastle/math/ec/custom/gm/SM2P256V1FieldElement.class DONE
/org/bouncycastle/math/ec/custom/gm/SM2P256V1FieldElement.class starting
/org/bouncycastle/math/ec/custom/gm/SM2P256V1FieldElement.class DONE
/org/bouncycastle/math/ec/custom/gm/SM2P256V1FieldElement.class starting
/org/bouncycastle/math/ec/custom/gm/SM2P256V1FieldElement.class DONE
/org/bouncycastle/math/ec/custom/gm/SM2P256V1FieldElement.class starting
/org/bouncycastle/math/ec/custom/gm/SM2P256V1FieldElement.class DONE
/org/bouncycastle/math/ec/custom/gm/SM2P256V1FieldElement.class starting
/org/bouncycastle/math/ec/custom/gm/SM2P256V1FieldElement.class DONE
/org/bouncycastle/math/ec/custom/gm/SM2P256V1FieldElement.class starting
/org/bouncycastle/math/ec/custom/gm/SM2P256V1FieldElement.class DONE
/org/bouncycastle/math/ec/custom/gm/SM2P256V1FieldElement.class starting
/org/bouncycastle/math/ec/custom/gm/SM2P256V1FieldElement.class DONE
/org/bouncycastle/math/ec/custom/gm/SM2P256V1FieldElement.class starting
/org/bouncycastle/math/ec/custom/gm/SM2P256V1FieldElement.class DONE
/org/bouncycastle/math/ec/custom/gm/SM2P256V1FieldElement.class starting
/org/bouncycastle/math/ec/custom/gm/SM2P256V1FieldElement.class DONE
/org/bouncycastle/math/ec/custom/gm/SM2P256V1FieldElement.class starting
/org/bouncycastle/math/ec/custom/gm/SM2P256V1FieldElement.class DONE
/org/bouncycastle/math/ec/custom/gm/SM2P256V1FieldElement.class starting
/org/bouncycastle/math/ec/custom/gm/SM2P256V1FieldElement.class DONE
/org/bouncycastle/math/ec/custom/gm/SM2P256V1FieldElement.class starting
/org/bouncycastle/math/ec/custom/gm/SM2P256V1FieldElement.class DONE
/org/bouncycastle/math/ec/custom/gm/SM2P256V1FieldElement.class starting
/org/bouncycastle/math/ec/custom/gm/SM2P256V1FieldElement.class DONE
/org/bouncycastle/math/ec/custom/gm/SM2P256V1FieldElement.class starting
/org/bouncycastle/math/ec/custom/gm/SM2P256V1FieldElement.class DONE
/org/bouncycastle/math/ec/custom/gm/SM2P256V1FieldElement.class starting
/org/bouncycastle/math/ec/custom/gm/SM2P256V1FieldElement.class DONE
/org/bouncycastle/math/ec/custom/gm/SM2P256V1FieldElement.class starting
/org/bouncycastle/math/ec/custom/gm/SM2P256V1FieldElement.class DONE
/org/bouncycastle/math/ec/custom/gm/SM2P256V1FieldElement.class starting
/org/bouncycastle/math/ec/custom/gm/SM2P256V1FieldElement.class DONE
/org/bouncycastle/math/ec/custom/gm/SM2P256V1FieldElement.class starting
/org/bouncycastle/math/ec/custom/gm/SM2P256V1FieldElement.class DONE
/org/bouncycastle/math/ec/custom/gm/SM2P256V1FieldElement.class starting
/org/bouncycastle/math/ec/custom/gm/SM2P256V1FieldElement.class DONE
/org/bouncycastle/math/ec/custom/gm/SM2P256V1FieldElement.class starting
/org/bouncycastle/math/ec/custom/gm/SM2P256V1FieldElement.class DONE
/org/bouncycastle/math/ec/custom/gm/SM2P256V1FieldElement.class starting
/org/bouncycastle/math/ec/custom/gm/SM2P256V1FieldElement.class DONE
/org/bouncycastle/math/ec/custom/gm/SM2P256V1FieldElement.class starting
/org/bouncycastle/math/ec/custom/gm/SM2P256V1FieldElement.class DONE
/org/bouncycastle/math/ec/custom/gm/SM2P256V1FieldElement.class starting
/org/bouncycastle/math/ec/custom/gm/SM2P256V1FieldElement.class DONE
/org/bouncycastle/math/ec/custom/gm/SM2P256V1FieldElement.class starting
/org/bouncycastle/math/ec/custom/gm/SM2P256V1FieldElement.class DONE
/org/bouncycastle/math/ec/custom/gm/SM2P256V1FieldElement.class starting
/org/bouncycastle/math/ec/custom/gm/SM2P256V1FieldElement.class DONE
/org/bouncycastle/math/ec/custom/gm/SM2P256V1FieldElement.class starting
/org/bouncycastle/math/ec/custom/gm/SM2P256V1FieldElement.class DONE
/org/bouncycastle/math/ec/custom/gm/SM2P256V1FieldElement.class starting
/org/bouncycastle/math/ec/custom/gm/SM2P256V1FieldElement.class DONE
/org/bouncycastle/math/ec/custom/gm/SM2P256V1FieldElement.class starting
/org/bouncycastle/math/ec/custom/gm/SM2P256V1FieldElement.class DONE
/org/bouncycastle/math/ec/custom/gm/SM2P256V1FieldElement.class starting
/org/bouncycastle/math/ec/custom/gm/SM2P256V1FieldElement.class DONE
/org/bouncycastle/math/ec/custom/gm/SM2P256V1FieldElement.class starting
/org/bouncycastle/math/ec/custom/gm/SM2P256V1FieldElement.class DONE
/org/bouncycastle/math/ec/custom/gm/SM2P256V1FieldElement.class starting
/org/bouncycastle/math/ec/custom/gm/SM2P256V1FieldElement.class DONE
/org/bouncycastle/math/ec/custom/gm/SM2P256V1FieldElement.class starting
/org/bouncycastle/math/ec/custom/gm/SM2P256V1FieldElement.class DONE
/org/bouncycastle/math/ec/custom/gm/SM2P256V1FieldElement.class starting
/org/bouncycastle/math/ec/custom/gm/SM2P256V1FieldElement.class DONE
/org/bouncycastle/math/ec/custom/gm/SM2P256V1FieldElement.class starting
/org/bouncycastle/math/ec/custom/gm/SM2P256V1FieldElement.class DONE
/org/bouncycastle/math/ec/custom/gm/SM2P256V1FieldElement.class starting
/org/bouncycastle/math/ec/custom/gm/SM2P256V1FieldElement.class DONE
/org/bouncycastle/math/ec/custom/gm/SM2P256V1FieldElement.class starting
/org/bouncycastle/math/ec/custom/gm/SM2P256V1FieldElement.class DONE
/org/bouncycastle/math/ec/custom/gm/SM2P256V1FieldElement.class starting
/org/bouncycastle/math/ec/custom/gm/SM2P256V1FieldElement.class DONE
/org/bouncycastle/math/ec/custom/gm/SM2P256V1FieldElement.class starting
/org/bouncycastle/math/ec/custom/gm/SM2P256V1FieldElement.class DONE
/org/bouncycastle/math/ec/custom/gm/SM2P256V1FieldElement.class starting
/org/bouncycastle/math/ec/custom/gm/SM2P256V1FieldElement.class DONE
/org/bouncycastle/math/ec/custom/gm/SM2P256V1FieldElement.class starting
/org/bouncycastle/math/ec/custom/gm/SM2P256V1FieldElement.class DONE
/org/bouncycastle/math/ec/custom/gm/SM2P256V1FieldElement.class starting
/org/bouncycastle/math/ec/custom/gm/SM2P256V1FieldElement.class DONE
/org/bouncycastle/math/ec/custom/gm/SM2P256V1FieldElement.class starting
/org/bouncycastle/math/ec/custom/gm/SM2P256V1FieldElement.class DONE
/org/bouncycastle/math/ec/custom/gm/SM2P256V1FieldElement.class starting
/org/bouncycastle/math/ec/custom/gm/SM2P256V1FieldElement.class DONE
/org/bouncycastle/math/ec/custom/gm/SM2P256V1FieldElement.class starting
/org/bouncycastle/math/ec/custom/gm/SM2P256V1FieldElement.class DONE
/org/bouncycastle/math/ec/custom/gm/SM2P256V1FieldElement.class starting
/org/bouncycastle/math/ec/custom/gm/SM2P256V1FieldElement.class DONE
/org/bouncycastle/math/ec/custom/gm/SM2P256V1FieldElement.class starting
/org/bouncycastle/math/ec/custom/gm/SM2P256V1FieldElement.class DONE
/org/bouncycastle/math/ec/custom/gm/SM2P256V1FieldElement.class starting
/org/bouncycastle/math/ec/custom/gm/SM2P256V1FieldElement.class DONE
/org/bouncycastle/math/ec/custom/gm/SM2P256V1FieldElement.class starting
/org/bouncycastle/math/ec/custom/gm/SM2P256V1FieldElement.class DONE
/org/bouncycastle/math/ec/custom/gm/SM2P256V1FieldElement.class starting
/org/bouncycastle/math/ec/custom/gm/SM2P256V1FieldElement.class DONE
/org/bouncycastle/math/ec/custom/gm/SM2P256V1FieldElement.class starting
/org/bouncycastle/math/ec/custom/gm/SM2P256V1FieldElement.class DONE
/org/bouncycastle/math/ec/custom/gm/SM2P256V1FieldElement.class starting
/org/bouncycastle/math/ec/custom/gm/SM2P256V1FieldElement.class DONE
/org/bouncycastle/math/ec/custom/gm/SM2P256V1FieldElement.class starting
/org/bouncycastle/math/ec/custom/gm/SM2P256V1FieldElement.class DONE
/org/bouncycastle/math/ec/custom/gm/SM2P256V1FieldElement.class starting
/org/bouncycastle/math/ec/custom/gm/SM2P256V1FieldElement.class DONE
/org/bouncycastle/math/ec/custom/gm/SM2P256V1FieldElement.class starting
/org/bouncycastle/math/ec/custom/gm/SM2P256V1FieldElement.class DONE
/org/bouncycastle/math/ec/custom/gm/SM2P256V1FieldElement.class starting
/org/bouncycastle/math/ec/custom/gm/SM2P256V1FieldElement.class DONE
/org/bouncycastle/math/ec/custom/gm/SM2P256V1FieldElement.class starting
/org/bouncycastle/math/ec/custom/gm/SM2P256V1FieldElement.class DONE
/org/bouncycastle/math/ec/custom/gm/SM2P256V1FieldElement.class starting
/org/bouncycastle/math/ec/custom/gm/SM2P256V1FieldElement.class DONE
/org/bouncycastle/math/ec/custom/gm/SM2P256V1FieldElement.class starting
/org/bouncycastle/math/ec/custom/gm/SM2P256V1FieldElement.class DONE
/org/bouncycastle/math/ec/custom/gm/SM2P256V1FieldElement.class starting
/org/bouncycastle/math/ec/custom/gm/SM2P256V1FieldElement.class DONE
/org/bouncycastle/math/ec/custom/gm/SM2P256V1FieldElement.class starting
/org/bouncycastle/math/ec/custom/gm/SM2P256V1FieldElement.class DONE
/org/bouncycastle/math/ec/custom/gm/SM2P256V1FieldElement.class starting
/org/bouncycastle/math/ec/custom/gm/SM2P256V1FieldElement.class DONE
/org/bouncycastle/math/ec/custom/gm/SM2P256V1FieldElement.class starting
/org/bouncycastle/math/ec/custom/gm/SM2P256V1FieldElement.class DONE
/org/bouncycastle/math/ec/custom/gm/SM2P256V1FieldElement.class starting
/org/bouncycastle/math/ec/custom/gm/SM2P256V1FieldElement.class DONE
/org/bouncycastle/math/ec/custom/gm/SM2P256V1FieldElement.class starting
/org/bouncycastle/math/ec/custom/gm/SM2P256V1FieldElement.class DONE
/org/bouncycastle/math/ec/custom/gm/SM2P256V1FieldElement.class starting
/org/bouncycastle/math/ec/custom/gm/SM2P256V1FieldElement.class DONE
/org/bouncycastle/math/ec/custom/gm/SM2P256V1FieldElement.class starting
/org/bouncycastle/math/ec/custom/gm/SM2P256V1FieldElement.class DONE
/org/bouncycastle/math/ec/custom/gm/SM2P256V1FieldElement.class starting
/org/bouncycastle/math/ec/custom/gm/SM2P256V1FieldElement.class DONE
/org/bouncycastle/math/ec/custom/gm/SM2P256V1FieldElement.class starting
/org/bouncycastle/math/ec/custom/gm/SM2P256V1FieldElement.class DONE
/org/bouncycastle/math/ec/custom/gm/SM2P256V1FieldElement.class starting
/org/bouncycastle/math/ec/custom/gm/SM2P256V1FieldElement.class DONE
/org/bouncycastle/math/ec/custom/gm/SM2P256V1FieldElement.class starting
/org/bouncycastle/math/ec/custom/gm/SM2P256V1FieldElement.class DONE
/org/bouncycastle/math/ec/custom/gm/SM2P256V1FieldElement.class starting
/org/bouncycastle/math/ec/custom/gm/SM2P256V1FieldElement.class DONE
/org/bouncycastle/math/ec/custom/gm/SM2P256V1FieldElement.class starting
/org/bouncycastle/math/ec/custom/gm/SM2P256V1FieldElement.class DONE
/org/bouncycastle/math/ec/custom/gm/SM2P256V1FieldElement.class starting
/org/bouncycastle/math/ec/custom/gm/SM2P256V1FieldElement.class DONE
/org/bouncycastle/math/ec/custom/gm/SM2P256V1FieldElement.class starting
/org/bouncycastle/math/ec/custom/gm/SM2P256V1FieldElement.class DONE
/org/bouncycastle/math/ec/custom/gm/SM2P256V1FieldElement.class starting
/org/bouncycastle/math/ec/custom/gm/SM2P256V1FieldElement.class DONE
/org/bouncycastle/math/ec/custom/gm/SM2P256V1FieldElement.class starting
/org/bouncycastle/math/ec/custom/gm/SM2P256V1FieldElement.class DONE
/org/bouncycastle/math/ec/custom/gm/SM2P256V1FieldElement.class starting
/org/bouncycastle/math/ec/custom/gm/SM2P256V1FieldElement.class DONE
/org/bouncycastle/math/ec/custom/gm/SM2P256V1FieldElement.class starting
/org/bouncycastle/math/ec/custom/gm/SM2P256V1FieldElement.class DONE
/org/bouncycastle/math/ec/custom/gm/SM2P256V1FieldElement.class starting
/org/bouncycastle/math/ec/custom/gm/SM2P256V1FieldElement.class DONE
/org/bouncycastle/math/ec/custom/gm/SM2P256V1FieldElement.class starting
/org/bouncycastle/math/ec/custom/gm/SM2P256V1FieldElement.class DONE
/org/bouncycastle/math/ec/custom/gm/SM2P256V1FieldElement.class starting
/org/bouncycastle/math/ec/custom/gm/SM2P256V1FieldElement.class DONE
/org/bouncycastle/math/ec/custom/gm/SM2P256V1FieldElement.class starting
/org/bouncycastle/math/ec/custom/gm/SM2P256V1FieldElement.class DONE
/org/bouncycastle/math/ec/custom/gm/SM2P256V1FieldElement.class starting
/org/bouncycastle/math/ec/custom/gm/SM2P256V1FieldElement.class DONE
/org/bouncycastle/math/ec/custom/gm/SM2P256V1FieldElement.class starting
/org/bouncycastle/math/ec/custom/gm/SM2P256V1FieldElement.class DONE
/org/bouncycastle/math/ec/custom/gm/SM2P256V1FieldElement.class starting
/org/bouncycastle/math/ec/custom/gm/SM2P256V1FieldElement.class DONE
/org/bouncycastle/math/ec/custom/gm/SM2P256V1FieldElement.class starting
/org/bouncycastle/math/ec/custom/gm/SM2P256V1FieldElement.class DONE
/org/bouncycastle/math/ec/custom/gm/SM2P256V1FieldElement.class starting
/org/bouncycastle/math/ec/custom/gm/SM2P256V1FieldElement.class DONE
/org/bouncycastle/math/ec/custom/gm/SM2P256V1FieldElement.class starting
/org/bouncycastle/math/ec/custom/gm/SM2P256V1FieldElement.class DONE
/org/bouncycastle/math/ec/custom/gm/SM2P256V1FieldElement.class starting
/org/bouncycastle/math/ec/custom/gm/SM2P256V1FieldElement.class DONE
/org/bouncycastle/math/ec/custom/gm/SM2P256V1FieldElement.class starting
/org/bouncycastle/math/ec/custom/gm/SM2P256V1FieldElement.class DONE
/org/bouncycastle/math/ec/custom/gm/SM2P256V1FieldElement.class starting
/org/bouncycastle/math/ec/custom/gm/SM2P256V1FieldElement.class DONE
/org/bouncycastle/math/ec/custom/gm/SM2P256V1FieldElement.class starting
/org/bouncycastle/math/ec/custom/gm/SM2P256V1FieldElement.class DONE
/org/bouncycastle/math/ec/custom/gm/SM2P256V1FieldElement.class starting
/org/bouncycastle/math/ec/custom/gm/SM2P256V1FieldElement.class DONE
/org/bouncycastle/math/ec/custom/gm/SM2P256V1FieldElement.class starting
/org/bouncycastle/math/ec/custom/gm/SM2P256V1FieldElement.class DONE
/org/bouncycastle/math/ec/custom/gm/SM2P256V1FieldElement.class starting
/org/bouncycastle/math/ec/custom/gm/SM2P256V1FieldElement.class DONE
/org/bouncycastle/math/ec/custom/gm/SM2P256V1FieldElement.class starting
/org/bouncycastle/math/ec/custom/gm/SM2P256V1FieldElement.class DONE
/org/bouncycastle/math/ec/custom/gm/SM2P256V1FieldElement.class starting
/org/bouncycastle/math/ec/custom/gm/SM2P256V1FieldElement.class DONE
/org/bouncycastle/math/ec/custom/gm/SM2P256V1FieldElement.class starting
/org/bouncycastle/math/ec/custom/gm/SM2P256V1FieldElement.class DONE
/org/bouncycastle/math/ec/custom/gm/SM2P256V1FieldElement.class starting
/org/bouncycastle/math/ec/custom/gm/SM2P256V1FieldElement.class DONE
/org/bouncycastle/math/ec/custom/gm/SM2P256V1FieldElement.class starting
/org/bouncycastle/math/ec/custom/gm/SM2P256V1FieldElement.class DONE
/org/bouncycastle/math/ec/custom/gm/SM2P256V1FieldElement.class starting
/org/bouncycastle/math/ec/custom/gm/SM2P256V1FieldElement.class DONE
/org/bouncycastle/math/ec/custom/gm/SM2P256V1FieldElement.class starting
/org/bouncycastle/math/ec/custom/gm/SM2P256V1FieldElement.class DONE
/org/bouncycastle/math/ec/custom/gm/SM2P256V1FieldElement.class starting
/org/bouncycastle/math/ec/custom/gm/SM2P256V1FieldElement.class DONE
/org/bouncycastle/math/ec/custom/gm/SM2P256V1FieldElement.class starting
/org/bouncycastle/math/ec/custom/gm/SM2P256V1FieldElement.class DONE
/org/bouncycastle/math/ec/custom/gm/SM2P256V1FieldElement.class starting
/org/bouncycastle/math/ec/custom/gm/SM2P256V1FieldElement.class DONE
/org/bouncycastle/math/ec/custom/gm/SM2P256V1FieldElement.class starting
/org/bouncycastle/math/ec/custom/gm/SM2P256V1FieldElement.class DONE
/org/bouncycastle/math/ec/custom/gm/SM2P256V1FieldElement.class starting
/org/bouncycastle/math/ec/custom/gm/SM2P256V1FieldElement.class DONE
/org/bouncycastle/math/ec/custom/gm/SM2P256V1FieldElement.class starting
/org/bouncycastle/math/ec/custom/gm/SM2P256V1FieldElement.class DONE
/org/bouncycastle/math/ec/custom/gm/SM2P256V1FieldElement.class starting
/org/bouncycastle/math/ec/custom/gm/SM2P256V1FieldElement.class DONE
/org/bouncycastle/math/ec/custom/gm/SM2P256V1FieldElement.class starting
/org/bouncycastle/math/ec/custom/gm/SM2P256V1FieldElement.class DONE
/org/bouncycastle/math/ec/custom/gm/SM2P256V1FieldElement.class starting
/org/bouncycastle/math/ec/custom/gm/SM2P256V1FieldElement.class DONE
/org/bouncycastle/math/ec/custom/gm/SM2P256V1FieldElement.class starting
/org/bouncycastle/math/ec/custom/gm/SM2P256V1FieldElement.class DONE
/org/bouncycastle/math/ec/custom/gm/SM2P256V1FieldElement.class starting
/org/bouncycastle/math/ec/custom/gm/SM2P256V1FieldElement.class DONE
/org/bouncycastle/math/ec/custom/gm/SM2P256V1FieldElement.class starting
/org/bouncycastle/math/ec/custom/gm/SM2P256V1FieldElement.class DONE
/org/bouncycastle/math/ec/custom/gm/SM2P256V1FieldElement.class starting
/org/bouncycastle/math/ec/custom/gm/SM2P256V1FieldElement.class DONE
/org/bouncycastle/math/ec/custom/gm/SM2P256V1FieldElement.class starting
/org/bouncycastle/math/ec/custom/gm/SM2P256V1FieldElement.class DONE
/org/bouncycastle/math/ec/custom/gm/SM2P256V1FieldElement.class starting
/org/bouncycastle/math/ec/custom/gm/SM2P256V1FieldElement.class DONE
/org/bouncycastle/math/ec/custom/gm/SM2P256V1FieldElement.class starting
/org/bouncycastle/math/ec/custom/gm/SM2P256V1FieldElement.class DONE
/org/bouncycastle/math/ec/custom/gm/SM2P256V1FieldElement.class starting
/org/bouncycastle/math/ec/custom/gm/SM2P256V1FieldElement.class DONE
/org/bouncycastle/math/ec/custom/gm/SM2P256V1FieldElement.class starting
/org/bouncycastle/math/ec/custom/gm/SM2P256V1FieldElement.class DONE
/org/bouncycastle/math/ec/custom/gm/SM2P256V1FieldElement.class starting
/org/bouncycastle/math/ec/custom/gm/SM2P256V1FieldElement.class DONE
/org/bouncycastle/math/ec/custom/gm/SM2P256V1FieldElement.class starting
/org/bouncycastle/math/ec/custom/gm/SM2P256V1FieldElement.class DONE
/org/bouncycastle/math/ec/custom/gm/SM2P256V1FieldElement.class starting
/org/bouncycastle/math/ec/custom/gm/SM2P256V1FieldElement.class DONE
/org/bouncycastle/math/ec/custom/gm/SM2P256V1FieldElement.class starting
/org/bouncycastle/math/ec/custom/gm/SM2P256V1FieldElement.class DONE
/org/bouncycastle/math/ec/custom/gm/SM2P256V1FieldElement.class starting
/org/bouncycastle/math/ec/custom/gm/SM2P256V1FieldElement.class DONE
/org/bouncycastle/math/ec/custom/gm/SM2P256V1FieldElement.class starting
/org/bouncycastle/math/ec/custom/gm/SM2P256V1FieldElement.class DONE
/org/bouncycastle/math/ec/custom/gm/SM2P256V1FieldElement.class starting
/org/bouncycastle/math/ec/custom/gm/SM2P256V1FieldElement.class DONE
/org/bouncycastle/math/ec/custom/gm/SM2P256V1FieldElement.class starting
/org/bouncycastle/math/ec/custom/gm/SM2P256V1FieldElement.class DONE
/org/bouncycastle/math/ec/custom/gm/SM2P256V1FieldElement.class starting
/org/bouncycastle/math/ec/custom/gm/SM2P256V1FieldElement.class DONE
/org/bouncycastle/math/ec/custom/gm/SM2P256V1FieldElement.class starting
/org/bouncycastle/math/ec/custom/gm/SM2P256V1FieldElement.class DONE
/org/bouncycastle/math/ec/custom/gm/SM2P256V1FieldElement.class starting
/org/bouncycastle/math/ec/custom/gm/SM2P256V1FieldElement.class DONE
/org/bouncycastle/math/ec/custom/gm/SM2P256V1FieldElement.class starting
/org/bouncycastle/math/ec/custom/gm/SM2P256V1FieldElement.class DONE
/org/bouncycastle/math/ec/custom/gm/SM2P256V1FieldElement.class starting
/org/bouncycastle/math/ec/custom/gm/SM2P256V1FieldElement.class DONE
/org/bouncycastle/math/ec/custom/gm/SM2P256V1FieldElement.class starting
/org/bouncycastle/math/ec/custom/gm/SM2P256V1FieldElement.class DONE
/org/bouncycastle/math/ec/custom/gm/SM2P256V1FieldElement.class starting
/org/bouncycastle/math/ec/custom/gm/SM2P256V1FieldElement.class DONE
/org/bouncycastle/math/ec/custom/gm/SM2P256V1FieldElement.class starting
/org/bouncycastle/math/ec/custom/gm/SM2P256V1FieldElement.class DONE
/org/bouncycastle/math/ec/custom/gm/SM2P256V1FieldElement.class starting
/org/bouncycastle/math/ec/custom/gm/SM2P256V1FieldElement.class DONE
/org/bouncycastle/math/ec/custom/gm/SM2P256V1FieldElement.class starting
/org/bouncycastle/math/ec/custom/gm/SM2P256V1FieldElement.class DONE
/org/bouncycastle/math/ec/custom/gm/SM2P256V1FieldElement.class starting
/org/bouncycastle/math/ec/custom/gm/SM2P256V1FieldElement.class DONE
/org/bouncycastle/math/ec/custom/gm/SM2P256V1FieldElement.class starting
/org/bouncycastle/math/ec/custom/gm/SM2P256V1FieldElement.class DONE
/org/bouncycastle/math/ec/custom/gm/SM2P256V1FieldElement.class starting
/org/bouncycastle/math/ec/custom/gm/SM2P256V1FieldElement.class DONE
/org/bouncycastle/math/ec/custom/gm/SM2P256V1FieldElement.class starting
/org/bouncycastle/math/ec/custom/gm/SM2P256V1FieldElement.class DONE
/org/bouncycastle/math/ec/custom/gm/SM2P256V1FieldElement.class starting
/org/bouncycastle/math/ec/custom/gm/SM2P256V1FieldElement.class DONE
/org/bouncycastle/math/ec/custom/gm/SM2P256V1FieldElement.class starting
/org/bouncycastle/math/ec/custom/gm/SM2P256V1FieldElement.class DONE
/org/bouncycastle/math/ec/custom/gm/SM2P256V1FieldElement.class starting
/org/bouncycastle/math/ec/custom/gm/SM2P256V1FieldElement.class DONE
/org/bouncycastle/math/ec/custom/gm/SM2P256V1FieldElement.class starting
/org/bouncycastle/math/ec/custom/gm/SM2P256V1FieldElement.class DONE
/org/bouncycastle/math/ec/custom/gm/SM2P256V1FieldElement.class starting
/org/bouncycastle/math/ec/custom/gm/SM2P256V1FieldElement.class DONE
/org/bouncycastle/math/ec/custom/gm/SM2P256V1FieldElement.class starting
/org/bouncycastle/math/ec/custom/gm/SM2P256V1FieldElement.class DONE
/org/bouncycastle/math/ec/custom/gm/SM2P256V1FieldElement.class starting
/org/bouncycastle/math/ec/custom/gm/SM2P256V1FieldElement.class DONE
/org/bouncycastle/math/ec/custom/gm/SM2P256V1FieldElement.class starting
/org/bouncycastle/math/ec/custom/gm/SM2P256V1FieldElement.class DONE
/org/bouncycastle/math/ec/custom/gm/SM2P256V1FieldElement.class starting
/org/bouncycastle/math/ec/custom/gm/SM2P256V1FieldElement.class DONE
/org/bouncycastle/math/ec/custom/gm/SM2P256V1FieldElement.class starting
/org/bouncycastle/math/ec/custom/gm/SM2P256V1FieldElement.class DONE
/org/bouncycastle/math/ec/custom/gm/SM2P256V1FieldElement.class starting
/org/bouncycastle/math/ec/custom/gm/SM2P256V1FieldElement.class DONE
/org/bouncycastle/math/ec/custom/gm/SM2P256V1FieldElement.class starting
/org/bouncycastle/math/ec/custom/gm/SM2P256V1FieldElement.class DONE
/org/bouncycastle/math/ec/custom/gm/SM2P256V1FieldElement.class starting
/org/bouncycastle/math/ec/custom/gm/SM2P256V1FieldElement.class DONE
/org/bouncycastle/math/ec/custom/gm/SM2P256V1FieldElement.class starting
/org/bouncycastle/math/ec/custom/gm/SM2P256V1FieldElement.class DONE
/org/bouncycastle/math/ec/custom/gm/SM2P256V1FieldElement.class starting
/org/bouncycastle/math/ec/custom/gm/SM2P256V1FieldElement.class DONE
/org/bouncycastle/math/ec/custom/gm/SM2P256V1FieldElement.class starting
/org/bouncycastle/math/ec/custom/gm/SM2P256V1FieldElement.class DONE
/org/bouncycastle/math/ec/custom/gm/SM2P256V1FieldElement.class starting
/org/bouncycastle/math/ec/custom/gm/SM2P256V1FieldElement.class DONE
/org/bouncycastle/math/ec/custom/gm/SM2P256V1FieldElement.class starting
/org/bouncycastle/math/ec/custom/gm/SM2P256V1FieldElement.class DONE
/org/bouncycastle/math/ec/custom/gm/SM2P256V1FieldElement.class starting
/org/bouncycastle/math/ec/custom/gm/SM2P256V1FieldElement.class DONE
/org/bouncycastle/math/ec/custom/gm/SM2P256V1FieldElement.class starting
/org/bouncycastle/math/ec/custom/gm/SM2P256V1FieldElement.class DONE
/org/bouncycastle/math/ec/custom/gm/SM2P256V1FieldElement.class starting
/org/bouncycastle/math/ec/custom/gm/SM2P256V1FieldElement.class DONE
/org/bouncycastle/math/ec/custom/gm/SM2P256V1FieldElement.class starting
/org/bouncycastle/math/ec/custom/gm/SM2P256V1FieldElement.class DONE
/org/bouncycastle/math/ec/custom/gm/SM2P256V1FieldElement.class starting
/org/bouncycastle/math/ec/custom/gm/SM2P256V1FieldElement.class DONE
/org/bouncycastle/math/ec/custom/gm/SM2P256V1FieldElement.class starting
/org/bouncycastle/math/ec/custom/gm/SM2P256V1FieldElement.class DONE
/org/bouncycastle/math/ec/custom/gm/SM2P256V1FieldElement.class starting
/org/bouncycastle/math/ec/custom/gm/SM2P256V1FieldElement.class DONE
/org/bouncycastle/math/ec/custom/gm/SM2P256V1FieldElement.class starting
/org/bouncycastle/math/ec/custom/gm/SM2P256V1FieldElement.class DONE
/org/bouncycastle/math/ec/custom/gm/SM2P256V1FieldElement.class starting
/org/bouncycastle/math/ec/custom/gm/SM2P256V1FieldElement.class DONE
/org/bouncycastle/math/ec/custom/gm/SM2P256V1FieldElement.class starting
/org/bouncycastle/math/ec/custom/gm/SM2P256V1FieldElement.class DONE
/org/bouncycastle/math/ec/custom/gm/SM2P256V1FieldElement.class starting
/org/bouncycastle/math/ec/custom/gm/SM2P256V1FieldElement.class DONE
/org/bouncycastle/math/ec/custom/gm/SM2P256V1FieldElement.class starting
/org/bouncycastle/math/ec/custom/gm/SM2P256V1FieldElement.class DONE
/org/bouncycastle/math/ec/custom/gm/SM2P256V1FieldElement.class starting
/org/bouncycastle/math/ec/custom/gm/SM2P256V1FieldElement.class DONE
/org/bouncycastle/math/ec/custom/gm/SM2P256V1FieldElement.class starting
/org/bouncycastle/math/ec/custom/gm/SM2P256V1FieldElement.class DONE
/org/bouncycastle/math/ec/custom/gm/SM2P256V1FieldElement.class starting
/org/bouncycastle/math/ec/custom/gm/SM2P256V1FieldElement.class DONE
/org/bouncycastle/math/ec/custom/gm/SM2P256V1FieldElement.class starting
/org/bouncycastle/math/ec/custom/gm/SM2P256V1FieldElement.class DONE
/org/bouncycastle/math/ec/custom/gm/SM2P256V1FieldElement.class starting
/org/bouncycastle/math/ec/custom/gm/SM2P256V1FieldElement.class DONE
/org/bouncycastle/math/ec/custom/gm/SM2P256V1FieldElement.class starting
/org/bouncycastle/math/ec/custom/gm/SM2P256V1FieldElement.class DONE
/org/bouncycastle/math/ec/custom/gm/SM2P256V1FieldElement.class starting
/org/bouncycastle/math/ec/custom/gm/SM2P256V1FieldElement.class DONE
/org/bouncycastle/math/ec/custom/gm/SM2P256V1FieldElement.class starting
/org/bouncycastle/math/ec/custom/gm/SM2P256V1FieldElement.class DONE
/org/bouncycastle/math/ec/custom/gm/SM2P256V1FieldElement.class starting
/org/bouncycastle/math/ec/custom/gm/SM2P256V1FieldElement.class DONE
/org/bouncycastle/math/ec/custom/gm/SM2P256V1FieldElement.class starting
/org/bouncycastle/math/ec/custom/gm/SM2P256V1FieldElement.class DONE
/org/bouncycastle/math/ec/custom/gm/SM2P256V1FieldElement.class starting
/org/bouncycastle/math/ec/custom/gm/SM2P256V1FieldElement.class DONE
/org/bouncycastle/math/ec/custom/gm/SM2P256V1FieldElement.class starting
/org/bouncycastle/math/ec/custom/gm/SM2P256V1FieldElement.class DONE
/org/bouncycastle/math/ec/custom/gm/SM2P256V1FieldElement.class starting
/org/bouncycastle/math/ec/custom/gm/SM2P256V1FieldElement.class DONE
/org/bouncycastle/math/ec/custom/gm/SM2P256V1FieldElement.class starting
/org/bouncycastle/math/ec/custom/gm/SM2P256V1FieldElement.class DONE
/org/bouncycastle/math/ec/custom/gm/SM2P256V1FieldElement.class starting
/org/bouncycastle/math/ec/custom/gm/SM2P256V1FieldElement.class DONE
/org/bouncycastle/math/ec/custom/gm/SM2P256V1FieldElement.class starting
/org/bouncycastle/math/ec/custom/gm/SM2P256V1FieldElement.class DONE
/org/bouncycastle/math/ec/custom/gm/SM2P256V1FieldElement.class starting
/org/bouncycastle/math/ec/custom/gm/SM2P256V1FieldElement.class DONE
/org/bouncycastle/math/ec/custom/gm/SM2P256V1FieldElement.class starting
/org/bouncycastle/math/ec/custom/gm/SM2P256V1FieldElement.class DONE
/org/bouncycastle/math/ec/custom/gm/SM2P256V1FieldElement.class starting
/org/bouncycastle/math/ec/custom/gm/SM2P256V1FieldElement.class DONE
/org/bouncycastle/math/ec/custom/gm/SM2P256V1FieldElement.class starting
/org/bouncycastle/math/ec/custom/gm/SM2P256V1FieldElement.class DONE
/org/bouncycastle/math/ec/custom/gm/SM2P256V1FieldElement.class starting
/org/bouncycastle/math/ec/custom/gm/SM2P256V1FieldElement.class DONE
/org/bouncycastle/math/ec/custom/gm/SM2P256V1FieldElement.class starting
/org/bouncycastle/math/ec/custom/gm/SM2P256V1FieldElement.class DONE
/org/bouncycastle/math/ec/custom/gm/SM2P256V1FieldElement.class starting
/org/bouncycastle/math/ec/custom/gm/SM2P256V1FieldElement.class DONE
/org/bouncycastle/math/ec/custom/gm/SM2P256V1FieldElement.class starting
/org/bouncycastle/math/ec/custom/gm/SM2P256V1FieldElement.class DONE
/org/bouncycastle/math/ec/custom/gm/SM2P256V1FieldElement.class starting
/org/bouncycastle/math/ec/custom/gm/SM2P256V1FieldElement.class DONE
/org/bouncycastle/math/ec/custom/gm/SM2P256V1FieldElement.class starting
/org/bouncycastle/math/ec/custom/gm/SM2P256V1FieldElement.class DONE
/org/bouncycastle/math/ec/custom/gm/SM2P256V1FieldElement.class starting
/org/bouncycastle/math/ec/custom/gm/SM2P256V1FieldElement.class DONE
/org/bouncycastle/math/ec/custom/gm/SM2P256V1FieldElement.class starting
/org/bouncycastle/math/ec/custom/gm/SM2P256V1FieldElement.class DONE
/org/bouncycastle/math/ec/custom/gm/SM2P256V1FieldElement.class starting
/org/bouncycastle/math/ec/custom/gm/SM2P256V1FieldElement.class DONE
/org/bouncycastle/math/ec/custom/gm/SM2P256V1FieldElement.class starting
/org/bouncycastle/math/ec/custom/gm/SM2P256V1FieldElement.class DONE
/org/bouncycastle/math/ec/custom/gm/SM2P256V1FieldElement.class starting
/org/bouncycastle/math/ec/custom/gm/SM2P256V1FieldElement.class DONE
/org/bouncycastle/math/ec/custom/gm/SM2P256V1FieldElement.class starting
/org/bouncycastle/math/ec/custom/gm/SM2P256V1FieldElement.class DONE
/org/bouncycastle/math/ec/custom/gm/SM2P256V1FieldElement.class starting
/org/bouncycastle/math/ec/custom/gm/SM2P256V1FieldElement.class DONE
/org/bouncycastle/math/ec/custom/gm/SM2P256V1FieldElement.class starting
/org/bouncycastle/math/ec/custom/gm/SM2P256V1FieldElement.class DONE
/org/bouncycastle/math/ec/custom/gm/SM2P256V1FieldElement.class starting
/org/bouncycastle/math/ec/custom/gm/SM2P256V1FieldElement.class DONE
/org/bouncycastle/math/ec/custom/gm/SM2P256V1FieldElement.class starting
/org/bouncycastle/math/ec/custom/gm/SM2P256V1FieldElement.class DONE
/org/bouncycastle/math/ec/custom/gm/SM2P256V1FieldElement.class starting
/org/bouncycastle/math/ec/custom/gm/SM2P256V1FieldElement.class DONE
/org/bouncycastle/math/ec/custom/gm/SM2P256V1FieldElement.class starting
/org/bouncycastle/math/ec/custom/gm/SM2P256V1FieldElement.class DONE
/org/bouncycastle/math/ec/custom/gm/SM2P256V1FieldElement.class starting
/org/bouncycastle/math/ec/custom/gm/SM2P256V1FieldElement.class DONE
/org/bouncycastle/math/ec/custom/gm/SM2P256V1FieldElement.class starting
/org/bouncycastle/math/ec/custom/gm/SM2P256V1FieldElement.class DONE
/org/bouncycastle/math/ec/custom/gm/SM2P256V1FieldElement.class starting
/org/bouncycastle/math/ec/custom/gm/SM2P256V1FieldElement.class DONE
/org/bouncycastle/math/ec/custom/gm/SM2P256V1FieldElement.class starting
/org/bouncycastle/math/ec/custom/gm/SM2P256V1FieldElement.class DONE
/org/bouncycastle/math/ec/custom/gm/SM2P256V1FieldElement.class starting
/org/bouncycastle/math/ec/custom/gm/SM2P256V1FieldElement.class DONE
/org/bouncycastle/math/ec/custom/gm/SM2P256V1FieldElement.class starting
/org/bouncycastle/math/ec/custom/gm/SM2P256V1FieldElement.class DONE
/org/bouncycastle/math/ec/custom/gm/SM2P256V1FieldElement.class starting
/org/bouncycastle/math/ec/custom/gm/SM2P256V1FieldElement.class DONE
/org/bouncycastle/math/ec/custom/gm/SM2P256V1FieldElement.class starting
/org/bouncycastle/math/ec/custom/gm/SM2P256V1FieldElement.class DONE
/org/bouncycastle/math/ec/custom/gm/SM2P256V1FieldElement.class starting
/org/bouncycastle/math/ec/custom/gm/SM2P256V1FieldElement.class DONE
/org/bouncycastle/math/ec/custom/gm/SM2P256V1FieldElement.class starting
/org/bouncycastle/math/ec/custom/gm/SM2P256V1FieldElement.class DONE
/org/bouncycastle/math/ec/custom/gm/SM2P256V1FieldElement.class starting
/org/bouncycastle/math/ec/custom/gm/SM2P256V1FieldElement.class DONE
/org/bouncycastle/math/ec/custom/gm/SM2P256V1FieldElement.class starting
/org/bouncycastle/math/ec/custom/gm/SM2P256V1FieldElement.class DONE
/org/bouncycastle/math/ec/custom/gm/SM2P256V1FieldElement.class starting
/org/bouncycastle/math/ec/custom/gm/SM2P256V1FieldElement.class DONE
/org/bouncycastle/math/ec/custom/gm/SM2P256V1FieldElement.class starting
/org/bouncycastle/math/ec/custom/gm/SM2P256V1FieldElement.class DONE
/org/bouncycastle/math/ec/custom/gm/SM2P256V1FieldElement.class starting
/org/bouncycastle/math/ec/custom/gm/SM2P256V1FieldElement.class DONE
/org/bouncycastle/math/ec/custom/gm/SM2P256V1FieldElement.class starting
/org/bouncycastle/math/ec/custom/gm/SM2P256V1FieldElement.class DONE
/org/bouncycastle/math/ec/custom/gm/SM2P256V1FieldElement.class starting
/org/bouncycastle/math/ec/custom/gm/SM2P256V1FieldElement.class DONE
/org/bouncycastle/math/ec/custom/gm/SM2P256V1FieldElement.class starting
/org/bouncycastle/math/ec/custom/gm/SM2P256V1FieldElement.class DONE
/org/bouncycastle/math/ec/custom/gm/SM2P256V1FieldElement.class starting
/org/bouncycastle/math/ec/custom/gm/SM2P256V1FieldElement.class DONE
/org/bouncycastle/math/ec/custom/gm/SM2P256V1FieldElement.class starting
/org/bouncycastle/math/ec/custom/gm/SM2P256V1FieldElement.class DONE
/org/bouncycastle/math/ec/custom/gm/SM2P256V1FieldElement.class starting
/org/bouncycastle/math/ec/custom/gm/SM2P256V1FieldElement.class DONE
/org/bouncycastle/math/ec/custom/gm/SM2P256V1FieldElement.class starting
/org/bouncycastle/math/ec/custom/gm/SM2P256V1FieldElement.class DONE
/org/bouncycastle/math/ec/custom/gm/SM2P256V1FieldElement.class starting
/org/bouncycastle/math/ec/custom/gm/SM2P256V1FieldElement.class DONE
/org/bouncycastle/math/ec/custom/gm/SM2P256V1FieldElement.class starting
/org/bouncycastle/math/ec/custom/gm/SM2P256V1FieldElement.class DONE
/org/bouncycastle/math/ec/custom/gm/SM2P256V1FieldElement.class starting
/org/bouncycastle/math/ec/custom/gm/SM2P256V1FieldElement.class DONE
/org/bouncycastle/math/ec/custom/gm/SM2P256V1FieldElement.class starting
/org/bouncycastle/math/ec/custom/gm/SM2P256V1FieldElement.class DONE
/org/bouncycastle/math/ec/custom/gm/SM2P256V1FieldElement.class starting
/org/bouncycastle/math/ec/custom/gm/SM2P256V1FieldElement.class DONE
/org/bouncycastle/math/ec/custom/gm/SM2P256V1FieldElement.class starting
/org/bouncycastle/math/ec/custom/gm/SM2P256V1FieldElement.class DONE
/org/bouncycastle/math/ec/custom/gm/SM2P256V1FieldElement.class starting
/org/bouncycastle/math/ec/custom/gm/SM2P256V1FieldElement.class DONE
/org/bouncycastle/math/ec/custom/gm/SM2P256V1FieldElement.class starting
/org/bouncycastle/math/ec/custom/gm/SM2P256V1FieldElement.class DONE
/org/bouncycastle/math/ec/custom/gm/SM2P256V1FieldElement.class starting
/org/bouncycastle/math/ec/custom/gm/SM2P256V1FieldElement.class DONE
/org/bouncycastle/math/ec/custom/gm/SM2P256V1FieldElement.class starting
/org/bouncycastle/math/ec/custom/gm/SM2P256V1FieldElement.class DONE
/org/bouncycastle/math/ec/custom/gm/SM2P256V1FieldElement.class starting
/org/bouncycastle/math/ec/custom/gm/SM2P256V1FieldElement.class DONE
/org/bouncycastle/math/ec/custom/gm/SM2P256V1FieldElement.class starting
/org/bouncycastle/math/ec/custom/gm/SM2P256V1FieldElement.class DONE
/org/bouncycastle/math/ec/custom/gm/SM2P256V1FieldElement.class starting
/org/bouncycastle/math/ec/custom/gm/SM2P256V1FieldElement.class DONE
/org/bouncycastle/math/ec/custom/gm/SM2P256V1FieldElement.class starting
/org/bouncycastle/math/ec/custom/gm/SM2P256V1FieldElement.class DONE
/org/bouncycastle/math/ec/custom/gm/SM2P256V1FieldElement.class starting
/org/bouncycastle/math/ec/custom/gm/SM2P256V1FieldElement.class DONE
/org/bouncycastle/math/ec/custom/gm/SM2P256V1FieldElement.class starting
/org/bouncycastle/math/ec/custom/gm/SM2P256V1FieldElement.class DONE
/org/bouncycastle/math/ec/custom/gm/SM2P256V1FieldElement.class starting
/org/bouncycastle/math/ec/custom/gm/SM2P256V1FieldElement.class DONE
/org/bouncycastle/math/ec/custom/gm/SM2P256V1FieldElement.class starting
/org/bouncycastle/math/ec/custom/gm/SM2P256V1FieldElement.class DONE
/org/bouncycastle/math/ec/custom/gm/SM2P256V1FieldElement.class starting
/org/bouncycastle/math/ec/custom/gm/SM2P256V1FieldElement.class DONE
/org/bouncycastle/math/ec/custom/gm/SM2P256V1FieldElement.class starting
/org/bouncycastle/math/ec/custom/gm/SM2P256V1FieldElement.class DONE
/org/bouncycastle/math/ec/custom/gm/SM2P256V1FieldElement.class starting
/org/bouncycastle/math/ec/custom/gm/SM2P256V1FieldElement.class DONE
/org/bouncycastle/math/ec/custom/gm/SM2P256V1FieldElement.class starting
/org/bouncycastle/math/ec/custom/gm/SM2P256V1FieldElement.class DONE
/org/bouncycastle/math/ec/custom/gm/SM2P256V1FieldElement.class starting
/org/bouncycastle/math/ec/custom/gm/SM2P256V1FieldElement.class DONE
/org/bouncycastle/math/ec/custom/gm/SM2P256V1FieldElement.class starting
/org/bouncycastle/math/ec/custom/gm/SM2P256V1FieldElement.class DONE
/org/bouncycastle/math/ec/custom/gm/SM2P256V1FieldElement.class starting
/org/bouncycastle/math/ec/custom/gm/SM2P256V1FieldElement.class DONE
/org/bouncycastle/math/ec/custom/gm/SM2P256V1FieldElement.class starting
/org/bouncycastle/math/ec/custom/gm/SM2P256V1FieldElement.class DONE
/org/bouncycastle/math/ec/custom/gm/SM2P256V1FieldElement.class starting
/org/bouncycastle/math/ec/custom/gm/SM2P256V1FieldElement.class DONE
/org/bouncycastle/math/ec/custom/gm/SM2P256V1FieldElement.class starting
/org/bouncycastle/math/ec/custom/gm/SM2P256V1FieldElement.class DONE
/org/bouncycastle/math/ec/custom/gm/SM2P256V1FieldElement.class starting
/org/bouncycastle/math/ec/custom/gm/SM2P256V1FieldElement.class DONE
/org/bouncycastle/math/ec/custom/gm/SM2P256V1FieldElement.class starting
/org/bouncycastle/math/ec/custom/gm/SM2P256V1FieldElement.class DONE
/org/bouncycastle/math/ec/custom/gm/SM2P256V1FieldElement.class starting
/org/bouncycastle/math/ec/custom/gm/SM2P256V1FieldElement.class DONE
/org/bouncycastle/math/ec/custom/gm/SM2P256V1FieldElement.class starting
/org/bouncycastle/math/ec/custom/gm/SM2P256V1FieldElement.class DONE
/org/bouncycastle/math/ec/custom/gm/SM2P256V1FieldElement.class starting
/org/bouncycastle/math/ec/custom/gm/SM2P256V1FieldElement.class DONE
/org/bouncycastle/math/ec/custom/gm/SM2P256V1FieldElement.class starting
/org/bouncycastle/math/ec/custom/gm/SM2P256V1FieldElement.class DONE
/org/bouncycastle/math/ec/custom/gm/SM2P256V1FieldElement.class starting
/org/bouncycastle/math/ec/custom/gm/SM2P256V1FieldElement.class DONE
/org/bouncycastle/math/ec/custom/gm/SM2P256V1FieldElement.class starting
/org/bouncycastle/math/ec/custom/gm/SM2P256V1FieldElement.class DONE
/org/bouncycastle/math/ec/custom/gm/SM2P256V1FieldElement.class starting
/org/bouncycastle/math/ec/custom/gm/SM2P256V1FieldElement.class DONE
/org/bouncycastle/math/ec/custom/gm/SM2P256V1FieldElement.class starting
/org/bouncycastle/math/ec/custom/gm/SM2P256V1FieldElement.class DONE
/org/bouncycastle/math/ec/custom/gm/SM2P256V1FieldElement.class starting
/org/bouncycastle/math/ec/custom/gm/SM2P256V1FieldElement.class DONE
/org/bouncycastle/math/ec/custom/gm/SM2P256V1FieldElement.class starting
/org/bouncycastle/math/ec/custom/gm/SM2P256V1FieldElement.class DONE
/org/bouncycastle/math/ec/custom/gm/SM2P256V1FieldElement.class starting
/org/bouncycastle/math/ec/custom/gm/SM2P256V1FieldElement.class DONE
/org/bouncycastle/math/ec/custom/gm/SM2P256V1FieldElement.class starting
/org/bouncycastle/math/ec/custom/gm/SM2P256V1FieldElement.class DONE
/org/bouncycastle/math/ec/custom/gm/SM2P256V1FieldElement.class starting
/org/bouncycastle/math/ec/custom/gm/SM2P256V1FieldElement.class DONE
/org/bouncycastle/math/ec/custom/gm/SM2P256V1FieldElement.class starting
/org/bouncycastle/math/ec/custom/gm/SM2P256V1FieldElement.class DONE
/org/bouncycastle/math/ec/custom/gm/SM2P256V1FieldElement.class starting
/org/bouncycastle/math/ec/custom/gm/SM2P256V1FieldElement.class DONE
/org/bouncycastle/math/ec/custom/gm/SM2P256V1FieldElement.class starting
/org/bouncycastle/math/ec/custom/gm/SM2P256V1FieldElement.class DONE
/org/bouncycastle/math/ec/custom/gm/SM2P256V1FieldElement.class starting
/org/bouncycastle/math/ec/custom/gm/SM2P256V1FieldElement.class DONE
/org/bouncycastle/math/ec/custom/gm/SM2P256V1FieldElement.class starting
/org/bouncycastle/math/ec/custom/gm/SM2P256V1FieldElement.class DONE
/org/bouncycastle/math/ec/custom/gm/SM2P256V1FieldElement.class starting
/org/bouncycastle/math/ec/custom/gm/SM2P256V1FieldElement.class DONE
/org/bouncycastle/math/ec/custom/gm/SM2P256V1FieldElement.class starting
/org/bouncycastle/math/ec/custom/gm/SM2P256V1FieldElement.class DONE
/org/bouncycastle/math/ec/custom/gm/SM2P256V1FieldElement.class starting
/org/bouncycastle/math/ec/custom/gm/SM2P256V1FieldElement.class DONE
/org/bouncycastle/math/ec/custom/gm/SM2P256V1FieldElement.class starting
/org/bouncycastle/math/ec/custom/gm/SM2P256V1FieldElement.class DONE
/org/bouncycastle/math/ec/custom/gm/SM2P256V1FieldElement.class starting
/org/bouncycastle/math/ec/custom/gm/SM2P256V1FieldElement.class DONE
/org/bouncycastle/math/ec/custom/gm/SM2P256V1FieldElement.class starting
/org/bouncycastle/math/ec/custom/gm/SM2P256V1FieldElement.class DONE
/org/bouncycastle/math/ec/custom/gm/SM2P256V1FieldElement.class starting
/org/bouncycastle/math/ec/custom/gm/SM2P256V1FieldElement.class DONE
/org/bouncycastle/math/ec/custom/gm/SM2P256V1FieldElement.class starting
/org/bouncycastle/math/ec/custom/gm/SM2P256V1FieldElement.class DONE
/org/bouncycastle/math/ec/custom/gm/SM2P256V1FieldElement.class starting
/org/bouncycastle/math/ec/custom/gm/SM2P256V1FieldElement.class DONE
/org/bouncycastle/math/ec/custom/gm/SM2P256V1FieldElement.class starting
/org/bouncycastle/math/ec/custom/gm/SM2P256V1FieldElement.class DONE
/org/bouncycastle/math/ec/custom/gm/SM2P256V1FieldElement.class starting
/org/bouncycastle/math/ec/custom/gm/SM2P256V1FieldElement.class DONE
/org/bouncycastle/math/ec/custom/gm/SM2P256V1FieldElement.class starting
/org/bouncycastle/math/ec/custom/gm/SM2P256V1FieldElement.class DONE
/org/bouncycastle/math/ec/custom/gm/SM2P256V1FieldElement.class starting
/org/bouncycastle/math/ec/custom/gm/SM2P256V1FieldElement.class DONE
/org/bouncycastle/math/ec/custom/gm/SM2P256V1FieldElement.class starting
/org/bouncycastle/math/ec/custom/gm/SM2P256V1FieldElement.class DONE
/org/bouncycastle/math/ec/custom/gm/SM2P256V1FieldElement.class starting
/org/bouncycastle/math/ec/custom/gm/SM2P256V1FieldElement.class DONE
/org/bouncycastle/math/ec/custom/gm/SM2P256V1FieldElement.class starting
/org/bouncycastle/math/ec/custom/gm/SM2P256V1FieldElement.class DONE
/org/bouncycastle/math/ec/custom/gm/SM2P256V1FieldElement.class starting
/org/bouncycastle/math/ec/custom/gm/SM2P256V1FieldElement.class DONE
/org/bouncycastle/math/ec/custom/gm/SM2P256V1FieldElement.class starting
/org/bouncycastle/math/ec/custom/gm/SM2P256V1FieldElement.class DONE
/org/bouncycastle/math/ec/custom/gm/SM2P256V1FieldElement.class starting
/org/bouncycastle/math/ec/custom/gm/SM2P256V1FieldElement.class DONE
/org/bouncycastle/math/ec/custom/gm/SM2P256V1FieldElement.class starting
/org/bouncycastle/math/ec/custom/gm/SM2P256V1FieldElement.class DONE
/org/bouncycastle/math/ec/custom/gm/SM2P256V1FieldElement.class starting
/org/bouncycastle/math/ec/custom/gm/SM2P256V1FieldElement.class DONE
/org/bouncycastle/math/ec/custom/gm/SM2P256V1FieldElement.class starting
/org/bouncycastle/math/ec/custom/gm/SM2P256V1FieldElement.class DONE
/org/bouncycastle/math/ec/custom/gm/SM2P256V1FieldElement.class starting
/org/bouncycastle/math/ec/custom/gm/SM2P256V1FieldElement.class DONE
/org/bouncycastle/math/ec/custom/gm/SM2P256V1FieldElement.class starting
/org/bouncycastle/math/ec/custom/gm/SM2P256V1FieldElement.class DONE
/org/bouncycastle/math/ec/custom/gm/SM2P256V1FieldElement.class starting
/org/bouncycastle/math/ec/custom/gm/SM2P256V1FieldElement.class DONE
/org/bouncycastle/math/ec/custom/gm/SM2P256V1FieldElement.class starting
/org/bouncycastle/math/ec/custom/gm/SM2P256V1FieldElement.class DONE
/org/bouncycastle/math/ec/custom/gm/SM2P256V1FieldElement.class starting
/org/bouncycastle/math/ec/custom/gm/SM2P256V1FieldElement.class DONE
/org/bouncycastle/math/ec/custom/gm/SM2P256V1FieldElement.class starting
/org/bouncycastle/math/ec/custom/gm/SM2P256V1FieldElement.class DONE
/org/bouncycastle/math/ec/custom/gm/SM2P256V1FieldElement.class starting
/org/bouncycastle/math/ec/custom/gm/SM2P256V1FieldElement.class DONE
/org/bouncycastle/math/ec/custom/gm/SM2P256V1FieldElement.class starting
/org/bouncycastle/math/ec/custom/gm/SM2P256V1FieldElement.class DONE
/org/bouncycastle/math/ec/custom/gm/SM2P256V1FieldElement.class starting
/org/bouncycastle/math/ec/custom/gm/SM2P256V1FieldElement.class DONE
/org/bouncycastle/math/ec/custom/gm/SM2P256V1FieldElement.class starting
/org/bouncycastle/math/ec/custom/gm/SM2P256V1FieldElement.class DONE
/org/bouncycastle/math/ec/custom/gm/SM2P256V1FieldElement.class starting
/org/bouncycastle/math/ec/custom/gm/SM2P256V1FieldElement.class DONE
/org/bouncycastle/math/ec/custom/gm/SM2P256V1FieldElement.class starting
/org/bouncycastle/math/ec/custom/gm/SM2P256V1FieldElement.class DONE
/org/bouncycastle/math/ec/custom/gm/SM2P256V1FieldElement.class starting
/org/bouncycastle/math/ec/custom/gm/SM2P256V1FieldElement.class DONE
/org/bouncycastle/math/ec/custom/gm/SM2P256V1FieldElement.class starting
/org/bouncycastle/math/ec/custom/gm/SM2P256V1FieldElement.class DONE
/org/bouncycastle/math/ec/custom/gm/SM2P256V1FieldElement.class starting
/org/bouncycastle/math/ec/custom/gm/SM2P256V1FieldElement.class DONE
/org/bouncycastle/math/ec/custom/gm/SM2P256V1FieldElement.class starting
/org/bouncycastle/math/ec/custom/gm/SM2P256V1FieldElement.class DONE
/org/bouncycastle/math/ec/custom/gm/SM2P256V1FieldElement.class starting
/org/bouncycastle/math/ec/custom/gm/SM2P256V1FieldElement.class DONE
/org/bouncycastle/math/ec/custom/gm/SM2P256V1FieldElement.class starting
/org/bouncycastle/math/ec/custom/gm/SM2P256V1FieldElement.class DONE
/org/bouncycastle/math/ec/custom/gm/SM2P256V1FieldElement.class starting
/org/bouncycastle/math/ec/custom/gm/SM2P256V1FieldElement.class DONE
/org/bouncycastle/math/ec/custom/gm/SM2P256V1FieldElement.class starting
/org/bouncycastle/math/ec/custom/gm/SM2P256V1FieldElement.class DONE
/org/bouncycastle/math/ec/custom/gm/SM2P256V1FieldElement.class starting
/org/bouncycastle/math/ec/custom/gm/SM2P256V1FieldElement.class DONE
/org/bouncycastle/math/ec/custom/gm/SM2P256V1FieldElement.class starting
/org/bouncycastle/math/ec/custom/gm/SM2P256V1FieldElement.class DONE
/org/bouncycastle/math/ec/custom/gm/SM2P256V1FieldElement.class starting
/org/bouncycastle/math/ec/custom/gm/SM2P256V1FieldElement.class DONE
/org/bouncycastle/math/ec/custom/gm/SM2P256V1FieldElement.class starting
/org/bouncycastle/math/ec/custom/gm/SM2P256V1FieldElement.class DONE
/org/bouncycastle/math/ec/custom/gm/SM2P256V1FieldElement.class starting
/org/bouncycastle/math/ec/custom/gm/SM2P256V1FieldElement.class DONE
/org/bouncycastle/math/ec/custom/gm/SM2P256V1FieldElement.class starting
/org/bouncycastle/math/ec/custom/gm/SM2P256V1FieldElement.class DONE
/org/bouncycastle/math/ec/custom/gm/SM2P256V1FieldElement.class starting
/org/bouncycastle/math/ec/custom/gm/SM2P256V1FieldElement.class DONE
/org/bouncycastle/math/ec/custom/gm/SM2P256V1FieldElement.class starting
/org/bouncycastle/math/ec/custom/gm/SM2P256V1FieldElement.class DONE
/org/bouncycastle/math/ec/custom/gm/SM2P256V1FieldElement.class starting
/org/bouncycastle/math/ec/custom/gm/SM2P256V1FieldElement.class DONE
/org/bouncycastle/math/ec/custom/gm/SM2P256V1FieldElement.class starting
/org/bouncycastle/math/ec/custom/gm/SM2P256V1FieldElement.class DONE
/org/bouncycastle/math/ec/custom/gm/SM2P256V1FieldElement.class starting
/org/bouncycastle/math/ec/custom/gm/SM2P256V1FieldElement.class DONE
/org/bouncycastle/math/ec/custom/gm/SM2P256V1FieldElement.class starting
/org/bouncycastle/math/ec/custom/gm/SM2P256V1FieldElement.class DONE
/org/bouncycastle/math/ec/custom/gm/SM2P256V1FieldElement.class starting
/org/bouncycastle/math/ec/custom/gm/SM2P256V1FieldElement.class DONE
/org/bouncycastle/math/ec/custom/gm/SM2P256V1FieldElement.class starting
/org/bouncycastle/math/ec/custom/gm/SM2P256V1FieldElement.class DONE
/org/bouncycastle/math/ec/custom/gm/SM2P256V1FieldElement.class starting
/org/bouncycastle/math/ec/custom/gm/SM2P256V1FieldElement.class DONE
/org/bouncycastle/math/ec/custom/gm/SM2P256V1FieldElement.class starting
/org/bouncycastle/math/ec/custom/gm/SM2P256V1FieldElement.class DONE
/org/bouncycastle/math/ec/custom/gm/SM2P256V1FieldElement.class starting
/org/bouncycastle/math/ec/custom/gm/SM2P256V1FieldElement.class DONE
/org/bouncycastle/math/ec/custom/gm/SM2P256V1FieldElement.class starting
/org/bouncycastle/math/ec/custom/gm/SM2P256V1FieldElement.class DONE
/org/bouncycastle/math/ec/custom/gm/SM2P256V1FieldElement.class starting
/org/bouncycastle/math/ec/custom/gm/SM2P256V1FieldElement.class DONE
/org/bouncycastle/math/ec/custom/gm/SM2P256V1FieldElement.class starting
/org/bouncycastle/math/ec/custom/gm/SM2P256V1FieldElement.class DONE
/org/bouncycastle/math/ec/custom/gm/SM2P256V1FieldElement.class starting
/org/bouncycastle/math/ec/custom/gm/SM2P256V1FieldElement.class DONE
/org/bouncycastle/math/ec/custom/gm/SM2P256V1FieldElement.class starting
/org/bouncycastle/math/ec/custom/gm/SM2P256V1FieldElement.class DONE
/org/bouncycastle/math/ec/custom/gm/SM2P256V1FieldElement.class starting
/org/bouncycastle/math/ec/custom/gm/SM2P256V1FieldElement.class DONE
/org/bouncycastle/math/ec/custom/gm/SM2P256V1FieldElement.class starting
/org/bouncycastle/math/ec/custom/gm/SM2P256V1FieldElement.class DONE
/org/bouncycastle/math/ec/custom/gm/SM2P256V1FieldElement.class starting
/org/bouncycastle/math/ec/custom/gm/SM2P256V1FieldElement.class DONE
/org/bouncycastle/math/ec/custom/gm/SM2P256V1FieldElement.class starting
/org/bouncycastle/math/ec/custom/gm/SM2P256V1FieldElement.class DONE
/org/bouncycastle/math/ec/custom/gm/SM2P256V1FieldElement.class starting
/org/bouncycastle/math/ec/custom/gm/SM2P256V1FieldElement.class DONE
/org/bouncycastle/math/ec/custom/gm/SM2P256V1FieldElement.class starting
/org/bouncycastle/math/ec/custom/gm/SM2P256V1FieldElement.class DONE
/org/bouncycastle/math/ec/custom/gm/SM2P256V1FieldElement.class starting
/org/bouncycastle/math/ec/custom/gm/SM2P256V1FieldElement.class DONE
/org/bouncycastle/math/ec/custom/gm/SM2P256V1FieldElement.class starting
/org/bouncycastle/math/ec/custom/gm/SM2P256V1FieldElement.class DONE
/org/bouncycastle/math/ec/custom/gm/SM2P256V1FieldElement.class starting
/org/bouncycastle/math/ec/custom/gm/SM2P256V1FieldElement.class DONE
/org/bouncycastle/math/ec/custom/gm/SM2P256V1FieldElement.class starting
/org/bouncycastle/math/ec/custom/gm/SM2P256V1FieldElement.class DONE
/org/bouncycastle/math/ec/custom/gm/SM2P256V1FieldElement.class starting
/org/bouncycastle/math/ec/custom/gm/SM2P256V1FieldElement.class DONE
/org/bouncycastle/math/ec/custom/gm/SM2P256V1FieldElement.class starting
/org/bouncycastle/math/ec/custom/gm/SM2P256V1FieldElement.class DONE
/org/bouncycastle/math/ec/custom/gm/SM2P256V1FieldElement.class starting
/org/bouncycastle/math/ec/custom/gm/SM2P256V1FieldElement.class DONE
/org/bouncycastle/math/ec/custom/gm/SM2P256V1FieldElement.class starting
/org/bouncycastle/math/ec/custom/gm/SM2P256V1FieldElement.class DONE
/org/bouncycastle/math/ec/custom/gm/SM2P256V1FieldElement.class starting
/org/bouncycastle/math/ec/custom/gm/SM2P256V1FieldElement.class DONE
/org/bouncycastle/math/ec/custom/gm/SM2P256V1FieldElement.class starting
/org/bouncycastle/math/ec/custom/gm/SM2P256V1FieldElement.class DONE
/org/bouncycastle/math/ec/custom/gm/SM2P256V1FieldElement.class starting
/org/bouncycastle/math/ec/custom/gm/SM2P256V1FieldElement.class DONE
/org/bouncycastle/math/ec/custom/gm/SM2P256V1FieldElement.class starting
/org/bouncycastle/math/ec/custom/gm/SM2P256V1FieldElement.class DONE
/org/bouncycastle/math/ec/custom/gm/SM2P256V1FieldElement.class starting
/org/bouncycastle/math/ec/custom/gm/SM2P256V1FieldElement.class DONE
/org/bouncycastle/math/ec/custom/gm/SM2P256V1FieldElement.class starting
/org/bouncycastle/math/ec/custom/gm/SM2P256V1FieldElement.class DONE
/org/bouncycastle/math/ec/custom/gm/SM2P256V1FieldElement.class starting
/org/bouncycastle/math/ec/custom/gm/SM2P256V1FieldElement.class DONE
/org/bouncycastle/math/ec/custom/gm/SM2P256V1FieldElement.class starting
/org/bouncycastle/math/ec/custom/gm/SM2P256V1FieldElement.class DONE
/org/bouncycastle/math/ec/custom/gm/SM2P256V1FieldElement.class starting
/org/bouncycastle/math/ec/custom/gm/SM2P256V1FieldElement.class DONE
/org/bouncycastle/math/ec/custom/gm/SM2P256V1FieldElement.class starting
/org/bouncycastle/math/ec/custom/gm/SM2P256V1FieldElement.class DONE
/org/bouncycastle/math/ec/custom/gm/SM2P256V1FieldElement.class starting
/org/bouncycastle/math/ec/custom/gm/SM2P256V1FieldElement.class DONE
/org/bouncycastle/math/ec/custom/gm/SM2P256V1FieldElement.class starting
/org/bouncycastle/math/ec/custom/gm/SM2P256V1FieldElement.class DONE
/org/bouncycastle/math/ec/custom/gm/SM2P256V1FieldElement.class starting
/org/bouncycastle/math/ec/custom/gm/SM2P256V1FieldElement.class DONE
/org/bouncycastle/math/ec/custom/gm/SM2P256V1FieldElement.class starting
/org/bouncycastle/math/ec/custom/gm/SM2P256V1FieldElement.class DONE
/org/bouncycastle/math/ec/custom/gm/SM2P256V1FieldElement.class starting
/org/bouncycastle/math/ec/custom/gm/SM2P256V1FieldElement.class DONE
/org/bouncycastle/math/ec/custom/gm/SM2P256V1FieldElement.class starting
/org/bouncycastle/math/ec/custom/gm/SM2P256V1FieldElement.class DONE
/org/bouncycastle/math/ec/custom/gm/SM2P256V1FieldElement.class starting
/org/bouncycastle/math/ec/custom/gm/SM2P256V1FieldElement.class DONE
/org/bouncycastle/math/ec/custom/gm/SM2P256V1FieldElement.class starting
/org/bouncycastle/math/ec/custom/gm/SM2P256V1FieldElement.class DONE
/org/bouncycastle/math/ec/custom/gm/SM2P256V1FieldElement.class starting
/org/bouncycastle/math/ec/custom/gm/SM2P256V1FieldElement.class DONE
/org/bouncycastle/math/ec/custom/gm/SM2P256V1FieldElement.class starting
/org/bouncycastle/math/ec/custom/gm/SM2P256V1FieldElement.class DONE
/org/bouncycastle/math/ec/custom/gm/SM2P256V1FieldElement.class starting
/org/bouncycastle/math/ec/custom/gm/SM2P256V1FieldElement.class DONE
/org/bouncycastle/math/ec/custom/gm/SM2P256V1FieldElement.class starting
/org/bouncycastle/math/ec/custom/gm/SM2P256V1FieldElement.class DONE
/org/bouncycastle/math/ec/custom/gm/SM2P256V1FieldElement.class starting
/org/bouncycastle/math/ec/custom/gm/SM2P256V1FieldElement.class DONE
/org/bouncycastle/math/ec/custom/gm/SM2P256V1FieldElement.class starting
/org/bouncycastle/math/ec/custom/gm/SM2P256V1FieldElement.class DONE
/org/bouncycastle/math/ec/custom/gm/SM2P256V1FieldElement.class starting
/org/bouncycastle/math/ec/custom/gm/SM2P256V1FieldElement.class DONE
/org/bouncycastle/math/ec/custom/gm/SM2P256V1FieldElement.class starting
/org/bouncycastle/math/ec/custom/gm/SM2P256V1FieldElement.class DONE
/org/bouncycastle/math/ec/custom/gm/SM2P256V1FieldElement.class starting
/org/bouncycastle/math/ec/custom/gm/SM2P256V1FieldElement.class DONE
/org/bouncycastle/math/ec/custom/gm/SM2P256V1FieldElement.class starting
/org/bouncycastle/math/ec/custom/gm/SM2P256V1FieldElement.class DONE
/org/bouncycastle/math/ec/custom/gm/SM2P256V1FieldElement.class starting
/org/bouncycastle/math/ec/custom/gm/SM2P256V1FieldElement.class DONE
/org/bouncycastle/math/ec/custom/gm/SM2P256V1FieldElement.class starting
/org/bouncycastle/math/ec/custom/gm/SM2P256V1FieldElement.class DONE
/org/bouncycastle/math/ec/custom/gm/SM2P256V1FieldElement.class starting
/org/bouncycastle/math/ec/custom/gm/SM2P256V1FieldElement.class DONE
/org/bouncycastle/math/ec/custom/gm/SM2P256V1FieldElement.class starting
/org/bouncycastle/math/ec/custom/gm/SM2P256V1FieldElement.class DONE
/org/bouncycastle/math/ec/custom/gm/SM2P256V1FieldElement.class starting
/org/bouncycastle/math/ec/custom/gm/SM2P256V1FieldElement.class DONE
/org/bouncycastle/math/ec/custom/gm/SM2P256V1FieldElement.class starting
/org/bouncycastle/math/ec/custom/gm/SM2P256V1FieldElement.class DONE
/org/bouncycastle/math/ec/custom/gm/SM2P256V1FieldElement.class starting
/org/bouncycastle/math/ec/custom/gm/SM2P256V1FieldElement.class DONE
/org/bouncycastle/math/ec/custom/gm/SM2P256V1FieldElement.class starting
/org/bouncycastle/math/ec/custom/gm/SM2P256V1FieldElement.class DONE
/org/bouncycastle/math/ec/custom/gm/SM2P256V1FieldElement.class starting
/org/bouncycastle/math/ec/custom/gm/SM2P256V1FieldElement.class DONE
/org/bouncycastle/math/ec/custom/gm/SM2P256V1FieldElement.class starting
/org/bouncycastle/math/ec/custom/gm/SM2P256V1FieldElement.class DONE
/org/bouncycastle/math/ec/custom/gm/SM2P256V1FieldElement.class starting
/org/bouncycastle/math/ec/custom/gm/SM2P256V1FieldElement.class DONE
/org/bouncycastle/math/ec/custom/gm/SM2P256V1FieldElement.class starting
/org/bouncycastle/math/ec/custom/gm/SM2P256V1FieldElement.class DONE
/org/bouncycastle/math/ec/custom/gm/SM2P256V1FieldElement.class starting
/org/bouncycastle/math/ec/custom/gm/SM2P256V1FieldElement.class DONE
/org/bouncycastle/math/ec/custom/gm/SM2P256V1FieldElement.class starting
/org/bouncycastle/math/ec/custom/gm/SM2P256V1FieldElement.class DONE
/org/bouncycastle/math/ec/custom/gm/SM2P256V1FieldElement.class starting
/org/bouncycastle/math/ec/custom/gm/SM2P256V1FieldElement.class DONE
/org/bouncycastle/math/ec/custom/gm/SM2P256V1FieldElement.class starting
/org/bouncycastle/math/ec/custom/gm/SM2P256V1FieldElement.class DONE
/org/bouncycastle/math/ec/custom/gm/SM2P256V1FieldElement.class starting
/org/bouncycastle/math/ec/custom/gm/SM2P256V1FieldElement.class DONE
/org/bouncycastle/math/ec/custom/gm/SM2P256V1FieldElement.class starting
/org/bouncycastle/math/ec/custom/gm/SM2P256V1FieldElement.class DONE
/org/bouncycastle/math/ec/custom/gm/SM2P256V1FieldElement.class starting
/org/bouncycastle/math/ec/custom/gm/SM2P256V1FieldElement.class DONE
/org/bouncycastle/math/ec/custom/gm/SM2P256V1FieldElement.class starting
/org/bouncycastle/math/ec/custom/gm/SM2P256V1FieldElement.class DONE
/org/bouncycastle/math/ec/custom/gm/SM2P256V1FieldElement.class starting
/org/bouncycastle/math/ec/custom/gm/SM2P256V1FieldElement.class DONE
/org/bouncycastle/math/ec/custom/gm/SM2P256V1FieldElement.class starting
/org/bouncycastle/math/ec/custom/gm/SM2P256V1FieldElement.class DONE
/org/bouncycastle/math/ec/custom/gm/SM2P256V1FieldElement.class starting
/org/bouncycastle/math/ec/custom/gm/SM2P256V1FieldElement.class DONE
/org/bouncycastle/math/ec/custom/gm/SM2P256V1FieldElement.class starting
/org/bouncycastle/math/ec/custom/gm/SM2P256V1FieldElement.class DONE
/org/bouncycastle/math/ec/custom/gm/SM2P256V1FieldElement.class starting
/org/bouncycastle/math/ec/custom/gm/SM2P256V1FieldElement.class DONE
/org/bouncycastle/math/ec/custom/gm/SM2P256V1FieldElement.class starting
/org/bouncycastle/math/ec/custom/gm/SM2P256V1FieldElement.class DONE
/org/bouncycastle/math/ec/custom/gm/SM2P256V1FieldElement.class starting
/org/bouncycastle/math/ec/custom/gm/SM2P256V1FieldElement.class DONE
/org/bouncycastle/math/ec/custom/gm/SM2P256V1FieldElement.class starting
/org/bouncycastle/math/ec/custom/gm/SM2P256V1FieldElement.class DONE
/org/bouncycastle/math/ec/custom/gm/SM2P256V1FieldElement.class starting
/org/bouncycastle/math/ec/custom/gm/SM2P256V1FieldElement.class DONE
/org/bouncycastle/math/ec/custom/gm/SM2P256V1FieldElement.class starting
/org/bouncycastle/math/ec/custom/gm/SM2P256V1FieldElement.class DONE
/org/bouncycastle/math/ec/custom/gm/SM2P256V1FieldElement.class starting
/org/bouncycastle/math/ec/custom/gm/SM2P256V1FieldElement.class DONE
/org/bouncycastle/math/ec/custom/gm/SM2P256V1FieldElement.class starting
/org/bouncycastle/math/ec/custom/gm/SM2P256V1FieldElement.class DONE
/org/bouncycastle/math/ec/custom/gm/SM2P256V1FieldElement.class starting
/org/bouncycastle/math/ec/custom/gm/SM2P256V1FieldElement.class DONE
/org/bouncycastle/math/ec/custom/gm/SM2P256V1FieldElement.class starting
/org/bouncycastle/math/ec/custom/gm/SM2P256V1FieldElement.class DONE
/org/bouncycastle/math/ec/custom/gm/SM2P256V1FieldElement.class starting
/org/bouncycastle/math/ec/custom/gm/SM2P256V1FieldElement.class DONE
/org/bouncycastle/math/ec/custom/gm/SM2P256V1FieldElement.class starting
/org/bouncycastle/math/ec/custom/gm/SM2P256V1FieldElement.class DONE
/org/bouncycastle/math/ec/custom/gm/SM2P256V1FieldElement.class starting
/org/bouncycastle/math/ec/custom/gm/SM2P256V1FieldElement.class DONE
/org/bouncycastle/math/ec/custom/gm/SM2P256V1FieldElement.class starting
/org/bouncycastle/math/ec/custom/gm/SM2P256V1FieldElement.class DONE
/org/bouncycastle/math/ec/custom/gm/SM2P256V1FieldElement.class starting
/org/bouncycastle/math/ec/custom/gm/SM2P256V1FieldElement.class DONE
/org/bouncycastle/math/ec/custom/gm/SM2P256V1FieldElement.class starting
/org/bouncycastle/math/ec/custom/gm/SM2P256V1FieldElement.class DONE
/org/bouncycastle/math/ec/custom/gm/SM2P256V1FieldElement.class starting
/org/bouncycastle/math/ec/custom/gm/SM2P256V1FieldElement.class DONE
/org/bouncycastle/math/ec/custom/gm/SM2P256V1FieldElement.class starting
/org/bouncycastle/math/ec/custom/gm/SM2P256V1FieldElement.class DONE
/org/bouncycastle/math/ec/custom/gm/SM2P256V1FieldElement.class starting
/org/bouncycastle/math/ec/custom/gm/SM2P256V1FieldElement.class DONE
/org/bouncycastle/math/ec/custom/gm/SM2P256V1FieldElement.class starting
/org/bouncycastle/math/ec/custom/gm/SM2P256V1FieldElement.class DONE
/org/bouncycastle/math/ec/custom/gm/SM2P256V1FieldElement.class starting
/org/bouncycastle/math/ec/custom/gm/SM2P256V1FieldElement.class DONE
/org/bouncycastle/math/ec/custom/gm/SM2P256V1FieldElement.class starting
/org/bouncycastle/math/ec/custom/gm/SM2P256V1FieldElement.class DONE
/org/bouncycastle/math/ec/custom/gm/SM2P256V1FieldElement.class starting
/org/bouncycastle/math/ec/custom/gm/SM2P256V1FieldElement.class DONE
/org/bouncycastle/math/ec/custom/gm/SM2P256V1FieldElement.class starting
/org/bouncycastle/math/ec/custom/gm/SM2P256V1FieldElement.class DONE
/org/bouncycastle/math/ec/custom/gm/SM2P256V1FieldElement.class starting
/org/bouncycastle/math/ec/custom/gm/SM2P256V1FieldElement.class DONE
/org/bouncycastle/math/ec/custom/gm/SM2P256V1FieldElement.class starting
/org/bouncycastle/math/ec/custom/gm/SM2P256V1FieldElement.class DONE
/org/bouncycastle/math/ec/custom/gm/SM2P256V1FieldElement.class starting
/org/bouncycastle/math/ec/custom/gm/SM2P256V1FieldElement.class DONE
/org/bouncycastle/math/ec/custom/gm/SM2P256V1FieldElement.class starting
/org/bouncycastle/math/ec/custom/gm/SM2P256V1FieldElement.class DONE
/org/bouncycastle/math/ec/custom/gm/SM2P256V1FieldElement.class starting
/org/bouncycastle/math/ec/custom/gm/SM2P256V1FieldElement.class DONE
/org/bouncycastle/math/ec/custom/gm/SM2P256V1FieldElement.class starting
/org/bouncycastle/math/ec/custom/gm/SM2P256V1FieldElement.class DONE
/org/bouncycastle/math/ec/custom/gm/SM2P256V1FieldElement.class starting
/org/bouncycastle/math/ec/custom/gm/SM2P256V1FieldElement.class DONE
/org/bouncycastle/math/ec/custom/gm/SM2P256V1FieldElement.class starting
/org/bouncycastle/math/ec/custom/gm/SM2P256V1FieldElement.class DONE
/org/bouncycastle/math/ec/custom/gm/SM2P256V1FieldElement.class starting
/org/bouncycastle/math/ec/custom/gm/SM2P256V1FieldElement.class DONE
/org/bouncycastle/math/ec/custom/gm/SM2P256V1FieldElement.class starting
/org/bouncycastle/math/ec/custom/gm/SM2P256V1FieldElement.class DONE
/org/bouncycastle/math/ec/custom/gm/SM2P256V1FieldElement.class starting
/org/bouncycastle/math/ec/custom/gm/SM2P256V1FieldElement.class DONE
/org/bouncycastle/math/ec/custom/gm/SM2P256V1FieldElement.class starting
/org/bouncycastle/math/ec/custom/gm/SM2P256V1FieldElement.class DONE
/org/bouncycastle/math/ec/custom/gm/SM2P256V1FieldElement.class starting
/org/bouncycastle/math/ec/custom/gm/SM2P256V1FieldElement.class DONE
/org/bouncycastle/math/ec/custom/gm/SM2P256V1FieldElement.class starting
/org/bouncycastle/math/ec/custom/gm/SM2P256V1FieldElement.class DONE
/org/bouncycastle/math/ec/custom/gm/SM2P256V1FieldElement.class starting
/org/bouncycastle/math/ec/custom/gm/SM2P256V1FieldElement.class DONE
/org/bouncycastle/math/ec/custom/gm/SM2P256V1FieldElement.class starting
/org/bouncycastle/math/ec/custom/gm/SM2P256V1FieldElement.class DONE
/org/bouncycastle/math/ec/custom/gm/SM2P256V1FieldElement.class starting
/org/bouncycastle/math/ec/custom/gm/SM2P256V1FieldElement.class DONE
/org/bouncycastle/math/ec/custom/gm/SM2P256V1FieldElement.class starting
/org/bouncycastle/math/ec/custom/gm/SM2P256V1FieldElement.class DONE
/org/bouncycastle/math/ec/custom/gm/SM2P256V1FieldElement.class starting
/org/bouncycastle/math/ec/custom/gm/SM2P256V1FieldElement.class DONE
/org/bouncycastle/math/ec/custom/gm/SM2P256V1FieldElement.class starting
/org/bouncycastle/math/ec/custom/gm/SM2P256V1FieldElement.class DONE
/org/bouncycastle/math/ec/custom/gm/SM2P256V1FieldElement.class starting
/org/bouncycastle/math/ec/custom/gm/SM2P256V1FieldElement.class DONE
/org/bouncycastle/math/ec/custom/gm/SM2P256V1FieldElement.class starting
/org/bouncycastle/math/ec/custom/gm/SM2P256V1FieldElement.class DONE
/org/bouncycastle/math/ec/custom/gm/SM2P256V1FieldElement.class starting
/org/bouncycastle/math/ec/custom/gm/SM2P256V1FieldElement.class DONE
/org/bouncycastle/math/ec/custom/gm/SM2P256V1FieldElement.class starting
/org/bouncycastle/math/ec/custom/gm/SM2P256V1FieldElement.class DONE
/org/bouncycastle/math/ec/custom/gm/SM2P256V1FieldElement.class starting
/org/bouncycastle/math/ec/custom/gm/SM2P256V1FieldElement.class DONE
/org/bouncycastle/math/ec/custom/gm/SM2P256V1FieldElement.class starting
/org/bouncycastle/math/ec/custom/gm/SM2P256V1FieldElement.class DONE
/org/bouncycastle/math/ec/custom/gm/SM2P256V1FieldElement.class starting
/org/bouncycastle/math/ec/custom/gm/SM2P256V1FieldElement.class DONE
/org/bouncycastle/math/ec/custom/gm/SM2P256V1FieldElement.class starting
/org/bouncycastle/math/ec/custom/gm/SM2P256V1FieldElement.class DONE
/org/bouncycastle/math/ec/custom/gm/SM2P256V1FieldElement.class starting
/org/bouncycastle/math/ec/custom/gm/SM2P256V1FieldElement.class DONE
/org/bouncycastle/math/ec/custom/gm/SM2P256V1FieldElement.class starting
/org/bouncycastle/math/ec/custom/gm/SM2P256V1FieldElement.class DONE
/org/bouncycastle/math/ec/custom/gm/SM2P256V1FieldElement.class starting
/org/bouncycastle/math/ec/custom/gm/SM2P256V1FieldElement.class DONE
/org/bouncycastle/math/ec/custom/gm/SM2P256V1FieldElement.class starting
/org/bouncycastle/math/ec/custom/gm/SM2P256V1FieldElement.class DONE
/org/bouncycastle/math/ec/custom/gm/SM2P256V1FieldElement.class starting
/org/bouncycastle/math/ec/custom/gm/SM2P256V1FieldElement.class DONE
/org/bouncycastle/math/ec/custom/gm/SM2P256V1FieldElement.class starting
/org/bouncycastle/math/ec/custom/gm/SM2P256V1FieldElement.class DONE
/org/bouncycastle/math/ec/custom/gm/SM2P256V1FieldElement.class starting
/org/bouncycastle/math/ec/custom/gm/SM2P256V1FieldElement.class DONE
/org/bouncycastle/math/ec/custom/gm/SM2P256V1FieldElement.class starting
/org/bouncycastle/math/ec/custom/gm/SM2P256V1FieldElement.class DONE
/org/bouncycastle/math/ec/custom/gm/SM2P256V1FieldElement.class starting
/org/bouncycastle/math/ec/custom/gm/SM2P256V1FieldElement.class DONE
/org/bouncycastle/math/ec/custom/gm/SM2P256V1FieldElement.class starting
/org/bouncycastle/math/ec/custom/gm/SM2P256V1FieldElement.class DONE
/org/bouncycastle/math/ec/custom/gm/SM2P256V1FieldElement.class starting
/org/bouncycastle/math/ec/custom/gm/SM2P256V1FieldElement.class DONE
/org/bouncycastle/math/ec/custom/gm/SM2P256V1FieldElement.class starting
/org/bouncycastle/math/ec/custom/gm/SM2P256V1FieldElement.class DONE
/org/bouncycastle/math/ec/custom/gm/SM2P256V1FieldElement.class starting
/org/bouncycastle/math/ec/custom/gm/SM2P256V1FieldElement.class DONE
/org/bouncycastle/math/ec/custom/gm/SM2P256V1FieldElement.class starting
/org/bouncycastle/math/ec/custom/gm/SM2P256V1FieldElement.class DONE
/org/bouncycastle/math/ec/custom/gm/SM2P256V1FieldElement.class starting
/org/bouncycastle/math/ec/custom/gm/SM2P256V1FieldElement.class DONE
/org/bouncycastle/math/ec/custom/gm/SM2P256V1FieldElement.class starting
/org/bouncycastle/math/ec/custom/gm/SM2P256V1FieldElement.class DONE
/org/bouncycastle/math/ec/custom/gm/SM2P256V1FieldElement.class starting
/org/bouncycastle/math/ec/custom/gm/SM2P256V1FieldElement.class DONE
/org/bouncycastle/math/ec/custom/gm/SM2P256V1FieldElement.class starting
/org/bouncycastle/math/ec/custom/gm/SM2P256V1FieldElement.class DONE
/org/bouncycastle/math/ec/custom/gm/SM2P256V1FieldElement.class starting
/org/bouncycastle/math/ec/custom/gm/SM2P256V1FieldElement.class DONE
/org/bouncycastle/math/ec/custom/gm/SM2P256V1FieldElement.class starting
/org/bouncycastle/math/ec/custom/gm/SM2P256V1FieldElement.class DONE
/org/bouncycastle/math/ec/custom/gm/SM2P256V1FieldElement.class starting
/org/bouncycastle/math/ec/custom/gm/SM2P256V1FieldElement.class DONE
/org/bouncycastle/math/ec/custom/gm/SM2P256V1FieldElement.class starting
/org/bouncycastle/math/ec/custom/gm/SM2P256V1FieldElement.class DONE
/org/bouncycastle/math/ec/custom/gm/SM2P256V1FieldElement.class starting
/org/bouncycastle/math/ec/custom/gm/SM2P256V1FieldElement.class DONE
/org/bouncycastle/math/ec/custom/gm/SM2P256V1FieldElement.class starting
/org/bouncycastle/math/ec/custom/gm/SM2P256V1FieldElement.class DONE
/org/bouncycastle/math/ec/custom/gm/SM2P256V1FieldElement.class starting
/org/bouncycastle/math/ec/custom/gm/SM2P256V1FieldElement.class DONE
/org/bouncycastle/math/ec/custom/gm/SM2P256V1FieldElement.class starting
/org/bouncycastle/math/ec/custom/gm/SM2P256V1FieldElement.class DONE
/org/bouncycastle/math/ec/custom/gm/SM2P256V1FieldElement.class starting
/org/bouncycastle/math/ec/custom/gm/SM2P256V1FieldElement.class DONE
/org/bouncycastle/math/ec/custom/gm/SM2P256V1FieldElement.class starting
/org/bouncycastle/math/ec/custom/gm/SM2P256V1FieldElement.class DONE
/org/bouncycastle/math/ec/custom/gm/SM2P256V1FieldElement.class starting
/org/bouncycastle/math/ec/custom/gm/SM2P256V1FieldElement.class DONE
/org/bouncycastle/math/ec/custom/gm/SM2P256V1FieldElement.class starting
/org/bouncycastle/math/ec/custom/gm/SM2P256V1FieldElement.class DONE
/org/bouncycastle/math/ec/custom/gm/SM2P256V1FieldElement.class starting
/org/bouncycastle/math/ec/custom/gm/SM2P256V1FieldElement.class DONE
/org/bouncycastle/math/ec/custom/gm/SM2P256V1FieldElement.class starting
/org/bouncycastle/math/ec/custom/gm/SM2P256V1FieldElement.class DONE
/org/bouncycastle/math/ec/custom/gm/SM2P256V1FieldElement.class starting
/org/bouncycastle/math/ec/custom/gm/SM2P256V1FieldElement.class DONE
/org/bouncycastle/math/ec/custom/gm/SM2P256V1FieldElement.class starting
/org/bouncycastle/math/ec/custom/gm/SM2P256V1FieldElement.class DONE
/org/bouncycastle/math/ec/custom/gm/SM2P256V1FieldElement.class starting
/org/bouncycastle/math/ec/custom/gm/SM2P256V1FieldElement.class DONE
/org/bouncycastle/math/ec/custom/gm/SM2P256V1FieldElement.class starting
/org/bouncycastle/math/ec/custom/gm/SM2P256V1FieldElement.class DONE
/org/bouncycastle/math/ec/custom/gm/SM2P256V1FieldElement.class starting
/org/bouncycastle/math/ec/custom/gm/SM2P256V1FieldElement.class DONE
/org/bouncycastle/math/ec/custom/gm/SM2P256V1FieldElement.class starting
/org/bouncycastle/math/ec/custom/gm/SM2P256V1FieldElement.class DONE
/org/bouncycastle/math/ec/custom/gm/SM2P256V1FieldElement.class starting
/org/bouncycastle/math/ec/custom/gm/SM2P256V1FieldElement.class DONE
/org/bouncycastle/math/ec/custom/gm/SM2P256V1FieldElement.class starting
/org/bouncycastle/math/ec/custom/gm/SM2P256V1FieldElement.class DONE
/org/bouncycastle/math/ec/custom/gm/SM2P256V1FieldElement.class starting
/org/bouncycastle/math/ec/custom/gm/SM2P256V1FieldElement.class DONE
/org/bouncycastle/math/ec/custom/gm/SM2P256V1FieldElement.class starting
/org/bouncycastle/math/ec/custom/gm/SM2P256V1FieldElement.class DONE
/org/bouncycastle/math/ec/custom/gm/SM2P256V1FieldElement.class starting
/org/bouncycastle/math/ec/custom/gm/SM2P256V1FieldElement.class DONE
/org/bouncycastle/math/ec/custom/gm/SM2P256V1FieldElement.class starting
/org/bouncycastle/math/ec/custom/gm/SM2P256V1FieldElement.class DONE
/org/bouncycastle/math/ec/custom/gm/SM2P256V1FieldElement.class starting
/org/bouncycastle/math/ec/custom/gm/SM2P256V1FieldElement.class DONE
/org/bouncycastle/math/ec/custom/gm/SM2P256V1FieldElement.class starting
/org/bouncycastle/math/ec/custom/gm/SM2P256V1FieldElement.class DONE
/org/bouncycastle/math/ec/custom/gm/SM2P256V1FieldElement.class starting
/org/bouncycastle/math/ec/custom/gm/SM2P256V1FieldElement.class DONE
/org/bouncycastle/math/ec/custom/gm/SM2P256V1FieldElement.class starting
/org/bouncycastle/math/ec/custom/gm/SM2P256V1FieldElement.class DONE
/org/bouncycastle/math/ec/custom/gm/SM2P256V1FieldElement.class starting
/org/bouncycastle/math/ec/custom/gm/SM2P256V1FieldElement.class DONE
/org/bouncycastle/math/ec/custom/gm/SM2P256V1FieldElement.class starting
/org/bouncycastle/math/ec/custom/gm/SM2P256V1FieldElement.class DONE
/org/bouncycastle/math/ec/custom/gm/SM2P256V1FieldElement.class starting
/org/bouncycastle/math/ec/custom/gm/SM2P256V1FieldElement.class DONE
/org/bouncycastle/math/ec/custom/gm/SM2P256V1FieldElement.class starting
/org/bouncycastle/math/ec/custom/gm/SM2P256V1FieldElement.class DONE
/org/bouncycastle/math/ec/custom/gm/SM2P256V1FieldElement.class starting
/org/bouncycastle/math/ec/custom/gm/SM2P256V1FieldElement.class DONE
/org/bouncycastle/math/ec/custom/gm/SM2P256V1FieldElement.class starting
/org/bouncycastle/math/ec/custom/gm/SM2P256V1FieldElement.class DONE
/org/bouncycastle/math/ec/custom/gm/SM2P256V1FieldElement.class starting
/org/bouncycastle/math/ec/custom/gm/SM2P256V1FieldElement.class DONE
/org/bouncycastle/math/ec/custom/gm/SM2P256V1FieldElement.class starting
/org/bouncycastle/math/ec/custom/gm/SM2P256V1FieldElement.class DONE
/org/bouncycastle/math/ec/custom/gm/SM2P256V1FieldElement.class starting
/org/bouncycastle/math/ec/custom/gm/SM2P256V1FieldElement.class DONE
/org/bouncycastle/math/ec/custom/gm/SM2P256V1FieldElement.class starting
/org/bouncycastle/math/ec/custom/gm/SM2P256V1FieldElement.class DONE
/org/bouncycastle/math/ec/custom/gm/SM2P256V1FieldElement.class starting
/org/bouncycastle/math/ec/custom/gm/SM2P256V1FieldElement.class DONE
/org/bouncycastle/math/ec/custom/gm/SM2P256V1FieldElement.class starting
/org/bouncycastle/math/ec/custom/gm/SM2P256V1FieldElement.class DONE
/org/bouncycastle/math/ec/custom/gm/SM2P256V1FieldElement.class starting
/org/bouncycastle/math/ec/custom/gm/SM2P256V1FieldElement.class DONE
/org/bouncycastle/math/ec/custom/gm/SM2P256V1FieldElement.class starting
/org/bouncycastle/math/ec/custom/gm/SM2P256V1FieldElement.class DONE
/org/bouncycastle/math/ec/custom/gm/SM2P256V1FieldElement.class starting
/org/bouncycastle/math/ec/custom/gm/SM2P256V1FieldElement.class DONE
/org/bouncycastle/math/ec/custom/gm/SM2P256V1FieldElement.class starting
/org/bouncycastle/math/ec/custom/gm/SM2P256V1FieldElement.class DONE
/org/bouncycastle/math/ec/custom/gm/SM2P256V1FieldElement.class starting
/org/bouncycastle/math/ec/custom/gm/SM2P256V1FieldElement.class DONE
/org/bouncycastle/math/ec/custom/gm/SM2P256V1FieldElement.class starting
/org/bouncycastle/math/ec/custom/gm/SM2P256V1FieldElement.class DONE
/org/bouncycastle/math/ec/custom/gm/SM2P256V1FieldElement.class starting
/org/bouncycastle/math/ec/custom/gm/SM2P256V1FieldElement.class DONE
/org/bouncycastle/math/ec/custom/gm/SM2P256V1FieldElement.class starting
/org/bouncycastle/math/ec/custom/gm/SM2P256V1FieldElement.class DONE
/org/bouncycastle/math/ec/custom/gm/SM2P256V1FieldElement.class starting
/org/bouncycastle/math/ec/custom/gm/SM2P256V1FieldElement.class DONE
/org/bouncycastle/math/ec/custom/gm/SM2P256V1FieldElement.class starting
/org/bouncycastle/math/ec/custom/gm/SM2P256V1FieldElement.class DONE
/org/bouncycastle/math/ec/custom/gm/SM2P256V1FieldElement.class starting
/org/bouncycastle/math/ec/custom/gm/SM2P256V1FieldElement.class DONE
/org/bouncycastle/math/ec/custom/gm/SM2P256V1FieldElement.class starting
/org/bouncycastle/math/ec/custom/gm/SM2P256V1FieldElement.class DONE
/org/bouncycastle/math/ec/custom/gm/SM2P256V1FieldElement.class starting
/org/bouncycastle/math/ec/custom/gm/SM2P256V1FieldElement.class DONE
/org/bouncycastle/math/ec/custom/gm/SM2P256V1FieldElement.class starting
/org/bouncycastle/math/ec/custom/gm/SM2P256V1FieldElement.class DONE
/org/bouncycastle/math/ec/custom/gm/SM2P256V1FieldElement.class starting
/org/bouncycastle/math/ec/custom/gm/SM2P256V1FieldElement.class DONE
/org/bouncycastle/math/ec/custom/gm/SM2P256V1FieldElement.class starting
/org/bouncycastle/math/ec/custom/gm/SM2P256V1FieldElement.class DONE
/org/bouncycastle/math/ec/custom/gm/SM2P256V1FieldElement.class starting
/org/bouncycastle/math/ec/custom/gm/SM2P256V1FieldElement.class DONE
/org/bouncycastle/math/ec/custom/gm/SM2P256V1FieldElement.class starting
/org/bouncycastle/math/ec/custom/gm/SM2P256V1FieldElement.class DONE
/org/bouncycastle/math/ec/custom/gm/SM2P256V1FieldElement.class starting
/org/bouncycastle/math/ec/custom/gm/SM2P256V1FieldElement.class DONE
/org/bouncycastle/math/ec/custom/gm/SM2P256V1FieldElement.class starting
/org/bouncycastle/math/ec/custom/gm/SM2P256V1FieldElement.class DONE
/org/bouncycastle/math/ec/custom/gm/SM2P256V1FieldElement.class starting
/org/bouncycastle/math/ec/custom/gm/SM2P256V1FieldElement.class DONE
/org/bouncycastle/math/ec/custom/gm/SM2P256V1FieldElement.class starting
/org/bouncycastle/math/ec/custom/gm/SM2P256V1FieldElement.class DONE
/org/bouncycastle/math/ec/custom/gm/SM2P256V1FieldElement.class starting
/org/bouncycastle/math/ec/custom/gm/SM2P256V1FieldElement.class DONE
/org/bouncycastle/math/ec/custom/gm/SM2P256V1FieldElement.class starting
/org/bouncycastle/math/ec/custom/gm/SM2P256V1FieldElement.class DONE
/org/bouncycastle/math/ec/custom/gm/SM2P256V1FieldElement.class starting
/org/bouncycastle/math/ec/custom/gm/SM2P256V1FieldElement.class DONE
/org/bouncycastle/math/ec/custom/gm/SM2P256V1FieldElement.class starting
/org/bouncycastle/math/ec/custom/gm/SM2P256V1FieldElement.class DONE
/org/bouncycastle/math/ec/custom/gm/SM2P256V1FieldElement.class starting
/org/bouncycastle/math/ec/custom/gm/SM2P256V1FieldElement.class DONE
/org/bouncycastle/math/ec/custom/gm/SM2P256V1FieldElement.class starting
/org/bouncycastle/math/ec/custom/gm/SM2P256V1FieldElement.class DONE
/org/bouncycastle/math/ec/custom/gm/SM2P256V1FieldElement.class starting
/org/bouncycastle/math/ec/custom/gm/SM2P256V1FieldElement.class DONE
/org/bouncycastle/math/ec/custom/gm/SM2P256V1FieldElement.class starting
/org/bouncycastle/math/ec/custom/gm/SM2P256V1FieldElement.class DONE
/org/bouncycastle/math/ec/custom/gm/SM2P256V1FieldElement.class starting
/org/bouncycastle/math/ec/custom/gm/SM2P256V1FieldElement.class DONE
/org/bouncycastle/math/ec/custom/gm/SM2P256V1FieldElement.class starting
/org/bouncycastle/math/ec/custom/gm/SM2P256V1FieldElement.class DONE
/org/bouncycastle/math/ec/custom/gm/SM2P256V1FieldElement.class starting
/org/bouncycastle/math/ec/custom/gm/SM2P256V1FieldElement.class DONE
/org/bouncycastle/math/ec/custom/gm/SM2P256V1FieldElement.class starting
/org/bouncycastle/math/ec/custom/gm/SM2P256V1FieldElement.class DONE
/org/bouncycastle/math/ec/custom/gm/SM2P256V1FieldElement.class starting
/org/bouncycastle/math/ec/custom/gm/SM2P256V1FieldElement.class DONE
/org/bouncycastle/math/ec/custom/gm/SM2P256V1FieldElement.class starting
/org/bouncycastle/math/ec/custom/gm/SM2P256V1FieldElement.class DONE
/org/bouncycastle/math/ec/custom/gm/SM2P256V1FieldElement.class starting
/org/bouncycastle/math/ec/custom/gm/SM2P256V1FieldElement.class DONE
/org/bouncycastle/math/ec/custom/gm/SM2P256V1FieldElement.class starting
/org/bouncycastle/math/ec/custom/gm/SM2P256V1FieldElement.class DONE
/org/bouncycastle/math/ec/custom/gm/SM2P256V1FieldElement.class starting
/org/bouncycastle/math/ec/custom/gm/SM2P256V1FieldElement.class DONE
/org/bouncycastle/math/ec/custom/gm/SM2P256V1FieldElement.class starting
/org/bouncycastle/math/ec/custom/gm/SM2P256V1FieldElement.class DONE
/org/bouncycastle/math/ec/custom/gm/SM2P256V1FieldElement.class starting
/org/bouncycastle/math/ec/custom/gm/SM2P256V1FieldElement.class DONE
/org/bouncycastle/math/ec/custom/gm/SM2P256V1FieldElement.class starting
/org/bouncycastle/math/ec/custom/gm/SM2P256V1FieldElement.class DONE
/org/bouncycastle/math/ec/custom/gm/SM2P256V1FieldElement.class starting
/org/bouncycastle/math/ec/custom/gm/SM2P256V1FieldElement.class DONE
/org/bouncycastle/math/ec/custom/gm/SM2P256V1FieldElement.class starting
/org/bouncycastle/math/ec/custom/gm/SM2P256V1FieldElement.class DONE
/org/bouncycastle/math/ec/custom/gm/SM2P256V1FieldElement.class starting
/org/bouncycastle/math/ec/custom/gm/SM2P256V1FieldElement.class DONE
/org/bouncycastle/math/ec/custom/gm/SM2P256V1FieldElement.class starting
/org/bouncycastle/math/ec/custom/gm/SM2P256V1FieldElement.class DONE
/org/bouncycastle/math/ec/custom/gm/SM2P256V1FieldElement.class starting
/org/bouncycastle/math/ec/custom/gm/SM2P256V1FieldElement.class DONE
/org/bouncycastle/math/ec/custom/gm/SM2P256V1FieldElement.class starting
/org/bouncycastle/math/ec/custom/gm/SM2P256V1FieldElement.class DONE
/org/bouncycastle/math/ec/custom/gm/SM2P256V1FieldElement.class starting
/org/bouncycastle/math/ec/custom/gm/SM2P256V1FieldElement.class DONE
/org/bouncycastle/math/ec/custom/gm/SM2P256V1FieldElement.class starting
/org/bouncycastle/math/ec/custom/gm/SM2P256V1FieldElement.class DONE
/org/bouncycastle/math/ec/custom/gm/SM2P256V1FieldElement.class starting
/org/bouncycastle/math/ec/custom/gm/SM2P256V1FieldElement.class DONE
/org/bouncycastle/math/ec/custom/gm/SM2P256V1FieldElement.class starting
/org/bouncycastle/math/ec/custom/gm/SM2P256V1FieldElement.class DONE
/org/bouncycastle/math/ec/custom/gm/SM2P256V1FieldElement.class starting
/org/bouncycastle/math/ec/custom/gm/SM2P256V1FieldElement.class DONE
/org/bouncycastle/math/ec/custom/gm/SM2P256V1FieldElement.class starting
/org/bouncycastle/math/ec/custom/gm/SM2P256V1FieldElement.class DONE
/org/bouncycastle/math/ec/custom/gm/SM2P256V1FieldElement.class starting
/org/bouncycastle/math/ec/custom/gm/SM2P256V1FieldElement.class DONE
/org/bouncycastle/math/ec/custom/gm/SM2P256V1FieldElement.class starting
/org/bouncycastle/math/ec/custom/gm/SM2P256V1FieldElement.class DONE
/org/bouncycastle/math/ec/custom/gm/SM2P256V1FieldElement.class starting
/org/bouncycastle/math/ec/custom/gm/SM2P256V1FieldElement.class DONE
/org/bouncycastle/math/ec/custom/gm/SM2P256V1FieldElement.class starting
/org/bouncycastle/math/ec/custom/gm/SM2P256V1FieldElement.class DONE
/org/bouncycastle/math/ec/custom/gm/SM2P256V1FieldElement.class starting
/org/bouncycastle/math/ec/custom/gm/SM2P256V1FieldElement.class DONE
/org/bouncycastle/math/ec/custom/gm/SM2P256V1FieldElement.class starting
/org/bouncycastle/math/ec/custom/gm/SM2P256V1FieldElement.class DONE
/org/bouncycastle/math/ec/custom/gm/SM2P256V1FieldElement.class starting
/org/bouncycastle/math/ec/custom/gm/SM2P256V1FieldElement.class DONE
/org/bouncycastle/math/ec/custom/gm/SM2P256V1FieldElement.class starting
/org/bouncycastle/math/ec/custom/gm/SM2P256V1FieldElement.class DONE
/org/bouncycastle/math/ec/custom/gm/SM2P256V1FieldElement.class starting
/org/bouncycastle/math/ec/custom/gm/SM2P256V1FieldElement.class DONE
/org/bouncycastle/math/ec/custom/gm/SM2P256V1FieldElement.class starting
/org/bouncycastle/math/ec/custom/gm/SM2P256V1FieldElement.class DONE
/org/bouncycastle/math/ec/custom/gm/SM2P256V1FieldElement.class starting
/org/bouncycastle/math/ec/custom/gm/SM2P256V1FieldElement.class DONE
/org/bouncycastle/math/ec/custom/gm/SM2P256V1FieldElement.class starting
/org/bouncycastle/math/ec/custom/gm/SM2P256V1FieldElement.class DONE
/org/bouncycastle/math/ec/custom/gm/SM2P256V1FieldElement.class starting
/org/bouncycastle/math/ec/custom/gm/SM2P256V1FieldElement.class DONE
/org/bouncycastle/math/ec/custom/gm/SM2P256V1FieldElement.class starting
/org/bouncycastle/math/ec/custom/gm/SM2P256V1FieldElement.class DONE
/org/bouncycastle/math/ec/custom/gm/SM2P256V1FieldElement.class starting
/org/bouncycastle/math/ec/custom/gm/SM2P256V1FieldElement.class DONE
/org/bouncycastle/math/ec/custom/gm/SM2P256V1FieldElement.class starting
/org/bouncycastle/math/ec/custom/gm/SM2P256V1FieldElement.class DONE
/org/bouncycastle/math/ec/custom/gm/SM2P256V1FieldElement.class starting
/org/bouncycastle/math/ec/custom/gm/SM2P256V1FieldElement.class DONE
/org/bouncycastle/math/ec/custom/gm/SM2P256V1FieldElement.class starting
/org/bouncycastle/math/ec/custom/gm/SM2P256V1FieldElement.class DONE
/org/bouncycastle/math/ec/custom/gm/SM2P256V1FieldElement.class starting
/org/bouncycastle/math/ec/custom/gm/SM2P256V1FieldElement.class DONE
/org/bouncycastle/math/ec/custom/gm/SM2P256V1FieldElement.class starting
/org/bouncycastle/math/ec/custom/gm/SM2P256V1FieldElement.class DONE
/org/bouncycastle/math/ec/custom/gm/SM2P256V1FieldElement.class starting
/org/bouncycastle/math/ec/custom/gm/SM2P256V1FieldElement.class DONE
/org/bouncycastle/math/ec/custom/gm/SM2P256V1FieldElement.class starting
/org/bouncycastle/math/ec/custom/gm/SM2P256V1FieldElement.class DONE
/org/bouncycastle/math/ec/custom/gm/SM2P256V1FieldElement.class starting
/org/bouncycastle/math/ec/custom/gm/SM2P256V1FieldElement.class DONE
/org/bouncycastle/math/ec/custom/gm/SM2P256V1FieldElement.class starting
/org/bouncycastle/math/ec/custom/gm/SM2P256V1FieldElement.class DONE
/org/bouncycastle/math/ec/custom/gm/SM2P256V1FieldElement.class starting
/org/bouncycastle/math/ec/custom/gm/SM2P256V1FieldElement.class DONE
/org/bouncycastle/math/ec/custom/gm/SM2P256V1FieldElement.class starting
/org/bouncycastle/math/ec/custom/gm/SM2P256V1FieldElement.class DONE
/org/bouncycastle/math/ec/custom/gm/SM2P256V1FieldElement.class starting
/org/bouncycastle/math/ec/custom/gm/SM2P256V1FieldElement.class DONE
/org/bouncycastle/math/ec/custom/gm/SM2P256V1FieldElement.class starting
/org/bouncycastle/math/ec/custom/gm/SM2P256V1FieldElement.class DONE
/org/bouncycastle/math/ec/custom/gm/SM2P256V1FieldElement.class starting
/org/bouncycastle/math/ec/custom/gm/SM2P256V1FieldElement.class DONE
/org/bouncycastle/math/ec/custom/gm/SM2P256V1FieldElement.class starting
/org/bouncycastle/math/ec/custom/gm/SM2P256V1FieldElement.class DONE
/org/bouncycastle/math/ec/custom/gm/SM2P256V1FieldElement.class starting
/org/bouncycastle/math/ec/custom/gm/SM2P256V1FieldElement.class DONE
/org/bouncycastle/math/ec/custom/gm/SM2P256V1FieldElement.class starting
/org/bouncycastle/math/ec/custom/gm/SM2P256V1FieldElement.class DONE
/org/bouncycastle/math/ec/custom/gm/SM2P256V1FieldElement.class starting
/org/bouncycastle/math/ec/custom/gm/SM2P256V1FieldElement.class DONE
/org/bouncycastle/math/ec/custom/gm/SM2P256V1FieldElement.class starting
/org/bouncycastle/math/ec/custom/gm/SM2P256V1FieldElement.class DONE
/org/bouncycastle/math/ec/custom/gm/SM2P256V1FieldElement.class starting
/org/bouncycastle/math/ec/custom/gm/SM2P256V1FieldElement.class DONE
/org/bouncycastle/math/ec/custom/gm/SM2P256V1FieldElement.class starting
/org/bouncycastle/math/ec/custom/gm/SM2P256V1FieldElement.class DONE
/org/bouncycastle/math/ec/custom/gm/SM2P256V1FieldElement.class starting
/org/bouncycastle/math/ec/custom/gm/SM2P256V1FieldElement.class DONE
/org/bouncycastle/math/ec/custom/gm/SM2P256V1FieldElement.class starting
/org/bouncycastle/math/ec/custom/gm/SM2P256V1FieldElement.class DONE
/org/bouncycastle/math/ec/custom/gm/SM2P256V1FieldElement.class starting
/org/bouncycastle/math/ec/custom/gm/SM2P256V1FieldElement.class DONE
/org/bouncycastle/math/ec/custom/gm/SM2P256V1FieldElement.class starting
/org/bouncycastle/math/ec/custom/gm/SM2P256V1FieldElement.class DONE
/org/bouncycastle/math/ec/custom/gm/SM2P256V1FieldElement.class starting
/org/bouncycastle/math/ec/custom/gm/SM2P256V1FieldElement.class DONE
/org/bouncycastle/math/ec/custom/gm/SM2P256V1FieldElement.class starting
/org/bouncycastle/math/ec/custom/gm/SM2P256V1FieldElement.class DONE
/org/bouncycastle/math/ec/custom/gm/SM2P256V1FieldElement.class starting
/org/bouncycastle/math/ec/custom/gm/SM2P256V1FieldElement.class DONE
/org/bouncycastle/math/ec/custom/gm/SM2P256V1FieldElement.class starting
/org/bouncycastle/math/ec/custom/gm/SM2P256V1FieldElement.class DONE
/org/bouncycastle/math/ec/custom/gm/SM2P256V1FieldElement.class starting
/org/bouncycastle/math/ec/custom/gm/SM2P256V1FieldElement.class DONE
/org/bouncycastle/math/ec/custom/gm/SM2P256V1FieldElement.class starting
/org/bouncycastle/math/ec/custom/gm/SM2P256V1FieldElement.class DONE
/org/bouncycastle/math/ec/custom/gm/SM2P256V1FieldElement.class starting
/org/bouncycastle/math/ec/custom/gm/SM2P256V1FieldElement.class DONE
/org/bouncycastle/math/ec/custom/gm/SM2P256V1FieldElement.class starting
/org/bouncycastle/math/ec/custom/gm/SM2P256V1FieldElement.class DONE
/org/bouncycastle/math/ec/custom/gm/SM2P256V1FieldElement.class starting
/org/bouncycastle/math/ec/custom/gm/SM2P256V1FieldElement.class DONE
/org/bouncycastle/math/ec/custom/gm/SM2P256V1FieldElement.class starting
/org/bouncycastle/math/ec/custom/gm/SM2P256V1FieldElement.class DONE
/org/bouncycastle/math/ec/custom/gm/SM2P256V1FieldElement.class starting
/org/bouncycastle/math/ec/custom/gm/SM2P256V1FieldElement.class DONE
/org/bouncycastle/math/ec/custom/gm/SM2P256V1FieldElement.class starting
/org/bouncycastle/math/ec/custom/gm/SM2P256V1FieldElement.class DONE
/org/bouncycastle/math/ec/custom/gm/SM2P256V1FieldElement.class starting
/org/bouncycastle/math/ec/custom/gm/SM2P256V1FieldElement.class DONE
/org/bouncycastle/math/ec/custom/gm/SM2P256V1FieldElement.class starting
/org/bouncycastle/math/ec/custom/gm/SM2P256V1FieldElement.class DONE
/org/bouncycastle/math/ec/custom/gm/SM2P256V1FieldElement.class starting
/org/bouncycastle/math/ec/custom/gm/SM2P256V1FieldElement.class DONE
/org/bouncycastle/math/ec/custom/gm/SM2P256V1FieldElement.class starting
/org/bouncycastle/math/ec/custom/gm/SM2P256V1FieldElement.class DONE
/org/bouncycastle/math/ec/custom/gm/SM2P256V1FieldElement.class starting
/org/bouncycastle/math/ec/custom/gm/SM2P256V1FieldElement.class DONE
/org/bouncycastle/math/ec/custom/gm/SM2P256V1FieldElement.class starting
/org/bouncycastle/math/ec/custom/gm/SM2P256V1FieldElement.class DONE
/org/bouncycastle/math/ec/custom/gm/SM2P256V1FieldElement.class starting
/org/bouncycastle/math/ec/custom/gm/SM2P256V1FieldElement.class DONE
/org/bouncycastle/math/ec/custom/gm/SM2P256V1FieldElement.class starting
/org/bouncycastle/math/ec/custom/gm/SM2P256V1FieldElement.class DONE
/org/bouncycastle/math/ec/custom/gm/SM2P256V1FieldElement.class starting
/org/bouncycastle/math/ec/custom/gm/SM2P256V1FieldElement.class DONE
/org/bouncycastle/math/ec/custom/gm/SM2P256V1FieldElement.class starting
/org/bouncycastle/math/ec/custom/gm/SM2P256V1FieldElement.class DONE
/org/bouncycastle/math/ec/custom/gm/SM2P256V1FieldElement.class starting
/org/bouncycastle/math/ec/custom/gm/SM2P256V1FieldElement.class DONE
/org/bouncycastle/math/ec/custom/gm/SM2P256V1FieldElement.class starting
/org/bouncycastle/math/ec/custom/gm/SM2P256V1FieldElement.class DONE
/org/bouncycastle/math/ec/custom/gm/SM2P256V1FieldElement.class starting
/org/bouncycastle/math/ec/custom/gm/SM2P256V1FieldElement.class DONE
/org/bouncycastle/math/ec/custom/gm/SM2P256V1FieldElement.class starting
/org/bouncycastle/math/ec/custom/gm/SM2P256V1FieldElement.class DONE
/org/bouncycastle/math/ec/custom/gm/SM2P256V1FieldElement.class starting
/org/bouncycastle/math/ec/custom/gm/SM2P256V1FieldElement.class DONE
/org/bouncycastle/math/ec/custom/gm/SM2P256V1FieldElement.class starting
/org/bouncycastle/math/ec/custom/gm/SM2P256V1FieldElement.class DONE
/org/bouncycastle/math/ec/custom/gm/SM2P256V1FieldElement.class starting
/org/bouncycastle/math/ec/custom/gm/SM2P256V1FieldElement.class DONE
/org/bouncycastle/math/ec/custom/gm/SM2P256V1FieldElement.class starting
/org/bouncycastle/math/ec/custom/gm/SM2P256V1FieldElement.class DONE
/org/bouncycastle/math/ec/custom/gm/SM2P256V1FieldElement.class starting
/org/bouncycastle/math/ec/custom/gm/SM2P256V1FieldElement.class DONE
/org/bouncycastle/math/ec/custom/gm/SM2P256V1FieldElement.class starting
/org/bouncycastle/math/ec/custom/gm/SM2P256V1FieldElement.class DONE
/org/bouncycastle/math/ec/custom/gm/SM2P256V1FieldElement.class starting
/org/bouncycastle/math/ec/custom/gm/SM2P256V1FieldElement.class DONE
/org/bouncycastle/math/ec/custom/gm/SM2P256V1FieldElement.class starting
/org/bouncycastle/math/ec/custom/gm/SM2P256V1FieldElement.class DONE
/org/bouncycastle/math/ec/custom/gm/SM2P256V1FieldElement.class starting
/org/bouncycastle/math/ec/custom/gm/SM2P256V1FieldElement.class DONE
/org/bouncycastle/math/ec/custom/gm/SM2P256V1FieldElement.class starting
/org/bouncycastle/math/ec/custom/gm/SM2P256V1FieldElement.class DONE
/org/bouncycastle/math/ec/custom/gm/SM2P256V1FieldElement.class starting
/org/bouncycastle/math/ec/custom/gm/SM2P256V1FieldElement.class DONE
/org/bouncycastle/math/ec/custom/gm/SM2P256V1FieldElement.class starting
/org/bouncycastle/math/ec/custom/gm/SM2P256V1FieldElement.class DONE
/org/bouncycastle/math/ec/custom/gm/SM2P256V1FieldElement.class starting
/org/bouncycastle/math/ec/custom/gm/SM2P256V1FieldElement.class DONE
/org/bouncycastle/math/ec/custom/gm/SM2P256V1FieldElement.class starting
/org/bouncycastle/math/ec/custom/gm/SM2P256V1FieldElement.class DONE
/org/bouncycastle/math/ec/custom/gm/SM2P256V1FieldElement.class starting
/org/bouncycastle/math/ec/custom/gm/SM2P256V1FieldElement.class DONE
/org/bouncycastle/math/ec/custom/gm/SM2P256V1FieldElement.class starting
/org/bouncycastle/math/ec/custom/gm/SM2P256V1FieldElement.class DONE
/org/bouncycastle/math/ec/custom/gm/SM2P256V1FieldElement.class starting
/org/bouncycastle/math/ec/custom/gm/SM2P256V1FieldElement.class DONE
/org/bouncycastle/math/ec/custom/gm/SM2P256V1FieldElement.class starting
/org/bouncycastle/math/ec/custom/gm/SM2P256V1FieldElement.class DONE
/org/bouncycastle/math/ec/custom/gm/SM2P256V1FieldElement.class starting
/org/bouncycastle/math/ec/custom/gm/SM2P256V1FieldElement.class DONE
/org/bouncycastle/math/ec/custom/gm/SM2P256V1FieldElement.class starting
/org/bouncycastle/math/ec/custom/gm/SM2P256V1FieldElement.class DONE
/org/bouncycastle/math/ec/custom/gm/SM2P256V1FieldElement.class starting
/org/bouncycastle/math/ec/custom/gm/SM2P256V1FieldElement.class DONE
/org/bouncycastle/math/ec/custom/gm/SM2P256V1FieldElement.class starting
/org/bouncycastle/math/ec/custom/gm/SM2P256V1FieldElement.class DONE
/org/bouncycastle/math/ec/custom/gm/SM2P256V1FieldElement.class starting
/org/bouncycastle/math/ec/custom/gm/SM2P256V1FieldElement.class DONE
/org/bouncycastle/math/ec/custom/gm/SM2P256V1FieldElement.class starting
/org/bouncycastle/math/ec/custom/gm/SM2P256V1FieldElement.class DONE
/org/bouncycastle/math/ec/custom/gm/SM2P256V1FieldElement.class starting
/org/bouncycastle/math/ec/custom/gm/SM2P256V1FieldElement.class DONE
/org/bouncycastle/math/ec/custom/gm/SM2P256V1FieldElement.class starting
/org/bouncycastle/math/ec/custom/gm/SM2P256V1FieldElement.class DONE
/org/bouncycastle/math/ec/custom/gm/SM2P256V1FieldElement.class starting
/org/bouncycastle/math/ec/custom/gm/SM2P256V1FieldElement.class DONE
/org/bouncycastle/math/ec/custom/gm/SM2P256V1FieldElement.class starting
/org/bouncycastle/math/ec/custom/gm/SM2P256V1FieldElement.class DONE
/org/bouncycastle/math/ec/custom/gm/SM2P256V1FieldElement.class starting
/org/bouncycastle/math/ec/custom/gm/SM2P256V1FieldElement.class DONE
/org/bouncycastle/math/ec/custom/gm/SM2P256V1FieldElement.class starting
/org/bouncycastle/math/ec/custom/gm/SM2P256V1FieldElement.class DONE
/org/bouncycastle/math/ec/custom/gm/SM2P256V1FieldElement.class starting
/org/bouncycastle/math/ec/custom/gm/SM2P256V1FieldElement.class DONE
/org/bouncycastle/math/ec/custom/gm/SM2P256V1FieldElement.class starting
/org/bouncycastle/math/ec/custom/gm/SM2P256V1FieldElement.class DONE
/org/bouncycastle/math/ec/custom/gm/SM2P256V1FieldElement.class starting
/org/bouncycastle/math/ec/custom/gm/SM2P256V1FieldElement.class DONE
/org/bouncycastle/math/ec/custom/gm/SM2P256V1FieldElement.class starting
/org/bouncycastle/math/ec/custom/gm/SM2P256V1FieldElement.class DONE
/org/bouncycastle/math/ec/custom/gm/SM2P256V1FieldElement.class starting
/org/bouncycastle/math/ec/custom/gm/SM2P256V1FieldElement.class DONE
/org/bouncycastle/math/ec/custom/gm/SM2P256V1FieldElement.class starting
/org/bouncycastle/math/ec/custom/gm/SM2P256V1FieldElement.class DONE
/org/bouncycastle/math/ec/custom/gm/SM2P256V1FieldElement.class starting
/org/bouncycastle/math/ec/custom/gm/SM2P256V1FieldElement.class DONE
/org/bouncycastle/math/ec/custom/gm/SM2P256V1FieldElement.class starting
/org/bouncycastle/math/ec/custom/gm/SM2P256V1FieldElement.class DONE
/org/bouncycastle/math/ec/custom/gm/SM2P256V1FieldElement.class starting
/org/bouncycastle/math/ec/custom/gm/SM2P256V1FieldElement.class DONE
/org/bouncycastle/math/ec/custom/gm/SM2P256V1FieldElement.class starting
/org/bouncycastle/math/ec/custom/gm/SM2P256V1FieldElement.class DONE
/org/bouncycastle/math/ec/custom/gm/SM2P256V1FieldElement.class starting
/org/bouncycastle/math/ec/custom/gm/SM2P256V1FieldElement.class DONE
/org/bouncycastle/math/ec/custom/gm/SM2P256V1FieldElement.class starting
/org/bouncycastle/math/ec/custom/gm/SM2P256V1FieldElement.class DONE
/org/bouncycastle/math/ec/custom/gm/SM2P256V1FieldElement.class starting
/org/bouncycastle/math/ec/custom/gm/SM2P256V1FieldElement.class DONE
/org/bouncycastle/math/ec/custom/gm/SM2P256V1FieldElement.class starting
/org/bouncycastle/math/ec/custom/gm/SM2P256V1FieldElement.class DONE
/org/bouncycastle/math/ec/custom/gm/SM2P256V1FieldElement.class starting
/org/bouncycastle/math/ec/custom/gm/SM2P256V1FieldElement.class DONE
/org/bouncycastle/math/ec/custom/gm/SM2P256V1FieldElement.class starting
/org/bouncycastle/math/ec/custom/gm/SM2P256V1FieldElement.class DONE
/org/bouncycastle/math/ec/custom/gm/SM2P256V1FieldElement.class starting
/org/bouncycastle/math/ec/custom/gm/SM2P256V1FieldElement.class DONE
/org/bouncycastle/math/ec/custom/gm/SM2P256V1FieldElement.class starting
/org/bouncycastle/math/ec/custom/gm/SM2P256V1FieldElement.class DONE
/org/bouncycastle/math/ec/custom/gm/SM2P256V1FieldElement.class starting
/org/bouncycastle/math/ec/custom/gm/SM2P256V1FieldElement.class DONE
/org/bouncycastle/math/ec/custom/gm/SM2P256V1FieldElement.class starting
/org/bouncycastle/math/ec/custom/gm/SM2P256V1FieldElement.class DONE
/org/bouncycastle/math/ec/custom/gm/SM2P256V1FieldElement.class starting
/org/bouncycastle/math/ec/custom/gm/SM2P256V1FieldElement.class DONE
/org/bouncycastle/math/ec/custom/gm/SM2P256V1FieldElement.class starting
/org/bouncycastle/math/ec/custom/gm/SM2P256V1FieldElement.class DONE
/org/bouncycastle/math/ec/custom/gm/SM2P256V1FieldElement.class starting
/org/bouncycastle/math/ec/custom/gm/SM2P256V1FieldElement.class DONE
/org/bouncycastle/math/ec/custom/gm/SM2P256V1FieldElement.class starting
/org/bouncycastle/math/ec/custom/gm/SM2P256V1FieldElement.class DONE
/org/bouncycastle/math/ec/custom/gm/SM2P256V1FieldElement.class starting
/org/bouncycastle/math/ec/custom/gm/SM2P256V1FieldElement.class DONE
/org/bouncycastle/math/ec/custom/gm/SM2P256V1FieldElement.class starting
/org/bouncycastle/math/ec/custom/gm/SM2P256V1FieldElement.class DONE
/org/bouncycastle/math/ec/custom/gm/SM2P256V1FieldElement.class starting
/org/bouncycastle/math/ec/custom/gm/SM2P256V1FieldElement.class DONE
/org/bouncycastle/math/ec/custom/gm/SM2P256V1FieldElement.class starting
/org/bouncycastle/math/ec/custom/gm/SM2P256V1FieldElement.class DONE
/org/bouncycastle/math/ec/custom/gm/SM2P256V1FieldElement.class starting
/org/bouncycastle/math/ec/custom/gm/SM2P256V1FieldElement.class DONE
/org/bouncycastle/math/ec/custom/gm/SM2P256V1FieldElement.class starting
/org/bouncycastle/math/ec/custom/gm/SM2P256V1FieldElement.class DONE
/org/bouncycastle/math/ec/custom/gm/SM2P256V1FieldElement.class starting
/org/bouncycastle/math/ec/custom/gm/SM2P256V1FieldElement.class DONE
/org/bouncycastle/math/ec/custom/gm/SM2P256V1FieldElement.class starting
/org/bouncycastle/math/ec/custom/gm/SM2P256V1FieldElement.class DONE
/org/bouncycastle/math/ec/custom/gm/SM2P256V1FieldElement.class starting
/org/bouncycastle/math/ec/custom/gm/SM2P256V1FieldElement.class DONE
/org/bouncycastle/math/ec/custom/gm/SM2P256V1FieldElement.class starting
/org/bouncycastle/math/ec/custom/gm/SM2P256V1FieldElement.class DONE
/org/bouncycastle/math/ec/custom/gm/SM2P256V1FieldElement.class starting
/org/bouncycastle/math/ec/custom/gm/SM2P256V1FieldElement.class DONE
/org/bouncycastle/math/ec/custom/gm/SM2P256V1FieldElement.class starting
/org/bouncycastle/math/ec/custom/gm/SM2P256V1FieldElement.class DONE
/org/bouncycastle/math/ec/custom/gm/SM2P256V1FieldElement.class starting
/org/bouncycastle/math/ec/custom/gm/SM2P256V1FieldElement.class DONE
/org/bouncycastle/math/ec/custom/gm/SM2P256V1FieldElement.class starting
/org/bouncycastle/math/ec/custom/gm/SM2P256V1FieldElement.class DONE
/org/bouncycastle/math/ec/custom/gm/SM2P256V1FieldElement.class starting
/org/bouncycastle/math/ec/custom/gm/SM2P256V1FieldElement.class DONE
/org/bouncycastle/math/ec/custom/gm/SM2P256V1FieldElement.class starting
/org/bouncycastle/math/ec/custom/gm/SM2P256V1FieldElement.class DONE
/org/bouncycastle/math/ec/custom/gm/SM2P256V1FieldElement.class starting
/org/bouncycastle/math/ec/custom/gm/SM2P256V1FieldElement.class DONE
/org/bouncycastle/math/ec/custom/gm/SM2P256V1FieldElement.class starting
/org/bouncycastle/math/ec/custom/gm/SM2P256V1FieldElement.class DONE
Could not read file /com/google/common/collect/DenseImmutableTable.class
Could not read file /org/apache/lucene/document/ShapeDocValues.class
Could not read file /org/apache/lucene/index/MergeRateLimiter.class
*****
{
  "olly": {
    "version": 2,
    "wall_time": 154.18,
    "cpu_time": 1990.44,
    "gc_time": 156.97,
    "gc_overhead": 7.89,
    "max_rss_kb": 3573072,
    "domain_stats": {
      "0": {
        "wall_time": 154.18,
        "gc_time": 2.57,
        "gc_overhead": 1.67
      },
      "1": {
        "wall_time": 153.28,
        "gc_time": 20.63,
        "gc_overhead": 13.46
      },
      "2": {
        "wall_time": 153.0,
        "gc_time": 15.85,
        "gc_overhead": 10.36
      },
      "3": {
        "wall_time": 152.91,
        "gc_time": 10.68,
        "gc_overhead": 6.98
      },
      "4": {
        "wall_time": 152.99,
        "gc_time": 17.22,
        "gc_overhead": 11.26
      },
      "5": {
        "wall_time": 153.0,
        "gc_time": 9.9,
        "gc_overhead": 6.47
      },
      "6": {
        "wall_time": 153.05,
        "gc_time": 16.02,
        "gc_overhead": 10.47
      },
      "7": {
        "wall_time": 152.92,
        "gc_time": 10.27,
        "gc_overhead": 6.72
      },
      "8": {
        "wall_time": 152.92,
        "gc_time": 9.87,
        "gc_overhead": 6.46
      },
      "9": {
        "wall_time": 152.92,
        "gc_time": 12.42,
        "gc_overhead": 8.12
      },
      "10": {
        "wall_time": 152.93,
        "gc_time": 10.79,
        "gc_overhead": 7.06
      },
      "11": {
        "wall_time": 152.94,
        "gc_time": 11.05,
        "gc_overhead": 7.23
      },
      "12": {
        "wall_time": 153.41,
        "gc_time": 9.68,
        "gc_overhead": 6.31
      }
    },
    "mean_latency": 5.658406,
    "stddev_latency": 9.766625,
    "min_latency": 0.0,
    "max_latency": 185.860095,
    "distr_latency": {
      "25.0000": 0.001327,
      "50.0000": 0.002919,
      "60.0000": 0.039391,
      "70.0000": 5.984255,
      "75.0000": 9.846783,
      "80.0000": 13.418495,
      "85.0000": 16.605183,
      "90.0000": 19.890175,
      "95.0000": 24.723455,
      "96.0000": 26.165247,
      "97.0000": 28.016639,
      "98.0000": 30.654463,
      "99.0000": 35.815423,
      "99.9000": 76.414975,
      "99.9900": 130.809855,
      "99.9990": 185.860095,
      "99.9999": 185.860095,
      "100.0000": 185.860095
    },
    "outliers": {
      "count": 0,
      "mean_latency": 0.0,
      "max_latency": 0.0
    },
    "allocations": {
      "total_heap": 53353060597,
      "minor_heap": 53548996306,
      "major_heap": 447175235,
      "promoted_words": 643110944,
      "promoted_pct": 1.2
    },
    "domain_alloc_stats": {
      "0": {
        "total": 29499705,
        "minor": 11629417,
        "promoted": 8048711,
        "major": 25918999,
        "promoted_pct": 69.21
      },
      "1": {
        "total": 9729669929,
        "minor": 9765149877,
        "promoted": 96411644,
        "major": 60931696,
        "promoted_pct": 0.99
      },
      "2": {
        "total": 6753108964,
        "minor": 6772113239,
        "promoted": 71019408,
        "major": 52015133,
        "promoted_pct": 1.05
      },
      "3": {
        "total": 2611239236,
        "minor": 2618198584,
        "promoted": 37690999,
        "major": 30731651,
        "promoted_pct": 1.44
      },
      "4": {
        "total": 4251965975,
        "minor": 4281576654,
        "promoted": 65025773,
        "major": 35415094,
        "promoted_pct": 1.52
      },
      "5": {
        "total": 2853077779,
        "minor": 2865717115,
        "promoted": 44228360,
        "major": 31589024,
        "promoted_pct": 1.54
      },
      "6": {
        "total": 9108296369,
        "minor": 9123724037,
        "promoted": 50779242,
        "major": 35351574,
        "promoted_pct": 0.56
      },
      "7": {
        "total": 2732192582,
        "minor": 2747457575,
        "promoted": 40444316,
        "major": 25179323,
        "promoted_pct": 1.47
      },
      "8": {
        "total": 2589258069,
        "minor": 2600416928,
        "promoted": 36899118,
        "major": 25740259,
        "promoted_pct": 1.42
      },
      "9": {
        "total": 3863394943,
        "minor": 3889815223,
        "promoted": 56800027,
        "major": 30379747,
        "promoted_pct": 1.46
      },
      "10": {
        "total": 3026326081,
        "minor": 3041085440,
        "promoted": 46952071,
        "major": 32192712,
        "promoted_pct": 1.54
      },
      "11": {
        "total": 3066513172,
        "minor": 3084591319,
        "promoted": 49119248,
        "major": 31041101,
        "promoted_pct": 1.59
      },
      "12": {
        "total": 2738517793,
        "minor": 2747520898,
        "promoted": 39692027,
        "major": 30688922,
        "promoted_pct": 1.44
      }
    },
    "collections": {
      "minor": 1427,
      "major": 41,
      "forced_major": 0,
      "compactions": 0
    },
    "stats_reliable": true
  },
  "perf": [
    {
      "counter-value": "300954.357302",
      "unit": "msec",
      "event": "task-clock",
      "event-runtime": 300954357302,
      "pcnt-running": 100.0,
      "metric-value": "1.939240",
      "metric-unit": "CPUs utilized"
    },
    {
      "counter-value": "868207.000000",
      "unit": "",
      "event": "page-faults",
      "event-runtime": 300954353334,
      "pcnt-running": 100.0,
      "metric-value": "2.884846",
      "metric-unit": "K/sec"
    },
    {
      "counter-value": "990679516818.000000",
      "unit": "",
      "event": "cycles",
      "event-runtime": 300954350850,
      "pcnt-running": 100.0,
      "metric-value": "3.291793",
      "metric-unit": "GHz"
    },
    {
      "counter-value": "1159963769657.000000",
      "unit": "",
      "event": "instructions",
      "event-runtime": 300954344667,
      "pcnt-running": 100.0,
      "metric-value": "1.170877",
      "metric-unit": "insn per cycle"
    }
  ]
}
-----
mkdir -p PLOTTY_WORKAROUND; timedrun; OCAMLRUNPARAM="s=524288,o=40,e=18,d=128" /home/udesou/.bench-agent/git/macro-benches/benchmarks/infer/infer_default-ocaml-5.5.0-f523850
running-ng v0.3.8
Wed Sep  9 10:13:39 AM UTC 2026

 10:13:39 up 2 days, 10:07,  2 users,  load average: 6.12, 8.28, 8.34
USER     TTY      FROM             LOGIN@   IDLE   JCPU   PCPU  WHAT

procs -----------memory---------- ---swap-- -----io---- -system-- -------cpu-------
 r  b   swpd   free   buff  cache   si   so    bi    bo   in   cs us sy id wa st gu
 0  1      0 43184020 4103616 17521444    0    0    43   582 2137    3 13  0 76 11  0  0
 0  1      0 43190544 4103616 17521128    0    0     0     0 1809 2979  0  0 88 12  0  0

top - 10:13:40 up 2 days, 10:07,  2 users,  load average: 6.12, 8.28, 8.34
Tasks: 278 total,   1 running, 277 sleeping,   0 stopped,   0 zombie
%Cpu(s):  0.0 us,  1.2 sy,  0.0 ni, 87.2 id, 11.6 wa,  0.0 hi,  0.0 si,  0.0 st 
MiB Mem :  64272.5 total,  42178.3 free,   1700.2 used,  21117.9 buff/cache     
MiB Swap:   8192.0 total,   8192.0 free,      0.0 used.  62572.3 avail Mem 

    PID USER      PR  NI    VIRT    RES    SHR S  %CPU  %MEM     TIME+ COMMAND
      1 root      20   0   22724  14128   9580 S   0.0   0.0   1:34.73 /sbin/init
      2 root      20   0       0      0      0 S   0.0   0.0   0:00.03 [kthreadd]
      3 root      20   0       0      0      0 S   0.0   0.0   0:00.00 [pool_workqueue_release]
      4 root       0 -20       0      0      0 I   0.0   0.0   0:00.00 [kworker/R-rcu_g]
      5 root       0 -20       0      0      0 I   0.0   0.0   0:00.00 [kworker/R-rcu_p]

Environment variables: 
	CONFIG_FILE=/home/udesou/.bench-agent/work/run-20260907-001-e1/run-20260907-001.yml
	HOME=/home/udesou
	LANG=en_US.UTF-8
	LOGNAME=udesou
	LOG_DIR=/home/udesou/.bench-agent/logs
	OLLY_DIR=/home/udesou/.bench-agent/git/olly
	PATH=/usr/local/bin:/home/udesou/.bench-agent/git/olly/_build/install/default/bin:/home/udesou/ocaml-bench-service/_opam/bin:/home/udesou/.vscode-server/data/User/globalStorage/github.copilot-chat/debugCommand:/home/udesou/.vscode-server/data/User/globalStorage/github.copilot-chat/copilotCli:/home/udesou/.vscode-server/cli/servers/Stable-08d4889f9ec4a1685d257b9b95de036c8e1ce1e5/server/bin/remote-cli:/home/udesou/.opam/running-ng-ocaml-5.5.0-f523850-fp-flambda/bin:/home/udesou/.local/bin:/home/udesou/.opam/running-ng-ocaml-5.5.0-f523850-fp-flambda/bin:/home/udesou/.local/bin:/usr/local/sbin:/usr/local/bin:/usr/sbin:/usr/bin:/sbin:/bin:/usr/games:/usr/local/games:/snap/bin
	PWD=/home/udesou/ocaml-bench-service
	PYTHONPATH=/home/udesou/.bench-agent/git/running-ng/src
	RUNNING_BENCH_DIR=/home/udesou/.bench-agent/git/macro-benches
	RUNNING_MACRO_BENCH_DIR=/home/udesou/.bench-agent/git/macro-benches
	RUNNING_NG_PACKAGE_DATA=/home/udesou/.bench-agent/git/running-ng/src/running/config
	RUNNING_REUSE_SWITCHES=1
	RUNNING_TAG=default_run,large_run
	SHELL=/bin/bash
	SHLVL=1
	TERM=screen.xterm-256color
	USER=udesou
	_=/usr/bin/python3
OS: Linux obelisk 6.8.0-139-generic #139-Ubuntu SMP PREEMPT_DYNAMIC Sat Aug  1 03:52:05 UTC 2026 x86_64 x86_64 x86_64 GNU/Linux
CPU: model name	: Intel(R) Xeon(R) CPU E5-2667 v2 @ 3.30GHz
number of cores: 8
Frequency of cpu 0: 3.30 GHz
Governor of cpu 0: performance
Scaling_min_freq of cpu 0: 1.20 GHz
Frequency of cpu 2: 3.30 GHz
Governor of cpu 2: performance
Scaling_min_freq of cpu 2: 1.20 GHz
Frequency of cpu 4: 3.30 GHz
Governor of cpu 4: performance
Scaling_min_freq of cpu 4: 1.20 GHz
Frequency of cpu 6: 3.30 GHz
Governor of cpu 6: performance
Scaling_min_freq of cpu 6: 1.20 GHz
WARNING: Failed to resolve file /com/google/common/annotations/Beta.class with "No such file or directory" 

WARNING: Failed to resolve file /com/google/common/base/Converter$IdentityConverter.class with "No such file or directory" 

WARNING: Failed to resolve file /com/google/common/base/Platform.class with "No such file or directory" 

WARNING: Failed to resolve file /com/google/common/base/Utf8.class with "No such file or directory" 

WARNING: Failed to resolve file /com/google/common/cache/LocalCache$EntryFactory$2.class with "No such file or directory" 

WARNING: Failed to resolve file /com/google/common/cache/LongAddables.class with "No such file or directory" 

WARNING: Failed to resolve file /com/google/common/collect/AbstractMapBasedMultiset$2$1.class with "No such file or directory" 

WARNING: Failed to resolve file /com/google/common/collect/CollectSpliterators.class with "No such file or directory" 

WARNING: Failed to resolve file /com/google/common/collect/DenseImmutableTable.class with "No such file or directory" 

WARNING: Failed to resolve file /com/google/common/collect/ForwardingConcurrentMap.class with "No such file or directory" 

WARNING: Failed to resolve file /com/google/common/collect/HashMultimap.class with "No such file or directory" 

WARNING: Failed to resolve file /com/google/common/collect/ImmutableMultimap$Builder.class with "No such file or directory" 

WARNING: Failed to resolve file /com/google/common/collect/ImmutableSortedSet$1.class with "No such file or directory" 

WARNING: Failed to resolve file /com/google/common/collect/JdkBackedImmutableMap.class with "No such file or directory" 

WARNING: Failed to resolve file /com/google/common/collect/MapMakerInternalMap$EntrySet.class with "No such file or directory" 

WARNING: Failed to resolve file /com/google/common/collect/Maps$AsMapView$1EntrySetImpl.class with "No such file or directory" 

WARNING: Failed to resolve file /com/google/common/collect/MultimapBuilder$2.class with "No such file or directory" 

WARNING: Failed to resolve file /com/google/common/collect/Multisets$4.class with "No such file or directory" 

WARNING: Failed to resolve file /com/google/common/collect/RegularImmutableMap$Values.class with "No such file or directory" 

WARNING: Failed to resolve file /com/google/common/collect/SortedLists$KeyAbsentBehavior$2.class with "No such file or directory" 

WARNING: Failed to resolve file /com/google/common/collect/Streams$DoubleFunctionWithIndex.class with "No such file or directory" 

WARNING: Failed to resolve file /com/google/common/collect/TransformedListIterator.class with "No such file or directory" 

WARNING: Failed to resolve file /com/google/common/collect/TreeTraverser.class with "No such file or directory" 

WARNING: Failed to resolve file /com/google/common/graph/AbstractBaseGraph$1.class with "No such file or directory" 

WARNING: Failed to resolve file /com/google/common/graph/GraphBuilder.class with "No such file or directory" 

WARNING: Failed to resolve file /com/google/common/graph/ValueGraph.class with "No such file or directory" 

WARNING: Failed to resolve file /com/google/common/hash/Hashing.class with "No such file or directory" 

WARNING: Failed to resolve file /com/google/common/io/BaseEncoding.class with "No such file or directory" 

WARNING: Failed to resolve file /com/google/common/io/LineProcessor.class with "No such file or directory" 

WARNING: Failed to resolve file /com/google/common/net/HttpHeaders.class with "No such file or directory" 

WARNING: Failed to resolve file /com/google/common/primitives/Shorts$ShortConverter.class with "No such file or directory" 

WARNING: Failed to resolve file /com/google/common/reflect/TypeToken$Bounds.class with "No such file or directory" 

WARNING: Failed to resolve file /com/google/common/util/concurrent/AbstractFuture$Listener.class with "No such file or directory" 

WARNING: Failed to resolve file /com/google/common/util/concurrent/AggregateFutureState.class with "No such file or directory" 

WARNING: Failed to resolve file /com/google/common/util/concurrent/ForwardingCheckedFuture$SimpleForwardingCheckedFuture.class with "No such file or directory" 

WARNING: Failed to resolve file /com/google/common/util/concurrent/Monitor$Guard.class with "No such file or directory" 

WARNING: Failed to resolve file /com/google/common/util/concurrent/SimpleTimeLimiter$1.class with "No such file or directory" 

WARNING: Failed to resolve file /net/bytebuddy/ByteBuddy$RecordConstructorStrategy.class with "No such file or directory" 

WARNING: Failed to resolve file /net/bytebuddy/agent/builder/AgentBuilder$Default$NativeMethodStrategy$ForPrefix.class with "No such file or directory" 

WARNING: Failed to resolve file /net/bytebuddy/agent/builder/AgentBuilder$InstallationListener$Compound.class with "No such file or directory" 

WARNING: Failed to resolve file /net/bytebuddy/agent/builder/AgentBuilder$PoolStrategy$Default.class with "No such file or directory" 

WARNING: Failed to resolve file /net/bytebuddy/agent/builder/AgentBuilder$RedefinitionStrategy$Listener$Adapter.class with "No such file or directory" 

WARNING: Failed to resolve file /net/bytebuddy/agent/builder/package-info.class with "No such file or directory" 

WARNING: Failed to resolve file /net/bytebuddy/asm/Advice$AssignReturned$ToReturned$Handler.class with "No such file or directory" 

WARNING: Failed to resolve file /net/bytebuddy/asm/Advice$Dispatcher$Resolved$AbstractBase.class with "No such file or directory" 

WARNING: Failed to resolve file /net/bytebuddy/asm/Advice$OffsetMapping$ForInstrumentedMethod$2.class with "No such file or directory" 

WARNING: Failed to resolve file /net/bytebuddy/asm/Advice$OffsetMapping.class with "No such file or directory" 

WARNING: Failed to resolve file /net/bytebuddy/asm/ClassVisitorFactory$FrameTranslator.class with "No such file or directory" 

WARNING: Failed to resolve file /net/bytebuddy/asm/MemberSubstitution$TypePoolResolver$OfImplicitPool.class with "No such file or directory" 

WARNING: Failed to resolve file /net/bytebuddy/build/EntryPoint$Default.class with "No such file or directory" 

WARNING: Failed to resolve file /net/bytebuddy/build/Plugin$Engine$Listener$StreamWriting.class with "No such file or directory" 

WARNING: Failed to resolve file /net/bytebuddy/build/Plugin$Factory$UsingReflection$Instantiator$Unresolved.class with "No such file or directory" 

WARNING: Failed to resolve file /net/bytebuddy/description/annotation/AnnotationDescription.class with "No such file or directory" 

WARNING: Failed to resolve file /net/bytebuddy/description/annotation/AnnotationValue$Loaded$AbstractBase$ForUnresolvedProperty.class with "No such file or directory" 

WARNING: Failed to resolve file /net/bytebuddy/description/method/MethodList$Explicit.class with "No such file or directory" 

WARNING: Failed to resolve file /net/bytebuddy/description/modifier/SynchronizationState.class with "No such file or directory" 

WARNING: Failed to resolve file /net/bytebuddy/description/type/TypeDescription$Generic$AnnotationReader$Delegator$ForLoadedTypeVariable.class with "No such file or directory" 

WARNING: Failed to resolve file /net/bytebuddy/description/type/TypeDescription$Generic$OfParameterizedType$Latent.class with "No such file or directory" 

WARNING: Failed to resolve file /net/bytebuddy/description/type/TypeDescription$Latent.class with "No such file or directory" 

WARNING: Failed to resolve file /net/bytebuddy/dynamic/ClassFileLocator$ForModuleFile.class with "No such file or directory" 

WARNING: Failed to resolve file /net/bytebuddy/dynamic/DynamicType$Builder$MethodDefinition$ParameterDefinition$Simple$Annotatable$AbstractBase.class with "No such file or directory" 

WARNING: Failed to resolve file /net/bytebuddy/dynamic/VisibilityBridgeStrategy$Default$2.class with "No such file or directory" 

WARNING: Failed to resolve file /net/bytebuddy/dynamic/loading/ClassInjector$UsingReflection$Dispatcher$Initializable.class with "No such file or directory" 

WARNING: Failed to resolve file /net/bytebuddy/dynamic/loading/PackageDefinitionStrategy$ManifestReading.class with "No such file or directory" 

WARNING: Failed to resolve file /net/bytebuddy/dynamic/scaffold/MethodGraph$Compiler$Default$Key$Store$Entry$Initial.class with "No such file or directory" 

WARNING: Failed to resolve file /net/bytebuddy/dynamic/scaffold/TypeWriter$Default$ClassDumpAction$Dispatcher$Enabled.class with "No such file or directory" 

WARNING: Failed to resolve file /net/bytebuddy/dynamic/scaffold/TypeWriter$MethodPool$Record$AccessBridgeWrapper.class with "No such file or directory" 

WARNING: Failed to resolve file /net/bytebuddy/dynamic/scaffold/subclass/SubclassImplementationTarget$OriginTypeResolver$1.class with "No such file or directory" 

WARNING: Failed to resolve file /net/bytebuddy/implementation/FieldAccessor$FieldLocation.class with "No such file or directory" 

WARNING: Failed to resolve file /net/bytebuddy/implementation/HashCodeMethod$ValueTransformer$7.class with "No such file or directory" 

WARNING: Failed to resolve file /net/bytebuddy/implementation/InvocationHandlerAdapter.class with "No such file or directory" 

WARNING: Failed to resolve file /net/bytebuddy/implementation/InvokeDynamic$WithImplicitArguments.class with "No such file or directory" 

WARNING: Failed to resolve file /net/bytebuddy/implementation/MethodCall$MethodInvoker.class with "No such file or directory" 

WARNING: Failed to resolve file /net/bytebuddy/implementation/MethodDelegation.class with "No such file or directory" 

WARNING: Failed to resolve file /net/bytebuddy/implementation/attribute/AnnotationValueFilter$Factory.class with "No such file or directory" 

WARNING: Failed to resolve file /net/bytebuddy/implementation/auxiliary/TypeProxy$1.class with "No such file or directory" 

WARNING: Failed to resolve file /net/bytebuddy/implementation/bind/annotation/AllArguments.class with "No such file or directory" 

WARNING: Failed to resolve file /net/bytebuddy/implementation/bind/annotation/Morph$Binder$RedirectionProxy$InstanceFieldConstructor$Appender.class with "No such file or directory" 

WARNING: Failed to resolve file /net/bytebuddy/implementation/bytecode/ByteCodeAppender$Compound.class with "No such file or directory" 

WARNING: Failed to resolve file /net/bytebuddy/implementation/bytecode/assign/reference/GenericTypeAwareAssigner$IsAssignableToVisitor$OfGenericArray.class with "No such file or directory" 

WARNING: Failed to resolve file /net/bytebuddy/implementation/bytecode/member/FieldAccess$AccessDispatcher$FieldPutInstruction.class with "No such file or directory" 

WARNING: Failed to resolve file /net/bytebuddy/jar/asm/RecordComponentWriter.class with "No such file or directory" 

WARNING: Failed to resolve file /net/bytebuddy/matcher/FilterableList.class with "No such file or directory" 

WARNING: Failed to resolve file /net/bytebuddy/matcher/TypeSortMatcher.class with "No such file or directory" 

WARNING: Failed to resolve file /net/bytebuddy/pool/TypePool$Default$LazyTypeDescription$AnnotationToken.class with "No such file or directory" 

WARNING: Failed to resolve file /net/bytebuddy/pool/TypePool$Default$LazyTypeDescription$LazyMethodDescription$LazyParameterizedReceiverType$TypeArgumentList$AnnotatedTypeVariable.class with "No such file or directory" 

WARNING: Failed to resolve file /net/bytebuddy/utility/FileSystem$ForNio2CapableVm$StandardCopyOption.class with "No such file or directory" 

WARNING: Failed to resolve file /net/bytebuddy/utility/dispatcher/JavaDispatcher$Dispatcher.class with "No such file or directory" 

WARNING: Failed to resolve file /org/apache/lucene/analysis/CharArrayMap.class with "No such file or directory" 

WARNING: Failed to resolve file /org/apache/lucene/analysis/tokenattributes/TermToBytesRefAttribute.class with "No such file or directory" 

WARNING: Failed to resolve file /org/apache/lucene/codecs/KnnVectorsWriter$ByteVectorValuesSub.class with "No such file or directory" 

WARNING: Failed to resolve file /org/apache/lucene/codecs/hnsw/DefaultFlatVectorScorer$ByteScoringSupplier$1.class with "No such file or directory" 

WARNING: Failed to resolve file /org/apache/lucene/codecs/lucene90/Lucene90DocValuesProducer$17.class with "No such file or directory" 

WARNING: Failed to resolve file /org/apache/lucene/codecs/lucene90/Lucene90PointsFormat.class with "No such file or directory" 

WARNING: Failed to resolve file /org/apache/lucene/codecs/lucene912/ForUtil.class with "No such file or directory" 

WARNING: Failed to resolve file /org/apache/lucene/codecs/lucene99/Lucene99HnswVectorsWriter$2.class with "No such file or directory" 

WARNING: Failed to resolve file /org/apache/lucene/document/BinaryPoint$1.class with "No such file or directory" 

WARNING: Failed to resolve file /org/apache/lucene/document/FloatPoint$2.class with "No such file or directory" 

WARNING: Failed to resolve file /org/apache/lucene/document/LatLonPointDistanceQuery.class with "No such file or directory" 

WARNING: Failed to resolve file /org/apache/lucene/document/ShapeField$QueryRelation.class with "No such file or directory" 

WARNING: Failed to resolve file /org/apache/lucene/document/XYShapeDocValues.class with "No such file or directory" 

WARNING: Failed to resolve file /org/apache/lucene/index/BaseTermsEnum$1.class with "No such file or directory" 

WARNING: Failed to resolve file /org/apache/lucene/index/ConcurrentMergeScheduler.class with "No such file or directory" 

WARNING: Failed to resolve file /org/apache/lucene/index/ExitableDirectoryReader$ExitableFilterAtomicReader$4.class with "No such file or directory" 

WARNING: Failed to resolve file /org/apache/lucene/index/FreqProxFields$FreqProxTermsEnum$1.class with "No such file or directory" 

WARNING: Failed to resolve file /org/apache/lucene/index/IndexWriter$DocModifier.class with "No such file or directory" 

WARNING: Failed to resolve file /org/apache/lucene/index/MultiDocValues$1.class with "No such file or directory" 

WARNING: Failed to resolve file /org/apache/lucene/index/PointValues$IntersectVisitor.class with "No such file or directory" 

WARNING: Failed to resolve file /org/apache/lucene/index/SingletonSortedSetDocValues.class with "No such file or directory" 

WARNING: Failed to resolve file /org/apache/lucene/index/SortedNumericDocValuesWriter.class with "No such file or directory" 

WARNING: Failed to resolve file /org/apache/lucene/index/TermVectorsConsumerPerField$TermVectorsPostingsArray.class with "No such file or directory" 

WARNING: Failed to resolve file /org/apache/lucene/internal/hppc/IntDoubleHashMap$EntryIterator.class with "No such file or directory" 

WARNING: Failed to resolve file /org/apache/lucene/internal/hppc/LongIntHashMap$LongIntCursor.class with "No such file or directory" 

WARNING: Failed to resolve file /org/apache/lucene/search/BlockMaxConjunctionScorer$2.class with "No such file or directory" 

WARNING: Failed to resolve file /org/apache/lucene/search/ConstantScoreQuery$1$1.class with "No such file or directory" 

WARNING: Failed to resolve file /org/apache/lucene/search/DoubleValuesSource$DoubleValuesComparatorSource$1.class with "No such file or directory" 

WARNING: Failed to resolve file /org/apache/lucene/search/ImpactsDISI.class with "No such file or directory" 

WARNING: Failed to resolve file /org/apache/lucene/search/LongValuesSource$LongValuesComparatorSource.class with "No such file or directory" 

WARNING: Failed to resolve file /org/apache/lucene/search/NamedMatches$NamedQuery.class with "No such file or directory" 

WARNING: Failed to resolve file /org/apache/lucene/search/ReqOptSumScorer.class with "No such file or directory" 

WARNING: Failed to resolve file /org/apache/lucene/search/SortedNumericSortField$5.class with "No such file or directory" 

WARNING: Failed to resolve file /org/apache/lucene/search/TopDocsCollector.class with "No such file or directory" 

WARNING: Failed to resolve file /org/apache/lucene/search/comparators/NumericComparator$NumericLeafComparator.class with "No such file or directory" 

WARNING: Failed to resolve file /org/apache/lucene/search/similarities/MultiSimilarity.class with "No such file or directory" 

WARNING: Failed to resolve file /org/apache/lucene/store/IndexInput$1.class with "No such file or directory" 

WARNING: Failed to resolve file /org/apache/lucene/util/AttributeImpl.class with "No such file or directory" 

WARNING: Failed to resolve file /org/apache/lucene/util/DocIdSetBuilder$BulkAdder.class with "No such file or directory" 

WARNING: Failed to resolve file /org/apache/lucene/util/ModuleResourceLoader.class with "No such file or directory" 

WARNING: Failed to resolve file /org/apache/lucene/util/Sorter.class with "No such file or directory" 

WARNING: Failed to resolve file /org/apache/lucene/util/automaton/MinimizationOperations$IntPair.class with "No such file or directory" 

WARNING: Failed to resolve file /org/apache/lucene/util/bkd/OfflinePointWriter.class with "No such file or directory" 

WARNING: Failed to resolve file /org/apache/lucene/util/fst/Util$FSTPath.class with "No such file or directory" 

WARNING: Failed to resolve file /org/apache/lucene/util/mutable/MutableValueDate.class with "No such file or directory" 

WARNING: Failed to resolve file /org/apache/lucene/util/packed/DirectReader$DirectPackedReader32.class with "No such file or directory" 

WARNING: Failed to resolve file /org/apache/lucene/util/packed/PackedWriter.class with "No such file or directory" 

WARNING: Failed to resolve file /org/bouncycastle/asn1/ASN1ObjectDescriptor$1.class with "No such file or directory" 

WARNING: Failed to resolve file /org/bouncycastle/asn1/BEROctetStringParser.class with "No such file or directory" 

WARNING: Failed to resolve file /org/bouncycastle/asn1/LazyEncodedSequence.class with "No such file or directory" 

WARNING: Failed to resolve file /org/bouncycastle/asn1/ocsp/OCSPRequest.class with "No such file or directory" 

WARNING: Failed to resolve file /org/bouncycastle/asn1/sec/SECNamedCurves$17.class with "No such file or directory" 

WARNING: Failed to resolve file /org/bouncycastle/asn1/x500/DirectoryString.class with "No such file or directory" 

WARNING: Failed to resolve file /org/bouncycastle/asn1/x509/NameConstraints.class with "No such file or directory" 

WARNING: Failed to resolve file /org/bouncycastle/asn1/x509/sigi/NameOrPseudonym.class with "No such file or directory" 

WARNING: Failed to resolve file /org/bouncycastle/crypto/CipherKeyGenerator.class with "No such file or directory" 

WARNING: Failed to resolve file /org/bouncycastle/crypto/StagedAgreement.class with "No such file or directory" 

WARNING: Failed to resolve file /org/bouncycastle/crypto/digests/AsconXof$1.class with "No such file or directory" 

WARNING: Failed to resolve file /org/bouncycastle/crypto/digests/ShortenedDigest.class with "No such file or directory" 

WARNING: Failed to resolve file /org/bouncycastle/crypto/ec/ECDecryptor.class with "No such file or directory" 

WARNING: Failed to resolve file /org/bouncycastle/crypto/engines/GOST3412_2015Engine.class with "No such file or directory" 

WARNING: Failed to resolve file /org/bouncycastle/crypto/engines/SparkleEngine$1.class with "No such file or directory" 

WARNING: Failed to resolve file /org/bouncycastle/crypto/generators/ElGamalParametersGenerator.class with "No such file or directory" 

WARNING: Failed to resolve file /org/bouncycastle/crypto/macs/DSTU7564Mac.class with "No such file or directory" 

WARNING: Failed to resolve file /org/bouncycastle/crypto/modes/NISTCTSBlockCipher.class with "No such file or directory" 

WARNING: Failed to resolve file /org/bouncycastle/crypto/params/DHParameters.class with "No such file or directory" 

WARNING: Failed to resolve file /org/bouncycastle/crypto/params/NaccacheSternKeyGenerationParameters.class with "No such file or directory" 

WARNING: Failed to resolve file /org/bouncycastle/crypto/prng/X931SecureRandom.class with "No such file or directory" 

WARNING: Failed to resolve file /org/bouncycastle/crypto/util/DEROtherInfo$1.class with "No such file or directory" 

WARNING: Failed to resolve file /org/bouncycastle/crypto/util/SSHNamedCurves$3.class with "No such file or directory" 

WARNING: Failed to resolve file /org/bouncycastle/jcajce/BCFKSLoadStoreParameter$SignatureAlgorithm.class with "No such file or directory" 

WARNING: Failed to resolve file /org/bouncycastle/jcajce/provider/asymmetric/CompositeSignatures.class with "No such file or directory" 

WARNING: Failed to resolve file /org/bouncycastle/jcajce/provider/asymmetric/compositesignatures/KeyPairGeneratorSpi$MLDSA65_ECDSA_brainpoolP256r1_SHA512.class with "No such file or directory" 

WARNING: Failed to resolve file /org/bouncycastle/jcajce/provider/asymmetric/dh/KeyAgreementSpi$DHwithSHA384CKDF.class with "No such file or directory" 

WARNING: Failed to resolve file /org/bouncycastle/jcajce/provider/asymmetric/ec/BCECPrivateKey.class with "No such file or directory" 

WARNING: Failed to resolve file /org/bouncycastle/jcajce/provider/asymmetric/ec/KeyAgreementSpi$DHUwithSHA224KDF.class with "No such file or directory" 

WARNING: Failed to resolve file /org/bouncycastle/jcajce/provider/asymmetric/ec/KeyPairGeneratorSpi.class with "No such file or directory" 

WARNING: Failed to resolve file /org/bouncycastle/jcajce/provider/asymmetric/ecgost12/KeyAgreementSpi$ECVKO512.class with "No such file or directory" 

WARNING: Failed to resolve file /org/bouncycastle/jcajce/provider/asymmetric/edec/KeyPairGeneratorSpi$X448.class with "No such file or directory" 

WARNING: Failed to resolve file /org/bouncycastle/jcajce/provider/asymmetric/rsa/DigestSignatureSpi$SHA3_384.class with "No such file or directory" 

WARNING: Failed to resolve file /org/bouncycastle/jcajce/provider/asymmetric/rsa/PSSSignatureSpi$SHA512withRSA.class with "No such file or directory" 

WARNING: Failed to resolve file /org/bouncycastle/jcajce/provider/asymmetric/x509/X509CRLInternal.class with "No such file or directory" 

WARNING: Failed to resolve file /org/bouncycastle/jcajce/provider/digest/GOST3411$Mappings.class with "No such file or directory" 

WARNING: Failed to resolve file /org/bouncycastle/jcajce/provider/digest/RIPEMD256$HashMac.class with "No such file or directory" 

WARNING: Failed to resolve file /org/bouncycastle/jcajce/provider/digest/SHA3$Mappings.class with "No such file or directory" 

WARNING: Failed to resolve file /org/bouncycastle/jcajce/provider/digest/Skein$HMacKeyGenerator_512_384.class with "No such file or directory" 

WARNING: Failed to resolve file /org/bouncycastle/jcajce/provider/digest/Whirlpool$KeyGenerator.class with "No such file or directory" 

WARNING: Failed to resolve file /org/bouncycastle/jcajce/provider/keystore/pkcs12/PKCS12KeyStoreSpi$1.class with "No such file or directory" 

WARNING: Failed to resolve file /org/bouncycastle/jcajce/provider/symmetric/AES$PBEWithSHA256And192BitAESBC.class with "No such file or directory" 

WARNING: Failed to resolve file /org/bouncycastle/jcajce/provider/symmetric/CAST5$CBC.class with "No such file or directory" 

WARNING: Failed to resolve file /org/bouncycastle/jcajce/provider/symmetric/DES$Mappings.class with "No such file or directory" 

WARNING: Failed to resolve file /org/bouncycastle/jcajce/provider/symmetric/DSTU7624$GCM128.class with "No such file or directory" 

WARNING: Failed to resolve file /org/bouncycastle/jcajce/provider/symmetric/HC128$KeyGen.class with "No such file or directory" 

WARNING: Failed to resolve file /org/bouncycastle/jcajce/provider/symmetric/PBEPKCS12.class with "No such file or directory" 

WARNING: Failed to resolve file /org/bouncycastle/jcajce/provider/symmetric/Rijndael.class with "No such file or directory" 

WARNING: Failed to resolve file /org/bouncycastle/jcajce/provider/symmetric/Shacal2$AlgParams.class with "No such file or directory" 

WARNING: Failed to resolve file /org/bouncycastle/jcajce/provider/symmetric/Threefish.class with "No such file or directory" 

WARNING: Failed to resolve file /org/bouncycastle/jcajce/provider/symmetric/util/BaseStreamCipher.class with "No such file or directory" 

WARNING: Failed to resolve file /org/bouncycastle/jcajce/spec/SkeinParameterSpec.class with "No such file or directory" 

WARNING: Failed to resolve file /org/bouncycastle/jce/provider/AnnotatedException.class with "No such file or directory" 

WARNING: Failed to resolve file /org/bouncycastle/jce/provider/RFC3280CertPathUtilities.class with "No such file or directory" 

WARNING: Failed to resolve file /org/bouncycastle/math/ec/ECCurve$Config.class with "No such file or directory" 

WARNING: Failed to resolve file /org/bouncycastle/math/ec/custom/gm/SM2P256V1FieldElement.class with "No such file or directory" 

WARNING: Failed to resolve file /org/bouncycastle/math/ec/custom/sec/SecP384R1FieldElement.class with "No such file or directory" 

WARNING: Failed to resolve file /org/bouncycastle/math/ec/custom/sec/SecT239K1Curve.class with "No such file or directory" 

WARNING: Failed to resolve file /org/bouncycastle/math/ec/rfc8032/Ed25519$PointTemp.class with "No such file or directory" 

WARNING: Failed to resolve file /org/bouncycastle/pqc/asn1/PQCObjectIdentifiers.class with "No such file or directory" 

WARNING: Failed to resolve file /org/bouncycastle/pqc/crypto/crystals/dilithium/DilithiumKeyPairGenerator.class with "No such file or directory" 

WARNING: Failed to resolve file /org/bouncycastle/pqc/crypto/falcon/FalconSmallPrime.class with "No such file or directory" 

WARNING: Failed to resolve file /org/bouncycastle/pqc/crypto/hqc/HQCKEMExtractor.class with "No such file or directory" 

WARNING: Failed to resolve file /org/bouncycastle/pqc/crypto/newhope/NHKeyPairGenerator.class with "No such file or directory" 

WARNING: Failed to resolve file /org/bouncycastle/pqc/crypto/picnic/PicnicEngine.class with "No such file or directory" 

WARNING: Failed to resolve file /org/bouncycastle/pqc/crypto/sphincs/SPHINCS256KeyGenerationParameters.class with "No such file or directory" 

WARNING: Failed to resolve file /org/bouncycastle/pqc/crypto/util/PublicKeyFactory$LMSConverter.class with "No such file or directory" 

WARNING: Failed to resolve file /org/bouncycastle/pqc/crypto/xmss/XMSSMTPrivateKeyParameters$Builder.class with "No such file or directory" 

WARNING: Failed to resolve file /org/bouncycastle/pqc/jcajce/interfaces/NHPublicKey.class with "No such file or directory" 

WARNING: Failed to resolve file /org/bouncycastle/pqc/jcajce/provider/SPHINCS.class with "No such file or directory" 

WARNING: Failed to resolve file /org/bouncycastle/pqc/jcajce/provider/falcon/SignatureSpi$Base.class with "No such file or directory" 

WARNING: Failed to resolve file /org/bouncycastle/pqc/jcajce/provider/mceliece/BCMcEliecePrivateKey.class with "No such file or directory" 

WARNING: Failed to resolve file /org/bouncycastle/pqc/jcajce/provider/picnic/BCPicnicPublicKey.class with "No such file or directory" 

WARNING: Failed to resolve file /org/bouncycastle/pqc/jcajce/provider/sphincsplus/SPHINCSPlusKeyPairGeneratorSpi$Shake_256f.class with "No such file or directory" 

WARNING: Failed to resolve file /org/bouncycastle/pqc/jcajce/spec/KyberParameterSpec.class with "No such file or directory" 

WARNING: Failed to resolve file /org/bouncycastle/pqc/legacy/crypto/mceliece/McEliecePrivateKeyParameters.class with "No such file or directory" 

WARNING: Failed to resolve file /org/bouncycastle/pqc/legacy/math/linearalgebra/GF2Matrix.class with "No such file or directory" 

WARNING: Failed to resolve file /org/bouncycastle/pqc/math/ntru/parameters/NTRUHPS2048509.class with "No such file or directory" 

WARNING: Failed to resolve file /org/bouncycastle/util/encoders/HexTranslator.class with "No such file or directory" 

WARNING: Failed to resolve file /org/bouncycastle/x509/X509CRLStoreSelector.class with "No such file or directory" 

Found 215 (out of 11364) source files to analyze in /home/udesou/.bench-agent/git/macro-benches/vendor/.infer-capture-ocaml-5.5.0-f523850
/net/bytebuddy/asm/Advice$OffsetMapping$ForInstrumentedMethod$2.class starting
/net/bytebuddy/asm/Advice$OffsetMapping$ForInstrumentedMethod$2.class DONE
/net/bytebuddy/dynamic/DynamicType$Builder$MethodDefinition$ParameterDefinition$Simple$Annotatable$AbstractBase.class starting
/net/bytebuddy/dynamic/DynamicType$Builder$MethodDefinition$ParameterDefinition$Simple$Annotatable$AbstractBase.class DONE
/net/bytebuddy/implementation/bytecode/assign/reference/GenericTypeAwareAssigner$IsAssignableToVisitor$OfGenericArray.class starting
/net/bytebuddy/implementation/bytecode/assign/reference/GenericTypeAwareAssigner$IsAssignableToVisitor$OfGenericArray.class DONE
/org/apache/lucene/codecs/lucene912/ForUtil.class starting
/org/apache/lucene/codecs/lucene912/ForUtil.class DONE
/org/apache/lucene/document/BinaryPoint$1.class starting
/org/apache/lucene/document/BinaryPoint$1.class DONE
/org/bouncycastle/pqc/crypto/newhope/NHKeyPairGenerator.class starting
/org/bouncycastle/pqc/crypto/newhope/NHKeyPairGenerator.class DONE
/net/bytebuddy/dynamic/scaffold/MethodGraph$Compiler$Default$Key$Store$Entry$Initial.class starting
/net/bytebuddy/dynamic/scaffold/MethodGraph$Compiler$Default$Key$Store$Entry$Initial.class DONE
/org/bouncycastle/asn1/x500/DirectoryString.class starting
/org/bouncycastle/asn1/x500/DirectoryString.class DONE
/org/apache/lucene/search/BlockMaxConjunctionScorer$2.class starting
/org/apache/lucene/search/BlockMaxConjunctionScorer$2.class DONE
/org/bouncycastle/pqc/jcajce/spec/KyberParameterSpec.class starting
/org/bouncycastle/pqc/jcajce/spec/KyberParameterSpec.class DONE
/org/apache/lucene/document/XYShapeDocValues.class starting
/org/apache/lucene/document/XYShapeDocValues.class DONE
/org/bouncycastle/jcajce/provider/symmetric/AES$PBEWithSHA256And192BitAESBC.class starting
/org/bouncycastle/jcajce/provider/symmetric/AES$PBEWithSHA256And192BitAESBC.class DONE
/org/apache/lucene/index/ExitableDirectoryReader$ExitableFilterAtomicReader$4.class starting
/org/apache/lucene/index/ExitableDirectoryReader$ExitableFilterAtomicReader$4.class DONE
/org/apache/lucene/document/ShapeField$QueryRelation.class starting
/org/apache/lucene/document/ShapeField$QueryRelation.class DONE
/org/bouncycastle/asn1/x509/sigi/NameOrPseudonym.class starting
/org/apache/lucene/search/DoubleValuesSource$DoubleValuesComparatorSource$1.class starting
/org/apache/lucene/search/DoubleValuesSource$DoubleValuesComparatorSource$1.class DONE
/com/google/common/collect/ImmutableMultimap$Builder.class starting
/com/google/common/collect/ImmutableMultimap$Builder.class DONE
/com/google/common/base/Converter$IdentityConverter.class starting
/com/google/common/base/Converter$IdentityConverter.class DONE
/net/bytebuddy/agent/builder/package-info.class starting
/net/bytebuddy/agent/builder/package-info.class DONE
/org/apache/lucene/util/Sorter.class starting
/org/apache/lucene/util/Sorter.class DONE
/com/google/common/graph/ValueGraph.class starting
/com/google/common/graph/ValueGraph.class DONE
/org/bouncycastle/pqc/jcajce/provider/SPHINCS.class starting
/org/bouncycastle/pqc/jcajce/provider/SPHINCS.class DONE
/org/bouncycastle/jcajce/provider/digest/RIPEMD256$HashMac.class starting
/org/bouncycastle/jcajce/provider/digest/RIPEMD256$HashMac.class DONE
/org/bouncycastle/jcajce/provider/symmetric/DES$Mappings.class starting
/org/bouncycastle/jcajce/provider/symmetric/DES$Mappings.class DONE
/com/google/common/util/concurrent/Monitor$Guard.class starting
/com/google/common/util/concurrent/Monitor$Guard.class DONE
/net/bytebuddy/pool/TypePool$Default$LazyTypeDescription$LazyMethodDescription$LazyParameterizedReceiverType$TypeArgumentList$AnnotatedTypeVariable.class starting
/net/bytebuddy/pool/TypePool$Default$LazyTypeDescription$LazyMethodDescription$LazyParameterizedReceiverType$TypeArgumentList$AnnotatedTypeVariable.class DONE
/net/bytebuddy/build/Plugin$Factory$UsingReflection$Instantiator$Unresolved.class starting
/net/bytebuddy/build/Plugin$Factory$UsingReflection$Instantiator$Unresolved.class DONE
/org/bouncycastle/crypto/generators/ElGamalParametersGenerator.class starting
/org/bouncycastle/crypto/generators/ElGamalParametersGenerator.class DONE
/org/bouncycastle/crypto/digests/ShortenedDigest.class starting
/org/bouncycastle/crypto/digests/ShortenedDigest.class DONE
/net/bytebuddy/matcher/FilterableList.class starting
/net/bytebuddy/matcher/FilterableList.class DONE
/com/google/common/io/BaseEncoding.class starting
/com/google/common/io/BaseEncoding.class DONE
/org/bouncycastle/pqc/crypto/picnic/PicnicEngine.class starting
/org/bouncycastle/pqc/crypto/picnic/PicnicEngine.class DONE
/org/bouncycastle/jcajce/provider/symmetric/PBEPKCS12.class starting
/org/bouncycastle/jcajce/provider/symmetric/PBEPKCS12.class DONE
/org/bouncycastle/crypto/prng/X931SecureRandom.class starting
/org/bouncycastle/crypto/prng/X931SecureRandom.class DONE
/net/bytebuddy/description/modifier/SynchronizationState.class starting
/net/bytebuddy/description/modifier/SynchronizationState.class DONE
/org/apache/lucene/search/ConstantScoreQuery$1$1.class starting
/org/apache/lucene/search/ConstantScoreQuery$1$1.class DONE
/org/apache/lucene/internal/hppc/IntDoubleHashMap$EntryIterator.class starting
/org/apache/lucene/internal/hppc/IntDoubleHashMap$EntryIterator.class DONE
/org/bouncycastle/asn1/x509/NameConstraints.class starting
/org/bouncycastle/asn1/x509/NameConstraints.class DONE
/com/google/common/graph/GraphBuilder.class starting
/com/google/common/graph/GraphBuilder.class DONE
/org/bouncycastle/jcajce/provider/symmetric/Threefish.class starting
/org/bouncycastle/jcajce/provider/symmetric/Threefish.class DONE
/com/google/common/util/concurrent/SimpleTimeLimiter$1.class starting
/com/google/common/util/concurrent/SimpleTimeLimiter$1.class DONE
/net/bytebuddy/dynamic/scaffold/TypeWriter$MethodPool$Record$AccessBridgeWrapper.class starting
/net/bytebuddy/dynamic/scaffold/TypeWriter$MethodPool$Record$AccessBridgeWrapper.class DONE
/net/bytebuddy/dynamic/ClassFileLocator$ForModuleFile.class starting
/net/bytebuddy/dynamic/ClassFileLocator$ForModuleFile.class DONE
/org/apache/lucene/search/ReqOptSumScorer.class starting
/org/apache/lucene/search/ReqOptSumScorer.class DONE
/com/google/common/util/concurrent/AggregateFutureState.class starting
/com/google/common/util/concurrent/AggregateFutureState.class DONE
/com/google/common/annotations/Beta.class starting
/com/google/common/annotations/Beta.class DONE
/com/google/common/collect/DenseImmutableTable.class starting
/com/google/common/collect/DenseImmutableTable.class DONE
/org/bouncycastle/math/ec/custom/gm/SM2P256V1FieldElement.class starting
/org/bouncycastle/math/ec/custom/gm/SM2P256V1FieldElement.class DONE
/org/bouncycastle/jcajce/provider/asymmetric/dh/KeyAgreementSpi$DHwithSHA384CKDF.class starting
/org/bouncycastle/jcajce/provider/asymmetric/dh/KeyAgreementSpi$DHwithSHA384CKDF.class DONE
/org/bouncycastle/jcajce/provider/digest/GOST3411$Mappings.class starting
/org/bouncycastle/jcajce/provider/digest/GOST3411$Mappings.class DONE
/org/bouncycastle/pqc/jcajce/provider/sphincsplus/SPHINCSPlusKeyPairGeneratorSpi$Shake_256f.class starting
/org/bouncycastle/pqc/jcajce/provider/sphincsplus/SPHINCSPlusKeyPairGeneratorSpi$Shake_256f.class DONE
/org/bouncycastle/jcajce/provider/symmetric/util/BaseStreamCipher.class starting
/org/bouncycastle/jcajce/provider/symmetric/util/BaseStreamCipher.class DONE
/net/bytebuddy/implementation/auxiliary/TypeProxy$1.class starting
/net/bytebuddy/implementation/auxiliary/TypeProxy$1.class DONE
/com/google/common/collect/ImmutableSortedSet$1.class starting
/com/google/common/collect/ImmutableSortedSet$1.class DONE
/net/bytebuddy/pool/TypePool$Default$LazyTypeDescription$AnnotationToken.class starting
/net/bytebuddy/pool/TypePool$Default$LazyTypeDescription$AnnotationToken.class DONE
/org/apache/lucene/index/SingletonSortedSetDocValues.class starting
/org/apache/lucene/index/SingletonSortedSetDocValues.class DONE
/org/bouncycastle/pqc/crypto/crystals/dilithium/DilithiumKeyPairGenerator.class starting
/org/bouncycastle/pqc/crypto/crystals/dilithium/DilithiumKeyPairGenerator.class DONE
/org/bouncycastle/math/ec/rfc8032/Ed25519$PointTemp.class starting
/org/bouncycastle/math/ec/rfc8032/Ed25519$PointTemp.class DONE
/org/bouncycastle/jce/provider/RFC3280CertPathUtilities.class starting
/org/bouncycastle/asn1/x509/sigi/NameOrPseudonym.class DONE
/net/bytebuddy/build/Plugin$Engine$Listener$StreamWriting.class starting
/net/bytebuddy/build/Plugin$Engine$Listener$StreamWriting.class DONE
/org/bouncycastle/crypto/macs/DSTU7564Mac.class starting
/org/bouncycastle/crypto/macs/DSTU7564Mac.class DONE
/org/bouncycastle/jcajce/provider/asymmetric/ec/KeyPairGeneratorSpi.class starting
/org/bouncycastle/jcajce/provider/asymmetric/ec/KeyPairGeneratorSpi.class DONE
/net/bytebuddy/implementation/MethodCall$MethodInvoker.class starting
/net/bytebuddy/implementation/MethodCall$MethodInvoker.class DONE
/net/bytebuddy/ByteBuddy$RecordConstructorStrategy.class starting
/net/bytebuddy/ByteBuddy$RecordConstructorStrategy.class DONE
/org/bouncycastle/jcajce/provider/asymmetric/x509/X509CRLInternal.class starting
/org/bouncycastle/jcajce/provider/asymmetric/x509/X509CRLInternal.class DONE
/org/bouncycastle/jcajce/provider/asymmetric/rsa/DigestSignatureSpi$SHA3_384.class starting
/org/bouncycastle/jcajce/provider/asymmetric/rsa/DigestSignatureSpi$SHA3_384.class DONE
/com/google/common/collect/RegularImmutableMap$Values.class starting
/com/google/common/collect/RegularImmutableMap$Values.class DONE
/org/apache/lucene/index/MultiDocValues$1.class starting
/org/apache/lucene/index/MultiDocValues$1.class DONE
/net/bytebuddy/asm/MemberSubstitution$TypePoolResolver$OfImplicitPool.class starting
/net/bytebuddy/asm/MemberSubstitution$TypePoolResolver$OfImplicitPool.class DONE
/net/bytebuddy/description/type/TypeDescription$Generic$AnnotationReader$Delegator$ForLoadedTypeVariable.class starting
/net/bytebuddy/description/type/TypeDescription$Generic$AnnotationReader$Delegator$ForLoadedTypeVariable.class DONE
/org/bouncycastle/crypto/CipherKeyGenerator.class starting
/org/bouncycastle/crypto/CipherKeyGenerator.class DONE
/org/apache/lucene/codecs/lucene99/Lucene99HnswVectorsWriter$2.class starting
/org/apache/lucene/codecs/lucene99/Lucene99HnswVectorsWriter$2.class DONE
/org/bouncycastle/jcajce/provider/symmetric/DSTU7624$GCM128.class starting
/org/bouncycastle/jcajce/provider/symmetric/DSTU7624$GCM128.class DONE
/org/apache/lucene/util/AttributeImpl.class starting
/org/apache/lucene/util/AttributeImpl.class DONE
/org/apache/lucene/codecs/lucene90/Lucene90DocValuesProducer$17.class starting
/org/apache/lucene/codecs/lucene90/Lucene90DocValuesProducer$17.class DONE
/org/apache/lucene/search/comparators/NumericComparator$NumericLeafComparator.class starting
/org/apache/lucene/search/comparators/NumericComparator$NumericLeafComparator.class DONE
/org/apache/lucene/util/packed/PackedWriter.class starting
/org/apache/lucene/util/packed/PackedWriter.class DONE
/com/google/common/primitives/Shorts$ShortConverter.class starting
/com/google/common/primitives/Shorts$ShortConverter.class DONE
/org/bouncycastle/pqc/crypto/hqc/HQCKEMExtractor.class starting
/org/bouncycastle/pqc/crypto/hqc/HQCKEMExtractor.class DONE
/org/apache/lucene/codecs/hnsw/DefaultFlatVectorScorer$ByteScoringSupplier$1.class starting
/org/apache/lucene/codecs/hnsw/DefaultFlatVectorScorer$ByteScoringSupplier$1.class DONE
/net/bytebuddy/implementation/attribute/AnnotationValueFilter$Factory.class starting
/net/bytebuddy/implementation/attribute/AnnotationValueFilter$Factory.class DONE
/org/apache/lucene/analysis/tokenattributes/TermToBytesRefAttribute.class starting
/org/apache/lucene/analysis/tokenattributes/TermToBytesRefAttribute.class DONE
/org/bouncycastle/crypto/StagedAgreement.class starting
/org/bouncycastle/crypto/StagedAgreement.class DONE
/org/bouncycastle/crypto/params/NaccacheSternKeyGenerationParameters.class starting
/org/bouncycastle/crypto/params/NaccacheSternKeyGenerationParameters.class DONE
/org/apache/lucene/index/IndexWriter$DocModifier.class starting
/org/apache/lucene/index/IndexWriter$DocModifier.class DONE
/org/apache/lucene/util/bkd/OfflinePointWriter.class starting
/org/apache/lucene/util/bkd/OfflinePointWriter.class DONE
/org/apache/lucene/search/SortedNumericSortField$5.class starting
/org/apache/lucene/search/SortedNumericSortField$5.class DONE
/org/bouncycastle/jce/provider/AnnotatedException.class starting
/org/bouncycastle/jce/provider/AnnotatedException.class DONE
/org/apache/lucene/util/packed/DirectReader$DirectPackedReader32.class starting
/org/apache/lucene/util/packed/DirectReader$DirectPackedReader32.class DONE
/org/bouncycastle/jcajce/provider/symmetric/Rijndael.class starting
/org/bouncycastle/jcajce/provider/symmetric/Rijndael.class DONE
/net/bytebuddy/description/annotation/AnnotationValue$Loaded$AbstractBase$ForUnresolvedProperty.class starting
/net/bytebuddy/description/annotation/AnnotationValue$Loaded$AbstractBase$ForUnresolvedProperty.class DONE
/org/apache/lucene/util/DocIdSetBuilder$BulkAdder.class starting
/org/apache/lucene/util/DocIdSetBuilder$BulkAdder.class DONE
/org/bouncycastle/pqc/jcajce/provider/picnic/BCPicnicPublicKey.class starting
/org/bouncycastle/pqc/jcajce/provider/picnic/BCPicnicPublicKey.class DONE
/com/google/common/collect/HashMultimap.class starting
/com/google/common/collect/HashMultimap.class DONE
/org/bouncycastle/crypto/params/DHParameters.class starting
/org/bouncycastle/crypto/params/DHParameters.class DONE
/net/bytebuddy/agent/builder/AgentBuilder$InstallationListener$Compound.class starting
/net/bytebuddy/agent/builder/AgentBuilder$InstallationListener$Compound.class DONE
/net/bytebuddy/dynamic/scaffold/subclass/SubclassImplementationTarget$OriginTypeResolver$1.class starting
/net/bytebuddy/dynamic/scaffold/subclass/SubclassImplementationTarget$OriginTypeResolver$1.class DONE
/com/google/common/collect/SortedLists$KeyAbsentBehavior$2.class starting
/com/google/common/collect/SortedLists$KeyAbsentBehavior$2.class DONE
/org/bouncycastle/jcajce/provider/symmetric/Shacal2$AlgParams.class starting
/org/bouncycastle/jcajce/provider/symmetric/Shacal2$AlgParams.class DONE
/org/bouncycastle/crypto/util/DEROtherInfo$1.class starting
/org/bouncycastle/crypto/util/DEROtherInfo$1.class DONE
/net/bytebuddy/agent/builder/AgentBuilder$Default$NativeMethodStrategy$ForPrefix.class starting
/net/bytebuddy/agent/builder/AgentBuilder$Default$NativeMethodStrategy$ForPrefix.class DONE
/com/google/common/collect/Streams$DoubleFunctionWithIndex.class starting
/com/google/common/collect/Streams$DoubleFunctionWithIndex.class DONE
/org/bouncycastle/jcajce/provider/asymmetric/ecgost12/KeyAgreementSpi$ECVKO512.class starting
/org/bouncycastle/jcajce/provider/asymmetric/ecgost12/KeyAgreementSpi$ECVKO512.class DONE
/net/bytebuddy/implementation/MethodDelegation.class starting
/net/bytebuddy/implementation/MethodDelegation.class DONE
/net/bytebuddy/implementation/FieldAccessor$FieldLocation.class starting
/net/bytebuddy/implementation/FieldAccessor$FieldLocation.class DONE
/org/bouncycastle/pqc/crypto/sphincs/SPHINCS256KeyGenerationParameters.class starting
/org/bouncycastle/pqc/crypto/sphincs/SPHINCS256KeyGenerationParameters.class DONE
/org/bouncycastle/jcajce/provider/asymmetric/edec/KeyPairGeneratorSpi$X448.class starting
/org/bouncycastle/jcajce/provider/asymmetric/edec/KeyPairGeneratorSpi$X448.class DONE
/net/bytebuddy/dynamic/loading/PackageDefinitionStrategy$ManifestReading.class starting
/net/bytebuddy/dynamic/loading/PackageDefinitionStrategy$ManifestReading.class DONE
/org/bouncycastle/asn1/LazyEncodedSequence.class starting
/org/bouncycastle/asn1/LazyEncodedSequence.class DONE
/net/bytebuddy/description/annotation/AnnotationDescription.class starting
/net/bytebuddy/description/annotation/AnnotationDescription.class DONE
/org/bouncycastle/crypto/ec/ECDecryptor.class starting
/org/bouncycastle/crypto/ec/ECDecryptor.class DONE
/org/bouncycastle/asn1/BEROctetStringParser.class starting
/org/bouncycastle/asn1/BEROctetStringParser.class DONE
/net/bytebuddy/dynamic/scaffold/TypeWriter$Default$ClassDumpAction$Dispatcher$Enabled.class starting
/net/bytebuddy/dynamic/scaffold/TypeWriter$Default$ClassDumpAction$Dispatcher$Enabled.class DONE
/org/bouncycastle/pqc/jcajce/interfaces/NHPublicKey.class starting
/org/bouncycastle/pqc/jcajce/interfaces/NHPublicKey.class DONE
/com/google/common/collect/JdkBackedImmutableMap.class starting
/com/google/common/collect/JdkBackedImmutableMap.class DONE
/com/google/common/collect/MapMakerInternalMap$EntrySet.class starting
/com/google/common/collect/MapMakerInternalMap$EntrySet.class DONE
/org/bouncycastle/math/ec/ECCurve$Config.class starting
/org/bouncycastle/math/ec/ECCurve$Config.class DONE
/org/apache/lucene/util/mutable/MutableValueDate.class starting
/org/apache/lucene/util/mutable/MutableValueDate.class DONE
/com/google/common/collect/TransformedListIterator.class starting
/com/google/common/collect/TransformedListIterator.class DONE
/com/google/common/base/Utf8.class starting
/com/google/common/base/Utf8.class DONE
/org/bouncycastle/crypto/digests/AsconXof$1.class starting
/org/bouncycastle/crypto/digests/AsconXof$1.class DONE
/org/apache/lucene/analysis/CharArrayMap.class starting
/org/apache/lucene/analysis/CharArrayMap.class DONE
/net/bytebuddy/description/method/MethodList$Explicit.class starting
/net/bytebuddy/description/method/MethodList$Explicit.class DONE
/org/apache/lucene/search/NamedMatches$NamedQuery.class starting
/org/apache/lucene/search/NamedMatches$NamedQuery.class DONE
/net/bytebuddy/matcher/TypeSortMatcher.class starting
/net/bytebuddy/matcher/TypeSortMatcher.class DONE
/net/bytebuddy/description/type/TypeDescription$Latent.class starting
/net/bytebuddy/description/type/TypeDescription$Latent.class DONE
/net/bytebuddy/utility/FileSystem$ForNio2CapableVm$StandardCopyOption.class starting
/net/bytebuddy/utility/FileSystem$ForNio2CapableVm$StandardCopyOption.class DONE
/org/bouncycastle/crypto/engines/GOST3412_2015Engine.class starting
/org/bouncycastle/crypto/engines/GOST3412_2015Engine.class DONE
/org/bouncycastle/math/ec/custom/sec/SecT239K1Curve.class starting
/org/bouncycastle/math/ec/custom/sec/SecT239K1Curve.class DONE
/org/apache/lucene/index/PointValues$IntersectVisitor.class starting
/org/apache/lucene/index/PointValues$IntersectVisitor.class DONE
/net/bytebuddy/implementation/InvokeDynamic$WithImplicitArguments.class starting
/net/bytebuddy/implementation/InvokeDynamic$WithImplicitArguments.class DONE
/org/bouncycastle/pqc/jcajce/provider/mceliece/BCMcEliecePrivateKey.class starting
/org/bouncycastle/pqc/jcajce/provider/mceliece/BCMcEliecePrivateKey.class DONE
/com/google/common/util/concurrent/ForwardingCheckedFuture$SimpleForwardingCheckedFuture.class starting
/com/google/common/util/concurrent/ForwardingCheckedFuture$SimpleForwardingCheckedFuture.class DONE
/org/bouncycastle/util/encoders/HexTranslator.class starting
/org/bouncycastle/util/encoders/HexTranslator.class DONE
/com/google/common/collect/ForwardingConcurrentMap.class starting
/com/google/common/collect/ForwardingConcurrentMap.class DONE
/org/bouncycastle/jcajce/provider/keystore/pkcs12/PKCS12KeyStoreSpi$1.class starting
/org/bouncycastle/jcajce/provider/keystore/pkcs12/PKCS12KeyStoreSpi$1.class DONE
/org/bouncycastle/jcajce/provider/asymmetric/compositesignatures/KeyPairGeneratorSpi$MLDSA65_ECDSA_brainpoolP256r1_SHA512.class starting
/org/bouncycastle/jcajce/provider/asymmetric/compositesignatures/KeyPairGeneratorSpi$MLDSA65_ECDSA_brainpoolP256r1_SHA512.class DONE
/com/google/common/reflect/TypeToken$Bounds.class starting
/com/google/common/reflect/TypeToken$Bounds.class DONE
/org/apache/lucene/store/IndexInput$1.class starting
/org/apache/lucene/store/IndexInput$1.class DONE
/net/bytebuddy/dynamic/loading/ClassInjector$UsingReflection$Dispatcher$Initializable.class starting
/net/bytebuddy/dynamic/loading/ClassInjector$UsingReflection$Dispatcher$Initializable.class DONE
/org/apache/lucene/util/ModuleResourceLoader.class starting
/org/apache/lucene/util/ModuleResourceLoader.class DONE
/org/bouncycastle/pqc/jcajce/provider/falcon/SignatureSpi$Base.class starting
/org/bouncycastle/pqc/jcajce/provider/falcon/SignatureSpi$Base.class DONE
/org/apache/lucene/index/FreqProxFields$FreqProxTermsEnum$1.class starting
/org/apache/lucene/index/FreqProxFields$FreqProxTermsEnum$1.class DONE
/org/bouncycastle/jcajce/provider/digest/Whirlpool$KeyGenerator.class starting
/org/bouncycastle/jcajce/provider/digest/Whirlpool$KeyGenerator.class DONE
/net/bytebuddy/implementation/HashCodeMethod$ValueTransformer$7.class starting
/net/bytebuddy/implementation/HashCodeMethod$ValueTransformer$7.class DONE
/com/google/common/collect/MultimapBuilder$2.class starting
/com/google/common/collect/MultimapBuilder$2.class DONE
/com/google/common/base/Platform.class starting
/com/google/common/base/Platform.class DONE
/org/bouncycastle/jcajce/provider/asymmetric/rsa/PSSSignatureSpi$SHA512withRSA.class starting
/org/bouncycastle/jcajce/provider/asymmetric/rsa/PSSSignatureSpi$SHA512withRSA.class DONE
/com/google/common/net/HttpHeaders.class starting
/com/google/common/net/HttpHeaders.class DONE
/org/bouncycastle/pqc/crypto/falcon/FalconSmallPrime.class starting
/org/bouncycastle/pqc/crypto/falcon/FalconSmallPrime.class DONE
/net/bytebuddy/implementation/bind/annotation/Morph$Binder$RedirectionProxy$InstanceFieldConstructor$Appender.class starting
/net/bytebuddy/implementation/bind/annotation/Morph$Binder$RedirectionProxy$InstanceFieldConstructor$Appender.class DONE
/net/bytebuddy/implementation/InvocationHandlerAdapter.class starting
/net/bytebuddy/implementation/InvocationHandlerAdapter.class DONE
/org/bouncycastle/crypto/modes/NISTCTSBlockCipher.class starting
/org/bouncycastle/crypto/modes/NISTCTSBlockCipher.class DONE
/org/bouncycastle/jcajce/provider/digest/Skein$HMacKeyGenerator_512_384.class starting
/org/bouncycastle/jcajce/provider/digest/Skein$HMacKeyGenerator_512_384.class DONE
/org/bouncycastle/pqc/legacy/crypto/mceliece/McEliecePrivateKeyParameters.class starting
/org/bouncycastle/pqc/legacy/crypto/mceliece/McEliecePrivateKeyParameters.class DONE
/org/bouncycastle/x509/X509CRLStoreSelector.class starting
/org/bouncycastle/x509/X509CRLStoreSelector.class DONE
/org/apache/lucene/util/fst/Util$FSTPath.class starting
/org/apache/lucene/util/fst/Util$FSTPath.class DONE
/org/apache/lucene/search/LongValuesSource$LongValuesComparatorSource.class starting
/org/apache/lucene/search/LongValuesSource$LongValuesComparatorSource.class DONE
/net/bytebuddy/description/type/TypeDescription$Generic$OfParameterizedType$Latent.class starting
/net/bytebuddy/description/type/TypeDescription$Generic$OfParameterizedType$Latent.class DONE
/org/bouncycastle/pqc/crypto/util/PublicKeyFactory$LMSConverter.class starting
/org/bouncycastle/pqc/crypto/util/PublicKeyFactory$LMSConverter.class DONE
/org/bouncycastle/crypto/util/SSHNamedCurves$3.class starting
/org/bouncycastle/crypto/util/SSHNamedCurves$3.class DONE
/com/google/common/io/LineProcessor.class starting
/com/google/common/io/LineProcessor.class DONE
/org/bouncycastle/pqc/legacy/math/linearalgebra/GF2Matrix.class starting
/org/bouncycastle/pqc/legacy/math/linearalgebra/GF2Matrix.class DONE
/com/google/common/cache/LongAddables.class starting
/com/google/common/cache/LongAddables.class DONE
/org/bouncycastle/jcajce/provider/symmetric/CAST5$CBC.class starting
/org/bouncycastle/jcajce/provider/symmetric/CAST5$CBC.class DONE
/org/bouncycastle/jcajce/provider/symmetric/HC128$KeyGen.class starting
/org/bouncycastle/jcajce/provider/symmetric/HC128$KeyGen.class DONE
/org/bouncycastle/pqc/crypto/xmss/XMSSMTPrivateKeyParameters$Builder.class starting
/org/bouncycastle/pqc/crypto/xmss/XMSSMTPrivateKeyParameters$Builder.class DONE
/org/bouncycastle/jcajce/provider/asymmetric/ec/KeyAgreementSpi$DHUwithSHA224KDF.class starting
/org/bouncycastle/jcajce/provider/asymmetric/ec/KeyAgreementSpi$DHUwithSHA224KDF.class DONE
/org/apache/lucene/document/FloatPoint$2.class starting
/org/apache/lucene/document/FloatPoint$2.class DONE
/org/apache/lucene/index/SortedNumericDocValuesWriter.class starting
/org/apache/lucene/index/SortedNumericDocValuesWriter.class DONE
/org/bouncycastle/pqc/math/ntru/parameters/NTRUHPS2048509.class starting
/org/bouncycastle/pqc/math/ntru/parameters/NTRUHPS2048509.class DONE
/net/bytebuddy/implementation/bytecode/ByteCodeAppender$Compound.class starting
/net/bytebuddy/implementation/bytecode/ByteCodeAppender$Compound.class DONE
/com/google/common/collect/Maps$AsMapView$1EntrySetImpl.class starting
/com/google/common/collect/Maps$AsMapView$1EntrySetImpl.class DONE
/org/apache/lucene/search/TopDocsCollector.class starting
/org/apache/lucene/search/TopDocsCollector.class DONE
/net/bytebuddy/asm/Advice$Dispatcher$Resolved$AbstractBase.class starting
/net/bytebuddy/asm/Advice$Dispatcher$Resolved$AbstractBase.class DONE
/org/bouncycastle/jcajce/provider/asymmetric/ec/BCECPrivateKey.class starting
/org/bouncycastle/jcajce/provider/asymmetric/ec/BCECPrivateKey.class DONE
/org/bouncycastle/math/ec/custom/sec/SecP384R1FieldElement.class starting
/org/bouncycastle/math/ec/custom/sec/SecP384R1FieldElement.class DONE
/org/bouncycastle/crypto/engines/SparkleEngine$1.class starting
/org/bouncycastle/crypto/engines/SparkleEngine$1.class DONE
/org/bouncycastle/asn1/sec/SECNamedCurves$17.class starting
/org/bouncycastle/asn1/sec/SECNamedCurves$17.class DONE
/com/google/common/collect/AbstractMapBasedMultiset$2$1.class starting
/com/google/common/collect/AbstractMapBasedMultiset$2$1.class DONE
/net/bytebuddy/asm/Advice$OffsetMapping.class starting
/net/bytebuddy/asm/Advice$OffsetMapping.class DONE
/org/bouncycastle/asn1/ASN1ObjectDescriptor$1.class starting
/org/bouncycastle/asn1/ASN1ObjectDescriptor$1.class DONE
/net/bytebuddy/implementation/bind/annotation/AllArguments.class starting
/net/bytebuddy/implementation/bind/annotation/AllArguments.class DONE
/com/google/common/cache/LocalCache$EntryFactory$2.class starting
/com/google/common/cache/LocalCache$EntryFactory$2.class DONE
/org/apache/lucene/search/ImpactsDISI.class starting
/org/apache/lucene/search/ImpactsDISI.class DONE
/net/bytebuddy/build/EntryPoint$Default.class starting
/net/bytebuddy/build/EntryPoint$Default.class DONE
/org/apache/lucene/search/similarities/MultiSimilarity.class starting
/org/apache/lucene/search/similarities/MultiSimilarity.class DONE
/org/apache/lucene/document/LatLonPointDistanceQuery.class starting
/org/apache/lucene/document/LatLonPointDistanceQuery.class DONE
/com/google/common/util/concurrent/AbstractFuture$Listener.class starting
/com/google/common/util/concurrent/AbstractFuture$Listener.class DONE
/net/bytebuddy/dynamic/VisibilityBridgeStrategy$Default$2.class starting
/net/bytebuddy/dynamic/VisibilityBridgeStrategy$Default$2.class DONE
/org/apache/lucene/index/TermVectorsConsumerPerField$TermVectorsPostingsArray.class starting
/org/apache/lucene/index/TermVectorsConsumerPerField$TermVectorsPostingsArray.class DONE
/org/apache/lucene/internal/hppc/LongIntHashMap$LongIntCursor.class starting
/org/apache/lucene/internal/hppc/LongIntHashMap$LongIntCursor.class DONE
/org/apache/lucene/codecs/lucene90/Lucene90PointsFormat.class starting
/org/apache/lucene/codecs/lucene90/Lucene90PointsFormat.class DONE
/org/apache/lucene/util/automaton/MinimizationOperations$IntPair.class starting
/org/apache/lucene/util/automaton/MinimizationOperations$IntPair.class DONE
/com/google/common/hash/Hashing.class starting
/com/google/common/hash/Hashing.class DONE
/org/bouncycastle/jcajce/spec/SkeinParameterSpec.class starting
/org/bouncycastle/jcajce/spec/SkeinParameterSpec.class DONE
/net/bytebuddy/agent/builder/AgentBuilder$RedefinitionStrategy$Listener$Adapter.class starting
/net/bytebuddy/agent/builder/AgentBuilder$RedefinitionStrategy$Listener$Adapter.class DONE
/net/bytebuddy/jar/asm/RecordComponentWriter.class starting
/net/bytebuddy/jar/asm/RecordComponentWriter.class DONE
/com/google/common/collect/Multisets$4.class starting
/com/google/common/collect/Multisets$4.class DONE
/org/apache/lucene/index/BaseTermsEnum$1.class starting
/org/apache/lucene/index/BaseTermsEnum$1.class DONE
/net/bytebuddy/utility/dispatcher/JavaDispatcher$Dispatcher.class starting
/net/bytebuddy/utility/dispatcher/JavaDispatcher$Dispatcher.class DONE
/org/bouncycastle/asn1/ocsp/OCSPRequest.class starting
/org/bouncycastle/asn1/ocsp/OCSPRequest.class DONE
/org/apache/lucene/codecs/KnnVectorsWriter$ByteVectorValuesSub.class starting
/org/apache/lucene/codecs/KnnVectorsWriter$ByteVectorValuesSub.class DONE
/net/bytebuddy/asm/ClassVisitorFactory$FrameTranslator.class starting
/net/bytebuddy/asm/ClassVisitorFactory$FrameTranslator.class DONE
/com/google/common/collect/TreeTraverser.class starting
/com/google/common/collect/TreeTraverser.class DONE
/org/bouncycastle/jcajce/provider/asymmetric/CompositeSignatures.class starting
/org/bouncycastle/jcajce/provider/asymmetric/CompositeSignatures.class DONE
/org/bouncycastle/jcajce/BCFKSLoadStoreParameter$SignatureAlgorithm.class starting
/org/bouncycastle/jcajce/BCFKSLoadStoreParameter$SignatureAlgorithm.class DONE
/com/google/common/graph/AbstractBaseGraph$1.class starting
/com/google/common/graph/AbstractBaseGraph$1.class DONE
/net/bytebuddy/implementation/bytecode/member/FieldAccess$AccessDispatcher$FieldPutInstruction.class starting
/net/bytebuddy/implementation/bytecode/member/FieldAccess$AccessDispatcher$FieldPutInstruction.class DONE
/org/apache/lucene/index/ConcurrentMergeScheduler.class starting
/org/apache/lucene/index/ConcurrentMergeScheduler.class DONE
/org/bouncycastle/pqc/asn1/PQCObjectIdentifiers.class starting
/org/bouncycastle/pqc/asn1/PQCObjectIdentifiers.class DONE
/org/bouncycastle/jcajce/provider/digest/SHA3$Mappings.class starting
/org/bouncycastle/jcajce/provider/digest/SHA3$Mappings.class DONE
/com/google/common/collect/CollectSpliterators.class starting
/com/google/common/collect/CollectSpliterators.class DONE
/net/bytebuddy/agent/builder/AgentBuilder$PoolStrategy$Default.class starting
/net/bytebuddy/agent/builder/AgentBuilder$PoolStrategy$Default.class DONE
/net/bytebuddy/asm/Advice$AssignReturned$ToReturned$Handler.class starting
/net/bytebuddy/asm/Advice$AssignReturned$ToReturned$Handler.class DONE
/org/bouncycastle/jce/provider/RFC3280CertPathUtilities.class DONE
/org/apache/lucene/document/XYShapeDocValues.class starting
/org/apache/lucene/document/XYShapeDocValues.class DONE
/org/bouncycastle/math/ec/custom/gm/SM2P256V1FieldElement.class starting
/org/bouncycastle/jcajce/provider/asymmetric/rsa/PSSSignatureSpi$SHA512withRSA.class starting
/org/bouncycastle/jcajce/provider/asymmetric/rsa/PSSSignatureSpi$SHA512withRSA.class DONE
/org/bouncycastle/pqc/crypto/xmss/XMSSMTPrivateKeyParameters$Builder.class starting
/org/apache/lucene/codecs/lucene90/Lucene90PointsFormat.class starting
/org/bouncycastle/jce/provider/RFC3280CertPathUtilities.class starting
/org/bouncycastle/math/ec/custom/sec/SecP384R1FieldElement.class starting
/org/apache/lucene/document/XYShapeDocValues.class starting
/org/apache/lucene/document/LatLonPointDistanceQuery.class starting
/org/bouncycastle/math/ec/custom/sec/SecP384R1FieldElement.class DONE
/org/apache/lucene/document/LatLonPointDistanceQuery.class DONE
/org/bouncycastle/math/ec/custom/gm/SM2P256V1FieldElement.class DONE
/org/bouncycastle/jce/provider/RFC3280CertPathUtilities.class DONE
/org/apache/lucene/codecs/lucene90/Lucene90PointsFormat.class DONE
/org/apache/lucene/document/XYShapeDocValues.class DONE
/org/bouncycastle/pqc/crypto/xmss/XMSSMTPrivateKeyParameters$Builder.class DONE
Could not read file /com/google/common/collect/DenseImmutableTable.class
Could not read file /org/apache/lucene/document/ShapeDocValues.class
Could not read file /org/apache/lucene/index/MergeRateLimiter.class
*****
{
  "olly": {
    "version": 2,
    "wall_time": 154.07,
    "cpu_time": 1992.62,
    "gc_time": 157.1,
    "gc_overhead": 7.88,
    "max_rss_kb": 3511460,
    "domain_stats": {
      "0": {
        "wall_time": 154.07,
        "gc_time": 1.8,
        "gc_overhead": 1.17
      },
      "1": {
        "wall_time": 153.24,
        "gc_time": 12.7,
        "gc_overhead": 8.29
      },
      "2": {
        "wall_time": 153.37,
        "gc_time": 11.77,
        "gc_overhead": 7.68
      },
      "3": {
        "wall_time": 153.33,
        "gc_time": 17.23,
        "gc_overhead": 11.24
      },
      "4": {
        "wall_time": 153.21,
        "gc_time": 10.79,
        "gc_overhead": 7.04
      },
      "5": {
        "wall_time": 153.24,
        "gc_time": 11.16,
        "gc_overhead": 7.28
      },
      "6": {
        "wall_time": 153.09,
        "gc_time": 11.13,
        "gc_overhead": 7.27
      },
      "7": {
        "wall_time": 153.29,
        "gc_time": 11.57,
        "gc_overhead": 7.55
      },
      "8": {
        "wall_time": 153.41,
        "gc_time": 19.88,
        "gc_overhead": 12.96
      },
      "9": {
        "wall_time": 153.01,
        "gc_time": 10.29,
        "gc_overhead": 6.73
      },
      "10": {
        "wall_time": 153.36,
        "gc_time": 14.98,
        "gc_overhead": 9.77
      },
      "11": {
        "wall_time": 153.02,
        "gc_time": 12.71,
        "gc_overhead": 8.31
      },
      "12": {
        "wall_time": 152.99,
        "gc_time": 11.08,
        "gc_overhead": 7.24
      }
    },
    "mean_latency": 5.259161,
    "stddev_latency": 9.47274,
    "min_latency": 0.0,
    "max_latency": 122.159103,
    "distr_latency": {
      "25.0000": 0.001119,
      "50.0000": 0.002151,
      "60.0000": 0.010823,
      "70.0000": 3.735551,
      "75.0000": 7.950335,
      "80.0000": 12.812287,
      "85.0000": 16.220159,
      "90.0000": 19.660799,
      "95.0000": 24.477695,
      "96.0000": 25.968639,
      "97.0000": 27.705343,
      "98.0000": 30.490623,
      "99.0000": 36.044799,
      "99.9000": 71.368703,
      "99.9900": 117.178367,
      "99.9990": 122.159103,
      "99.9999": 122.159103,
      "100.0000": 122.159103
    },
    "outliers": {
      "count": 0,
      "mean_latency": 0.0,
      "max_latency": 0.0
    },
    "allocations": {
      "total_heap": 53891888973,
      "minor_heap": 54097614881,
      "major_heap": 437093676,
      "promoted_words": 642819584,
      "promoted_pct": 1.19
    },
    "domain_alloc_stats": {
      "0": {
        "total": 31348430,
        "minor": 13018968,
        "promoted": 8067953,
        "major": 26397415,
        "promoted_pct": 61.97
      },
      "1": {
        "total": 3599677541,
        "minor": 3615744356,
        "promoted": 43072543,
        "major": 27005728,
        "promoted_pct": 1.19
      },
      "2": {
        "total": 3060305346,
        "minor": 3077360109,
        "promoted": 48230797,
        "major": 31176034,
        "promoted_pct": 1.57
      },
      "3": {
        "total": 6338452406,
        "minor": 6360317865,
        "promoted": 72944065,
        "major": 51078606,
        "promoted_pct": 1.15
      },
      "4": {
        "total": 2835922614,
        "minor": 2848780857,
        "promoted": 42220912,
        "major": 29362669,
        "promoted_pct": 1.48
      },
      "5": {
        "total": 2877720153,
        "minor": 2891714583,
        "promoted": 42085562,
        "major": 28091132,
        "promoted_pct": 1.46
      },
      "6": {
        "total": 2734223315,
        "minor": 2742546020,
        "promoted": 39793269,
        "major": 31470564,
        "promoted_pct": 1.45
      },
      "7": {
        "total": 3055649776,
        "minor": 3076185908,
        "promoted": 51066383,
        "major": 30530251,
        "promoted_pct": 1.66
      },
      "8": {
        "total": 10418629091,
        "minor": 10466300312,
        "promoted": 99394415,
        "major": 51723194,
        "promoted_pct": 0.95
      },
      "9": {
        "total": 2844930325,
        "minor": 2859259462,
        "promoted": 43470032,
        "major": 29140895,
        "promoted_pct": 1.52
      },
      "10": {
        "total": 9020145597,
        "minor": 9033860124,
        "promoted": 47574173,
        "major": 33859646,
        "promoted_pct": 0.53
      },
      "11": {
        "total": 4213859507,
        "minor": 4233898556,
        "promoted": 61466906,
        "major": 41427857,
        "promoted_pct": 1.45
      },
      "12": {
        "total": 2861024872,
        "minor": 2878627761,
        "promoted": 43432574,
        "major": 25829685,
        "promoted_pct": 1.51
      }
    },
    "collections": {
      "minor": 1465,
      "major": 43,
      "forced_major": 0,
      "compactions": 0
    },
    "stats_reliable": true
  },
  "perf": [
    {
      "counter-value": "302358.021818",
      "unit": "msec",
      "event": "task-clock",
      "event-runtime": 302358021818,
      "pcnt-running": 100.0,
      "metric-value": "1.948385",
      "metric-unit": "CPUs utilized"
    },
    {
      "counter-value": "856910.000000",
      "unit": "",
      "event": "page-faults",
      "event-runtime": 302358017887,
      "pcnt-running": 100.0,
      "metric-value": "2.834091",
      "metric-unit": "K/sec"
    },
    {
      "counter-value": "995288864826.000000",
      "unit": "",
      "event": "cycles",
      "event-runtime": 302358015716,
      "pcnt-running": 100.0,
      "metric-value": "3.291756",
      "metric-unit": "GHz"
    },
    {
      "counter-value": "1169438857754.000000",
      "unit": "",
      "event": "instructions",
      "event-runtime": 302358009571,
      "pcnt-running": 100.0,
      "metric-value": "1.174974",
      "metric-unit": "insn per cycle"
    }
  ]
}
-----
mkdir -p PLOTTY_WORKAROUND; timedrun; OCAMLRUNPARAM="s=524288,o=40,e=18,d=128" /home/udesou/.bench-agent/git/macro-benches/benchmarks/infer/infer_default-ocaml-5.5.0-f523850
running-ng v0.3.8
Wed Sep  9 11:46:32 AM UTC 2026

 11:46:32 up 2 days, 11:40,  2 users,  load average: 6.42, 8.30, 8.47
USER     TTY      FROM             LOGIN@   IDLE   JCPU   PCPU  WHAT

procs -----------memory---------- ---swap-- -----io---- -system-- -------cpu-------
 r  b   swpd   free   buff  cache   si   so    bi    bo   in   cs us sy id wa st gu
 0  1      0 42583876 4112564 18130440    0    0    41   676 2152    3 13  0 76 11  0  0
 0  1      0 42585996 4112564 18130228    0    0     0     0 1755 3046  0  0 88 12  0  0

top - 11:46:33 up 2 days, 11:40,  2 users,  load average: 6.42, 8.30, 8.47
Tasks: 277 total,   1 running, 276 sleeping,   0 stopped,   0 zombie
%Cpu(s):  0.0 us,  0.0 sy,  0.0 ni, 88.2 id, 11.8 wa,  0.0 hi,  0.0 si,  0.0 st 
MiB Mem :  64272.5 total,  41587.9 free,   1687.0 used,  21721.5 buff/cache     
MiB Swap:   8192.0 total,   8192.0 free,      0.0 used.  62585.5 avail Mem 

    PID USER      PR  NI    VIRT    RES    SHR S  %CPU  %MEM     TIME+ COMMAND
 238690 udesou    20   0   11908   5712   3560 R   9.1   0.0   0:00.01 top -bcn 1 -w512
      1 root      20   0   22748  14152   9580 S   0.0   0.0   1:37.30 /sbin/init
      2 root      20   0       0      0      0 S   0.0   0.0   0:00.03 [kthreadd]
      3 root      20   0       0      0      0 S   0.0   0.0   0:00.00 [pool_workqueue_release]
      4 root       0 -20       0      0      0 I   0.0   0.0   0:00.00 [kworker/R-rcu_g]

Environment variables: 
	CONFIG_FILE=/home/udesou/.bench-agent/work/run-20260907-001-e1/run-20260907-001.yml
	HOME=/home/udesou
	LANG=en_US.UTF-8
	LOGNAME=udesou
	LOG_DIR=/home/udesou/.bench-agent/logs
	OLLY_DIR=/home/udesou/.bench-agent/git/olly
	PATH=/usr/local/bin:/home/udesou/.bench-agent/git/olly/_build/install/default/bin:/home/udesou/ocaml-bench-service/_opam/bin:/home/udesou/.vscode-server/data/User/globalStorage/github.copilot-chat/debugCommand:/home/udesou/.vscode-server/data/User/globalStorage/github.copilot-chat/copilotCli:/home/udesou/.vscode-server/cli/servers/Stable-08d4889f9ec4a1685d257b9b95de036c8e1ce1e5/server/bin/remote-cli:/home/udesou/.opam/running-ng-ocaml-5.5.0-f523850-fp-flambda/bin:/home/udesou/.local/bin:/home/udesou/.opam/running-ng-ocaml-5.5.0-f523850-fp-flambda/bin:/home/udesou/.local/bin:/usr/local/sbin:/usr/local/bin:/usr/sbin:/usr/bin:/sbin:/bin:/usr/games:/usr/local/games:/snap/bin
	PWD=/home/udesou/ocaml-bench-service
	PYTHONPATH=/home/udesou/.bench-agent/git/running-ng/src
	RUNNING_BENCH_DIR=/home/udesou/.bench-agent/git/macro-benches
	RUNNING_MACRO_BENCH_DIR=/home/udesou/.bench-agent/git/macro-benches
	RUNNING_NG_PACKAGE_DATA=/home/udesou/.bench-agent/git/running-ng/src/running/config
	RUNNING_REUSE_SWITCHES=1
	RUNNING_TAG=default_run,large_run
	SHELL=/bin/bash
	SHLVL=1
	TERM=screen.xterm-256color
	USER=udesou
	_=/usr/bin/python3
OS: Linux obelisk 6.8.0-139-generic #139-Ubuntu SMP PREEMPT_DYNAMIC Sat Aug  1 03:52:05 UTC 2026 x86_64 x86_64 x86_64 GNU/Linux
CPU: model name	: Intel(R) Xeon(R) CPU E5-2667 v2 @ 3.30GHz
number of cores: 8
Frequency of cpu 0: 3.30 GHz
Governor of cpu 0: performance
Scaling_min_freq of cpu 0: 1.20 GHz
Frequency of cpu 2: 3.30 GHz
Governor of cpu 2: performance
Scaling_min_freq of cpu 2: 1.20 GHz
Frequency of cpu 4: 3.30 GHz
Governor of cpu 4: performance
Scaling_min_freq of cpu 4: 1.20 GHz
Frequency of cpu 6: 3.30 GHz
Governor of cpu 6: performance
Scaling_min_freq of cpu 6: 1.20 GHz
WARNING: Failed to resolve file /com/google/common/annotations/Beta.class with "No such file or directory" 

WARNING: Failed to resolve file /com/google/common/base/Converter$IdentityConverter.class with "No such file or directory" 

WARNING: Failed to resolve file /com/google/common/base/Platform.class with "No such file or directory" 

WARNING: Failed to resolve file /com/google/common/base/Utf8.class with "No such file or directory" 

WARNING: Failed to resolve file /com/google/common/cache/LocalCache$EntryFactory$2.class with "No such file or directory" 

WARNING: Failed to resolve file /com/google/common/cache/LongAddables.class with "No such file or directory" 

WARNING: Failed to resolve file /com/google/common/collect/AbstractMapBasedMultiset$2$1.class with "No such file or directory" 

WARNING: Failed to resolve file /com/google/common/collect/CollectSpliterators.class with "No such file or directory" 

WARNING: Failed to resolve file /com/google/common/collect/DenseImmutableTable.class with "No such file or directory" 

WARNING: Failed to resolve file /com/google/common/collect/ForwardingConcurrentMap.class with "No such file or directory" 

WARNING: Failed to resolve file /com/google/common/collect/HashMultimap.class with "No such file or directory" 

WARNING: Failed to resolve file /com/google/common/collect/ImmutableMultimap$Builder.class with "No such file or directory" 

WARNING: Failed to resolve file /com/google/common/collect/ImmutableSortedSet$1.class with "No such file or directory" 

WARNING: Failed to resolve file /com/google/common/collect/JdkBackedImmutableMap.class with "No such file or directory" 

WARNING: Failed to resolve file /com/google/common/collect/MapMakerInternalMap$EntrySet.class with "No such file or directory" 

WARNING: Failed to resolve file /com/google/common/collect/Maps$AsMapView$1EntrySetImpl.class with "No such file or directory" 

WARNING: Failed to resolve file /com/google/common/collect/MultimapBuilder$2.class with "No such file or directory" 

WARNING: Failed to resolve file /com/google/common/collect/Multisets$4.class with "No such file or directory" 

WARNING: Failed to resolve file /com/google/common/collect/RegularImmutableMap$Values.class with "No such file or directory" 

WARNING: Failed to resolve file /com/google/common/collect/SortedLists$KeyAbsentBehavior$2.class with "No such file or directory" 

WARNING: Failed to resolve file /com/google/common/collect/Streams$DoubleFunctionWithIndex.class with "No such file or directory" 

WARNING: Failed to resolve file /com/google/common/collect/TransformedListIterator.class with "No such file or directory" 

WARNING: Failed to resolve file /com/google/common/collect/TreeTraverser.class with "No such file or directory" 

WARNING: Failed to resolve file /com/google/common/graph/AbstractBaseGraph$1.class with "No such file or directory" 

WARNING: Failed to resolve file /com/google/common/graph/GraphBuilder.class with "No such file or directory" 

WARNING: Failed to resolve file /com/google/common/graph/ValueGraph.class with "No such file or directory" 

WARNING: Failed to resolve file /com/google/common/hash/Hashing.class with "No such file or directory" 

WARNING: Failed to resolve file /com/google/common/io/BaseEncoding.class with "No such file or directory" 

WARNING: Failed to resolve file /com/google/common/io/LineProcessor.class with "No such file or directory" 

WARNING: Failed to resolve file /com/google/common/net/HttpHeaders.class with "No such file or directory" 

WARNING: Failed to resolve file /com/google/common/primitives/Shorts$ShortConverter.class with "No such file or directory" 

WARNING: Failed to resolve file /com/google/common/reflect/TypeToken$Bounds.class with "No such file or directory" 

WARNING: Failed to resolve file /com/google/common/util/concurrent/AbstractFuture$Listener.class with "No such file or directory" 

WARNING: Failed to resolve file /com/google/common/util/concurrent/AggregateFutureState.class with "No such file or directory" 

WARNING: Failed to resolve file /com/google/common/util/concurrent/ForwardingCheckedFuture$SimpleForwardingCheckedFuture.class with "No such file or directory" 

WARNING: Failed to resolve file /com/google/common/util/concurrent/Monitor$Guard.class with "No such file or directory" 

WARNING: Failed to resolve file /com/google/common/util/concurrent/SimpleTimeLimiter$1.class with "No such file or directory" 

WARNING: Failed to resolve file /net/bytebuddy/ByteBuddy$RecordConstructorStrategy.class with "No such file or directory" 

WARNING: Failed to resolve file /net/bytebuddy/agent/builder/AgentBuilder$Default$NativeMethodStrategy$ForPrefix.class with "No such file or directory" 

WARNING: Failed to resolve file /net/bytebuddy/agent/builder/AgentBuilder$InstallationListener$Compound.class with "No such file or directory" 

WARNING: Failed to resolve file /net/bytebuddy/agent/builder/AgentBuilder$PoolStrategy$Default.class with "No such file or directory" 

WARNING: Failed to resolve file /net/bytebuddy/agent/builder/AgentBuilder$RedefinitionStrategy$Listener$Adapter.class with "No such file or directory" 

WARNING: Failed to resolve file /net/bytebuddy/agent/builder/package-info.class with "No such file or directory" 

WARNING: Failed to resolve file /net/bytebuddy/asm/Advice$AssignReturned$ToReturned$Handler.class with "No such file or directory" 

WARNING: Failed to resolve file /net/bytebuddy/asm/Advice$Dispatcher$Resolved$AbstractBase.class with "No such file or directory" 

WARNING: Failed to resolve file /net/bytebuddy/asm/Advice$OffsetMapping$ForInstrumentedMethod$2.class with "No such file or directory" 

WARNING: Failed to resolve file /net/bytebuddy/asm/Advice$OffsetMapping.class with "No such file or directory" 

WARNING: Failed to resolve file /net/bytebuddy/asm/ClassVisitorFactory$FrameTranslator.class with "No such file or directory" 

WARNING: Failed to resolve file /net/bytebuddy/asm/MemberSubstitution$TypePoolResolver$OfImplicitPool.class with "No such file or directory" 

WARNING: Failed to resolve file /net/bytebuddy/build/EntryPoint$Default.class with "No such file or directory" 

WARNING: Failed to resolve file /net/bytebuddy/build/Plugin$Engine$Listener$StreamWriting.class with "No such file or directory" 

WARNING: Failed to resolve file /net/bytebuddy/build/Plugin$Factory$UsingReflection$Instantiator$Unresolved.class with "No such file or directory" 

WARNING: Failed to resolve file /net/bytebuddy/description/annotation/AnnotationDescription.class with "No such file or directory" 

WARNING: Failed to resolve file /net/bytebuddy/description/annotation/AnnotationValue$Loaded$AbstractBase$ForUnresolvedProperty.class with "No such file or directory" 

WARNING: Failed to resolve file /net/bytebuddy/description/method/MethodList$Explicit.class with "No such file or directory" 

WARNING: Failed to resolve file /net/bytebuddy/description/modifier/SynchronizationState.class with "No such file or directory" 

WARNING: Failed to resolve file /net/bytebuddy/description/type/TypeDescription$Generic$AnnotationReader$Delegator$ForLoadedTypeVariable.class with "No such file or directory" 

WARNING: Failed to resolve file /net/bytebuddy/description/type/TypeDescription$Generic$OfParameterizedType$Latent.class with "No such file or directory" 

WARNING: Failed to resolve file /net/bytebuddy/description/type/TypeDescription$Latent.class with "No such file or directory" 

WARNING: Failed to resolve file /net/bytebuddy/dynamic/ClassFileLocator$ForModuleFile.class with "No such file or directory" 

WARNING: Failed to resolve file /net/bytebuddy/dynamic/DynamicType$Builder$MethodDefinition$ParameterDefinition$Simple$Annotatable$AbstractBase.class with "No such file or directory" 

WARNING: Failed to resolve file /net/bytebuddy/dynamic/VisibilityBridgeStrategy$Default$2.class with "No such file or directory" 

WARNING: Failed to resolve file /net/bytebuddy/dynamic/loading/ClassInjector$UsingReflection$Dispatcher$Initializable.class with "No such file or directory" 

WARNING: Failed to resolve file /net/bytebuddy/dynamic/loading/PackageDefinitionStrategy$ManifestReading.class with "No such file or directory" 

WARNING: Failed to resolve file /net/bytebuddy/dynamic/scaffold/MethodGraph$Compiler$Default$Key$Store$Entry$Initial.class with "No such file or directory" 

WARNING: Failed to resolve file /net/bytebuddy/dynamic/scaffold/TypeWriter$Default$ClassDumpAction$Dispatcher$Enabled.class with "No such file or directory" 

WARNING: Failed to resolve file /net/bytebuddy/dynamic/scaffold/TypeWriter$MethodPool$Record$AccessBridgeWrapper.class with "No such file or directory" 

WARNING: Failed to resolve file /net/bytebuddy/dynamic/scaffold/subclass/SubclassImplementationTarget$OriginTypeResolver$1.class with "No such file or directory" 

WARNING: Failed to resolve file /net/bytebuddy/implementation/FieldAccessor$FieldLocation.class with "No such file or directory" 

WARNING: Failed to resolve file /net/bytebuddy/implementation/HashCodeMethod$ValueTransformer$7.class with "No such file or directory" 

WARNING: Failed to resolve file /net/bytebuddy/implementation/InvocationHandlerAdapter.class with "No such file or directory" 

WARNING: Failed to resolve file /net/bytebuddy/implementation/InvokeDynamic$WithImplicitArguments.class with "No such file or directory" 

WARNING: Failed to resolve file /net/bytebuddy/implementation/MethodCall$MethodInvoker.class with "No such file or directory" 

WARNING: Failed to resolve file /net/bytebuddy/implementation/MethodDelegation.class with "No such file or directory" 

WARNING: Failed to resolve file /net/bytebuddy/implementation/attribute/AnnotationValueFilter$Factory.class with "No such file or directory" 

WARNING: Failed to resolve file /net/bytebuddy/implementation/auxiliary/TypeProxy$1.class with "No such file or directory" 

WARNING: Failed to resolve file /net/bytebuddy/implementation/bind/annotation/AllArguments.class with "No such file or directory" 

WARNING: Failed to resolve file /net/bytebuddy/implementation/bind/annotation/Morph$Binder$RedirectionProxy$InstanceFieldConstructor$Appender.class with "No such file or directory" 

WARNING: Failed to resolve file /net/bytebuddy/implementation/bytecode/ByteCodeAppender$Compound.class with "No such file or directory" 

WARNING: Failed to resolve file /net/bytebuddy/implementation/bytecode/assign/reference/GenericTypeAwareAssigner$IsAssignableToVisitor$OfGenericArray.class with "No such file or directory" 

WARNING: Failed to resolve file /net/bytebuddy/implementation/bytecode/member/FieldAccess$AccessDispatcher$FieldPutInstruction.class with "No such file or directory" 

WARNING: Failed to resolve file /net/bytebuddy/jar/asm/RecordComponentWriter.class with "No such file or directory" 

WARNING: Failed to resolve file /net/bytebuddy/matcher/FilterableList.class with "No such file or directory" 

WARNING: Failed to resolve file /net/bytebuddy/matcher/TypeSortMatcher.class with "No such file or directory" 

WARNING: Failed to resolve file /net/bytebuddy/pool/TypePool$Default$LazyTypeDescription$AnnotationToken.class with "No such file or directory" 

WARNING: Failed to resolve file /net/bytebuddy/pool/TypePool$Default$LazyTypeDescription$LazyMethodDescription$LazyParameterizedReceiverType$TypeArgumentList$AnnotatedTypeVariable.class with "No such file or directory" 

WARNING: Failed to resolve file /net/bytebuddy/utility/FileSystem$ForNio2CapableVm$StandardCopyOption.class with "No such file or directory" 

WARNING: Failed to resolve file /net/bytebuddy/utility/dispatcher/JavaDispatcher$Dispatcher.class with "No such file or directory" 

WARNING: Failed to resolve file /org/apache/lucene/analysis/CharArrayMap.class with "No such file or directory" 

WARNING: Failed to resolve file /org/apache/lucene/analysis/tokenattributes/TermToBytesRefAttribute.class with "No such file or directory" 

WARNING: Failed to resolve file /org/apache/lucene/codecs/KnnVectorsWriter$ByteVectorValuesSub.class with "No such file or directory" 

WARNING: Failed to resolve file /org/apache/lucene/codecs/hnsw/DefaultFlatVectorScorer$ByteScoringSupplier$1.class with "No such file or directory" 

WARNING: Failed to resolve file /org/apache/lucene/codecs/lucene90/Lucene90DocValuesProducer$17.class with "No such file or directory" 

WARNING: Failed to resolve file /org/apache/lucene/codecs/lucene90/Lucene90PointsFormat.class with "No such file or directory" 

WARNING: Failed to resolve file /org/apache/lucene/codecs/lucene912/ForUtil.class with "No such file or directory" 

WARNING: Failed to resolve file /org/apache/lucene/codecs/lucene99/Lucene99HnswVectorsWriter$2.class with "No such file or directory" 

WARNING: Failed to resolve file /org/apache/lucene/document/BinaryPoint$1.class with "No such file or directory" 

WARNING: Failed to resolve file /org/apache/lucene/document/FloatPoint$2.class with "No such file or directory" 

WARNING: Failed to resolve file /org/apache/lucene/document/LatLonPointDistanceQuery.class with "No such file or directory" 

WARNING: Failed to resolve file /org/apache/lucene/document/ShapeField$QueryRelation.class with "No such file or directory" 

WARNING: Failed to resolve file /org/apache/lucene/document/XYShapeDocValues.class with "No such file or directory" 

WARNING: Failed to resolve file /org/apache/lucene/index/BaseTermsEnum$1.class with "No such file or directory" 

WARNING: Failed to resolve file /org/apache/lucene/index/ConcurrentMergeScheduler.class with "No such file or directory" 

WARNING: Failed to resolve file /org/apache/lucene/index/ExitableDirectoryReader$ExitableFilterAtomicReader$4.class with "No such file or directory" 

WARNING: Failed to resolve file /org/apache/lucene/index/FreqProxFields$FreqProxTermsEnum$1.class with "No such file or directory" 

WARNING: Failed to resolve file /org/apache/lucene/index/IndexWriter$DocModifier.class with "No such file or directory" 

WARNING: Failed to resolve file /org/apache/lucene/index/MultiDocValues$1.class with "No such file or directory" 

WARNING: Failed to resolve file /org/apache/lucene/index/PointValues$IntersectVisitor.class with "No such file or directory" 

WARNING: Failed to resolve file /org/apache/lucene/index/SingletonSortedSetDocValues.class with "No such file or directory" 

WARNING: Failed to resolve file /org/apache/lucene/index/SortedNumericDocValuesWriter.class with "No such file or directory" 

WARNING: Failed to resolve file /org/apache/lucene/index/TermVectorsConsumerPerField$TermVectorsPostingsArray.class with "No such file or directory" 

WARNING: Failed to resolve file /org/apache/lucene/internal/hppc/IntDoubleHashMap$EntryIterator.class with "No such file or directory" 

WARNING: Failed to resolve file /org/apache/lucene/internal/hppc/LongIntHashMap$LongIntCursor.class with "No such file or directory" 

WARNING: Failed to resolve file /org/apache/lucene/search/BlockMaxConjunctionScorer$2.class with "No such file or directory" 

WARNING: Failed to resolve file /org/apache/lucene/search/ConstantScoreQuery$1$1.class with "No such file or directory" 

WARNING: Failed to resolve file /org/apache/lucene/search/DoubleValuesSource$DoubleValuesComparatorSource$1.class with "No such file or directory" 

WARNING: Failed to resolve file /org/apache/lucene/search/ImpactsDISI.class with "No such file or directory" 

WARNING: Failed to resolve file /org/apache/lucene/search/LongValuesSource$LongValuesComparatorSource.class with "No such file or directory" 

WARNING: Failed to resolve file /org/apache/lucene/search/NamedMatches$NamedQuery.class with "No such file or directory" 

WARNING: Failed to resolve file /org/apache/lucene/search/ReqOptSumScorer.class with "No such file or directory" 

WARNING: Failed to resolve file /org/apache/lucene/search/SortedNumericSortField$5.class with "No such file or directory" 

WARNING: Failed to resolve file /org/apache/lucene/search/TopDocsCollector.class with "No such file or directory" 

WARNING: Failed to resolve file /org/apache/lucene/search/comparators/NumericComparator$NumericLeafComparator.class with "No such file or directory" 

WARNING: Failed to resolve file /org/apache/lucene/search/similarities/MultiSimilarity.class with "No such file or directory" 

WARNING: Failed to resolve file /org/apache/lucene/store/IndexInput$1.class with "No such file or directory" 

WARNING: Failed to resolve file /org/apache/lucene/util/AttributeImpl.class with "No such file or directory" 

WARNING: Failed to resolve file /org/apache/lucene/util/DocIdSetBuilder$BulkAdder.class with "No such file or directory" 

WARNING: Failed to resolve file /org/apache/lucene/util/ModuleResourceLoader.class with "No such file or directory" 

WARNING: Failed to resolve file /org/apache/lucene/util/Sorter.class with "No such file or directory" 

WARNING: Failed to resolve file /org/apache/lucene/util/automaton/MinimizationOperations$IntPair.class with "No such file or directory" 

WARNING: Failed to resolve file /org/apache/lucene/util/bkd/OfflinePointWriter.class with "No such file or directory" 

WARNING: Failed to resolve file /org/apache/lucene/util/fst/Util$FSTPath.class with "No such file or directory" 

WARNING: Failed to resolve file /org/apache/lucene/util/mutable/MutableValueDate.class with "No such file or directory" 

WARNING: Failed to resolve file /org/apache/lucene/util/packed/DirectReader$DirectPackedReader32.class with "No such file or directory" 

WARNING: Failed to resolve file /org/apache/lucene/util/packed/PackedWriter.class with "No such file or directory" 

WARNING: Failed to resolve file /org/bouncycastle/asn1/ASN1ObjectDescriptor$1.class with "No such file or directory" 

WARNING: Failed to resolve file /org/bouncycastle/asn1/BEROctetStringParser.class with "No such file or directory" 

WARNING: Failed to resolve file /org/bouncycastle/asn1/LazyEncodedSequence.class with "No such file or directory" 

WARNING: Failed to resolve file /org/bouncycastle/asn1/ocsp/OCSPRequest.class with "No such file or directory" 

WARNING: Failed to resolve file /org/bouncycastle/asn1/sec/SECNamedCurves$17.class with "No such file or directory" 

WARNING: Failed to resolve file /org/bouncycastle/asn1/x500/DirectoryString.class with "No such file or directory" 

WARNING: Failed to resolve file /org/bouncycastle/asn1/x509/NameConstraints.class with "No such file or directory" 

WARNING: Failed to resolve file /org/bouncycastle/asn1/x509/sigi/NameOrPseudonym.class with "No such file or directory" 

WARNING: Failed to resolve file /org/bouncycastle/crypto/CipherKeyGenerator.class with "No such file or directory" 

WARNING: Failed to resolve file /org/bouncycastle/crypto/StagedAgreement.class with "No such file or directory" 

WARNING: Failed to resolve file /org/bouncycastle/crypto/digests/AsconXof$1.class with "No such file or directory" 

WARNING: Failed to resolve file /org/bouncycastle/crypto/digests/ShortenedDigest.class with "No such file or directory" 

WARNING: Failed to resolve file /org/bouncycastle/crypto/ec/ECDecryptor.class with "No such file or directory" 

WARNING: Failed to resolve file /org/bouncycastle/crypto/engines/GOST3412_2015Engine.class with "No such file or directory" 

WARNING: Failed to resolve file /org/bouncycastle/crypto/engines/SparkleEngine$1.class with "No such file or directory" 

WARNING: Failed to resolve file /org/bouncycastle/crypto/generators/ElGamalParametersGenerator.class with "No such file or directory" 

WARNING: Failed to resolve file /org/bouncycastle/crypto/macs/DSTU7564Mac.class with "No such file or directory" 

WARNING: Failed to resolve file /org/bouncycastle/crypto/modes/NISTCTSBlockCipher.class with "No such file or directory" 

WARNING: Failed to resolve file /org/bouncycastle/crypto/params/DHParameters.class with "No such file or directory" 

WARNING: Failed to resolve file /org/bouncycastle/crypto/params/NaccacheSternKeyGenerationParameters.class with "No such file or directory" 

WARNING: Failed to resolve file /org/bouncycastle/crypto/prng/X931SecureRandom.class with "No such file or directory" 

WARNING: Failed to resolve file /org/bouncycastle/crypto/util/DEROtherInfo$1.class with "No such file or directory" 

WARNING: Failed to resolve file /org/bouncycastle/crypto/util/SSHNamedCurves$3.class with "No such file or directory" 

WARNING: Failed to resolve file /org/bouncycastle/jcajce/BCFKSLoadStoreParameter$SignatureAlgorithm.class with "No such file or directory" 

WARNING: Failed to resolve file /org/bouncycastle/jcajce/provider/asymmetric/CompositeSignatures.class with "No such file or directory" 

WARNING: Failed to resolve file /org/bouncycastle/jcajce/provider/asymmetric/compositesignatures/KeyPairGeneratorSpi$MLDSA65_ECDSA_brainpoolP256r1_SHA512.class with "No such file or directory" 

WARNING: Failed to resolve file /org/bouncycastle/jcajce/provider/asymmetric/dh/KeyAgreementSpi$DHwithSHA384CKDF.class with "No such file or directory" 

WARNING: Failed to resolve file /org/bouncycastle/jcajce/provider/asymmetric/ec/BCECPrivateKey.class with "No such file or directory" 

WARNING: Failed to resolve file /org/bouncycastle/jcajce/provider/asymmetric/ec/KeyAgreementSpi$DHUwithSHA224KDF.class with "No such file or directory" 

WARNING: Failed to resolve file /org/bouncycastle/jcajce/provider/asymmetric/ec/KeyPairGeneratorSpi.class with "No such file or directory" 

WARNING: Failed to resolve file /org/bouncycastle/jcajce/provider/asymmetric/ecgost12/KeyAgreementSpi$ECVKO512.class with "No such file or directory" 

WARNING: Failed to resolve file /org/bouncycastle/jcajce/provider/asymmetric/edec/KeyPairGeneratorSpi$X448.class with "No such file or directory" 

WARNING: Failed to resolve file /org/bouncycastle/jcajce/provider/asymmetric/rsa/DigestSignatureSpi$SHA3_384.class with "No such file or directory" 

WARNING: Failed to resolve file /org/bouncycastle/jcajce/provider/asymmetric/rsa/PSSSignatureSpi$SHA512withRSA.class with "No such file or directory" 

WARNING: Failed to resolve file /org/bouncycastle/jcajce/provider/asymmetric/x509/X509CRLInternal.class with "No such file or directory" 

WARNING: Failed to resolve file /org/bouncycastle/jcajce/provider/digest/GOST3411$Mappings.class with "No such file or directory" 

WARNING: Failed to resolve file /org/bouncycastle/jcajce/provider/digest/RIPEMD256$HashMac.class with "No such file or directory" 

WARNING: Failed to resolve file /org/bouncycastle/jcajce/provider/digest/SHA3$Mappings.class with "No such file or directory" 

WARNING: Failed to resolve file /org/bouncycastle/jcajce/provider/digest/Skein$HMacKeyGenerator_512_384.class with "No such file or directory" 

WARNING: Failed to resolve file /org/bouncycastle/jcajce/provider/digest/Whirlpool$KeyGenerator.class with "No such file or directory" 

WARNING: Failed to resolve file /org/bouncycastle/jcajce/provider/keystore/pkcs12/PKCS12KeyStoreSpi$1.class with "No such file or directory" 

WARNING: Failed to resolve file /org/bouncycastle/jcajce/provider/symmetric/AES$PBEWithSHA256And192BitAESBC.class with "No such file or directory" 

WARNING: Failed to resolve file /org/bouncycastle/jcajce/provider/symmetric/CAST5$CBC.class with "No such file or directory" 

WARNING: Failed to resolve file /org/bouncycastle/jcajce/provider/symmetric/DES$Mappings.class with "No such file or directory" 

WARNING: Failed to resolve file /org/bouncycastle/jcajce/provider/symmetric/DSTU7624$GCM128.class with "No such file or directory" 

WARNING: Failed to resolve file /org/bouncycastle/jcajce/provider/symmetric/HC128$KeyGen.class with "No such file or directory" 

WARNING: Failed to resolve file /org/bouncycastle/jcajce/provider/symmetric/PBEPKCS12.class with "No such file or directory" 

WARNING: Failed to resolve file /org/bouncycastle/jcajce/provider/symmetric/Rijndael.class with "No such file or directory" 

WARNING: Failed to resolve file /org/bouncycastle/jcajce/provider/symmetric/Shacal2$AlgParams.class with "No such file or directory" 

WARNING: Failed to resolve file /org/bouncycastle/jcajce/provider/symmetric/Threefish.class with "No such file or directory" 

WARNING: Failed to resolve file /org/bouncycastle/jcajce/provider/symmetric/util/BaseStreamCipher.class with "No such file or directory" 

WARNING: Failed to resolve file /org/bouncycastle/jcajce/spec/SkeinParameterSpec.class with "No such file or directory" 

WARNING: Failed to resolve file /org/bouncycastle/jce/provider/AnnotatedException.class with "No such file or directory" 

WARNING: Failed to resolve file /org/bouncycastle/jce/provider/RFC3280CertPathUtilities.class with "No such file or directory" 

WARNING: Failed to resolve file /org/bouncycastle/math/ec/ECCurve$Config.class with "No such file or directory" 

WARNING: Failed to resolve file /org/bouncycastle/math/ec/custom/gm/SM2P256V1FieldElement.class with "No such file or directory" 

WARNING: Failed to resolve file /org/bouncycastle/math/ec/custom/sec/SecP384R1FieldElement.class with "No such file or directory" 

WARNING: Failed to resolve file /org/bouncycastle/math/ec/custom/sec/SecT239K1Curve.class with "No such file or directory" 

WARNING: Failed to resolve file /org/bouncycastle/math/ec/rfc8032/Ed25519$PointTemp.class with "No such file or directory" 

WARNING: Failed to resolve file /org/bouncycastle/pqc/asn1/PQCObjectIdentifiers.class with "No such file or directory" 

WARNING: Failed to resolve file /org/bouncycastle/pqc/crypto/crystals/dilithium/DilithiumKeyPairGenerator.class with "No such file or directory" 

WARNING: Failed to resolve file /org/bouncycastle/pqc/crypto/falcon/FalconSmallPrime.class with "No such file or directory" 

WARNING: Failed to resolve file /org/bouncycastle/pqc/crypto/hqc/HQCKEMExtractor.class with "No such file or directory" 

WARNING: Failed to resolve file /org/bouncycastle/pqc/crypto/newhope/NHKeyPairGenerator.class with "No such file or directory" 

WARNING: Failed to resolve file /org/bouncycastle/pqc/crypto/picnic/PicnicEngine.class with "No such file or directory" 

WARNING: Failed to resolve file /org/bouncycastle/pqc/crypto/sphincs/SPHINCS256KeyGenerationParameters.class with "No such file or directory" 

WARNING: Failed to resolve file /org/bouncycastle/pqc/crypto/util/PublicKeyFactory$LMSConverter.class with "No such file or directory" 

WARNING: Failed to resolve file /org/bouncycastle/pqc/crypto/xmss/XMSSMTPrivateKeyParameters$Builder.class with "No such file or directory" 

WARNING: Failed to resolve file /org/bouncycastle/pqc/jcajce/interfaces/NHPublicKey.class with "No such file or directory" 

WARNING: Failed to resolve file /org/bouncycastle/pqc/jcajce/provider/SPHINCS.class with "No such file or directory" 

WARNING: Failed to resolve file /org/bouncycastle/pqc/jcajce/provider/falcon/SignatureSpi$Base.class with "No such file or directory" 

WARNING: Failed to resolve file /org/bouncycastle/pqc/jcajce/provider/mceliece/BCMcEliecePrivateKey.class with "No such file or directory" 

WARNING: Failed to resolve file /org/bouncycastle/pqc/jcajce/provider/picnic/BCPicnicPublicKey.class with "No such file or directory" 

WARNING: Failed to resolve file /org/bouncycastle/pqc/jcajce/provider/sphincsplus/SPHINCSPlusKeyPairGeneratorSpi$Shake_256f.class with "No such file or directory" 

WARNING: Failed to resolve file /org/bouncycastle/pqc/jcajce/spec/KyberParameterSpec.class with "No such file or directory" 

WARNING: Failed to resolve file /org/bouncycastle/pqc/legacy/crypto/mceliece/McEliecePrivateKeyParameters.class with "No such file or directory" 

WARNING: Failed to resolve file /org/bouncycastle/pqc/legacy/math/linearalgebra/GF2Matrix.class with "No such file or directory" 

WARNING: Failed to resolve file /org/bouncycastle/pqc/math/ntru/parameters/NTRUHPS2048509.class with "No such file or directory" 

WARNING: Failed to resolve file /org/bouncycastle/util/encoders/HexTranslator.class with "No such file or directory" 

WARNING: Failed to resolve file /org/bouncycastle/x509/X509CRLStoreSelector.class with "No such file or directory" 

Found 215 (out of 11364) source files to analyze in /home/udesou/.bench-agent/git/macro-benches/vendor/.infer-capture-ocaml-5.5.0-f523850
/net/bytebuddy/asm/Advice$OffsetMapping$ForInstrumentedMethod$2.class starting
/net/bytebuddy/asm/Advice$OffsetMapping$ForInstrumentedMethod$2.class DONE
/net/bytebuddy/dynamic/DynamicType$Builder$MethodDefinition$ParameterDefinition$Simple$Annotatable$AbstractBase.class starting
/net/bytebuddy/dynamic/DynamicType$Builder$MethodDefinition$ParameterDefinition$Simple$Annotatable$AbstractBase.class DONE
/net/bytebuddy/implementation/bytecode/assign/reference/GenericTypeAwareAssigner$IsAssignableToVisitor$OfGenericArray.class starting
/net/bytebuddy/implementation/bytecode/assign/reference/GenericTypeAwareAssigner$IsAssignableToVisitor$OfGenericArray.class DONE
/org/apache/lucene/codecs/lucene912/ForUtil.class starting
/org/apache/lucene/codecs/lucene912/ForUtil.class DONE
/org/apache/lucene/document/BinaryPoint$1.class starting
/org/apache/lucene/document/BinaryPoint$1.class DONE
/org/bouncycastle/pqc/crypto/newhope/NHKeyPairGenerator.class starting
/org/bouncycastle/pqc/crypto/newhope/NHKeyPairGenerator.class DONE
/net/bytebuddy/dynamic/scaffold/MethodGraph$Compiler$Default$Key$Store$Entry$Initial.class starting
/net/bytebuddy/dynamic/scaffold/MethodGraph$Compiler$Default$Key$Store$Entry$Initial.class DONE
/org/bouncycastle/asn1/x500/DirectoryString.class starting
/org/bouncycastle/asn1/x500/DirectoryString.class DONE
/org/apache/lucene/search/BlockMaxConjunctionScorer$2.class starting
/org/apache/lucene/search/BlockMaxConjunctionScorer$2.class DONE
/org/bouncycastle/pqc/jcajce/spec/KyberParameterSpec.class starting
/org/bouncycastle/pqc/jcajce/spec/KyberParameterSpec.class DONE
/org/apache/lucene/document/XYShapeDocValues.class starting
/org/apache/lucene/document/XYShapeDocValues.class DONE
/org/bouncycastle/jcajce/provider/symmetric/AES$PBEWithSHA256And192BitAESBC.class starting
/org/bouncycastle/jcajce/provider/symmetric/AES$PBEWithSHA256And192BitAESBC.class DONE
/org/apache/lucene/index/ExitableDirectoryReader$ExitableFilterAtomicReader$4.class starting
/org/apache/lucene/index/ExitableDirectoryReader$ExitableFilterAtomicReader$4.class DONE
/org/apache/lucene/document/ShapeField$QueryRelation.class starting
/org/apache/lucene/document/ShapeField$QueryRelation.class DONE
/org/bouncycastle/asn1/x509/sigi/NameOrPseudonym.class starting
/org/bouncycastle/asn1/x509/sigi/NameOrPseudonym.class DONE
/org/apache/lucene/search/DoubleValuesSource$DoubleValuesComparatorSource$1.class starting
/org/apache/lucene/search/DoubleValuesSource$DoubleValuesComparatorSource$1.class DONE
/com/google/common/collect/ImmutableMultimap$Builder.class starting
/com/google/common/collect/ImmutableMultimap$Builder.class DONE
/com/google/common/base/Converter$IdentityConverter.class starting
/com/google/common/base/Converter$IdentityConverter.class DONE
/net/bytebuddy/agent/builder/package-info.class starting
/net/bytebuddy/agent/builder/package-info.class DONE
/org/apache/lucene/util/Sorter.class starting
/org/apache/lucene/util/Sorter.class DONE
/com/google/common/graph/ValueGraph.class starting
/com/google/common/graph/ValueGraph.class DONE
/org/bouncycastle/pqc/jcajce/provider/SPHINCS.class starting
/org/bouncycastle/pqc/jcajce/provider/SPHINCS.class DONE
/org/bouncycastle/jcajce/provider/digest/RIPEMD256$HashMac.class starting
/org/bouncycastle/jcajce/provider/digest/RIPEMD256$HashMac.class DONE
/org/bouncycastle/jcajce/provider/symmetric/DES$Mappings.class starting
/org/bouncycastle/jcajce/provider/symmetric/DES$Mappings.class DONE
/com/google/common/util/concurrent/Monitor$Guard.class starting
/com/google/common/util/concurrent/Monitor$Guard.class DONE
/net/bytebuddy/pool/TypePool$Default$LazyTypeDescription$LazyMethodDescription$LazyParameterizedReceiverType$TypeArgumentList$AnnotatedTypeVariable.class starting
/net/bytebuddy/pool/TypePool$Default$LazyTypeDescription$LazyMethodDescription$LazyParameterizedReceiverType$TypeArgumentList$AnnotatedTypeVariable.class DONE
/net/bytebuddy/build/Plugin$Factory$UsingReflection$Instantiator$Unresolved.class starting
/net/bytebuddy/build/Plugin$Factory$UsingReflection$Instantiator$Unresolved.class DONE
/org/bouncycastle/crypto/generators/ElGamalParametersGenerator.class starting
/org/bouncycastle/crypto/generators/ElGamalParametersGenerator.class DONE
/org/bouncycastle/crypto/digests/ShortenedDigest.class starting
/org/bouncycastle/crypto/digests/ShortenedDigest.class DONE
/net/bytebuddy/matcher/FilterableList.class starting
/net/bytebuddy/matcher/FilterableList.class DONE
/com/google/common/io/BaseEncoding.class starting
/com/google/common/io/BaseEncoding.class DONE
/org/bouncycastle/pqc/crypto/picnic/PicnicEngine.class starting
/org/bouncycastle/pqc/crypto/picnic/PicnicEngine.class DONE
/org/bouncycastle/jcajce/provider/symmetric/PBEPKCS12.class starting
/org/bouncycastle/jcajce/provider/symmetric/PBEPKCS12.class DONE
/org/bouncycastle/crypto/prng/X931SecureRandom.class starting
/org/bouncycastle/crypto/prng/X931SecureRandom.class DONE
/net/bytebuddy/description/modifier/SynchronizationState.class starting
/net/bytebuddy/description/modifier/SynchronizationState.class DONE
/org/apache/lucene/search/ConstantScoreQuery$1$1.class starting
/org/apache/lucene/search/ConstantScoreQuery$1$1.class DONE
/org/apache/lucene/internal/hppc/IntDoubleHashMap$EntryIterator.class starting
/org/apache/lucene/internal/hppc/IntDoubleHashMap$EntryIterator.class DONE
/org/bouncycastle/asn1/x509/NameConstraints.class starting
/org/bouncycastle/asn1/x509/NameConstraints.class DONE
/com/google/common/graph/GraphBuilder.class starting
/com/google/common/graph/GraphBuilder.class DONE
/org/bouncycastle/jcajce/provider/symmetric/Threefish.class starting
/org/bouncycastle/jcajce/provider/symmetric/Threefish.class DONE
/net/bytebuddy/dynamic/scaffold/TypeWriter$MethodPool$Record$AccessBridgeWrapper.class starting
/net/bytebuddy/dynamic/scaffold/TypeWriter$MethodPool$Record$AccessBridgeWrapper.class DONE
/net/bytebuddy/dynamic/ClassFileLocator$ForModuleFile.class starting
/net/bytebuddy/dynamic/ClassFileLocator$ForModuleFile.class DONE
/org/apache/lucene/search/ReqOptSumScorer.class starting
/org/apache/lucene/search/ReqOptSumScorer.class DONE
/com/google/common/util/concurrent/AggregateFutureState.class starting
/com/google/common/util/concurrent/AggregateFutureState.class DONE
/com/google/common/util/concurrent/SimpleTimeLimiter$1.class starting
/com/google/common/util/concurrent/SimpleTimeLimiter$1.class DONE
/com/google/common/annotations/Beta.class starting
/com/google/common/annotations/Beta.class DONE
/org/bouncycastle/math/ec/custom/gm/SM2P256V1FieldElement.class starting
/org/bouncycastle/math/ec/custom/gm/SM2P256V1FieldElement.class DONE
/com/google/common/collect/DenseImmutableTable.class starting
/com/google/common/collect/DenseImmutableTable.class DONE
/org/bouncycastle/jcajce/provider/digest/GOST3411$Mappings.class starting
/org/bouncycastle/jcajce/provider/digest/GOST3411$Mappings.class DONE
/org/bouncycastle/pqc/jcajce/provider/sphincsplus/SPHINCSPlusKeyPairGeneratorSpi$Shake_256f.class starting
/org/bouncycastle/pqc/jcajce/provider/sphincsplus/SPHINCSPlusKeyPairGeneratorSpi$Shake_256f.class DONE
/org/bouncycastle/jcajce/provider/symmetric/util/BaseStreamCipher.class starting
/org/bouncycastle/jcajce/provider/symmetric/util/BaseStreamCipher.class DONE
/org/bouncycastle/jcajce/provider/asymmetric/dh/KeyAgreementSpi$DHwithSHA384CKDF.class starting
/org/bouncycastle/jcajce/provider/asymmetric/dh/KeyAgreementSpi$DHwithSHA384CKDF.class DONE
/com/google/common/collect/ImmutableSortedSet$1.class starting
/com/google/common/collect/ImmutableSortedSet$1.class DONE
/net/bytebuddy/pool/TypePool$Default$LazyTypeDescription$AnnotationToken.class starting
/net/bytebuddy/implementation/auxiliary/TypeProxy$1.class starting
/net/bytebuddy/implementation/auxiliary/TypeProxy$1.class DONE
/net/bytebuddy/pool/TypePool$Default$LazyTypeDescription$AnnotationToken.class DONE
/org/apache/lucene/index/SingletonSortedSetDocValues.class starting
/org/apache/lucene/index/SingletonSortedSetDocValues.class DONE
/org/bouncycastle/pqc/crypto/crystals/dilithium/DilithiumKeyPairGenerator.class starting
/org/bouncycastle/math/ec/rfc8032/Ed25519$PointTemp.class starting
/org/bouncycastle/math/ec/rfc8032/Ed25519$PointTemp.class DONE
/org/bouncycastle/pqc/crypto/crystals/dilithium/DilithiumKeyPairGenerator.class DONE
/org/bouncycastle/jce/provider/RFC3280CertPathUtilities.class starting
/net/bytebuddy/build/Plugin$Engine$Listener$StreamWriting.class starting
/org/bouncycastle/jce/provider/RFC3280CertPathUtilities.class DONE
/net/bytebuddy/build/Plugin$Engine$Listener$StreamWriting.class DONE
/org/bouncycastle/jcajce/provider/asymmetric/ec/KeyPairGeneratorSpi.class starting
/org/bouncycastle/jcajce/provider/asymmetric/ec/KeyPairGeneratorSpi.class DONE
/net/bytebuddy/implementation/MethodCall$MethodInvoker.class starting
/org/bouncycastle/crypto/macs/DSTU7564Mac.class starting
/net/bytebuddy/implementation/MethodCall$MethodInvoker.class DONE
/org/bouncycastle/crypto/macs/DSTU7564Mac.class DONE
/net/bytebuddy/ByteBuddy$RecordConstructorStrategy.class starting
/org/bouncycastle/jcajce/provider/asymmetric/x509/X509CRLInternal.class starting
/net/bytebuddy/ByteBuddy$RecordConstructorStrategy.class DONE
/org/bouncycastle/jcajce/provider/asymmetric/rsa/DigestSignatureSpi$SHA3_384.class starting
/org/bouncycastle/jcajce/provider/asymmetric/rsa/DigestSignatureSpi$SHA3_384.class DONE
/com/google/common/collect/RegularImmutableMap$Values.class starting
/com/google/common/collect/RegularImmutableMap$Values.class DONE
/org/apache/lucene/index/MultiDocValues$1.class starting
/org/apache/lucene/index/MultiDocValues$1.class DONE
/net/bytebuddy/asm/MemberSubstitution$TypePoolResolver$OfImplicitPool.class starting
/net/bytebuddy/asm/MemberSubstitution$TypePoolResolver$OfImplicitPool.class DONE
/net/bytebuddy/description/type/TypeDescription$Generic$AnnotationReader$Delegator$ForLoadedTypeVariable.class starting
/net/bytebuddy/description/type/TypeDescription$Generic$AnnotationReader$Delegator$ForLoadedTypeVariable.class DONE
/org/bouncycastle/crypto/CipherKeyGenerator.class starting
/org/bouncycastle/crypto/CipherKeyGenerator.class DONE
/org/bouncycastle/jcajce/provider/asymmetric/x509/X509CRLInternal.class DONE
/org/apache/lucene/codecs/lucene99/Lucene99HnswVectorsWriter$2.class starting
/org/bouncycastle/jcajce/provider/symmetric/DSTU7624$GCM128.class starting
/org/apache/lucene/codecs/lucene99/Lucene99HnswVectorsWriter$2.class DONE
/org/bouncycastle/jcajce/provider/symmetric/DSTU7624$GCM128.class DONE
/org/apache/lucene/codecs/lucene90/Lucene90DocValuesProducer$17.class starting
/org/apache/lucene/codecs/lucene90/Lucene90DocValuesProducer$17.class DONE
/org/apache/lucene/search/comparators/NumericComparator$NumericLeafComparator.class starting
/org/apache/lucene/search/comparators/NumericComparator$NumericLeafComparator.class DONE
/org/apache/lucene/util/packed/PackedWriter.class starting
/org/apache/lucene/util/packed/PackedWriter.class DONE
/com/google/common/primitives/Shorts$ShortConverter.class starting
/com/google/common/primitives/Shorts$ShortConverter.class DONE
/org/bouncycastle/pqc/crypto/hqc/HQCKEMExtractor.class starting
/org/bouncycastle/pqc/crypto/hqc/HQCKEMExtractor.class DONE
/org/apache/lucene/codecs/hnsw/DefaultFlatVectorScorer$ByteScoringSupplier$1.class starting
/org/apache/lucene/codecs/hnsw/DefaultFlatVectorScorer$ByteScoringSupplier$1.class DONE
/net/bytebuddy/implementation/attribute/AnnotationValueFilter$Factory.class starting
/net/bytebuddy/implementation/attribute/AnnotationValueFilter$Factory.class DONE
/org/apache/lucene/analysis/tokenattributes/TermToBytesRefAttribute.class starting
/org/apache/lucene/analysis/tokenattributes/TermToBytesRefAttribute.class DONE
/org/bouncycastle/crypto/StagedAgreement.class starting
/org/apache/lucene/util/AttributeImpl.class starting
/org/bouncycastle/crypto/StagedAgreement.class DONE
/org/apache/lucene/util/AttributeImpl.class DONE
/org/apache/lucene/index/IndexWriter$DocModifier.class starting
/org/apache/lucene/index/IndexWriter$DocModifier.class DONE
/org/apache/lucene/util/bkd/OfflinePointWriter.class starting
/org/apache/lucene/util/bkd/OfflinePointWriter.class DONE
/org/apache/lucene/search/SortedNumericSortField$5.class starting
/org/apache/lucene/search/SortedNumericSortField$5.class DONE
/org/bouncycastle/jce/provider/AnnotatedException.class starting
/org/bouncycastle/jce/provider/AnnotatedException.class DONE
/org/apache/lucene/util/packed/DirectReader$DirectPackedReader32.class starting
/org/apache/lucene/util/packed/DirectReader$DirectPackedReader32.class DONE
/org/bouncycastle/jcajce/provider/symmetric/Rijndael.class starting
/org/bouncycastle/jcajce/provider/symmetric/Rijndael.class DONE
/net/bytebuddy/description/annotation/AnnotationValue$Loaded$AbstractBase$ForUnresolvedProperty.class starting
/net/bytebuddy/description/annotation/AnnotationValue$Loaded$AbstractBase$ForUnresolvedProperty.class DONE
/org/apache/lucene/util/DocIdSetBuilder$BulkAdder.class starting
/org/apache/lucene/util/DocIdSetBuilder$BulkAdder.class DONE
/org/bouncycastle/crypto/params/NaccacheSternKeyGenerationParameters.class starting
/org/bouncycastle/pqc/jcajce/provider/picnic/BCPicnicPublicKey.class starting
/org/bouncycastle/pqc/jcajce/provider/picnic/BCPicnicPublicKey.class DONE
/org/bouncycastle/crypto/params/NaccacheSternKeyGenerationParameters.class DONE
/org/bouncycastle/crypto/params/DHParameters.class starting
/org/bouncycastle/crypto/params/DHParameters.class DONE
/net/bytebuddy/agent/builder/AgentBuilder$InstallationListener$Compound.class starting
/net/bytebuddy/agent/builder/AgentBuilder$InstallationListener$Compound.class DONE
/net/bytebuddy/dynamic/scaffold/subclass/SubclassImplementationTarget$OriginTypeResolver$1.class starting
/net/bytebuddy/dynamic/scaffold/subclass/SubclassImplementationTarget$OriginTypeResolver$1.class DONE
/com/google/common/collect/SortedLists$KeyAbsentBehavior$2.class starting
/com/google/common/collect/SortedLists$KeyAbsentBehavior$2.class DONE
/org/bouncycastle/jcajce/provider/symmetric/Shacal2$AlgParams.class starting
/com/google/common/collect/HashMultimap.class starting
/org/bouncycastle/jcajce/provider/symmetric/Shacal2$AlgParams.class DONE
/com/google/common/collect/HashMultimap.class DONE
/net/bytebuddy/agent/builder/AgentBuilder$Default$NativeMethodStrategy$ForPrefix.class starting
/org/bouncycastle/crypto/util/DEROtherInfo$1.class starting
/net/bytebuddy/agent/builder/AgentBuilder$Default$NativeMethodStrategy$ForPrefix.class DONE
/org/bouncycastle/crypto/util/DEROtherInfo$1.class DONE
/org/bouncycastle/jcajce/provider/asymmetric/ecgost12/KeyAgreementSpi$ECVKO512.class starting
/com/google/common/collect/Streams$DoubleFunctionWithIndex.class starting
/org/bouncycastle/jcajce/provider/asymmetric/ecgost12/KeyAgreementSpi$ECVKO512.class DONE
/com/google/common/collect/Streams$DoubleFunctionWithIndex.class DONE
/net/bytebuddy/implementation/FieldAccessor$FieldLocation.class starting
/net/bytebuddy/implementation/FieldAccessor$FieldLocation.class DONE
/net/bytebuddy/implementation/MethodDelegation.class starting
/org/bouncycastle/pqc/crypto/sphincs/SPHINCS256KeyGenerationParameters.class starting
/org/bouncycastle/pqc/crypto/sphincs/SPHINCS256KeyGenerationParameters.class DONE
/net/bytebuddy/implementation/MethodDelegation.class DONE
/org/bouncycastle/jcajce/provider/asymmetric/edec/KeyPairGeneratorSpi$X448.class starting
/net/bytebuddy/dynamic/loading/PackageDefinitionStrategy$ManifestReading.class starting
/org/bouncycastle/jcajce/provider/asymmetric/edec/KeyPairGeneratorSpi$X448.class DONE
/net/bytebuddy/dynamic/loading/PackageDefinitionStrategy$ManifestReading.class DONE
/net/bytebuddy/description/annotation/AnnotationDescription.class starting
/net/bytebuddy/description/annotation/AnnotationDescription.class DONE
/org/bouncycastle/crypto/ec/ECDecryptor.class starting
/org/bouncycastle/crypto/ec/ECDecryptor.class DONE
/org/bouncycastle/asn1/LazyEncodedSequence.class starting
/org/bouncycastle/asn1/LazyEncodedSequence.class DONE
/net/bytebuddy/dynamic/scaffold/TypeWriter$Default$ClassDumpAction$Dispatcher$Enabled.class starting
/net/bytebuddy/dynamic/scaffold/TypeWriter$Default$ClassDumpAction$Dispatcher$Enabled.class DONE
/org/bouncycastle/pqc/jcajce/interfaces/NHPublicKey.class starting
/org/bouncycastle/pqc/jcajce/interfaces/NHPublicKey.class DONE
/com/google/common/collect/JdkBackedImmutableMap.class starting
/com/google/common/collect/JdkBackedImmutableMap.class DONE
/com/google/common/collect/MapMakerInternalMap$EntrySet.class starting
/com/google/common/collect/MapMakerInternalMap$EntrySet.class DONE
/org/bouncycastle/math/ec/ECCurve$Config.class starting
/org/bouncycastle/math/ec/ECCurve$Config.class DONE
/org/apache/lucene/util/mutable/MutableValueDate.class starting
/org/apache/lucene/util/mutable/MutableValueDate.class DONE
/com/google/common/collect/TransformedListIterator.class starting
/com/google/common/collect/TransformedListIterator.class DONE
/com/google/common/base/Utf8.class starting
/com/google/common/base/Utf8.class DONE
/org/bouncycastle/crypto/digests/AsconXof$1.class starting
/org/bouncycastle/crypto/digests/AsconXof$1.class DONE
/org/apache/lucene/analysis/CharArrayMap.class starting
/org/apache/lucene/analysis/CharArrayMap.class DONE
/net/bytebuddy/description/method/MethodList$Explicit.class starting
/net/bytebuddy/description/method/MethodList$Explicit.class DONE
/org/apache/lucene/search/NamedMatches$NamedQuery.class starting
/org/apache/lucene/search/NamedMatches$NamedQuery.class DONE
/net/bytebuddy/matcher/TypeSortMatcher.class starting
/net/bytebuddy/matcher/TypeSortMatcher.class DONE
/org/bouncycastle/asn1/BEROctetStringParser.class starting
/net/bytebuddy/description/type/TypeDescription$Latent.class starting
/org/bouncycastle/asn1/BEROctetStringParser.class DONE
/net/bytebuddy/description/type/TypeDescription$Latent.class DONE
/org/bouncycastle/crypto/engines/GOST3412_2015Engine.class starting
/org/bouncycastle/crypto/engines/GOST3412_2015Engine.class DONE
/org/bouncycastle/math/ec/custom/sec/SecT239K1Curve.class starting
/org/bouncycastle/math/ec/custom/sec/SecT239K1Curve.class DONE
/net/bytebuddy/utility/FileSystem$ForNio2CapableVm$StandardCopyOption.class starting
/net/bytebuddy/utility/FileSystem$ForNio2CapableVm$StandardCopyOption.class DONE
/org/apache/lucene/index/PointValues$IntersectVisitor.class starting
/org/apache/lucene/index/PointValues$IntersectVisitor.class DONE
/net/bytebuddy/implementation/InvokeDynamic$WithImplicitArguments.class starting
/net/bytebuddy/implementation/InvokeDynamic$WithImplicitArguments.class DONE
/org/bouncycastle/pqc/jcajce/provider/mceliece/BCMcEliecePrivateKey.class starting
/org/bouncycastle/pqc/jcajce/provider/mceliece/BCMcEliecePrivateKey.class DONE
/org/bouncycastle/util/encoders/HexTranslator.class starting
/org/bouncycastle/util/encoders/HexTranslator.class DONE
/com/google/common/collect/ForwardingConcurrentMap.class starting
/com/google/common/collect/ForwardingConcurrentMap.class DONE
/org/bouncycastle/jcajce/provider/keystore/pkcs12/PKCS12KeyStoreSpi$1.class starting
/org/bouncycastle/jcajce/provider/keystore/pkcs12/PKCS12KeyStoreSpi$1.class DONE
/com/google/common/util/concurrent/ForwardingCheckedFuture$SimpleForwardingCheckedFuture.class starting
/com/google/common/util/concurrent/ForwardingCheckedFuture$SimpleForwardingCheckedFuture.class DONE
/com/google/common/reflect/TypeToken$Bounds.class starting
/com/google/common/reflect/TypeToken$Bounds.class DONE
/org/apache/lucene/store/IndexInput$1.class starting
/org/apache/lucene/store/IndexInput$1.class DONE
/net/bytebuddy/dynamic/loading/ClassInjector$UsingReflection$Dispatcher$Initializable.class starting
/org/bouncycastle/jcajce/provider/asymmetric/compositesignatures/KeyPairGeneratorSpi$MLDSA65_ECDSA_brainpoolP256r1_SHA512.class starting
/net/bytebuddy/dynamic/loading/ClassInjector$UsingReflection$Dispatcher$Initializable.class DONE
/org/bouncycastle/jcajce/provider/asymmetric/compositesignatures/KeyPairGeneratorSpi$MLDSA65_ECDSA_brainpoolP256r1_SHA512.class DONE
/org/apache/lucene/util/ModuleResourceLoader.class starting
/org/bouncycastle/pqc/jcajce/provider/falcon/SignatureSpi$Base.class starting
/org/bouncycastle/pqc/jcajce/provider/falcon/SignatureSpi$Base.class DONE
/org/apache/lucene/util/ModuleResourceLoader.class DONE
/org/apache/lucene/index/FreqProxFields$FreqProxTermsEnum$1.class starting
/org/bouncycastle/jcajce/provider/digest/Whirlpool$KeyGenerator.class starting
/org/bouncycastle/jcajce/provider/digest/Whirlpool$KeyGenerator.class DONE
/org/apache/lucene/index/FreqProxFields$FreqProxTermsEnum$1.class DONE
/net/bytebuddy/implementation/HashCodeMethod$ValueTransformer$7.class starting
/com/google/common/collect/MultimapBuilder$2.class starting
/net/bytebuddy/implementation/HashCodeMethod$ValueTransformer$7.class DONE
/com/google/common/base/Platform.class starting
/com/google/common/collect/MultimapBuilder$2.class DONE
/org/bouncycastle/jcajce/provider/asymmetric/rsa/PSSSignatureSpi$SHA512withRSA.class starting
/com/google/common/base/Platform.class DONE
/com/google/common/net/HttpHeaders.class starting
/com/google/common/net/HttpHeaders.class DONE
/org/bouncycastle/pqc/crypto/falcon/FalconSmallPrime.class starting
/org/bouncycastle/jcajce/provider/asymmetric/rsa/PSSSignatureSpi$SHA512withRSA.class DONE
/org/bouncycastle/pqc/crypto/falcon/FalconSmallPrime.class DONE
/net/bytebuddy/implementation/InvocationHandlerAdapter.class starting
/net/bytebuddy/implementation/InvocationHandlerAdapter.class DONE
/org/bouncycastle/crypto/modes/NISTCTSBlockCipher.class starting
/org/bouncycastle/crypto/modes/NISTCTSBlockCipher.class DONE
/org/bouncycastle/jcajce/provider/digest/Skein$HMacKeyGenerator_512_384.class starting
/org/bouncycastle/jcajce/provider/digest/Skein$HMacKeyGenerator_512_384.class DONE
/org/bouncycastle/pqc/legacy/crypto/mceliece/McEliecePrivateKeyParameters.class starting
/org/bouncycastle/pqc/legacy/crypto/mceliece/McEliecePrivateKeyParameters.class DONE
/org/bouncycastle/x509/X509CRLStoreSelector.class starting
/org/bouncycastle/x509/X509CRLStoreSelector.class DONE
/org/apache/lucene/util/fst/Util$FSTPath.class starting
/org/apache/lucene/util/fst/Util$FSTPath.class DONE
/org/apache/lucene/search/LongValuesSource$LongValuesComparatorSource.class starting
/org/apache/lucene/search/LongValuesSource$LongValuesComparatorSource.class DONE
/net/bytebuddy/description/type/TypeDescription$Generic$OfParameterizedType$Latent.class starting
/net/bytebuddy/description/type/TypeDescription$Generic$OfParameterizedType$Latent.class DONE
/org/bouncycastle/pqc/crypto/util/PublicKeyFactory$LMSConverter.class starting
/org/bouncycastle/pqc/crypto/util/PublicKeyFactory$LMSConverter.class DONE
/org/bouncycastle/crypto/util/SSHNamedCurves$3.class starting
/org/bouncycastle/crypto/util/SSHNamedCurves$3.class DONE
/com/google/common/io/LineProcessor.class starting
/net/bytebuddy/implementation/bind/annotation/Morph$Binder$RedirectionProxy$InstanceFieldConstructor$Appender.class starting
/com/google/common/io/LineProcessor.class DONE
/net/bytebuddy/implementation/bind/annotation/Morph$Binder$RedirectionProxy$InstanceFieldConstructor$Appender.class DONE
/com/google/common/cache/LongAddables.class starting
/com/google/common/cache/LongAddables.class DONE
/org/bouncycastle/jcajce/provider/symmetric/CAST5$CBC.class starting
/org/bouncycastle/jcajce/provider/symmetric/CAST5$CBC.class DONE
/org/bouncycastle/jcajce/provider/symmetric/HC128$KeyGen.class starting
/org/bouncycastle/jcajce/provider/symmetric/HC128$KeyGen.class DONE
/org/bouncycastle/pqc/crypto/xmss/XMSSMTPrivateKeyParameters$Builder.class starting
/org/bouncycastle/pqc/crypto/xmss/XMSSMTPrivateKeyParameters$Builder.class DONE
/org/bouncycastle/pqc/legacy/math/linearalgebra/GF2Matrix.class starting
/org/bouncycastle/jcajce/provider/asymmetric/ec/KeyAgreementSpi$DHUwithSHA224KDF.class starting
/org/bouncycastle/pqc/legacy/math/linearalgebra/GF2Matrix.class DONE
/org/apache/lucene/document/FloatPoint$2.class starting
/org/bouncycastle/jcajce/provider/asymmetric/ec/KeyAgreementSpi$DHUwithSHA224KDF.class DONE
/org/apache/lucene/document/FloatPoint$2.class DONE
/org/bouncycastle/pqc/math/ntru/parameters/NTRUHPS2048509.class starting
/org/apache/lucene/index/SortedNumericDocValuesWriter.class starting
/org/bouncycastle/pqc/math/ntru/parameters/NTRUHPS2048509.class DONE
/org/apache/lucene/index/SortedNumericDocValuesWriter.class DONE
/net/bytebuddy/implementation/bytecode/ByteCodeAppender$Compound.class starting
/com/google/common/collect/Maps$AsMapView$1EntrySetImpl.class starting
/com/google/common/collect/Maps$AsMapView$1EntrySetImpl.class DONE
/net/bytebuddy/implementation/bytecode/ByteCodeAppender$Compound.class DONE
/net/bytebuddy/asm/Advice$Dispatcher$Resolved$AbstractBase.class starting
/org/apache/lucene/search/TopDocsCollector.class starting
/net/bytebuddy/asm/Advice$Dispatcher$Resolved$AbstractBase.class DONE
/org/apache/lucene/search/TopDocsCollector.class DONE
/org/bouncycastle/math/ec/custom/sec/SecP384R1FieldElement.class starting
/org/bouncycastle/jcajce/provider/asymmetric/ec/BCECPrivateKey.class starting
/org/bouncycastle/math/ec/custom/sec/SecP384R1FieldElement.class DONE
/org/bouncycastle/crypto/engines/SparkleEngine$1.class starting
/org/bouncycastle/crypto/engines/SparkleEngine$1.class DONE
/org/bouncycastle/asn1/sec/SECNamedCurves$17.class starting
/org/bouncycastle/asn1/sec/SECNamedCurves$17.class DONE
/com/google/common/collect/AbstractMapBasedMultiset$2$1.class starting
/com/google/common/collect/AbstractMapBasedMultiset$2$1.class DONE
/net/bytebuddy/asm/Advice$OffsetMapping.class starting
/net/bytebuddy/asm/Advice$OffsetMapping.class DONE
/org/bouncycastle/asn1/ASN1ObjectDescriptor$1.class starting
/org/bouncycastle/asn1/ASN1ObjectDescriptor$1.class DONE
/net/bytebuddy/implementation/bind/annotation/AllArguments.class starting
/net/bytebuddy/implementation/bind/annotation/AllArguments.class DONE
/com/google/common/cache/LocalCache$EntryFactory$2.class starting
/com/google/common/cache/LocalCache$EntryFactory$2.class DONE
/org/apache/lucene/search/ImpactsDISI.class starting
/org/apache/lucene/search/ImpactsDISI.class DONE
/net/bytebuddy/build/EntryPoint$Default.class starting
/net/bytebuddy/build/EntryPoint$Default.class DONE
/org/apache/lucene/search/similarities/MultiSimilarity.class starting
/org/apache/lucene/search/similarities/MultiSimilarity.class DONE
/org/apache/lucene/document/LatLonPointDistanceQuery.class starting
/org/apache/lucene/document/LatLonPointDistanceQuery.class DONE
/com/google/common/util/concurrent/AbstractFuture$Listener.class starting
/com/google/common/util/concurrent/AbstractFuture$Listener.class DONE
/net/bytebuddy/dynamic/VisibilityBridgeStrategy$Default$2.class starting
/net/bytebuddy/dynamic/VisibilityBridgeStrategy$Default$2.class DONE
/org/apache/lucene/index/TermVectorsConsumerPerField$TermVectorsPostingsArray.class starting
/org/apache/lucene/index/TermVectorsConsumerPerField$TermVectorsPostingsArray.class DONE
/org/apache/lucene/internal/hppc/LongIntHashMap$LongIntCursor.class starting
/org/apache/lucene/internal/hppc/LongIntHashMap$LongIntCursor.class DONE
/org/apache/lucene/codecs/lucene90/Lucene90PointsFormat.class starting
/org/apache/lucene/codecs/lucene90/Lucene90PointsFormat.class DONE
/org/apache/lucene/util/automaton/MinimizationOperations$IntPair.class starting
/org/apache/lucene/util/automaton/MinimizationOperations$IntPair.class DONE
/com/google/common/hash/Hashing.class starting
/com/google/common/hash/Hashing.class DONE
/org/bouncycastle/jcajce/spec/SkeinParameterSpec.class starting
/org/bouncycastle/jcajce/spec/SkeinParameterSpec.class DONE
/net/bytebuddy/agent/builder/AgentBuilder$RedefinitionStrategy$Listener$Adapter.class starting
/net/bytebuddy/agent/builder/AgentBuilder$RedefinitionStrategy$Listener$Adapter.class DONE
/net/bytebuddy/jar/asm/RecordComponentWriter.class starting
/net/bytebuddy/jar/asm/RecordComponentWriter.class DONE
/com/google/common/collect/Multisets$4.class starting
/com/google/common/collect/Multisets$4.class DONE
/org/apache/lucene/index/BaseTermsEnum$1.class starting
/org/apache/lucene/index/BaseTermsEnum$1.class DONE
/net/bytebuddy/utility/dispatcher/JavaDispatcher$Dispatcher.class starting
/net/bytebuddy/utility/dispatcher/JavaDispatcher$Dispatcher.class DONE
/org/bouncycastle/asn1/ocsp/OCSPRequest.class starting
/org/bouncycastle/asn1/ocsp/OCSPRequest.class DONE
/org/apache/lucene/codecs/KnnVectorsWriter$ByteVectorValuesSub.class starting
/org/apache/lucene/codecs/KnnVectorsWriter$ByteVectorValuesSub.class DONE
/net/bytebuddy/asm/ClassVisitorFactory$FrameTranslator.class starting
/net/bytebuddy/asm/ClassVisitorFactory$FrameTranslator.class DONE
/com/google/common/collect/TreeTraverser.class starting
/com/google/common/collect/TreeTraverser.class DONE
/org/bouncycastle/jcajce/provider/asymmetric/CompositeSignatures.class starting
/org/bouncycastle/jcajce/provider/asymmetric/CompositeSignatures.class DONE
/org/bouncycastle/jcajce/BCFKSLoadStoreParameter$SignatureAlgorithm.class starting
/org/bouncycastle/jcajce/BCFKSLoadStoreParameter$SignatureAlgorithm.class DONE
/com/google/common/graph/AbstractBaseGraph$1.class starting
/com/google/common/graph/AbstractBaseGraph$1.class DONE
/net/bytebuddy/implementation/bytecode/member/FieldAccess$AccessDispatcher$FieldPutInstruction.class starting
/net/bytebuddy/implementation/bytecode/member/FieldAccess$AccessDispatcher$FieldPutInstruction.class DONE
/org/apache/lucene/index/ConcurrentMergeScheduler.class starting
/org/apache/lucene/index/ConcurrentMergeScheduler.class DONE
/org/bouncycastle/pqc/asn1/PQCObjectIdentifiers.class starting
/org/bouncycastle/pqc/asn1/PQCObjectIdentifiers.class DONE
/org/bouncycastle/jcajce/provider/digest/SHA3$Mappings.class starting
/org/bouncycastle/jcajce/provider/digest/SHA3$Mappings.class DONE
/com/google/common/collect/CollectSpliterators.class starting
/com/google/common/collect/CollectSpliterators.class DONE
/net/bytebuddy/agent/builder/AgentBuilder$PoolStrategy$Default.class starting
/net/bytebuddy/agent/builder/AgentBuilder$PoolStrategy$Default.class DONE
/net/bytebuddy/asm/Advice$AssignReturned$ToReturned$Handler.class starting
/net/bytebuddy/asm/Advice$AssignReturned$ToReturned$Handler.class DONE
/org/bouncycastle/jcajce/provider/asymmetric/ec/BCECPrivateKey.class DONE
/org/bouncycastle/jce/provider/RFC3280CertPathUtilities.class starting
/org/bouncycastle/jce/provider/RFC3280CertPathUtilities.class DONE
/org/bouncycastle/jcajce/provider/asymmetric/rsa/PSSSignatureSpi$SHA512withRSA.class starting
/org/bouncycastle/jcajce/provider/asymmetric/rsa/PSSSignatureSpi$SHA512withRSA.class DONE
/org/bouncycastle/pqc/crypto/xmss/XMSSMTPrivateKeyParameters$Builder.class starting
/org/bouncycastle/pqc/crypto/xmss/XMSSMTPrivateKeyParameters$Builder.class DONE
/org/bouncycastle/math/ec/custom/gm/SM2P256V1FieldElement.class starting
/org/bouncycastle/math/ec/custom/gm/SM2P256V1FieldElement.class DONE
/org/apache/lucene/document/XYShapeDocValues.class starting
/org/apache/lucene/document/XYShapeDocValues.class DONE
/org/bouncycastle/math/ec/custom/gm/SM2P256V1FieldElement.class starting
/org/apache/lucene/document/XYShapeDocValues.class starting
/org/bouncycastle/math/ec/custom/gm/SM2P256V1FieldElement.class DONE
/org/bouncycastle/jce/provider/RFC3280CertPathUtilities.class starting
/org/apache/lucene/document/XYShapeDocValues.class DONE
/org/bouncycastle/pqc/crypto/xmss/XMSSMTPrivateKeyParameters$Builder.class starting
/org/apache/lucene/codecs/lucene90/Lucene90PointsFormat.class starting
/org/apache/lucene/codecs/lucene90/Lucene90PointsFormat.class DONE
/org/bouncycastle/math/ec/custom/sec/SecP384R1FieldElement.class starting
/org/bouncycastle/jce/provider/RFC3280CertPathUtilities.class DONE
/org/apache/lucene/document/LatLonPointDistanceQuery.class starting
/org/bouncycastle/pqc/crypto/xmss/XMSSMTPrivateKeyParameters$Builder.class DONE
/org/apache/lucene/document/LatLonPointDistanceQuery.class DONE
/org/bouncycastle/math/ec/custom/sec/SecP384R1FieldElement.class DONE
Could not read file /com/google/common/collect/DenseImmutableTable.class
Could not read file /org/apache/lucene/document/ShapeDocValues.class
Could not read file /org/apache/lucene/index/MergeRateLimiter.class
*****
{
  "olly": {
    "version": 2,
    "wall_time": 154.82,
    "cpu_time": 1995.39,
    "gc_time": 155.77,
    "gc_overhead": 7.81,
    "max_rss_kb": 3528716,
    "domain_stats": {
      "0": {
        "wall_time": 154.82,
        "gc_time": 2.43,
        "gc_overhead": 1.57
      },
      "1": {
        "wall_time": 153.33,
        "gc_time": 11.39,
        "gc_overhead": 7.43
      },
      "2": {
        "wall_time": 153.35,
        "gc_time": 16.28,
        "gc_overhead": 10.62
      },
      "3": {
        "wall_time": 153.29,
        "gc_time": 10.74,
        "gc_overhead": 7.0
      },
      "4": {
        "wall_time": 153.28,
        "gc_time": 15.13,
        "gc_overhead": 9.87
      },
      "5": {
        "wall_time": 153.37,
        "gc_time": 14.48,
        "gc_overhead": 9.44
      },
      "6": {
        "wall_time": 153.34,
        "gc_time": 10.38,
        "gc_overhead": 6.77
      },
      "7": {
        "wall_time": 154.03,
        "gc_time": 10.77,
        "gc_overhead": 6.99
      },
      "8": {
        "wall_time": 153.36,
        "gc_time": 19.89,
        "gc_overhead": 12.97
      },
      "9": {
        "wall_time": 153.29,
        "gc_time": 10.13,
        "gc_overhead": 6.61
      },
      "10": {
        "wall_time": 153.35,
        "gc_time": 11.59,
        "gc_overhead": 7.56
      },
      "11": {
        "wall_time": 153.31,
        "gc_time": 11.65,
        "gc_overhead": 7.6
      },
      "12": {
        "wall_time": 153.28,
        "gc_time": 10.93,
        "gc_overhead": 7.13
      }
    },
    "mean_latency": 5.052418,
    "stddev_latency": 9.304343,
    "min_latency": 0.0,
    "max_latency": 157.024255,
    "distr_latency": {
      "25.0000": 0.001039,
      "50.0000": 0.001967,
      "60.0000": 0.004671,
      "70.0000": 3.647487,
      "75.0000": 7.573503,
      "80.0000": 11.755519,
      "85.0000": 15.319039,
      "90.0000": 18.907135,
      "95.0000": 23.969791,
      "96.0000": 25.411583,
      "97.0000": 27.295743,
      "98.0000": 30.048255,
      "99.0000": 35.880959,
      "99.9000": 70.844415,
      "99.9900": 115.081215,
      "99.9990": 157.024255,
      "99.9999": 157.024255,
      "100.0000": 157.024255
    },
    "outliers": {
      "count": 0,
      "mean_latency": 0.0,
      "max_latency": 0.0
    },
    "allocations": {
      "total_heap": 53786049283,
      "minor_heap": 53975567246,
      "major_heap": 453077618,
      "promoted_words": 642595581,
      "promoted_pct": 1.19
    },
    "domain_alloc_stats": {
      "0": {
        "total": 28169633,
        "minor": 9724296,
        "promoted": 8660453,
        "major": 27105790,
        "promoted_pct": 89.06
      },
      "1": {
        "total": 2574285833,
        "minor": 2581703565,
        "promoted": 36932053,
        "major": 29514321,
        "promoted_pct": 1.43
      },
      "2": {
        "total": 9152250641,
        "minor": 9165428993,
        "promoted": 50516233,
        "major": 37337881,
        "promoted_pct": 0.55
      },
      "3": {
        "total": 2932492014,
        "minor": 2943704572,
        "promoted": 39598276,
        "major": 28385718,
        "promoted_pct": 1.35
      },
      "4": {
        "total": 3922972797,
        "minor": 3946004492,
        "promoted": 59606346,
        "major": 36574651,
        "promoted_pct": 1.51
      },
      "5": {
        "total": 6463975680,
        "minor": 6485084863,
        "promoted": 74160898,
        "major": 53051715,
        "promoted_pct": 1.14
      },
      "6": {
        "total": 2704061423,
        "minor": 2711164753,
        "promoted": 41174158,
        "major": 34070828,
        "promoted_pct": 1.52
      },
      "7": {
        "total": 3024346762,
        "minor": 3035990860,
        "promoted": 42735424,
        "major": 31091326,
        "promoted_pct": 1.41
      },
      "8": {
        "total": 10247484724,
        "minor": 10292210272,
        "promoted": 100070037,
        "major": 55344489,
        "promoted_pct": 0.97
      },
      "9": {
        "total": 2839897331,
        "minor": 2855239925,
        "promoted": 44975519,
        "major": 29632925,
        "promoted_pct": 1.58
      },
      "10": {
        "total": 3846960787,
        "minor": 3870676071,
        "promoted": 61254793,
        "major": 37539509,
        "promoted_pct": 1.58
      },
      "11": {
        "total": 3286315421,
        "minor": 3300545083,
        "promoted": 40092042,
        "major": 25862380,
        "promoted_pct": 1.21
      },
      "12": {
        "total": 2762836237,
        "minor": 2778089501,
        "promoted": 42819349,
        "major": 27566085,
        "promoted_pct": 1.54
      }
    },
    "collections": {
      "minor": 1468,
      "major": 42,
      "forced_major": 0,
      "compactions": 0
    },
    "stats_reliable": true
  },
  "perf": [
    {
      "counter-value": "301893.923490",
      "unit": "msec",
      "event": "task-clock",
      "event-runtime": 301893923490,
      "pcnt-running": 100.0,
      "metric-value": "1.945118",
      "metric-unit": "CPUs utilized"
    },
    {
      "counter-value": "854776.000000",
      "unit": "",
      "event": "page-faults",
      "event-runtime": 301893919299,
      "pcnt-running": 100.0,
      "metric-value": "2.831379",
      "metric-unit": "K/sec"
    },
    {
      "counter-value": "993850397997.000000",
      "unit": "",
      "event": "cycles",
      "event-runtime": 301893916790,
      "pcnt-running": 100.0,
      "metric-value": "3.292052",
      "metric-unit": "GHz"
    },
    {
      "counter-value": "1169053403877.000000",
      "unit": "",
      "event": "instructions",
      "event-runtime": 301893910685,
      "pcnt-running": 100.0,
      "metric-value": "1.176287",
      "metric-unit": "insn per cycle"
    }
  ]
}
-----
mkdir -p PLOTTY_WORKAROUND; timedrun; OCAMLRUNPARAM="s=524288,o=40,e=18,d=128" /home/udesou/.bench-agent/git/macro-benches/benchmarks/infer/infer_default-ocaml-5.5.0-f523850
running-ng v0.3.8
Wed Sep  9 01:19:13 PM UTC 2026

 13:19:13 up 2 days, 13:13,  2 users,  load average: 7.03, 8.43, 8.35
USER     TTY      FROM             LOGIN@   IDLE   JCPU   PCPU  WHAT

procs -----------memory---------- ---swap-- -----io---- -system-- -------cpu-------
 r  b   swpd   free   buff  cache   si   so    bi    bo   in   cs us sy id wa st gu
 1  1      0 42169776 4121636 18468472    0    0    40   763 2163    3 13  0 76 11  0  0
 0  1      0 42175228 4121636 18468156    0    0     0     0 1723 2706  0  0 88 12  0  0

top - 13:19:14 up 2 days, 13:13,  2 users,  load average: 7.03, 8.43, 8.35
Tasks: 277 total,   1 running, 276 sleeping,   0 stopped,   0 zombie
%Cpu(s):  0.0 us,  0.0 sy,  0.0 ni, 88.2 id, 11.8 wa,  0.0 hi,  0.0 si,  0.0 st 
MiB Mem :  64272.5 total,  41187.1 free,   1748.9 used,  22060.3 buff/cache     
MiB Swap:   8192.0 total,   8192.0 free,      0.0 used.  62523.5 avail Mem 

    PID USER      PR  NI    VIRT    RES    SHR S  %CPU  %MEM     TIME+ COMMAND
 243169 udesou    20   0   11908   5712   3560 R   9.1   0.0   0:00.01 top -bcn 1 -w512
      1 root      20   0   22748  14152   9580 S   0.0   0.0   1:39.83 /sbin/init
      2 root      20   0       0      0      0 S   0.0   0.0   0:00.03 [kthreadd]
      3 root      20   0       0      0      0 S   0.0   0.0   0:00.00 [pool_workqueue_release]
      4 root       0 -20       0      0      0 I   0.0   0.0   0:00.00 [kworker/R-rcu_g]

Environment variables: 
	CONFIG_FILE=/home/udesou/.bench-agent/work/run-20260907-001-e1/run-20260907-001.yml
	HOME=/home/udesou
	LANG=en_US.UTF-8
	LOGNAME=udesou
	LOG_DIR=/home/udesou/.bench-agent/logs
	OLLY_DIR=/home/udesou/.bench-agent/git/olly
	PATH=/usr/local/bin:/home/udesou/.bench-agent/git/olly/_build/install/default/bin:/home/udesou/ocaml-bench-service/_opam/bin:/home/udesou/.vscode-server/data/User/globalStorage/github.copilot-chat/debugCommand:/home/udesou/.vscode-server/data/User/globalStorage/github.copilot-chat/copilotCli:/home/udesou/.vscode-server/cli/servers/Stable-08d4889f9ec4a1685d257b9b95de036c8e1ce1e5/server/bin/remote-cli:/home/udesou/.opam/running-ng-ocaml-5.5.0-f523850-fp-flambda/bin:/home/udesou/.local/bin:/home/udesou/.opam/running-ng-ocaml-5.5.0-f523850-fp-flambda/bin:/home/udesou/.local/bin:/usr/local/sbin:/usr/local/bin:/usr/sbin:/usr/bin:/sbin:/bin:/usr/games:/usr/local/games:/snap/bin
	PWD=/home/udesou/ocaml-bench-service
	PYTHONPATH=/home/udesou/.bench-agent/git/running-ng/src
	RUNNING_BENCH_DIR=/home/udesou/.bench-agent/git/macro-benches
	RUNNING_MACRO_BENCH_DIR=/home/udesou/.bench-agent/git/macro-benches
	RUNNING_NG_PACKAGE_DATA=/home/udesou/.bench-agent/git/running-ng/src/running/config
	RUNNING_REUSE_SWITCHES=1
	RUNNING_TAG=default_run,large_run
	SHELL=/bin/bash
	SHLVL=1
	TERM=screen.xterm-256color
	USER=udesou
	_=/usr/bin/python3
OS: Linux obelisk 6.8.0-139-generic #139-Ubuntu SMP PREEMPT_DYNAMIC Sat Aug  1 03:52:05 UTC 2026 x86_64 x86_64 x86_64 GNU/Linux
CPU: model name	: Intel(R) Xeon(R) CPU E5-2667 v2 @ 3.30GHz
number of cores: 8
Frequency of cpu 0: 3.30 GHz
Governor of cpu 0: performance
Scaling_min_freq of cpu 0: 1.20 GHz
Frequency of cpu 2: 3.30 GHz
Governor of cpu 2: performance
Scaling_min_freq of cpu 2: 1.20 GHz
Frequency of cpu 4: 3.30 GHz
Governor of cpu 4: performance
Scaling_min_freq of cpu 4: 1.20 GHz
Frequency of cpu 6: 3.30 GHz
Governor of cpu 6: performance
Scaling_min_freq of cpu 6: 1.20 GHz
WARNING: Failed to resolve file /com/google/common/annotations/Beta.class with "No such file or directory" 

WARNING: Failed to resolve file /com/google/common/base/Converter$IdentityConverter.class with "No such file or directory" 

WARNING: Failed to resolve file /com/google/common/base/Platform.class with "No such file or directory" 

WARNING: Failed to resolve file /com/google/common/base/Utf8.class with "No such file or directory" 

WARNING: Failed to resolve file /com/google/common/cache/LocalCache$EntryFactory$2.class with "No such file or directory" 

WARNING: Failed to resolve file /com/google/common/cache/LongAddables.class with "No such file or directory" 

WARNING: Failed to resolve file /com/google/common/collect/AbstractMapBasedMultiset$2$1.class with "No such file or directory" 

WARNING: Failed to resolve file /com/google/common/collect/CollectSpliterators.class with "No such file or directory" 

WARNING: Failed to resolve file /com/google/common/collect/DenseImmutableTable.class with "No such file or directory" 

WARNING: Failed to resolve file /com/google/common/collect/ForwardingConcurrentMap.class with "No such file or directory" 

WARNING: Failed to resolve file /com/google/common/collect/HashMultimap.class with "No such file or directory" 

WARNING: Failed to resolve file /com/google/common/collect/ImmutableMultimap$Builder.class with "No such file or directory" 

WARNING: Failed to resolve file /com/google/common/collect/ImmutableSortedSet$1.class with "No such file or directory" 

WARNING: Failed to resolve file /com/google/common/collect/JdkBackedImmutableMap.class with "No such file or directory" 

WARNING: Failed to resolve file /com/google/common/collect/MapMakerInternalMap$EntrySet.class with "No such file or directory" 

WARNING: Failed to resolve file /com/google/common/collect/Maps$AsMapView$1EntrySetImpl.class with "No such file or directory" 

WARNING: Failed to resolve file /com/google/common/collect/MultimapBuilder$2.class with "No such file or directory" 

WARNING: Failed to resolve file /com/google/common/collect/Multisets$4.class with "No such file or directory" 

WARNING: Failed to resolve file /com/google/common/collect/RegularImmutableMap$Values.class with "No such file or directory" 

WARNING: Failed to resolve file /com/google/common/collect/SortedLists$KeyAbsentBehavior$2.class with "No such file or directory" 

WARNING: Failed to resolve file /com/google/common/collect/Streams$DoubleFunctionWithIndex.class with "No such file or directory" 

WARNING: Failed to resolve file /com/google/common/collect/TransformedListIterator.class with "No such file or directory" 

WARNING: Failed to resolve file /com/google/common/collect/TreeTraverser.class with "No such file or directory" 

WARNING: Failed to resolve file /com/google/common/graph/AbstractBaseGraph$1.class with "No such file or directory" 

WARNING: Failed to resolve file /com/google/common/graph/GraphBuilder.class with "No such file or directory" 

WARNING: Failed to resolve file /com/google/common/graph/ValueGraph.class with "No such file or directory" 

WARNING: Failed to resolve file /com/google/common/hash/Hashing.class with "No such file or directory" 

WARNING: Failed to resolve file /com/google/common/io/BaseEncoding.class with "No such file or directory" 

WARNING: Failed to resolve file /com/google/common/io/LineProcessor.class with "No such file or directory" 

WARNING: Failed to resolve file /com/google/common/net/HttpHeaders.class with "No such file or directory" 

WARNING: Failed to resolve file /com/google/common/primitives/Shorts$ShortConverter.class with "No such file or directory" 

WARNING: Failed to resolve file /com/google/common/reflect/TypeToken$Bounds.class with "No such file or directory" 

WARNING: Failed to resolve file /com/google/common/util/concurrent/AbstractFuture$Listener.class with "No such file or directory" 

WARNING: Failed to resolve file /com/google/common/util/concurrent/AggregateFutureState.class with "No such file or directory" 

WARNING: Failed to resolve file /com/google/common/util/concurrent/ForwardingCheckedFuture$SimpleForwardingCheckedFuture.class with "No such file or directory" 

WARNING: Failed to resolve file /com/google/common/util/concurrent/Monitor$Guard.class with "No such file or directory" 

WARNING: Failed to resolve file /com/google/common/util/concurrent/SimpleTimeLimiter$1.class with "No such file or directory" 

WARNING: Failed to resolve file /net/bytebuddy/ByteBuddy$RecordConstructorStrategy.class with "No such file or directory" 

WARNING: Failed to resolve file /net/bytebuddy/agent/builder/AgentBuilder$Default$NativeMethodStrategy$ForPrefix.class with "No such file or directory" 

WARNING: Failed to resolve file /net/bytebuddy/agent/builder/AgentBuilder$InstallationListener$Compound.class with "No such file or directory" 

WARNING: Failed to resolve file /net/bytebuddy/agent/builder/AgentBuilder$PoolStrategy$Default.class with "No such file or directory" 

WARNING: Failed to resolve file /net/bytebuddy/agent/builder/AgentBuilder$RedefinitionStrategy$Listener$Adapter.class with "No such file or directory" 

WARNING: Failed to resolve file /net/bytebuddy/agent/builder/package-info.class with "No such file or directory" 

WARNING: Failed to resolve file /net/bytebuddy/asm/Advice$AssignReturned$ToReturned$Handler.class with "No such file or directory" 

WARNING: Failed to resolve file /net/bytebuddy/asm/Advice$Dispatcher$Resolved$AbstractBase.class with "No such file or directory" 

WARNING: Failed to resolve file /net/bytebuddy/asm/Advice$OffsetMapping$ForInstrumentedMethod$2.class with "No such file or directory" 

WARNING: Failed to resolve file /net/bytebuddy/asm/Advice$OffsetMapping.class with "No such file or directory" 

WARNING: Failed to resolve file /net/bytebuddy/asm/ClassVisitorFactory$FrameTranslator.class with "No such file or directory" 

WARNING: Failed to resolve file /net/bytebuddy/asm/MemberSubstitution$TypePoolResolver$OfImplicitPool.class with "No such file or directory" 

WARNING: Failed to resolve file /net/bytebuddy/build/EntryPoint$Default.class with "No such file or directory" 

WARNING: Failed to resolve file /net/bytebuddy/build/Plugin$Engine$Listener$StreamWriting.class with "No such file or directory" 

WARNING: Failed to resolve file /net/bytebuddy/build/Plugin$Factory$UsingReflection$Instantiator$Unresolved.class with "No such file or directory" 

WARNING: Failed to resolve file /net/bytebuddy/description/annotation/AnnotationDescription.class with "No such file or directory" 

WARNING: Failed to resolve file /net/bytebuddy/description/annotation/AnnotationValue$Loaded$AbstractBase$ForUnresolvedProperty.class with "No such file or directory" 

WARNING: Failed to resolve file /net/bytebuddy/description/method/MethodList$Explicit.class with "No such file or directory" 

WARNING: Failed to resolve file /net/bytebuddy/description/modifier/SynchronizationState.class with "No such file or directory" 

WARNING: Failed to resolve file /net/bytebuddy/description/type/TypeDescription$Generic$AnnotationReader$Delegator$ForLoadedTypeVariable.class with "No such file or directory" 

WARNING: Failed to resolve file /net/bytebuddy/description/type/TypeDescription$Generic$OfParameterizedType$Latent.class with "No such file or directory" 

WARNING: Failed to resolve file /net/bytebuddy/description/type/TypeDescription$Latent.class with "No such file or directory" 

WARNING: Failed to resolve file /net/bytebuddy/dynamic/ClassFileLocator$ForModuleFile.class with "No such file or directory" 

WARNING: Failed to resolve file /net/bytebuddy/dynamic/DynamicType$Builder$MethodDefinition$ParameterDefinition$Simple$Annotatable$AbstractBase.class with "No such file or directory" 

WARNING: Failed to resolve file /net/bytebuddy/dynamic/VisibilityBridgeStrategy$Default$2.class with "No such file or directory" 

WARNING: Failed to resolve file /net/bytebuddy/dynamic/loading/ClassInjector$UsingReflection$Dispatcher$Initializable.class with "No such file or directory" 

WARNING: Failed to resolve file /net/bytebuddy/dynamic/loading/PackageDefinitionStrategy$ManifestReading.class with "No such file or directory" 

WARNING: Failed to resolve file /net/bytebuddy/dynamic/scaffold/MethodGraph$Compiler$Default$Key$Store$Entry$Initial.class with "No such file or directory" 

WARNING: Failed to resolve file /net/bytebuddy/dynamic/scaffold/TypeWriter$Default$ClassDumpAction$Dispatcher$Enabled.class with "No such file or directory" 

WARNING: Failed to resolve file /net/bytebuddy/dynamic/scaffold/TypeWriter$MethodPool$Record$AccessBridgeWrapper.class with "No such file or directory" 

WARNING: Failed to resolve file /net/bytebuddy/dynamic/scaffold/subclass/SubclassImplementationTarget$OriginTypeResolver$1.class with "No such file or directory" 

WARNING: Failed to resolve file /net/bytebuddy/implementation/FieldAccessor$FieldLocation.class with "No such file or directory" 

WARNING: Failed to resolve file /net/bytebuddy/implementation/HashCodeMethod$ValueTransformer$7.class with "No such file or directory" 

WARNING: Failed to resolve file /net/bytebuddy/implementation/InvocationHandlerAdapter.class with "No such file or directory" 

WARNING: Failed to resolve file /net/bytebuddy/implementation/InvokeDynamic$WithImplicitArguments.class with "No such file or directory" 

WARNING: Failed to resolve file /net/bytebuddy/implementation/MethodCall$MethodInvoker.class with "No such file or directory" 

WARNING: Failed to resolve file /net/bytebuddy/implementation/MethodDelegation.class with "No such file or directory" 

WARNING: Failed to resolve file /net/bytebuddy/implementation/attribute/AnnotationValueFilter$Factory.class with "No such file or directory" 

WARNING: Failed to resolve file /net/bytebuddy/implementation/auxiliary/TypeProxy$1.class with "No such file or directory" 

WARNING: Failed to resolve file /net/bytebuddy/implementation/bind/annotation/AllArguments.class with "No such file or directory" 

WARNING: Failed to resolve file /net/bytebuddy/implementation/bind/annotation/Morph$Binder$RedirectionProxy$InstanceFieldConstructor$Appender.class with "No such file or directory" 

WARNING: Failed to resolve file /net/bytebuddy/implementation/bytecode/ByteCodeAppender$Compound.class with "No such file or directory" 

WARNING: Failed to resolve file /net/bytebuddy/implementation/bytecode/assign/reference/GenericTypeAwareAssigner$IsAssignableToVisitor$OfGenericArray.class with "No such file or directory" 

WARNING: Failed to resolve file /net/bytebuddy/implementation/bytecode/member/FieldAccess$AccessDispatcher$FieldPutInstruction.class with "No such file or directory" 

WARNING: Failed to resolve file /net/bytebuddy/jar/asm/RecordComponentWriter.class with "No such file or directory" 

WARNING: Failed to resolve file /net/bytebuddy/matcher/FilterableList.class with "No such file or directory" 

WARNING: Failed to resolve file /net/bytebuddy/matcher/TypeSortMatcher.class with "No such file or directory" 

WARNING: Failed to resolve file /net/bytebuddy/pool/TypePool$Default$LazyTypeDescription$AnnotationToken.class with "No such file or directory" 

WARNING: Failed to resolve file /net/bytebuddy/pool/TypePool$Default$LazyTypeDescription$LazyMethodDescription$LazyParameterizedReceiverType$TypeArgumentList$AnnotatedTypeVariable.class with "No such file or directory" 

WARNING: Failed to resolve file /net/bytebuddy/utility/FileSystem$ForNio2CapableVm$StandardCopyOption.class with "No such file or directory" 

WARNING: Failed to resolve file /net/bytebuddy/utility/dispatcher/JavaDispatcher$Dispatcher.class with "No such file or directory" 

WARNING: Failed to resolve file /org/apache/lucene/analysis/CharArrayMap.class with "No such file or directory" 

WARNING: Failed to resolve file /org/apache/lucene/analysis/tokenattributes/TermToBytesRefAttribute.class with "No such file or directory" 

WARNING: Failed to resolve file /org/apache/lucene/codecs/KnnVectorsWriter$ByteVectorValuesSub.class with "No such file or directory" 

WARNING: Failed to resolve file /org/apache/lucene/codecs/hnsw/DefaultFlatVectorScorer$ByteScoringSupplier$1.class with "No such file or directory" 

WARNING: Failed to resolve file /org/apache/lucene/codecs/lucene90/Lucene90DocValuesProducer$17.class with "No such file or directory" 

WARNING: Failed to resolve file /org/apache/lucene/codecs/lucene90/Lucene90PointsFormat.class with "No such file or directory" 

WARNING: Failed to resolve file /org/apache/lucene/codecs/lucene912/ForUtil.class with "No such file or directory" 

WARNING: Failed to resolve file /org/apache/lucene/codecs/lucene99/Lucene99HnswVectorsWriter$2.class with "No such file or directory" 

WARNING: Failed to resolve file /org/apache/lucene/document/BinaryPoint$1.class with "No such file or directory" 

WARNING: Failed to resolve file /org/apache/lucene/document/FloatPoint$2.class with "No such file or directory" 

WARNING: Failed to resolve file /org/apache/lucene/document/LatLonPointDistanceQuery.class with "No such file or directory" 

WARNING: Failed to resolve file /org/apache/lucene/document/ShapeField$QueryRelation.class with "No such file or directory" 

WARNING: Failed to resolve file /org/apache/lucene/document/XYShapeDocValues.class with "No such file or directory" 

WARNING: Failed to resolve file /org/apache/lucene/index/BaseTermsEnum$1.class with "No such file or directory" 

WARNING: Failed to resolve file /org/apache/lucene/index/ConcurrentMergeScheduler.class with "No such file or directory" 

WARNING: Failed to resolve file /org/apache/lucene/index/ExitableDirectoryReader$ExitableFilterAtomicReader$4.class with "No such file or directory" 

WARNING: Failed to resolve file /org/apache/lucene/index/FreqProxFields$FreqProxTermsEnum$1.class with "No such file or directory" 

WARNING: Failed to resolve file /org/apache/lucene/index/IndexWriter$DocModifier.class with "No such file or directory" 

WARNING: Failed to resolve file /org/apache/lucene/index/MultiDocValues$1.class with "No such file or directory" 

WARNING: Failed to resolve file /org/apache/lucene/index/PointValues$IntersectVisitor.class with "No such file or directory" 

WARNING: Failed to resolve file /org/apache/lucene/index/SingletonSortedSetDocValues.class with "No such file or directory" 

WARNING: Failed to resolve file /org/apache/lucene/index/SortedNumericDocValuesWriter.class with "No such file or directory" 

WARNING: Failed to resolve file /org/apache/lucene/index/TermVectorsConsumerPerField$TermVectorsPostingsArray.class with "No such file or directory" 

WARNING: Failed to resolve file /org/apache/lucene/internal/hppc/IntDoubleHashMap$EntryIterator.class with "No such file or directory" 

WARNING: Failed to resolve file /org/apache/lucene/internal/hppc/LongIntHashMap$LongIntCursor.class with "No such file or directory" 

WARNING: Failed to resolve file /org/apache/lucene/search/BlockMaxConjunctionScorer$2.class with "No such file or directory" 

WARNING: Failed to resolve file /org/apache/lucene/search/ConstantScoreQuery$1$1.class with "No such file or directory" 

WARNING: Failed to resolve file /org/apache/lucene/search/DoubleValuesSource$DoubleValuesComparatorSource$1.class with "No such file or directory" 

WARNING: Failed to resolve file /org/apache/lucene/search/ImpactsDISI.class with "No such file or directory" 

WARNING: Failed to resolve file /org/apache/lucene/search/LongValuesSource$LongValuesComparatorSource.class with "No such file or directory" 

WARNING: Failed to resolve file /org/apache/lucene/search/NamedMatches$NamedQuery.class with "No such file or directory" 

WARNING: Failed to resolve file /org/apache/lucene/search/ReqOptSumScorer.class with "No such file or directory" 

WARNING: Failed to resolve file /org/apache/lucene/search/SortedNumericSortField$5.class with "No such file or directory" 

WARNING: Failed to resolve file /org/apache/lucene/search/TopDocsCollector.class with "No such file or directory" 

WARNING: Failed to resolve file /org/apache/lucene/search/comparators/NumericComparator$NumericLeafComparator.class with "No such file or directory" 

WARNING: Failed to resolve file /org/apache/lucene/search/similarities/MultiSimilarity.class with "No such file or directory" 

WARNING: Failed to resolve file /org/apache/lucene/store/IndexInput$1.class with "No such file or directory" 

WARNING: Failed to resolve file /org/apache/lucene/util/AttributeImpl.class with "No such file or directory" 

WARNING: Failed to resolve file /org/apache/lucene/util/DocIdSetBuilder$BulkAdder.class with "No such file or directory" 

WARNING: Failed to resolve file /org/apache/lucene/util/ModuleResourceLoader.class with "No such file or directory" 

WARNING: Failed to resolve file /org/apache/lucene/util/Sorter.class with "No such file or directory" 

WARNING: Failed to resolve file /org/apache/lucene/util/automaton/MinimizationOperations$IntPair.class with "No such file or directory" 

WARNING: Failed to resolve file /org/apache/lucene/util/bkd/OfflinePointWriter.class with "No such file or directory" 

WARNING: Failed to resolve file /org/apache/lucene/util/fst/Util$FSTPath.class with "No such file or directory" 

WARNING: Failed to resolve file /org/apache/lucene/util/mutable/MutableValueDate.class with "No such file or directory" 

WARNING: Failed to resolve file /org/apache/lucene/util/packed/DirectReader$DirectPackedReader32.class with "No such file or directory" 

WARNING: Failed to resolve file /org/apache/lucene/util/packed/PackedWriter.class with "No such file or directory" 

WARNING: Failed to resolve file /org/bouncycastle/asn1/ASN1ObjectDescriptor$1.class with "No such file or directory" 

WARNING: Failed to resolve file /org/bouncycastle/asn1/BEROctetStringParser.class with "No such file or directory" 

WARNING: Failed to resolve file /org/bouncycastle/asn1/LazyEncodedSequence.class with "No such file or directory" 

WARNING: Failed to resolve file /org/bouncycastle/asn1/ocsp/OCSPRequest.class with "No such file or directory" 

WARNING: Failed to resolve file /org/bouncycastle/asn1/sec/SECNamedCurves$17.class with "No such file or directory" 

WARNING: Failed to resolve file /org/bouncycastle/asn1/x500/DirectoryString.class with "No such file or directory" 

WARNING: Failed to resolve file /org/bouncycastle/asn1/x509/NameConstraints.class with "No such file or directory" 

WARNING: Failed to resolve file /org/bouncycastle/asn1/x509/sigi/NameOrPseudonym.class with "No such file or directory" 

WARNING: Failed to resolve file /org/bouncycastle/crypto/CipherKeyGenerator.class with "No such file or directory" 

WARNING: Failed to resolve file /org/bouncycastle/crypto/StagedAgreement.class with "No such file or directory" 

WARNING: Failed to resolve file /org/bouncycastle/crypto/digests/AsconXof$1.class with "No such file or directory" 

WARNING: Failed to resolve file /org/bouncycastle/crypto/digests/ShortenedDigest.class with "No such file or directory" 

WARNING: Failed to resolve file /org/bouncycastle/crypto/ec/ECDecryptor.class with "No such file or directory" 

WARNING: Failed to resolve file /org/bouncycastle/crypto/engines/GOST3412_2015Engine.class with "No such file or directory" 

WARNING: Failed to resolve file /org/bouncycastle/crypto/engines/SparkleEngine$1.class with "No such file or directory" 

WARNING: Failed to resolve file /org/bouncycastle/crypto/generators/ElGamalParametersGenerator.class with "No such file or directory" 

WARNING: Failed to resolve file /org/bouncycastle/crypto/macs/DSTU7564Mac.class with "No such file or directory" 

WARNING: Failed to resolve file /org/bouncycastle/crypto/modes/NISTCTSBlockCipher.class with "No such file or directory" 

WARNING: Failed to resolve file /org/bouncycastle/crypto/params/DHParameters.class with "No such file or directory" 

WARNING: Failed to resolve file /org/bouncycastle/crypto/params/NaccacheSternKeyGenerationParameters.class with "No such file or directory" 

WARNING: Failed to resolve file /org/bouncycastle/crypto/prng/X931SecureRandom.class with "No such file or directory" 

WARNING: Failed to resolve file /org/bouncycastle/crypto/util/DEROtherInfo$1.class with "No such file or directory" 

WARNING: Failed to resolve file /org/bouncycastle/crypto/util/SSHNamedCurves$3.class with "No such file or directory" 

WARNING: Failed to resolve file /org/bouncycastle/jcajce/BCFKSLoadStoreParameter$SignatureAlgorithm.class with "No such file or directory" 

WARNING: Failed to resolve file /org/bouncycastle/jcajce/provider/asymmetric/CompositeSignatures.class with "No such file or directory" 

WARNING: Failed to resolve file /org/bouncycastle/jcajce/provider/asymmetric/compositesignatures/KeyPairGeneratorSpi$MLDSA65_ECDSA_brainpoolP256r1_SHA512.class with "No such file or directory" 

WARNING: Failed to resolve file /org/bouncycastle/jcajce/provider/asymmetric/dh/KeyAgreementSpi$DHwithSHA384CKDF.class with "No such file or directory" 

WARNING: Failed to resolve file /org/bouncycastle/jcajce/provider/asymmetric/ec/BCECPrivateKey.class with "No such file or directory" 

WARNING: Failed to resolve file /org/bouncycastle/jcajce/provider/asymmetric/ec/KeyAgreementSpi$DHUwithSHA224KDF.class with "No such file or directory" 

WARNING: Failed to resolve file /org/bouncycastle/jcajce/provider/asymmetric/ec/KeyPairGeneratorSpi.class with "No such file or directory" 

WARNING: Failed to resolve file /org/bouncycastle/jcajce/provider/asymmetric/ecgost12/KeyAgreementSpi$ECVKO512.class with "No such file or directory" 

WARNING: Failed to resolve file /org/bouncycastle/jcajce/provider/asymmetric/edec/KeyPairGeneratorSpi$X448.class with "No such file or directory" 

WARNING: Failed to resolve file /org/bouncycastle/jcajce/provider/asymmetric/rsa/DigestSignatureSpi$SHA3_384.class with "No such file or directory" 

WARNING: Failed to resolve file /org/bouncycastle/jcajce/provider/asymmetric/rsa/PSSSignatureSpi$SHA512withRSA.class with "No such file or directory" 

WARNING: Failed to resolve file /org/bouncycastle/jcajce/provider/asymmetric/x509/X509CRLInternal.class with "No such file or directory" 

WARNING: Failed to resolve file /org/bouncycastle/jcajce/provider/digest/GOST3411$Mappings.class with "No such file or directory" 

WARNING: Failed to resolve file /org/bouncycastle/jcajce/provider/digest/RIPEMD256$HashMac.class with "No such file or directory" 

WARNING: Failed to resolve file /org/bouncycastle/jcajce/provider/digest/SHA3$Mappings.class with "No such file or directory" 

WARNING: Failed to resolve file /org/bouncycastle/jcajce/provider/digest/Skein$HMacKeyGenerator_512_384.class with "No such file or directory" 

WARNING: Failed to resolve file /org/bouncycastle/jcajce/provider/digest/Whirlpool$KeyGenerator.class with "No such file or directory" 

WARNING: Failed to resolve file /org/bouncycastle/jcajce/provider/keystore/pkcs12/PKCS12KeyStoreSpi$1.class with "No such file or directory" 

WARNING: Failed to resolve file /org/bouncycastle/jcajce/provider/symmetric/AES$PBEWithSHA256And192BitAESBC.class with "No such file or directory" 

WARNING: Failed to resolve file /org/bouncycastle/jcajce/provider/symmetric/CAST5$CBC.class with "No such file or directory" 

WARNING: Failed to resolve file /org/bouncycastle/jcajce/provider/symmetric/DES$Mappings.class with "No such file or directory" 

WARNING: Failed to resolve file /org/bouncycastle/jcajce/provider/symmetric/DSTU7624$GCM128.class with "No such file or directory" 

WARNING: Failed to resolve file /org/bouncycastle/jcajce/provider/symmetric/HC128$KeyGen.class with "No such file or directory" 

WARNING: Failed to resolve file /org/bouncycastle/jcajce/provider/symmetric/PBEPKCS12.class with "No such file or directory" 

WARNING: Failed to resolve file /org/bouncycastle/jcajce/provider/symmetric/Rijndael.class with "No such file or directory" 

WARNING: Failed to resolve file /org/bouncycastle/jcajce/provider/symmetric/Shacal2$AlgParams.class with "No such file or directory" 

WARNING: Failed to resolve file /org/bouncycastle/jcajce/provider/symmetric/Threefish.class with "No such file or directory" 

WARNING: Failed to resolve file /org/bouncycastle/jcajce/provider/symmetric/util/BaseStreamCipher.class with "No such file or directory" 

WARNING: Failed to resolve file /org/bouncycastle/jcajce/spec/SkeinParameterSpec.class with "No such file or directory" 

WARNING: Failed to resolve file /org/bouncycastle/jce/provider/AnnotatedException.class with "No such file or directory" 

WARNING: Failed to resolve file /org/bouncycastle/jce/provider/RFC3280CertPathUtilities.class with "No such file or directory" 

WARNING: Failed to resolve file /org/bouncycastle/math/ec/ECCurve$Config.class with "No such file or directory" 

WARNING: Failed to resolve file /org/bouncycastle/math/ec/custom/gm/SM2P256V1FieldElement.class with "No such file or directory" 

WARNING: Failed to resolve file /org/bouncycastle/math/ec/custom/sec/SecP384R1FieldElement.class with "No such file or directory" 

WARNING: Failed to resolve file /org/bouncycastle/math/ec/custom/sec/SecT239K1Curve.class with "No such file or directory" 

WARNING: Failed to resolve file /org/bouncycastle/math/ec/rfc8032/Ed25519$PointTemp.class with "No such file or directory" 

WARNING: Failed to resolve file /org/bouncycastle/pqc/asn1/PQCObjectIdentifiers.class with "No such file or directory" 

WARNING: Failed to resolve file /org/bouncycastle/pqc/crypto/crystals/dilithium/DilithiumKeyPairGenerator.class with "No such file or directory" 

WARNING: Failed to resolve file /org/bouncycastle/pqc/crypto/falcon/FalconSmallPrime.class with "No such file or directory" 

WARNING: Failed to resolve file /org/bouncycastle/pqc/crypto/hqc/HQCKEMExtractor.class with "No such file or directory" 

WARNING: Failed to resolve file /org/bouncycastle/pqc/crypto/newhope/NHKeyPairGenerator.class with "No such file or directory" 

WARNING: Failed to resolve file /org/bouncycastle/pqc/crypto/picnic/PicnicEngine.class with "No such file or directory" 

WARNING: Failed to resolve file /org/bouncycastle/pqc/crypto/sphincs/SPHINCS256KeyGenerationParameters.class with "No such file or directory" 

WARNING: Failed to resolve file /org/bouncycastle/pqc/crypto/util/PublicKeyFactory$LMSConverter.class with "No such file or directory" 

WARNING: Failed to resolve file /org/bouncycastle/pqc/crypto/xmss/XMSSMTPrivateKeyParameters$Builder.class with "No such file or directory" 

WARNING: Failed to resolve file /org/bouncycastle/pqc/jcajce/interfaces/NHPublicKey.class with "No such file or directory" 

WARNING: Failed to resolve file /org/bouncycastle/pqc/jcajce/provider/SPHINCS.class with "No such file or directory" 

WARNING: Failed to resolve file /org/bouncycastle/pqc/jcajce/provider/falcon/SignatureSpi$Base.class with "No such file or directory" 

WARNING: Failed to resolve file /org/bouncycastle/pqc/jcajce/provider/mceliece/BCMcEliecePrivateKey.class with "No such file or directory" 

WARNING: Failed to resolve file /org/bouncycastle/pqc/jcajce/provider/picnic/BCPicnicPublicKey.class with "No such file or directory" 

WARNING: Failed to resolve file /org/bouncycastle/pqc/jcajce/provider/sphincsplus/SPHINCSPlusKeyPairGeneratorSpi$Shake_256f.class with "No such file or directory" 

WARNING: Failed to resolve file /org/bouncycastle/pqc/jcajce/spec/KyberParameterSpec.class with "No such file or directory" 

WARNING: Failed to resolve file /org/bouncycastle/pqc/legacy/crypto/mceliece/McEliecePrivateKeyParameters.class with "No such file or directory" 

WARNING: Failed to resolve file /org/bouncycastle/pqc/legacy/math/linearalgebra/GF2Matrix.class with "No such file or directory" 

WARNING: Failed to resolve file /org/bouncycastle/pqc/math/ntru/parameters/NTRUHPS2048509.class with "No such file or directory" 

WARNING: Failed to resolve file /org/bouncycastle/util/encoders/HexTranslator.class with "No such file or directory" 

WARNING: Failed to resolve file /org/bouncycastle/x509/X509CRLStoreSelector.class with "No such file or directory" 

Found 215 (out of 11364) source files to analyze in /home/udesou/.bench-agent/git/macro-benches/vendor/.infer-capture-ocaml-5.5.0-f523850
/net/bytebuddy/asm/Advice$OffsetMapping$ForInstrumentedMethod$2.class starting
/net/bytebuddy/asm/Advice$OffsetMapping$ForInstrumentedMethod$2.class DONE
/net/bytebuddy/dynamic/DynamicType$Builder$MethodDefinition$ParameterDefinition$Simple$Annotatable$AbstractBase.class starting
/net/bytebuddy/dynamic/DynamicType$Builder$MethodDefinition$ParameterDefinition$Simple$Annotatable$AbstractBase.class DONE
/net/bytebuddy/implementation/bytecode/assign/reference/GenericTypeAwareAssigner$IsAssignableToVisitor$OfGenericArray.class starting
/net/bytebuddy/implementation/bytecode/assign/reference/GenericTypeAwareAssigner$IsAssignableToVisitor$OfGenericArray.class DONE
/org/apache/lucene/codecs/lucene912/ForUtil.class starting
/org/apache/lucene/codecs/lucene912/ForUtil.class DONE
/org/apache/lucene/document/BinaryPoint$1.class starting
/org/apache/lucene/document/BinaryPoint$1.class DONE
/org/bouncycastle/pqc/crypto/newhope/NHKeyPairGenerator.class starting
/org/bouncycastle/pqc/crypto/newhope/NHKeyPairGenerator.class DONE
/net/bytebuddy/dynamic/scaffold/MethodGraph$Compiler$Default$Key$Store$Entry$Initial.class starting
/net/bytebuddy/dynamic/scaffold/MethodGraph$Compiler$Default$Key$Store$Entry$Initial.class DONE
/org/bouncycastle/asn1/x500/DirectoryString.class starting
/org/bouncycastle/asn1/x500/DirectoryString.class DONE
/org/apache/lucene/search/BlockMaxConjunctionScorer$2.class starting
/org/apache/lucene/search/BlockMaxConjunctionScorer$2.class DONE
/org/bouncycastle/pqc/jcajce/spec/KyberParameterSpec.class starting
/org/bouncycastle/pqc/jcajce/spec/KyberParameterSpec.class DONE
/org/apache/lucene/document/XYShapeDocValues.class starting
/org/bouncycastle/jcajce/provider/symmetric/AES$PBEWithSHA256And192BitAESBC.class starting
/org/bouncycastle/jcajce/provider/symmetric/AES$PBEWithSHA256And192BitAESBC.class DONE
/org/apache/lucene/index/ExitableDirectoryReader$ExitableFilterAtomicReader$4.class starting
/org/apache/lucene/index/ExitableDirectoryReader$ExitableFilterAtomicReader$4.class DONE
/org/apache/lucene/document/ShapeField$QueryRelation.class starting
/org/apache/lucene/document/ShapeField$QueryRelation.class DONE
/org/bouncycastle/asn1/x509/sigi/NameOrPseudonym.class starting
/org/bouncycastle/asn1/x509/sigi/NameOrPseudonym.class DONE
/org/apache/lucene/search/DoubleValuesSource$DoubleValuesComparatorSource$1.class starting
/org/apache/lucene/search/DoubleValuesSource$DoubleValuesComparatorSource$1.class DONE
/com/google/common/collect/ImmutableMultimap$Builder.class starting
/com/google/common/collect/ImmutableMultimap$Builder.class DONE
/com/google/common/base/Converter$IdentityConverter.class starting
/com/google/common/base/Converter$IdentityConverter.class DONE
/net/bytebuddy/agent/builder/package-info.class starting
/net/bytebuddy/agent/builder/package-info.class DONE
/org/apache/lucene/util/Sorter.class starting
/org/apache/lucene/util/Sorter.class DONE
/com/google/common/graph/ValueGraph.class starting
/com/google/common/graph/ValueGraph.class DONE
/org/bouncycastle/pqc/jcajce/provider/SPHINCS.class starting
/org/bouncycastle/pqc/jcajce/provider/SPHINCS.class DONE
/org/bouncycastle/jcajce/provider/digest/RIPEMD256$HashMac.class starting
/org/bouncycastle/jcajce/provider/digest/RIPEMD256$HashMac.class DONE
/org/bouncycastle/jcajce/provider/symmetric/DES$Mappings.class starting
/org/bouncycastle/jcajce/provider/symmetric/DES$Mappings.class DONE
/com/google/common/util/concurrent/Monitor$Guard.class starting
/com/google/common/util/concurrent/Monitor$Guard.class DONE
/org/apache/lucene/document/XYShapeDocValues.class DONE
/net/bytebuddy/build/Plugin$Factory$UsingReflection$Instantiator$Unresolved.class starting
/net/bytebuddy/build/Plugin$Factory$UsingReflection$Instantiator$Unresolved.class DONE
/org/bouncycastle/crypto/generators/ElGamalParametersGenerator.class starting
/org/bouncycastle/crypto/generators/ElGamalParametersGenerator.class DONE
/org/bouncycastle/crypto/digests/ShortenedDigest.class starting
/org/bouncycastle/crypto/digests/ShortenedDigest.class DONE
/net/bytebuddy/matcher/FilterableList.class starting
/net/bytebuddy/matcher/FilterableList.class DONE
/com/google/common/io/BaseEncoding.class starting
/com/google/common/io/BaseEncoding.class DONE
/net/bytebuddy/pool/TypePool$Default$LazyTypeDescription$LazyMethodDescription$LazyParameterizedReceiverType$TypeArgumentList$AnnotatedTypeVariable.class starting
/org/bouncycastle/pqc/crypto/picnic/PicnicEngine.class starting
/net/bytebuddy/pool/TypePool$Default$LazyTypeDescription$LazyMethodDescription$LazyParameterizedReceiverType$TypeArgumentList$AnnotatedTypeVariable.class DONE
/org/bouncycastle/pqc/crypto/picnic/PicnicEngine.class DONE
/org/bouncycastle/crypto/prng/X931SecureRandom.class starting
/org/bouncycastle/crypto/prng/X931SecureRandom.class DONE
/net/bytebuddy/description/modifier/SynchronizationState.class starting
/net/bytebuddy/description/modifier/SynchronizationState.class DONE
/org/apache/lucene/search/ConstantScoreQuery$1$1.class starting
/org/apache/lucene/search/ConstantScoreQuery$1$1.class DONE
/org/apache/lucene/internal/hppc/IntDoubleHashMap$EntryIterator.class starting
/org/apache/lucene/internal/hppc/IntDoubleHashMap$EntryIterator.class DONE
/org/bouncycastle/asn1/x509/NameConstraints.class starting
/org/bouncycastle/asn1/x509/NameConstraints.class DONE
/com/google/common/graph/GraphBuilder.class starting
/com/google/common/graph/GraphBuilder.class DONE
/org/bouncycastle/jcajce/provider/symmetric/Threefish.class starting
/org/bouncycastle/jcajce/provider/symmetric/Threefish.class DONE
/com/google/common/util/concurrent/SimpleTimeLimiter$1.class starting
/com/google/common/util/concurrent/SimpleTimeLimiter$1.class DONE
/net/bytebuddy/dynamic/scaffold/TypeWriter$MethodPool$Record$AccessBridgeWrapper.class starting
/net/bytebuddy/dynamic/scaffold/TypeWriter$MethodPool$Record$AccessBridgeWrapper.class DONE
/net/bytebuddy/dynamic/ClassFileLocator$ForModuleFile.class starting
/net/bytebuddy/dynamic/ClassFileLocator$ForModuleFile.class DONE
/org/apache/lucene/search/ReqOptSumScorer.class starting
/org/apache/lucene/search/ReqOptSumScorer.class DONE
/org/bouncycastle/jcajce/provider/symmetric/PBEPKCS12.class starting
/org/bouncycastle/jcajce/provider/symmetric/PBEPKCS12.class DONE
/com/google/common/annotations/Beta.class starting
/com/google/common/annotations/Beta.class DONE
/com/google/common/collect/DenseImmutableTable.class starting
/com/google/common/collect/DenseImmutableTable.class DONE
/org/bouncycastle/math/ec/custom/gm/SM2P256V1FieldElement.class starting
/org/bouncycastle/math/ec/custom/gm/SM2P256V1FieldElement.class DONE
/org/bouncycastle/jcajce/provider/asymmetric/dh/KeyAgreementSpi$DHwithSHA384CKDF.class starting
/com/google/common/util/concurrent/AggregateFutureState.class starting
/com/google/common/util/concurrent/AggregateFutureState.class DONE
/org/bouncycastle/jcajce/provider/digest/GOST3411$Mappings.class starting
/org/bouncycastle/jcajce/provider/asymmetric/dh/KeyAgreementSpi$DHwithSHA384CKDF.class DONE
/org/bouncycastle/jcajce/provider/digest/GOST3411$Mappings.class DONE
/org/bouncycastle/pqc/jcajce/provider/sphincsplus/SPHINCSPlusKeyPairGeneratorSpi$Shake_256f.class starting
/org/bouncycastle/pqc/jcajce/provider/sphincsplus/SPHINCSPlusKeyPairGeneratorSpi$Shake_256f.class DONE
/org/bouncycastle/jcajce/provider/symmetric/util/BaseStreamCipher.class starting
/org/bouncycastle/jcajce/provider/symmetric/util/BaseStreamCipher.class DONE
/com/google/common/collect/ImmutableSortedSet$1.class starting
/com/google/common/collect/ImmutableSortedSet$1.class DONE
/net/bytebuddy/pool/TypePool$Default$LazyTypeDescription$AnnotationToken.class starting
/net/bytebuddy/implementation/auxiliary/TypeProxy$1.class starting
/net/bytebuddy/implementation/auxiliary/TypeProxy$1.class DONE
/net/bytebuddy/pool/TypePool$Default$LazyTypeDescription$AnnotationToken.class DONE
/org/bouncycastle/pqc/crypto/crystals/dilithium/DilithiumKeyPairGenerator.class starting
/org/bouncycastle/pqc/crypto/crystals/dilithium/DilithiumKeyPairGenerator.class DONE
/org/apache/lucene/index/SingletonSortedSetDocValues.class starting
/org/bouncycastle/math/ec/rfc8032/Ed25519$PointTemp.class starting
/org/bouncycastle/math/ec/rfc8032/Ed25519$PointTemp.class DONE
/org/bouncycastle/jce/provider/RFC3280CertPathUtilities.class starting
/org/apache/lucene/index/SingletonSortedSetDocValues.class DONE
/net/bytebuddy/build/Plugin$Engine$Listener$StreamWriting.class starting
/net/bytebuddy/build/Plugin$Engine$Listener$StreamWriting.class DONE
/org/bouncycastle/crypto/macs/DSTU7564Mac.class starting
/org/bouncycastle/crypto/macs/DSTU7564Mac.class DONE
/org/bouncycastle/jcajce/provider/asymmetric/ec/KeyPairGeneratorSpi.class starting
/org/bouncycastle/jcajce/provider/asymmetric/ec/KeyPairGeneratorSpi.class DONE
/net/bytebuddy/implementation/MethodCall$MethodInvoker.class starting
/net/bytebuddy/implementation/MethodCall$MethodInvoker.class DONE
/net/bytebuddy/ByteBuddy$RecordConstructorStrategy.class starting
/net/bytebuddy/ByteBuddy$RecordConstructorStrategy.class DONE
/org/bouncycastle/jcajce/provider/asymmetric/x509/X509CRLInternal.class starting
/org/bouncycastle/jcajce/provider/asymmetric/x509/X509CRLInternal.class DONE
/org/bouncycastle/jcajce/provider/asymmetric/rsa/DigestSignatureSpi$SHA3_384.class starting
/org/bouncycastle/jcajce/provider/asymmetric/rsa/DigestSignatureSpi$SHA3_384.class DONE
/com/google/common/collect/RegularImmutableMap$Values.class starting
/com/google/common/collect/RegularImmutableMap$Values.class DONE
/org/apache/lucene/index/MultiDocValues$1.class starting
/org/apache/lucene/index/MultiDocValues$1.class DONE
/net/bytebuddy/asm/MemberSubstitution$TypePoolResolver$OfImplicitPool.class starting
/net/bytebuddy/asm/MemberSubstitution$TypePoolResolver$OfImplicitPool.class DONE
/net/bytebuddy/description/type/TypeDescription$Generic$AnnotationReader$Delegator$ForLoadedTypeVariable.class starting
/net/bytebuddy/description/type/TypeDescription$Generic$AnnotationReader$Delegator$ForLoadedTypeVariable.class DONE
/org/bouncycastle/crypto/CipherKeyGenerator.class starting
/org/bouncycastle/crypto/CipherKeyGenerator.class DONE
/org/apache/lucene/codecs/lucene99/Lucene99HnswVectorsWriter$2.class starting
/org/apache/lucene/codecs/lucene99/Lucene99HnswVectorsWriter$2.class DONE
/org/bouncycastle/jcajce/provider/symmetric/DSTU7624$GCM128.class starting
/org/bouncycastle/jcajce/provider/symmetric/DSTU7624$GCM128.class DONE
/org/apache/lucene/util/AttributeImpl.class starting
/org/apache/lucene/util/AttributeImpl.class DONE
/org/apache/lucene/codecs/lucene90/Lucene90DocValuesProducer$17.class starting
/org/apache/lucene/codecs/lucene90/Lucene90DocValuesProducer$17.class DONE
/org/apache/lucene/search/comparators/NumericComparator$NumericLeafComparator.class starting
/org/apache/lucene/search/comparators/NumericComparator$NumericLeafComparator.class DONE
/org/apache/lucene/util/packed/PackedWriter.class starting
/org/apache/lucene/util/packed/PackedWriter.class DONE
/com/google/common/primitives/Shorts$ShortConverter.class starting
/org/bouncycastle/jce/provider/RFC3280CertPathUtilities.class DONE
/com/google/common/primitives/Shorts$ShortConverter.class DONE
/org/bouncycastle/pqc/crypto/hqc/HQCKEMExtractor.class starting
/org/bouncycastle/pqc/crypto/hqc/HQCKEMExtractor.class DONE
/net/bytebuddy/implementation/attribute/AnnotationValueFilter$Factory.class starting
/net/bytebuddy/implementation/attribute/AnnotationValueFilter$Factory.class DONE
/org/apache/lucene/codecs/hnsw/DefaultFlatVectorScorer$ByteScoringSupplier$1.class starting
/org/apache/lucene/codecs/hnsw/DefaultFlatVectorScorer$ByteScoringSupplier$1.class DONE
/org/bouncycastle/crypto/StagedAgreement.class starting
/org/bouncycastle/crypto/StagedAgreement.class DONE
/org/bouncycastle/crypto/params/NaccacheSternKeyGenerationParameters.class starting
/org/bouncycastle/crypto/params/NaccacheSternKeyGenerationParameters.class DONE
/org/apache/lucene/index/IndexWriter$DocModifier.class starting
/org/apache/lucene/analysis/tokenattributes/TermToBytesRefAttribute.class starting
/org/apache/lucene/index/IndexWriter$DocModifier.class DONE
/org/apache/lucene/analysis/tokenattributes/TermToBytesRefAttribute.class DONE
/org/apache/lucene/search/SortedNumericSortField$5.class starting
/org/apache/lucene/util/bkd/OfflinePointWriter.class starting
/org/apache/lucene/search/SortedNumericSortField$5.class DONE
/org/apache/lucene/util/bkd/OfflinePointWriter.class DONE
/org/apache/lucene/util/packed/DirectReader$DirectPackedReader32.class starting
/org/bouncycastle/jce/provider/AnnotatedException.class starting
/org/apache/lucene/util/packed/DirectReader$DirectPackedReader32.class DONE
/org/bouncycastle/jce/provider/AnnotatedException.class DONE
/org/bouncycastle/jcajce/provider/symmetric/Rijndael.class starting
/org/bouncycastle/jcajce/provider/symmetric/Rijndael.class DONE
/org/apache/lucene/util/DocIdSetBuilder$BulkAdder.class starting
/org/apache/lucene/util/DocIdSetBuilder$BulkAdder.class DONE
/net/bytebuddy/description/annotation/AnnotationValue$Loaded$AbstractBase$ForUnresolvedProperty.class starting
/net/bytebuddy/description/annotation/AnnotationValue$Loaded$AbstractBase$ForUnresolvedProperty.class DONE
/com/google/common/collect/HashMultimap.class starting
/org/bouncycastle/pqc/jcajce/provider/picnic/BCPicnicPublicKey.class starting
/com/google/common/collect/HashMultimap.class DONE
/org/bouncycastle/crypto/params/DHParameters.class starting
/org/bouncycastle/crypto/params/DHParameters.class DONE
/org/bouncycastle/pqc/jcajce/provider/picnic/BCPicnicPublicKey.class DONE
/net/bytebuddy/agent/builder/AgentBuilder$InstallationListener$Compound.class starting
/net/bytebuddy/agent/builder/AgentBuilder$InstallationListener$Compound.class DONE
/net/bytebuddy/dynamic/scaffold/subclass/SubclassImplementationTarget$OriginTypeResolver$1.class starting
/net/bytebuddy/dynamic/scaffold/subclass/SubclassImplementationTarget$OriginTypeResolver$1.class DONE
/org/bouncycastle/jcajce/provider/symmetric/Shacal2$AlgParams.class starting
/org/bouncycastle/jcajce/provider/symmetric/Shacal2$AlgParams.class DONE
/org/bouncycastle/crypto/util/DEROtherInfo$1.class starting
/org/bouncycastle/crypto/util/DEROtherInfo$1.class DONE
/net/bytebuddy/agent/builder/AgentBuilder$Default$NativeMethodStrategy$ForPrefix.class starting
/net/bytebuddy/agent/builder/AgentBuilder$Default$NativeMethodStrategy$ForPrefix.class DONE
/com/google/common/collect/Streams$DoubleFunctionWithIndex.class starting
/com/google/common/collect/Streams$DoubleFunctionWithIndex.class DONE
/org/bouncycastle/jcajce/provider/asymmetric/ecgost12/KeyAgreementSpi$ECVKO512.class starting
/org/bouncycastle/jcajce/provider/asymmetric/ecgost12/KeyAgreementSpi$ECVKO512.class DONE
/net/bytebuddy/implementation/MethodDelegation.class starting
/net/bytebuddy/implementation/MethodDelegation.class DONE
/net/bytebuddy/implementation/FieldAccessor$FieldLocation.class starting
/net/bytebuddy/implementation/FieldAccessor$FieldLocation.class DONE
/org/bouncycastle/pqc/crypto/sphincs/SPHINCS256KeyGenerationParameters.class starting
/org/bouncycastle/pqc/crypto/sphincs/SPHINCS256KeyGenerationParameters.class DONE
/org/bouncycastle/jcajce/provider/asymmetric/edec/KeyPairGeneratorSpi$X448.class starting
/org/bouncycastle/jcajce/provider/asymmetric/edec/KeyPairGeneratorSpi$X448.class DONE
/net/bytebuddy/dynamic/loading/PackageDefinitionStrategy$ManifestReading.class starting
/net/bytebuddy/dynamic/loading/PackageDefinitionStrategy$ManifestReading.class DONE
/org/bouncycastle/asn1/LazyEncodedSequence.class starting
/com/google/common/collect/SortedLists$KeyAbsentBehavior$2.class starting
/com/google/common/collect/SortedLists$KeyAbsentBehavior$2.class DONE
/net/bytebuddy/description/annotation/AnnotationDescription.class starting
/net/bytebuddy/description/annotation/AnnotationDescription.class DONE
/org/bouncycastle/crypto/ec/ECDecryptor.class starting
/org/bouncycastle/crypto/ec/ECDecryptor.class DONE
/org/bouncycastle/asn1/BEROctetStringParser.class starting
/org/bouncycastle/asn1/BEROctetStringParser.class DONE
/net/bytebuddy/dynamic/scaffold/TypeWriter$Default$ClassDumpAction$Dispatcher$Enabled.class starting
/net/bytebuddy/dynamic/scaffold/TypeWriter$Default$ClassDumpAction$Dispatcher$Enabled.class DONE
/org/bouncycastle/pqc/jcajce/interfaces/NHPublicKey.class starting
/org/bouncycastle/pqc/jcajce/interfaces/NHPublicKey.class DONE
/com/google/common/collect/JdkBackedImmutableMap.class starting
/com/google/common/collect/JdkBackedImmutableMap.class DONE
/com/google/common/collect/MapMakerInternalMap$EntrySet.class starting
/com/google/common/collect/MapMakerInternalMap$EntrySet.class DONE
/org/bouncycastle/math/ec/ECCurve$Config.class starting
/org/bouncycastle/math/ec/ECCurve$Config.class DONE
/org/apache/lucene/util/mutable/MutableValueDate.class starting
/org/apache/lucene/util/mutable/MutableValueDate.class DONE
/com/google/common/collect/TransformedListIterator.class starting
/com/google/common/collect/TransformedListIterator.class DONE
/com/google/common/base/Utf8.class starting
/com/google/common/base/Utf8.class DONE
/org/bouncycastle/crypto/digests/AsconXof$1.class starting
/org/bouncycastle/crypto/digests/AsconXof$1.class DONE
/org/apache/lucene/analysis/CharArrayMap.class starting
/org/apache/lucene/analysis/CharArrayMap.class DONE
/net/bytebuddy/description/method/MethodList$Explicit.class starting
/net/bytebuddy/description/method/MethodList$Explicit.class DONE
/org/apache/lucene/search/NamedMatches$NamedQuery.class starting
/org/apache/lucene/search/NamedMatches$NamedQuery.class DONE
/net/bytebuddy/matcher/TypeSortMatcher.class starting
/net/bytebuddy/matcher/TypeSortMatcher.class DONE
/net/bytebuddy/description/type/TypeDescription$Latent.class starting
/net/bytebuddy/description/type/TypeDescription$Latent.class DONE
/net/bytebuddy/utility/FileSystem$ForNio2CapableVm$StandardCopyOption.class starting
/net/bytebuddy/utility/FileSystem$ForNio2CapableVm$StandardCopyOption.class DONE
/org/bouncycastle/crypto/engines/GOST3412_2015Engine.class starting
/org/bouncycastle/crypto/engines/GOST3412_2015Engine.class DONE
/org/bouncycastle/math/ec/custom/sec/SecT239K1Curve.class starting
/org/bouncycastle/math/ec/custom/sec/SecT239K1Curve.class DONE
/org/apache/lucene/index/PointValues$IntersectVisitor.class starting
/org/apache/lucene/index/PointValues$IntersectVisitor.class DONE
/net/bytebuddy/implementation/InvokeDynamic$WithImplicitArguments.class starting
/net/bytebuddy/implementation/InvokeDynamic$WithImplicitArguments.class DONE
/org/bouncycastle/pqc/jcajce/provider/mceliece/BCMcEliecePrivateKey.class starting
/org/bouncycastle/pqc/jcajce/provider/mceliece/BCMcEliecePrivateKey.class DONE
/com/google/common/util/concurrent/ForwardingCheckedFuture$SimpleForwardingCheckedFuture.class starting
/com/google/common/util/concurrent/ForwardingCheckedFuture$SimpleForwardingCheckedFuture.class DONE
/org/bouncycastle/util/encoders/HexTranslator.class starting
/org/bouncycastle/util/encoders/HexTranslator.class DONE
/com/google/common/collect/ForwardingConcurrentMap.class starting
/com/google/common/collect/ForwardingConcurrentMap.class DONE
/org/bouncycastle/jcajce/provider/keystore/pkcs12/PKCS12KeyStoreSpi$1.class starting
/org/bouncycastle/jcajce/provider/keystore/pkcs12/PKCS12KeyStoreSpi$1.class DONE
/org/bouncycastle/jcajce/provider/asymmetric/compositesignatures/KeyPairGeneratorSpi$MLDSA65_ECDSA_brainpoolP256r1_SHA512.class starting
/org/bouncycastle/jcajce/provider/asymmetric/compositesignatures/KeyPairGeneratorSpi$MLDSA65_ECDSA_brainpoolP256r1_SHA512.class DONE
/com/google/common/reflect/TypeToken$Bounds.class starting
/com/google/common/reflect/TypeToken$Bounds.class DONE
/org/apache/lucene/store/IndexInput$1.class starting
/org/apache/lucene/store/IndexInput$1.class DONE
/net/bytebuddy/dynamic/loading/ClassInjector$UsingReflection$Dispatcher$Initializable.class starting
/net/bytebuddy/dynamic/loading/ClassInjector$UsingReflection$Dispatcher$Initializable.class DONE
/org/apache/lucene/util/ModuleResourceLoader.class starting
/org/apache/lucene/util/ModuleResourceLoader.class DONE
/org/bouncycastle/pqc/jcajce/provider/falcon/SignatureSpi$Base.class starting
/org/bouncycastle/pqc/jcajce/provider/falcon/SignatureSpi$Base.class DONE
/org/apache/lucene/index/FreqProxFields$FreqProxTermsEnum$1.class starting
/org/apache/lucene/index/FreqProxFields$FreqProxTermsEnum$1.class DONE
/org/bouncycastle/jcajce/provider/digest/Whirlpool$KeyGenerator.class starting
/org/bouncycastle/jcajce/provider/digest/Whirlpool$KeyGenerator.class DONE
/net/bytebuddy/implementation/HashCodeMethod$ValueTransformer$7.class starting
/net/bytebuddy/implementation/HashCodeMethod$ValueTransformer$7.class DONE
/com/google/common/collect/MultimapBuilder$2.class starting
/com/google/common/collect/MultimapBuilder$2.class DONE
/com/google/common/base/Platform.class starting
/com/google/common/base/Platform.class DONE
/org/bouncycastle/jcajce/provider/asymmetric/rsa/PSSSignatureSpi$SHA512withRSA.class starting
/org/bouncycastle/jcajce/provider/asymmetric/rsa/PSSSignatureSpi$SHA512withRSA.class DONE
/com/google/common/net/HttpHeaders.class starting
/com/google/common/net/HttpHeaders.class DONE
/org/bouncycastle/pqc/crypto/falcon/FalconSmallPrime.class starting
/org/bouncycastle/pqc/crypto/falcon/FalconSmallPrime.class DONE
/net/bytebuddy/implementation/bind/annotation/Morph$Binder$RedirectionProxy$InstanceFieldConstructor$Appender.class starting
/net/bytebuddy/implementation/bind/annotation/Morph$Binder$RedirectionProxy$InstanceFieldConstructor$Appender.class DONE
/net/bytebuddy/implementation/InvocationHandlerAdapter.class starting
/net/bytebuddy/implementation/InvocationHandlerAdapter.class DONE
/org/bouncycastle/crypto/modes/NISTCTSBlockCipher.class starting
/org/bouncycastle/crypto/modes/NISTCTSBlockCipher.class DONE
/org/bouncycastle/jcajce/provider/digest/Skein$HMacKeyGenerator_512_384.class starting
/org/bouncycastle/jcajce/provider/digest/Skein$HMacKeyGenerator_512_384.class DONE
/org/bouncycastle/pqc/legacy/crypto/mceliece/McEliecePrivateKeyParameters.class starting
/org/bouncycastle/pqc/legacy/crypto/mceliece/McEliecePrivateKeyParameters.class DONE
/org/bouncycastle/x509/X509CRLStoreSelector.class starting
/org/bouncycastle/x509/X509CRLStoreSelector.class DONE
/org/apache/lucene/util/fst/Util$FSTPath.class starting
/org/apache/lucene/util/fst/Util$FSTPath.class DONE
/org/apache/lucene/search/LongValuesSource$LongValuesComparatorSource.class starting
/org/apache/lucene/search/LongValuesSource$LongValuesComparatorSource.class DONE
/net/bytebuddy/description/type/TypeDescription$Generic$OfParameterizedType$Latent.class starting
/net/bytebuddy/description/type/TypeDescription$Generic$OfParameterizedType$Latent.class DONE
/org/bouncycastle/pqc/crypto/util/PublicKeyFactory$LMSConverter.class starting
/org/bouncycastle/pqc/crypto/util/PublicKeyFactory$LMSConverter.class DONE
/org/bouncycastle/crypto/util/SSHNamedCurves$3.class starting
/org/bouncycastle/crypto/util/SSHNamedCurves$3.class DONE
/com/google/common/io/LineProcessor.class starting
/com/google/common/io/LineProcessor.class DONE
/org/bouncycastle/pqc/legacy/math/linearalgebra/GF2Matrix.class starting
/org/bouncycastle/pqc/legacy/math/linearalgebra/GF2Matrix.class DONE
/com/google/common/cache/LongAddables.class starting
/com/google/common/cache/LongAddables.class DONE
/org/bouncycastle/jcajce/provider/symmetric/CAST5$CBC.class starting
/org/bouncycastle/jcajce/provider/symmetric/CAST5$CBC.class DONE
/org/bouncycastle/jcajce/provider/symmetric/HC128$KeyGen.class starting
/org/bouncycastle/jcajce/provider/symmetric/HC128$KeyGen.class DONE
/org/bouncycastle/pqc/crypto/xmss/XMSSMTPrivateKeyParameters$Builder.class starting
/org/bouncycastle/pqc/crypto/xmss/XMSSMTPrivateKeyParameters$Builder.class DONE
/org/bouncycastle/jcajce/provider/asymmetric/ec/KeyAgreementSpi$DHUwithSHA224KDF.class starting
/org/bouncycastle/jcajce/provider/asymmetric/ec/KeyAgreementSpi$DHUwithSHA224KDF.class DONE
/org/apache/lucene/document/FloatPoint$2.class starting
/org/apache/lucene/document/FloatPoint$2.class DONE
/org/apache/lucene/index/SortedNumericDocValuesWriter.class starting
/org/apache/lucene/index/SortedNumericDocValuesWriter.class DONE
/org/bouncycastle/pqc/math/ntru/parameters/NTRUHPS2048509.class starting
/org/bouncycastle/pqc/math/ntru/parameters/NTRUHPS2048509.class DONE
/net/bytebuddy/implementation/bytecode/ByteCodeAppender$Compound.class starting
/net/bytebuddy/implementation/bytecode/ByteCodeAppender$Compound.class DONE
/com/google/common/collect/Maps$AsMapView$1EntrySetImpl.class starting
/com/google/common/collect/Maps$AsMapView$1EntrySetImpl.class DONE
/org/apache/lucene/search/TopDocsCollector.class starting
/org/apache/lucene/search/TopDocsCollector.class DONE
/net/bytebuddy/asm/Advice$Dispatcher$Resolved$AbstractBase.class starting
/net/bytebuddy/asm/Advice$Dispatcher$Resolved$AbstractBase.class DONE
/org/bouncycastle/jcajce/provider/asymmetric/ec/BCECPrivateKey.class starting
/org/bouncycastle/asn1/LazyEncodedSequence.class DONE
/org/bouncycastle/math/ec/custom/sec/SecP384R1FieldElement.class starting
/org/bouncycastle/math/ec/custom/sec/SecP384R1FieldElement.class DONE
/org/bouncycastle/crypto/engines/SparkleEngine$1.class starting
/org/bouncycastle/crypto/engines/SparkleEngine$1.class DONE
/org/bouncycastle/asn1/sec/SECNamedCurves$17.class starting
/org/bouncycastle/asn1/sec/SECNamedCurves$17.class DONE
/com/google/common/collect/AbstractMapBasedMultiset$2$1.class starting
/com/google/common/collect/AbstractMapBasedMultiset$2$1.class DONE
/net/bytebuddy/asm/Advice$OffsetMapping.class starting
/net/bytebuddy/asm/Advice$OffsetMapping.class DONE
/org/bouncycastle/asn1/ASN1ObjectDescriptor$1.class starting
/org/bouncycastle/asn1/ASN1ObjectDescriptor$1.class DONE
/net/bytebuddy/implementation/bind/annotation/AllArguments.class starting
/net/bytebuddy/implementation/bind/annotation/AllArguments.class DONE
/com/google/common/cache/LocalCache$EntryFactory$2.class starting
/com/google/common/cache/LocalCache$EntryFactory$2.class DONE
/org/apache/lucene/search/ImpactsDISI.class starting
/org/apache/lucene/search/ImpactsDISI.class DONE
/net/bytebuddy/build/EntryPoint$Default.class starting
/net/bytebuddy/build/EntryPoint$Default.class DONE
/org/apache/lucene/search/similarities/MultiSimilarity.class starting
/org/apache/lucene/search/similarities/MultiSimilarity.class DONE
/org/apache/lucene/document/LatLonPointDistanceQuery.class starting
/org/apache/lucene/document/LatLonPointDistanceQuery.class DONE
/com/google/common/util/concurrent/AbstractFuture$Listener.class starting
/com/google/common/util/concurrent/AbstractFuture$Listener.class DONE
/net/bytebuddy/dynamic/VisibilityBridgeStrategy$Default$2.class starting
/net/bytebuddy/dynamic/VisibilityBridgeStrategy$Default$2.class DONE
/org/apache/lucene/index/TermVectorsConsumerPerField$TermVectorsPostingsArray.class starting
/org/apache/lucene/index/TermVectorsConsumerPerField$TermVectorsPostingsArray.class DONE
/org/apache/lucene/internal/hppc/LongIntHashMap$LongIntCursor.class starting
/org/apache/lucene/internal/hppc/LongIntHashMap$LongIntCursor.class DONE
/org/apache/lucene/codecs/lucene90/Lucene90PointsFormat.class starting
/org/apache/lucene/codecs/lucene90/Lucene90PointsFormat.class DONE
/org/apache/lucene/util/automaton/MinimizationOperations$IntPair.class starting
/org/apache/lucene/util/automaton/MinimizationOperations$IntPair.class DONE
/com/google/common/hash/Hashing.class starting
/com/google/common/hash/Hashing.class DONE
/org/bouncycastle/jcajce/spec/SkeinParameterSpec.class starting
/org/bouncycastle/jcajce/spec/SkeinParameterSpec.class DONE
/net/bytebuddy/agent/builder/AgentBuilder$RedefinitionStrategy$Listener$Adapter.class starting
/net/bytebuddy/agent/builder/AgentBuilder$RedefinitionStrategy$Listener$Adapter.class DONE
/net/bytebuddy/jar/asm/RecordComponentWriter.class starting
/net/bytebuddy/jar/asm/RecordComponentWriter.class DONE
/com/google/common/collect/Multisets$4.class starting
/com/google/common/collect/Multisets$4.class DONE
/org/apache/lucene/index/BaseTermsEnum$1.class starting
/org/apache/lucene/index/BaseTermsEnum$1.class DONE
/net/bytebuddy/utility/dispatcher/JavaDispatcher$Dispatcher.class starting
/net/bytebuddy/utility/dispatcher/JavaDispatcher$Dispatcher.class DONE
/org/bouncycastle/asn1/ocsp/OCSPRequest.class starting
/org/bouncycastle/asn1/ocsp/OCSPRequest.class DONE
/org/apache/lucene/codecs/KnnVectorsWriter$ByteVectorValuesSub.class starting
/org/apache/lucene/codecs/KnnVectorsWriter$ByteVectorValuesSub.class DONE
/net/bytebuddy/asm/ClassVisitorFactory$FrameTranslator.class starting
/net/bytebuddy/asm/ClassVisitorFactory$FrameTranslator.class DONE
/com/google/common/collect/TreeTraverser.class starting
/com/google/common/collect/TreeTraverser.class DONE
/org/bouncycastle/jcajce/provider/asymmetric/CompositeSignatures.class starting
/org/bouncycastle/jcajce/provider/asymmetric/CompositeSignatures.class DONE
/org/bouncycastle/jcajce/BCFKSLoadStoreParameter$SignatureAlgorithm.class starting
/org/bouncycastle/jcajce/BCFKSLoadStoreParameter$SignatureAlgorithm.class DONE
/com/google/common/graph/AbstractBaseGraph$1.class starting
/com/google/common/graph/AbstractBaseGraph$1.class DONE
/net/bytebuddy/implementation/bytecode/member/FieldAccess$AccessDispatcher$FieldPutInstruction.class starting
/net/bytebuddy/implementation/bytecode/member/FieldAccess$AccessDispatcher$FieldPutInstruction.class DONE
/org/apache/lucene/index/ConcurrentMergeScheduler.class starting
/org/apache/lucene/index/ConcurrentMergeScheduler.class DONE
/org/bouncycastle/pqc/asn1/PQCObjectIdentifiers.class starting
/org/bouncycastle/pqc/asn1/PQCObjectIdentifiers.class DONE
/org/bouncycastle/jcajce/provider/digest/SHA3$Mappings.class starting
/org/bouncycastle/jcajce/provider/digest/SHA3$Mappings.class DONE
/com/google/common/collect/CollectSpliterators.class starting
/com/google/common/collect/CollectSpliterators.class DONE
/net/bytebuddy/agent/builder/AgentBuilder$PoolStrategy$Default.class starting
/net/bytebuddy/agent/builder/AgentBuilder$PoolStrategy$Default.class DONE
/net/bytebuddy/asm/Advice$AssignReturned$ToReturned$Handler.class starting
/net/bytebuddy/asm/Advice$AssignReturned$ToReturned$Handler.class DONE
/org/bouncycastle/jce/provider/RFC3280CertPathUtilities.class starting
/org/bouncycastle/math/ec/custom/gm/SM2P256V1FieldElement.class starting
/org/apache/lucene/document/XYShapeDocValues.class starting
/org/bouncycastle/math/ec/custom/gm/SM2P256V1FieldElement.class DONE
/org/bouncycastle/jcajce/provider/asymmetric/rsa/PSSSignatureSpi$SHA512withRSA.class starting
/org/bouncycastle/jcajce/provider/asymmetric/rsa/PSSSignatureSpi$SHA512withRSA.class DONE
/org/bouncycastle/pqc/crypto/xmss/XMSSMTPrivateKeyParameters$Builder.class starting
/org/bouncycastle/pqc/crypto/xmss/XMSSMTPrivateKeyParameters$Builder.class DONE
/org/apache/lucene/document/XYShapeDocValues.class DONE
/org/bouncycastle/jce/provider/RFC3280CertPathUtilities.class DONE
/org/bouncycastle/jcajce/provider/asymmetric/ec/BCECPrivateKey.class DONE
/org/bouncycastle/math/ec/custom/sec/SecP384R1FieldElement.class starting
/org/apache/lucene/document/LatLonPointDistanceQuery.class starting
/org/apache/lucene/document/LatLonPointDistanceQuery.class DONE
/org/bouncycastle/pqc/crypto/xmss/XMSSMTPrivateKeyParameters$Builder.class starting
/org/bouncycastle/math/ec/custom/sec/SecP384R1FieldElement.class DONE
/org/apache/lucene/codecs/lucene90/Lucene90PointsFormat.class starting
/org/apache/lucene/codecs/lucene90/Lucene90PointsFormat.class DONE
/org/bouncycastle/math/ec/custom/gm/SM2P256V1FieldElement.class starting
/org/apache/lucene/document/XYShapeDocValues.class starting
/org/bouncycastle/math/ec/custom/gm/SM2P256V1FieldElement.class DONE
/org/bouncycastle/jce/provider/RFC3280CertPathUtilities.class starting
/org/bouncycastle/pqc/crypto/xmss/XMSSMTPrivateKeyParameters$Builder.class DONE
/org/apache/lucene/document/XYShapeDocValues.class DONE
/org/bouncycastle/jce/provider/RFC3280CertPathUtilities.class DONE
Could not read file /com/google/common/collect/DenseImmutableTable.class
Could not read file /org/apache/lucene/document/ShapeDocValues.class
Could not read file /org/apache/lucene/index/MergeRateLimiter.class
*****
{
  "olly": {
    "version": 2,
    "wall_time": 153.74,
    "cpu_time": 1987.95,
    "gc_time": 152.92,
    "gc_overhead": 7.69,
    "max_rss_kb": 3546664,
    "domain_stats": {
      "0": {
        "wall_time": 153.74,
        "gc_time": 2.38,
        "gc_overhead": 1.55
      },
      "1": {
        "wall_time": 152.88,
        "gc_time": 11.19,
        "gc_overhead": 7.32
      },
      "2": {
        "wall_time": 152.97,
        "gc_time": 20.81,
        "gc_overhead": 13.61
      },
      "3": {
        "wall_time": 152.75,
        "gc_time": 13.07,
        "gc_overhead": 8.56
      },
      "4": {
        "wall_time": 152.84,
        "gc_time": 10.25,
        "gc_overhead": 6.7
      },
      "5": {
        "wall_time": 152.93,
        "gc_time": 15.89,
        "gc_overhead": 10.39
      },
      "6": {
        "wall_time": 152.91,
        "gc_time": 10.72,
        "gc_overhead": 7.01
      },
      "7": {
        "wall_time": 152.87,
        "gc_time": 10.04,
        "gc_overhead": 6.56
      },
      "8": {
        "wall_time": 152.85,
        "gc_time": 10.74,
        "gc_overhead": 7.03
      },
      "9": {
        "wall_time": 152.88,
        "gc_time": 9.98,
        "gc_overhead": 6.53
      },
      "10": {
        "wall_time": 152.81,
        "gc_time": 17.32,
        "gc_overhead": 11.33
      },
      "11": {
        "wall_time": 152.79,
        "gc_time": 8.77,
        "gc_overhead": 5.74
      },
      "12": {
        "wall_time": 152.75,
        "gc_time": 11.76,
        "gc_overhead": 7.7
      }
    },
    "mean_latency": 5.155511,
    "stddev_latency": 9.441859,
    "min_latency": 0.0,
    "max_latency": 171.180031,
    "distr_latency": {
      "25.0000": 0.001167,
      "50.0000": 0.002087,
      "60.0000": 0.008359,
      "70.0000": 3.817471,
      "75.0000": 8.007679,
      "80.0000": 12.009471,
      "85.0000": 15.482879,
      "90.0000": 19.005439,
      "95.0000": 24.068095,
      "96.0000": 25.673727,
      "97.0000": 27.787263,
      "98.0000": 30.408703,
      "99.0000": 35.094527,
      "99.9000": 72.810495,
      "99.9900": 136.708095,
      "99.9990": 171.180031,
      "99.9999": 171.180031,
      "100.0000": 171.180031
    },
    "outliers": {
      "count": 0,
      "mean_latency": 0.0,
      "max_latency": 0.0
    },
    "allocations": {
      "total_heap": 53590669987,
      "minor_heap": 53797818795,
      "major_heap": 433546493,
      "promoted_words": 640695301,
      "promoted_pct": 1.19
    },
    "domain_alloc_stats": {
      "0": {
        "total": 24945123,
        "minor": 7219338,
        "promoted": 7641962,
        "major": 25367747,
        "promoted_pct": 105.85
      },
      "1": {
        "total": 3212889813,
        "minor": 3222834596,
        "promoted": 36557604,
        "major": 26612821,
        "promoted_pct": 1.13
      },
      "2": {
        "total": 9981567584,
        "minor": 10026389244,
        "promoted": 96345894,
        "major": 51524234,
        "promoted_pct": 0.96
      },
      "3": {
        "total": 3958889947,
        "minor": 3979646490,
        "promoted": 59237766,
        "major": 38481223,
        "promoted_pct": 1.49
      },
      "4": {
        "total": 2602584339,
        "minor": 2611580038,
        "promoted": 36630683,
        "major": 27634984,
        "promoted_pct": 1.4
      },
      "5": {
        "total": 9107799977,
        "minor": 9122241974,
        "promoted": 49310697,
        "major": 34868700,
        "promoted_pct": 0.54
      },
      "6": {
        "total": 3072886678,
        "minor": 3085944164,
        "promoted": 47357796,
        "major": 34300310,
        "promoted_pct": 1.53
      },
      "7": {
        "total": 2924895503,
        "minor": 2940188248,
        "promoted": 46968252,
        "major": 31675507,
        "promoted_pct": 1.6
      },
      "8": {
        "total": 3401082558,
        "minor": 3422062813,
        "promoted": 53131512,
        "major": 32151257,
        "promoted_pct": 1.55
      },
      "9": {
        "total": 2701003906,
        "minor": 2716365152,
        "promoted": 41325056,
        "major": 25963810,
        "promoted_pct": 1.52
      },
      "10": {
        "total": 6322384948,
        "minor": 6348729659,
        "promoted": 74540259,
        "major": 48195548,
        "promoted_pct": 1.17
      },
      "11": {
        "total": 2669020860,
        "minor": 2680958937,
        "promoted": 38268208,
        "major": 26330131,
        "promoted_pct": 1.43
      },
      "12": {
        "total": 3610718751,
        "minor": 3633658142,
        "promoted": 53379612,
        "major": 30440221,
        "promoted_pct": 1.47
      }
    },
    "collections": {
      "minor": 1458,
      "major": 40,
      "forced_major": 0,
      "compactions": 0
    },
    "stats_reliable": true
  },
  "perf": [
    {
      "counter-value": "300780.511918",
      "unit": "msec",
      "event": "task-clock",
      "event-runtime": 300780511918,
      "pcnt-running": 100.0,
      "metric-value": "1.950474",
      "metric-unit": "CPUs utilized"
    },
    {
      "counter-value": "861642.000000",
      "unit": "",
      "event": "page-faults",
      "event-runtime": 300780507765,
      "pcnt-running": 100.0,
      "metric-value": "2.864687",
      "metric-unit": "K/sec"
    },
    {
      "counter-value": "990203399545.000000",
      "unit": "",
      "event": "cycles",
      "event-runtime": 300780505282,
      "pcnt-running": 100.0,
      "metric-value": "3.292113",
      "metric-unit": "GHz"
    },
    {
      "counter-value": "1160510880986.000000",
      "unit": "",
      "event": "instructions",
      "event-runtime": 300780499244,
      "pcnt-running": 100.0,
      "metric-value": "1.171992",
      "metric-unit": "insn per cycle"
    }
  ]
}