
-----
mkdir -p PLOTTY_WORKAROUND; timedrun; OCAMLRUNPARAM="s=262144,o=120,e=18,d=128" /home/udesou/.bench-agent/git/macro-benches/benchmarks/infer/infer_default-ocaml-5.5.0-f523850-fp
running-ng v0.3.8
Wed Sep  9 07:29:28 AM UTC 2026

 07:29:28 up 2 days,  7:23,  2 users,  load average: 7.26, 8.60, 7.97
USER     TTY      FROM             LOGIN@   IDLE   JCPU   PCPU  WHAT

procs -----------memory---------- ---swap-- -----io---- -system-- -------cpu-------
 r  b   swpd   free   buff  cache   si   so    bi    bo   in   cs us sy id wa st gu
 0  1      0 45175348 4087976 15482192    0    0    42   411 2111    3 12  0 76 12  0  0
 0  1      0 45194408 4087988 15482248    0    0     0   116 1728 2884  0  1 87 12  0  0

top - 07:29:29 up 2 days,  7:23,  2 users,  load average: 7.26, 8.60, 7.97
Tasks: 277 total,   1 running, 276 sleeping,   0 stopped,   0 zombie
%Cpu(s):  0.0 us,  0.0 sy,  0.0 ni, 86.0 id, 12.8 wa,  0.0 hi,  1.2 si,  0.0 st 
MiB Mem :  64272.5 total,  44134.9 free,   1749.9 used,  19111.6 buff/cache     
MiB Swap:   8192.0 total,   8192.0 free,      0.0 used.  62522.6 avail Mem 

    PID USER      PR  NI    VIRT    RES    SHR S  %CPU  %MEM     TIME+ COMMAND
 225669 udesou    20   0   11908   5712   3560 R   9.1   0.0   0:00.01 top -bcn 1 -w512
      1 root      20   0   22724  14128   9580 S   0.0   0.0   1:30.20 /sbin/init
      2 root      20   0       0      0      0 S   0.0   0.0   0:00.02 [kthreadd]
      3 root      20   0       0      0      0 S   0.0   0.0   0:00.00 [pool_workqueue_release]
      4 root       0 -20       0      0      0 I   0.0   0.0   0:00.00 [kworker/R-rcu_g]

Environment variables: 
	CONFIG_FILE=/home/udesou/.bench-agent/work/run-20260907-001-e1/run-20260907-001.yml
	HOME=/home/udesou
	LANG=en_US.UTF-8
	LOGNAME=udesou
	LOG_DIR=/home/udesou/.bench-agent/logs
	OLLY_DIR=/home/udesou/.bench-agent/git/olly
	PATH=/usr/local/bin:/home/udesou/.bench-agent/git/olly/_build/install/default/bin:/home/udesou/ocaml-bench-service/_opam/bin:/home/udesou/.vscode-server/data/User/globalStorage/github.copilot-chat/debugCommand:/home/udesou/.vscode-server/data/User/globalStorage/github.copilot-chat/copilotCli:/home/udesou/.vscode-server/cli/servers/Stable-08d4889f9ec4a1685d257b9b95de036c8e1ce1e5/server/bin/remote-cli:/home/udesou/.opam/running-ng-ocaml-5.5.0-f523850-fp-flambda/bin:/home/udesou/.local/bin:/home/udesou/.opam/running-ng-ocaml-5.5.0-f523850-fp-flambda/bin:/home/udesou/.local/bin:/usr/local/sbin:/usr/local/bin:/usr/sbin:/usr/bin:/sbin:/bin:/usr/games:/usr/local/games:/snap/bin
	PWD=/home/udesou/ocaml-bench-service
	PYTHONPATH=/home/udesou/.bench-agent/git/running-ng/src
	RUNNING_BENCH_DIR=/home/udesou/.bench-agent/git/macro-benches
	RUNNING_MACRO_BENCH_DIR=/home/udesou/.bench-agent/git/macro-benches
	RUNNING_NG_PACKAGE_DATA=/home/udesou/.bench-agent/git/running-ng/src/running/config
	RUNNING_REUSE_SWITCHES=1
	RUNNING_TAG=default_run,large_run
	SHELL=/bin/bash
	SHLVL=1
	TERM=screen.xterm-256color
	USER=udesou
	_=/usr/bin/python3
OS: Linux obelisk 6.8.0-139-generic #139-Ubuntu SMP PREEMPT_DYNAMIC Sat Aug  1 03:52:05 UTC 2026 x86_64 x86_64 x86_64 GNU/Linux
CPU: model name	: Intel(R) Xeon(R) CPU E5-2667 v2 @ 3.30GHz
number of cores: 8
Frequency of cpu 0: 3.30 GHz
Governor of cpu 0: performance
Scaling_min_freq of cpu 0: 1.20 GHz
Frequency of cpu 2: 3.30 GHz
Governor of cpu 2: performance
Scaling_min_freq of cpu 2: 1.20 GHz
Frequency of cpu 4: 3.30 GHz
Governor of cpu 4: performance
Scaling_min_freq of cpu 4: 1.20 GHz
Frequency of cpu 6: 3.30 GHz
Governor of cpu 6: performance
Scaling_min_freq of cpu 6: 1.20 GHz
WARNING: Failed to resolve file /com/google/common/annotations/Beta.class with "No such file or directory" 

WARNING: Failed to resolve file /com/google/common/base/Converter$IdentityConverter.class with "No such file or directory" 

WARNING: Failed to resolve file /com/google/common/base/Platform.class with "No such file or directory" 

WARNING: Failed to resolve file /com/google/common/base/Utf8.class with "No such file or directory" 

WARNING: Failed to resolve file /com/google/common/cache/LocalCache$EntryFactory$2.class with "No such file or directory" 

WARNING: Failed to resolve file /com/google/common/cache/LongAddables.class with "No such file or directory" 

WARNING: Failed to resolve file /com/google/common/collect/AbstractMapBasedMultiset$2$1.class with "No such file or directory" 

WARNING: Failed to resolve file /com/google/common/collect/CollectSpliterators.class with "No such file or directory" 

WARNING: Failed to resolve file /com/google/common/collect/DenseImmutableTable.class with "No such file or directory" 

WARNING: Failed to resolve file /com/google/common/collect/ForwardingConcurrentMap.class with "No such file or directory" 

WARNING: Failed to resolve file /com/google/common/collect/HashMultimap.class with "No such file or directory" 

WARNING: Failed to resolve file /com/google/common/collect/ImmutableMultimap$Builder.class with "No such file or directory" 

WARNING: Failed to resolve file /com/google/common/collect/ImmutableSortedSet$1.class with "No such file or directory" 

WARNING: Failed to resolve file /com/google/common/collect/JdkBackedImmutableMap.class with "No such file or directory" 

WARNING: Failed to resolve file /com/google/common/collect/MapMakerInternalMap$EntrySet.class with "No such file or directory" 

WARNING: Failed to resolve file /com/google/common/collect/Maps$AsMapView$1EntrySetImpl.class with "No such file or directory" 

WARNING: Failed to resolve file /com/google/common/collect/MultimapBuilder$2.class with "No such file or directory" 

WARNING: Failed to resolve file /com/google/common/collect/Multisets$4.class with "No such file or directory" 

WARNING: Failed to resolve file /com/google/common/collect/RegularImmutableMap$Values.class with "No such file or directory" 

WARNING: Failed to resolve file /com/google/common/collect/SortedLists$KeyAbsentBehavior$2.class with "No such file or directory" 

WARNING: Failed to resolve file /com/google/common/collect/Streams$DoubleFunctionWithIndex.class with "No such file or directory" 

WARNING: Failed to resolve file /com/google/common/collect/TransformedListIterator.class with "No such file or directory" 

WARNING: Failed to resolve file /com/google/common/collect/TreeTraverser.class with "No such file or directory" 

WARNING: Failed to resolve file /com/google/common/graph/AbstractBaseGraph$1.class with "No such file or directory" 

WARNING: Failed to resolve file /com/google/common/graph/GraphBuilder.class with "No such file or directory" 

WARNING: Failed to resolve file /com/google/common/graph/ValueGraph.class with "No such file or directory" 

WARNING: Failed to resolve file /com/google/common/hash/Hashing.class with "No such file or directory" 

WARNING: Failed to resolve file /com/google/common/io/BaseEncoding.class with "No such file or directory" 

WARNING: Failed to resolve file /com/google/common/io/LineProcessor.class with "No such file or directory" 

WARNING: Failed to resolve file /com/google/common/net/HttpHeaders.class with "No such file or directory" 

WARNING: Failed to resolve file /com/google/common/primitives/Shorts$ShortConverter.class with "No such file or directory" 

WARNING: Failed to resolve file /com/google/common/reflect/TypeToken$Bounds.class with "No such file or directory" 

WARNING: Failed to resolve file /com/google/common/util/concurrent/AbstractFuture$Listener.class with "No such file or directory" 

WARNING: Failed to resolve file /com/google/common/util/concurrent/AggregateFutureState.class with "No such file or directory" 

WARNING: Failed to resolve file /com/google/common/util/concurrent/ForwardingCheckedFuture$SimpleForwardingCheckedFuture.class with "No such file or directory" 

WARNING: Failed to resolve file /com/google/common/util/concurrent/Monitor$Guard.class with "No such file or directory" 

WARNING: Failed to resolve file /com/google/common/util/concurrent/SimpleTimeLimiter$1.class with "No such file or directory" 

WARNING: Failed to resolve file /net/bytebuddy/ByteBuddy$RecordConstructorStrategy.class with "No such file or directory" 

WARNING: Failed to resolve file /net/bytebuddy/agent/builder/AgentBuilder$Default$NativeMethodStrategy$ForPrefix.class with "No such file or directory" 

WARNING: Failed to resolve file /net/bytebuddy/agent/builder/AgentBuilder$InstallationListener$Compound.class with "No such file or directory" 

WARNING: Failed to resolve file /net/bytebuddy/agent/builder/AgentBuilder$PoolStrategy$Default.class with "No such file or directory" 

WARNING: Failed to resolve file /net/bytebuddy/agent/builder/AgentBuilder$RedefinitionStrategy$Listener$Adapter.class with "No such file or directory" 

WARNING: Failed to resolve file /net/bytebuddy/agent/builder/package-info.class with "No such file or directory" 

WARNING: Failed to resolve file /net/bytebuddy/asm/Advice$AssignReturned$ToReturned$Handler.class with "No such file or directory" 

WARNING: Failed to resolve file /net/bytebuddy/asm/Advice$Dispatcher$Resolved$AbstractBase.class with "No such file or directory" 

WARNING: Failed to resolve file /net/bytebuddy/asm/Advice$OffsetMapping$ForInstrumentedMethod$2.class with "No such file or directory" 

WARNING: Failed to resolve file /net/bytebuddy/asm/Advice$OffsetMapping.class with "No such file or directory" 

WARNING: Failed to resolve file /net/bytebuddy/asm/ClassVisitorFactory$FrameTranslator.class with "No such file or directory" 

WARNING: Failed to resolve file /net/bytebuddy/asm/MemberSubstitution$TypePoolResolver$OfImplicitPool.class with "No such file or directory" 

WARNING: Failed to resolve file /net/bytebuddy/build/EntryPoint$Default.class with "No such file or directory" 

WARNING: Failed to resolve file /net/bytebuddy/build/Plugin$Engine$Listener$StreamWriting.class with "No such file or directory" 

WARNING: Failed to resolve file /net/bytebuddy/build/Plugin$Factory$UsingReflection$Instantiator$Unresolved.class with "No such file or directory" 

WARNING: Failed to resolve file /net/bytebuddy/description/annotation/AnnotationDescription.class with "No such file or directory" 

WARNING: Failed to resolve file /net/bytebuddy/description/annotation/AnnotationValue$Loaded$AbstractBase$ForUnresolvedProperty.class with "No such file or directory" 

WARNING: Failed to resolve file /net/bytebuddy/description/method/MethodList$Explicit.class with "No such file or directory" 

WARNING: Failed to resolve file /net/bytebuddy/description/modifier/SynchronizationState.class with "No such file or directory" 

WARNING: Failed to resolve file /net/bytebuddy/description/type/TypeDescription$Generic$AnnotationReader$Delegator$ForLoadedTypeVariable.class with "No such file or directory" 

WARNING: Failed to resolve file /net/bytebuddy/description/type/TypeDescription$Generic$OfParameterizedType$Latent.class with "No such file or directory" 

WARNING: Failed to resolve file /net/bytebuddy/description/type/TypeDescription$Latent.class with "No such file or directory" 

WARNING: Failed to resolve file /net/bytebuddy/dynamic/ClassFileLocator$ForModuleFile.class with "No such file or directory" 

WARNING: Failed to resolve file /net/bytebuddy/dynamic/DynamicType$Builder$MethodDefinition$ParameterDefinition$Simple$Annotatable$AbstractBase.class with "No such file or directory" 

WARNING: Failed to resolve file /net/bytebuddy/dynamic/VisibilityBridgeStrategy$Default$2.class with "No such file or directory" 

WARNING: Failed to resolve file /net/bytebuddy/dynamic/loading/ClassInjector$UsingReflection$Dispatcher$Initializable.class with "No such file or directory" 

WARNING: Failed to resolve file /net/bytebuddy/dynamic/loading/PackageDefinitionStrategy$ManifestReading.class with "No such file or directory" 

WARNING: Failed to resolve file /net/bytebuddy/dynamic/scaffold/MethodGraph$Compiler$Default$Key$Store$Entry$Initial.class with "No such file or directory" 

WARNING: Failed to resolve file /net/bytebuddy/dynamic/scaffold/TypeWriter$Default$ClassDumpAction$Dispatcher$Enabled.class with "No such file or directory" 

WARNING: Failed to resolve file /net/bytebuddy/dynamic/scaffold/TypeWriter$MethodPool$Record$AccessBridgeWrapper.class with "No such file or directory" 

WARNING: Failed to resolve file /net/bytebuddy/dynamic/scaffold/subclass/SubclassImplementationTarget$OriginTypeResolver$1.class with "No such file or directory" 

WARNING: Failed to resolve file /net/bytebuddy/implementation/FieldAccessor$FieldLocation.class with "No such file or directory" 

WARNING: Failed to resolve file /net/bytebuddy/implementation/HashCodeMethod$ValueTransformer$7.class with "No such file or directory" 

WARNING: Failed to resolve file /net/bytebuddy/implementation/InvocationHandlerAdapter.class with "No such file or directory" 

WARNING: Failed to resolve file /net/bytebuddy/implementation/InvokeDynamic$WithImplicitArguments.class with "No such file or directory" 

WARNING: Failed to resolve file /net/bytebuddy/implementation/MethodCall$MethodInvoker.class with "No such file or directory" 

WARNING: Failed to resolve file /net/bytebuddy/implementation/MethodDelegation.class with "No such file or directory" 

WARNING: Failed to resolve file /net/bytebuddy/implementation/attribute/AnnotationValueFilter$Factory.class with "No such file or directory" 

WARNING: Failed to resolve file /net/bytebuddy/implementation/auxiliary/TypeProxy$1.class with "No such file or directory" 

WARNING: Failed to resolve file /net/bytebuddy/implementation/bind/annotation/AllArguments.class with "No such file or directory" 

WARNING: Failed to resolve file /net/bytebuddy/implementation/bind/annotation/Morph$Binder$RedirectionProxy$InstanceFieldConstructor$Appender.class with "No such file or directory" 

WARNING: Failed to resolve file /net/bytebuddy/implementation/bytecode/ByteCodeAppender$Compound.class with "No such file or directory" 

WARNING: Failed to resolve file /net/bytebuddy/implementation/bytecode/assign/reference/GenericTypeAwareAssigner$IsAssignableToVisitor$OfGenericArray.class with "No such file or directory" 

WARNING: Failed to resolve file /net/bytebuddy/implementation/bytecode/member/FieldAccess$AccessDispatcher$FieldPutInstruction.class with "No such file or directory" 

WARNING: Failed to resolve file /net/bytebuddy/jar/asm/RecordComponentWriter.class with "No such file or directory" 

WARNING: Failed to resolve file /net/bytebuddy/matcher/FilterableList.class with "No such file or directory" 

WARNING: Failed to resolve file /net/bytebuddy/matcher/TypeSortMatcher.class with "No such file or directory" 

WARNING: Failed to resolve file /net/bytebuddy/pool/TypePool$Default$LazyTypeDescription$AnnotationToken.class with "No such file or directory" 

WARNING: Failed to resolve file /net/bytebuddy/pool/TypePool$Default$LazyTypeDescription$LazyMethodDescription$LazyParameterizedReceiverType$TypeArgumentList$AnnotatedTypeVariable.class with "No such file or directory" 

WARNING: Failed to resolve file /net/bytebuddy/utility/FileSystem$ForNio2CapableVm$StandardCopyOption.class with "No such file or directory" 

WARNING: Failed to resolve file /net/bytebuddy/utility/dispatcher/JavaDispatcher$Dispatcher.class with "No such file or directory" 

WARNING: Failed to resolve file /org/apache/lucene/analysis/CharArrayMap.class with "No such file or directory" 

WARNING: Failed to resolve file /org/apache/lucene/analysis/tokenattributes/TermToBytesRefAttribute.class with "No such file or directory" 

WARNING: Failed to resolve file /org/apache/lucene/codecs/KnnVectorsWriter$ByteVectorValuesSub.class with "No such file or directory" 

WARNING: Failed to resolve file /org/apache/lucene/codecs/hnsw/DefaultFlatVectorScorer$ByteScoringSupplier$1.class with "No such file or directory" 

WARNING: Failed to resolve file /org/apache/lucene/codecs/lucene90/Lucene90DocValuesProducer$17.class with "No such file or directory" 

WARNING: Failed to resolve file /org/apache/lucene/codecs/lucene90/Lucene90PointsFormat.class with "No such file or directory" 

WARNING: Failed to resolve file /org/apache/lucene/codecs/lucene912/ForUtil.class with "No such file or directory" 

WARNING: Failed to resolve file /org/apache/lucene/codecs/lucene99/Lucene99HnswVectorsWriter$2.class with "No such file or directory" 

WARNING: Failed to resolve file /org/apache/lucene/document/BinaryPoint$1.class with "No such file or directory" 

WARNING: Failed to resolve file /org/apache/lucene/document/FloatPoint$2.class with "No such file or directory" 

WARNING: Failed to resolve file /org/apache/lucene/document/LatLonPointDistanceQuery.class with "No such file or directory" 

WARNING: Failed to resolve file /org/apache/lucene/document/ShapeField$QueryRelation.class with "No such file or directory" 

WARNING: Failed to resolve file /org/apache/lucene/document/XYShapeDocValues.class with "No such file or directory" 

WARNING: Failed to resolve file /org/apache/lucene/index/BaseTermsEnum$1.class with "No such file or directory" 

WARNING: Failed to resolve file /org/apache/lucene/index/ConcurrentMergeScheduler.class with "No such file or directory" 

WARNING: Failed to resolve file /org/apache/lucene/index/ExitableDirectoryReader$ExitableFilterAtomicReader$4.class with "No such file or directory" 

WARNING: Failed to resolve file /org/apache/lucene/index/FreqProxFields$FreqProxTermsEnum$1.class with "No such file or directory" 

WARNING: Failed to resolve file /org/apache/lucene/index/IndexWriter$DocModifier.class with "No such file or directory" 

WARNING: Failed to resolve file /org/apache/lucene/index/MultiDocValues$1.class with "No such file or directory" 

WARNING: Failed to resolve file /org/apache/lucene/index/PointValues$IntersectVisitor.class with "No such file or directory" 

WARNING: Failed to resolve file /org/apache/lucene/index/SingletonSortedSetDocValues.class with "No such file or directory" 

WARNING: Failed to resolve file /org/apache/lucene/index/SortedNumericDocValuesWriter.class with "No such file or directory" 

WARNING: Failed to resolve file /org/apache/lucene/index/TermVectorsConsumerPerField$TermVectorsPostingsArray.class with "No such file or directory" 

WARNING: Failed to resolve file /org/apache/lucene/internal/hppc/IntDoubleHashMap$EntryIterator.class with "No such file or directory" 

WARNING: Failed to resolve file /org/apache/lucene/internal/hppc/LongIntHashMap$LongIntCursor.class with "No such file or directory" 

WARNING: Failed to resolve file /org/apache/lucene/search/BlockMaxConjunctionScorer$2.class with "No such file or directory" 

WARNING: Failed to resolve file /org/apache/lucene/search/ConstantScoreQuery$1$1.class with "No such file or directory" 

WARNING: Failed to resolve file /org/apache/lucene/search/DoubleValuesSource$DoubleValuesComparatorSource$1.class with "No such file or directory" 

WARNING: Failed to resolve file /org/apache/lucene/search/ImpactsDISI.class with "No such file or directory" 

WARNING: Failed to resolve file /org/apache/lucene/search/LongValuesSource$LongValuesComparatorSource.class with "No such file or directory" 

WARNING: Failed to resolve file /org/apache/lucene/search/NamedMatches$NamedQuery.class with "No such file or directory" 

WARNING: Failed to resolve file /org/apache/lucene/search/ReqOptSumScorer.class with "No such file or directory" 

WARNING: Failed to resolve file /org/apache/lucene/search/SortedNumericSortField$5.class with "No such file or directory" 

WARNING: Failed to resolve file /org/apache/lucene/search/TopDocsCollector.class with "No such file or directory" 

WARNING: Failed to resolve file /org/apache/lucene/search/comparators/NumericComparator$NumericLeafComparator.class with "No such file or directory" 

WARNING: Failed to resolve file /org/apache/lucene/search/similarities/MultiSimilarity.class with "No such file or directory" 

WARNING: Failed to resolve file /org/apache/lucene/store/IndexInput$1.class with "No such file or directory" 

WARNING: Failed to resolve file /org/apache/lucene/util/AttributeImpl.class with "No such file or directory" 

WARNING: Failed to resolve file /org/apache/lucene/util/DocIdSetBuilder$BulkAdder.class with "No such file or directory" 

WARNING: Failed to resolve file /org/apache/lucene/util/ModuleResourceLoader.class with "No such file or directory" 

WARNING: Failed to resolve file /org/apache/lucene/util/Sorter.class with "No such file or directory" 

WARNING: Failed to resolve file /org/apache/lucene/util/automaton/MinimizationOperations$IntPair.class with "No such file or directory" 

WARNING: Failed to resolve file /org/apache/lucene/util/bkd/OfflinePointWriter.class with "No such file or directory" 

WARNING: Failed to resolve file /org/apache/lucene/util/fst/Util$FSTPath.class with "No such file or directory" 

WARNING: Failed to resolve file /org/apache/lucene/util/mutable/MutableValueDate.class with "No such file or directory" 

WARNING: Failed to resolve file /org/apache/lucene/util/packed/DirectReader$DirectPackedReader32.class with "No such file or directory" 

WARNING: Failed to resolve file /org/apache/lucene/util/packed/PackedWriter.class with "No such file or directory" 

WARNING: Failed to resolve file /org/bouncycastle/asn1/ASN1ObjectDescriptor$1.class with "No such file or directory" 

WARNING: Failed to resolve file /org/bouncycastle/asn1/BEROctetStringParser.class with "No such file or directory" 

WARNING: Failed to resolve file /org/bouncycastle/asn1/LazyEncodedSequence.class with "No such file or directory" 

WARNING: Failed to resolve file /org/bouncycastle/asn1/ocsp/OCSPRequest.class with "No such file or directory" 

WARNING: Failed to resolve file /org/bouncycastle/asn1/sec/SECNamedCurves$17.class with "No such file or directory" 

WARNING: Failed to resolve file /org/bouncycastle/asn1/x500/DirectoryString.class with "No such file or directory" 

WARNING: Failed to resolve file /org/bouncycastle/asn1/x509/NameConstraints.class with "No such file or directory" 

WARNING: Failed to resolve file /org/bouncycastle/asn1/x509/sigi/NameOrPseudonym.class with "No such file or directory" 

WARNING: Failed to resolve file /org/bouncycastle/crypto/CipherKeyGenerator.class with "No such file or directory" 

WARNING: Failed to resolve file /org/bouncycastle/crypto/StagedAgreement.class with "No such file or directory" 

WARNING: Failed to resolve file /org/bouncycastle/crypto/digests/AsconXof$1.class with "No such file or directory" 

WARNING: Failed to resolve file /org/bouncycastle/crypto/digests/ShortenedDigest.class with "No such file or directory" 

WARNING: Failed to resolve file /org/bouncycastle/crypto/ec/ECDecryptor.class with "No such file or directory" 

WARNING: Failed to resolve file /org/bouncycastle/crypto/engines/GOST3412_2015Engine.class with "No such file or directory" 

WARNING: Failed to resolve file /org/bouncycastle/crypto/engines/SparkleEngine$1.class with "No such file or directory" 

WARNING: Failed to resolve file /org/bouncycastle/crypto/generators/ElGamalParametersGenerator.class with "No such file or directory" 

WARNING: Failed to resolve file /org/bouncycastle/crypto/macs/DSTU7564Mac.class with "No such file or directory" 

WARNING: Failed to resolve file /org/bouncycastle/crypto/modes/NISTCTSBlockCipher.class with "No such file or directory" 

WARNING: Failed to resolve file /org/bouncycastle/crypto/params/DHParameters.class with "No such file or directory" 

WARNING: Failed to resolve file /org/bouncycastle/crypto/params/NaccacheSternKeyGenerationParameters.class with "No such file or directory" 

WARNING: Failed to resolve file /org/bouncycastle/crypto/prng/X931SecureRandom.class with "No such file or directory" 

WARNING: Failed to resolve file /org/bouncycastle/crypto/util/DEROtherInfo$1.class with "No such file or directory" 

WARNING: Failed to resolve file /org/bouncycastle/crypto/util/SSHNamedCurves$3.class with "No such file or directory" 

WARNING: Failed to resolve file /org/bouncycastle/jcajce/BCFKSLoadStoreParameter$SignatureAlgorithm.class with "No such file or directory" 

WARNING: Failed to resolve file /org/bouncycastle/jcajce/provider/asymmetric/CompositeSignatures.class with "No such file or directory" 

WARNING: Failed to resolve file /org/bouncycastle/jcajce/provider/asymmetric/compositesignatures/KeyPairGeneratorSpi$MLDSA65_ECDSA_brainpoolP256r1_SHA512.class with "No such file or directory" 

WARNING: Failed to resolve file /org/bouncycastle/jcajce/provider/asymmetric/dh/KeyAgreementSpi$DHwithSHA384CKDF.class with "No such file or directory" 

WARNING: Failed to resolve file /org/bouncycastle/jcajce/provider/asymmetric/ec/BCECPrivateKey.class with "No such file or directory" 

WARNING: Failed to resolve file /org/bouncycastle/jcajce/provider/asymmetric/ec/KeyAgreementSpi$DHUwithSHA224KDF.class with "No such file or directory" 

WARNING: Failed to resolve file /org/bouncycastle/jcajce/provider/asymmetric/ec/KeyPairGeneratorSpi.class with "No such file or directory" 

WARNING: Failed to resolve file /org/bouncycastle/jcajce/provider/asymmetric/ecgost12/KeyAgreementSpi$ECVKO512.class with "No such file or directory" 

WARNING: Failed to resolve file /org/bouncycastle/jcajce/provider/asymmetric/edec/KeyPairGeneratorSpi$X448.class with "No such file or directory" 

WARNING: Failed to resolve file /org/bouncycastle/jcajce/provider/asymmetric/rsa/DigestSignatureSpi$SHA3_384.class with "No such file or directory" 

WARNING: Failed to resolve file /org/bouncycastle/jcajce/provider/asymmetric/rsa/PSSSignatureSpi$SHA512withRSA.class with "No such file or directory" 

WARNING: Failed to resolve file /org/bouncycastle/jcajce/provider/asymmetric/x509/X509CRLInternal.class with "No such file or directory" 

WARNING: Failed to resolve file /org/bouncycastle/jcajce/provider/digest/GOST3411$Mappings.class with "No such file or directory" 

WARNING: Failed to resolve file /org/bouncycastle/jcajce/provider/digest/RIPEMD256$HashMac.class with "No such file or directory" 

WARNING: Failed to resolve file /org/bouncycastle/jcajce/provider/digest/SHA3$Mappings.class with "No such file or directory" 

WARNING: Failed to resolve file /org/bouncycastle/jcajce/provider/digest/Skein$HMacKeyGenerator_512_384.class with "No such file or directory" 

WARNING: Failed to resolve file /org/bouncycastle/jcajce/provider/digest/Whirlpool$KeyGenerator.class with "No such file or directory" 

WARNING: Failed to resolve file /org/bouncycastle/jcajce/provider/keystore/pkcs12/PKCS12KeyStoreSpi$1.class with "No such file or directory" 

WARNING: Failed to resolve file /org/bouncycastle/jcajce/provider/symmetric/AES$PBEWithSHA256And192BitAESBC.class with "No such file or directory" 

WARNING: Failed to resolve file /org/bouncycastle/jcajce/provider/symmetric/CAST5$CBC.class with "No such file or directory" 

WARNING: Failed to resolve file /org/bouncycastle/jcajce/provider/symmetric/DES$Mappings.class with "No such file or directory" 

WARNING: Failed to resolve file /org/bouncycastle/jcajce/provider/symmetric/DSTU7624$GCM128.class with "No such file or directory" 

WARNING: Failed to resolve file /org/bouncycastle/jcajce/provider/symmetric/HC128$KeyGen.class with "No such file or directory" 

WARNING: Failed to resolve file /org/bouncycastle/jcajce/provider/symmetric/PBEPKCS12.class with "No such file or directory" 

WARNING: Failed to resolve file /org/bouncycastle/jcajce/provider/symmetric/Rijndael.class with "No such file or directory" 

WARNING: Failed to resolve file /org/bouncycastle/jcajce/provider/symmetric/Shacal2$AlgParams.class with "No such file or directory" 

WARNING: Failed to resolve file /org/bouncycastle/jcajce/provider/symmetric/Threefish.class with "No such file or directory" 

WARNING: Failed to resolve file /org/bouncycastle/jcajce/provider/symmetric/util/BaseStreamCipher.class with "No such file or directory" 

WARNING: Failed to resolve file /org/bouncycastle/jcajce/spec/SkeinParameterSpec.class with "No such file or directory" 

WARNING: Failed to resolve file /org/bouncycastle/jce/provider/AnnotatedException.class with "No such file or directory" 

WARNING: Failed to resolve file /org/bouncycastle/jce/provider/RFC3280CertPathUtilities.class with "No such file or directory" 

WARNING: Failed to resolve file /org/bouncycastle/math/ec/ECCurve$Config.class with "No such file or directory" 

WARNING: Failed to resolve file /org/bouncycastle/math/ec/custom/gm/SM2P256V1FieldElement.class with "No such file or directory" 

WARNING: Failed to resolve file /org/bouncycastle/math/ec/custom/sec/SecP384R1FieldElement.class with "No such file or directory" 

WARNING: Failed to resolve file /org/bouncycastle/math/ec/custom/sec/SecT239K1Curve.class with "No such file or directory" 

WARNING: Failed to resolve file /org/bouncycastle/math/ec/rfc8032/Ed25519$PointTemp.class with "No such file or directory" 

WARNING: Failed to resolve file /org/bouncycastle/pqc/asn1/PQCObjectIdentifiers.class with "No such file or directory" 

WARNING: Failed to resolve file /org/bouncycastle/pqc/crypto/crystals/dilithium/DilithiumKeyPairGenerator.class with "No such file or directory" 

WARNING: Failed to resolve file /org/bouncycastle/pqc/crypto/falcon/FalconSmallPrime.class with "No such file or directory" 

WARNING: Failed to resolve file /org/bouncycastle/pqc/crypto/hqc/HQCKEMExtractor.class with "No such file or directory" 

WARNING: Failed to resolve file /org/bouncycastle/pqc/crypto/newhope/NHKeyPairGenerator.class with "No such file or directory" 

WARNING: Failed to resolve file /org/bouncycastle/pqc/crypto/picnic/PicnicEngine.class with "No such file or directory" 

WARNING: Failed to resolve file /org/bouncycastle/pqc/crypto/sphincs/SPHINCS256KeyGenerationParameters.class with "No such file or directory" 

WARNING: Failed to resolve file /org/bouncycastle/pqc/crypto/util/PublicKeyFactory$LMSConverter.class with "No such file or directory" 

WARNING: Failed to resolve file /org/bouncycastle/pqc/crypto/xmss/XMSSMTPrivateKeyParameters$Builder.class with "No such file or directory" 

WARNING: Failed to resolve file /org/bouncycastle/pqc/jcajce/interfaces/NHPublicKey.class with "No such file or directory" 

WARNING: Failed to resolve file /org/bouncycastle/pqc/jcajce/provider/SPHINCS.class with "No such file or directory" 

WARNING: Failed to resolve file /org/bouncycastle/pqc/jcajce/provider/falcon/SignatureSpi$Base.class with "No such file or directory" 

WARNING: Failed to resolve file /org/bouncycastle/pqc/jcajce/provider/mceliece/BCMcEliecePrivateKey.class with "No such file or directory" 

WARNING: Failed to resolve file /org/bouncycastle/pqc/jcajce/provider/picnic/BCPicnicPublicKey.class with "No such file or directory" 

WARNING: Failed to resolve file /org/bouncycastle/pqc/jcajce/provider/sphincsplus/SPHINCSPlusKeyPairGeneratorSpi$Shake_256f.class with "No such file or directory" 

WARNING: Failed to resolve file /org/bouncycastle/pqc/jcajce/spec/KyberParameterSpec.class with "No such file or directory" 

WARNING: Failed to resolve file /org/bouncycastle/pqc/legacy/crypto/mceliece/McEliecePrivateKeyParameters.class with "No such file or directory" 

WARNING: Failed to resolve file /org/bouncycastle/pqc/legacy/math/linearalgebra/GF2Matrix.class with "No such file or directory" 

WARNING: Failed to resolve file /org/bouncycastle/pqc/math/ntru/parameters/NTRUHPS2048509.class with "No such file or directory" 

WARNING: Failed to resolve file /org/bouncycastle/util/encoders/HexTranslator.class with "No such file or directory" 

WARNING: Failed to resolve file /org/bouncycastle/x509/X509CRLStoreSelector.class with "No such file or directory" 

Found 215 (out of 11364) source files to analyze in /home/udesou/.bench-agent/git/macro-benches/vendor/.infer-capture-ocaml-5.5.0-f523850-fp
/net/bytebuddy/asm/Advice$OffsetMapping$ForInstrumentedMethod$2.class starting
/net/bytebuddy/asm/Advice$OffsetMapping$ForInstrumentedMethod$2.class DONE
/net/bytebuddy/dynamic/DynamicType$Builder$MethodDefinition$ParameterDefinition$Simple$Annotatable$AbstractBase.class starting
/net/bytebuddy/dynamic/DynamicType$Builder$MethodDefinition$ParameterDefinition$Simple$Annotatable$AbstractBase.class DONE
/net/bytebuddy/implementation/bytecode/assign/reference/GenericTypeAwareAssigner$IsAssignableToVisitor$OfGenericArray.class starting
/net/bytebuddy/implementation/bytecode/assign/reference/GenericTypeAwareAssigner$IsAssignableToVisitor$OfGenericArray.class DONE
/org/apache/lucene/codecs/lucene912/ForUtil.class starting
/org/apache/lucene/codecs/lucene912/ForUtil.class DONE
/org/apache/lucene/document/BinaryPoint$1.class starting
/org/apache/lucene/document/BinaryPoint$1.class DONE
/org/bouncycastle/pqc/crypto/newhope/NHKeyPairGenerator.class starting
/org/bouncycastle/pqc/crypto/newhope/NHKeyPairGenerator.class DONE
/net/bytebuddy/dynamic/scaffold/MethodGraph$Compiler$Default$Key$Store$Entry$Initial.class starting
/net/bytebuddy/dynamic/scaffold/MethodGraph$Compiler$Default$Key$Store$Entry$Initial.class DONE
/org/bouncycastle/asn1/x500/DirectoryString.class starting
/org/bouncycastle/asn1/x500/DirectoryString.class DONE
/org/apache/lucene/search/BlockMaxConjunctionScorer$2.class starting
/org/apache/lucene/search/BlockMaxConjunctionScorer$2.class DONE
/org/bouncycastle/pqc/jcajce/spec/KyberParameterSpec.class starting
/org/bouncycastle/pqc/jcajce/spec/KyberParameterSpec.class DONE
/org/apache/lucene/document/XYShapeDocValues.class starting
/org/apache/lucene/document/XYShapeDocValues.class DONE
/org/bouncycastle/jcajce/provider/symmetric/AES$PBEWithSHA256And192BitAESBC.class starting
/org/bouncycastle/jcajce/provider/symmetric/AES$PBEWithSHA256And192BitAESBC.class DONE
/org/apache/lucene/index/ExitableDirectoryReader$ExitableFilterAtomicReader$4.class starting
/org/apache/lucene/index/ExitableDirectoryReader$ExitableFilterAtomicReader$4.class DONE
/org/apache/lucene/document/ShapeField$QueryRelation.class starting
/org/apache/lucene/document/ShapeField$QueryRelation.class DONE
/org/bouncycastle/asn1/x509/sigi/NameOrPseudonym.class starting
/org/bouncycastle/asn1/x509/sigi/NameOrPseudonym.class DONE
/org/apache/lucene/search/DoubleValuesSource$DoubleValuesComparatorSource$1.class starting
/org/apache/lucene/search/DoubleValuesSource$DoubleValuesComparatorSource$1.class DONE
/com/google/common/collect/ImmutableMultimap$Builder.class starting
/com/google/common/collect/ImmutableMultimap$Builder.class DONE
/com/google/common/base/Converter$IdentityConverter.class starting
/com/google/common/base/Converter$IdentityConverter.class DONE
/org/apache/lucene/util/Sorter.class starting
/org/apache/lucene/util/Sorter.class DONE
/net/bytebuddy/agent/builder/package-info.class starting
/net/bytebuddy/agent/builder/package-info.class DONE
/com/google/common/graph/ValueGraph.class starting
/com/google/common/graph/ValueGraph.class DONE
/org/bouncycastle/jcajce/provider/digest/RIPEMD256$HashMac.class starting
/org/bouncycastle/jcajce/provider/digest/RIPEMD256$HashMac.class DONE
/org/bouncycastle/jcajce/provider/symmetric/DES$Mappings.class starting
/org/bouncycastle/jcajce/provider/symmetric/DES$Mappings.class DONE
/org/bouncycastle/pqc/jcajce/provider/SPHINCS.class starting
/org/bouncycastle/pqc/jcajce/provider/SPHINCS.class DONE
/com/google/common/util/concurrent/Monitor$Guard.class starting
/com/google/common/util/concurrent/Monitor$Guard.class DONE
/net/bytebuddy/build/Plugin$Factory$UsingReflection$Instantiator$Unresolved.class starting
/net/bytebuddy/build/Plugin$Factory$UsingReflection$Instantiator$Unresolved.class DONE
/org/bouncycastle/crypto/generators/ElGamalParametersGenerator.class starting
/org/bouncycastle/crypto/generators/ElGamalParametersGenerator.class DONE
/org/bouncycastle/crypto/digests/ShortenedDigest.class starting
/org/bouncycastle/crypto/digests/ShortenedDigest.class DONE
/net/bytebuddy/matcher/FilterableList.class starting
/net/bytebuddy/matcher/FilterableList.class DONE
/com/google/common/io/BaseEncoding.class starting
/com/google/common/io/BaseEncoding.class DONE
/net/bytebuddy/pool/TypePool$Default$LazyTypeDescription$LazyMethodDescription$LazyParameterizedReceiverType$TypeArgumentList$AnnotatedTypeVariable.class starting
/net/bytebuddy/pool/TypePool$Default$LazyTypeDescription$LazyMethodDescription$LazyParameterizedReceiverType$TypeArgumentList$AnnotatedTypeVariable.class DONE
/org/bouncycastle/jcajce/provider/symmetric/PBEPKCS12.class starting
/org/bouncycastle/jcajce/provider/symmetric/PBEPKCS12.class DONE
/org/bouncycastle/pqc/crypto/picnic/PicnicEngine.class starting
/org/bouncycastle/pqc/crypto/picnic/PicnicEngine.class DONE
/org/bouncycastle/crypto/prng/X931SecureRandom.class starting
/org/bouncycastle/crypto/prng/X931SecureRandom.class DONE
/org/apache/lucene/search/ConstantScoreQuery$1$1.class starting
/org/apache/lucene/search/ConstantScoreQuery$1$1.class DONE
/org/apache/lucene/internal/hppc/IntDoubleHashMap$EntryIterator.class starting
/org/apache/lucene/internal/hppc/IntDoubleHashMap$EntryIterator.class DONE
/org/bouncycastle/asn1/x509/NameConstraints.class starting
/org/bouncycastle/asn1/x509/NameConstraints.class DONE
/com/google/common/graph/GraphBuilder.class starting
/com/google/common/graph/GraphBuilder.class DONE
/org/bouncycastle/jcajce/provider/symmetric/Threefish.class starting
/org/bouncycastle/jcajce/provider/symmetric/Threefish.class DONE
/net/bytebuddy/description/modifier/SynchronizationState.class starting
/net/bytebuddy/description/modifier/SynchronizationState.class DONE
/com/google/common/util/concurrent/SimpleTimeLimiter$1.class starting
/com/google/common/util/concurrent/SimpleTimeLimiter$1.class DONE
/net/bytebuddy/dynamic/scaffold/TypeWriter$MethodPool$Record$AccessBridgeWrapper.class starting
/net/bytebuddy/dynamic/scaffold/TypeWriter$MethodPool$Record$AccessBridgeWrapper.class DONE
/net/bytebuddy/dynamic/ClassFileLocator$ForModuleFile.class starting
/net/bytebuddy/dynamic/ClassFileLocator$ForModuleFile.class DONE
/com/google/common/util/concurrent/AggregateFutureState.class starting
/com/google/common/util/concurrent/AggregateFutureState.class DONE
/org/apache/lucene/search/ReqOptSumScorer.class starting
/org/apache/lucene/search/ReqOptSumScorer.class DONE
/com/google/common/annotations/Beta.class starting
/com/google/common/annotations/Beta.class DONE
/com/google/common/collect/DenseImmutableTable.class starting
/com/google/common/collect/DenseImmutableTable.class DONE
/org/bouncycastle/jcajce/provider/asymmetric/dh/KeyAgreementSpi$DHwithSHA384CKDF.class starting
/org/bouncycastle/jcajce/provider/asymmetric/dh/KeyAgreementSpi$DHwithSHA384CKDF.class DONE
/org/bouncycastle/math/ec/custom/gm/SM2P256V1FieldElement.class starting
/org/bouncycastle/math/ec/custom/gm/SM2P256V1FieldElement.class DONE
/org/bouncycastle/jcajce/provider/digest/GOST3411$Mappings.class starting
/org/bouncycastle/jcajce/provider/digest/GOST3411$Mappings.class DONE
/org/bouncycastle/jcajce/provider/symmetric/util/BaseStreamCipher.class starting
/org/bouncycastle/jcajce/provider/symmetric/util/BaseStreamCipher.class DONE
/org/bouncycastle/pqc/jcajce/provider/sphincsplus/SPHINCSPlusKeyPairGeneratorSpi$Shake_256f.class starting
/org/bouncycastle/pqc/jcajce/provider/sphincsplus/SPHINCSPlusKeyPairGeneratorSpi$Shake_256f.class DONE
/net/bytebuddy/implementation/auxiliary/TypeProxy$1.class starting
/net/bytebuddy/implementation/auxiliary/TypeProxy$1.class DONE
/com/google/common/collect/ImmutableSortedSet$1.class starting
/com/google/common/collect/ImmutableSortedSet$1.class DONE
/net/bytebuddy/pool/TypePool$Default$LazyTypeDescription$AnnotationToken.class starting
/net/bytebuddy/pool/TypePool$Default$LazyTypeDescription$AnnotationToken.class DONE
/org/apache/lucene/index/SingletonSortedSetDocValues.class starting
/org/apache/lucene/index/SingletonSortedSetDocValues.class DONE
/org/bouncycastle/pqc/crypto/crystals/dilithium/DilithiumKeyPairGenerator.class starting
/org/bouncycastle/pqc/crypto/crystals/dilithium/DilithiumKeyPairGenerator.class DONE
/org/bouncycastle/jce/provider/RFC3280CertPathUtilities.class starting
/org/bouncycastle/math/ec/rfc8032/Ed25519$PointTemp.class starting
/org/bouncycastle/math/ec/rfc8032/Ed25519$PointTemp.class DONE
/net/bytebuddy/build/Plugin$Engine$Listener$StreamWriting.class starting
/net/bytebuddy/build/Plugin$Engine$Listener$StreamWriting.class DONE
/org/bouncycastle/crypto/macs/DSTU7564Mac.class starting
/org/bouncycastle/crypto/macs/DSTU7564Mac.class DONE
/org/bouncycastle/jcajce/provider/asymmetric/ec/KeyPairGeneratorSpi.class starting
/org/bouncycastle/jcajce/provider/asymmetric/ec/KeyPairGeneratorSpi.class DONE
/net/bytebuddy/implementation/MethodCall$MethodInvoker.class starting
/net/bytebuddy/implementation/MethodCall$MethodInvoker.class DONE
/net/bytebuddy/ByteBuddy$RecordConstructorStrategy.class starting
/net/bytebuddy/ByteBuddy$RecordConstructorStrategy.class DONE
/org/bouncycastle/jcajce/provider/asymmetric/x509/X509CRLInternal.class starting
/org/bouncycastle/jcajce/provider/asymmetric/x509/X509CRLInternal.class DONE
/org/bouncycastle/jcajce/provider/asymmetric/rsa/DigestSignatureSpi$SHA3_384.class starting
/org/bouncycastle/jcajce/provider/asymmetric/rsa/DigestSignatureSpi$SHA3_384.class DONE
/com/google/common/collect/RegularImmutableMap$Values.class starting
/com/google/common/collect/RegularImmutableMap$Values.class DONE
/org/apache/lucene/index/MultiDocValues$1.class starting
/org/apache/lucene/index/MultiDocValues$1.class DONE
/net/bytebuddy/asm/MemberSubstitution$TypePoolResolver$OfImplicitPool.class starting
/net/bytebuddy/asm/MemberSubstitution$TypePoolResolver$OfImplicitPool.class DONE
/net/bytebuddy/description/type/TypeDescription$Generic$AnnotationReader$Delegator$ForLoadedTypeVariable.class starting
/net/bytebuddy/description/type/TypeDescription$Generic$AnnotationReader$Delegator$ForLoadedTypeVariable.class DONE
/org/bouncycastle/crypto/CipherKeyGenerator.class starting
/org/bouncycastle/crypto/CipherKeyGenerator.class DONE
/org/apache/lucene/codecs/lucene99/Lucene99HnswVectorsWriter$2.class starting
/org/apache/lucene/codecs/lucene99/Lucene99HnswVectorsWriter$2.class DONE
/org/bouncycastle/jcajce/provider/symmetric/DSTU7624$GCM128.class starting
/org/bouncycastle/jcajce/provider/symmetric/DSTU7624$GCM128.class DONE
/org/apache/lucene/util/AttributeImpl.class starting
/org/apache/lucene/util/AttributeImpl.class DONE
/org/apache/lucene/codecs/lucene90/Lucene90DocValuesProducer$17.class starting
/org/apache/lucene/codecs/lucene90/Lucene90DocValuesProducer$17.class DONE
/org/apache/lucene/search/comparators/NumericComparator$NumericLeafComparator.class starting
/org/apache/lucene/search/comparators/NumericComparator$NumericLeafComparator.class DONE
/org/apache/lucene/util/packed/PackedWriter.class starting
/org/apache/lucene/util/packed/PackedWriter.class DONE
/com/google/common/primitives/Shorts$ShortConverter.class starting
/com/google/common/primitives/Shorts$ShortConverter.class DONE
/org/bouncycastle/pqc/crypto/hqc/HQCKEMExtractor.class starting
/org/bouncycastle/pqc/crypto/hqc/HQCKEMExtractor.class DONE
/org/apache/lucene/codecs/hnsw/DefaultFlatVectorScorer$ByteScoringSupplier$1.class starting
/org/apache/lucene/codecs/hnsw/DefaultFlatVectorScorer$ByteScoringSupplier$1.class DONE
/net/bytebuddy/implementation/attribute/AnnotationValueFilter$Factory.class starting
/net/bytebuddy/implementation/attribute/AnnotationValueFilter$Factory.class DONE
/org/apache/lucene/analysis/tokenattributes/TermToBytesRefAttribute.class starting
/org/apache/lucene/analysis/tokenattributes/TermToBytesRefAttribute.class DONE
/org/bouncycastle/crypto/StagedAgreement.class starting
/org/bouncycastle/crypto/StagedAgreement.class DONE
/org/bouncycastle/crypto/params/NaccacheSternKeyGenerationParameters.class starting
/org/bouncycastle/crypto/params/NaccacheSternKeyGenerationParameters.class DONE
/org/apache/lucene/index/IndexWriter$DocModifier.class starting
/org/apache/lucene/index/IndexWriter$DocModifier.class DONE
/org/apache/lucene/util/bkd/OfflinePointWriter.class starting
/org/apache/lucene/util/bkd/OfflinePointWriter.class DONE
/org/apache/lucene/search/SortedNumericSortField$5.class starting
/org/apache/lucene/search/SortedNumericSortField$5.class DONE
/org/bouncycastle/jce/provider/AnnotatedException.class starting
/org/bouncycastle/jce/provider/AnnotatedException.class DONE
/org/apache/lucene/util/packed/DirectReader$DirectPackedReader32.class starting
/org/apache/lucene/util/packed/DirectReader$DirectPackedReader32.class DONE
/org/bouncycastle/jcajce/provider/symmetric/Rijndael.class starting
/org/bouncycastle/jcajce/provider/symmetric/Rijndael.class DONE
/net/bytebuddy/description/annotation/AnnotationValue$Loaded$AbstractBase$ForUnresolvedProperty.class starting
/net/bytebuddy/description/annotation/AnnotationValue$Loaded$AbstractBase$ForUnresolvedProperty.class DONE
/org/apache/lucene/util/DocIdSetBuilder$BulkAdder.class starting
/org/apache/lucene/util/DocIdSetBuilder$BulkAdder.class DONE
/org/bouncycastle/pqc/jcajce/provider/picnic/BCPicnicPublicKey.class starting
/org/bouncycastle/pqc/jcajce/provider/picnic/BCPicnicPublicKey.class DONE
/com/google/common/collect/HashMultimap.class starting
/com/google/common/collect/HashMultimap.class DONE
/org/bouncycastle/crypto/params/DHParameters.class starting
/org/bouncycastle/crypto/params/DHParameters.class DONE
/net/bytebuddy/agent/builder/AgentBuilder$InstallationListener$Compound.class starting
/net/bytebuddy/agent/builder/AgentBuilder$InstallationListener$Compound.class DONE
/net/bytebuddy/dynamic/scaffold/subclass/SubclassImplementationTarget$OriginTypeResolver$1.class starting
/net/bytebuddy/dynamic/scaffold/subclass/SubclassImplementationTarget$OriginTypeResolver$1.class DONE
/com/google/common/collect/SortedLists$KeyAbsentBehavior$2.class starting
/com/google/common/collect/SortedLists$KeyAbsentBehavior$2.class DONE
/org/bouncycastle/jcajce/provider/symmetric/Shacal2$AlgParams.class starting
/org/bouncycastle/jcajce/provider/symmetric/Shacal2$AlgParams.class DONE
/org/bouncycastle/crypto/util/DEROtherInfo$1.class starting
/org/bouncycastle/crypto/util/DEROtherInfo$1.class DONE
/net/bytebuddy/agent/builder/AgentBuilder$Default$NativeMethodStrategy$ForPrefix.class starting
/net/bytebuddy/agent/builder/AgentBuilder$Default$NativeMethodStrategy$ForPrefix.class DONE
/com/google/common/collect/Streams$DoubleFunctionWithIndex.class starting
/com/google/common/collect/Streams$DoubleFunctionWithIndex.class DONE
/org/bouncycastle/jcajce/provider/asymmetric/ecgost12/KeyAgreementSpi$ECVKO512.class starting
/org/bouncycastle/jcajce/provider/asymmetric/ecgost12/KeyAgreementSpi$ECVKO512.class DONE
/net/bytebuddy/implementation/MethodDelegation.class starting
/net/bytebuddy/implementation/MethodDelegation.class DONE
/net/bytebuddy/implementation/FieldAccessor$FieldLocation.class starting
/net/bytebuddy/implementation/FieldAccessor$FieldLocation.class DONE
/org/bouncycastle/pqc/crypto/sphincs/SPHINCS256KeyGenerationParameters.class starting
/org/bouncycastle/pqc/crypto/sphincs/SPHINCS256KeyGenerationParameters.class DONE
/org/bouncycastle/jcajce/provider/asymmetric/edec/KeyPairGeneratorSpi$X448.class starting
/org/bouncycastle/jcajce/provider/asymmetric/edec/KeyPairGeneratorSpi$X448.class DONE
/net/bytebuddy/dynamic/loading/PackageDefinitionStrategy$ManifestReading.class starting
/net/bytebuddy/dynamic/loading/PackageDefinitionStrategy$ManifestReading.class DONE
/org/bouncycastle/asn1/LazyEncodedSequence.class starting
/org/bouncycastle/asn1/LazyEncodedSequence.class DONE
/net/bytebuddy/description/annotation/AnnotationDescription.class starting
/net/bytebuddy/description/annotation/AnnotationDescription.class DONE
/org/bouncycastle/crypto/ec/ECDecryptor.class starting
/org/bouncycastle/crypto/ec/ECDecryptor.class DONE
/org/bouncycastle/asn1/BEROctetStringParser.class starting
/org/bouncycastle/asn1/BEROctetStringParser.class DONE
/net/bytebuddy/dynamic/scaffold/TypeWriter$Default$ClassDumpAction$Dispatcher$Enabled.class starting
/net/bytebuddy/dynamic/scaffold/TypeWriter$Default$ClassDumpAction$Dispatcher$Enabled.class DONE
/org/bouncycastle/pqc/jcajce/interfaces/NHPublicKey.class starting
/org/bouncycastle/pqc/jcajce/interfaces/NHPublicKey.class DONE
/com/google/common/collect/JdkBackedImmutableMap.class starting
/com/google/common/collect/JdkBackedImmutableMap.class DONE
/com/google/common/collect/MapMakerInternalMap$EntrySet.class starting
/com/google/common/collect/MapMakerInternalMap$EntrySet.class DONE
/org/bouncycastle/math/ec/ECCurve$Config.class starting
/org/bouncycastle/math/ec/ECCurve$Config.class DONE
/org/apache/lucene/util/mutable/MutableValueDate.class starting
/org/apache/lucene/util/mutable/MutableValueDate.class DONE
/com/google/common/collect/TransformedListIterator.class starting
/com/google/common/collect/TransformedListIterator.class DONE
/com/google/common/base/Utf8.class starting
/com/google/common/base/Utf8.class DONE
/org/bouncycastle/crypto/digests/AsconXof$1.class starting
/org/bouncycastle/crypto/digests/AsconXof$1.class DONE
/org/apache/lucene/analysis/CharArrayMap.class starting
/org/apache/lucene/analysis/CharArrayMap.class DONE
/net/bytebuddy/description/method/MethodList$Explicit.class starting
/net/bytebuddy/description/method/MethodList$Explicit.class DONE
/org/apache/lucene/search/NamedMatches$NamedQuery.class starting
/org/apache/lucene/search/NamedMatches$NamedQuery.class DONE
/net/bytebuddy/matcher/TypeSortMatcher.class starting
/net/bytebuddy/matcher/TypeSortMatcher.class DONE
/net/bytebuddy/description/type/TypeDescription$Latent.class starting
/net/bytebuddy/description/type/TypeDescription$Latent.class DONE
/net/bytebuddy/utility/FileSystem$ForNio2CapableVm$StandardCopyOption.class starting
/net/bytebuddy/utility/FileSystem$ForNio2CapableVm$StandardCopyOption.class DONE
/org/bouncycastle/crypto/engines/GOST3412_2015Engine.class starting
/org/bouncycastle/crypto/engines/GOST3412_2015Engine.class DONE
/org/bouncycastle/math/ec/custom/sec/SecT239K1Curve.class starting
/org/bouncycastle/math/ec/custom/sec/SecT239K1Curve.class DONE
/org/apache/lucene/index/PointValues$IntersectVisitor.class starting
/org/apache/lucene/index/PointValues$IntersectVisitor.class DONE
/net/bytebuddy/implementation/InvokeDynamic$WithImplicitArguments.class starting
/net/bytebuddy/implementation/InvokeDynamic$WithImplicitArguments.class DONE
/org/bouncycastle/pqc/jcajce/provider/mceliece/BCMcEliecePrivateKey.class starting
/org/bouncycastle/pqc/jcajce/provider/mceliece/BCMcEliecePrivateKey.class DONE
/com/google/common/util/concurrent/ForwardingCheckedFuture$SimpleForwardingCheckedFuture.class starting
/com/google/common/util/concurrent/ForwardingCheckedFuture$SimpleForwardingCheckedFuture.class DONE
/org/bouncycastle/util/encoders/HexTranslator.class starting
/org/bouncycastle/util/encoders/HexTranslator.class DONE
/com/google/common/collect/ForwardingConcurrentMap.class starting
/com/google/common/collect/ForwardingConcurrentMap.class DONE
/org/bouncycastle/jcajce/provider/keystore/pkcs12/PKCS12KeyStoreSpi$1.class starting
/org/bouncycastle/jcajce/provider/keystore/pkcs12/PKCS12KeyStoreSpi$1.class DONE
/org/bouncycastle/jcajce/provider/asymmetric/compositesignatures/KeyPairGeneratorSpi$MLDSA65_ECDSA_brainpoolP256r1_SHA512.class starting
/org/bouncycastle/jcajce/provider/asymmetric/compositesignatures/KeyPairGeneratorSpi$MLDSA65_ECDSA_brainpoolP256r1_SHA512.class DONE
/com/google/common/reflect/TypeToken$Bounds.class starting
/com/google/common/reflect/TypeToken$Bounds.class DONE
/org/apache/lucene/store/IndexInput$1.class starting
/org/apache/lucene/store/IndexInput$1.class DONE
/net/bytebuddy/dynamic/loading/ClassInjector$UsingReflection$Dispatcher$Initializable.class starting
/net/bytebuddy/dynamic/loading/ClassInjector$UsingReflection$Dispatcher$Initializable.class DONE
/org/apache/lucene/util/ModuleResourceLoader.class starting
/org/apache/lucene/util/ModuleResourceLoader.class DONE
/org/bouncycastle/pqc/jcajce/provider/falcon/SignatureSpi$Base.class starting
/org/bouncycastle/pqc/jcajce/provider/falcon/SignatureSpi$Base.class DONE
/org/apache/lucene/index/FreqProxFields$FreqProxTermsEnum$1.class starting
/org/apache/lucene/index/FreqProxFields$FreqProxTermsEnum$1.class DONE
/org/bouncycastle/jcajce/provider/digest/Whirlpool$KeyGenerator.class starting
/org/bouncycastle/jcajce/provider/digest/Whirlpool$KeyGenerator.class DONE
/net/bytebuddy/implementation/HashCodeMethod$ValueTransformer$7.class starting
/net/bytebuddy/implementation/HashCodeMethod$ValueTransformer$7.class DONE
/com/google/common/collect/MultimapBuilder$2.class starting
/com/google/common/collect/MultimapBuilder$2.class DONE
/com/google/common/base/Platform.class starting
/com/google/common/base/Platform.class DONE
/org/bouncycastle/jcajce/provider/asymmetric/rsa/PSSSignatureSpi$SHA512withRSA.class starting
/org/bouncycastle/jcajce/provider/asymmetric/rsa/PSSSignatureSpi$SHA512withRSA.class DONE
/com/google/common/net/HttpHeaders.class starting
/com/google/common/net/HttpHeaders.class DONE
/org/bouncycastle/pqc/crypto/falcon/FalconSmallPrime.class starting
/org/bouncycastle/pqc/crypto/falcon/FalconSmallPrime.class DONE
/net/bytebuddy/implementation/bind/annotation/Morph$Binder$RedirectionProxy$InstanceFieldConstructor$Appender.class starting
/net/bytebuddy/implementation/bind/annotation/Morph$Binder$RedirectionProxy$InstanceFieldConstructor$Appender.class DONE
/net/bytebuddy/implementation/InvocationHandlerAdapter.class starting
/net/bytebuddy/implementation/InvocationHandlerAdapter.class DONE
/org/bouncycastle/crypto/modes/NISTCTSBlockCipher.class starting
/org/bouncycastle/crypto/modes/NISTCTSBlockCipher.class DONE
/org/bouncycastle/jcajce/provider/digest/Skein$HMacKeyGenerator_512_384.class starting
/org/bouncycastle/jcajce/provider/digest/Skein$HMacKeyGenerator_512_384.class DONE
/org/bouncycastle/pqc/legacy/crypto/mceliece/McEliecePrivateKeyParameters.class starting
/org/bouncycastle/pqc/legacy/crypto/mceliece/McEliecePrivateKeyParameters.class DONE
/org/bouncycastle/x509/X509CRLStoreSelector.class starting
/org/bouncycastle/x509/X509CRLStoreSelector.class DONE
/org/apache/lucene/util/fst/Util$FSTPath.class starting
/org/apache/lucene/util/fst/Util$FSTPath.class DONE
/org/apache/lucene/search/LongValuesSource$LongValuesComparatorSource.class starting
/org/apache/lucene/search/LongValuesSource$LongValuesComparatorSource.class DONE
/net/bytebuddy/description/type/TypeDescription$Generic$OfParameterizedType$Latent.class starting
/net/bytebuddy/description/type/TypeDescription$Generic$OfParameterizedType$Latent.class DONE
/org/bouncycastle/pqc/crypto/util/PublicKeyFactory$LMSConverter.class starting
/org/bouncycastle/pqc/crypto/util/PublicKeyFactory$LMSConverter.class DONE
/org/bouncycastle/crypto/util/SSHNamedCurves$3.class starting
/org/bouncycastle/crypto/util/SSHNamedCurves$3.class DONE
/com/google/common/io/LineProcessor.class starting
/com/google/common/io/LineProcessor.class DONE
/org/bouncycastle/pqc/legacy/math/linearalgebra/GF2Matrix.class starting
/org/bouncycastle/pqc/legacy/math/linearalgebra/GF2Matrix.class DONE
/com/google/common/cache/LongAddables.class starting
/com/google/common/cache/LongAddables.class DONE
/org/bouncycastle/jcajce/provider/symmetric/CAST5$CBC.class starting
/org/bouncycastle/jcajce/provider/symmetric/CAST5$CBC.class DONE
/org/bouncycastle/jcajce/provider/symmetric/HC128$KeyGen.class starting
/org/bouncycastle/jcajce/provider/symmetric/HC128$KeyGen.class DONE
/org/bouncycastle/pqc/crypto/xmss/XMSSMTPrivateKeyParameters$Builder.class starting
/org/bouncycastle/pqc/crypto/xmss/XMSSMTPrivateKeyParameters$Builder.class DONE
/org/bouncycastle/jcajce/provider/asymmetric/ec/KeyAgreementSpi$DHUwithSHA224KDF.class starting
/org/bouncycastle/jcajce/provider/asymmetric/ec/KeyAgreementSpi$DHUwithSHA224KDF.class DONE
/org/apache/lucene/document/FloatPoint$2.class starting
/org/apache/lucene/document/FloatPoint$2.class DONE
/org/apache/lucene/index/SortedNumericDocValuesWriter.class starting
/org/apache/lucene/index/SortedNumericDocValuesWriter.class DONE
/org/bouncycastle/pqc/math/ntru/parameters/NTRUHPS2048509.class starting
/org/bouncycastle/pqc/math/ntru/parameters/NTRUHPS2048509.class DONE
/net/bytebuddy/implementation/bytecode/ByteCodeAppender$Compound.class starting
/net/bytebuddy/implementation/bytecode/ByteCodeAppender$Compound.class DONE
/com/google/common/collect/Maps$AsMapView$1EntrySetImpl.class starting
/com/google/common/collect/Maps$AsMapView$1EntrySetImpl.class DONE
/org/apache/lucene/search/TopDocsCollector.class starting
/org/apache/lucene/search/TopDocsCollector.class DONE
/net/bytebuddy/asm/Advice$Dispatcher$Resolved$AbstractBase.class starting
/net/bytebuddy/asm/Advice$Dispatcher$Resolved$AbstractBase.class DONE
/org/bouncycastle/jcajce/provider/asymmetric/ec/BCECPrivateKey.class starting
/org/bouncycastle/jcajce/provider/asymmetric/ec/BCECPrivateKey.class DONE
/org/bouncycastle/math/ec/custom/sec/SecP384R1FieldElement.class starting
/org/bouncycastle/math/ec/custom/sec/SecP384R1FieldElement.class DONE
/org/bouncycastle/crypto/engines/SparkleEngine$1.class starting
/org/bouncycastle/crypto/engines/SparkleEngine$1.class DONE
/org/bouncycastle/asn1/sec/SECNamedCurves$17.class starting
/org/bouncycastle/asn1/sec/SECNamedCurves$17.class DONE
/com/google/common/collect/AbstractMapBasedMultiset$2$1.class starting
/com/google/common/collect/AbstractMapBasedMultiset$2$1.class DONE
/net/bytebuddy/asm/Advice$OffsetMapping.class starting
/net/bytebuddy/asm/Advice$OffsetMapping.class DONE
/org/bouncycastle/asn1/ASN1ObjectDescriptor$1.class starting
/org/bouncycastle/asn1/ASN1ObjectDescriptor$1.class DONE
/net/bytebuddy/implementation/bind/annotation/AllArguments.class starting
/net/bytebuddy/implementation/bind/annotation/AllArguments.class DONE
/com/google/common/cache/LocalCache$EntryFactory$2.class starting
/com/google/common/cache/LocalCache$EntryFactory$2.class DONE
/org/apache/lucene/search/ImpactsDISI.class starting
/org/apache/lucene/search/ImpactsDISI.class DONE
/net/bytebuddy/build/EntryPoint$Default.class starting
/net/bytebuddy/build/EntryPoint$Default.class DONE
/org/apache/lucene/search/similarities/MultiSimilarity.class starting
/org/apache/lucene/search/similarities/MultiSimilarity.class DONE
/org/apache/lucene/document/LatLonPointDistanceQuery.class starting
/org/apache/lucene/document/LatLonPointDistanceQuery.class DONE
/com/google/common/util/concurrent/AbstractFuture$Listener.class starting
/com/google/common/util/concurrent/AbstractFuture$Listener.class DONE
/net/bytebuddy/dynamic/VisibilityBridgeStrategy$Default$2.class starting
/net/bytebuddy/dynamic/VisibilityBridgeStrategy$Default$2.class DONE
/org/apache/lucene/index/TermVectorsConsumerPerField$TermVectorsPostingsArray.class starting
/org/apache/lucene/index/TermVectorsConsumerPerField$TermVectorsPostingsArray.class DONE
/org/apache/lucene/internal/hppc/LongIntHashMap$LongIntCursor.class starting
/org/apache/lucene/internal/hppc/LongIntHashMap$LongIntCursor.class DONE
/org/apache/lucene/codecs/lucene90/Lucene90PointsFormat.class starting
/org/apache/lucene/codecs/lucene90/Lucene90PointsFormat.class DONE
/org/apache/lucene/util/automaton/MinimizationOperations$IntPair.class starting
/org/apache/lucene/util/automaton/MinimizationOperations$IntPair.class DONE
/com/google/common/hash/Hashing.class starting
/com/google/common/hash/Hashing.class DONE
/org/bouncycastle/jcajce/spec/SkeinParameterSpec.class starting
/org/bouncycastle/jcajce/spec/SkeinParameterSpec.class DONE
/net/bytebuddy/agent/builder/AgentBuilder$RedefinitionStrategy$Listener$Adapter.class starting
/net/bytebuddy/agent/builder/AgentBuilder$RedefinitionStrategy$Listener$Adapter.class DONE
/net/bytebuddy/jar/asm/RecordComponentWriter.class starting
/net/bytebuddy/jar/asm/RecordComponentWriter.class DONE
/com/google/common/collect/Multisets$4.class starting
/com/google/common/collect/Multisets$4.class DONE
/org/apache/lucene/index/BaseTermsEnum$1.class starting
/org/apache/lucene/index/BaseTermsEnum$1.class DONE
/net/bytebuddy/utility/dispatcher/JavaDispatcher$Dispatcher.class starting
/net/bytebuddy/utility/dispatcher/JavaDispatcher$Dispatcher.class DONE
/org/bouncycastle/asn1/ocsp/OCSPRequest.class starting
/org/bouncycastle/asn1/ocsp/OCSPRequest.class DONE
/org/apache/lucene/codecs/KnnVectorsWriter$ByteVectorValuesSub.class starting
/org/apache/lucene/codecs/KnnVectorsWriter$ByteVectorValuesSub.class DONE
/net/bytebuddy/asm/ClassVisitorFactory$FrameTranslator.class starting
/net/bytebuddy/asm/ClassVisitorFactory$FrameTranslator.class DONE
/com/google/common/collect/TreeTraverser.class starting
/com/google/common/collect/TreeTraverser.class DONE
/org/bouncycastle/jcajce/provider/asymmetric/CompositeSignatures.class starting
/org/bouncycastle/jcajce/provider/asymmetric/CompositeSignatures.class DONE
/org/bouncycastle/jcajce/BCFKSLoadStoreParameter$SignatureAlgorithm.class starting
/org/bouncycastle/jcajce/BCFKSLoadStoreParameter$SignatureAlgorithm.class DONE
/com/google/common/graph/AbstractBaseGraph$1.class starting
/com/google/common/graph/AbstractBaseGraph$1.class DONE
/net/bytebuddy/implementation/bytecode/member/FieldAccess$AccessDispatcher$FieldPutInstruction.class starting
/net/bytebuddy/implementation/bytecode/member/FieldAccess$AccessDispatcher$FieldPutInstruction.class DONE
/org/apache/lucene/index/ConcurrentMergeScheduler.class starting
/org/apache/lucene/index/ConcurrentMergeScheduler.class DONE
/org/bouncycastle/pqc/asn1/PQCObjectIdentifiers.class starting
/org/bouncycastle/pqc/asn1/PQCObjectIdentifiers.class DONE
/org/bouncycastle/jcajce/provider/digest/SHA3$Mappings.class starting
/org/bouncycastle/jcajce/provider/digest/SHA3$Mappings.class DONE
/com/google/common/collect/CollectSpliterators.class starting
/com/google/common/collect/CollectSpliterators.class DONE
/net/bytebuddy/agent/builder/AgentBuilder$PoolStrategy$Default.class starting
/net/bytebuddy/agent/builder/AgentBuilder$PoolStrategy$Default.class DONE
/net/bytebuddy/asm/Advice$AssignReturned$ToReturned$Handler.class starting
/net/bytebuddy/asm/Advice$AssignReturned$ToReturned$Handler.class DONE
/org/bouncycastle/jce/provider/RFC3280CertPathUtilities.class DONE
/org/apache/lucene/document/XYShapeDocValues.class starting
/org/apache/lucene/document/XYShapeDocValues.class DONE
/org/bouncycastle/jcajce/provider/asymmetric/rsa/PSSSignatureSpi$SHA512withRSA.class starting
/org/bouncycastle/jcajce/provider/asymmetric/rsa/PSSSignatureSpi$SHA512withRSA.class DONE
/org/bouncycastle/pqc/crypto/xmss/XMSSMTPrivateKeyParameters$Builder.class starting
/org/bouncycastle/pqc/crypto/xmss/XMSSMTPrivateKeyParameters$Builder.class DONE
/org/bouncycastle/math/ec/custom/gm/SM2P256V1FieldElement.class starting
/org/bouncycastle/math/ec/custom/gm/SM2P256V1FieldElement.class DONE
/org/bouncycastle/math/ec/custom/sec/SecP384R1FieldElement.class starting
/org/apache/lucene/document/LatLonPointDistanceQuery.class starting
/org/apache/lucene/codecs/lucene90/Lucene90PointsFormat.class starting
/org/bouncycastle/jcajce/provider/asymmetric/rsa/PSSSignatureSpi$SHA512withRSA.class starting
/org/bouncycastle/math/ec/custom/gm/SM2P256V1FieldElement.class starting
/org/apache/lucene/document/XYShapeDocValues.class starting
/org/bouncycastle/pqc/crypto/xmss/XMSSMTPrivateKeyParameters$Builder.class starting
/org/bouncycastle/jce/provider/RFC3280CertPathUtilities.class starting
/org/bouncycastle/jcajce/provider/asymmetric/rsa/PSSSignatureSpi$SHA512withRSA.class DONE
/org/bouncycastle/math/ec/custom/sec/SecP384R1FieldElement.class DONE
/org/bouncycastle/jce/provider/RFC3280CertPathUtilities.class DONE
/org/apache/lucene/codecs/lucene90/Lucene90PointsFormat.class DONE
/org/apache/lucene/document/LatLonPointDistanceQuery.class DONE
/org/apache/lucene/document/XYShapeDocValues.class DONE
/org/bouncycastle/pqc/crypto/xmss/XMSSMTPrivateKeyParameters$Builder.class DONE
/org/bouncycastle/math/ec/custom/gm/SM2P256V1FieldElement.class DONE
Could not read file /com/google/common/collect/DenseImmutableTable.class
Could not read file /org/apache/lucene/document/ShapeDocValues.class
Could not read file /org/apache/lucene/index/MergeRateLimiter.class
*****
{
  "olly": {
    "version": 2,
    "wall_time": 154.18,
    "cpu_time": 1995.57,
    "gc_time": 125.19,
    "gc_overhead": 6.27,
    "max_rss_kb": 4057204,
    "domain_stats": {
      "0": {
        "wall_time": 154.18,
        "gc_time": 0.84,
        "gc_overhead": 0.54
      },
      "1": {
        "wall_time": 153.53,
        "gc_time": 9.66,
        "gc_overhead": 6.29
      },
      "2": {
        "wall_time": 153.49,
        "gc_time": 9.44,
        "gc_overhead": 6.15
      },
      "3": {
        "wall_time": 153.35,
        "gc_time": 9.19,
        "gc_overhead": 5.99
      },
      "4": {
        "wall_time": 153.5,
        "gc_time": 8.94,
        "gc_overhead": 5.82
      },
      "5": {
        "wall_time": 153.45,
        "gc_time": 8.46,
        "gc_overhead": 5.51
      },
      "6": {
        "wall_time": 153.56,
        "gc_time": 8.51,
        "gc_overhead": 5.54
      },
      "7": {
        "wall_time": 153.47,
        "gc_time": 9.31,
        "gc_overhead": 6.07
      },
      "8": {
        "wall_time": 153.49,
        "gc_time": 13.03,
        "gc_overhead": 8.49
      },
      "9": {
        "wall_time": 153.42,
        "gc_time": 16.27,
        "gc_overhead": 10.6
      },
      "10": {
        "wall_time": 153.4,
        "gc_time": 10.02,
        "gc_overhead": 6.53
      },
      "11": {
        "wall_time": 153.38,
        "gc_time": 12.06,
        "gc_overhead": 7.86
      },
      "12": {
        "wall_time": 153.36,
        "gc_time": 9.47,
        "gc_overhead": 6.17
      }
    },
    "mean_latency": 4.357983,
    "stddev_latency": 8.453765,
    "min_latency": 0.0,
    "max_latency": 175.636479,
    "distr_latency": {
      "25.0000": 0.001223,
      "50.0000": 0.001871,
      "60.0000": 0.003127,
      "70.0000": 1.231871,
      "75.0000": 4.374527,
      "80.0000": 9.977855,
      "85.0000": 14.434303,
      "90.0000": 18.038783,
      "95.0000": 22.659071,
      "96.0000": 24.018943,
      "97.0000": 25.690111,
      "98.0000": 28.000255,
      "99.0000": 31.391743,
      "99.9000": 45.055999,
      "99.9900": 172.883967,
      "99.9990": 175.636479,
      "99.9999": 175.636479,
      "100.0000": 175.636479
    },
    "outliers": {
      "count": 0,
      "mean_latency": 0.0,
      "max_latency": 0.0
    },
    "allocations": {
      "total_heap": 53810836815,
      "minor_heap": 53944749007,
      "major_heap": 505926193,
      "promoted_words": 639838385,
      "promoted_pct": 1.19
    },
    "domain_alloc_stats": {
      "0": {
        "total": 32523905,
        "minor": 13153961,
        "promoted": 7821392,
        "major": 27191336,
        "promoted_pct": 59.46
      },
      "1": {
        "total": 2810938148,
        "minor": 2823608945,
        "promoted": 40467888,
        "major": 27797091,
        "promoted_pct": 1.43
      },
      "2": {
        "total": 3011738595,
        "minor": 3025311912,
        "promoted": 49080896,
        "major": 35507579,
        "promoted_pct": 1.62
      },
      "3": {
        "total": 2978445120,
        "minor": 2984123410,
        "promoted": 41279867,
        "major": 35601577,
        "promoted_pct": 1.38
      },
      "4": {
        "total": 2820783937,
        "minor": 2837676051,
        "promoted": 40261689,
        "major": 23369575,
        "promoted_pct": 1.42
      },
      "5": {
        "total": 2791766648,
        "minor": 2797109056,
        "promoted": 38641244,
        "major": 33298836,
        "promoted_pct": 1.38
      },
      "6": {
        "total": 2728402896,
        "minor": 2742584258,
        "promoted": 41911768,
        "major": 27730406,
        "promoted_pct": 1.53
      },
      "7": {
        "total": 3299390225,
        "minor": 3309105205,
        "promoted": 39827368,
        "major": 30112388,
        "promoted_pct": 1.2
      },
      "8": {
        "total": 8975743650,
        "minor": 8982786051,
        "promoted": 47849872,
        "major": 40807471,
        "promoted_pct": 0.53
      },
      "9": {
        "total": 10315488295,
        "minor": 10350907149,
        "promoted": 101881269,
        "major": 66462415,
        "promoted_pct": 0.98
      },
      "10": {
        "total": 4058973097,
        "minor": 4065533757,
        "promoted": 59580892,
        "major": 53020232,
        "promoted_pct": 1.47
      },
      "11": {
        "total": 6617951348,
        "minor": 6627152542,
        "promoted": 76915092,
        "major": 67713898,
        "promoted_pct": 1.16
      },
      "12": {
        "total": 3368690951,
        "minor": 3385696710,
        "promoted": 54319148,
        "major": 37313389,
        "promoted_pct": 1.6
      }
    },
    "collections": {
      "minor": 1480,
      "major": 23,
      "forced_major": 0,
      "compactions": 0
    },
    "stats_reliable": true
  },
  "perf": [
    {
      "counter-value": "300903.850403",
      "unit": "msec",
      "event": "task-clock",
      "event-runtime": 300903850403,
      "pcnt-running": 100.0,
      "metric-value": "1.938952",
      "metric-unit": "CPUs utilized"
    },
    {
      "counter-value": "966401.000000",
      "unit": "",
      "event": "page-faults",
      "event-runtime": 300903846182,
      "pcnt-running": 100.0,
      "metric-value": "3.211660",
      "metric-unit": "K/sec"
    },
    {
      "counter-value": "990556170504.000000",
      "unit": "",
      "event": "cycles",
      "event-runtime": 300903843801,
      "pcnt-running": 100.0,
      "metric-value": "3.291936",
      "metric-unit": "GHz"
    },
    {
      "counter-value": "1242549537324.000000",
      "unit": "",
      "event": "instructions",
      "event-runtime": 300903837636,
      "pcnt-running": 100.0,
      "metric-value": "1.254396",
      "metric-unit": "insn per cycle"
    }
  ]
}
-----
mkdir -p PLOTTY_WORKAROUND; timedrun; OCAMLRUNPARAM="s=262144,o=120,e=18,d=128" /home/udesou/.bench-agent/git/macro-benches/benchmarks/infer/infer_default-ocaml-5.5.0-f523850-fp
running-ng v0.3.8
Wed Sep  9 09:02:01 AM UTC 2026

 09:02:01 up 2 days,  8:56,  2 users,  load average: 7.08, 8.49, 8.63
USER     TTY      FROM             LOGIN@   IDLE   JCPU   PCPU  WHAT

procs -----------memory---------- ---swap-- -----io---- -system-- -------cpu-------
 r  b   swpd   free   buff  cache   si   so    bi    bo   in   cs us sy id wa st gu
 0  1      0 43503124 4096744 17089996    0    0    44   508 2125    3 12  0 76 11  0  0
 0  1      0 43518756 4096744 17089968    0    0     0     0 3837 8269  1  1 87 11  0  0

top - 09:02:02 up 2 days,  8:56,  2 users,  load average: 6.51, 8.35, 8.59
Tasks: 279 total,   1 running, 278 sleeping,   0 stopped,   0 zombie
%Cpu(s):  1.1 us,  1.1 sy,  0.0 ni, 87.4 id, 10.3 wa,  0.0 hi,  0.0 si,  0.0 st 
MiB Mem :  64272.5 total,  42499.4 free,   1806.8 used,  20690.1 buff/cache     
MiB Swap:   8192.0 total,   8192.0 free,      0.0 used.  62465.7 avail Mem 

    PID USER      PR  NI    VIRT    RES    SHR S  %CPU  %MEM     TIME+ COMMAND
     36 root      20   0       0      0      0 I   9.1   0.0   5:49.63 [rcuog/4]
    914 avahi     20   0    8884   5008   4184 S   9.1   0.0   0:38.41 avahi-daemon: running [obelisk.local]
 230161 udesou    20   0   11908   5712   3560 R   9.1   0.0   0:00.01 top -bcn 1 -w512
      1 root      20   0   22724  14128   9580 S   0.0   0.0   1:32.76 /sbin/init
      2 root      20   0       0      0      0 S   0.0   0.0   0:00.02 [kthreadd]

Environment variables: 
	CONFIG_FILE=/home/udesou/.bench-agent/work/run-20260907-001-e1/run-20260907-001.yml
	HOME=/home/udesou
	LANG=en_US.UTF-8
	LOGNAME=udesou
	LOG_DIR=/home/udesou/.bench-agent/logs
	OLLY_DIR=/home/udesou/.bench-agent/git/olly
	PATH=/usr/local/bin:/home/udesou/.bench-agent/git/olly/_build/install/default/bin:/home/udesou/ocaml-bench-service/_opam/bin:/home/udesou/.vscode-server/data/User/globalStorage/github.copilot-chat/debugCommand:/home/udesou/.vscode-server/data/User/globalStorage/github.copilot-chat/copilotCli:/home/udesou/.vscode-server/cli/servers/Stable-08d4889f9ec4a1685d257b9b95de036c8e1ce1e5/server/bin/remote-cli:/home/udesou/.opam/running-ng-ocaml-5.5.0-f523850-fp-flambda/bin:/home/udesou/.local/bin:/home/udesou/.opam/running-ng-ocaml-5.5.0-f523850-fp-flambda/bin:/home/udesou/.local/bin:/usr/local/sbin:/usr/local/bin:/usr/sbin:/usr/bin:/sbin:/bin:/usr/games:/usr/local/games:/snap/bin
	PWD=/home/udesou/ocaml-bench-service
	PYTHONPATH=/home/udesou/.bench-agent/git/running-ng/src
	RUNNING_BENCH_DIR=/home/udesou/.bench-agent/git/macro-benches
	RUNNING_MACRO_BENCH_DIR=/home/udesou/.bench-agent/git/macro-benches
	RUNNING_NG_PACKAGE_DATA=/home/udesou/.bench-agent/git/running-ng/src/running/config
	RUNNING_REUSE_SWITCHES=1
	RUNNING_TAG=default_run,large_run
	SHELL=/bin/bash
	SHLVL=1
	TERM=screen.xterm-256color
	USER=udesou
	_=/usr/bin/python3
OS: Linux obelisk 6.8.0-139-generic #139-Ubuntu SMP PREEMPT_DYNAMIC Sat Aug  1 03:52:05 UTC 2026 x86_64 x86_64 x86_64 GNU/Linux
CPU: model name	: Intel(R) Xeon(R) CPU E5-2667 v2 @ 3.30GHz
number of cores: 8
Frequency of cpu 0: 3.30 GHz
Governor of cpu 0: performance
Scaling_min_freq of cpu 0: 1.20 GHz
Frequency of cpu 2: 3.30 GHz
Governor of cpu 2: performance
Scaling_min_freq of cpu 2: 1.20 GHz
Frequency of cpu 4: 3.30 GHz
Governor of cpu 4: performance
Scaling_min_freq of cpu 4: 1.20 GHz
Frequency of cpu 6: 3.30 GHz
Governor of cpu 6: performance
Scaling_min_freq of cpu 6: 1.20 GHz
WARNING: Failed to resolve file /com/google/common/annotations/Beta.class with "No such file or directory" 

WARNING: Failed to resolve file /com/google/common/base/Converter$IdentityConverter.class with "No such file or directory" 

WARNING: Failed to resolve file /com/google/common/base/Platform.class with "No such file or directory" 

WARNING: Failed to resolve file /com/google/common/base/Utf8.class with "No such file or directory" 

WARNING: Failed to resolve file /com/google/common/cache/LocalCache$EntryFactory$2.class with "No such file or directory" 

WARNING: Failed to resolve file /com/google/common/cache/LongAddables.class with "No such file or directory" 

WARNING: Failed to resolve file /com/google/common/collect/AbstractMapBasedMultiset$2$1.class with "No such file or directory" 

WARNING: Failed to resolve file /com/google/common/collect/CollectSpliterators.class with "No such file or directory" 

WARNING: Failed to resolve file /com/google/common/collect/DenseImmutableTable.class with "No such file or directory" 

WARNING: Failed to resolve file /com/google/common/collect/ForwardingConcurrentMap.class with "No such file or directory" 

WARNING: Failed to resolve file /com/google/common/collect/HashMultimap.class with "No such file or directory" 

WARNING: Failed to resolve file /com/google/common/collect/ImmutableMultimap$Builder.class with "No such file or directory" 

WARNING: Failed to resolve file /com/google/common/collect/ImmutableSortedSet$1.class with "No such file or directory" 

WARNING: Failed to resolve file /com/google/common/collect/JdkBackedImmutableMap.class with "No such file or directory" 

WARNING: Failed to resolve file /com/google/common/collect/MapMakerInternalMap$EntrySet.class with "No such file or directory" 

WARNING: Failed to resolve file /com/google/common/collect/Maps$AsMapView$1EntrySetImpl.class with "No such file or directory" 

WARNING: Failed to resolve file /com/google/common/collect/MultimapBuilder$2.class with "No such file or directory" 

WARNING: Failed to resolve file /com/google/common/collect/Multisets$4.class with "No such file or directory" 

WARNING: Failed to resolve file /com/google/common/collect/RegularImmutableMap$Values.class with "No such file or directory" 

WARNING: Failed to resolve file /com/google/common/collect/SortedLists$KeyAbsentBehavior$2.class with "No such file or directory" 

WARNING: Failed to resolve file /com/google/common/collect/Streams$DoubleFunctionWithIndex.class with "No such file or directory" 

WARNING: Failed to resolve file /com/google/common/collect/TransformedListIterator.class with "No such file or directory" 

WARNING: Failed to resolve file /com/google/common/collect/TreeTraverser.class with "No such file or directory" 

WARNING: Failed to resolve file /com/google/common/graph/AbstractBaseGraph$1.class with "No such file or directory" 

WARNING: Failed to resolve file /com/google/common/graph/GraphBuilder.class with "No such file or directory" 

WARNING: Failed to resolve file /com/google/common/graph/ValueGraph.class with "No such file or directory" 

WARNING: Failed to resolve file /com/google/common/hash/Hashing.class with "No such file or directory" 

WARNING: Failed to resolve file /com/google/common/io/BaseEncoding.class with "No such file or directory" 

WARNING: Failed to resolve file /com/google/common/io/LineProcessor.class with "No such file or directory" 

WARNING: Failed to resolve file /com/google/common/net/HttpHeaders.class with "No such file or directory" 

WARNING: Failed to resolve file /com/google/common/primitives/Shorts$ShortConverter.class with "No such file or directory" 

WARNING: Failed to resolve file /com/google/common/reflect/TypeToken$Bounds.class with "No such file or directory" 

WARNING: Failed to resolve file /com/google/common/util/concurrent/AbstractFuture$Listener.class with "No such file or directory" 

WARNING: Failed to resolve file /com/google/common/util/concurrent/AggregateFutureState.class with "No such file or directory" 

WARNING: Failed to resolve file /com/google/common/util/concurrent/ForwardingCheckedFuture$SimpleForwardingCheckedFuture.class with "No such file or directory" 

WARNING: Failed to resolve file /com/google/common/util/concurrent/Monitor$Guard.class with "No such file or directory" 

WARNING: Failed to resolve file /com/google/common/util/concurrent/SimpleTimeLimiter$1.class with "No such file or directory" 

WARNING: Failed to resolve file /net/bytebuddy/ByteBuddy$RecordConstructorStrategy.class with "No such file or directory" 

WARNING: Failed to resolve file /net/bytebuddy/agent/builder/AgentBuilder$Default$NativeMethodStrategy$ForPrefix.class with "No such file or directory" 

WARNING: Failed to resolve file /net/bytebuddy/agent/builder/AgentBuilder$InstallationListener$Compound.class with "No such file or directory" 

WARNING: Failed to resolve file /net/bytebuddy/agent/builder/AgentBuilder$PoolStrategy$Default.class with "No such file or directory" 

WARNING: Failed to resolve file /net/bytebuddy/agent/builder/AgentBuilder$RedefinitionStrategy$Listener$Adapter.class with "No such file or directory" 

WARNING: Failed to resolve file /net/bytebuddy/agent/builder/package-info.class with "No such file or directory" 

WARNING: Failed to resolve file /net/bytebuddy/asm/Advice$AssignReturned$ToReturned$Handler.class with "No such file or directory" 

WARNING: Failed to resolve file /net/bytebuddy/asm/Advice$Dispatcher$Resolved$AbstractBase.class with "No such file or directory" 

WARNING: Failed to resolve file /net/bytebuddy/asm/Advice$OffsetMapping$ForInstrumentedMethod$2.class with "No such file or directory" 

WARNING: Failed to resolve file /net/bytebuddy/asm/Advice$OffsetMapping.class with "No such file or directory" 

WARNING: Failed to resolve file /net/bytebuddy/asm/ClassVisitorFactory$FrameTranslator.class with "No such file or directory" 

WARNING: Failed to resolve file /net/bytebuddy/asm/MemberSubstitution$TypePoolResolver$OfImplicitPool.class with "No such file or directory" 

WARNING: Failed to resolve file /net/bytebuddy/build/EntryPoint$Default.class with "No such file or directory" 

WARNING: Failed to resolve file /net/bytebuddy/build/Plugin$Engine$Listener$StreamWriting.class with "No such file or directory" 

WARNING: Failed to resolve file /net/bytebuddy/build/Plugin$Factory$UsingReflection$Instantiator$Unresolved.class with "No such file or directory" 

WARNING: Failed to resolve file /net/bytebuddy/description/annotation/AnnotationDescription.class with "No such file or directory" 

WARNING: Failed to resolve file /net/bytebuddy/description/annotation/AnnotationValue$Loaded$AbstractBase$ForUnresolvedProperty.class with "No such file or directory" 

WARNING: Failed to resolve file /net/bytebuddy/description/method/MethodList$Explicit.class with "No such file or directory" 

WARNING: Failed to resolve file /net/bytebuddy/description/modifier/SynchronizationState.class with "No such file or directory" 

WARNING: Failed to resolve file /net/bytebuddy/description/type/TypeDescription$Generic$AnnotationReader$Delegator$ForLoadedTypeVariable.class with "No such file or directory" 

WARNING: Failed to resolve file /net/bytebuddy/description/type/TypeDescription$Generic$OfParameterizedType$Latent.class with "No such file or directory" 

WARNING: Failed to resolve file /net/bytebuddy/description/type/TypeDescription$Latent.class with "No such file or directory" 

WARNING: Failed to resolve file /net/bytebuddy/dynamic/ClassFileLocator$ForModuleFile.class with "No such file or directory" 

WARNING: Failed to resolve file /net/bytebuddy/dynamic/DynamicType$Builder$MethodDefinition$ParameterDefinition$Simple$Annotatable$AbstractBase.class with "No such file or directory" 

WARNING: Failed to resolve file /net/bytebuddy/dynamic/VisibilityBridgeStrategy$Default$2.class with "No such file or directory" 

WARNING: Failed to resolve file /net/bytebuddy/dynamic/loading/ClassInjector$UsingReflection$Dispatcher$Initializable.class with "No such file or directory" 

WARNING: Failed to resolve file /net/bytebuddy/dynamic/loading/PackageDefinitionStrategy$ManifestReading.class with "No such file or directory" 

WARNING: Failed to resolve file /net/bytebuddy/dynamic/scaffold/MethodGraph$Compiler$Default$Key$Store$Entry$Initial.class with "No such file or directory" 

WARNING: Failed to resolve file /net/bytebuddy/dynamic/scaffold/TypeWriter$Default$ClassDumpAction$Dispatcher$Enabled.class with "No such file or directory" 

WARNING: Failed to resolve file /net/bytebuddy/dynamic/scaffold/TypeWriter$MethodPool$Record$AccessBridgeWrapper.class with "No such file or directory" 

WARNING: Failed to resolve file /net/bytebuddy/dynamic/scaffold/subclass/SubclassImplementationTarget$OriginTypeResolver$1.class with "No such file or directory" 

WARNING: Failed to resolve file /net/bytebuddy/implementation/FieldAccessor$FieldLocation.class with "No such file or directory" 

WARNING: Failed to resolve file /net/bytebuddy/implementation/HashCodeMethod$ValueTransformer$7.class with "No such file or directory" 

WARNING: Failed to resolve file /net/bytebuddy/implementation/InvocationHandlerAdapter.class with "No such file or directory" 

WARNING: Failed to resolve file /net/bytebuddy/implementation/InvokeDynamic$WithImplicitArguments.class with "No such file or directory" 

WARNING: Failed to resolve file /net/bytebuddy/implementation/MethodCall$MethodInvoker.class with "No such file or directory" 

WARNING: Failed to resolve file /net/bytebuddy/implementation/MethodDelegation.class with "No such file or directory" 

WARNING: Failed to resolve file /net/bytebuddy/implementation/attribute/AnnotationValueFilter$Factory.class with "No such file or directory" 

WARNING: Failed to resolve file /net/bytebuddy/implementation/auxiliary/TypeProxy$1.class with "No such file or directory" 

WARNING: Failed to resolve file /net/bytebuddy/implementation/bind/annotation/AllArguments.class with "No such file or directory" 

WARNING: Failed to resolve file /net/bytebuddy/implementation/bind/annotation/Morph$Binder$RedirectionProxy$InstanceFieldConstructor$Appender.class with "No such file or directory" 

WARNING: Failed to resolve file /net/bytebuddy/implementation/bytecode/ByteCodeAppender$Compound.class with "No such file or directory" 

WARNING: Failed to resolve file /net/bytebuddy/implementation/bytecode/assign/reference/GenericTypeAwareAssigner$IsAssignableToVisitor$OfGenericArray.class with "No such file or directory" 

WARNING: Failed to resolve file /net/bytebuddy/implementation/bytecode/member/FieldAccess$AccessDispatcher$FieldPutInstruction.class with "No such file or directory" 

WARNING: Failed to resolve file /net/bytebuddy/jar/asm/RecordComponentWriter.class with "No such file or directory" 

WARNING: Failed to resolve file /net/bytebuddy/matcher/FilterableList.class with "No such file or directory" 

WARNING: Failed to resolve file /net/bytebuddy/matcher/TypeSortMatcher.class with "No such file or directory" 

WARNING: Failed to resolve file /net/bytebuddy/pool/TypePool$Default$LazyTypeDescription$AnnotationToken.class with "No such file or directory" 

WARNING: Failed to resolve file /net/bytebuddy/pool/TypePool$Default$LazyTypeDescription$LazyMethodDescription$LazyParameterizedReceiverType$TypeArgumentList$AnnotatedTypeVariable.class with "No such file or directory" 

WARNING: Failed to resolve file /net/bytebuddy/utility/FileSystem$ForNio2CapableVm$StandardCopyOption.class with "No such file or directory" 

WARNING: Failed to resolve file /net/bytebuddy/utility/dispatcher/JavaDispatcher$Dispatcher.class with "No such file or directory" 

WARNING: Failed to resolve file /org/apache/lucene/analysis/CharArrayMap.class with "No such file or directory" 

WARNING: Failed to resolve file /org/apache/lucene/analysis/tokenattributes/TermToBytesRefAttribute.class with "No such file or directory" 

WARNING: Failed to resolve file /org/apache/lucene/codecs/KnnVectorsWriter$ByteVectorValuesSub.class with "No such file or directory" 

WARNING: Failed to resolve file /org/apache/lucene/codecs/hnsw/DefaultFlatVectorScorer$ByteScoringSupplier$1.class with "No such file or directory" 

WARNING: Failed to resolve file /org/apache/lucene/codecs/lucene90/Lucene90DocValuesProducer$17.class with "No such file or directory" 

WARNING: Failed to resolve file /org/apache/lucene/codecs/lucene90/Lucene90PointsFormat.class with "No such file or directory" 

WARNING: Failed to resolve file /org/apache/lucene/codecs/lucene912/ForUtil.class with "No such file or directory" 

WARNING: Failed to resolve file /org/apache/lucene/codecs/lucene99/Lucene99HnswVectorsWriter$2.class with "No such file or directory" 

WARNING: Failed to resolve file /org/apache/lucene/document/BinaryPoint$1.class with "No such file or directory" 

WARNING: Failed to resolve file /org/apache/lucene/document/FloatPoint$2.class with "No such file or directory" 

WARNING: Failed to resolve file /org/apache/lucene/document/LatLonPointDistanceQuery.class with "No such file or directory" 

WARNING: Failed to resolve file /org/apache/lucene/document/ShapeField$QueryRelation.class with "No such file or directory" 

WARNING: Failed to resolve file /org/apache/lucene/document/XYShapeDocValues.class with "No such file or directory" 

WARNING: Failed to resolve file /org/apache/lucene/index/BaseTermsEnum$1.class with "No such file or directory" 

WARNING: Failed to resolve file /org/apache/lucene/index/ConcurrentMergeScheduler.class with "No such file or directory" 

WARNING: Failed to resolve file /org/apache/lucene/index/ExitableDirectoryReader$ExitableFilterAtomicReader$4.class with "No such file or directory" 

WARNING: Failed to resolve file /org/apache/lucene/index/FreqProxFields$FreqProxTermsEnum$1.class with "No such file or directory" 

WARNING: Failed to resolve file /org/apache/lucene/index/IndexWriter$DocModifier.class with "No such file or directory" 

WARNING: Failed to resolve file /org/apache/lucene/index/MultiDocValues$1.class with "No such file or directory" 

WARNING: Failed to resolve file /org/apache/lucene/index/PointValues$IntersectVisitor.class with "No such file or directory" 

WARNING: Failed to resolve file /org/apache/lucene/index/SingletonSortedSetDocValues.class with "No such file or directory" 

WARNING: Failed to resolve file /org/apache/lucene/index/SortedNumericDocValuesWriter.class with "No such file or directory" 

WARNING: Failed to resolve file /org/apache/lucene/index/TermVectorsConsumerPerField$TermVectorsPostingsArray.class with "No such file or directory" 

WARNING: Failed to resolve file /org/apache/lucene/internal/hppc/IntDoubleHashMap$EntryIterator.class with "No such file or directory" 

WARNING: Failed to resolve file /org/apache/lucene/internal/hppc/LongIntHashMap$LongIntCursor.class with "No such file or directory" 

WARNING: Failed to resolve file /org/apache/lucene/search/BlockMaxConjunctionScorer$2.class with "No such file or directory" 

WARNING: Failed to resolve file /org/apache/lucene/search/ConstantScoreQuery$1$1.class with "No such file or directory" 

WARNING: Failed to resolve file /org/apache/lucene/search/DoubleValuesSource$DoubleValuesComparatorSource$1.class with "No such file or directory" 

WARNING: Failed to resolve file /org/apache/lucene/search/ImpactsDISI.class with "No such file or directory" 

WARNING: Failed to resolve file /org/apache/lucene/search/LongValuesSource$LongValuesComparatorSource.class with "No such file or directory" 

WARNING: Failed to resolve file /org/apache/lucene/search/NamedMatches$NamedQuery.class with "No such file or directory" 

WARNING: Failed to resolve file /org/apache/lucene/search/ReqOptSumScorer.class with "No such file or directory" 

WARNING: Failed to resolve file /org/apache/lucene/search/SortedNumericSortField$5.class with "No such file or directory" 

WARNING: Failed to resolve file /org/apache/lucene/search/TopDocsCollector.class with "No such file or directory" 

WARNING: Failed to resolve file /org/apache/lucene/search/comparators/NumericComparator$NumericLeafComparator.class with "No such file or directory" 

WARNING: Failed to resolve file /org/apache/lucene/search/similarities/MultiSimilarity.class with "No such file or directory" 

WARNING: Failed to resolve file /org/apache/lucene/store/IndexInput$1.class with "No such file or directory" 

WARNING: Failed to resolve file /org/apache/lucene/util/AttributeImpl.class with "No such file or directory" 

WARNING: Failed to resolve file /org/apache/lucene/util/DocIdSetBuilder$BulkAdder.class with "No such file or directory" 

WARNING: Failed to resolve file /org/apache/lucene/util/ModuleResourceLoader.class with "No such file or directory" 

WARNING: Failed to resolve file /org/apache/lucene/util/Sorter.class with "No such file or directory" 

WARNING: Failed to resolve file /org/apache/lucene/util/automaton/MinimizationOperations$IntPair.class with "No such file or directory" 

WARNING: Failed to resolve file /org/apache/lucene/util/bkd/OfflinePointWriter.class with "No such file or directory" 

WARNING: Failed to resolve file /org/apache/lucene/util/fst/Util$FSTPath.class with "No such file or directory" 

WARNING: Failed to resolve file /org/apache/lucene/util/mutable/MutableValueDate.class with "No such file or directory" 

WARNING: Failed to resolve file /org/apache/lucene/util/packed/DirectReader$DirectPackedReader32.class with "No such file or directory" 

WARNING: Failed to resolve file /org/apache/lucene/util/packed/PackedWriter.class with "No such file or directory" 

WARNING: Failed to resolve file /org/bouncycastle/asn1/ASN1ObjectDescriptor$1.class with "No such file or directory" 

WARNING: Failed to resolve file /org/bouncycastle/asn1/BEROctetStringParser.class with "No such file or directory" 

WARNING: Failed to resolve file /org/bouncycastle/asn1/LazyEncodedSequence.class with "No such file or directory" 

WARNING: Failed to resolve file /org/bouncycastle/asn1/ocsp/OCSPRequest.class with "No such file or directory" 

WARNING: Failed to resolve file /org/bouncycastle/asn1/sec/SECNamedCurves$17.class with "No such file or directory" 

WARNING: Failed to resolve file /org/bouncycastle/asn1/x500/DirectoryString.class with "No such file or directory" 

WARNING: Failed to resolve file /org/bouncycastle/asn1/x509/NameConstraints.class with "No such file or directory" 

WARNING: Failed to resolve file /org/bouncycastle/asn1/x509/sigi/NameOrPseudonym.class with "No such file or directory" 

WARNING: Failed to resolve file /org/bouncycastle/crypto/CipherKeyGenerator.class with "No such file or directory" 

WARNING: Failed to resolve file /org/bouncycastle/crypto/StagedAgreement.class with "No such file or directory" 

WARNING: Failed to resolve file /org/bouncycastle/crypto/digests/AsconXof$1.class with "No such file or directory" 

WARNING: Failed to resolve file /org/bouncycastle/crypto/digests/ShortenedDigest.class with "No such file or directory" 

WARNING: Failed to resolve file /org/bouncycastle/crypto/ec/ECDecryptor.class with "No such file or directory" 

WARNING: Failed to resolve file /org/bouncycastle/crypto/engines/GOST3412_2015Engine.class with "No such file or directory" 

WARNING: Failed to resolve file /org/bouncycastle/crypto/engines/SparkleEngine$1.class with "No such file or directory" 

WARNING: Failed to resolve file /org/bouncycastle/crypto/generators/ElGamalParametersGenerator.class with "No such file or directory" 

WARNING: Failed to resolve file /org/bouncycastle/crypto/macs/DSTU7564Mac.class with "No such file or directory" 

WARNING: Failed to resolve file /org/bouncycastle/crypto/modes/NISTCTSBlockCipher.class with "No such file or directory" 

WARNING: Failed to resolve file /org/bouncycastle/crypto/params/DHParameters.class with "No such file or directory" 

WARNING: Failed to resolve file /org/bouncycastle/crypto/params/NaccacheSternKeyGenerationParameters.class with "No such file or directory" 

WARNING: Failed to resolve file /org/bouncycastle/crypto/prng/X931SecureRandom.class with "No such file or directory" 

WARNING: Failed to resolve file /org/bouncycastle/crypto/util/DEROtherInfo$1.class with "No such file or directory" 

WARNING: Failed to resolve file /org/bouncycastle/crypto/util/SSHNamedCurves$3.class with "No such file or directory" 

WARNING: Failed to resolve file /org/bouncycastle/jcajce/BCFKSLoadStoreParameter$SignatureAlgorithm.class with "No such file or directory" 

WARNING: Failed to resolve file /org/bouncycastle/jcajce/provider/asymmetric/CompositeSignatures.class with "No such file or directory" 

WARNING: Failed to resolve file /org/bouncycastle/jcajce/provider/asymmetric/compositesignatures/KeyPairGeneratorSpi$MLDSA65_ECDSA_brainpoolP256r1_SHA512.class with "No such file or directory" 

WARNING: Failed to resolve file /org/bouncycastle/jcajce/provider/asymmetric/dh/KeyAgreementSpi$DHwithSHA384CKDF.class with "No such file or directory" 

WARNING: Failed to resolve file /org/bouncycastle/jcajce/provider/asymmetric/ec/BCECPrivateKey.class with "No such file or directory" 

WARNING: Failed to resolve file /org/bouncycastle/jcajce/provider/asymmetric/ec/KeyAgreementSpi$DHUwithSHA224KDF.class with "No such file or directory" 

WARNING: Failed to resolve file /org/bouncycastle/jcajce/provider/asymmetric/ec/KeyPairGeneratorSpi.class with "No such file or directory" 

WARNING: Failed to resolve file /org/bouncycastle/jcajce/provider/asymmetric/ecgost12/KeyAgreementSpi$ECVKO512.class with "No such file or directory" 

WARNING: Failed to resolve file /org/bouncycastle/jcajce/provider/asymmetric/edec/KeyPairGeneratorSpi$X448.class with "No such file or directory" 

WARNING: Failed to resolve file /org/bouncycastle/jcajce/provider/asymmetric/rsa/DigestSignatureSpi$SHA3_384.class with "No such file or directory" 

WARNING: Failed to resolve file /org/bouncycastle/jcajce/provider/asymmetric/rsa/PSSSignatureSpi$SHA512withRSA.class with "No such file or directory" 

WARNING: Failed to resolve file /org/bouncycastle/jcajce/provider/asymmetric/x509/X509CRLInternal.class with "No such file or directory" 

WARNING: Failed to resolve file /org/bouncycastle/jcajce/provider/digest/GOST3411$Mappings.class with "No such file or directory" 

WARNING: Failed to resolve file /org/bouncycastle/jcajce/provider/digest/RIPEMD256$HashMac.class with "No such file or directory" 

WARNING: Failed to resolve file /org/bouncycastle/jcajce/provider/digest/SHA3$Mappings.class with "No such file or directory" 

WARNING: Failed to resolve file /org/bouncycastle/jcajce/provider/digest/Skein$HMacKeyGenerator_512_384.class with "No such file or directory" 

WARNING: Failed to resolve file /org/bouncycastle/jcajce/provider/digest/Whirlpool$KeyGenerator.class with "No such file or directory" 

WARNING: Failed to resolve file /org/bouncycastle/jcajce/provider/keystore/pkcs12/PKCS12KeyStoreSpi$1.class with "No such file or directory" 

WARNING: Failed to resolve file /org/bouncycastle/jcajce/provider/symmetric/AES$PBEWithSHA256And192BitAESBC.class with "No such file or directory" 

WARNING: Failed to resolve file /org/bouncycastle/jcajce/provider/symmetric/CAST5$CBC.class with "No such file or directory" 

WARNING: Failed to resolve file /org/bouncycastle/jcajce/provider/symmetric/DES$Mappings.class with "No such file or directory" 

WARNING: Failed to resolve file /org/bouncycastle/jcajce/provider/symmetric/DSTU7624$GCM128.class with "No such file or directory" 

WARNING: Failed to resolve file /org/bouncycastle/jcajce/provider/symmetric/HC128$KeyGen.class with "No such file or directory" 

WARNING: Failed to resolve file /org/bouncycastle/jcajce/provider/symmetric/PBEPKCS12.class with "No such file or directory" 

WARNING: Failed to resolve file /org/bouncycastle/jcajce/provider/symmetric/Rijndael.class with "No such file or directory" 

WARNING: Failed to resolve file /org/bouncycastle/jcajce/provider/symmetric/Shacal2$AlgParams.class with "No such file or directory" 

WARNING: Failed to resolve file /org/bouncycastle/jcajce/provider/symmetric/Threefish.class with "No such file or directory" 

WARNING: Failed to resolve file /org/bouncycastle/jcajce/provider/symmetric/util/BaseStreamCipher.class with "No such file or directory" 

WARNING: Failed to resolve file /org/bouncycastle/jcajce/spec/SkeinParameterSpec.class with "No such file or directory" 

WARNING: Failed to resolve file /org/bouncycastle/jce/provider/AnnotatedException.class with "No such file or directory" 

WARNING: Failed to resolve file /org/bouncycastle/jce/provider/RFC3280CertPathUtilities.class with "No such file or directory" 

WARNING: Failed to resolve file /org/bouncycastle/math/ec/ECCurve$Config.class with "No such file or directory" 

WARNING: Failed to resolve file /org/bouncycastle/math/ec/custom/gm/SM2P256V1FieldElement.class with "No such file or directory" 

WARNING: Failed to resolve file /org/bouncycastle/math/ec/custom/sec/SecP384R1FieldElement.class with "No such file or directory" 

WARNING: Failed to resolve file /org/bouncycastle/math/ec/custom/sec/SecT239K1Curve.class with "No such file or directory" 

WARNING: Failed to resolve file /org/bouncycastle/math/ec/rfc8032/Ed25519$PointTemp.class with "No such file or directory" 

WARNING: Failed to resolve file /org/bouncycastle/pqc/asn1/PQCObjectIdentifiers.class with "No such file or directory" 

WARNING: Failed to resolve file /org/bouncycastle/pqc/crypto/crystals/dilithium/DilithiumKeyPairGenerator.class with "No such file or directory" 

WARNING: Failed to resolve file /org/bouncycastle/pqc/crypto/falcon/FalconSmallPrime.class with "No such file or directory" 

WARNING: Failed to resolve file /org/bouncycastle/pqc/crypto/hqc/HQCKEMExtractor.class with "No such file or directory" 

WARNING: Failed to resolve file /org/bouncycastle/pqc/crypto/newhope/NHKeyPairGenerator.class with "No such file or directory" 

WARNING: Failed to resolve file /org/bouncycastle/pqc/crypto/picnic/PicnicEngine.class with "No such file or directory" 

WARNING: Failed to resolve file /org/bouncycastle/pqc/crypto/sphincs/SPHINCS256KeyGenerationParameters.class with "No such file or directory" 

WARNING: Failed to resolve file /org/bouncycastle/pqc/crypto/util/PublicKeyFactory$LMSConverter.class with "No such file or directory" 

WARNING: Failed to resolve file /org/bouncycastle/pqc/crypto/xmss/XMSSMTPrivateKeyParameters$Builder.class with "No such file or directory" 

WARNING: Failed to resolve file /org/bouncycastle/pqc/jcajce/interfaces/NHPublicKey.class with "No such file or directory" 

WARNING: Failed to resolve file /org/bouncycastle/pqc/jcajce/provider/SPHINCS.class with "No such file or directory" 

WARNING: Failed to resolve file /org/bouncycastle/pqc/jcajce/provider/falcon/SignatureSpi$Base.class with "No such file or directory" 

WARNING: Failed to resolve file /org/bouncycastle/pqc/jcajce/provider/mceliece/BCMcEliecePrivateKey.class with "No such file or directory" 

WARNING: Failed to resolve file /org/bouncycastle/pqc/jcajce/provider/picnic/BCPicnicPublicKey.class with "No such file or directory" 

WARNING: Failed to resolve file /org/bouncycastle/pqc/jcajce/provider/sphincsplus/SPHINCSPlusKeyPairGeneratorSpi$Shake_256f.class with "No such file or directory" 

WARNING: Failed to resolve file /org/bouncycastle/pqc/jcajce/spec/KyberParameterSpec.class with "No such file or directory" 

WARNING: Failed to resolve file /org/bouncycastle/pqc/legacy/crypto/mceliece/McEliecePrivateKeyParameters.class with "No such file or directory" 

WARNING: Failed to resolve file /org/bouncycastle/pqc/legacy/math/linearalgebra/GF2Matrix.class with "No such file or directory" 

WARNING: Failed to resolve file /org/bouncycastle/pqc/math/ntru/parameters/NTRUHPS2048509.class with "No such file or directory" 

WARNING: Failed to resolve file /org/bouncycastle/util/encoders/HexTranslator.class with "No such file or directory" 

WARNING: Failed to resolve file /org/bouncycastle/x509/X509CRLStoreSelector.class with "No such file or directory" 

Found 215 (out of 11364) source files to analyze in /home/udesou/.bench-agent/git/macro-benches/vendor/.infer-capture-ocaml-5.5.0-f523850-fp
/net/bytebuddy/asm/Advice$OffsetMapping$ForInstrumentedMethod$2.class starting
/net/bytebuddy/asm/Advice$OffsetMapping$ForInstrumentedMethod$2.class DONE
/net/bytebuddy/dynamic/DynamicType$Builder$MethodDefinition$ParameterDefinition$Simple$Annotatable$AbstractBase.class starting
/net/bytebuddy/dynamic/DynamicType$Builder$MethodDefinition$ParameterDefinition$Simple$Annotatable$AbstractBase.class DONE
/net/bytebuddy/implementation/bytecode/assign/reference/GenericTypeAwareAssigner$IsAssignableToVisitor$OfGenericArray.class starting
/net/bytebuddy/implementation/bytecode/assign/reference/GenericTypeAwareAssigner$IsAssignableToVisitor$OfGenericArray.class DONE
/org/apache/lucene/codecs/lucene912/ForUtil.class starting
/org/apache/lucene/codecs/lucene912/ForUtil.class DONE
/org/apache/lucene/document/BinaryPoint$1.class starting
/org/apache/lucene/document/BinaryPoint$1.class DONE
/org/bouncycastle/pqc/crypto/newhope/NHKeyPairGenerator.class starting
/org/bouncycastle/pqc/crypto/newhope/NHKeyPairGenerator.class DONE
/net/bytebuddy/dynamic/scaffold/MethodGraph$Compiler$Default$Key$Store$Entry$Initial.class starting
/net/bytebuddy/dynamic/scaffold/MethodGraph$Compiler$Default$Key$Store$Entry$Initial.class DONE
/org/bouncycastle/asn1/x500/DirectoryString.class starting
/org/bouncycastle/asn1/x500/DirectoryString.class DONE
/org/apache/lucene/search/BlockMaxConjunctionScorer$2.class starting
/org/apache/lucene/search/BlockMaxConjunctionScorer$2.class DONE
/org/bouncycastle/pqc/jcajce/spec/KyberParameterSpec.class starting
/org/bouncycastle/pqc/jcajce/spec/KyberParameterSpec.class DONE
/org/apache/lucene/document/XYShapeDocValues.class starting
/org/apache/lucene/document/XYShapeDocValues.class DONE
/org/bouncycastle/jcajce/provider/symmetric/AES$PBEWithSHA256And192BitAESBC.class starting
/org/bouncycastle/jcajce/provider/symmetric/AES$PBEWithSHA256And192BitAESBC.class DONE
/org/apache/lucene/index/ExitableDirectoryReader$ExitableFilterAtomicReader$4.class starting
/org/apache/lucene/index/ExitableDirectoryReader$ExitableFilterAtomicReader$4.class DONE
/org/apache/lucene/document/ShapeField$QueryRelation.class starting
/org/apache/lucene/document/ShapeField$QueryRelation.class DONE
/org/bouncycastle/asn1/x509/sigi/NameOrPseudonym.class starting
/org/bouncycastle/asn1/x509/sigi/NameOrPseudonym.class DONE
/org/apache/lucene/search/DoubleValuesSource$DoubleValuesComparatorSource$1.class starting
/org/apache/lucene/search/DoubleValuesSource$DoubleValuesComparatorSource$1.class DONE
/com/google/common/collect/ImmutableMultimap$Builder.class starting
/com/google/common/collect/ImmutableMultimap$Builder.class DONE
/com/google/common/base/Converter$IdentityConverter.class starting
/com/google/common/base/Converter$IdentityConverter.class DONE
/net/bytebuddy/agent/builder/package-info.class starting
/net/bytebuddy/agent/builder/package-info.class DONE
/org/apache/lucene/util/Sorter.class starting
/org/apache/lucene/util/Sorter.class DONE
/com/google/common/graph/ValueGraph.class starting
/com/google/common/graph/ValueGraph.class DONE
/org/bouncycastle/pqc/jcajce/provider/SPHINCS.class starting
/org/bouncycastle/pqc/jcajce/provider/SPHINCS.class DONE
/org/bouncycastle/jcajce/provider/digest/RIPEMD256$HashMac.class starting
/org/bouncycastle/jcajce/provider/digest/RIPEMD256$HashMac.class DONE
/org/bouncycastle/jcajce/provider/symmetric/DES$Mappings.class starting
/org/bouncycastle/jcajce/provider/symmetric/DES$Mappings.class DONE
/com/google/common/util/concurrent/Monitor$Guard.class starting
/com/google/common/util/concurrent/Monitor$Guard.class DONE
/net/bytebuddy/pool/TypePool$Default$LazyTypeDescription$LazyMethodDescription$LazyParameterizedReceiverType$TypeArgumentList$AnnotatedTypeVariable.class starting
/net/bytebuddy/pool/TypePool$Default$LazyTypeDescription$LazyMethodDescription$LazyParameterizedReceiverType$TypeArgumentList$AnnotatedTypeVariable.class DONE
/net/bytebuddy/build/Plugin$Factory$UsingReflection$Instantiator$Unresolved.class starting
/net/bytebuddy/build/Plugin$Factory$UsingReflection$Instantiator$Unresolved.class DONE
/org/bouncycastle/crypto/generators/ElGamalParametersGenerator.class starting
/org/bouncycastle/crypto/generators/ElGamalParametersGenerator.class DONE
/org/bouncycastle/crypto/digests/ShortenedDigest.class starting
/org/bouncycastle/crypto/digests/ShortenedDigest.class DONE
/net/bytebuddy/matcher/FilterableList.class starting
/net/bytebuddy/matcher/FilterableList.class DONE
/com/google/common/io/BaseEncoding.class starting
/com/google/common/io/BaseEncoding.class DONE
/org/bouncycastle/pqc/crypto/picnic/PicnicEngine.class starting
/org/bouncycastle/pqc/crypto/picnic/PicnicEngine.class DONE
/org/bouncycastle/jcajce/provider/symmetric/PBEPKCS12.class starting
/org/bouncycastle/jcajce/provider/symmetric/PBEPKCS12.class DONE
/org/bouncycastle/crypto/prng/X931SecureRandom.class starting
/org/bouncycastle/crypto/prng/X931SecureRandom.class DONE
/net/bytebuddy/description/modifier/SynchronizationState.class starting
/net/bytebuddy/description/modifier/SynchronizationState.class DONE
/org/apache/lucene/search/ConstantScoreQuery$1$1.class starting
/org/apache/lucene/search/ConstantScoreQuery$1$1.class DONE
/org/apache/lucene/internal/hppc/IntDoubleHashMap$EntryIterator.class starting
/org/apache/lucene/internal/hppc/IntDoubleHashMap$EntryIterator.class DONE
/org/bouncycastle/asn1/x509/NameConstraints.class starting
/org/bouncycastle/asn1/x509/NameConstraints.class DONE
/com/google/common/graph/GraphBuilder.class starting
/com/google/common/graph/GraphBuilder.class DONE
/org/bouncycastle/jcajce/provider/symmetric/Threefish.class starting
/org/bouncycastle/jcajce/provider/symmetric/Threefish.class DONE
/com/google/common/util/concurrent/SimpleTimeLimiter$1.class starting
/com/google/common/util/concurrent/SimpleTimeLimiter$1.class DONE
/net/bytebuddy/dynamic/scaffold/TypeWriter$MethodPool$Record$AccessBridgeWrapper.class starting
/net/bytebuddy/dynamic/scaffold/TypeWriter$MethodPool$Record$AccessBridgeWrapper.class DONE
/net/bytebuddy/dynamic/ClassFileLocator$ForModuleFile.class starting
/net/bytebuddy/dynamic/ClassFileLocator$ForModuleFile.class DONE
/com/google/common/util/concurrent/AggregateFutureState.class starting
/com/google/common/util/concurrent/AggregateFutureState.class DONE
/com/google/common/annotations/Beta.class starting
/com/google/common/annotations/Beta.class DONE
/com/google/common/collect/DenseImmutableTable.class starting
/com/google/common/collect/DenseImmutableTable.class DONE
/org/apache/lucene/search/ReqOptSumScorer.class starting
/org/apache/lucene/search/ReqOptSumScorer.class DONE
/org/bouncycastle/math/ec/custom/gm/SM2P256V1FieldElement.class starting
/org/bouncycastle/math/ec/custom/gm/SM2P256V1FieldElement.class DONE
/org/bouncycastle/jcajce/provider/asymmetric/dh/KeyAgreementSpi$DHwithSHA384CKDF.class starting
/org/bouncycastle/jcajce/provider/asymmetric/dh/KeyAgreementSpi$DHwithSHA384CKDF.class DONE
/org/bouncycastle/jcajce/provider/symmetric/util/BaseStreamCipher.class starting
/org/bouncycastle/jcajce/provider/symmetric/util/BaseStreamCipher.class DONE
/net/bytebuddy/implementation/auxiliary/TypeProxy$1.class starting
/net/bytebuddy/implementation/auxiliary/TypeProxy$1.class DONE
/com/google/common/collect/ImmutableSortedSet$1.class starting
/com/google/common/collect/ImmutableSortedSet$1.class DONE
/net/bytebuddy/pool/TypePool$Default$LazyTypeDescription$AnnotationToken.class starting
/net/bytebuddy/pool/TypePool$Default$LazyTypeDescription$AnnotationToken.class DONE
/org/apache/lucene/index/SingletonSortedSetDocValues.class starting
/org/bouncycastle/pqc/jcajce/provider/sphincsplus/SPHINCSPlusKeyPairGeneratorSpi$Shake_256f.class starting
/org/bouncycastle/pqc/jcajce/provider/sphincsplus/SPHINCSPlusKeyPairGeneratorSpi$Shake_256f.class DONE
/org/bouncycastle/jcajce/provider/digest/GOST3411$Mappings.class starting
/org/bouncycastle/jcajce/provider/digest/GOST3411$Mappings.class DONE
/org/bouncycastle/pqc/crypto/crystals/dilithium/DilithiumKeyPairGenerator.class starting
/org/bouncycastle/pqc/crypto/crystals/dilithium/DilithiumKeyPairGenerator.class DONE
/org/bouncycastle/jce/provider/RFC3280CertPathUtilities.class starting
/org/bouncycastle/jce/provider/RFC3280CertPathUtilities.class DONE
/net/bytebuddy/build/Plugin$Engine$Listener$StreamWriting.class starting
/net/bytebuddy/build/Plugin$Engine$Listener$StreamWriting.class DONE
/org/bouncycastle/math/ec/rfc8032/Ed25519$PointTemp.class starting
/org/bouncycastle/math/ec/rfc8032/Ed25519$PointTemp.class DONE
/org/bouncycastle/crypto/macs/DSTU7564Mac.class starting
/org/bouncycastle/crypto/macs/DSTU7564Mac.class DONE
/org/bouncycastle/jcajce/provider/asymmetric/ec/KeyPairGeneratorSpi.class starting
/org/bouncycastle/jcajce/provider/asymmetric/ec/KeyPairGeneratorSpi.class DONE
/net/bytebuddy/implementation/MethodCall$MethodInvoker.class starting
/net/bytebuddy/implementation/MethodCall$MethodInvoker.class DONE
/org/apache/lucene/index/SingletonSortedSetDocValues.class DONE
/org/bouncycastle/jcajce/provider/asymmetric/x509/X509CRLInternal.class starting
/net/bytebuddy/ByteBuddy$RecordConstructorStrategy.class starting
/net/bytebuddy/ByteBuddy$RecordConstructorStrategy.class DONE
/org/bouncycastle/jcajce/provider/asymmetric/rsa/DigestSignatureSpi$SHA3_384.class starting
/org/bouncycastle/jcajce/provider/asymmetric/rsa/DigestSignatureSpi$SHA3_384.class DONE
/org/bouncycastle/jcajce/provider/asymmetric/x509/X509CRLInternal.class DONE
/org/apache/lucene/index/MultiDocValues$1.class starting
/net/bytebuddy/asm/MemberSubstitution$TypePoolResolver$OfImplicitPool.class starting
/org/apache/lucene/index/MultiDocValues$1.class DONE
/net/bytebuddy/asm/MemberSubstitution$TypePoolResolver$OfImplicitPool.class DONE
/net/bytebuddy/description/type/TypeDescription$Generic$AnnotationReader$Delegator$ForLoadedTypeVariable.class starting
/net/bytebuddy/description/type/TypeDescription$Generic$AnnotationReader$Delegator$ForLoadedTypeVariable.class DONE
/org/apache/lucene/codecs/lucene99/Lucene99HnswVectorsWriter$2.class starting
/org/apache/lucene/codecs/lucene99/Lucene99HnswVectorsWriter$2.class DONE
/com/google/common/collect/RegularImmutableMap$Values.class starting
/org/bouncycastle/jcajce/provider/symmetric/DSTU7624$GCM128.class starting
/org/bouncycastle/jcajce/provider/symmetric/DSTU7624$GCM128.class DONE
/com/google/common/collect/RegularImmutableMap$Values.class DONE
/org/apache/lucene/util/AttributeImpl.class starting
/org/apache/lucene/util/AttributeImpl.class DONE
/org/apache/lucene/codecs/lucene90/Lucene90DocValuesProducer$17.class starting
/org/bouncycastle/crypto/CipherKeyGenerator.class starting
/org/bouncycastle/crypto/CipherKeyGenerator.class DONE
/org/apache/lucene/search/comparators/NumericComparator$NumericLeafComparator.class starting
/org/apache/lucene/search/comparators/NumericComparator$NumericLeafComparator.class DONE
/org/apache/lucene/util/packed/PackedWriter.class starting
/org/apache/lucene/util/packed/PackedWriter.class DONE
/com/google/common/primitives/Shorts$ShortConverter.class starting
/com/google/common/primitives/Shorts$ShortConverter.class DONE
/org/bouncycastle/pqc/crypto/hqc/HQCKEMExtractor.class starting
/org/apache/lucene/codecs/lucene90/Lucene90DocValuesProducer$17.class DONE
/org/bouncycastle/pqc/crypto/hqc/HQCKEMExtractor.class DONE
/net/bytebuddy/implementation/attribute/AnnotationValueFilter$Factory.class starting
/net/bytebuddy/implementation/attribute/AnnotationValueFilter$Factory.class DONE
/org/apache/lucene/codecs/hnsw/DefaultFlatVectorScorer$ByteScoringSupplier$1.class starting
/org/apache/lucene/analysis/tokenattributes/TermToBytesRefAttribute.class starting
/org/apache/lucene/analysis/tokenattributes/TermToBytesRefAttribute.class DONE
/org/apache/lucene/codecs/hnsw/DefaultFlatVectorScorer$ByteScoringSupplier$1.class DONE
/org/bouncycastle/crypto/params/NaccacheSternKeyGenerationParameters.class starting
/org/apache/lucene/index/IndexWriter$DocModifier.class starting
/org/apache/lucene/index/IndexWriter$DocModifier.class DONE
/org/bouncycastle/crypto/params/NaccacheSternKeyGenerationParameters.class DONE
/org/apache/lucene/util/bkd/OfflinePointWriter.class starting
/org/apache/lucene/util/bkd/OfflinePointWriter.class DONE
/org/bouncycastle/jce/provider/AnnotatedException.class starting
/org/bouncycastle/jce/provider/AnnotatedException.class DONE
/org/apache/lucene/util/packed/DirectReader$DirectPackedReader32.class starting
/org/apache/lucene/util/packed/DirectReader$DirectPackedReader32.class DONE
/org/bouncycastle/jcajce/provider/symmetric/Rijndael.class starting
/org/bouncycastle/jcajce/provider/symmetric/Rijndael.class DONE
/net/bytebuddy/description/annotation/AnnotationValue$Loaded$AbstractBase$ForUnresolvedProperty.class starting
/net/bytebuddy/description/annotation/AnnotationValue$Loaded$AbstractBase$ForUnresolvedProperty.class DONE
/org/apache/lucene/util/DocIdSetBuilder$BulkAdder.class starting
/org/apache/lucene/util/DocIdSetBuilder$BulkAdder.class DONE
/org/bouncycastle/crypto/StagedAgreement.class starting
/org/bouncycastle/crypto/StagedAgreement.class DONE
/org/apache/lucene/search/SortedNumericSortField$5.class starting
/org/bouncycastle/pqc/jcajce/provider/picnic/BCPicnicPublicKey.class starting
/org/apache/lucene/search/SortedNumericSortField$5.class DONE
/com/google/common/collect/HashMultimap.class starting
/org/bouncycastle/pqc/jcajce/provider/picnic/BCPicnicPublicKey.class DONE
/org/bouncycastle/crypto/params/DHParameters.class starting
/net/bytebuddy/agent/builder/AgentBuilder$InstallationListener$Compound.class starting
/org/bouncycastle/crypto/params/DHParameters.class DONE
/net/bytebuddy/dynamic/scaffold/subclass/SubclassImplementationTarget$OriginTypeResolver$1.class starting
/net/bytebuddy/agent/builder/AgentBuilder$InstallationListener$Compound.class DONE
/net/bytebuddy/dynamic/scaffold/subclass/SubclassImplementationTarget$OriginTypeResolver$1.class DONE
/com/google/common/collect/SortedLists$KeyAbsentBehavior$2.class starting
/org/bouncycastle/jcajce/provider/symmetric/Shacal2$AlgParams.class starting
/com/google/common/collect/SortedLists$KeyAbsentBehavior$2.class DONE
/org/bouncycastle/jcajce/provider/symmetric/Shacal2$AlgParams.class DONE
/org/bouncycastle/crypto/util/DEROtherInfo$1.class starting
/org/bouncycastle/crypto/util/DEROtherInfo$1.class DONE
/net/bytebuddy/agent/builder/AgentBuilder$Default$NativeMethodStrategy$ForPrefix.class starting
/com/google/common/collect/Streams$DoubleFunctionWithIndex.class starting
/com/google/common/collect/Streams$DoubleFunctionWithIndex.class DONE
/org/bouncycastle/jcajce/provider/asymmetric/ecgost12/KeyAgreementSpi$ECVKO512.class starting
/net/bytebuddy/agent/builder/AgentBuilder$Default$NativeMethodStrategy$ForPrefix.class DONE
/org/bouncycastle/jcajce/provider/asymmetric/ecgost12/KeyAgreementSpi$ECVKO512.class DONE
/net/bytebuddy/implementation/MethodDelegation.class starting
/net/bytebuddy/implementation/FieldAccessor$FieldLocation.class starting
/net/bytebuddy/implementation/FieldAccessor$FieldLocation.class DONE
/org/bouncycastle/pqc/crypto/sphincs/SPHINCS256KeyGenerationParameters.class starting
/net/bytebuddy/implementation/MethodDelegation.class DONE
/org/bouncycastle/pqc/crypto/sphincs/SPHINCS256KeyGenerationParameters.class DONE
/org/bouncycastle/jcajce/provider/asymmetric/edec/KeyPairGeneratorSpi$X448.class starting
/org/bouncycastle/jcajce/provider/asymmetric/edec/KeyPairGeneratorSpi$X448.class DONE
/com/google/common/collect/HashMultimap.class DONE
/net/bytebuddy/dynamic/loading/PackageDefinitionStrategy$ManifestReading.class starting
/net/bytebuddy/description/annotation/AnnotationDescription.class starting
/net/bytebuddy/description/annotation/AnnotationDescription.class DONE
/net/bytebuddy/dynamic/loading/PackageDefinitionStrategy$ManifestReading.class DONE
/org/bouncycastle/crypto/ec/ECDecryptor.class starting
/org/bouncycastle/crypto/ec/ECDecryptor.class DONE
/net/bytebuddy/dynamic/scaffold/TypeWriter$Default$ClassDumpAction$Dispatcher$Enabled.class starting
/net/bytebuddy/dynamic/scaffold/TypeWriter$Default$ClassDumpAction$Dispatcher$Enabled.class DONE
/org/bouncycastle/asn1/LazyEncodedSequence.class starting
/org/bouncycastle/asn1/LazyEncodedSequence.class DONE
/org/bouncycastle/asn1/BEROctetStringParser.class starting
/com/google/common/collect/JdkBackedImmutableMap.class starting
/org/bouncycastle/pqc/jcajce/interfaces/NHPublicKey.class starting
/org/bouncycastle/pqc/jcajce/interfaces/NHPublicKey.class DONE
/com/google/common/collect/MapMakerInternalMap$EntrySet.class starting
/com/google/common/collect/MapMakerInternalMap$EntrySet.class DONE
/org/bouncycastle/math/ec/ECCurve$Config.class starting
/org/bouncycastle/math/ec/ECCurve$Config.class DONE
/org/apache/lucene/util/mutable/MutableValueDate.class starting
/org/apache/lucene/util/mutable/MutableValueDate.class DONE
/com/google/common/collect/TransformedListIterator.class starting
/com/google/common/collect/TransformedListIterator.class DONE
/com/google/common/base/Utf8.class starting
/com/google/common/base/Utf8.class DONE
/org/bouncycastle/crypto/digests/AsconXof$1.class starting
/org/bouncycastle/crypto/digests/AsconXof$1.class DONE
/org/apache/lucene/analysis/CharArrayMap.class starting
/org/apache/lucene/analysis/CharArrayMap.class DONE
/net/bytebuddy/description/method/MethodList$Explicit.class starting
/net/bytebuddy/description/method/MethodList$Explicit.class DONE
/org/apache/lucene/search/NamedMatches$NamedQuery.class starting
/org/apache/lucene/search/NamedMatches$NamedQuery.class DONE
/net/bytebuddy/matcher/TypeSortMatcher.class starting
/net/bytebuddy/matcher/TypeSortMatcher.class DONE
/net/bytebuddy/description/type/TypeDescription$Latent.class starting
/net/bytebuddy/description/type/TypeDescription$Latent.class DONE
/net/bytebuddy/utility/FileSystem$ForNio2CapableVm$StandardCopyOption.class starting
/net/bytebuddy/utility/FileSystem$ForNio2CapableVm$StandardCopyOption.class DONE
/org/bouncycastle/asn1/BEROctetStringParser.class DONE
/org/bouncycastle/crypto/engines/GOST3412_2015Engine.class starting
/com/google/common/collect/JdkBackedImmutableMap.class DONE
/org/bouncycastle/crypto/engines/GOST3412_2015Engine.class DONE
/org/apache/lucene/index/PointValues$IntersectVisitor.class starting
/org/apache/lucene/index/PointValues$IntersectVisitor.class DONE
/org/bouncycastle/math/ec/custom/sec/SecT239K1Curve.class starting
/org/bouncycastle/math/ec/custom/sec/SecT239K1Curve.class DONE
/org/bouncycastle/pqc/jcajce/provider/mceliece/BCMcEliecePrivateKey.class starting
/org/bouncycastle/pqc/jcajce/provider/mceliece/BCMcEliecePrivateKey.class DONE
/com/google/common/util/concurrent/ForwardingCheckedFuture$SimpleForwardingCheckedFuture.class starting
/com/google/common/util/concurrent/ForwardingCheckedFuture$SimpleForwardingCheckedFuture.class DONE
/net/bytebuddy/implementation/InvokeDynamic$WithImplicitArguments.class starting
/org/bouncycastle/util/encoders/HexTranslator.class starting
/org/bouncycastle/util/encoders/HexTranslator.class DONE
/com/google/common/collect/ForwardingConcurrentMap.class starting
/com/google/common/collect/ForwardingConcurrentMap.class DONE
/org/bouncycastle/jcajce/provider/keystore/pkcs12/PKCS12KeyStoreSpi$1.class starting
/net/bytebuddy/implementation/InvokeDynamic$WithImplicitArguments.class DONE
/org/bouncycastle/jcajce/provider/keystore/pkcs12/PKCS12KeyStoreSpi$1.class DONE
/org/bouncycastle/jcajce/provider/asymmetric/compositesignatures/KeyPairGeneratorSpi$MLDSA65_ECDSA_brainpoolP256r1_SHA512.class starting
/org/apache/lucene/store/IndexInput$1.class starting
/com/google/common/reflect/TypeToken$Bounds.class starting
/org/bouncycastle/jcajce/provider/asymmetric/compositesignatures/KeyPairGeneratorSpi$MLDSA65_ECDSA_brainpoolP256r1_SHA512.class DONE
/com/google/common/reflect/TypeToken$Bounds.class DONE
/org/apache/lucene/store/IndexInput$1.class DONE
/org/bouncycastle/pqc/jcajce/provider/falcon/SignatureSpi$Base.class starting
/org/apache/lucene/util/ModuleResourceLoader.class starting
/net/bytebuddy/dynamic/loading/ClassInjector$UsingReflection$Dispatcher$Initializable.class starting
/net/bytebuddy/dynamic/loading/ClassInjector$UsingReflection$Dispatcher$Initializable.class DONE
/org/apache/lucene/index/FreqProxFields$FreqProxTermsEnum$1.class starting
/org/bouncycastle/pqc/jcajce/provider/falcon/SignatureSpi$Base.class DONE
/org/apache/lucene/util/ModuleResourceLoader.class DONE
/org/apache/lucene/index/FreqProxFields$FreqProxTermsEnum$1.class DONE
/com/google/common/collect/MultimapBuilder$2.class starting
/com/google/common/collect/MultimapBuilder$2.class DONE
/com/google/common/base/Platform.class starting
/com/google/common/base/Platform.class DONE
/org/bouncycastle/jcajce/provider/asymmetric/rsa/PSSSignatureSpi$SHA512withRSA.class starting
/org/bouncycastle/jcajce/provider/asymmetric/rsa/PSSSignatureSpi$SHA512withRSA.class DONE
/com/google/common/net/HttpHeaders.class starting
/com/google/common/net/HttpHeaders.class DONE
/org/bouncycastle/pqc/crypto/falcon/FalconSmallPrime.class starting
/org/bouncycastle/pqc/crypto/falcon/FalconSmallPrime.class DONE
/net/bytebuddy/implementation/bind/annotation/Morph$Binder$RedirectionProxy$InstanceFieldConstructor$Appender.class starting
/net/bytebuddy/implementation/bind/annotation/Morph$Binder$RedirectionProxy$InstanceFieldConstructor$Appender.class DONE
/net/bytebuddy/implementation/InvocationHandlerAdapter.class starting
/net/bytebuddy/implementation/InvocationHandlerAdapter.class DONE
/org/bouncycastle/crypto/modes/NISTCTSBlockCipher.class starting
/org/bouncycastle/crypto/modes/NISTCTSBlockCipher.class DONE
/org/bouncycastle/jcajce/provider/digest/Skein$HMacKeyGenerator_512_384.class starting
/org/bouncycastle/jcajce/provider/digest/Skein$HMacKeyGenerator_512_384.class DONE
/org/bouncycastle/pqc/legacy/crypto/mceliece/McEliecePrivateKeyParameters.class starting
/org/bouncycastle/pqc/legacy/crypto/mceliece/McEliecePrivateKeyParameters.class DONE
/org/bouncycastle/x509/X509CRLStoreSelector.class starting
/net/bytebuddy/implementation/HashCodeMethod$ValueTransformer$7.class starting
/net/bytebuddy/implementation/HashCodeMethod$ValueTransformer$7.class DONE
/org/bouncycastle/jcajce/provider/digest/Whirlpool$KeyGenerator.class starting
/org/bouncycastle/jcajce/provider/digest/Whirlpool$KeyGenerator.class DONE
/org/apache/lucene/util/fst/Util$FSTPath.class starting
/org/apache/lucene/util/fst/Util$FSTPath.class DONE
/org/apache/lucene/search/LongValuesSource$LongValuesComparatorSource.class starting
/org/apache/lucene/search/LongValuesSource$LongValuesComparatorSource.class DONE
/org/bouncycastle/pqc/crypto/util/PublicKeyFactory$LMSConverter.class starting
/org/bouncycastle/pqc/crypto/util/PublicKeyFactory$LMSConverter.class DONE
/org/bouncycastle/crypto/util/SSHNamedCurves$3.class starting
/org/bouncycastle/crypto/util/SSHNamedCurves$3.class DONE
/com/google/common/io/LineProcessor.class starting
/com/google/common/io/LineProcessor.class DONE
/net/bytebuddy/description/type/TypeDescription$Generic$OfParameterizedType$Latent.class starting
/net/bytebuddy/description/type/TypeDescription$Generic$OfParameterizedType$Latent.class DONE
/org/bouncycastle/pqc/legacy/math/linearalgebra/GF2Matrix.class starting
/org/bouncycastle/pqc/legacy/math/linearalgebra/GF2Matrix.class DONE
/com/google/common/cache/LongAddables.class starting
/com/google/common/cache/LongAddables.class DONE
/org/bouncycastle/jcajce/provider/symmetric/HC128$KeyGen.class starting
/org/bouncycastle/jcajce/provider/symmetric/HC128$KeyGen.class DONE
/org/bouncycastle/jcajce/provider/symmetric/CAST5$CBC.class starting
/org/bouncycastle/jcajce/provider/symmetric/CAST5$CBC.class DONE
/org/bouncycastle/pqc/crypto/xmss/XMSSMTPrivateKeyParameters$Builder.class starting
/org/bouncycastle/pqc/crypto/xmss/XMSSMTPrivateKeyParameters$Builder.class DONE
/org/bouncycastle/jcajce/provider/asymmetric/ec/KeyAgreementSpi$DHUwithSHA224KDF.class starting
/org/bouncycastle/jcajce/provider/asymmetric/ec/KeyAgreementSpi$DHUwithSHA224KDF.class DONE
/org/apache/lucene/index/SortedNumericDocValuesWriter.class starting
/org/apache/lucene/index/SortedNumericDocValuesWriter.class DONE
/org/apache/lucene/document/FloatPoint$2.class starting
/org/apache/lucene/document/FloatPoint$2.class DONE
/org/bouncycastle/pqc/math/ntru/parameters/NTRUHPS2048509.class starting
/org/bouncycastle/pqc/math/ntru/parameters/NTRUHPS2048509.class DONE
/net/bytebuddy/implementation/bytecode/ByteCodeAppender$Compound.class starting
/net/bytebuddy/implementation/bytecode/ByteCodeAppender$Compound.class DONE
/com/google/common/collect/Maps$AsMapView$1EntrySetImpl.class starting
/com/google/common/collect/Maps$AsMapView$1EntrySetImpl.class DONE
/org/apache/lucene/search/TopDocsCollector.class starting
/org/apache/lucene/search/TopDocsCollector.class DONE
/net/bytebuddy/asm/Advice$Dispatcher$Resolved$AbstractBase.class starting
/net/bytebuddy/asm/Advice$Dispatcher$Resolved$AbstractBase.class DONE
/org/bouncycastle/jcajce/provider/asymmetric/ec/BCECPrivateKey.class starting
/org/bouncycastle/math/ec/custom/sec/SecP384R1FieldElement.class starting
/org/bouncycastle/math/ec/custom/sec/SecP384R1FieldElement.class DONE
/org/bouncycastle/crypto/engines/SparkleEngine$1.class starting
/org/bouncycastle/crypto/engines/SparkleEngine$1.class DONE
/org/bouncycastle/asn1/sec/SECNamedCurves$17.class starting
/org/bouncycastle/asn1/sec/SECNamedCurves$17.class DONE
/com/google/common/collect/AbstractMapBasedMultiset$2$1.class starting
/com/google/common/collect/AbstractMapBasedMultiset$2$1.class DONE
/net/bytebuddy/asm/Advice$OffsetMapping.class starting
/net/bytebuddy/asm/Advice$OffsetMapping.class DONE
/org/bouncycastle/asn1/ASN1ObjectDescriptor$1.class starting
/org/bouncycastle/asn1/ASN1ObjectDescriptor$1.class DONE
/net/bytebuddy/implementation/bind/annotation/AllArguments.class starting
/net/bytebuddy/implementation/bind/annotation/AllArguments.class DONE
/com/google/common/cache/LocalCache$EntryFactory$2.class starting
/com/google/common/cache/LocalCache$EntryFactory$2.class DONE
/org/apache/lucene/search/ImpactsDISI.class starting
/org/apache/lucene/search/ImpactsDISI.class DONE
/net/bytebuddy/build/EntryPoint$Default.class starting
/net/bytebuddy/build/EntryPoint$Default.class DONE
/org/apache/lucene/search/similarities/MultiSimilarity.class starting
/org/apache/lucene/search/similarities/MultiSimilarity.class DONE
/org/apache/lucene/document/LatLonPointDistanceQuery.class starting
/org/apache/lucene/document/LatLonPointDistanceQuery.class DONE
/com/google/common/util/concurrent/AbstractFuture$Listener.class starting
/com/google/common/util/concurrent/AbstractFuture$Listener.class DONE
/net/bytebuddy/dynamic/VisibilityBridgeStrategy$Default$2.class starting
/net/bytebuddy/dynamic/VisibilityBridgeStrategy$Default$2.class DONE
/org/apache/lucene/index/TermVectorsConsumerPerField$TermVectorsPostingsArray.class starting
/org/apache/lucene/index/TermVectorsConsumerPerField$TermVectorsPostingsArray.class DONE
/org/apache/lucene/internal/hppc/LongIntHashMap$LongIntCursor.class starting
/org/apache/lucene/internal/hppc/LongIntHashMap$LongIntCursor.class DONE
/org/apache/lucene/codecs/lucene90/Lucene90PointsFormat.class starting
/org/apache/lucene/codecs/lucene90/Lucene90PointsFormat.class DONE
/org/apache/lucene/util/automaton/MinimizationOperations$IntPair.class starting
/org/apache/lucene/util/automaton/MinimizationOperations$IntPair.class DONE
/com/google/common/hash/Hashing.class starting
/com/google/common/hash/Hashing.class DONE
/org/bouncycastle/jcajce/spec/SkeinParameterSpec.class starting
/org/bouncycastle/jcajce/spec/SkeinParameterSpec.class DONE
/net/bytebuddy/agent/builder/AgentBuilder$RedefinitionStrategy$Listener$Adapter.class starting
/net/bytebuddy/agent/builder/AgentBuilder$RedefinitionStrategy$Listener$Adapter.class DONE
/net/bytebuddy/jar/asm/RecordComponentWriter.class starting
/net/bytebuddy/jar/asm/RecordComponentWriter.class DONE
/com/google/common/collect/Multisets$4.class starting
/com/google/common/collect/Multisets$4.class DONE
/org/apache/lucene/index/BaseTermsEnum$1.class starting
/org/apache/lucene/index/BaseTermsEnum$1.class DONE
/net/bytebuddy/utility/dispatcher/JavaDispatcher$Dispatcher.class starting
/net/bytebuddy/utility/dispatcher/JavaDispatcher$Dispatcher.class DONE
/org/bouncycastle/asn1/ocsp/OCSPRequest.class starting
/org/bouncycastle/asn1/ocsp/OCSPRequest.class DONE
/org/apache/lucene/codecs/KnnVectorsWriter$ByteVectorValuesSub.class starting
/org/apache/lucene/codecs/KnnVectorsWriter$ByteVectorValuesSub.class DONE
/net/bytebuddy/asm/ClassVisitorFactory$FrameTranslator.class starting
/net/bytebuddy/asm/ClassVisitorFactory$FrameTranslator.class DONE
/com/google/common/collect/TreeTraverser.class starting
/com/google/common/collect/TreeTraverser.class DONE
/org/bouncycastle/jcajce/provider/asymmetric/CompositeSignatures.class starting
/org/bouncycastle/jcajce/provider/asymmetric/CompositeSignatures.class DONE
/org/bouncycastle/jcajce/BCFKSLoadStoreParameter$SignatureAlgorithm.class starting
/org/bouncycastle/jcajce/BCFKSLoadStoreParameter$SignatureAlgorithm.class DONE
/com/google/common/graph/AbstractBaseGraph$1.class starting
/com/google/common/graph/AbstractBaseGraph$1.class DONE
/net/bytebuddy/implementation/bytecode/member/FieldAccess$AccessDispatcher$FieldPutInstruction.class starting
/net/bytebuddy/implementation/bytecode/member/FieldAccess$AccessDispatcher$FieldPutInstruction.class DONE
/org/apache/lucene/index/ConcurrentMergeScheduler.class starting
/org/apache/lucene/index/ConcurrentMergeScheduler.class DONE
/org/bouncycastle/pqc/asn1/PQCObjectIdentifiers.class starting
/org/bouncycastle/pqc/asn1/PQCObjectIdentifiers.class DONE
/org/bouncycastle/jcajce/provider/digest/SHA3$Mappings.class starting
/org/bouncycastle/jcajce/provider/digest/SHA3$Mappings.class DONE
/com/google/common/collect/CollectSpliterators.class starting
/com/google/common/collect/CollectSpliterators.class DONE
/net/bytebuddy/agent/builder/AgentBuilder$PoolStrategy$Default.class starting
/net/bytebuddy/agent/builder/AgentBuilder$PoolStrategy$Default.class DONE
/net/bytebuddy/asm/Advice$AssignReturned$ToReturned$Handler.class starting
/net/bytebuddy/asm/Advice$AssignReturned$ToReturned$Handler.class DONE
/org/bouncycastle/x509/X509CRLStoreSelector.class DONE
/org/bouncycastle/jcajce/provider/asymmetric/ec/BCECPrivateKey.class DONE
/org/apache/lucene/document/XYShapeDocValues.class starting
/org/apache/lucene/document/XYShapeDocValues.class DONE
/org/bouncycastle/pqc/crypto/xmss/XMSSMTPrivateKeyParameters$Builder.class starting
/org/bouncycastle/jce/provider/RFC3280CertPathUtilities.class starting
/org/bouncycastle/math/ec/custom/sec/SecP384R1FieldElement.class starting
/org/apache/lucene/document/XYShapeDocValues.class starting
/org/bouncycastle/jcajce/provider/asymmetric/ec/BCECPrivateKey.class starting
/org/bouncycastle/jcajce/provider/asymmetric/rsa/PSSSignatureSpi$SHA512withRSA.class starting
/org/apache/lucene/document/LatLonPointDistanceQuery.class starting
/org/bouncycastle/math/ec/custom/gm/SM2P256V1FieldElement.class starting
/org/apache/lucene/document/LatLonPointDistanceQuery.class DONE
/org/bouncycastle/jcajce/provider/asymmetric/rsa/PSSSignatureSpi$SHA512withRSA.class DONE
/org/bouncycastle/jcajce/provider/asymmetric/ec/BCECPrivateKey.class DONE
/org/bouncycastle/pqc/crypto/xmss/XMSSMTPrivateKeyParameters$Builder.class DONE
/org/bouncycastle/math/ec/custom/gm/SM2P256V1FieldElement.class DONE
/org/apache/lucene/document/XYShapeDocValues.class DONE
/org/bouncycastle/math/ec/custom/sec/SecP384R1FieldElement.class DONE
/org/bouncycastle/jce/provider/RFC3280CertPathUtilities.class DONE
Could not read file /com/google/common/collect/DenseImmutableTable.class
Could not read file /org/apache/lucene/document/ShapeDocValues.class
Could not read file /org/apache/lucene/index/MergeRateLimiter.class
*****
{
  "olly": {
    "version": 2,
    "wall_time": 155.2,
    "cpu_time": 2009.77,
    "gc_time": 118.42,
    "gc_overhead": 5.89,
    "max_rss_kb": 4217592,
    "domain_stats": {
      "0": {
        "wall_time": 155.2,
        "gc_time": 0.65,
        "gc_overhead": 0.42
      },
      "1": {
        "wall_time": 154.57,
        "gc_time": 8.63,
        "gc_overhead": 5.58
      },
      "2": {
        "wall_time": 154.58,
        "gc_time": 16.49,
        "gc_overhead": 10.67
      },
      "3": {
        "wall_time": 154.55,
        "gc_time": 12.54,
        "gc_overhead": 8.11
      },
      "4": {
        "wall_time": 154.54,
        "gc_time": 8.19,
        "gc_overhead": 5.3
      },
      "5": {
        "wall_time": 154.54,
        "gc_time": 9.47,
        "gc_overhead": 6.12
      },
      "6": {
        "wall_time": 154.54,
        "gc_time": 12.35,
        "gc_overhead": 7.99
      },
      "7": {
        "wall_time": 154.54,
        "gc_time": 7.93,
        "gc_overhead": 5.13
      },
      "8": {
        "wall_time": 154.52,
        "gc_time": 9.94,
        "gc_overhead": 6.43
      },
      "9": {
        "wall_time": 154.54,
        "gc_time": 8.4,
        "gc_overhead": 5.43
      },
      "10": {
        "wall_time": 154.56,
        "gc_time": 7.62,
        "gc_overhead": 4.93
      },
      "11": {
        "wall_time": 154.55,
        "gc_time": 8.07,
        "gc_overhead": 5.22
      },
      "12": {
        "wall_time": 154.54,
        "gc_time": 8.15,
        "gc_overhead": 5.27
      }
    },
    "mean_latency": 4.085144,
    "stddev_latency": 7.827755,
    "min_latency": 0.0,
    "max_latency": 86.310911,
    "distr_latency": {
      "25.0000": 0.001223,
      "50.0000": 0.001887,
      "60.0000": 0.003079,
      "70.0000": 0.761855,
      "75.0000": 4.102143,
      "80.0000": 8.749055,
      "85.0000": 13.443071,
      "90.0000": 17.088511,
      "95.0000": 21.774335,
      "96.0000": 23.003135,
      "97.0000": 24.592383,
      "98.0000": 26.918911,
      "99.0000": 30.441471,
      "99.9000": 42.074111,
      "99.9900": 63.012863,
      "99.9990": 86.310911,
      "99.9999": 86.310911,
      "100.0000": 86.310911
    },
    "outliers": {
      "count": 0,
      "mean_latency": 0.0,
      "max_latency": 0.0
    },
    "allocations": {
      "total_heap": 54644390248,
      "minor_heap": 54756908907,
      "major_heap": 531309529,
      "promoted_words": 643828188,
      "promoted_pct": 1.18
    },
    "domain_alloc_stats": {
      "0": {
        "total": 32277849,
        "minor": 13150048,
        "promoted": 8064215,
        "major": 27192016,
        "promoted_pct": 61.32
      },
      "1": {
        "total": 2733962543,
        "minor": 2739635042,
        "promoted": 40053915,
        "major": 34381416,
        "promoted_pct": 1.46
      },
      "2": {
        "total": 10988685516,
        "minor": 11013764971,
        "promoted": 102516353,
        "major": 77436898,
        "promoted_pct": 0.93
      },
      "3": {
        "total": 6293634010,
        "minor": 6311366146,
        "promoted": 72110510,
        "major": 54378374,
        "promoted_pct": 1.14
      },
      "4": {
        "total": 2681477244,
        "minor": 2688693464,
        "promoted": 38810311,
        "major": 31594091,
        "promoted_pct": 1.44
      },
      "5": {
        "total": 3636550783,
        "minor": 3646362516,
        "promoted": 53101183,
        "major": 43289450,
        "promoted_pct": 1.46
      },
      "6": {
        "total": 9648601824,
        "minor": 9660214559,
        "promoted": 60111894,
        "major": 48499159,
        "promoted_pct": 0.62
      },
      "7": {
        "total": 2914640253,
        "minor": 2919197822,
        "promoted": 42025531,
        "major": 37467962,
        "promoted_pct": 1.44
      },
      "8": {
        "total": 4317538025,
        "minor": 4330911363,
        "promoted": 63968278,
        "major": 50594940,
        "promoted_pct": 1.48
      },
      "9": {
        "total": 2967133772,
        "minor": 2973938989,
        "promoted": 40866781,
        "major": 34061564,
        "promoted_pct": 1.37
      },
      "10": {
        "total": 2690120629,
        "minor": 2702019884,
        "promoted": 41364400,
        "major": 29465145,
        "promoted_pct": 1.53
      },
      "11": {
        "total": 2824183729,
        "minor": 2831385162,
        "promoted": 47058734,
        "major": 39857301,
        "promoted_pct": 1.66
      },
      "12": {
        "total": 2915584071,
        "minor": 2926268941,
        "promoted": 33776083,
        "major": 23091213,
        "promoted_pct": 1.15
      }
    },
    "collections": {
      "minor": 1569,
      "major": 22,
      "forced_major": 0,
      "compactions": 0
    },
    "stats_reliable": true
  },
  "perf": [
    {
      "counter-value": "303552.988138",
      "unit": "msec",
      "event": "task-clock",
      "event-runtime": 303552988138,
      "pcnt-running": 100.0,
      "metric-value": "1.943337",
      "metric-unit": "CPUs utilized"
    },
    {
      "counter-value": "1031100.000000",
      "unit": "",
      "event": "page-faults",
      "event-runtime": 303552984170,
      "pcnt-running": 100.0,
      "metric-value": "3.396771",
      "metric-unit": "K/sec"
    },
    {
      "counter-value": "999331359724.000000",
      "unit": "",
      "event": "cycles",
      "event-runtime": 303552981891,
      "pcnt-running": 100.0,
      "metric-value": "3.292115",
      "metric-unit": "GHz"
    },
    {
      "counter-value": "1257464251295.000000",
      "unit": "",
      "event": "instructions",
      "event-runtime": 303552975825,
      "pcnt-running": 100.0,
      "metric-value": "1.258306",
      "metric-unit": "insn per cycle"
    }
  ]
}
-----
mkdir -p PLOTTY_WORKAROUND; timedrun; OCAMLRUNPARAM="s=262144,o=120,e=18,d=128" /home/udesou/.bench-agent/git/macro-benches/benchmarks/infer/infer_default-ocaml-5.5.0-f523850-fp
running-ng v0.3.8
Wed Sep  9 10:34:50 AM UTC 2026

 10:34:50 up 2 days, 10:28,  2 users,  load average: 7.04, 8.65, 8.81
USER     TTY      FROM             LOGIN@   IDLE   JCPU   PCPU  WHAT

procs -----------memory---------- ---swap-- -----io---- -system-- -------cpu-------
 r  b   swpd   free   buff  cache   si   so    bi    bo   in   cs us sy id wa st gu
 0  1      0 43114440 4105628 17583436    0    0    42   603 2140    3 13  0 76 11  0  0
 0  1      0 43115092 4105628 17583176    0    0     0     0 1712 3033  0  0 88 12  0  0

top - 10:34:51 up 2 days, 10:28,  2 users,  load average: 7.04, 8.65, 8.81
Tasks: 277 total,   1 running, 276 sleeping,   0 stopped,   0 zombie
%Cpu(s):  0.0 us,  1.2 sy,  0.0 ni, 87.2 id, 11.6 wa,  0.0 hi,  0.0 si,  0.0 st 
MiB Mem :  64272.5 total,  42104.6 free,   1711.3 used,  21180.5 buff/cache     
MiB Swap:   8192.0 total,   8192.0 free,      0.0 used.  62561.2 avail Mem 

    PID USER      PR  NI    VIRT    RES    SHR S  %CPU  %MEM     TIME+ COMMAND
 234679 udesou    20   0   11908   5712   3560 R   9.1   0.0   0:00.01 top -bcn 1 -w512
      1 root      20   0   22724  14128   9580 S   0.0   0.0   1:35.29 /sbin/init
      2 root      20   0       0      0      0 S   0.0   0.0   0:00.03 [kthreadd]
      3 root      20   0       0      0      0 S   0.0   0.0   0:00.00 [pool_workqueue_release]
      4 root       0 -20       0      0      0 I   0.0   0.0   0:00.00 [kworker/R-rcu_g]

Environment variables: 
	CONFIG_FILE=/home/udesou/.bench-agent/work/run-20260907-001-e1/run-20260907-001.yml
	HOME=/home/udesou
	LANG=en_US.UTF-8
	LOGNAME=udesou
	LOG_DIR=/home/udesou/.bench-agent/logs
	OLLY_DIR=/home/udesou/.bench-agent/git/olly
	PATH=/usr/local/bin:/home/udesou/.bench-agent/git/olly/_build/install/default/bin:/home/udesou/ocaml-bench-service/_opam/bin:/home/udesou/.vscode-server/data/User/globalStorage/github.copilot-chat/debugCommand:/home/udesou/.vscode-server/data/User/globalStorage/github.copilot-chat/copilotCli:/home/udesou/.vscode-server/cli/servers/Stable-08d4889f9ec4a1685d257b9b95de036c8e1ce1e5/server/bin/remote-cli:/home/udesou/.opam/running-ng-ocaml-5.5.0-f523850-fp-flambda/bin:/home/udesou/.local/bin:/home/udesou/.opam/running-ng-ocaml-5.5.0-f523850-fp-flambda/bin:/home/udesou/.local/bin:/usr/local/sbin:/usr/local/bin:/usr/sbin:/usr/bin:/sbin:/bin:/usr/games:/usr/local/games:/snap/bin
	PWD=/home/udesou/ocaml-bench-service
	PYTHONPATH=/home/udesou/.bench-agent/git/running-ng/src
	RUNNING_BENCH_DIR=/home/udesou/.bench-agent/git/macro-benches
	RUNNING_MACRO_BENCH_DIR=/home/udesou/.bench-agent/git/macro-benches
	RUNNING_NG_PACKAGE_DATA=/home/udesou/.bench-agent/git/running-ng/src/running/config
	RUNNING_REUSE_SWITCHES=1
	RUNNING_TAG=default_run,large_run
	SHELL=/bin/bash
	SHLVL=1
	TERM=screen.xterm-256color
	USER=udesou
	_=/usr/bin/python3
OS: Linux obelisk 6.8.0-139-generic #139-Ubuntu SMP PREEMPT_DYNAMIC Sat Aug  1 03:52:05 UTC 2026 x86_64 x86_64 x86_64 GNU/Linux
CPU: model name	: Intel(R) Xeon(R) CPU E5-2667 v2 @ 3.30GHz
number of cores: 8
Frequency of cpu 0: 3.30 GHz
Governor of cpu 0: performance
Scaling_min_freq of cpu 0: 1.20 GHz
Frequency of cpu 2: 3.30 GHz
Governor of cpu 2: performance
Scaling_min_freq of cpu 2: 1.20 GHz
Frequency of cpu 4: 3.30 GHz
Governor of cpu 4: performance
Scaling_min_freq of cpu 4: 1.20 GHz
Frequency of cpu 6: 3.30 GHz
Governor of cpu 6: performance
Scaling_min_freq of cpu 6: 1.20 GHz
WARNING: Failed to resolve file /com/google/common/annotations/Beta.class with "No such file or directory" 

WARNING: Failed to resolve file /com/google/common/base/Converter$IdentityConverter.class with "No such file or directory" 

WARNING: Failed to resolve file /com/google/common/base/Platform.class with "No such file or directory" 

WARNING: Failed to resolve file /com/google/common/base/Utf8.class with "No such file or directory" 

WARNING: Failed to resolve file /com/google/common/cache/LocalCache$EntryFactory$2.class with "No such file or directory" 

WARNING: Failed to resolve file /com/google/common/cache/LongAddables.class with "No such file or directory" 

WARNING: Failed to resolve file /com/google/common/collect/AbstractMapBasedMultiset$2$1.class with "No such file or directory" 

WARNING: Failed to resolve file /com/google/common/collect/CollectSpliterators.class with "No such file or directory" 

WARNING: Failed to resolve file /com/google/common/collect/DenseImmutableTable.class with "No such file or directory" 

WARNING: Failed to resolve file /com/google/common/collect/ForwardingConcurrentMap.class with "No such file or directory" 

WARNING: Failed to resolve file /com/google/common/collect/HashMultimap.class with "No such file or directory" 

WARNING: Failed to resolve file /com/google/common/collect/ImmutableMultimap$Builder.class with "No such file or directory" 

WARNING: Failed to resolve file /com/google/common/collect/ImmutableSortedSet$1.class with "No such file or directory" 

WARNING: Failed to resolve file /com/google/common/collect/JdkBackedImmutableMap.class with "No such file or directory" 

WARNING: Failed to resolve file /com/google/common/collect/MapMakerInternalMap$EntrySet.class with "No such file or directory" 

WARNING: Failed to resolve file /com/google/common/collect/Maps$AsMapView$1EntrySetImpl.class with "No such file or directory" 

WARNING: Failed to resolve file /com/google/common/collect/MultimapBuilder$2.class with "No such file or directory" 

WARNING: Failed to resolve file /com/google/common/collect/Multisets$4.class with "No such file or directory" 

WARNING: Failed to resolve file /com/google/common/collect/RegularImmutableMap$Values.class with "No such file or directory" 

WARNING: Failed to resolve file /com/google/common/collect/SortedLists$KeyAbsentBehavior$2.class with "No such file or directory" 

WARNING: Failed to resolve file /com/google/common/collect/Streams$DoubleFunctionWithIndex.class with "No such file or directory" 

WARNING: Failed to resolve file /com/google/common/collect/TransformedListIterator.class with "No such file or directory" 

WARNING: Failed to resolve file /com/google/common/collect/TreeTraverser.class with "No such file or directory" 

WARNING: Failed to resolve file /com/google/common/graph/AbstractBaseGraph$1.class with "No such file or directory" 

WARNING: Failed to resolve file /com/google/common/graph/GraphBuilder.class with "No such file or directory" 

WARNING: Failed to resolve file /com/google/common/graph/ValueGraph.class with "No such file or directory" 

WARNING: Failed to resolve file /com/google/common/hash/Hashing.class with "No such file or directory" 

WARNING: Failed to resolve file /com/google/common/io/BaseEncoding.class with "No such file or directory" 

WARNING: Failed to resolve file /com/google/common/io/LineProcessor.class with "No such file or directory" 

WARNING: Failed to resolve file /com/google/common/net/HttpHeaders.class with "No such file or directory" 

WARNING: Failed to resolve file /com/google/common/primitives/Shorts$ShortConverter.class with "No such file or directory" 

WARNING: Failed to resolve file /com/google/common/reflect/TypeToken$Bounds.class with "No such file or directory" 

WARNING: Failed to resolve file /com/google/common/util/concurrent/AbstractFuture$Listener.class with "No such file or directory" 

WARNING: Failed to resolve file /com/google/common/util/concurrent/AggregateFutureState.class with "No such file or directory" 

WARNING: Failed to resolve file /com/google/common/util/concurrent/ForwardingCheckedFuture$SimpleForwardingCheckedFuture.class with "No such file or directory" 

WARNING: Failed to resolve file /com/google/common/util/concurrent/Monitor$Guard.class with "No such file or directory" 

WARNING: Failed to resolve file /com/google/common/util/concurrent/SimpleTimeLimiter$1.class with "No such file or directory" 

WARNING: Failed to resolve file /net/bytebuddy/ByteBuddy$RecordConstructorStrategy.class with "No such file or directory" 

WARNING: Failed to resolve file /net/bytebuddy/agent/builder/AgentBuilder$Default$NativeMethodStrategy$ForPrefix.class with "No such file or directory" 

WARNING: Failed to resolve file /net/bytebuddy/agent/builder/AgentBuilder$InstallationListener$Compound.class with "No such file or directory" 

WARNING: Failed to resolve file /net/bytebuddy/agent/builder/AgentBuilder$PoolStrategy$Default.class with "No such file or directory" 

WARNING: Failed to resolve file /net/bytebuddy/agent/builder/AgentBuilder$RedefinitionStrategy$Listener$Adapter.class with "No such file or directory" 

WARNING: Failed to resolve file /net/bytebuddy/agent/builder/package-info.class with "No such file or directory" 

WARNING: Failed to resolve file /net/bytebuddy/asm/Advice$AssignReturned$ToReturned$Handler.class with "No such file or directory" 

WARNING: Failed to resolve file /net/bytebuddy/asm/Advice$Dispatcher$Resolved$AbstractBase.class with "No such file or directory" 

WARNING: Failed to resolve file /net/bytebuddy/asm/Advice$OffsetMapping$ForInstrumentedMethod$2.class with "No such file or directory" 

WARNING: Failed to resolve file /net/bytebuddy/asm/Advice$OffsetMapping.class with "No such file or directory" 

WARNING: Failed to resolve file /net/bytebuddy/asm/ClassVisitorFactory$FrameTranslator.class with "No such file or directory" 

WARNING: Failed to resolve file /net/bytebuddy/asm/MemberSubstitution$TypePoolResolver$OfImplicitPool.class with "No such file or directory" 

WARNING: Failed to resolve file /net/bytebuddy/build/EntryPoint$Default.class with "No such file or directory" 

WARNING: Failed to resolve file /net/bytebuddy/build/Plugin$Engine$Listener$StreamWriting.class with "No such file or directory" 

WARNING: Failed to resolve file /net/bytebuddy/build/Plugin$Factory$UsingReflection$Instantiator$Unresolved.class with "No such file or directory" 

WARNING: Failed to resolve file /net/bytebuddy/description/annotation/AnnotationDescription.class with "No such file or directory" 

WARNING: Failed to resolve file /net/bytebuddy/description/annotation/AnnotationValue$Loaded$AbstractBase$ForUnresolvedProperty.class with "No such file or directory" 

WARNING: Failed to resolve file /net/bytebuddy/description/method/MethodList$Explicit.class with "No such file or directory" 

WARNING: Failed to resolve file /net/bytebuddy/description/modifier/SynchronizationState.class with "No such file or directory" 

WARNING: Failed to resolve file /net/bytebuddy/description/type/TypeDescription$Generic$AnnotationReader$Delegator$ForLoadedTypeVariable.class with "No such file or directory" 

WARNING: Failed to resolve file /net/bytebuddy/description/type/TypeDescription$Generic$OfParameterizedType$Latent.class with "No such file or directory" 

WARNING: Failed to resolve file /net/bytebuddy/description/type/TypeDescription$Latent.class with "No such file or directory" 

WARNING: Failed to resolve file /net/bytebuddy/dynamic/ClassFileLocator$ForModuleFile.class with "No such file or directory" 

WARNING: Failed to resolve file /net/bytebuddy/dynamic/DynamicType$Builder$MethodDefinition$ParameterDefinition$Simple$Annotatable$AbstractBase.class with "No such file or directory" 

WARNING: Failed to resolve file /net/bytebuddy/dynamic/VisibilityBridgeStrategy$Default$2.class with "No such file or directory" 

WARNING: Failed to resolve file /net/bytebuddy/dynamic/loading/ClassInjector$UsingReflection$Dispatcher$Initializable.class with "No such file or directory" 

WARNING: Failed to resolve file /net/bytebuddy/dynamic/loading/PackageDefinitionStrategy$ManifestReading.class with "No such file or directory" 

WARNING: Failed to resolve file /net/bytebuddy/dynamic/scaffold/MethodGraph$Compiler$Default$Key$Store$Entry$Initial.class with "No such file or directory" 

WARNING: Failed to resolve file /net/bytebuddy/dynamic/scaffold/TypeWriter$Default$ClassDumpAction$Dispatcher$Enabled.class with "No such file or directory" 

WARNING: Failed to resolve file /net/bytebuddy/dynamic/scaffold/TypeWriter$MethodPool$Record$AccessBridgeWrapper.class with "No such file or directory" 

WARNING: Failed to resolve file /net/bytebuddy/dynamic/scaffold/subclass/SubclassImplementationTarget$OriginTypeResolver$1.class with "No such file or directory" 

WARNING: Failed to resolve file /net/bytebuddy/implementation/FieldAccessor$FieldLocation.class with "No such file or directory" 

WARNING: Failed to resolve file /net/bytebuddy/implementation/HashCodeMethod$ValueTransformer$7.class with "No such file or directory" 

WARNING: Failed to resolve file /net/bytebuddy/implementation/InvocationHandlerAdapter.class with "No such file or directory" 

WARNING: Failed to resolve file /net/bytebuddy/implementation/InvokeDynamic$WithImplicitArguments.class with "No such file or directory" 

WARNING: Failed to resolve file /net/bytebuddy/implementation/MethodCall$MethodInvoker.class with "No such file or directory" 

WARNING: Failed to resolve file /net/bytebuddy/implementation/MethodDelegation.class with "No such file or directory" 

WARNING: Failed to resolve file /net/bytebuddy/implementation/attribute/AnnotationValueFilter$Factory.class with "No such file or directory" 

WARNING: Failed to resolve file /net/bytebuddy/implementation/auxiliary/TypeProxy$1.class with "No such file or directory" 

WARNING: Failed to resolve file /net/bytebuddy/implementation/bind/annotation/AllArguments.class with "No such file or directory" 

WARNING: Failed to resolve file /net/bytebuddy/implementation/bind/annotation/Morph$Binder$RedirectionProxy$InstanceFieldConstructor$Appender.class with "No such file or directory" 

WARNING: Failed to resolve file /net/bytebuddy/implementation/bytecode/ByteCodeAppender$Compound.class with "No such file or directory" 

WARNING: Failed to resolve file /net/bytebuddy/implementation/bytecode/assign/reference/GenericTypeAwareAssigner$IsAssignableToVisitor$OfGenericArray.class with "No such file or directory" 

WARNING: Failed to resolve file /net/bytebuddy/implementation/bytecode/member/FieldAccess$AccessDispatcher$FieldPutInstruction.class with "No such file or directory" 

WARNING: Failed to resolve file /net/bytebuddy/jar/asm/RecordComponentWriter.class with "No such file or directory" 

WARNING: Failed to resolve file /net/bytebuddy/matcher/FilterableList.class with "No such file or directory" 

WARNING: Failed to resolve file /net/bytebuddy/matcher/TypeSortMatcher.class with "No such file or directory" 

WARNING: Failed to resolve file /net/bytebuddy/pool/TypePool$Default$LazyTypeDescription$AnnotationToken.class with "No such file or directory" 

WARNING: Failed to resolve file /net/bytebuddy/pool/TypePool$Default$LazyTypeDescription$LazyMethodDescription$LazyParameterizedReceiverType$TypeArgumentList$AnnotatedTypeVariable.class with "No such file or directory" 

WARNING: Failed to resolve file /net/bytebuddy/utility/FileSystem$ForNio2CapableVm$StandardCopyOption.class with "No such file or directory" 

WARNING: Failed to resolve file /net/bytebuddy/utility/dispatcher/JavaDispatcher$Dispatcher.class with "No such file or directory" 

WARNING: Failed to resolve file /org/apache/lucene/analysis/CharArrayMap.class with "No such file or directory" 

WARNING: Failed to resolve file /org/apache/lucene/analysis/tokenattributes/TermToBytesRefAttribute.class with "No such file or directory" 

WARNING: Failed to resolve file /org/apache/lucene/codecs/KnnVectorsWriter$ByteVectorValuesSub.class with "No such file or directory" 

WARNING: Failed to resolve file /org/apache/lucene/codecs/hnsw/DefaultFlatVectorScorer$ByteScoringSupplier$1.class with "No such file or directory" 

WARNING: Failed to resolve file /org/apache/lucene/codecs/lucene90/Lucene90DocValuesProducer$17.class with "No such file or directory" 

WARNING: Failed to resolve file /org/apache/lucene/codecs/lucene90/Lucene90PointsFormat.class with "No such file or directory" 

WARNING: Failed to resolve file /org/apache/lucene/codecs/lucene912/ForUtil.class with "No such file or directory" 

WARNING: Failed to resolve file /org/apache/lucene/codecs/lucene99/Lucene99HnswVectorsWriter$2.class with "No such file or directory" 

WARNING: Failed to resolve file /org/apache/lucene/document/BinaryPoint$1.class with "No such file or directory" 

WARNING: Failed to resolve file /org/apache/lucene/document/FloatPoint$2.class with "No such file or directory" 

WARNING: Failed to resolve file /org/apache/lucene/document/LatLonPointDistanceQuery.class with "No such file or directory" 

WARNING: Failed to resolve file /org/apache/lucene/document/ShapeField$QueryRelation.class with "No such file or directory" 

WARNING: Failed to resolve file /org/apache/lucene/document/XYShapeDocValues.class with "No such file or directory" 

WARNING: Failed to resolve file /org/apache/lucene/index/BaseTermsEnum$1.class with "No such file or directory" 

WARNING: Failed to resolve file /org/apache/lucene/index/ConcurrentMergeScheduler.class with "No such file or directory" 

WARNING: Failed to resolve file /org/apache/lucene/index/ExitableDirectoryReader$ExitableFilterAtomicReader$4.class with "No such file or directory" 

WARNING: Failed to resolve file /org/apache/lucene/index/FreqProxFields$FreqProxTermsEnum$1.class with "No such file or directory" 

WARNING: Failed to resolve file /org/apache/lucene/index/IndexWriter$DocModifier.class with "No such file or directory" 

WARNING: Failed to resolve file /org/apache/lucene/index/MultiDocValues$1.class with "No such file or directory" 

WARNING: Failed to resolve file /org/apache/lucene/index/PointValues$IntersectVisitor.class with "No such file or directory" 

WARNING: Failed to resolve file /org/apache/lucene/index/SingletonSortedSetDocValues.class with "No such file or directory" 

WARNING: Failed to resolve file /org/apache/lucene/index/SortedNumericDocValuesWriter.class with "No such file or directory" 

WARNING: Failed to resolve file /org/apache/lucene/index/TermVectorsConsumerPerField$TermVectorsPostingsArray.class with "No such file or directory" 

WARNING: Failed to resolve file /org/apache/lucene/internal/hppc/IntDoubleHashMap$EntryIterator.class with "No such file or directory" 

WARNING: Failed to resolve file /org/apache/lucene/internal/hppc/LongIntHashMap$LongIntCursor.class with "No such file or directory" 

WARNING: Failed to resolve file /org/apache/lucene/search/BlockMaxConjunctionScorer$2.class with "No such file or directory" 

WARNING: Failed to resolve file /org/apache/lucene/search/ConstantScoreQuery$1$1.class with "No such file or directory" 

WARNING: Failed to resolve file /org/apache/lucene/search/DoubleValuesSource$DoubleValuesComparatorSource$1.class with "No such file or directory" 

WARNING: Failed to resolve file /org/apache/lucene/search/ImpactsDISI.class with "No such file or directory" 

WARNING: Failed to resolve file /org/apache/lucene/search/LongValuesSource$LongValuesComparatorSource.class with "No such file or directory" 

WARNING: Failed to resolve file /org/apache/lucene/search/NamedMatches$NamedQuery.class with "No such file or directory" 

WARNING: Failed to resolve file /org/apache/lucene/search/ReqOptSumScorer.class with "No such file or directory" 

WARNING: Failed to resolve file /org/apache/lucene/search/SortedNumericSortField$5.class with "No such file or directory" 

WARNING: Failed to resolve file /org/apache/lucene/search/TopDocsCollector.class with "No such file or directory" 

WARNING: Failed to resolve file /org/apache/lucene/search/comparators/NumericComparator$NumericLeafComparator.class with "No such file or directory" 

WARNING: Failed to resolve file /org/apache/lucene/search/similarities/MultiSimilarity.class with "No such file or directory" 

WARNING: Failed to resolve file /org/apache/lucene/store/IndexInput$1.class with "No such file or directory" 

WARNING: Failed to resolve file /org/apache/lucene/util/AttributeImpl.class with "No such file or directory" 

WARNING: Failed to resolve file /org/apache/lucene/util/DocIdSetBuilder$BulkAdder.class with "No such file or directory" 

WARNING: Failed to resolve file /org/apache/lucene/util/ModuleResourceLoader.class with "No such file or directory" 

WARNING: Failed to resolve file /org/apache/lucene/util/Sorter.class with "No such file or directory" 

WARNING: Failed to resolve file /org/apache/lucene/util/automaton/MinimizationOperations$IntPair.class with "No such file or directory" 

WARNING: Failed to resolve file /org/apache/lucene/util/bkd/OfflinePointWriter.class with "No such file or directory" 

WARNING: Failed to resolve file /org/apache/lucene/util/fst/Util$FSTPath.class with "No such file or directory" 

WARNING: Failed to resolve file /org/apache/lucene/util/mutable/MutableValueDate.class with "No such file or directory" 

WARNING: Failed to resolve file /org/apache/lucene/util/packed/DirectReader$DirectPackedReader32.class with "No such file or directory" 

WARNING: Failed to resolve file /org/apache/lucene/util/packed/PackedWriter.class with "No such file or directory" 

WARNING: Failed to resolve file /org/bouncycastle/asn1/ASN1ObjectDescriptor$1.class with "No such file or directory" 

WARNING: Failed to resolve file /org/bouncycastle/asn1/BEROctetStringParser.class with "No such file or directory" 

WARNING: Failed to resolve file /org/bouncycastle/asn1/LazyEncodedSequence.class with "No such file or directory" 

WARNING: Failed to resolve file /org/bouncycastle/asn1/ocsp/OCSPRequest.class with "No such file or directory" 

WARNING: Failed to resolve file /org/bouncycastle/asn1/sec/SECNamedCurves$17.class with "No such file or directory" 

WARNING: Failed to resolve file /org/bouncycastle/asn1/x500/DirectoryString.class with "No such file or directory" 

WARNING: Failed to resolve file /org/bouncycastle/asn1/x509/NameConstraints.class with "No such file or directory" 

WARNING: Failed to resolve file /org/bouncycastle/asn1/x509/sigi/NameOrPseudonym.class with "No such file or directory" 

WARNING: Failed to resolve file /org/bouncycastle/crypto/CipherKeyGenerator.class with "No such file or directory" 

WARNING: Failed to resolve file /org/bouncycastle/crypto/StagedAgreement.class with "No such file or directory" 

WARNING: Failed to resolve file /org/bouncycastle/crypto/digests/AsconXof$1.class with "No such file or directory" 

WARNING: Failed to resolve file /org/bouncycastle/crypto/digests/ShortenedDigest.class with "No such file or directory" 

WARNING: Failed to resolve file /org/bouncycastle/crypto/ec/ECDecryptor.class with "No such file or directory" 

WARNING: Failed to resolve file /org/bouncycastle/crypto/engines/GOST3412_2015Engine.class with "No such file or directory" 

WARNING: Failed to resolve file /org/bouncycastle/crypto/engines/SparkleEngine$1.class with "No such file or directory" 

WARNING: Failed to resolve file /org/bouncycastle/crypto/generators/ElGamalParametersGenerator.class with "No such file or directory" 

WARNING: Failed to resolve file /org/bouncycastle/crypto/macs/DSTU7564Mac.class with "No such file or directory" 

WARNING: Failed to resolve file /org/bouncycastle/crypto/modes/NISTCTSBlockCipher.class with "No such file or directory" 

WARNING: Failed to resolve file /org/bouncycastle/crypto/params/DHParameters.class with "No such file or directory" 

WARNING: Failed to resolve file /org/bouncycastle/crypto/params/NaccacheSternKeyGenerationParameters.class with "No such file or directory" 

WARNING: Failed to resolve file /org/bouncycastle/crypto/prng/X931SecureRandom.class with "No such file or directory" 

WARNING: Failed to resolve file /org/bouncycastle/crypto/util/DEROtherInfo$1.class with "No such file or directory" 

WARNING: Failed to resolve file /org/bouncycastle/crypto/util/SSHNamedCurves$3.class with "No such file or directory" 

WARNING: Failed to resolve file /org/bouncycastle/jcajce/BCFKSLoadStoreParameter$SignatureAlgorithm.class with "No such file or directory" 

WARNING: Failed to resolve file /org/bouncycastle/jcajce/provider/asymmetric/CompositeSignatures.class with "No such file or directory" 

WARNING: Failed to resolve file /org/bouncycastle/jcajce/provider/asymmetric/compositesignatures/KeyPairGeneratorSpi$MLDSA65_ECDSA_brainpoolP256r1_SHA512.class with "No such file or directory" 

WARNING: Failed to resolve file /org/bouncycastle/jcajce/provider/asymmetric/dh/KeyAgreementSpi$DHwithSHA384CKDF.class with "No such file or directory" 

WARNING: Failed to resolve file /org/bouncycastle/jcajce/provider/asymmetric/ec/BCECPrivateKey.class with "No such file or directory" 

WARNING: Failed to resolve file /org/bouncycastle/jcajce/provider/asymmetric/ec/KeyAgreementSpi$DHUwithSHA224KDF.class with "No such file or directory" 

WARNING: Failed to resolve file /org/bouncycastle/jcajce/provider/asymmetric/ec/KeyPairGeneratorSpi.class with "No such file or directory" 

WARNING: Failed to resolve file /org/bouncycastle/jcajce/provider/asymmetric/ecgost12/KeyAgreementSpi$ECVKO512.class with "No such file or directory" 

WARNING: Failed to resolve file /org/bouncycastle/jcajce/provider/asymmetric/edec/KeyPairGeneratorSpi$X448.class with "No such file or directory" 

WARNING: Failed to resolve file /org/bouncycastle/jcajce/provider/asymmetric/rsa/DigestSignatureSpi$SHA3_384.class with "No such file or directory" 

WARNING: Failed to resolve file /org/bouncycastle/jcajce/provider/asymmetric/rsa/PSSSignatureSpi$SHA512withRSA.class with "No such file or directory" 

WARNING: Failed to resolve file /org/bouncycastle/jcajce/provider/asymmetric/x509/X509CRLInternal.class with "No such file or directory" 

WARNING: Failed to resolve file /org/bouncycastle/jcajce/provider/digest/GOST3411$Mappings.class with "No such file or directory" 

WARNING: Failed to resolve file /org/bouncycastle/jcajce/provider/digest/RIPEMD256$HashMac.class with "No such file or directory" 

WARNING: Failed to resolve file /org/bouncycastle/jcajce/provider/digest/SHA3$Mappings.class with "No such file or directory" 

WARNING: Failed to resolve file /org/bouncycastle/jcajce/provider/digest/Skein$HMacKeyGenerator_512_384.class with "No such file or directory" 

WARNING: Failed to resolve file /org/bouncycastle/jcajce/provider/digest/Whirlpool$KeyGenerator.class with "No such file or directory" 

WARNING: Failed to resolve file /org/bouncycastle/jcajce/provider/keystore/pkcs12/PKCS12KeyStoreSpi$1.class with "No such file or directory" 

WARNING: Failed to resolve file /org/bouncycastle/jcajce/provider/symmetric/AES$PBEWithSHA256And192BitAESBC.class with "No such file or directory" 

WARNING: Failed to resolve file /org/bouncycastle/jcajce/provider/symmetric/CAST5$CBC.class with "No such file or directory" 

WARNING: Failed to resolve file /org/bouncycastle/jcajce/provider/symmetric/DES$Mappings.class with "No such file or directory" 

WARNING: Failed to resolve file /org/bouncycastle/jcajce/provider/symmetric/DSTU7624$GCM128.class with "No such file or directory" 

WARNING: Failed to resolve file /org/bouncycastle/jcajce/provider/symmetric/HC128$KeyGen.class with "No such file or directory" 

WARNING: Failed to resolve file /org/bouncycastle/jcajce/provider/symmetric/PBEPKCS12.class with "No such file or directory" 

WARNING: Failed to resolve file /org/bouncycastle/jcajce/provider/symmetric/Rijndael.class with "No such file or directory" 

WARNING: Failed to resolve file /org/bouncycastle/jcajce/provider/symmetric/Shacal2$AlgParams.class with "No such file or directory" 

WARNING: Failed to resolve file /org/bouncycastle/jcajce/provider/symmetric/Threefish.class with "No such file or directory" 

WARNING: Failed to resolve file /org/bouncycastle/jcajce/provider/symmetric/util/BaseStreamCipher.class with "No such file or directory" 

WARNING: Failed to resolve file /org/bouncycastle/jcajce/spec/SkeinParameterSpec.class with "No such file or directory" 

WARNING: Failed to resolve file /org/bouncycastle/jce/provider/AnnotatedException.class with "No such file or directory" 

WARNING: Failed to resolve file /org/bouncycastle/jce/provider/RFC3280CertPathUtilities.class with "No such file or directory" 

WARNING: Failed to resolve file /org/bouncycastle/math/ec/ECCurve$Config.class with "No such file or directory" 

WARNING: Failed to resolve file /org/bouncycastle/math/ec/custom/gm/SM2P256V1FieldElement.class with "No such file or directory" 

WARNING: Failed to resolve file /org/bouncycastle/math/ec/custom/sec/SecP384R1FieldElement.class with "No such file or directory" 

WARNING: Failed to resolve file /org/bouncycastle/math/ec/custom/sec/SecT239K1Curve.class with "No such file or directory" 

WARNING: Failed to resolve file /org/bouncycastle/math/ec/rfc8032/Ed25519$PointTemp.class with "No such file or directory" 

WARNING: Failed to resolve file /org/bouncycastle/pqc/asn1/PQCObjectIdentifiers.class with "No such file or directory" 

WARNING: Failed to resolve file /org/bouncycastle/pqc/crypto/crystals/dilithium/DilithiumKeyPairGenerator.class with "No such file or directory" 

WARNING: Failed to resolve file /org/bouncycastle/pqc/crypto/falcon/FalconSmallPrime.class with "No such file or directory" 

WARNING: Failed to resolve file /org/bouncycastle/pqc/crypto/hqc/HQCKEMExtractor.class with "No such file or directory" 

WARNING: Failed to resolve file /org/bouncycastle/pqc/crypto/newhope/NHKeyPairGenerator.class with "No such file or directory" 

WARNING: Failed to resolve file /org/bouncycastle/pqc/crypto/picnic/PicnicEngine.class with "No such file or directory" 

WARNING: Failed to resolve file /org/bouncycastle/pqc/crypto/sphincs/SPHINCS256KeyGenerationParameters.class with "No such file or directory" 

WARNING: Failed to resolve file /org/bouncycastle/pqc/crypto/util/PublicKeyFactory$LMSConverter.class with "No such file or directory" 

WARNING: Failed to resolve file /org/bouncycastle/pqc/crypto/xmss/XMSSMTPrivateKeyParameters$Builder.class with "No such file or directory" 

WARNING: Failed to resolve file /org/bouncycastle/pqc/jcajce/interfaces/NHPublicKey.class with "No such file or directory" 

WARNING: Failed to resolve file /org/bouncycastle/pqc/jcajce/provider/SPHINCS.class with "No such file or directory" 

WARNING: Failed to resolve file /org/bouncycastle/pqc/jcajce/provider/falcon/SignatureSpi$Base.class with "No such file or directory" 

WARNING: Failed to resolve file /org/bouncycastle/pqc/jcajce/provider/mceliece/BCMcEliecePrivateKey.class with "No such file or directory" 

WARNING: Failed to resolve file /org/bouncycastle/pqc/jcajce/provider/picnic/BCPicnicPublicKey.class with "No such file or directory" 

WARNING: Failed to resolve file /org/bouncycastle/pqc/jcajce/provider/sphincsplus/SPHINCSPlusKeyPairGeneratorSpi$Shake_256f.class with "No such file or directory" 

WARNING: Failed to resolve file /org/bouncycastle/pqc/jcajce/spec/KyberParameterSpec.class with "No such file or directory" 

WARNING: Failed to resolve file /org/bouncycastle/pqc/legacy/crypto/mceliece/McEliecePrivateKeyParameters.class with "No such file or directory" 

WARNING: Failed to resolve file /org/bouncycastle/pqc/legacy/math/linearalgebra/GF2Matrix.class with "No such file or directory" 

WARNING: Failed to resolve file /org/bouncycastle/pqc/math/ntru/parameters/NTRUHPS2048509.class with "No such file or directory" 

WARNING: Failed to resolve file /org/bouncycastle/util/encoders/HexTranslator.class with "No such file or directory" 

WARNING: Failed to resolve file /org/bouncycastle/x509/X509CRLStoreSelector.class with "No such file or directory" 

Found 215 (out of 11364) source files to analyze in /home/udesou/.bench-agent/git/macro-benches/vendor/.infer-capture-ocaml-5.5.0-f523850-fp
/net/bytebuddy/asm/Advice$OffsetMapping$ForInstrumentedMethod$2.class starting
/net/bytebuddy/asm/Advice$OffsetMapping$ForInstrumentedMethod$2.class DONE
/net/bytebuddy/dynamic/DynamicType$Builder$MethodDefinition$ParameterDefinition$Simple$Annotatable$AbstractBase.class starting
/net/bytebuddy/dynamic/DynamicType$Builder$MethodDefinition$ParameterDefinition$Simple$Annotatable$AbstractBase.class DONE
/net/bytebuddy/implementation/bytecode/assign/reference/GenericTypeAwareAssigner$IsAssignableToVisitor$OfGenericArray.class starting
/net/bytebuddy/implementation/bytecode/assign/reference/GenericTypeAwareAssigner$IsAssignableToVisitor$OfGenericArray.class DONE
/org/apache/lucene/codecs/lucene912/ForUtil.class starting
/org/apache/lucene/codecs/lucene912/ForUtil.class DONE
/org/apache/lucene/document/BinaryPoint$1.class starting
/org/apache/lucene/document/BinaryPoint$1.class DONE
/org/bouncycastle/pqc/crypto/newhope/NHKeyPairGenerator.class starting
/org/bouncycastle/pqc/crypto/newhope/NHKeyPairGenerator.class DONE
/net/bytebuddy/dynamic/scaffold/MethodGraph$Compiler$Default$Key$Store$Entry$Initial.class starting
/net/bytebuddy/dynamic/scaffold/MethodGraph$Compiler$Default$Key$Store$Entry$Initial.class DONE
/org/bouncycastle/asn1/x500/DirectoryString.class starting
/org/bouncycastle/asn1/x500/DirectoryString.class DONE
/org/apache/lucene/search/BlockMaxConjunctionScorer$2.class starting
/org/apache/lucene/search/BlockMaxConjunctionScorer$2.class DONE
/org/bouncycastle/pqc/jcajce/spec/KyberParameterSpec.class starting
/org/bouncycastle/pqc/jcajce/spec/KyberParameterSpec.class DONE
/org/apache/lucene/document/XYShapeDocValues.class starting
/org/apache/lucene/document/XYShapeDocValues.class DONE
/org/bouncycastle/jcajce/provider/symmetric/AES$PBEWithSHA256And192BitAESBC.class starting
/org/bouncycastle/jcajce/provider/symmetric/AES$PBEWithSHA256And192BitAESBC.class DONE
/org/apache/lucene/index/ExitableDirectoryReader$ExitableFilterAtomicReader$4.class starting
/org/apache/lucene/index/ExitableDirectoryReader$ExitableFilterAtomicReader$4.class DONE
/org/apache/lucene/document/ShapeField$QueryRelation.class starting
/org/apache/lucene/document/ShapeField$QueryRelation.class DONE
/org/bouncycastle/asn1/x509/sigi/NameOrPseudonym.class starting
/org/apache/lucene/search/DoubleValuesSource$DoubleValuesComparatorSource$1.class starting
/org/apache/lucene/search/DoubleValuesSource$DoubleValuesComparatorSource$1.class DONE
/com/google/common/collect/ImmutableMultimap$Builder.class starting
/com/google/common/collect/ImmutableMultimap$Builder.class DONE
/com/google/common/base/Converter$IdentityConverter.class starting
/com/google/common/base/Converter$IdentityConverter.class DONE
/net/bytebuddy/agent/builder/package-info.class starting
/net/bytebuddy/agent/builder/package-info.class DONE
/org/apache/lucene/util/Sorter.class starting
/org/apache/lucene/util/Sorter.class DONE
/com/google/common/graph/ValueGraph.class starting
/com/google/common/graph/ValueGraph.class DONE
/org/bouncycastle/pqc/jcajce/provider/SPHINCS.class starting
/org/bouncycastle/pqc/jcajce/provider/SPHINCS.class DONE
/org/bouncycastle/jcajce/provider/digest/RIPEMD256$HashMac.class starting
/org/bouncycastle/jcajce/provider/digest/RIPEMD256$HashMac.class DONE
/org/bouncycastle/jcajce/provider/symmetric/DES$Mappings.class starting
/org/bouncycastle/jcajce/provider/symmetric/DES$Mappings.class DONE
/com/google/common/util/concurrent/Monitor$Guard.class starting
/com/google/common/util/concurrent/Monitor$Guard.class DONE
/net/bytebuddy/pool/TypePool$Default$LazyTypeDescription$LazyMethodDescription$LazyParameterizedReceiverType$TypeArgumentList$AnnotatedTypeVariable.class starting
/net/bytebuddy/pool/TypePool$Default$LazyTypeDescription$LazyMethodDescription$LazyParameterizedReceiverType$TypeArgumentList$AnnotatedTypeVariable.class DONE
/net/bytebuddy/build/Plugin$Factory$UsingReflection$Instantiator$Unresolved.class starting
/net/bytebuddy/build/Plugin$Factory$UsingReflection$Instantiator$Unresolved.class DONE
/org/bouncycastle/crypto/generators/ElGamalParametersGenerator.class starting
/org/bouncycastle/crypto/generators/ElGamalParametersGenerator.class DONE
/org/bouncycastle/crypto/digests/ShortenedDigest.class starting
/org/bouncycastle/crypto/digests/ShortenedDigest.class DONE
/net/bytebuddy/matcher/FilterableList.class starting
/net/bytebuddy/matcher/FilterableList.class DONE
/com/google/common/io/BaseEncoding.class starting
/com/google/common/io/BaseEncoding.class DONE
/org/bouncycastle/pqc/crypto/picnic/PicnicEngine.class starting
/org/bouncycastle/pqc/crypto/picnic/PicnicEngine.class DONE
/org/bouncycastle/jcajce/provider/symmetric/PBEPKCS12.class starting
/org/bouncycastle/jcajce/provider/symmetric/PBEPKCS12.class DONE
/org/bouncycastle/crypto/prng/X931SecureRandom.class starting
/org/bouncycastle/crypto/prng/X931SecureRandom.class DONE
/net/bytebuddy/description/modifier/SynchronizationState.class starting
/net/bytebuddy/description/modifier/SynchronizationState.class DONE
/org/apache/lucene/search/ConstantScoreQuery$1$1.class starting
/org/apache/lucene/search/ConstantScoreQuery$1$1.class DONE
/org/apache/lucene/internal/hppc/IntDoubleHashMap$EntryIterator.class starting
/org/apache/lucene/internal/hppc/IntDoubleHashMap$EntryIterator.class DONE
/org/bouncycastle/asn1/x509/NameConstraints.class starting
/org/bouncycastle/asn1/x509/NameConstraints.class DONE
/com/google/common/graph/GraphBuilder.class starting
/com/google/common/graph/GraphBuilder.class DONE
/org/bouncycastle/jcajce/provider/symmetric/Threefish.class starting
/org/bouncycastle/jcajce/provider/symmetric/Threefish.class DONE
/com/google/common/util/concurrent/SimpleTimeLimiter$1.class starting
/com/google/common/util/concurrent/SimpleTimeLimiter$1.class DONE
/net/bytebuddy/dynamic/scaffold/TypeWriter$MethodPool$Record$AccessBridgeWrapper.class starting
/net/bytebuddy/dynamic/scaffold/TypeWriter$MethodPool$Record$AccessBridgeWrapper.class DONE
/net/bytebuddy/dynamic/ClassFileLocator$ForModuleFile.class starting
/net/bytebuddy/dynamic/ClassFileLocator$ForModuleFile.class DONE
/org/apache/lucene/search/ReqOptSumScorer.class starting
/org/apache/lucene/search/ReqOptSumScorer.class DONE
/com/google/common/util/concurrent/AggregateFutureState.class starting
/com/google/common/util/concurrent/AggregateFutureState.class DONE
/com/google/common/annotations/Beta.class starting
/com/google/common/annotations/Beta.class DONE
/com/google/common/collect/DenseImmutableTable.class starting
/com/google/common/collect/DenseImmutableTable.class DONE
/org/bouncycastle/math/ec/custom/gm/SM2P256V1FieldElement.class starting
/org/bouncycastle/math/ec/custom/gm/SM2P256V1FieldElement.class DONE
/org/bouncycastle/jcajce/provider/asymmetric/dh/KeyAgreementSpi$DHwithSHA384CKDF.class starting
/org/bouncycastle/jcajce/provider/asymmetric/dh/KeyAgreementSpi$DHwithSHA384CKDF.class DONE
/org/bouncycastle/jcajce/provider/digest/GOST3411$Mappings.class starting
/org/bouncycastle/jcajce/provider/digest/GOST3411$Mappings.class DONE
/org/bouncycastle/pqc/jcajce/provider/sphincsplus/SPHINCSPlusKeyPairGeneratorSpi$Shake_256f.class starting
/org/bouncycastle/pqc/jcajce/provider/sphincsplus/SPHINCSPlusKeyPairGeneratorSpi$Shake_256f.class DONE
/org/bouncycastle/jcajce/provider/symmetric/util/BaseStreamCipher.class starting
/org/bouncycastle/jcajce/provider/symmetric/util/BaseStreamCipher.class DONE
/net/bytebuddy/implementation/auxiliary/TypeProxy$1.class starting
/net/bytebuddy/implementation/auxiliary/TypeProxy$1.class DONE
/com/google/common/collect/ImmutableSortedSet$1.class starting
/com/google/common/collect/ImmutableSortedSet$1.class DONE
/net/bytebuddy/pool/TypePool$Default$LazyTypeDescription$AnnotationToken.class starting
/net/bytebuddy/pool/TypePool$Default$LazyTypeDescription$AnnotationToken.class DONE
/org/apache/lucene/index/SingletonSortedSetDocValues.class starting
/org/apache/lucene/index/SingletonSortedSetDocValues.class DONE
/org/bouncycastle/pqc/crypto/crystals/dilithium/DilithiumKeyPairGenerator.class starting
/org/bouncycastle/pqc/crypto/crystals/dilithium/DilithiumKeyPairGenerator.class DONE
/org/bouncycastle/math/ec/rfc8032/Ed25519$PointTemp.class starting
/org/bouncycastle/math/ec/rfc8032/Ed25519$PointTemp.class DONE
/org/bouncycastle/jce/provider/RFC3280CertPathUtilities.class starting
/org/bouncycastle/jce/provider/RFC3280CertPathUtilities.class DONE
/net/bytebuddy/build/Plugin$Engine$Listener$StreamWriting.class starting
/net/bytebuddy/build/Plugin$Engine$Listener$StreamWriting.class DONE
/org/bouncycastle/crypto/macs/DSTU7564Mac.class starting
/org/bouncycastle/crypto/macs/DSTU7564Mac.class DONE
/org/bouncycastle/jcajce/provider/asymmetric/ec/KeyPairGeneratorSpi.class starting
/org/bouncycastle/jcajce/provider/asymmetric/ec/KeyPairGeneratorSpi.class DONE
/net/bytebuddy/implementation/MethodCall$MethodInvoker.class starting
/net/bytebuddy/implementation/MethodCall$MethodInvoker.class DONE
/net/bytebuddy/ByteBuddy$RecordConstructorStrategy.class starting
/net/bytebuddy/ByteBuddy$RecordConstructorStrategy.class DONE
/org/bouncycastle/jcajce/provider/asymmetric/x509/X509CRLInternal.class starting
/org/bouncycastle/jcajce/provider/asymmetric/x509/X509CRLInternal.class DONE
/org/bouncycastle/jcajce/provider/asymmetric/rsa/DigestSignatureSpi$SHA3_384.class starting
/org/bouncycastle/jcajce/provider/asymmetric/rsa/DigestSignatureSpi$SHA3_384.class DONE
/com/google/common/collect/RegularImmutableMap$Values.class starting
/com/google/common/collect/RegularImmutableMap$Values.class DONE
/org/apache/lucene/index/MultiDocValues$1.class starting
/org/apache/lucene/index/MultiDocValues$1.class DONE
/net/bytebuddy/asm/MemberSubstitution$TypePoolResolver$OfImplicitPool.class starting
/net/bytebuddy/asm/MemberSubstitution$TypePoolResolver$OfImplicitPool.class DONE
/net/bytebuddy/description/type/TypeDescription$Generic$AnnotationReader$Delegator$ForLoadedTypeVariable.class starting
/net/bytebuddy/description/type/TypeDescription$Generic$AnnotationReader$Delegator$ForLoadedTypeVariable.class DONE
/org/bouncycastle/crypto/CipherKeyGenerator.class starting
/org/bouncycastle/crypto/CipherKeyGenerator.class DONE
/org/apache/lucene/codecs/lucene99/Lucene99HnswVectorsWriter$2.class starting
/org/apache/lucene/codecs/lucene99/Lucene99HnswVectorsWriter$2.class DONE
/org/bouncycastle/jcajce/provider/symmetric/DSTU7624$GCM128.class starting
/org/bouncycastle/jcajce/provider/symmetric/DSTU7624$GCM128.class DONE
/org/apache/lucene/util/AttributeImpl.class starting
/org/apache/lucene/util/AttributeImpl.class DONE
/org/apache/lucene/codecs/lucene90/Lucene90DocValuesProducer$17.class starting
/org/apache/lucene/codecs/lucene90/Lucene90DocValuesProducer$17.class DONE
/org/apache/lucene/search/comparators/NumericComparator$NumericLeafComparator.class starting
/org/apache/lucene/search/comparators/NumericComparator$NumericLeafComparator.class DONE
/org/apache/lucene/util/packed/PackedWriter.class starting
/org/apache/lucene/util/packed/PackedWriter.class DONE
/com/google/common/primitives/Shorts$ShortConverter.class starting
/com/google/common/primitives/Shorts$ShortConverter.class DONE
/org/bouncycastle/pqc/crypto/hqc/HQCKEMExtractor.class starting
/org/bouncycastle/pqc/crypto/hqc/HQCKEMExtractor.class DONE
/org/apache/lucene/codecs/hnsw/DefaultFlatVectorScorer$ByteScoringSupplier$1.class starting
/org/apache/lucene/codecs/hnsw/DefaultFlatVectorScorer$ByteScoringSupplier$1.class DONE
/net/bytebuddy/implementation/attribute/AnnotationValueFilter$Factory.class starting
/net/bytebuddy/implementation/attribute/AnnotationValueFilter$Factory.class DONE
/org/apache/lucene/analysis/tokenattributes/TermToBytesRefAttribute.class starting
/org/apache/lucene/analysis/tokenattributes/TermToBytesRefAttribute.class DONE
/org/bouncycastle/crypto/StagedAgreement.class starting
/org/bouncycastle/crypto/StagedAgreement.class DONE
/org/bouncycastle/crypto/params/NaccacheSternKeyGenerationParameters.class starting
/org/bouncycastle/crypto/params/NaccacheSternKeyGenerationParameters.class DONE
/org/apache/lucene/index/IndexWriter$DocModifier.class starting
/org/apache/lucene/index/IndexWriter$DocModifier.class DONE
/org/apache/lucene/util/bkd/OfflinePointWriter.class starting
/org/apache/lucene/util/bkd/OfflinePointWriter.class DONE
/org/apache/lucene/search/SortedNumericSortField$5.class starting
/org/apache/lucene/search/SortedNumericSortField$5.class DONE
/org/bouncycastle/jce/provider/AnnotatedException.class starting
/org/bouncycastle/jce/provider/AnnotatedException.class DONE
/org/apache/lucene/util/packed/DirectReader$DirectPackedReader32.class starting
/org/apache/lucene/util/packed/DirectReader$DirectPackedReader32.class DONE
/org/bouncycastle/jcajce/provider/symmetric/Rijndael.class starting
/org/bouncycastle/jcajce/provider/symmetric/Rijndael.class DONE
/net/bytebuddy/description/annotation/AnnotationValue$Loaded$AbstractBase$ForUnresolvedProperty.class starting
/net/bytebuddy/description/annotation/AnnotationValue$Loaded$AbstractBase$ForUnresolvedProperty.class DONE
/org/apache/lucene/util/DocIdSetBuilder$BulkAdder.class starting
/org/apache/lucene/util/DocIdSetBuilder$BulkAdder.class DONE
/org/bouncycastle/pqc/jcajce/provider/picnic/BCPicnicPublicKey.class starting
/org/bouncycastle/pqc/jcajce/provider/picnic/BCPicnicPublicKey.class DONE
/com/google/common/collect/HashMultimap.class starting
/com/google/common/collect/HashMultimap.class DONE
/org/bouncycastle/crypto/params/DHParameters.class starting
/org/bouncycastle/crypto/params/DHParameters.class DONE
/net/bytebuddy/agent/builder/AgentBuilder$InstallationListener$Compound.class starting
/net/bytebuddy/agent/builder/AgentBuilder$InstallationListener$Compound.class DONE
/net/bytebuddy/dynamic/scaffold/subclass/SubclassImplementationTarget$OriginTypeResolver$1.class starting
/net/bytebuddy/dynamic/scaffold/subclass/SubclassImplementationTarget$OriginTypeResolver$1.class DONE
/com/google/common/collect/SortedLists$KeyAbsentBehavior$2.class starting
/com/google/common/collect/SortedLists$KeyAbsentBehavior$2.class DONE
/org/bouncycastle/jcajce/provider/symmetric/Shacal2$AlgParams.class starting
/org/bouncycastle/jcajce/provider/symmetric/Shacal2$AlgParams.class DONE
/org/bouncycastle/crypto/util/DEROtherInfo$1.class starting
/org/bouncycastle/crypto/util/DEROtherInfo$1.class DONE
/net/bytebuddy/agent/builder/AgentBuilder$Default$NativeMethodStrategy$ForPrefix.class starting
/net/bytebuddy/agent/builder/AgentBuilder$Default$NativeMethodStrategy$ForPrefix.class DONE
/com/google/common/collect/Streams$DoubleFunctionWithIndex.class starting
/com/google/common/collect/Streams$DoubleFunctionWithIndex.class DONE
/org/bouncycastle/jcajce/provider/asymmetric/ecgost12/KeyAgreementSpi$ECVKO512.class starting
/org/bouncycastle/jcajce/provider/asymmetric/ecgost12/KeyAgreementSpi$ECVKO512.class DONE
/net/bytebuddy/implementation/MethodDelegation.class starting
/net/bytebuddy/implementation/MethodDelegation.class DONE
/net/bytebuddy/implementation/FieldAccessor$FieldLocation.class starting
/net/bytebuddy/implementation/FieldAccessor$FieldLocation.class DONE
/org/bouncycastle/pqc/crypto/sphincs/SPHINCS256KeyGenerationParameters.class starting
/org/bouncycastle/pqc/crypto/sphincs/SPHINCS256KeyGenerationParameters.class DONE
/org/bouncycastle/jcajce/provider/asymmetric/edec/KeyPairGeneratorSpi$X448.class starting
/org/bouncycastle/jcajce/provider/asymmetric/edec/KeyPairGeneratorSpi$X448.class DONE
/net/bytebuddy/dynamic/loading/PackageDefinitionStrategy$ManifestReading.class starting
/net/bytebuddy/dynamic/loading/PackageDefinitionStrategy$ManifestReading.class DONE
/org/bouncycastle/asn1/LazyEncodedSequence.class starting
/org/bouncycastle/asn1/x509/sigi/NameOrPseudonym.class DONE
/net/bytebuddy/description/annotation/AnnotationDescription.class starting
/net/bytebuddy/description/annotation/AnnotationDescription.class DONE
/org/bouncycastle/crypto/ec/ECDecryptor.class starting
/org/bouncycastle/crypto/ec/ECDecryptor.class DONE
/org/bouncycastle/asn1/BEROctetStringParser.class starting
/org/bouncycastle/asn1/BEROctetStringParser.class DONE
/net/bytebuddy/dynamic/scaffold/TypeWriter$Default$ClassDumpAction$Dispatcher$Enabled.class starting
/net/bytebuddy/dynamic/scaffold/TypeWriter$Default$ClassDumpAction$Dispatcher$Enabled.class DONE
/org/bouncycastle/pqc/jcajce/interfaces/NHPublicKey.class starting
/org/bouncycastle/pqc/jcajce/interfaces/NHPublicKey.class DONE
/com/google/common/collect/JdkBackedImmutableMap.class starting
/com/google/common/collect/JdkBackedImmutableMap.class DONE
/com/google/common/collect/MapMakerInternalMap$EntrySet.class starting
/com/google/common/collect/MapMakerInternalMap$EntrySet.class DONE
/org/bouncycastle/math/ec/ECCurve$Config.class starting
/org/bouncycastle/math/ec/ECCurve$Config.class DONE
/org/apache/lucene/util/mutable/MutableValueDate.class starting
/org/apache/lucene/util/mutable/MutableValueDate.class DONE
/com/google/common/collect/TransformedListIterator.class starting
/com/google/common/collect/TransformedListIterator.class DONE
/com/google/common/base/Utf8.class starting
/com/google/common/base/Utf8.class DONE
/org/bouncycastle/crypto/digests/AsconXof$1.class starting
/org/bouncycastle/crypto/digests/AsconXof$1.class DONE
/org/apache/lucene/analysis/CharArrayMap.class starting
/org/apache/lucene/analysis/CharArrayMap.class DONE
/net/bytebuddy/description/method/MethodList$Explicit.class starting
/net/bytebuddy/description/method/MethodList$Explicit.class DONE
/org/apache/lucene/search/NamedMatches$NamedQuery.class starting
/org/apache/lucene/search/NamedMatches$NamedQuery.class DONE
/net/bytebuddy/matcher/TypeSortMatcher.class starting
/net/bytebuddy/matcher/TypeSortMatcher.class DONE
/net/bytebuddy/description/type/TypeDescription$Latent.class starting
/net/bytebuddy/description/type/TypeDescription$Latent.class DONE
/net/bytebuddy/utility/FileSystem$ForNio2CapableVm$StandardCopyOption.class starting
/net/bytebuddy/utility/FileSystem$ForNio2CapableVm$StandardCopyOption.class DONE
/org/bouncycastle/crypto/engines/GOST3412_2015Engine.class starting
/org/bouncycastle/crypto/engines/GOST3412_2015Engine.class DONE
/org/bouncycastle/math/ec/custom/sec/SecT239K1Curve.class starting
/org/bouncycastle/math/ec/custom/sec/SecT239K1Curve.class DONE
/org/apache/lucene/index/PointValues$IntersectVisitor.class starting
/org/apache/lucene/index/PointValues$IntersectVisitor.class DONE
/net/bytebuddy/implementation/InvokeDynamic$WithImplicitArguments.class starting
/net/bytebuddy/implementation/InvokeDynamic$WithImplicitArguments.class DONE
/org/bouncycastle/pqc/jcajce/provider/mceliece/BCMcEliecePrivateKey.class starting
/org/bouncycastle/pqc/jcajce/provider/mceliece/BCMcEliecePrivateKey.class DONE
/com/google/common/util/concurrent/ForwardingCheckedFuture$SimpleForwardingCheckedFuture.class starting
/com/google/common/util/concurrent/ForwardingCheckedFuture$SimpleForwardingCheckedFuture.class DONE
/org/bouncycastle/util/encoders/HexTranslator.class starting
/org/bouncycastle/util/encoders/HexTranslator.class DONE
/com/google/common/collect/ForwardingConcurrentMap.class starting
/com/google/common/collect/ForwardingConcurrentMap.class DONE
/org/bouncycastle/jcajce/provider/keystore/pkcs12/PKCS12KeyStoreSpi$1.class starting
/org/bouncycastle/jcajce/provider/keystore/pkcs12/PKCS12KeyStoreSpi$1.class DONE
/org/bouncycastle/jcajce/provider/asymmetric/compositesignatures/KeyPairGeneratorSpi$MLDSA65_ECDSA_brainpoolP256r1_SHA512.class starting
/org/bouncycastle/jcajce/provider/asymmetric/compositesignatures/KeyPairGeneratorSpi$MLDSA65_ECDSA_brainpoolP256r1_SHA512.class DONE
/com/google/common/reflect/TypeToken$Bounds.class starting
/com/google/common/reflect/TypeToken$Bounds.class DONE
/org/apache/lucene/store/IndexInput$1.class starting
/org/apache/lucene/store/IndexInput$1.class DONE
/net/bytebuddy/dynamic/loading/ClassInjector$UsingReflection$Dispatcher$Initializable.class starting
/net/bytebuddy/dynamic/loading/ClassInjector$UsingReflection$Dispatcher$Initializable.class DONE
/org/apache/lucene/util/ModuleResourceLoader.class starting
/org/apache/lucene/util/ModuleResourceLoader.class DONE
/org/bouncycastle/pqc/jcajce/provider/falcon/SignatureSpi$Base.class starting
/org/bouncycastle/pqc/jcajce/provider/falcon/SignatureSpi$Base.class DONE
/org/apache/lucene/index/FreqProxFields$FreqProxTermsEnum$1.class starting
/org/apache/lucene/index/FreqProxFields$FreqProxTermsEnum$1.class DONE
/org/bouncycastle/jcajce/provider/digest/Whirlpool$KeyGenerator.class starting
/org/bouncycastle/jcajce/provider/digest/Whirlpool$KeyGenerator.class DONE
/net/bytebuddy/implementation/HashCodeMethod$ValueTransformer$7.class starting
/net/bytebuddy/implementation/HashCodeMethod$ValueTransformer$7.class DONE
/com/google/common/collect/MultimapBuilder$2.class starting
/com/google/common/collect/MultimapBuilder$2.class DONE
/com/google/common/base/Platform.class starting
/com/google/common/base/Platform.class DONE
/org/bouncycastle/jcajce/provider/asymmetric/rsa/PSSSignatureSpi$SHA512withRSA.class starting
/org/bouncycastle/jcajce/provider/asymmetric/rsa/PSSSignatureSpi$SHA512withRSA.class DONE
/com/google/common/net/HttpHeaders.class starting
/com/google/common/net/HttpHeaders.class DONE
/org/bouncycastle/pqc/crypto/falcon/FalconSmallPrime.class starting
/org/bouncycastle/pqc/crypto/falcon/FalconSmallPrime.class DONE
/net/bytebuddy/implementation/bind/annotation/Morph$Binder$RedirectionProxy$InstanceFieldConstructor$Appender.class starting
/net/bytebuddy/implementation/bind/annotation/Morph$Binder$RedirectionProxy$InstanceFieldConstructor$Appender.class DONE
/net/bytebuddy/implementation/InvocationHandlerAdapter.class starting
/net/bytebuddy/implementation/InvocationHandlerAdapter.class DONE
/org/bouncycastle/crypto/modes/NISTCTSBlockCipher.class starting
/org/bouncycastle/crypto/modes/NISTCTSBlockCipher.class DONE
/org/bouncycastle/jcajce/provider/digest/Skein$HMacKeyGenerator_512_384.class starting
/org/bouncycastle/jcajce/provider/digest/Skein$HMacKeyGenerator_512_384.class DONE
/org/bouncycastle/pqc/legacy/crypto/mceliece/McEliecePrivateKeyParameters.class starting
/org/bouncycastle/pqc/legacy/crypto/mceliece/McEliecePrivateKeyParameters.class DONE
/org/bouncycastle/x509/X509CRLStoreSelector.class starting
/org/bouncycastle/x509/X509CRLStoreSelector.class DONE
/org/apache/lucene/util/fst/Util$FSTPath.class starting
/org/apache/lucene/util/fst/Util$FSTPath.class DONE
/org/apache/lucene/search/LongValuesSource$LongValuesComparatorSource.class starting
/org/apache/lucene/search/LongValuesSource$LongValuesComparatorSource.class DONE
/net/bytebuddy/description/type/TypeDescription$Generic$OfParameterizedType$Latent.class starting
/net/bytebuddy/description/type/TypeDescription$Generic$OfParameterizedType$Latent.class DONE
/org/bouncycastle/pqc/crypto/util/PublicKeyFactory$LMSConverter.class starting
/org/bouncycastle/pqc/crypto/util/PublicKeyFactory$LMSConverter.class DONE
/org/bouncycastle/crypto/util/SSHNamedCurves$3.class starting
/org/bouncycastle/crypto/util/SSHNamedCurves$3.class DONE
/com/google/common/io/LineProcessor.class starting
/com/google/common/io/LineProcessor.class DONE
/org/bouncycastle/pqc/legacy/math/linearalgebra/GF2Matrix.class starting
/org/bouncycastle/pqc/legacy/math/linearalgebra/GF2Matrix.class DONE
/com/google/common/cache/LongAddables.class starting
/com/google/common/cache/LongAddables.class DONE
/org/bouncycastle/jcajce/provider/symmetric/CAST5$CBC.class starting
/org/bouncycastle/jcajce/provider/symmetric/CAST5$CBC.class DONE
/org/bouncycastle/jcajce/provider/symmetric/HC128$KeyGen.class starting
/org/bouncycastle/jcajce/provider/symmetric/HC128$KeyGen.class DONE
/org/bouncycastle/pqc/crypto/xmss/XMSSMTPrivateKeyParameters$Builder.class starting
/org/bouncycastle/pqc/crypto/xmss/XMSSMTPrivateKeyParameters$Builder.class DONE
/org/bouncycastle/jcajce/provider/asymmetric/ec/KeyAgreementSpi$DHUwithSHA224KDF.class starting
/org/bouncycastle/jcajce/provider/asymmetric/ec/KeyAgreementSpi$DHUwithSHA224KDF.class DONE
/org/apache/lucene/document/FloatPoint$2.class starting
/org/apache/lucene/document/FloatPoint$2.class DONE
/org/apache/lucene/index/SortedNumericDocValuesWriter.class starting
/org/apache/lucene/index/SortedNumericDocValuesWriter.class DONE
/org/bouncycastle/pqc/math/ntru/parameters/NTRUHPS2048509.class starting
/org/bouncycastle/pqc/math/ntru/parameters/NTRUHPS2048509.class DONE
/net/bytebuddy/implementation/bytecode/ByteCodeAppender$Compound.class starting
/net/bytebuddy/implementation/bytecode/ByteCodeAppender$Compound.class DONE
/com/google/common/collect/Maps$AsMapView$1EntrySetImpl.class starting
/com/google/common/collect/Maps$AsMapView$1EntrySetImpl.class DONE
/org/apache/lucene/search/TopDocsCollector.class starting
/org/apache/lucene/search/TopDocsCollector.class DONE
/net/bytebuddy/asm/Advice$Dispatcher$Resolved$AbstractBase.class starting
/net/bytebuddy/asm/Advice$Dispatcher$Resolved$AbstractBase.class DONE
/org/bouncycastle/jcajce/provider/asymmetric/ec/BCECPrivateKey.class starting
/org/bouncycastle/jcajce/provider/asymmetric/ec/BCECPrivateKey.class DONE
/org/bouncycastle/math/ec/custom/sec/SecP384R1FieldElement.class starting
/org/bouncycastle/math/ec/custom/sec/SecP384R1FieldElement.class DONE
/org/bouncycastle/crypto/engines/SparkleEngine$1.class starting
/org/bouncycastle/crypto/engines/SparkleEngine$1.class DONE
/org/bouncycastle/asn1/sec/SECNamedCurves$17.class starting
/org/bouncycastle/asn1/sec/SECNamedCurves$17.class DONE
/com/google/common/collect/AbstractMapBasedMultiset$2$1.class starting
/com/google/common/collect/AbstractMapBasedMultiset$2$1.class DONE
/net/bytebuddy/asm/Advice$OffsetMapping.class starting
/net/bytebuddy/asm/Advice$OffsetMapping.class DONE
/org/bouncycastle/asn1/ASN1ObjectDescriptor$1.class starting
/org/bouncycastle/asn1/ASN1ObjectDescriptor$1.class DONE
/net/bytebuddy/implementation/bind/annotation/AllArguments.class starting
/net/bytebuddy/implementation/bind/annotation/AllArguments.class DONE
/com/google/common/cache/LocalCache$EntryFactory$2.class starting
/com/google/common/cache/LocalCache$EntryFactory$2.class DONE
/org/apache/lucene/search/ImpactsDISI.class starting
/org/apache/lucene/search/ImpactsDISI.class DONE
/net/bytebuddy/build/EntryPoint$Default.class starting
/net/bytebuddy/build/EntryPoint$Default.class DONE
/org/apache/lucene/search/similarities/MultiSimilarity.class starting
/org/apache/lucene/search/similarities/MultiSimilarity.class DONE
/org/apache/lucene/document/LatLonPointDistanceQuery.class starting
/org/apache/lucene/document/LatLonPointDistanceQuery.class DONE
/com/google/common/util/concurrent/AbstractFuture$Listener.class starting
/com/google/common/util/concurrent/AbstractFuture$Listener.class DONE
/net/bytebuddy/dynamic/VisibilityBridgeStrategy$Default$2.class starting
/net/bytebuddy/dynamic/VisibilityBridgeStrategy$Default$2.class DONE
/org/apache/lucene/index/TermVectorsConsumerPerField$TermVectorsPostingsArray.class starting
/org/apache/lucene/index/TermVectorsConsumerPerField$TermVectorsPostingsArray.class DONE
/org/apache/lucene/internal/hppc/LongIntHashMap$LongIntCursor.class starting
/org/apache/lucene/internal/hppc/LongIntHashMap$LongIntCursor.class DONE
/org/apache/lucene/codecs/lucene90/Lucene90PointsFormat.class starting
/org/apache/lucene/codecs/lucene90/Lucene90PointsFormat.class DONE
/org/apache/lucene/util/automaton/MinimizationOperations$IntPair.class starting
/org/apache/lucene/util/automaton/MinimizationOperations$IntPair.class DONE
/com/google/common/hash/Hashing.class starting
/com/google/common/hash/Hashing.class DONE
/org/bouncycastle/jcajce/spec/SkeinParameterSpec.class starting
/org/bouncycastle/jcajce/spec/SkeinParameterSpec.class DONE
/net/bytebuddy/agent/builder/AgentBuilder$RedefinitionStrategy$Listener$Adapter.class starting
/net/bytebuddy/agent/builder/AgentBuilder$RedefinitionStrategy$Listener$Adapter.class DONE
/net/bytebuddy/jar/asm/RecordComponentWriter.class starting
/net/bytebuddy/jar/asm/RecordComponentWriter.class DONE
/com/google/common/collect/Multisets$4.class starting
/com/google/common/collect/Multisets$4.class DONE
/org/apache/lucene/index/BaseTermsEnum$1.class starting
/org/apache/lucene/index/BaseTermsEnum$1.class DONE
/net/bytebuddy/utility/dispatcher/JavaDispatcher$Dispatcher.class starting
/net/bytebuddy/utility/dispatcher/JavaDispatcher$Dispatcher.class DONE
/org/bouncycastle/asn1/ocsp/OCSPRequest.class starting
/org/bouncycastle/asn1/ocsp/OCSPRequest.class DONE
/org/apache/lucene/codecs/KnnVectorsWriter$ByteVectorValuesSub.class starting
/org/apache/lucene/codecs/KnnVectorsWriter$ByteVectorValuesSub.class DONE
/net/bytebuddy/asm/ClassVisitorFactory$FrameTranslator.class starting
/net/bytebuddy/asm/ClassVisitorFactory$FrameTranslator.class DONE
/com/google/common/collect/TreeTraverser.class starting
/com/google/common/collect/TreeTraverser.class DONE
/org/bouncycastle/jcajce/provider/asymmetric/CompositeSignatures.class starting
/org/bouncycastle/jcajce/provider/asymmetric/CompositeSignatures.class DONE
/org/bouncycastle/jcajce/BCFKSLoadStoreParameter$SignatureAlgorithm.class starting
/org/bouncycastle/jcajce/BCFKSLoadStoreParameter$SignatureAlgorithm.class DONE
/com/google/common/graph/AbstractBaseGraph$1.class starting
/com/google/common/graph/AbstractBaseGraph$1.class DONE
/net/bytebuddy/implementation/bytecode/member/FieldAccess$AccessDispatcher$FieldPutInstruction.class starting
/net/bytebuddy/implementation/bytecode/member/FieldAccess$AccessDispatcher$FieldPutInstruction.class DONE
/org/apache/lucene/index/ConcurrentMergeScheduler.class starting
/org/apache/lucene/index/ConcurrentMergeScheduler.class DONE
/org/bouncycastle/pqc/asn1/PQCObjectIdentifiers.class starting
/org/bouncycastle/pqc/asn1/PQCObjectIdentifiers.class DONE
/org/bouncycastle/jcajce/provider/digest/SHA3$Mappings.class starting
/org/bouncycastle/jcajce/provider/digest/SHA3$Mappings.class DONE
/com/google/common/collect/CollectSpliterators.class starting
/com/google/common/collect/CollectSpliterators.class DONE
/net/bytebuddy/agent/builder/AgentBuilder$PoolStrategy$Default.class starting
/net/bytebuddy/agent/builder/AgentBuilder$PoolStrategy$Default.class DONE
/net/bytebuddy/asm/Advice$AssignReturned$ToReturned$Handler.class starting
/net/bytebuddy/asm/Advice$AssignReturned$ToReturned$Handler.class DONE
/org/bouncycastle/asn1/LazyEncodedSequence.class DONE
/org/apache/lucene/document/XYShapeDocValues.class starting
/org/apache/lucene/document/XYShapeDocValues.class DONE
/org/bouncycastle/math/ec/custom/gm/SM2P256V1FieldElement.class starting
/org/bouncycastle/jce/provider/RFC3280CertPathUtilities.class starting
/org/bouncycastle/math/ec/custom/gm/SM2P256V1FieldElement.class DONE
/org/bouncycastle/jce/provider/RFC3280CertPathUtilities.class DONE
/org/bouncycastle/pqc/crypto/xmss/XMSSMTPrivateKeyParameters$Builder.class starting
/org/apache/lucene/document/XYShapeDocValues.class starting
/org/bouncycastle/jcajce/provider/asymmetric/rsa/PSSSignatureSpi$SHA512withRSA.class starting
/org/bouncycastle/math/ec/custom/sec/SecP384R1FieldElement.class starting
/org/apache/lucene/document/LatLonPointDistanceQuery.class starting
/org/apache/lucene/document/LatLonPointDistanceQuery.class DONE
/org/apache/lucene/codecs/lucene90/Lucene90PointsFormat.class starting
/org/apache/lucene/codecs/lucene90/Lucene90PointsFormat.class DONE
/org/apache/lucene/document/XYShapeDocValues.class DONE
/org/bouncycastle/math/ec/custom/sec/SecP384R1FieldElement.class DONE
/org/bouncycastle/pqc/crypto/xmss/XMSSMTPrivateKeyParameters$Builder.class DONE
/org/bouncycastle/jcajce/provider/asymmetric/rsa/PSSSignatureSpi$SHA512withRSA.class DONE
Could not read file /com/google/common/collect/DenseImmutableTable.class
Could not read file /org/apache/lucene/document/ShapeDocValues.class
Could not read file /org/apache/lucene/index/MergeRateLimiter.class
*****
{
  "olly": {
    "version": 2,
    "wall_time": 155.17,
    "cpu_time": 2009.24,
    "gc_time": 126.5,
    "gc_overhead": 6.3,
    "max_rss_kb": 4203792,
    "domain_stats": {
      "0": {
        "wall_time": 155.17,
        "gc_time": 1.11,
        "gc_overhead": 0.71
      },
      "1": {
        "wall_time": 154.52,
        "gc_time": 10.59,
        "gc_overhead": 6.86
      },
      "2": {
        "wall_time": 154.55,
        "gc_time": 9.32,
        "gc_overhead": 6.03
      },
      "3": {
        "wall_time": 154.52,
        "gc_time": 9.57,
        "gc_overhead": 6.19
      },
      "4": {
        "wall_time": 154.54,
        "gc_time": 12.74,
        "gc_overhead": 8.24
      },
      "5": {
        "wall_time": 154.53,
        "gc_time": 8.9,
        "gc_overhead": 5.76
      },
      "6": {
        "wall_time": 154.54,
        "gc_time": 9.06,
        "gc_overhead": 5.86
      },
      "7": {
        "wall_time": 154.47,
        "gc_time": 8.89,
        "gc_overhead": 5.75
      },
      "8": {
        "wall_time": 154.45,
        "gc_time": 13.3,
        "gc_overhead": 8.61
      },
      "9": {
        "wall_time": 154.48,
        "gc_time": 10.17,
        "gc_overhead": 6.58
      },
      "10": {
        "wall_time": 154.48,
        "gc_time": 16.29,
        "gc_overhead": 10.55
      },
      "11": {
        "wall_time": 154.51,
        "gc_time": 8.79,
        "gc_overhead": 5.69
      },
      "12": {
        "wall_time": 154.5,
        "gc_time": 7.78,
        "gc_overhead": 5.03
      }
    },
    "mean_latency": 4.241362,
    "stddev_latency": 9.956288,
    "min_latency": 0.0,
    "max_latency": 289.931263,
    "distr_latency": {
      "25.0000": 0.001135,
      "50.0000": 0.001839,
      "60.0000": 0.003047,
      "70.0000": 0.190719,
      "75.0000": 3.213311,
      "80.0000": 8.421375,
      "85.0000": 13.811711,
      "90.0000": 17.629183,
      "95.0000": 22.495231,
      "96.0000": 23.887871,
      "97.0000": 25.673727,
      "98.0000": 28.016639,
      "99.0000": 31.342591,
      "99.9000": 52.887551,
      "99.9900": 279.183359,
      "99.9990": 289.931263,
      "99.9999": 289.931263,
      "100.0000": 289.931263
    },
    "outliers": {
      "count": 0,
      "mean_latency": 0.0,
      "max_latency": 0.0
    },
    "allocations": {
      "total_heap": 54736864122,
      "minor_heap": 54856158244,
      "major_heap": 524992345,
      "promoted_words": 644286467,
      "promoted_pct": 1.17
    },
    "domain_alloc_stats": {
      "0": {
        "total": 31892389,
        "minor": 13155741,
        "promoted": 7218223,
        "major": 25954871,
        "promoted_pct": 54.87
      },
      "1": {
        "total": 3302327063,
        "minor": 3314226352,
        "promoted": 40117100,
        "major": 28217811,
        "promoted_pct": 1.21
      },
      "2": {
        "total": 2925826511,
        "minor": 2934819142,
        "promoted": 45488034,
        "major": 36495403,
        "promoted_pct": 1.55
      },
      "3": {
        "total": 3152653386,
        "minor": 3162127249,
        "promoted": 50406726,
        "major": 40932863,
        "promoted_pct": 1.59
      },
      "4": {
        "total": 6359511254,
        "minor": 6378612350,
        "promoted": 73439419,
        "major": 54338323,
        "promoted_pct": 1.15
      },
      "5": {
        "total": 2930760827,
        "minor": 2940189238,
        "promoted": 42258107,
        "major": 32829696,
        "promoted_pct": 1.44
      },
      "6": {
        "total": 2827435489,
        "minor": 2831924786,
        "promoted": 41880547,
        "major": 37391250,
        "promoted_pct": 1.48
      },
      "7": {
        "total": 2668361715,
        "minor": 2669879577,
        "promoted": 38210430,
        "major": 36692568,
        "promoted_pct": 1.43
      },
      "8": {
        "total": 9928668655,
        "minor": 9937543776,
        "promoted": 65682317,
        "major": 56807196,
        "promoted_pct": 0.66
      },
      "9": {
        "total": 3897019849,
        "minor": 3912284429,
        "promoted": 56261653,
        "major": 40997073,
        "promoted_pct": 1.44
      },
      "10": {
        "total": 11161876053,
        "minor": 11192687136,
        "promoted": 104930601,
        "major": 74119518,
        "promoted_pct": 0.94
      },
      "11": {
        "total": 2860279709,
        "minor": 2870635249,
        "promoted": 40031889,
        "major": 29676349,
        "promoted_pct": 1.39
      },
      "12": {
        "total": 2690251222,
        "minor": 2698073219,
        "promoted": 38361421,
        "major": 30539424,
        "promoted_pct": 1.42
      }
    },
    "collections": {
      "minor": 1556,
      "major": 21,
      "forced_major": 0,
      "compactions": 0
    },
    "stats_reliable": true
  },
  "perf": [
    {
      "counter-value": "304689.603444",
      "unit": "msec",
      "event": "task-clock",
      "event-runtime": 304689603444,
      "pcnt-running": 100.0,
      "metric-value": "1.950776",
      "metric-unit": "CPUs utilized"
    },
    {
      "counter-value": "1010567.000000",
      "unit": "",
      "event": "page-faults",
      "event-runtime": 304689599187,
      "pcnt-running": 100.0,
      "metric-value": "3.316710",
      "metric-unit": "K/sec"
    },
    {
      "counter-value": "1003122134027.000000",
      "unit": "",
      "event": "cycles",
      "event-runtime": 304689596844,
      "pcnt-running": 100.0,
      "metric-value": "3.292276",
      "metric-unit": "GHz"
    },
    {
      "counter-value": "1266675544547.000000",
      "unit": "",
      "event": "instructions",
      "event-runtime": 304689590701,
      "pcnt-running": 100.0,
      "metric-value": "1.262733",
      "metric-unit": "insn per cycle"
    }
  ]
}
-----
mkdir -p PLOTTY_WORKAROUND; timedrun; OCAMLRUNPARAM="s=262144,o=120,e=18,d=128" /home/udesou/.bench-agent/git/macro-benches/benchmarks/infer/infer_default-ocaml-5.5.0-f523850-fp
running-ng v0.3.8
Wed Sep  9 12:07:36 PM UTC 2026

 12:07:36 up 2 days, 12:01,  2 users,  load average: 7.64, 8.66, 8.74
USER     TTY      FROM             LOGIN@   IDLE   JCPU   PCPU  WHAT

procs -----------memory---------- ---swap-- -----io---- -system-- -------cpu-------
 r  b   swpd   free   buff  cache   si   so    bi    bo   in   cs us sy id wa st gu
 0  1      0 42451436 4114616 18187564    0    0    41   696 2154    3 13  0 76 11  0  0
 0  1      0 42453456 4114616 18187500    0    0     0     0 1769 2690  0  0 88 12  0  0

top - 12:07:37 up 2 days, 12:01,  2 users,  load average: 7.64, 8.66, 8.74
Tasks: 276 total,   1 running, 275 sleeping,   0 stopped,   0 zombie
%Cpu(s):  0.0 us,  1.1 sy,  0.0 ni, 86.2 id, 12.6 wa,  0.0 hi,  0.0 si,  0.0 st 
MiB Mem :  64272.5 total,  41458.5 free,   1758.5 used,  21779.4 buff/cache     
MiB Swap:   8192.0 total,   8192.0 free,      0.0 used.  62514.0 avail Mem 

    PID USER      PR  NI    VIRT    RES    SHR S  %CPU  %MEM     TIME+ COMMAND
 239593 udesou    20   0   11908   5712   3560 R   9.1   0.0   0:00.01 top -bcn 1 -w512
      1 root      20   0   22748  14152   9580 S   0.0   0.0   1:37.86 /sbin/init
      2 root      20   0       0      0      0 S   0.0   0.0   0:00.03 [kthreadd]
      3 root      20   0       0      0      0 S   0.0   0.0   0:00.00 [pool_workqueue_release]
      4 root       0 -20       0      0      0 I   0.0   0.0   0:00.00 [kworker/R-rcu_g]

Environment variables: 
	CONFIG_FILE=/home/udesou/.bench-agent/work/run-20260907-001-e1/run-20260907-001.yml
	HOME=/home/udesou
	LANG=en_US.UTF-8
	LOGNAME=udesou
	LOG_DIR=/home/udesou/.bench-agent/logs
	OLLY_DIR=/home/udesou/.bench-agent/git/olly
	PATH=/usr/local/bin:/home/udesou/.bench-agent/git/olly/_build/install/default/bin:/home/udesou/ocaml-bench-service/_opam/bin:/home/udesou/.vscode-server/data/User/globalStorage/github.copilot-chat/debugCommand:/home/udesou/.vscode-server/data/User/globalStorage/github.copilot-chat/copilotCli:/home/udesou/.vscode-server/cli/servers/Stable-08d4889f9ec4a1685d257b9b95de036c8e1ce1e5/server/bin/remote-cli:/home/udesou/.opam/running-ng-ocaml-5.5.0-f523850-fp-flambda/bin:/home/udesou/.local/bin:/home/udesou/.opam/running-ng-ocaml-5.5.0-f523850-fp-flambda/bin:/home/udesou/.local/bin:/usr/local/sbin:/usr/local/bin:/usr/sbin:/usr/bin:/sbin:/bin:/usr/games:/usr/local/games:/snap/bin
	PWD=/home/udesou/ocaml-bench-service
	PYTHONPATH=/home/udesou/.bench-agent/git/running-ng/src
	RUNNING_BENCH_DIR=/home/udesou/.bench-agent/git/macro-benches
	RUNNING_MACRO_BENCH_DIR=/home/udesou/.bench-agent/git/macro-benches
	RUNNING_NG_PACKAGE_DATA=/home/udesou/.bench-agent/git/running-ng/src/running/config
	RUNNING_REUSE_SWITCHES=1
	RUNNING_TAG=default_run,large_run
	SHELL=/bin/bash
	SHLVL=1
	TERM=screen.xterm-256color
	USER=udesou
	_=/usr/bin/python3
OS: Linux obelisk 6.8.0-139-generic #139-Ubuntu SMP PREEMPT_DYNAMIC Sat Aug  1 03:52:05 UTC 2026 x86_64 x86_64 x86_64 GNU/Linux
CPU: model name	: Intel(R) Xeon(R) CPU E5-2667 v2 @ 3.30GHz
number of cores: 8
Frequency of cpu 0: 3.30 GHz
Governor of cpu 0: performance
Scaling_min_freq of cpu 0: 1.20 GHz
Frequency of cpu 2: 3.30 GHz
Governor of cpu 2: performance
Scaling_min_freq of cpu 2: 1.20 GHz
Frequency of cpu 4: 3.30 GHz
Governor of cpu 4: performance
Scaling_min_freq of cpu 4: 1.20 GHz
Frequency of cpu 6: 3.30 GHz
Governor of cpu 6: performance
Scaling_min_freq of cpu 6: 1.20 GHz
WARNING: Failed to resolve file /com/google/common/annotations/Beta.class with "No such file or directory" 

WARNING: Failed to resolve file /com/google/common/base/Converter$IdentityConverter.class with "No such file or directory" 

WARNING: Failed to resolve file /com/google/common/base/Platform.class with "No such file or directory" 

WARNING: Failed to resolve file /com/google/common/base/Utf8.class with "No such file or directory" 

WARNING: Failed to resolve file /com/google/common/cache/LocalCache$EntryFactory$2.class with "No such file or directory" 

WARNING: Failed to resolve file /com/google/common/cache/LongAddables.class with "No such file or directory" 

WARNING: Failed to resolve file /com/google/common/collect/AbstractMapBasedMultiset$2$1.class with "No such file or directory" 

WARNING: Failed to resolve file /com/google/common/collect/CollectSpliterators.class with "No such file or directory" 

WARNING: Failed to resolve file /com/google/common/collect/DenseImmutableTable.class with "No such file or directory" 

WARNING: Failed to resolve file /com/google/common/collect/ForwardingConcurrentMap.class with "No such file or directory" 

WARNING: Failed to resolve file /com/google/common/collect/HashMultimap.class with "No such file or directory" 

WARNING: Failed to resolve file /com/google/common/collect/ImmutableMultimap$Builder.class with "No such file or directory" 

WARNING: Failed to resolve file /com/google/common/collect/ImmutableSortedSet$1.class with "No such file or directory" 

WARNING: Failed to resolve file /com/google/common/collect/JdkBackedImmutableMap.class with "No such file or directory" 

WARNING: Failed to resolve file /com/google/common/collect/MapMakerInternalMap$EntrySet.class with "No such file or directory" 

WARNING: Failed to resolve file /com/google/common/collect/Maps$AsMapView$1EntrySetImpl.class with "No such file or directory" 

WARNING: Failed to resolve file /com/google/common/collect/MultimapBuilder$2.class with "No such file or directory" 

WARNING: Failed to resolve file /com/google/common/collect/Multisets$4.class with "No such file or directory" 

WARNING: Failed to resolve file /com/google/common/collect/RegularImmutableMap$Values.class with "No such file or directory" 

WARNING: Failed to resolve file /com/google/common/collect/SortedLists$KeyAbsentBehavior$2.class with "No such file or directory" 

WARNING: Failed to resolve file /com/google/common/collect/Streams$DoubleFunctionWithIndex.class with "No such file or directory" 

WARNING: Failed to resolve file /com/google/common/collect/TransformedListIterator.class with "No such file or directory" 

WARNING: Failed to resolve file /com/google/common/collect/TreeTraverser.class with "No such file or directory" 

WARNING: Failed to resolve file /com/google/common/graph/AbstractBaseGraph$1.class with "No such file or directory" 

WARNING: Failed to resolve file /com/google/common/graph/GraphBuilder.class with "No such file or directory" 

WARNING: Failed to resolve file /com/google/common/graph/ValueGraph.class with "No such file or directory" 

WARNING: Failed to resolve file /com/google/common/hash/Hashing.class with "No such file or directory" 

WARNING: Failed to resolve file /com/google/common/io/BaseEncoding.class with "No such file or directory" 

WARNING: Failed to resolve file /com/google/common/io/LineProcessor.class with "No such file or directory" 

WARNING: Failed to resolve file /com/google/common/net/HttpHeaders.class with "No such file or directory" 

WARNING: Failed to resolve file /com/google/common/primitives/Shorts$ShortConverter.class with "No such file or directory" 

WARNING: Failed to resolve file /com/google/common/reflect/TypeToken$Bounds.class with "No such file or directory" 

WARNING: Failed to resolve file /com/google/common/util/concurrent/AbstractFuture$Listener.class with "No such file or directory" 

WARNING: Failed to resolve file /com/google/common/util/concurrent/AggregateFutureState.class with "No such file or directory" 

WARNING: Failed to resolve file /com/google/common/util/concurrent/ForwardingCheckedFuture$SimpleForwardingCheckedFuture.class with "No such file or directory" 

WARNING: Failed to resolve file /com/google/common/util/concurrent/Monitor$Guard.class with "No such file or directory" 

WARNING: Failed to resolve file /com/google/common/util/concurrent/SimpleTimeLimiter$1.class with "No such file or directory" 

WARNING: Failed to resolve file /net/bytebuddy/ByteBuddy$RecordConstructorStrategy.class with "No such file or directory" 

WARNING: Failed to resolve file /net/bytebuddy/agent/builder/AgentBuilder$Default$NativeMethodStrategy$ForPrefix.class with "No such file or directory" 

WARNING: Failed to resolve file /net/bytebuddy/agent/builder/AgentBuilder$InstallationListener$Compound.class with "No such file or directory" 

WARNING: Failed to resolve file /net/bytebuddy/agent/builder/AgentBuilder$PoolStrategy$Default.class with "No such file or directory" 

WARNING: Failed to resolve file /net/bytebuddy/agent/builder/AgentBuilder$RedefinitionStrategy$Listener$Adapter.class with "No such file or directory" 

WARNING: Failed to resolve file /net/bytebuddy/agent/builder/package-info.class with "No such file or directory" 

WARNING: Failed to resolve file /net/bytebuddy/asm/Advice$AssignReturned$ToReturned$Handler.class with "No such file or directory" 

WARNING: Failed to resolve file /net/bytebuddy/asm/Advice$Dispatcher$Resolved$AbstractBase.class with "No such file or directory" 

WARNING: Failed to resolve file /net/bytebuddy/asm/Advice$OffsetMapping$ForInstrumentedMethod$2.class with "No such file or directory" 

WARNING: Failed to resolve file /net/bytebuddy/asm/Advice$OffsetMapping.class with "No such file or directory" 

WARNING: Failed to resolve file /net/bytebuddy/asm/ClassVisitorFactory$FrameTranslator.class with "No such file or directory" 

WARNING: Failed to resolve file /net/bytebuddy/asm/MemberSubstitution$TypePoolResolver$OfImplicitPool.class with "No such file or directory" 

WARNING: Failed to resolve file /net/bytebuddy/build/EntryPoint$Default.class with "No such file or directory" 

WARNING: Failed to resolve file /net/bytebuddy/build/Plugin$Engine$Listener$StreamWriting.class with "No such file or directory" 

WARNING: Failed to resolve file /net/bytebuddy/build/Plugin$Factory$UsingReflection$Instantiator$Unresolved.class with "No such file or directory" 

WARNING: Failed to resolve file /net/bytebuddy/description/annotation/AnnotationDescription.class with "No such file or directory" 

WARNING: Failed to resolve file /net/bytebuddy/description/annotation/AnnotationValue$Loaded$AbstractBase$ForUnresolvedProperty.class with "No such file or directory" 

WARNING: Failed to resolve file /net/bytebuddy/description/method/MethodList$Explicit.class with "No such file or directory" 

WARNING: Failed to resolve file /net/bytebuddy/description/modifier/SynchronizationState.class with "No such file or directory" 

WARNING: Failed to resolve file /net/bytebuddy/description/type/TypeDescription$Generic$AnnotationReader$Delegator$ForLoadedTypeVariable.class with "No such file or directory" 

WARNING: Failed to resolve file /net/bytebuddy/description/type/TypeDescription$Generic$OfParameterizedType$Latent.class with "No such file or directory" 

WARNING: Failed to resolve file /net/bytebuddy/description/type/TypeDescription$Latent.class with "No such file or directory" 

WARNING: Failed to resolve file /net/bytebuddy/dynamic/ClassFileLocator$ForModuleFile.class with "No such file or directory" 

WARNING: Failed to resolve file /net/bytebuddy/dynamic/DynamicType$Builder$MethodDefinition$ParameterDefinition$Simple$Annotatable$AbstractBase.class with "No such file or directory" 

WARNING: Failed to resolve file /net/bytebuddy/dynamic/VisibilityBridgeStrategy$Default$2.class with "No such file or directory" 

WARNING: Failed to resolve file /net/bytebuddy/dynamic/loading/ClassInjector$UsingReflection$Dispatcher$Initializable.class with "No such file or directory" 

WARNING: Failed to resolve file /net/bytebuddy/dynamic/loading/PackageDefinitionStrategy$ManifestReading.class with "No such file or directory" 

WARNING: Failed to resolve file /net/bytebuddy/dynamic/scaffold/MethodGraph$Compiler$Default$Key$Store$Entry$Initial.class with "No such file or directory" 

WARNING: Failed to resolve file /net/bytebuddy/dynamic/scaffold/TypeWriter$Default$ClassDumpAction$Dispatcher$Enabled.class with "No such file or directory" 

WARNING: Failed to resolve file /net/bytebuddy/dynamic/scaffold/TypeWriter$MethodPool$Record$AccessBridgeWrapper.class with "No such file or directory" 

WARNING: Failed to resolve file /net/bytebuddy/dynamic/scaffold/subclass/SubclassImplementationTarget$OriginTypeResolver$1.class with "No such file or directory" 

WARNING: Failed to resolve file /net/bytebuddy/implementation/FieldAccessor$FieldLocation.class with "No such file or directory" 

WARNING: Failed to resolve file /net/bytebuddy/implementation/HashCodeMethod$ValueTransformer$7.class with "No such file or directory" 

WARNING: Failed to resolve file /net/bytebuddy/implementation/InvocationHandlerAdapter.class with "No such file or directory" 

WARNING: Failed to resolve file /net/bytebuddy/implementation/InvokeDynamic$WithImplicitArguments.class with "No such file or directory" 

WARNING: Failed to resolve file /net/bytebuddy/implementation/MethodCall$MethodInvoker.class with "No such file or directory" 

WARNING: Failed to resolve file /net/bytebuddy/implementation/MethodDelegation.class with "No such file or directory" 

WARNING: Failed to resolve file /net/bytebuddy/implementation/attribute/AnnotationValueFilter$Factory.class with "No such file or directory" 

WARNING: Failed to resolve file /net/bytebuddy/implementation/auxiliary/TypeProxy$1.class with "No such file or directory" 

WARNING: Failed to resolve file /net/bytebuddy/implementation/bind/annotation/AllArguments.class with "No such file or directory" 

WARNING: Failed to resolve file /net/bytebuddy/implementation/bind/annotation/Morph$Binder$RedirectionProxy$InstanceFieldConstructor$Appender.class with "No such file or directory" 

WARNING: Failed to resolve file /net/bytebuddy/implementation/bytecode/ByteCodeAppender$Compound.class with "No such file or directory" 

WARNING: Failed to resolve file /net/bytebuddy/implementation/bytecode/assign/reference/GenericTypeAwareAssigner$IsAssignableToVisitor$OfGenericArray.class with "No such file or directory" 

WARNING: Failed to resolve file /net/bytebuddy/implementation/bytecode/member/FieldAccess$AccessDispatcher$FieldPutInstruction.class with "No such file or directory" 

WARNING: Failed to resolve file /net/bytebuddy/jar/asm/RecordComponentWriter.class with "No such file or directory" 

WARNING: Failed to resolve file /net/bytebuddy/matcher/FilterableList.class with "No such file or directory" 

WARNING: Failed to resolve file /net/bytebuddy/matcher/TypeSortMatcher.class with "No such file or directory" 

WARNING: Failed to resolve file /net/bytebuddy/pool/TypePool$Default$LazyTypeDescription$AnnotationToken.class with "No such file or directory" 

WARNING: Failed to resolve file /net/bytebuddy/pool/TypePool$Default$LazyTypeDescription$LazyMethodDescription$LazyParameterizedReceiverType$TypeArgumentList$AnnotatedTypeVariable.class with "No such file or directory" 

WARNING: Failed to resolve file /net/bytebuddy/utility/FileSystem$ForNio2CapableVm$StandardCopyOption.class with "No such file or directory" 

WARNING: Failed to resolve file /net/bytebuddy/utility/dispatcher/JavaDispatcher$Dispatcher.class with "No such file or directory" 

WARNING: Failed to resolve file /org/apache/lucene/analysis/CharArrayMap.class with "No such file or directory" 

WARNING: Failed to resolve file /org/apache/lucene/analysis/tokenattributes/TermToBytesRefAttribute.class with "No such file or directory" 

WARNING: Failed to resolve file /org/apache/lucene/codecs/KnnVectorsWriter$ByteVectorValuesSub.class with "No such file or directory" 

WARNING: Failed to resolve file /org/apache/lucene/codecs/hnsw/DefaultFlatVectorScorer$ByteScoringSupplier$1.class with "No such file or directory" 

WARNING: Failed to resolve file /org/apache/lucene/codecs/lucene90/Lucene90DocValuesProducer$17.class with "No such file or directory" 

WARNING: Failed to resolve file /org/apache/lucene/codecs/lucene90/Lucene90PointsFormat.class with "No such file or directory" 

WARNING: Failed to resolve file /org/apache/lucene/codecs/lucene912/ForUtil.class with "No such file or directory" 

WARNING: Failed to resolve file /org/apache/lucene/codecs/lucene99/Lucene99HnswVectorsWriter$2.class with "No such file or directory" 

WARNING: Failed to resolve file /org/apache/lucene/document/BinaryPoint$1.class with "No such file or directory" 

WARNING: Failed to resolve file /org/apache/lucene/document/FloatPoint$2.class with "No such file or directory" 

WARNING: Failed to resolve file /org/apache/lucene/document/LatLonPointDistanceQuery.class with "No such file or directory" 

WARNING: Failed to resolve file /org/apache/lucene/document/ShapeField$QueryRelation.class with "No such file or directory" 

WARNING: Failed to resolve file /org/apache/lucene/document/XYShapeDocValues.class with "No such file or directory" 

WARNING: Failed to resolve file /org/apache/lucene/index/BaseTermsEnum$1.class with "No such file or directory" 

WARNING: Failed to resolve file /org/apache/lucene/index/ConcurrentMergeScheduler.class with "No such file or directory" 

WARNING: Failed to resolve file /org/apache/lucene/index/ExitableDirectoryReader$ExitableFilterAtomicReader$4.class with "No such file or directory" 

WARNING: Failed to resolve file /org/apache/lucene/index/FreqProxFields$FreqProxTermsEnum$1.class with "No such file or directory" 

WARNING: Failed to resolve file /org/apache/lucene/index/IndexWriter$DocModifier.class with "No such file or directory" 

WARNING: Failed to resolve file /org/apache/lucene/index/MultiDocValues$1.class with "No such file or directory" 

WARNING: Failed to resolve file /org/apache/lucene/index/PointValues$IntersectVisitor.class with "No such file or directory" 

WARNING: Failed to resolve file /org/apache/lucene/index/SingletonSortedSetDocValues.class with "No such file or directory" 

WARNING: Failed to resolve file /org/apache/lucene/index/SortedNumericDocValuesWriter.class with "No such file or directory" 

WARNING: Failed to resolve file /org/apache/lucene/index/TermVectorsConsumerPerField$TermVectorsPostingsArray.class with "No such file or directory" 

WARNING: Failed to resolve file /org/apache/lucene/internal/hppc/IntDoubleHashMap$EntryIterator.class with "No such file or directory" 

WARNING: Failed to resolve file /org/apache/lucene/internal/hppc/LongIntHashMap$LongIntCursor.class with "No such file or directory" 

WARNING: Failed to resolve file /org/apache/lucene/search/BlockMaxConjunctionScorer$2.class with "No such file or directory" 

WARNING: Failed to resolve file /org/apache/lucene/search/ConstantScoreQuery$1$1.class with "No such file or directory" 

WARNING: Failed to resolve file /org/apache/lucene/search/DoubleValuesSource$DoubleValuesComparatorSource$1.class with "No such file or directory" 

WARNING: Failed to resolve file /org/apache/lucene/search/ImpactsDISI.class with "No such file or directory" 

WARNING: Failed to resolve file /org/apache/lucene/search/LongValuesSource$LongValuesComparatorSource.class with "No such file or directory" 

WARNING: Failed to resolve file /org/apache/lucene/search/NamedMatches$NamedQuery.class with "No such file or directory" 

WARNING: Failed to resolve file /org/apache/lucene/search/ReqOptSumScorer.class with "No such file or directory" 

WARNING: Failed to resolve file /org/apache/lucene/search/SortedNumericSortField$5.class with "No such file or directory" 

WARNING: Failed to resolve file /org/apache/lucene/search/TopDocsCollector.class with "No such file or directory" 

WARNING: Failed to resolve file /org/apache/lucene/search/comparators/NumericComparator$NumericLeafComparator.class with "No such file or directory" 

WARNING: Failed to resolve file /org/apache/lucene/search/similarities/MultiSimilarity.class with "No such file or directory" 

WARNING: Failed to resolve file /org/apache/lucene/store/IndexInput$1.class with "No such file or directory" 

WARNING: Failed to resolve file /org/apache/lucene/util/AttributeImpl.class with "No such file or directory" 

WARNING: Failed to resolve file /org/apache/lucene/util/DocIdSetBuilder$BulkAdder.class with "No such file or directory" 

WARNING: Failed to resolve file /org/apache/lucene/util/ModuleResourceLoader.class with "No such file or directory" 

WARNING: Failed to resolve file /org/apache/lucene/util/Sorter.class with "No such file or directory" 

WARNING: Failed to resolve file /org/apache/lucene/util/automaton/MinimizationOperations$IntPair.class with "No such file or directory" 

WARNING: Failed to resolve file /org/apache/lucene/util/bkd/OfflinePointWriter.class with "No such file or directory" 

WARNING: Failed to resolve file /org/apache/lucene/util/fst/Util$FSTPath.class with "No such file or directory" 

WARNING: Failed to resolve file /org/apache/lucene/util/mutable/MutableValueDate.class with "No such file or directory" 

WARNING: Failed to resolve file /org/apache/lucene/util/packed/DirectReader$DirectPackedReader32.class with "No such file or directory" 

WARNING: Failed to resolve file /org/apache/lucene/util/packed/PackedWriter.class with "No such file or directory" 

WARNING: Failed to resolve file /org/bouncycastle/asn1/ASN1ObjectDescriptor$1.class with "No such file or directory" 

WARNING: Failed to resolve file /org/bouncycastle/asn1/BEROctetStringParser.class with "No such file or directory" 

WARNING: Failed to resolve file /org/bouncycastle/asn1/LazyEncodedSequence.class with "No such file or directory" 

WARNING: Failed to resolve file /org/bouncycastle/asn1/ocsp/OCSPRequest.class with "No such file or directory" 

WARNING: Failed to resolve file /org/bouncycastle/asn1/sec/SECNamedCurves$17.class with "No such file or directory" 

WARNING: Failed to resolve file /org/bouncycastle/asn1/x500/DirectoryString.class with "No such file or directory" 

WARNING: Failed to resolve file /org/bouncycastle/asn1/x509/NameConstraints.class with "No such file or directory" 

WARNING: Failed to resolve file /org/bouncycastle/asn1/x509/sigi/NameOrPseudonym.class with "No such file or directory" 

WARNING: Failed to resolve file /org/bouncycastle/crypto/CipherKeyGenerator.class with "No such file or directory" 

WARNING: Failed to resolve file /org/bouncycastle/crypto/StagedAgreement.class with "No such file or directory" 

WARNING: Failed to resolve file /org/bouncycastle/crypto/digests/AsconXof$1.class with "No such file or directory" 

WARNING: Failed to resolve file /org/bouncycastle/crypto/digests/ShortenedDigest.class with "No such file or directory" 

WARNING: Failed to resolve file /org/bouncycastle/crypto/ec/ECDecryptor.class with "No such file or directory" 

WARNING: Failed to resolve file /org/bouncycastle/crypto/engines/GOST3412_2015Engine.class with "No such file or directory" 

WARNING: Failed to resolve file /org/bouncycastle/crypto/engines/SparkleEngine$1.class with "No such file or directory" 

WARNING: Failed to resolve file /org/bouncycastle/crypto/generators/ElGamalParametersGenerator.class with "No such file or directory" 

WARNING: Failed to resolve file /org/bouncycastle/crypto/macs/DSTU7564Mac.class with "No such file or directory" 

WARNING: Failed to resolve file /org/bouncycastle/crypto/modes/NISTCTSBlockCipher.class with "No such file or directory" 

WARNING: Failed to resolve file /org/bouncycastle/crypto/params/DHParameters.class with "No such file or directory" 

WARNING: Failed to resolve file /org/bouncycastle/crypto/params/NaccacheSternKeyGenerationParameters.class with "No such file or directory" 

WARNING: Failed to resolve file /org/bouncycastle/crypto/prng/X931SecureRandom.class with "No such file or directory" 

WARNING: Failed to resolve file /org/bouncycastle/crypto/util/DEROtherInfo$1.class with "No such file or directory" 

WARNING: Failed to resolve file /org/bouncycastle/crypto/util/SSHNamedCurves$3.class with "No such file or directory" 

WARNING: Failed to resolve file /org/bouncycastle/jcajce/BCFKSLoadStoreParameter$SignatureAlgorithm.class with "No such file or directory" 

WARNING: Failed to resolve file /org/bouncycastle/jcajce/provider/asymmetric/CompositeSignatures.class with "No such file or directory" 

WARNING: Failed to resolve file /org/bouncycastle/jcajce/provider/asymmetric/compositesignatures/KeyPairGeneratorSpi$MLDSA65_ECDSA_brainpoolP256r1_SHA512.class with "No such file or directory" 

WARNING: Failed to resolve file /org/bouncycastle/jcajce/provider/asymmetric/dh/KeyAgreementSpi$DHwithSHA384CKDF.class with "No such file or directory" 

WARNING: Failed to resolve file /org/bouncycastle/jcajce/provider/asymmetric/ec/BCECPrivateKey.class with "No such file or directory" 

WARNING: Failed to resolve file /org/bouncycastle/jcajce/provider/asymmetric/ec/KeyAgreementSpi$DHUwithSHA224KDF.class with "No such file or directory" 

WARNING: Failed to resolve file /org/bouncycastle/jcajce/provider/asymmetric/ec/KeyPairGeneratorSpi.class with "No such file or directory" 

WARNING: Failed to resolve file /org/bouncycastle/jcajce/provider/asymmetric/ecgost12/KeyAgreementSpi$ECVKO512.class with "No such file or directory" 

WARNING: Failed to resolve file /org/bouncycastle/jcajce/provider/asymmetric/edec/KeyPairGeneratorSpi$X448.class with "No such file or directory" 

WARNING: Failed to resolve file /org/bouncycastle/jcajce/provider/asymmetric/rsa/DigestSignatureSpi$SHA3_384.class with "No such file or directory" 

WARNING: Failed to resolve file /org/bouncycastle/jcajce/provider/asymmetric/rsa/PSSSignatureSpi$SHA512withRSA.class with "No such file or directory" 

WARNING: Failed to resolve file /org/bouncycastle/jcajce/provider/asymmetric/x509/X509CRLInternal.class with "No such file or directory" 

WARNING: Failed to resolve file /org/bouncycastle/jcajce/provider/digest/GOST3411$Mappings.class with "No such file or directory" 

WARNING: Failed to resolve file /org/bouncycastle/jcajce/provider/digest/RIPEMD256$HashMac.class with "No such file or directory" 

WARNING: Failed to resolve file /org/bouncycastle/jcajce/provider/digest/SHA3$Mappings.class with "No such file or directory" 

WARNING: Failed to resolve file /org/bouncycastle/jcajce/provider/digest/Skein$HMacKeyGenerator_512_384.class with "No such file or directory" 

WARNING: Failed to resolve file /org/bouncycastle/jcajce/provider/digest/Whirlpool$KeyGenerator.class with "No such file or directory" 

WARNING: Failed to resolve file /org/bouncycastle/jcajce/provider/keystore/pkcs12/PKCS12KeyStoreSpi$1.class with "No such file or directory" 

WARNING: Failed to resolve file /org/bouncycastle/jcajce/provider/symmetric/AES$PBEWithSHA256And192BitAESBC.class with "No such file or directory" 

WARNING: Failed to resolve file /org/bouncycastle/jcajce/provider/symmetric/CAST5$CBC.class with "No such file or directory" 

WARNING: Failed to resolve file /org/bouncycastle/jcajce/provider/symmetric/DES$Mappings.class with "No such file or directory" 

WARNING: Failed to resolve file /org/bouncycastle/jcajce/provider/symmetric/DSTU7624$GCM128.class with "No such file or directory" 

WARNING: Failed to resolve file /org/bouncycastle/jcajce/provider/symmetric/HC128$KeyGen.class with "No such file or directory" 

WARNING: Failed to resolve file /org/bouncycastle/jcajce/provider/symmetric/PBEPKCS12.class with "No such file or directory" 

WARNING: Failed to resolve file /org/bouncycastle/jcajce/provider/symmetric/Rijndael.class with "No such file or directory" 

WARNING: Failed to resolve file /org/bouncycastle/jcajce/provider/symmetric/Shacal2$AlgParams.class with "No such file or directory" 

WARNING: Failed to resolve file /org/bouncycastle/jcajce/provider/symmetric/Threefish.class with "No such file or directory" 

WARNING: Failed to resolve file /org/bouncycastle/jcajce/provider/symmetric/util/BaseStreamCipher.class with "No such file or directory" 

WARNING: Failed to resolve file /org/bouncycastle/jcajce/spec/SkeinParameterSpec.class with "No such file or directory" 

WARNING: Failed to resolve file /org/bouncycastle/jce/provider/AnnotatedException.class with "No such file or directory" 

WARNING: Failed to resolve file /org/bouncycastle/jce/provider/RFC3280CertPathUtilities.class with "No such file or directory" 

WARNING: Failed to resolve file /org/bouncycastle/math/ec/ECCurve$Config.class with "No such file or directory" 

WARNING: Failed to resolve file /org/bouncycastle/math/ec/custom/gm/SM2P256V1FieldElement.class with "No such file or directory" 

WARNING: Failed to resolve file /org/bouncycastle/math/ec/custom/sec/SecP384R1FieldElement.class with "No such file or directory" 

WARNING: Failed to resolve file /org/bouncycastle/math/ec/custom/sec/SecT239K1Curve.class with "No such file or directory" 

WARNING: Failed to resolve file /org/bouncycastle/math/ec/rfc8032/Ed25519$PointTemp.class with "No such file or directory" 

WARNING: Failed to resolve file /org/bouncycastle/pqc/asn1/PQCObjectIdentifiers.class with "No such file or directory" 

WARNING: Failed to resolve file /org/bouncycastle/pqc/crypto/crystals/dilithium/DilithiumKeyPairGenerator.class with "No such file or directory" 

WARNING: Failed to resolve file /org/bouncycastle/pqc/crypto/falcon/FalconSmallPrime.class with "No such file or directory" 

WARNING: Failed to resolve file /org/bouncycastle/pqc/crypto/hqc/HQCKEMExtractor.class with "No such file or directory" 

WARNING: Failed to resolve file /org/bouncycastle/pqc/crypto/newhope/NHKeyPairGenerator.class with "No such file or directory" 

WARNING: Failed to resolve file /org/bouncycastle/pqc/crypto/picnic/PicnicEngine.class with "No such file or directory" 

WARNING: Failed to resolve file /org/bouncycastle/pqc/crypto/sphincs/SPHINCS256KeyGenerationParameters.class with "No such file or directory" 

WARNING: Failed to resolve file /org/bouncycastle/pqc/crypto/util/PublicKeyFactory$LMSConverter.class with "No such file or directory" 

WARNING: Failed to resolve file /org/bouncycastle/pqc/crypto/xmss/XMSSMTPrivateKeyParameters$Builder.class with "No such file or directory" 

WARNING: Failed to resolve file /org/bouncycastle/pqc/jcajce/interfaces/NHPublicKey.class with "No such file or directory" 

WARNING: Failed to resolve file /org/bouncycastle/pqc/jcajce/provider/SPHINCS.class with "No such file or directory" 

WARNING: Failed to resolve file /org/bouncycastle/pqc/jcajce/provider/falcon/SignatureSpi$Base.class with "No such file or directory" 

WARNING: Failed to resolve file /org/bouncycastle/pqc/jcajce/provider/mceliece/BCMcEliecePrivateKey.class with "No such file or directory" 

WARNING: Failed to resolve file /org/bouncycastle/pqc/jcajce/provider/picnic/BCPicnicPublicKey.class with "No such file or directory" 

WARNING: Failed to resolve file /org/bouncycastle/pqc/jcajce/provider/sphincsplus/SPHINCSPlusKeyPairGeneratorSpi$Shake_256f.class with "No such file or directory" 

WARNING: Failed to resolve file /org/bouncycastle/pqc/jcajce/spec/KyberParameterSpec.class with "No such file or directory" 

WARNING: Failed to resolve file /org/bouncycastle/pqc/legacy/crypto/mceliece/McEliecePrivateKeyParameters.class with "No such file or directory" 

WARNING: Failed to resolve file /org/bouncycastle/pqc/legacy/math/linearalgebra/GF2Matrix.class with "No such file or directory" 

WARNING: Failed to resolve file /org/bouncycastle/pqc/math/ntru/parameters/NTRUHPS2048509.class with "No such file or directory" 

WARNING: Failed to resolve file /org/bouncycastle/util/encoders/HexTranslator.class with "No such file or directory" 

WARNING: Failed to resolve file /org/bouncycastle/x509/X509CRLStoreSelector.class with "No such file or directory" 

Found 215 (out of 11364) source files to analyze in /home/udesou/.bench-agent/git/macro-benches/vendor/.infer-capture-ocaml-5.5.0-f523850-fp
/net/bytebuddy/asm/Advice$OffsetMapping$ForInstrumentedMethod$2.class starting
/net/bytebuddy/asm/Advice$OffsetMapping$ForInstrumentedMethod$2.class DONE
/net/bytebuddy/dynamic/DynamicType$Builder$MethodDefinition$ParameterDefinition$Simple$Annotatable$AbstractBase.class starting
/net/bytebuddy/dynamic/DynamicType$Builder$MethodDefinition$ParameterDefinition$Simple$Annotatable$AbstractBase.class DONE
/net/bytebuddy/implementation/bytecode/assign/reference/GenericTypeAwareAssigner$IsAssignableToVisitor$OfGenericArray.class starting
/net/bytebuddy/implementation/bytecode/assign/reference/GenericTypeAwareAssigner$IsAssignableToVisitor$OfGenericArray.class DONE
/org/apache/lucene/codecs/lucene912/ForUtil.class starting
/org/apache/lucene/codecs/lucene912/ForUtil.class DONE
/org/apache/lucene/document/BinaryPoint$1.class starting
/org/apache/lucene/document/BinaryPoint$1.class DONE
/org/bouncycastle/pqc/crypto/newhope/NHKeyPairGenerator.class starting
/org/bouncycastle/pqc/crypto/newhope/NHKeyPairGenerator.class DONE
/net/bytebuddy/dynamic/scaffold/MethodGraph$Compiler$Default$Key$Store$Entry$Initial.class starting
/net/bytebuddy/dynamic/scaffold/MethodGraph$Compiler$Default$Key$Store$Entry$Initial.class DONE
/org/bouncycastle/asn1/x500/DirectoryString.class starting
/org/bouncycastle/asn1/x500/DirectoryString.class DONE
/org/apache/lucene/search/BlockMaxConjunctionScorer$2.class starting
/org/apache/lucene/search/BlockMaxConjunctionScorer$2.class DONE
/org/bouncycastle/pqc/jcajce/spec/KyberParameterSpec.class starting
/org/bouncycastle/pqc/jcajce/spec/KyberParameterSpec.class DONE
/org/apache/lucene/document/XYShapeDocValues.class starting
/org/apache/lucene/document/XYShapeDocValues.class DONE
/org/apache/lucene/document/XYShapeDocValues.class starting
/org/apache/lucene/document/XYShapeDocValues.class DONE
/org/apache/lucene/document/XYShapeDocValues.class starting
/org/apache/lucene/document/XYShapeDocValues.class DONE
/org/apache/lucene/document/XYShapeDocValues.class starting
/org/apache/lucene/document/XYShapeDocValues.class DONE
/org/apache/lucene/document/XYShapeDocValues.class starting
/org/apache/lucene/document/XYShapeDocValues.class DONE
/org/apache/lucene/document/XYShapeDocValues.class starting
/org/apache/lucene/document/XYShapeDocValues.class DONE
/org/apache/lucene/document/XYShapeDocValues.class starting
/org/apache/lucene/document/XYShapeDocValues.class DONE
/org/apache/lucene/document/XYShapeDocValues.class starting
/org/apache/lucene/document/XYShapeDocValues.class DONE
/org/apache/lucene/document/XYShapeDocValues.class starting
/org/apache/lucene/document/XYShapeDocValues.class DONE
/org/apache/lucene/document/XYShapeDocValues.class starting
/org/apache/lucene/document/XYShapeDocValues.class DONE
/org/apache/lucene/document/XYShapeDocValues.class starting
/org/apache/lucene/document/XYShapeDocValues.class DONE
/org/apache/lucene/document/XYShapeDocValues.class starting
/org/apache/lucene/document/XYShapeDocValues.class DONE
/org/apache/lucene/document/XYShapeDocValues.class starting
/org/apache/lucene/document/XYShapeDocValues.class DONE
/org/apache/lucene/document/XYShapeDocValues.class starting
/org/apache/lucene/document/XYShapeDocValues.class DONE
/org/apache/lucene/document/XYShapeDocValues.class starting
/org/apache/lucene/document/XYShapeDocValues.class DONE
/org/apache/lucene/document/XYShapeDocValues.class starting
/org/apache/lucene/document/XYShapeDocValues.class DONE
/org/apache/lucene/document/XYShapeDocValues.class starting
/org/apache/lucene/document/XYShapeDocValues.class DONE
/org/apache/lucene/document/XYShapeDocValues.class starting
/org/apache/lucene/document/XYShapeDocValues.class DONE
/org/apache/lucene/document/XYShapeDocValues.class starting
/org/apache/lucene/document/XYShapeDocValues.class DONE
/org/apache/lucene/document/XYShapeDocValues.class starting
/org/apache/lucene/document/XYShapeDocValues.class DONE
/org/apache/lucene/document/XYShapeDocValues.class starting
/org/apache/lucene/document/XYShapeDocValues.class DONE
/org/apache/lucene/document/XYShapeDocValues.class starting
/org/apache/lucene/document/XYShapeDocValues.class DONE
/org/apache/lucene/document/XYShapeDocValues.class starting
/org/apache/lucene/document/XYShapeDocValues.class DONE
/org/apache/lucene/document/XYShapeDocValues.class starting
/org/apache/lucene/document/XYShapeDocValues.class DONE
/org/apache/lucene/document/XYShapeDocValues.class starting
/org/apache/lucene/document/XYShapeDocValues.class DONE
/org/apache/lucene/document/XYShapeDocValues.class starting
/org/apache/lucene/document/XYShapeDocValues.class DONE
/org/apache/lucene/document/XYShapeDocValues.class starting
/org/apache/lucene/document/XYShapeDocValues.class DONE
/org/apache/lucene/document/XYShapeDocValues.class starting
/org/apache/lucene/document/XYShapeDocValues.class DONE
/org/apache/lucene/document/XYShapeDocValues.class starting
/org/apache/lucene/document/XYShapeDocValues.class DONE
/org/apache/lucene/document/XYShapeDocValues.class starting
/org/apache/lucene/document/XYShapeDocValues.class DONE
/org/apache/lucene/document/XYShapeDocValues.class starting
/org/apache/lucene/document/XYShapeDocValues.class DONE
/org/apache/lucene/document/XYShapeDocValues.class starting
/org/apache/lucene/document/XYShapeDocValues.class DONE
/org/apache/lucene/document/XYShapeDocValues.class starting
/org/apache/lucene/document/XYShapeDocValues.class DONE
/org/apache/lucene/document/XYShapeDocValues.class starting
/org/apache/lucene/document/XYShapeDocValues.class DONE
/org/apache/lucene/document/XYShapeDocValues.class starting
/org/apache/lucene/document/XYShapeDocValues.class DONE
/org/apache/lucene/document/XYShapeDocValues.class starting
/org/apache/lucene/document/XYShapeDocValues.class DONE
/org/apache/lucene/document/XYShapeDocValues.class starting
/org/apache/lucene/document/XYShapeDocValues.class DONE
/org/apache/lucene/document/XYShapeDocValues.class starting
/org/apache/lucene/document/XYShapeDocValues.class DONE
/org/apache/lucene/document/XYShapeDocValues.class starting
/org/apache/lucene/document/XYShapeDocValues.class DONE
/org/apache/lucene/document/XYShapeDocValues.class starting
/org/apache/lucene/document/XYShapeDocValues.class DONE
/org/apache/lucene/document/XYShapeDocValues.class starting
/org/apache/lucene/document/XYShapeDocValues.class DONE
/org/apache/lucene/document/XYShapeDocValues.class starting
/org/apache/lucene/document/XYShapeDocValues.class DONE
/org/apache/lucene/document/XYShapeDocValues.class starting
/org/apache/lucene/document/XYShapeDocValues.class DONE
/org/apache/lucene/document/XYShapeDocValues.class starting
/org/apache/lucene/document/XYShapeDocValues.class DONE
/org/apache/lucene/document/XYShapeDocValues.class starting
/org/apache/lucene/document/XYShapeDocValues.class DONE
/org/bouncycastle/jcajce/provider/symmetric/AES$PBEWithSHA256And192BitAESBC.class starting
/org/bouncycastle/jcajce/provider/symmetric/AES$PBEWithSHA256And192BitAESBC.class DONE
/org/apache/lucene/document/XYShapeDocValues.class starting
/org/apache/lucene/document/XYShapeDocValues.class DONE
/org/apache/lucene/index/ExitableDirectoryReader$ExitableFilterAtomicReader$4.class starting
/org/apache/lucene/index/ExitableDirectoryReader$ExitableFilterAtomicReader$4.class DONE
/org/apache/lucene/document/XYShapeDocValues.class starting
/org/apache/lucene/document/XYShapeDocValues.class DONE
/org/apache/lucene/document/ShapeField$QueryRelation.class starting
/org/apache/lucene/document/ShapeField$QueryRelation.class DONE
/org/bouncycastle/asn1/x509/sigi/NameOrPseudonym.class starting
/org/bouncycastle/asn1/x509/sigi/NameOrPseudonym.class DONE
/org/apache/lucene/document/XYShapeDocValues.class starting
/org/apache/lucene/document/XYShapeDocValues.class DONE
/org/apache/lucene/search/DoubleValuesSource$DoubleValuesComparatorSource$1.class starting
/org/apache/lucene/search/DoubleValuesSource$DoubleValuesComparatorSource$1.class DONE
/com/google/common/collect/ImmutableMultimap$Builder.class starting
/com/google/common/collect/ImmutableMultimap$Builder.class DONE
/org/apache/lucene/document/XYShapeDocValues.class starting
/org/apache/lucene/document/XYShapeDocValues.class DONE
/org/apache/lucene/document/XYShapeDocValues.class starting
/com/google/common/base/Converter$IdentityConverter.class starting
/org/apache/lucene/document/XYShapeDocValues.class DONE
/org/apache/lucene/document/XYShapeDocValues.class starting
/org/apache/lucene/document/XYShapeDocValues.class DONE
/com/google/common/base/Converter$IdentityConverter.class DONE
/org/apache/lucene/document/XYShapeDocValues.class starting
/org/apache/lucene/document/XYShapeDocValues.class DONE
/net/bytebuddy/agent/builder/package-info.class starting
/net/bytebuddy/agent/builder/package-info.class DONE
/org/apache/lucene/util/Sorter.class starting
/org/apache/lucene/util/Sorter.class DONE
/org/apache/lucene/document/XYShapeDocValues.class starting
/org/apache/lucene/document/XYShapeDocValues.class DONE
/com/google/common/graph/ValueGraph.class starting
/com/google/common/graph/ValueGraph.class DONE
/org/apache/lucene/document/XYShapeDocValues.class starting
/org/apache/lucene/document/XYShapeDocValues.class DONE
/org/bouncycastle/pqc/jcajce/provider/SPHINCS.class starting
/org/bouncycastle/pqc/jcajce/provider/SPHINCS.class DONE
/org/bouncycastle/jcajce/provider/digest/RIPEMD256$HashMac.class starting
/org/bouncycastle/jcajce/provider/digest/RIPEMD256$HashMac.class DONE
/org/apache/lucene/document/XYShapeDocValues.class starting
/org/bouncycastle/jcajce/provider/symmetric/DES$Mappings.class starting
/org/bouncycastle/jcajce/provider/symmetric/DES$Mappings.class DONE
/com/google/common/util/concurrent/Monitor$Guard.class starting
/com/google/common/util/concurrent/Monitor$Guard.class DONE
/net/bytebuddy/pool/TypePool$Default$LazyTypeDescription$LazyMethodDescription$LazyParameterizedReceiverType$TypeArgumentList$AnnotatedTypeVariable.class starting
/net/bytebuddy/pool/TypePool$Default$LazyTypeDescription$LazyMethodDescription$LazyParameterizedReceiverType$TypeArgumentList$AnnotatedTypeVariable.class DONE
/net/bytebuddy/build/Plugin$Factory$UsingReflection$Instantiator$Unresolved.class starting
/net/bytebuddy/build/Plugin$Factory$UsingReflection$Instantiator$Unresolved.class DONE
/org/bouncycastle/crypto/generators/ElGamalParametersGenerator.class starting
/org/bouncycastle/crypto/generators/ElGamalParametersGenerator.class DONE
/org/bouncycastle/crypto/digests/ShortenedDigest.class starting
/org/bouncycastle/crypto/digests/ShortenedDigest.class DONE
/org/apache/lucene/document/XYShapeDocValues.class DONE
/net/bytebuddy/matcher/FilterableList.class starting
/net/bytebuddy/matcher/FilterableList.class DONE
/org/apache/lucene/document/XYShapeDocValues.class starting
/org/apache/lucene/document/XYShapeDocValues.class DONE
/com/google/common/io/BaseEncoding.class starting
/com/google/common/io/BaseEncoding.class DONE
/org/apache/lucene/document/XYShapeDocValues.class starting
/org/apache/lucene/document/XYShapeDocValues.class DONE
/org/bouncycastle/pqc/crypto/picnic/PicnicEngine.class starting
/org/bouncycastle/pqc/crypto/picnic/PicnicEngine.class DONE
/org/apache/lucene/document/XYShapeDocValues.class starting
/org/apache/lucene/document/XYShapeDocValues.class DONE
/org/bouncycastle/jcajce/provider/symmetric/PBEPKCS12.class starting
/org/bouncycastle/jcajce/provider/symmetric/PBEPKCS12.class DONE
/org/apache/lucene/document/XYShapeDocValues.class starting
/org/apache/lucene/document/XYShapeDocValues.class DONE
/org/bouncycastle/crypto/prng/X931SecureRandom.class starting
/org/bouncycastle/crypto/prng/X931SecureRandom.class DONE
/org/apache/lucene/document/XYShapeDocValues.class starting
/org/apache/lucene/document/XYShapeDocValues.class DONE
/org/apache/lucene/document/XYShapeDocValues.class starting
/org/apache/lucene/document/XYShapeDocValues.class DONE
/net/bytebuddy/description/modifier/SynchronizationState.class starting
/net/bytebuddy/description/modifier/SynchronizationState.class DONE
/org/apache/lucene/document/XYShapeDocValues.class starting
/org/apache/lucene/document/XYShapeDocValues.class DONE
/org/apache/lucene/document/XYShapeDocValues.class starting
/org/apache/lucene/search/ConstantScoreQuery$1$1.class starting
/org/apache/lucene/search/ConstantScoreQuery$1$1.class DONE
/org/apache/lucene/internal/hppc/IntDoubleHashMap$EntryIterator.class starting
/org/apache/lucene/internal/hppc/IntDoubleHashMap$EntryIterator.class DONE
/org/apache/lucene/document/XYShapeDocValues.class DONE
/org/bouncycastle/asn1/x509/NameConstraints.class starting
/org/apache/lucene/document/XYShapeDocValues.class starting
/org/bouncycastle/asn1/x509/NameConstraints.class DONE
/com/google/common/graph/GraphBuilder.class starting
/org/apache/lucene/document/XYShapeDocValues.class DONE
/com/google/common/graph/GraphBuilder.class DONE
/org/apache/lucene/document/XYShapeDocValues.class starting
/org/bouncycastle/jcajce/provider/symmetric/Threefish.class starting
/org/bouncycastle/jcajce/provider/symmetric/Threefish.class DONE
/com/google/common/util/concurrent/SimpleTimeLimiter$1.class starting
/com/google/common/util/concurrent/SimpleTimeLimiter$1.class DONE
/net/bytebuddy/dynamic/scaffold/TypeWriter$MethodPool$Record$AccessBridgeWrapper.class starting
/net/bytebuddy/dynamic/scaffold/TypeWriter$MethodPool$Record$AccessBridgeWrapper.class DONE
/net/bytebuddy/dynamic/ClassFileLocator$ForModuleFile.class starting
/net/bytebuddy/dynamic/ClassFileLocator$ForModuleFile.class DONE
/org/apache/lucene/search/ReqOptSumScorer.class starting
/org/apache/lucene/search/ReqOptSumScorer.class DONE
/com/google/common/util/concurrent/AggregateFutureState.class starting
/com/google/common/util/concurrent/AggregateFutureState.class DONE
/com/google/common/annotations/Beta.class starting
/com/google/common/annotations/Beta.class DONE
/com/google/common/collect/DenseImmutableTable.class starting
/com/google/common/collect/DenseImmutableTable.class DONE
/org/bouncycastle/math/ec/custom/gm/SM2P256V1FieldElement.class starting
/org/apache/lucene/document/XYShapeDocValues.class DONE
/org/apache/lucene/document/XYShapeDocValues.class starting
/org/apache/lucene/document/XYShapeDocValues.class DONE
/org/apache/lucene/document/XYShapeDocValues.class starting
/org/bouncycastle/math/ec/custom/gm/SM2P256V1FieldElement.class DONE
/org/bouncycastle/math/ec/custom/gm/SM2P256V1FieldElement.class starting
/org/bouncycastle/math/ec/custom/gm/SM2P256V1FieldElement.class DONE
/org/bouncycastle/math/ec/custom/gm/SM2P256V1FieldElement.class starting
/org/bouncycastle/math/ec/custom/gm/SM2P256V1FieldElement.class DONE
/org/apache/lucene/document/XYShapeDocValues.class DONE
/org/apache/lucene/document/XYShapeDocValues.class starting
/org/apache/lucene/document/XYShapeDocValues.class DONE
/org/bouncycastle/math/ec/custom/gm/SM2P256V1FieldElement.class starting
/org/apache/lucene/document/XYShapeDocValues.class starting
/org/apache/lucene/document/XYShapeDocValues.class DONE
/org/bouncycastle/math/ec/custom/gm/SM2P256V1FieldElement.class DONE
/org/apache/lucene/document/XYShapeDocValues.class starting
/org/apache/lucene/document/XYShapeDocValues.class DONE
/org/bouncycastle/math/ec/custom/gm/SM2P256V1FieldElement.class starting
/org/apache/lucene/document/XYShapeDocValues.class starting
/org/apache/lucene/document/XYShapeDocValues.class DONE
/org/bouncycastle/math/ec/custom/gm/SM2P256V1FieldElement.class DONE
/org/apache/lucene/document/XYShapeDocValues.class starting
/org/apache/lucene/document/XYShapeDocValues.class DONE
/org/apache/lucene/document/XYShapeDocValues.class starting
/org/apache/lucene/document/XYShapeDocValues.class DONE
/org/apache/lucene/document/XYShapeDocValues.class starting
/org/apache/lucene/document/XYShapeDocValues.class DONE
/org/apache/lucene/document/XYShapeDocValues.class starting
/org/apache/lucene/document/XYShapeDocValues.class DONE
/org/apache/lucene/document/XYShapeDocValues.class starting
/org/apache/lucene/document/XYShapeDocValues.class DONE
/org/apache/lucene/document/XYShapeDocValues.class starting
/org/apache/lucene/document/XYShapeDocValues.class DONE
/org/apache/lucene/document/XYShapeDocValues.class starting
/org/apache/lucene/document/XYShapeDocValues.class DONE
/org/bouncycastle/math/ec/custom/gm/SM2P256V1FieldElement.class starting
/org/bouncycastle/math/ec/custom/gm/SM2P256V1FieldElement.class DONE
/org/bouncycastle/math/ec/custom/gm/SM2P256V1FieldElement.class starting
/org/apache/lucene/document/XYShapeDocValues.class starting
/org/bouncycastle/math/ec/custom/gm/SM2P256V1FieldElement.class DONE
/org/bouncycastle/math/ec/custom/gm/SM2P256V1FieldElement.class starting
/org/apache/lucene/document/XYShapeDocValues.class DONE
/org/bouncycastle/math/ec/custom/gm/SM2P256V1FieldElement.class DONE
/org/bouncycastle/math/ec/custom/gm/SM2P256V1FieldElement.class starting
/org/apache/lucene/document/XYShapeDocValues.class starting
/org/apache/lucene/document/XYShapeDocValues.class DONE
/org/bouncycastle/math/ec/custom/gm/SM2P256V1FieldElement.class DONE
/org/apache/lucene/document/XYShapeDocValues.class starting
/org/bouncycastle/math/ec/custom/gm/SM2P256V1FieldElement.class starting
/org/apache/lucene/document/XYShapeDocValues.class DONE
/org/bouncycastle/math/ec/custom/gm/SM2P256V1FieldElement.class DONE
/org/apache/lucene/document/XYShapeDocValues.class starting
/org/apache/lucene/document/XYShapeDocValues.class DONE
/org/bouncycastle/math/ec/custom/gm/SM2P256V1FieldElement.class starting
/org/bouncycastle/math/ec/custom/gm/SM2P256V1FieldElement.class DONE
/org/bouncycastle/math/ec/custom/gm/SM2P256V1FieldElement.class starting
/org/bouncycastle/math/ec/custom/gm/SM2P256V1FieldElement.class DONE
/org/apache/lucene/document/XYShapeDocValues.class starting
/org/apache/lucene/document/XYShapeDocValues.class DONE
/org/bouncycastle/math/ec/custom/gm/SM2P256V1FieldElement.class starting
/org/bouncycastle/math/ec/custom/gm/SM2P256V1FieldElement.class DONE
/org/bouncycastle/math/ec/custom/gm/SM2P256V1FieldElement.class starting
/org/bouncycastle/math/ec/custom/gm/SM2P256V1FieldElement.class DONE
/org/apache/lucene/document/XYShapeDocValues.class starting
/org/apache/lucene/document/XYShapeDocValues.class DONE
/org/bouncycastle/math/ec/custom/gm/SM2P256V1FieldElement.class starting
/org/bouncycastle/math/ec/custom/gm/SM2P256V1FieldElement.class DONE
/org/apache/lucene/document/XYShapeDocValues.class starting
/org/apache/lucene/document/XYShapeDocValues.class DONE
/org/apache/lucene/document/XYShapeDocValues.class starting
/org/apache/lucene/document/XYShapeDocValues.class DONE
/org/bouncycastle/math/ec/custom/gm/SM2P256V1FieldElement.class starting
/org/bouncycastle/math/ec/custom/gm/SM2P256V1FieldElement.class DONE
/org/bouncycastle/math/ec/custom/gm/SM2P256V1FieldElement.class starting
/org/bouncycastle/math/ec/custom/gm/SM2P256V1FieldElement.class DONE
/org/apache/lucene/document/XYShapeDocValues.class starting
/org/apache/lucene/document/XYShapeDocValues.class DONE
/org/bouncycastle/math/ec/custom/gm/SM2P256V1FieldElement.class starting
/org/bouncycastle/math/ec/custom/gm/SM2P256V1FieldElement.class DONE
/org/apache/lucene/document/XYShapeDocValues.class starting
/org/apache/lucene/document/XYShapeDocValues.class DONE
/org/bouncycastle/math/ec/custom/gm/SM2P256V1FieldElement.class starting
/org/bouncycastle/math/ec/custom/gm/SM2P256V1FieldElement.class DONE
/org/bouncycastle/math/ec/custom/gm/SM2P256V1FieldElement.class starting
/org/bouncycastle/math/ec/custom/gm/SM2P256V1FieldElement.class DONE
/org/apache/lucene/document/XYShapeDocValues.class starting
/org/apache/lucene/document/XYShapeDocValues.class DONE
/org/apache/lucene/document/XYShapeDocValues.class starting
/org/apache/lucene/document/XYShapeDocValues.class DONE
/org/bouncycastle/math/ec/custom/gm/SM2P256V1FieldElement.class starting
/org/bouncycastle/math/ec/custom/gm/SM2P256V1FieldElement.class DONE
/org/apache/lucene/document/XYShapeDocValues.class starting
/org/apache/lucene/document/XYShapeDocValues.class DONE
/org/bouncycastle/math/ec/custom/gm/SM2P256V1FieldElement.class starting
/org/bouncycastle/math/ec/custom/gm/SM2P256V1FieldElement.class DONE
/org/apache/lucene/document/XYShapeDocValues.class starting
/org/apache/lucene/document/XYShapeDocValues.class DONE
/org/bouncycastle/math/ec/custom/gm/SM2P256V1FieldElement.class starting
/org/bouncycastle/math/ec/custom/gm/SM2P256V1FieldElement.class DONE
/org/apache/lucene/document/XYShapeDocValues.class starting
/org/bouncycastle/math/ec/custom/gm/SM2P256V1FieldElement.class starting
/org/bouncycastle/math/ec/custom/gm/SM2P256V1FieldElement.class DONE
/org/bouncycastle/math/ec/custom/gm/SM2P256V1FieldElement.class starting
/org/apache/lucene/document/XYShapeDocValues.class DONE
/org/apache/lucene/document/XYShapeDocValues.class starting
/org/bouncycastle/math/ec/custom/gm/SM2P256V1FieldElement.class DONE
/org/apache/lucene/document/XYShapeDocValues.class DONE
/org/apache/lucene/document/XYShapeDocValues.class starting
/org/bouncycastle/math/ec/custom/gm/SM2P256V1FieldElement.class starting
/org/bouncycastle/math/ec/custom/gm/SM2P256V1FieldElement.class DONE
/org/apache/lucene/document/XYShapeDocValues.class DONE
/org/apache/lucene/document/XYShapeDocValues.class starting
/org/bouncycastle/math/ec/custom/gm/SM2P256V1FieldElement.class starting
/org/apache/lucene/document/XYShapeDocValues.class DONE
/org/apache/lucene/document/XYShapeDocValues.class starting
/org/apache/lucene/document/XYShapeDocValues.class DONE
/org/apache/lucene/document/XYShapeDocValues.class starting
/org/apache/lucene/document/XYShapeDocValues.class DONE
/org/apache/lucene/document/XYShapeDocValues.class starting
/org/apache/lucene/document/XYShapeDocValues.class DONE
/org/apache/lucene/document/XYShapeDocValues.class starting
/org/apache/lucene/document/XYShapeDocValues.class DONE
/org/apache/lucene/document/XYShapeDocValues.class starting
/org/apache/lucene/document/XYShapeDocValues.class DONE
/org/apache/lucene/document/XYShapeDocValues.class starting
/org/apache/lucene/document/XYShapeDocValues.class DONE
/org/apache/lucene/document/XYShapeDocValues.class starting
/org/apache/lucene/document/XYShapeDocValues.class DONE
/org/apache/lucene/document/XYShapeDocValues.class starting
/org/apache/lucene/document/XYShapeDocValues.class DONE
/org/apache/lucene/document/XYShapeDocValues.class starting
/org/apache/lucene/document/XYShapeDocValues.class DONE
/org/apache/lucene/document/XYShapeDocValues.class starting
/org/apache/lucene/document/XYShapeDocValues.class DONE
/org/bouncycastle/math/ec/custom/gm/SM2P256V1FieldElement.class DONE
/org/bouncycastle/math/ec/custom/gm/SM2P256V1FieldElement.class starting
/org/bouncycastle/math/ec/custom/gm/SM2P256V1FieldElement.class DONE
/org/apache/lucene/document/XYShapeDocValues.class starting
/org/apache/lucene/document/XYShapeDocValues.class DONE
/org/apache/lucene/document/XYShapeDocValues.class starting
/org/apache/lucene/document/XYShapeDocValues.class DONE
/org/apache/lucene/document/XYShapeDocValues.class starting
/org/apache/lucene/document/XYShapeDocValues.class DONE
/org/bouncycastle/math/ec/custom/gm/SM2P256V1FieldElement.class starting
/org/bouncycastle/math/ec/custom/gm/SM2P256V1FieldElement.class DONE
/org/apache/lucene/document/XYShapeDocValues.class starting
/org/bouncycastle/math/ec/custom/gm/SM2P256V1FieldElement.class starting
/org/apache/lucene/document/XYShapeDocValues.class DONE
/org/apache/lucene/document/XYShapeDocValues.class starting
/org/apache/lucene/document/XYShapeDocValues.class DONE
/org/apache/lucene/document/XYShapeDocValues.class starting
/org/apache/lucene/document/XYShapeDocValues.class DONE
/org/apache/lucene/document/XYShapeDocValues.class starting
/org/apache/lucene/document/XYShapeDocValues.class DONE
/org/bouncycastle/math/ec/custom/gm/SM2P256V1FieldElement.class DONE
/org/bouncycastle/math/ec/custom/gm/SM2P256V1FieldElement.class starting
/org/bouncycastle/math/ec/custom/gm/SM2P256V1FieldElement.class DONE
/org/apache/lucene/document/XYShapeDocValues.class starting
/org/apache/lucene/document/XYShapeDocValues.class DONE
/org/bouncycastle/math/ec/custom/gm/SM2P256V1FieldElement.class starting
/org/bouncycastle/math/ec/custom/gm/SM2P256V1FieldElement.class DONE
/org/apache/lucene/document/XYShapeDocValues.class starting
/org/apache/lucene/document/XYShapeDocValues.class DONE
/org/bouncycastle/math/ec/custom/gm/SM2P256V1FieldElement.class starting
/org/bouncycastle/math/ec/custom/gm/SM2P256V1FieldElement.class DONE
/org/apache/lucene/document/XYShapeDocValues.class starting
/org/apache/lucene/document/XYShapeDocValues.class DONE
/org/bouncycastle/math/ec/custom/gm/SM2P256V1FieldElement.class starting
/org/bouncycastle/math/ec/custom/gm/SM2P256V1FieldElement.class DONE
/org/apache/lucene/document/XYShapeDocValues.class starting
/org/apache/lucene/document/XYShapeDocValues.class DONE
/org/bouncycastle/math/ec/custom/gm/SM2P256V1FieldElement.class starting
/org/bouncycastle/math/ec/custom/gm/SM2P256V1FieldElement.class DONE
/org/bouncycastle/math/ec/custom/gm/SM2P256V1FieldElement.class starting
/org/bouncycastle/math/ec/custom/gm/SM2P256V1FieldElement.class DONE
/org/apache/lucene/document/XYShapeDocValues.class starting
/org/bouncycastle/math/ec/custom/gm/SM2P256V1FieldElement.class starting
/org/bouncycastle/math/ec/custom/gm/SM2P256V1FieldElement.class DONE
/org/bouncycastle/math/ec/custom/gm/SM2P256V1FieldElement.class starting
/org/bouncycastle/math/ec/custom/gm/SM2P256V1FieldElement.class DONE
/org/bouncycastle/math/ec/custom/gm/SM2P256V1FieldElement.class starting
/org/bouncycastle/math/ec/custom/gm/SM2P256V1FieldElement.class DONE
/org/bouncycastle/math/ec/custom/gm/SM2P256V1FieldElement.class starting
/org/bouncycastle/math/ec/custom/gm/SM2P256V1FieldElement.class DONE
/org/apache/lucene/document/XYShapeDocValues.class DONE
/org/bouncycastle/math/ec/custom/gm/SM2P256V1FieldElement.class starting
/org/bouncycastle/math/ec/custom/gm/SM2P256V1FieldElement.class DONE
/org/apache/lucene/document/XYShapeDocValues.class starting
/org/apache/lucene/document/XYShapeDocValues.class DONE
/org/bouncycastle/math/ec/custom/gm/SM2P256V1FieldElement.class starting
/org/bouncycastle/math/ec/custom/gm/SM2P256V1FieldElement.class DONE
/org/apache/lucene/document/XYShapeDocValues.class starting
/org/apache/lucene/document/XYShapeDocValues.class DONE
/org/bouncycastle/math/ec/custom/gm/SM2P256V1FieldElement.class starting
/org/bouncycastle/math/ec/custom/gm/SM2P256V1FieldElement.class DONE
/org/apache/lucene/document/XYShapeDocValues.class starting
/org/apache/lucene/document/XYShapeDocValues.class DONE
/org/bouncycastle/math/ec/custom/gm/SM2P256V1FieldElement.class starting
/org/apache/lucene/document/XYShapeDocValues.class starting
/org/apache/lucene/document/XYShapeDocValues.class DONE
/org/bouncycastle/math/ec/custom/gm/SM2P256V1FieldElement.class DONE
/org/apache/lucene/document/XYShapeDocValues.class starting
/org/bouncycastle/math/ec/custom/gm/SM2P256V1FieldElement.class starting
/org/apache/lucene/document/XYShapeDocValues.class DONE
/org/apache/lucene/document/XYShapeDocValues.class starting
/org/apache/lucene/document/XYShapeDocValues.class DONE
/org/bouncycastle/math/ec/custom/gm/SM2P256V1FieldElement.class DONE
/org/apache/lucene/document/XYShapeDocValues.class starting
/org/apache/lucene/document/XYShapeDocValues.class DONE
/org/apache/lucene/document/XYShapeDocValues.class starting
/org/apache/lucene/document/XYShapeDocValues.class DONE
/org/bouncycastle/math/ec/custom/gm/SM2P256V1FieldElement.class starting
/org/apache/lucene/document/XYShapeDocValues.class starting
/org/bouncycastle/math/ec/custom/gm/SM2P256V1FieldElement.class DONE
/org/bouncycastle/math/ec/custom/gm/SM2P256V1FieldElement.class starting
/org/bouncycastle/math/ec/custom/gm/SM2P256V1FieldElement.class DONE
/org/bouncycastle/math/ec/custom/gm/SM2P256V1FieldElement.class starting
/org/apache/lucene/document/XYShapeDocValues.class DONE
/org/bouncycastle/math/ec/custom/gm/SM2P256V1FieldElement.class DONE
/org/apache/lucene/document/XYShapeDocValues.class starting
/org/apache/lucene/document/XYShapeDocValues.class DONE
/org/apache/lucene/document/XYShapeDocValues.class starting
/org/apache/lucene/document/XYShapeDocValues.class DONE
/org/bouncycastle/math/ec/custom/gm/SM2P256V1FieldElement.class starting
/org/bouncycastle/math/ec/custom/gm/SM2P256V1FieldElement.class DONE
/org/bouncycastle/math/ec/custom/gm/SM2P256V1FieldElement.class starting
/org/bouncycastle/math/ec/custom/gm/SM2P256V1FieldElement.class DONE
/org/apache/lucene/document/XYShapeDocValues.class starting
/org/apache/lucene/document/XYShapeDocValues.class DONE
/org/apache/lucene/document/XYShapeDocValues.class starting
/org/bouncycastle/math/ec/custom/gm/SM2P256V1FieldElement.class starting
/org/apache/lucene/document/XYShapeDocValues.class DONE
/org/apache/lucene/document/XYShapeDocValues.class starting
/org/apache/lucene/document/XYShapeDocValues.class DONE
/org/apache/lucene/document/XYShapeDocValues.class starting
/org/apache/lucene/document/XYShapeDocValues.class DONE
/org/apache/lucene/document/XYShapeDocValues.class starting
/org/apache/lucene/document/XYShapeDocValues.class DONE
/org/bouncycastle/math/ec/custom/gm/SM2P256V1FieldElement.class DONE
/org/bouncycastle/math/ec/custom/gm/SM2P256V1FieldElement.class starting
/org/apache/lucene/document/XYShapeDocValues.class starting
/org/apache/lucene/document/XYShapeDocValues.class DONE
/org/bouncycastle/math/ec/custom/gm/SM2P256V1FieldElement.class DONE
/org/bouncycastle/math/ec/custom/gm/SM2P256V1FieldElement.class starting
/org/apache/lucene/document/XYShapeDocValues.class starting
/org/bouncycastle/math/ec/custom/gm/SM2P256V1FieldElement.class DONE
/org/apache/lucene/document/XYShapeDocValues.class DONE
/org/bouncycastle/math/ec/custom/gm/SM2P256V1FieldElement.class starting
/org/bouncycastle/math/ec/custom/gm/SM2P256V1FieldElement.class DONE
/org/apache/lucene/document/XYShapeDocValues.class starting
/org/apache/lucene/document/XYShapeDocValues.class DONE
/org/apache/lucene/document/XYShapeDocValues.class starting
/org/apache/lucene/document/XYShapeDocValues.class DONE
/org/bouncycastle/math/ec/custom/gm/SM2P256V1FieldElement.class starting
/org/bouncycastle/math/ec/custom/gm/SM2P256V1FieldElement.class DONE
/org/bouncycastle/math/ec/custom/gm/SM2P256V1FieldElement.class starting
/org/bouncycastle/math/ec/custom/gm/SM2P256V1FieldElement.class DONE
/org/bouncycastle/math/ec/custom/gm/SM2P256V1FieldElement.class starting
/org/bouncycastle/math/ec/custom/gm/SM2P256V1FieldElement.class DONE
/org/bouncycastle/math/ec/custom/gm/SM2P256V1FieldElement.class starting
/org/bouncycastle/math/ec/custom/gm/SM2P256V1FieldElement.class DONE
/org/apache/lucene/document/XYShapeDocValues.class starting
/org/apache/lucene/document/XYShapeDocValues.class DONE
/org/apache/lucene/document/XYShapeDocValues.class starting
/org/apache/lucene/document/XYShapeDocValues.class DONE
/org/bouncycastle/math/ec/custom/gm/SM2P256V1FieldElement.class starting
/org/bouncycastle/math/ec/custom/gm/SM2P256V1FieldElement.class DONE
/org/bouncycastle/math/ec/custom/gm/SM2P256V1FieldElement.class starting
/org/bouncycastle/math/ec/custom/gm/SM2P256V1FieldElement.class DONE
/org/apache/lucene/document/XYShapeDocValues.class starting
/org/apache/lucene/document/XYShapeDocValues.class DONE
/org/apache/lucene/document/XYShapeDocValues.class starting
/org/apache/lucene/document/XYShapeDocValues.class DONE
/org/bouncycastle/math/ec/custom/gm/SM2P256V1FieldElement.class starting
/org/bouncycastle/math/ec/custom/gm/SM2P256V1FieldElement.class DONE
/org/bouncycastle/math/ec/custom/gm/SM2P256V1FieldElement.class starting
/org/bouncycastle/math/ec/custom/gm/SM2P256V1FieldElement.class DONE
/org/apache/lucene/document/XYShapeDocValues.class starting
/org/apache/lucene/document/XYShapeDocValues.class DONE
/org/apache/lucene/document/XYShapeDocValues.class starting
/org/apache/lucene/document/XYShapeDocValues.class DONE
/org/bouncycastle/math/ec/custom/gm/SM2P256V1FieldElement.class starting
/org/bouncycastle/math/ec/custom/gm/SM2P256V1FieldElement.class DONE
/org/apache/lucene/document/XYShapeDocValues.class starting
/org/apache/lucene/document/XYShapeDocValues.class DONE
/org/apache/lucene/document/XYShapeDocValues.class starting
/org/apache/lucene/document/XYShapeDocValues.class DONE
/org/bouncycastle/math/ec/custom/gm/SM2P256V1FieldElement.class starting
/org/bouncycastle/math/ec/custom/gm/SM2P256V1FieldElement.class DONE
/org/apache/lucene/document/XYShapeDocValues.class starting
/org/apache/lucene/document/XYShapeDocValues.class DONE
/org/bouncycastle/math/ec/custom/gm/SM2P256V1FieldElement.class starting
/org/bouncycastle/math/ec/custom/gm/SM2P256V1FieldElement.class DONE
/org/apache/lucene/document/XYShapeDocValues.class starting
/org/apache/lucene/document/XYShapeDocValues.class DONE
/org/bouncycastle/math/ec/custom/gm/SM2P256V1FieldElement.class starting
/org/bouncycastle/math/ec/custom/gm/SM2P256V1FieldElement.class DONE
/org/apache/lucene/document/XYShapeDocValues.class starting
/org/apache/lucene/document/XYShapeDocValues.class DONE
/org/bouncycastle/math/ec/custom/gm/SM2P256V1FieldElement.class starting
/org/bouncycastle/math/ec/custom/gm/SM2P256V1FieldElement.class DONE
/org/apache/lucene/document/XYShapeDocValues.class starting
/org/bouncycastle/math/ec/custom/gm/SM2P256V1FieldElement.class starting
/org/apache/lucene/document/XYShapeDocValues.class DONE
/org/bouncycastle/math/ec/custom/gm/SM2P256V1FieldElement.class DONE
/org/bouncycastle/math/ec/custom/gm/SM2P256V1FieldElement.class starting
/org/apache/lucene/document/XYShapeDocValues.class starting
/org/bouncycastle/math/ec/custom/gm/SM2P256V1FieldElement.class DONE
/org/bouncycastle/math/ec/custom/gm/SM2P256V1FieldElement.class starting
/org/apache/lucene/document/XYShapeDocValues.class DONE
/org/apache/lucene/document/XYShapeDocValues.class starting
/org/apache/lucene/document/XYShapeDocValues.class DONE
/org/bouncycastle/math/ec/custom/gm/SM2P256V1FieldElement.class DONE
/org/bouncycastle/math/ec/custom/gm/SM2P256V1FieldElement.class starting
/org/apache/lucene/document/XYShapeDocValues.class starting
/org/bouncycastle/math/ec/custom/gm/SM2P256V1FieldElement.class DONE
/org/apache/lucene/document/XYShapeDocValues.class DONE
/org/bouncycastle/math/ec/custom/gm/SM2P256V1FieldElement.class starting
/org/apache/lucene/document/XYShapeDocValues.class starting
/org/bouncycastle/math/ec/custom/gm/SM2P256V1FieldElement.class DONE
/org/bouncycastle/math/ec/custom/gm/SM2P256V1FieldElement.class starting
/org/bouncycastle/math/ec/custom/gm/SM2P256V1FieldElement.class DONE
/org/bouncycastle/math/ec/custom/gm/SM2P256V1FieldElement.class starting
/org/bouncycastle/math/ec/custom/gm/SM2P256V1FieldElement.class DONE
/org/apache/lucene/document/XYShapeDocValues.class DONE
/org/apache/lucene/document/XYShapeDocValues.class starting
/org/apache/lucene/document/XYShapeDocValues.class DONE
/org/apache/lucene/document/XYShapeDocValues.class starting
/org/apache/lucene/document/XYShapeDocValues.class DONE
/org/apache/lucene/document/XYShapeDocValues.class starting
/org/apache/lucene/document/XYShapeDocValues.class DONE
/org/apache/lucene/document/XYShapeDocValues.class starting
/org/apache/lucene/document/XYShapeDocValues.class DONE
/org/apache/lucene/document/XYShapeDocValues.class starting
/org/apache/lucene/document/XYShapeDocValues.class DONE
/org/bouncycastle/math/ec/custom/gm/SM2P256V1FieldElement.class starting
/org/bouncycastle/math/ec/custom/gm/SM2P256V1FieldElement.class DONE
/org/apache/lucene/document/XYShapeDocValues.class starting
/org/apache/lucene/document/XYShapeDocValues.class DONE
/org/bouncycastle/math/ec/custom/gm/SM2P256V1FieldElement.class starting
/org/bouncycastle/math/ec/custom/gm/SM2P256V1FieldElement.class DONE
/org/apache/lucene/document/XYShapeDocValues.class starting
/org/apache/lucene/document/XYShapeDocValues.class DONE
/org/bouncycastle/math/ec/custom/gm/SM2P256V1FieldElement.class starting
/org/bouncycastle/math/ec/custom/gm/SM2P256V1FieldElement.class DONE
/org/apache/lucene/document/XYShapeDocValues.class starting
/org/apache/lucene/document/XYShapeDocValues.class DONE
/org/bouncycastle/math/ec/custom/gm/SM2P256V1FieldElement.class starting
/org/bouncycastle/math/ec/custom/gm/SM2P256V1FieldElement.class DONE
/org/bouncycastle/math/ec/custom/gm/SM2P256V1FieldElement.class starting
/org/bouncycastle/math/ec/custom/gm/SM2P256V1FieldElement.class DONE
/org/bouncycastle/math/ec/custom/gm/SM2P256V1FieldElement.class starting
/org/bouncycastle/math/ec/custom/gm/SM2P256V1FieldElement.class DONE
/org/apache/lucene/document/XYShapeDocValues.class starting
/org/apache/lucene/document/XYShapeDocValues.class DONE
/org/apache/lucene/document/XYShapeDocValues.class starting
/org/apache/lucene/document/XYShapeDocValues.class DONE
/org/apache/lucene/document/XYShapeDocValues.class starting
/org/bouncycastle/math/ec/custom/gm/SM2P256V1FieldElement.class starting
/org/apache/lucene/document/XYShapeDocValues.class DONE
/org/bouncycastle/math/ec/custom/gm/SM2P256V1FieldElement.class DONE
/org/bouncycastle/math/ec/custom/gm/SM2P256V1FieldElement.class starting
/org/bouncycastle/math/ec/custom/gm/SM2P256V1FieldElement.class DONE
/org/apache/lucene/document/XYShapeDocValues.class starting
/org/apache/lucene/document/XYShapeDocValues.class DONE
/org/bouncycastle/math/ec/custom/gm/SM2P256V1FieldElement.class starting
/org/bouncycastle/math/ec/custom/gm/SM2P256V1FieldElement.class DONE
/org/apache/lucene/document/XYShapeDocValues.class starting
/org/apache/lucene/document/XYShapeDocValues.class DONE
/org/apache/lucene/document/XYShapeDocValues.class starting
/org/apache/lucene/document/XYShapeDocValues.class DONE
/org/bouncycastle/math/ec/custom/gm/SM2P256V1FieldElement.class starting
/org/bouncycastle/math/ec/custom/gm/SM2P256V1FieldElement.class DONE
/org/bouncycastle/math/ec/custom/gm/SM2P256V1FieldElement.class starting
/org/bouncycastle/math/ec/custom/gm/SM2P256V1FieldElement.class DONE
/org/apache/lucene/document/XYShapeDocValues.class starting
/org/apache/lucene/document/XYShapeDocValues.class DONE
/org/apache/lucene/document/XYShapeDocValues.class starting
/org/apache/lucene/document/XYShapeDocValues.class DONE
/org/apache/lucene/document/XYShapeDocValues.class starting
/org/apache/lucene/document/XYShapeDocValues.class DONE
/org/bouncycastle/math/ec/custom/gm/SM2P256V1FieldElement.class starting
/org/bouncycastle/math/ec/custom/gm/SM2P256V1FieldElement.class DONE
/org/apache/lucene/document/XYShapeDocValues.class starting
/org/apache/lucene/document/XYShapeDocValues.class DONE
/org/bouncycastle/math/ec/custom/gm/SM2P256V1FieldElement.class starting
/org/bouncycastle/math/ec/custom/gm/SM2P256V1FieldElement.class DONE
/org/apache/lucene/document/XYShapeDocValues.class starting
/org/apache/lucene/document/XYShapeDocValues.class DONE
/org/bouncycastle/math/ec/custom/gm/SM2P256V1FieldElement.class starting
/org/bouncycastle/math/ec/custom/gm/SM2P256V1FieldElement.class DONE
/org/apache/lucene/document/XYShapeDocValues.class starting
/org/apache/lucene/document/XYShapeDocValues.class DONE
/org/bouncycastle/math/ec/custom/gm/SM2P256V1FieldElement.class starting
/org/bouncycastle/math/ec/custom/gm/SM2P256V1FieldElement.class DONE
/org/apache/lucene/document/XYShapeDocValues.class starting
/org/apache/lucene/document/XYShapeDocValues.class DONE
/org/apache/lucene/document/XYShapeDocValues.class starting
/org/apache/lucene/document/XYShapeDocValues.class DONE
/org/bouncycastle/math/ec/custom/gm/SM2P256V1FieldElement.class starting
/org/bouncycastle/math/ec/custom/gm/SM2P256V1FieldElement.class DONE
/org/apache/lucene/document/XYShapeDocValues.class starting
/org/apache/lucene/document/XYShapeDocValues.class DONE
/org/bouncycastle/math/ec/custom/gm/SM2P256V1FieldElement.class starting
/org/bouncycastle/math/ec/custom/gm/SM2P256V1FieldElement.class DONE
/org/apache/lucene/document/XYShapeDocValues.class starting
/org/apache/lucene/document/XYShapeDocValues.class DONE
/org/bouncycastle/math/ec/custom/gm/SM2P256V1FieldElement.class starting
/org/bouncycastle/math/ec/custom/gm/SM2P256V1FieldElement.class DONE
/org/bouncycastle/math/ec/custom/gm/SM2P256V1FieldElement.class starting
/org/bouncycastle/math/ec/custom/gm/SM2P256V1FieldElement.class DONE
/org/bouncycastle/math/ec/custom/gm/SM2P256V1FieldElement.class starting
/org/bouncycastle/math/ec/custom/gm/SM2P256V1FieldElement.class DONE
/org/bouncycastle/math/ec/custom/gm/SM2P256V1FieldElement.class starting
/org/bouncycastle/math/ec/custom/gm/SM2P256V1FieldElement.class DONE
/org/apache/lucene/document/XYShapeDocValues.class starting
/org/apache/lucene/document/XYShapeDocValues.class DONE
/org/apache/lucene/document/XYShapeDocValues.class starting
/org/apache/lucene/document/XYShapeDocValues.class DONE
/org/apache/lucene/document/XYShapeDocValues.class starting
/org/apache/lucene/document/XYShapeDocValues.class DONE
/org/bouncycastle/math/ec/custom/gm/SM2P256V1FieldElement.class starting
/org/bouncycastle/math/ec/custom/gm/SM2P256V1FieldElement.class DONE
/org/bouncycastle/math/ec/custom/gm/SM2P256V1FieldElement.class starting
/org/bouncycastle/math/ec/custom/gm/SM2P256V1FieldElement.class DONE
/org/bouncycastle/math/ec/custom/gm/SM2P256V1FieldElement.class starting
/org/apache/lucene/document/XYShapeDocValues.class starting
/org/apache/lucene/document/XYShapeDocValues.class DONE
/org/bouncycastle/math/ec/custom/gm/SM2P256V1FieldElement.class DONE
/org/bouncycastle/math/ec/custom/gm/SM2P256V1FieldElement.class starting
/org/bouncycastle/math/ec/custom/gm/SM2P256V1FieldElement.class DONE
/org/bouncycastle/math/ec/custom/gm/SM2P256V1FieldElement.class starting
/org/bouncycastle/math/ec/custom/gm/SM2P256V1FieldElement.class DONE
/org/bouncycastle/math/ec/custom/gm/SM2P256V1FieldElement.class starting
/org/bouncycastle/math/ec/custom/gm/SM2P256V1FieldElement.class DONE
/org/apache/lucene/document/XYShapeDocValues.class starting
/org/apache/lucene/document/XYShapeDocValues.class DONE
/org/bouncycastle/math/ec/custom/gm/SM2P256V1FieldElement.class starting
/org/bouncycastle/math/ec/custom/gm/SM2P256V1FieldElement.class DONE
/org/apache/lucene/document/XYShapeDocValues.class starting
/org/apache/lucene/document/XYShapeDocValues.class DONE
/org/bouncycastle/math/ec/custom/gm/SM2P256V1FieldElement.class starting
/org/bouncycastle/math/ec/custom/gm/SM2P256V1FieldElement.class DONE
/org/apache/lucene/document/XYShapeDocValues.class starting
/org/apache/lucene/document/XYShapeDocValues.class DONE
/org/apache/lucene/document/XYShapeDocValues.class starting
/org/apache/lucene/document/XYShapeDocValues.class DONE
/org/bouncycastle/math/ec/custom/gm/SM2P256V1FieldElement.class starting
/org/bouncycastle/math/ec/custom/gm/SM2P256V1FieldElement.class DONE
/org/apache/lucene/document/XYShapeDocValues.class starting
/org/apache/lucene/document/XYShapeDocValues.class DONE
/org/bouncycastle/math/ec/custom/gm/SM2P256V1FieldElement.class starting
/org/bouncycastle/math/ec/custom/gm/SM2P256V1FieldElement.class DONE
/org/apache/lucene/document/XYShapeDocValues.class starting
/org/apache/lucene/document/XYShapeDocValues.class DONE
/org/bouncycastle/math/ec/custom/gm/SM2P256V1FieldElement.class starting
/org/bouncycastle/math/ec/custom/gm/SM2P256V1FieldElement.class DONE
/org/apache/lucene/document/XYShapeDocValues.class starting
/org/apache/lucene/document/XYShapeDocValues.class DONE
/org/apache/lucene/document/XYShapeDocValues.class starting
/org/apache/lucene/document/XYShapeDocValues.class DONE
/org/bouncycastle/math/ec/custom/gm/SM2P256V1FieldElement.class starting
/org/bouncycastle/math/ec/custom/gm/SM2P256V1FieldElement.class DONE
/org/bouncycastle/math/ec/custom/gm/SM2P256V1FieldElement.class starting
/org/bouncycastle/math/ec/custom/gm/SM2P256V1FieldElement.class DONE
/org/apache/lucene/document/XYShapeDocValues.class starting
/org/apache/lucene/document/XYShapeDocValues.class DONE
/org/bouncycastle/math/ec/custom/gm/SM2P256V1FieldElement.class starting
/org/bouncycastle/math/ec/custom/gm/SM2P256V1FieldElement.class DONE
/org/apache/lucene/document/XYShapeDocValues.class starting
/org/apache/lucene/document/XYShapeDocValues.class DONE
/org/apache/lucene/document/XYShapeDocValues.class starting
/org/apache/lucene/document/XYShapeDocValues.class DONE
/org/bouncycastle/math/ec/custom/gm/SM2P256V1FieldElement.class starting
/org/bouncycastle/math/ec/custom/gm/SM2P256V1FieldElement.class DONE
/org/bouncycastle/math/ec/custom/gm/SM2P256V1FieldElement.class starting
/org/bouncycastle/math/ec/custom/gm/SM2P256V1FieldElement.class DONE
/org/apache/lucene/document/XYShapeDocValues.class starting
/org/apache/lucene/document/XYShapeDocValues.class DONE
/org/bouncycastle/math/ec/custom/gm/SM2P256V1FieldElement.class starting
/org/bouncycastle/math/ec/custom/gm/SM2P256V1FieldElement.class DONE
/org/apache/lucene/document/XYShapeDocValues.class starting
/org/apache/lucene/document/XYShapeDocValues.class DONE
/org/bouncycastle/math/ec/custom/gm/SM2P256V1FieldElement.class starting
/org/bouncycastle/math/ec/custom/gm/SM2P256V1FieldElement.class DONE
/org/apache/lucene/document/XYShapeDocValues.class starting
/org/apache/lucene/document/XYShapeDocValues.class DONE
/org/bouncycastle/math/ec/custom/gm/SM2P256V1FieldElement.class starting
/org/bouncycastle/math/ec/custom/gm/SM2P256V1FieldElement.class DONE
/org/bouncycastle/math/ec/custom/gm/SM2P256V1FieldElement.class starting
/org/bouncycastle/math/ec/custom/gm/SM2P256V1FieldElement.class DONE
/org/apache/lucene/document/XYShapeDocValues.class starting
/org/apache/lucene/document/XYShapeDocValues.class DONE
/org/bouncycastle/math/ec/custom/gm/SM2P256V1FieldElement.class starting
/org/bouncycastle/math/ec/custom/gm/SM2P256V1FieldElement.class DONE
/org/apache/lucene/document/XYShapeDocValues.class starting
/org/apache/lucene/document/XYShapeDocValues.class DONE
/org/apache/lucene/document/XYShapeDocValues.class starting
/org/apache/lucene/document/XYShapeDocValues.class DONE
/org/apache/lucene/document/XYShapeDocValues.class starting
/org/apache/lucene/document/XYShapeDocValues.class DONE
/org/bouncycastle/math/ec/custom/gm/SM2P256V1FieldElement.class starting
/org/bouncycastle/math/ec/custom/gm/SM2P256V1FieldElement.class DONE
/org/bouncycastle/math/ec/custom/gm/SM2P256V1FieldElement.class starting
/org/bouncycastle/math/ec/custom/gm/SM2P256V1FieldElement.class DONE
/org/bouncycastle/math/ec/custom/gm/SM2P256V1FieldElement.class starting
/org/bouncycastle/math/ec/custom/gm/SM2P256V1FieldElement.class DONE
/org/apache/lucene/document/XYShapeDocValues.class starting
/org/apache/lucene/document/XYShapeDocValues.class DONE
/org/bouncycastle/math/ec/custom/gm/SM2P256V1FieldElement.class starting
/org/bouncycastle/math/ec/custom/gm/SM2P256V1FieldElement.class DONE
/org/bouncycastle/math/ec/custom/gm/SM2P256V1FieldElement.class starting
/org/bouncycastle/math/ec/custom/gm/SM2P256V1FieldElement.class DONE
/org/apache/lucene/document/XYShapeDocValues.class starting
/org/apache/lucene/document/XYShapeDocValues.class DONE
/org/bouncycastle/math/ec/custom/gm/SM2P256V1FieldElement.class starting
/org/bouncycastle/math/ec/custom/gm/SM2P256V1FieldElement.class DONE
/org/bouncycastle/math/ec/custom/gm/SM2P256V1FieldElement.class starting
/org/bouncycastle/math/ec/custom/gm/SM2P256V1FieldElement.class DONE
/org/apache/lucene/document/XYShapeDocValues.class starting
/org/apache/lucene/document/XYShapeDocValues.class DONE
/org/apache/lucene/document/XYShapeDocValues.class starting
/org/apache/lucene/document/XYShapeDocValues.class DONE
/org/bouncycastle/math/ec/custom/gm/SM2P256V1FieldElement.class starting
/org/bouncycastle/math/ec/custom/gm/SM2P256V1FieldElement.class DONE
/org/bouncycastle/math/ec/custom/gm/SM2P256V1FieldElement.class starting
/org/bouncycastle/math/ec/custom/gm/SM2P256V1FieldElement.class DONE
/org/apache/lucene/document/XYShapeDocValues.class starting
/org/apache/lucene/document/XYShapeDocValues.class DONE
/org/bouncycastle/math/ec/custom/gm/SM2P256V1FieldElement.class starting
/org/bouncycastle/math/ec/custom/gm/SM2P256V1FieldElement.class DONE
/org/bouncycastle/math/ec/custom/gm/SM2P256V1FieldElement.class starting
/org/bouncycastle/math/ec/custom/gm/SM2P256V1FieldElement.class DONE
/org/apache/lucene/document/XYShapeDocValues.class starting
/org/apache/lucene/document/XYShapeDocValues.class DONE
/org/apache/lucene/document/XYShapeDocValues.class starting
/org/apache/lucene/document/XYShapeDocValues.class DONE
/org/bouncycastle/math/ec/custom/gm/SM2P256V1FieldElement.class starting
/org/bouncycastle/math/ec/custom/gm/SM2P256V1FieldElement.class DONE
/org/apache/lucene/document/XYShapeDocValues.class starting
/org/apache/lucene/document/XYShapeDocValues.class DONE
/org/bouncycastle/math/ec/custom/gm/SM2P256V1FieldElement.class starting
/org/bouncycastle/math/ec/custom/gm/SM2P256V1FieldElement.class DONE
/org/bouncycastle/math/ec/custom/gm/SM2P256V1FieldElement.class starting
/org/bouncycastle/math/ec/custom/gm/SM2P256V1FieldElement.class DONE
/org/bouncycastle/math/ec/custom/gm/SM2P256V1FieldElement.class starting
/org/bouncycastle/math/ec/custom/gm/SM2P256V1FieldElement.class DONE
/org/apache/lucene/document/XYShapeDocValues.class starting
/org/apache/lucene/document/XYShapeDocValues.class DONE
/org/bouncycastle/math/ec/custom/gm/SM2P256V1FieldElement.class starting
/org/bouncycastle/math/ec/custom/gm/SM2P256V1FieldElement.class DONE
/org/apache/lucene/document/XYShapeDocValues.class starting
/org/apache/lucene/document/XYShapeDocValues.class DONE
/org/bouncycastle/math/ec/custom/gm/SM2P256V1FieldElement.class starting
/org/bouncycastle/math/ec/custom/gm/SM2P256V1FieldElement.class DONE
/org/apache/lucene/document/XYShapeDocValues.class starting
/org/apache/lucene/document/XYShapeDocValues.class DONE
/org/apache/lucene/document/XYShapeDocValues.class starting
/org/apache/lucene/document/XYShapeDocValues.class DONE
/org/bouncycastle/math/ec/custom/gm/SM2P256V1FieldElement.class starting
/org/bouncycastle/math/ec/custom/gm/SM2P256V1FieldElement.class DONE
/org/apache/lucene/document/XYShapeDocValues.class starting
/org/apache/lucene/document/XYShapeDocValues.class DONE
/org/apache/lucene/document/XYShapeDocValues.class starting
/org/apache/lucene/document/XYShapeDocValues.class DONE
/org/bouncycastle/math/ec/custom/gm/SM2P256V1FieldElement.class starting
/org/bouncycastle/math/ec/custom/gm/SM2P256V1FieldElement.class DONE
/org/bouncycastle/math/ec/custom/gm/SM2P256V1FieldElement.class starting
/org/bouncycastle/math/ec/custom/gm/SM2P256V1FieldElement.class DONE
/org/apache/lucene/document/XYShapeDocValues.class starting
/org/apache/lucene/document/XYShapeDocValues.class DONE
/org/bouncycastle/math/ec/custom/gm/SM2P256V1FieldElement.class starting
/org/bouncycastle/math/ec/custom/gm/SM2P256V1FieldElement.class DONE
/org/apache/lucene/document/XYShapeDocValues.class starting
/org/apache/lucene/document/XYShapeDocValues.class DONE
/org/bouncycastle/math/ec/custom/gm/SM2P256V1FieldElement.class starting
/org/bouncycastle/math/ec/custom/gm/SM2P256V1FieldElement.class DONE
/org/apache/lucene/document/XYShapeDocValues.class starting
/org/apache/lucene/document/XYShapeDocValues.class DONE
/org/apache/lucene/document/XYShapeDocValues.class starting
/org/apache/lucene/document/XYShapeDocValues.class DONE
/org/bouncycastle/math/ec/custom/gm/SM2P256V1FieldElement.class starting
/org/bouncycastle/math/ec/custom/gm/SM2P256V1FieldElement.class DONE
/org/apache/lucene/document/XYShapeDocValues.class starting
/org/apache/lucene/document/XYShapeDocValues.class DONE
/org/bouncycastle/math/ec/custom/gm/SM2P256V1FieldElement.class starting
/org/bouncycastle/math/ec/custom/gm/SM2P256V1FieldElement.class DONE
/org/apache/lucene/document/XYShapeDocValues.class starting
/org/apache/lucene/document/XYShapeDocValues.class DONE
/org/bouncycastle/math/ec/custom/gm/SM2P256V1FieldElement.class starting
/org/bouncycastle/math/ec/custom/gm/SM2P256V1FieldElement.class DONE
/org/apache/lucene/document/XYShapeDocValues.class starting
/org/apache/lucene/document/XYShapeDocValues.class DONE
/org/bouncycastle/math/ec/custom/gm/SM2P256V1FieldElement.class starting
/org/bouncycastle/math/ec/custom/gm/SM2P256V1FieldElement.class DONE
/org/apache/lucene/document/XYShapeDocValues.class starting
/org/bouncycastle/math/ec/custom/gm/SM2P256V1FieldElement.class starting
/org/bouncycastle/math/ec/custom/gm/SM2P256V1FieldElement.class DONE
/org/apache/lucene/document/XYShapeDocValues.class DONE
/org/bouncycastle/math/ec/custom/gm/SM2P256V1FieldElement.class starting
/org/bouncycastle/math/ec/custom/gm/SM2P256V1FieldElement.class DONE
/org/apache/lucene/document/XYShapeDocValues.class starting
/org/apache/lucene/document/XYShapeDocValues.class DONE
/org/bouncycastle/math/ec/custom/gm/SM2P256V1FieldElement.class starting
/org/bouncycastle/math/ec/custom/gm/SM2P256V1FieldElement.class DONE
/org/apache/lucene/document/XYShapeDocValues.class starting
/org/apache/lucene/document/XYShapeDocValues.class DONE
/org/bouncycastle/math/ec/custom/gm/SM2P256V1FieldElement.class starting
/org/bouncycastle/math/ec/custom/gm/SM2P256V1FieldElement.class DONE
/org/apache/lucene/document/XYShapeDocValues.class starting
/org/apache/lucene/document/XYShapeDocValues.class DONE
/org/bouncycastle/math/ec/custom/gm/SM2P256V1FieldElement.class starting
/org/bouncycastle/math/ec/custom/gm/SM2P256V1FieldElement.class DONE
/org/apache/lucene/document/XYShapeDocValues.class starting
/org/apache/lucene/document/XYShapeDocValues.class DONE
/org/bouncycastle/math/ec/custom/gm/SM2P256V1FieldElement.class starting
/org/bouncycastle/math/ec/custom/gm/SM2P256V1FieldElement.class DONE
/org/apache/lucene/document/XYShapeDocValues.class starting
/org/apache/lucene/document/XYShapeDocValues.class DONE
/org/bouncycastle/math/ec/custom/gm/SM2P256V1FieldElement.class starting
/org/bouncycastle/math/ec/custom/gm/SM2P256V1FieldElement.class DONE
/org/bouncycastle/math/ec/custom/gm/SM2P256V1FieldElement.class starting
/org/bouncycastle/math/ec/custom/gm/SM2P256V1FieldElement.class DONE
/org/apache/lucene/document/XYShapeDocValues.class starting
/org/apache/lucene/document/XYShapeDocValues.class DONE
/org/bouncycastle/math/ec/custom/gm/SM2P256V1FieldElement.class starting
/org/bouncycastle/math/ec/custom/gm/SM2P256V1FieldElement.class DONE
/org/apache/lucene/document/XYShapeDocValues.class starting
/org/apache/lucene/document/XYShapeDocValues.class DONE
/org/apache/lucene/document/XYShapeDocValues.class starting
/org/apache/lucene/document/XYShapeDocValues.class DONE
/org/bouncycastle/math/ec/custom/gm/SM2P256V1FieldElement.class starting
/org/bouncycastle/math/ec/custom/gm/SM2P256V1FieldElement.class DONE
/org/apache/lucene/document/XYShapeDocValues.class starting
/org/apache/lucene/document/XYShapeDocValues.class DONE
/org/bouncycastle/math/ec/custom/gm/SM2P256V1FieldElement.class starting
/org/bouncycastle/math/ec/custom/gm/SM2P256V1FieldElement.class DONE
/org/apache/lucene/document/XYShapeDocValues.class starting
/org/apache/lucene/document/XYShapeDocValues.class DONE
/org/bouncycastle/math/ec/custom/gm/SM2P256V1FieldElement.class starting
/org/bouncycastle/math/ec/custom/gm/SM2P256V1FieldElement.class DONE
/org/apache/lucene/document/XYShapeDocValues.class starting
/org/apache/lucene/document/XYShapeDocValues.class DONE
/org/bouncycastle/math/ec/custom/gm/SM2P256V1FieldElement.class starting
/org/bouncycastle/math/ec/custom/gm/SM2P256V1FieldElement.class DONE
/org/apache/lucene/document/XYShapeDocValues.class starting
/org/bouncycastle/math/ec/custom/gm/SM2P256V1FieldElement.class starting
/org/bouncycastle/math/ec/custom/gm/SM2P256V1FieldElement.class DONE
/org/bouncycastle/math/ec/custom/gm/SM2P256V1FieldElement.class starting
/org/bouncycastle/math/ec/custom/gm/SM2P256V1FieldElement.class DONE
/org/bouncycastle/math/ec/custom/gm/SM2P256V1FieldElement.class starting
/org/bouncycastle/math/ec/custom/gm/SM2P256V1FieldElement.class DONE
/org/bouncycastle/math/ec/custom/gm/SM2P256V1FieldElement.class starting
/org/bouncycastle/math/ec/custom/gm/SM2P256V1FieldElement.class DONE
/org/bouncycastle/math/ec/custom/gm/SM2P256V1FieldElement.class starting
/org/bouncycastle/math/ec/custom/gm/SM2P256V1FieldElement.class DONE
/org/bouncycastle/math/ec/custom/gm/SM2P256V1FieldElement.class starting
/org/bouncycastle/math/ec/custom/gm/SM2P256V1FieldElement.class DONE
/org/apache/lucene/document/XYShapeDocValues.class DONE
/org/bouncycastle/math/ec/custom/gm/SM2P256V1FieldElement.class starting
/org/bouncycastle/math/ec/custom/gm/SM2P256V1FieldElement.class DONE
/org/apache/lucene/document/XYShapeDocValues.class starting
/org/apache/lucene/document/XYShapeDocValues.class DONE
/org/bouncycastle/math/ec/custom/gm/SM2P256V1FieldElement.class starting
/org/bouncycastle/math/ec/custom/gm/SM2P256V1FieldElement.class DONE
/org/apache/lucene/document/XYShapeDocValues.class starting
/org/apache/lucene/document/XYShapeDocValues.class DONE
/org/bouncycastle/math/ec/custom/gm/SM2P256V1FieldElement.class starting
/org/bouncycastle/math/ec/custom/gm/SM2P256V1FieldElement.class DONE
/org/apache/lucene/document/XYShapeDocValues.class starting
/org/apache/lucene/document/XYShapeDocValues.class DONE
/org/bouncycastle/math/ec/custom/gm/SM2P256V1FieldElement.class starting
/org/bouncycastle/math/ec/custom/gm/SM2P256V1FieldElement.class DONE
/org/apache/lucene/document/XYShapeDocValues.class starting
/org/apache/lucene/document/XYShapeDocValues.class DONE
/org/bouncycastle/math/ec/custom/gm/SM2P256V1FieldElement.class starting
/org/bouncycastle/math/ec/custom/gm/SM2P256V1FieldElement.class DONE
/org/apache/lucene/document/XYShapeDocValues.class starting
/org/apache/lucene/document/XYShapeDocValues.class DONE
/org/bouncycastle/math/ec/custom/gm/SM2P256V1FieldElement.class starting
/org/bouncycastle/math/ec/custom/gm/SM2P256V1FieldElement.class DONE
/org/apache/lucene/document/XYShapeDocValues.class starting
/org/apache/lucene/document/XYShapeDocValues.class DONE
/org/bouncycastle/math/ec/custom/gm/SM2P256V1FieldElement.class starting
/org/bouncycastle/math/ec/custom/gm/SM2P256V1FieldElement.class DONE
/org/apache/lucene/document/XYShapeDocValues.class starting
/org/bouncycastle/math/ec/custom/gm/SM2P256V1FieldElement.class starting
/org/bouncycastle/math/ec/custom/gm/SM2P256V1FieldElement.class DONE
/org/apache/lucene/document/XYShapeDocValues.class DONE
/org/apache/lucene/document/XYShapeDocValues.class starting
/org/apache/lucene/document/XYShapeDocValues.class DONE
/org/bouncycastle/math/ec/custom/gm/SM2P256V1FieldElement.class starting
/org/bouncycastle/math/ec/custom/gm/SM2P256V1FieldElement.class DONE
/org/apache/lucene/document/XYShapeDocValues.class starting
/org/apache/lucene/document/XYShapeDocValues.class DONE
/org/bouncycastle/math/ec/custom/gm/SM2P256V1FieldElement.class starting
/org/bouncycastle/math/ec/custom/gm/SM2P256V1FieldElement.class DONE
/org/apache/lucene/document/XYShapeDocValues.class starting
/org/apache/lucene/document/XYShapeDocValues.class DONE
/org/bouncycastle/math/ec/custom/gm/SM2P256V1FieldElement.class starting
/org/bouncycastle/math/ec/custom/gm/SM2P256V1FieldElement.class DONE
/org/apache/lucene/document/XYShapeDocValues.class starting
/org/bouncycastle/math/ec/custom/gm/SM2P256V1FieldElement.class starting
/org/apache/lucene/document/XYShapeDocValues.class DONE
/org/bouncycastle/math/ec/custom/gm/SM2P256V1FieldElement.class DONE
/org/bouncycastle/math/ec/custom/gm/SM2P256V1FieldElement.class starting
/org/bouncycastle/math/ec/custom/gm/SM2P256V1FieldElement.class DONE
/org/apache/lucene/document/XYShapeDocValues.class starting
/org/apache/lucene/document/XYShapeDocValues.class DONE
/org/bouncycastle/math/ec/custom/gm/SM2P256V1FieldElement.class starting
/org/bouncycastle/math/ec/custom/gm/SM2P256V1FieldElement.class DONE
/org/apache/lucene/document/XYShapeDocValues.class starting
/org/apache/lucene/document/XYShapeDocValues.class DONE
/org/bouncycastle/math/ec/custom/gm/SM2P256V1FieldElement.class starting
/org/apache/lucene/document/XYShapeDocValues.class starting
/org/bouncycastle/math/ec/custom/gm/SM2P256V1FieldElement.class DONE
/org/apache/lucene/document/XYShapeDocValues.class DONE
/org/bouncycastle/math/ec/custom/gm/SM2P256V1FieldElement.class starting
/org/bouncycastle/math/ec/custom/gm/SM2P256V1FieldElement.class DONE
/org/apache/lucene/document/XYShapeDocValues.class starting
/org/apache/lucene/document/XYShapeDocValues.class DONE
/org/apache/lucene/document/XYShapeDocValues.class starting
/org/apache/lucene/document/XYShapeDocValues.class DONE
/org/apache/lucene/document/XYShapeDocValues.class starting
/org/apache/lucene/document/XYShapeDocValues.class DONE
/org/bouncycastle/math/ec/custom/gm/SM2P256V1FieldElement.class starting
/org/bouncycastle/math/ec/custom/gm/SM2P256V1FieldElement.class DONE
/org/bouncycastle/math/ec/custom/gm/SM2P256V1FieldElement.class starting
/org/bouncycastle/math/ec/custom/gm/SM2P256V1FieldElement.class DONE
/org/apache/lucene/document/XYShapeDocValues.class starting
/org/apache/lucene/document/XYShapeDocValues.class DONE
/org/bouncycastle/math/ec/custom/gm/SM2P256V1FieldElement.class starting
/org/bouncycastle/math/ec/custom/gm/SM2P256V1FieldElement.class DONE
/org/apache/lucene/document/XYShapeDocValues.class starting
/org/apache/lucene/document/XYShapeDocValues.class DONE
/org/bouncycastle/math/ec/custom/gm/SM2P256V1FieldElement.class starting
/org/bouncycastle/math/ec/custom/gm/SM2P256V1FieldElement.class DONE
/org/apache/lucene/document/XYShapeDocValues.class starting
/org/apache/lucene/document/XYShapeDocValues.class DONE
/org/bouncycastle/math/ec/custom/gm/SM2P256V1FieldElement.class starting
/org/bouncycastle/math/ec/custom/gm/SM2P256V1FieldElement.class DONE
/org/apache/lucene/document/XYShapeDocValues.class starting
/org/apache/lucene/document/XYShapeDocValues.class DONE
/org/bouncycastle/math/ec/custom/gm/SM2P256V1FieldElement.class starting
/org/bouncycastle/math/ec/custom/gm/SM2P256V1FieldElement.class DONE
/org/apache/lucene/document/XYShapeDocValues.class starting
/org/apache/lucene/document/XYShapeDocValues.class DONE
/org/bouncycastle/math/ec/custom/gm/SM2P256V1FieldElement.class starting
/org/bouncycastle/math/ec/custom/gm/SM2P256V1FieldElement.class DONE
/org/apache/lucene/document/XYShapeDocValues.class starting
/org/apache/lucene/document/XYShapeDocValues.class DONE
/org/bouncycastle/math/ec/custom/gm/SM2P256V1FieldElement.class starting
/org/bouncycastle/math/ec/custom/gm/SM2P256V1FieldElement.class DONE
/org/apache/lucene/document/XYShapeDocValues.class starting
/org/apache/lucene/document/XYShapeDocValues.class DONE
/org/bouncycastle/math/ec/custom/gm/SM2P256V1FieldElement.class starting
/org/bouncycastle/math/ec/custom/gm/SM2P256V1FieldElement.class DONE
/org/bouncycastle/math/ec/custom/gm/SM2P256V1FieldElement.class starting
/org/bouncycastle/math/ec/custom/gm/SM2P256V1FieldElement.class DONE
/org/apache/lucene/document/XYShapeDocValues.class starting
/org/apache/lucene/document/XYShapeDocValues.class DONE
/org/bouncycastle/math/ec/custom/gm/SM2P256V1FieldElement.class starting
/org/bouncycastle/math/ec/custom/gm/SM2P256V1FieldElement.class DONE
/org/apache/lucene/document/XYShapeDocValues.class starting
/org/apache/lucene/document/XYShapeDocValues.class DONE
/org/bouncycastle/math/ec/custom/gm/SM2P256V1FieldElement.class starting
/org/bouncycastle/math/ec/custom/gm/SM2P256V1FieldElement.class DONE
/org/apache/lucene/document/XYShapeDocValues.class starting
/org/apache/lucene/document/XYShapeDocValues.class DONE
/org/bouncycastle/math/ec/custom/gm/SM2P256V1FieldElement.class starting
/org/bouncycastle/math/ec/custom/gm/SM2P256V1FieldElement.class DONE
/org/apache/lucene/document/XYShapeDocValues.class starting
/org/apache/lucene/document/XYShapeDocValues.class DONE
/org/bouncycastle/math/ec/custom/gm/SM2P256V1FieldElement.class starting
/org/bouncycastle/math/ec/custom/gm/SM2P256V1FieldElement.class DONE
/org/bouncycastle/math/ec/custom/gm/SM2P256V1FieldElement.class starting
/org/bouncycastle/math/ec/custom/gm/SM2P256V1FieldElement.class DONE
/org/apache/lucene/document/XYShapeDocValues.class starting
/org/apache/lucene/document/XYShapeDocValues.class DONE
/org/bouncycastle/math/ec/custom/gm/SM2P256V1FieldElement.class starting
/org/bouncycastle/math/ec/custom/gm/SM2P256V1FieldElement.class DONE
/org/apache/lucene/document/XYShapeDocValues.class starting
/org/apache/lucene/document/XYShapeDocValues.class DONE
/org/bouncycastle/math/ec/custom/gm/SM2P256V1FieldElement.class starting
/org/apache/lucene/document/XYShapeDocValues.class starting
/org/apache/lucene/document/XYShapeDocValues.class DONE
/org/bouncycastle/math/ec/custom/gm/SM2P256V1FieldElement.class DONE
/org/bouncycastle/math/ec/custom/gm/SM2P256V1FieldElement.class starting
/org/bouncycastle/math/ec/custom/gm/SM2P256V1FieldElement.class DONE
/org/apache/lucene/document/XYShapeDocValues.class starting
/org/apache/lucene/document/XYShapeDocValues.class DONE
/org/bouncycastle/math/ec/custom/gm/SM2P256V1FieldElement.class starting
/org/bouncycastle/math/ec/custom/gm/SM2P256V1FieldElement.class DONE
/org/apache/lucene/document/XYShapeDocValues.class starting
/org/apache/lucene/document/XYShapeDocValues.class DONE
/org/bouncycastle/math/ec/custom/gm/SM2P256V1FieldElement.class starting
/org/bouncycastle/math/ec/custom/gm/SM2P256V1FieldElement.class DONE
/org/apache/lucene/document/XYShapeDocValues.class starting
/org/apache/lucene/document/XYShapeDocValues.class DONE
/org/bouncycastle/math/ec/custom/gm/SM2P256V1FieldElement.class starting
/org/bouncycastle/math/ec/custom/gm/SM2P256V1FieldElement.class DONE
/org/apache/lucene/document/XYShapeDocValues.class starting
/org/apache/lucene/document/XYShapeDocValues.class DONE
/org/bouncycastle/math/ec/custom/gm/SM2P256V1FieldElement.class starting
/org/bouncycastle/math/ec/custom/gm/SM2P256V1FieldElement.class DONE
/org/apache/lucene/document/XYShapeDocValues.class starting
/org/apache/lucene/document/XYShapeDocValues.class DONE
/org/bouncycastle/math/ec/custom/gm/SM2P256V1FieldElement.class starting
/org/bouncycastle/math/ec/custom/gm/SM2P256V1FieldElement.class DONE
/org/apache/lucene/document/XYShapeDocValues.class starting
/org/apache/lucene/document/XYShapeDocValues.class DONE
/org/apache/lucene/document/XYShapeDocValues.class starting
/org/apache/lucene/document/XYShapeDocValues.class DONE
/org/bouncycastle/math/ec/custom/gm/SM2P256V1FieldElement.class starting
/org/bouncycastle/math/ec/custom/gm/SM2P256V1FieldElement.class DONE
/org/apache/lucene/document/XYShapeDocValues.class starting
/org/apache/lucene/document/XYShapeDocValues.class DONE
/org/bouncycastle/math/ec/custom/gm/SM2P256V1FieldElement.class starting
/org/bouncycastle/math/ec/custom/gm/SM2P256V1FieldElement.class DONE
/org/apache/lucene/document/XYShapeDocValues.class starting
/org/apache/lucene/document/XYShapeDocValues.class DONE
/org/bouncycastle/math/ec/custom/gm/SM2P256V1FieldElement.class starting
/org/bouncycastle/math/ec/custom/gm/SM2P256V1FieldElement.class DONE
/org/apache/lucene/document/XYShapeDocValues.class starting
/org/apache/lucene/document/XYShapeDocValues.class DONE
/org/bouncycastle/math/ec/custom/gm/SM2P256V1FieldElement.class starting
/org/bouncycastle/math/ec/custom/gm/SM2P256V1FieldElement.class DONE
/org/apache/lucene/document/XYShapeDocValues.class starting
/org/apache/lucene/document/XYShapeDocValues.class DONE
/org/bouncycastle/math/ec/custom/gm/SM2P256V1FieldElement.class starting
/org/bouncycastle/math/ec/custom/gm/SM2P256V1FieldElement.class DONE
/org/bouncycastle/math/ec/custom/gm/SM2P256V1FieldElement.class starting
/org/bouncycastle/math/ec/custom/gm/SM2P256V1FieldElement.class DONE
/org/apache/lucene/document/XYShapeDocValues.class starting
/org/apache/lucene/document/XYShapeDocValues.class DONE
/org/bouncycastle/math/ec/custom/gm/SM2P256V1FieldElement.class starting
/org/bouncycastle/math/ec/custom/gm/SM2P256V1FieldElement.class DONE
/org/bouncycastle/math/ec/custom/gm/SM2P256V1FieldElement.class starting
/org/bouncycastle/math/ec/custom/gm/SM2P256V1FieldElement.class DONE
/org/bouncycastle/math/ec/custom/gm/SM2P256V1FieldElement.class starting
/org/apache/lucene/document/XYShapeDocValues.class starting
/org/bouncycastle/math/ec/custom/gm/SM2P256V1FieldElement.class DONE
/org/apache/lucene/document/XYShapeDocValues.class DONE
/org/apache/lucene/document/XYShapeDocValues.class starting
/org/apache/lucene/document/XYShapeDocValues.class DONE
/org/apache/lucene/document/XYShapeDocValues.class starting
/org/apache/lucene/document/XYShapeDocValues.class DONE
/org/apache/lucene/document/XYShapeDocValues.class starting
/org/apache/lucene/document/XYShapeDocValues.class DONE
/org/apache/lucene/document/XYShapeDocValues.class starting
/org/bouncycastle/math/ec/custom/gm/SM2P256V1FieldElement.class starting
/org/bouncycastle/math/ec/custom/gm/SM2P256V1FieldElement.class DONE
/org/apache/lucene/document/XYShapeDocValues.class DONE
/org/apache/lucene/document/XYShapeDocValues.class starting
/org/apache/lucene/document/XYShapeDocValues.class DONE
/org/apache/lucene/document/XYShapeDocValues.class starting
/org/apache/lucene/document/XYShapeDocValues.class DONE
/org/bouncycastle/math/ec/custom/gm/SM2P256V1FieldElement.class starting
/org/bouncycastle/math/ec/custom/gm/SM2P256V1FieldElement.class DONE
/org/apache/lucene/document/XYShapeDocValues.class starting
/org/apache/lucene/document/XYShapeDocValues.class DONE
/org/bouncycastle/math/ec/custom/gm/SM2P256V1FieldElement.class starting
/org/bouncycastle/math/ec/custom/gm/SM2P256V1FieldElement.class DONE
/org/apache/lucene/document/XYShapeDocValues.class starting
/org/apache/lucene/document/XYShapeDocValues.class DONE
/org/bouncycastle/math/ec/custom/gm/SM2P256V1FieldElement.class starting
/org/bouncycastle/math/ec/custom/gm/SM2P256V1FieldElement.class DONE
/org/apache/lucene/document/XYShapeDocValues.class starting
/org/apache/lucene/document/XYShapeDocValues.class DONE
/org/bouncycastle/math/ec/custom/gm/SM2P256V1FieldElement.class starting
/org/apache/lucene/document/XYShapeDocValues.class starting
/org/bouncycastle/math/ec/custom/gm/SM2P256V1FieldElement.class DONE
/org/apache/lucene/document/XYShapeDocValues.class DONE
/org/apache/lucene/document/XYShapeDocValues.class starting
/org/apache/lucene/document/XYShapeDocValues.class DONE
/org/apache/lucene/document/XYShapeDocValues.class starting
/org/apache/lucene/document/XYShapeDocValues.class DONE
/org/apache/lucene/document/XYShapeDocValues.class starting
/org/apache/lucene/document/XYShapeDocValues.class DONE
/org/bouncycastle/math/ec/custom/gm/SM2P256V1FieldElement.class starting
/org/bouncycastle/math/ec/custom/gm/SM2P256V1FieldElement.class DONE
/org/bouncycastle/math/ec/custom/gm/SM2P256V1FieldElement.class starting
/org/bouncycastle/math/ec/custom/gm/SM2P256V1FieldElement.class DONE
/org/bouncycastle/math/ec/custom/gm/SM2P256V1FieldElement.class starting
/org/bouncycastle/math/ec/custom/gm/SM2P256V1FieldElement.class DONE
/org/apache/lucene/document/XYShapeDocValues.class starting
/org/apache/lucene/document/XYShapeDocValues.class DONE
/org/apache/lucene/document/XYShapeDocValues.class starting
/org/apache/lucene/document/XYShapeDocValues.class DONE
/org/apache/lucene/document/XYShapeDocValues.class starting
/org/apache/lucene/document/XYShapeDocValues.class DONE
/org/apache/lucene/document/XYShapeDocValues.class starting
/org/apache/lucene/document/XYShapeDocValues.class DONE
/org/bouncycastle/math/ec/custom/gm/SM2P256V1FieldElement.class starting
/org/bouncycastle/math/ec/custom/gm/SM2P256V1FieldElement.class DONE
/org/bouncycastle/math/ec/custom/gm/SM2P256V1FieldElement.class starting
/org/bouncycastle/math/ec/custom/gm/SM2P256V1FieldElement.class DONE
/org/apache/lucene/document/XYShapeDocValues.class starting
/org/apache/lucene/document/XYShapeDocValues.class DONE
/org/bouncycastle/math/ec/custom/gm/SM2P256V1FieldElement.class starting
/org/bouncycastle/math/ec/custom/gm/SM2P256V1FieldElement.class DONE
/org/apache/lucene/document/XYShapeDocValues.class starting
/org/apache/lucene/document/XYShapeDocValues.class DONE
/org/apache/lucene/document/XYShapeDocValues.class starting
/org/apache/lucene/document/XYShapeDocValues.class DONE
/org/bouncycastle/math/ec/custom/gm/SM2P256V1FieldElement.class starting
/org/bouncycastle/math/ec/custom/gm/SM2P256V1FieldElement.class DONE
/org/apache/lucene/document/XYShapeDocValues.class starting
/org/apache/lucene/document/XYShapeDocValues.class DONE
/org/apache/lucene/document/XYShapeDocValues.class starting
/org/apache/lucene/document/XYShapeDocValues.class DONE
/org/apache/lucene/document/XYShapeDocValues.class starting
/org/apache/lucene/document/XYShapeDocValues.class DONE
/org/bouncycastle/math/ec/custom/gm/SM2P256V1FieldElement.class starting
/org/bouncycastle/math/ec/custom/gm/SM2P256V1FieldElement.class DONE
/org/apache/lucene/document/XYShapeDocValues.class starting
/org/apache/lucene/document/XYShapeDocValues.class DONE
/org/bouncycastle/math/ec/custom/gm/SM2P256V1FieldElement.class starting
/org/bouncycastle/math/ec/custom/gm/SM2P256V1FieldElement.class DONE
/org/apache/lucene/document/XYShapeDocValues.class starting
/org/apache/lucene/document/XYShapeDocValues.class DONE
/org/bouncycastle/math/ec/custom/gm/SM2P256V1FieldElement.class starting
/org/bouncycastle/math/ec/custom/gm/SM2P256V1FieldElement.class DONE
/org/apache/lucene/document/XYShapeDocValues.class starting
/org/apache/lucene/document/XYShapeDocValues.class DONE
/org/bouncycastle/math/ec/custom/gm/SM2P256V1FieldElement.class starting
/org/bouncycastle/math/ec/custom/gm/SM2P256V1FieldElement.class DONE
/org/apache/lucene/document/XYShapeDocValues.class starting
/org/apache/lucene/document/XYShapeDocValues.class DONE
/org/bouncycastle/math/ec/custom/gm/SM2P256V1FieldElement.class starting
/org/bouncycastle/math/ec/custom/gm/SM2P256V1FieldElement.class DONE
/org/apache/lucene/document/XYShapeDocValues.class starting
/org/apache/lucene/document/XYShapeDocValues.class DONE
/org/apache/lucene/document/XYShapeDocValues.class starting
/org/apache/lucene/document/XYShapeDocValues.class DONE
/org/apache/lucene/document/XYShapeDocValues.class starting
/org/apache/lucene/document/XYShapeDocValues.class DONE
/org/bouncycastle/math/ec/custom/gm/SM2P256V1FieldElement.class starting
/org/bouncycastle/math/ec/custom/gm/SM2P256V1FieldElement.class DONE
/org/bouncycastle/math/ec/custom/gm/SM2P256V1FieldElement.class starting
/org/bouncycastle/math/ec/custom/gm/SM2P256V1FieldElement.class DONE
/org/apache/lucene/document/XYShapeDocValues.class starting
/org/apache/lucene/document/XYShapeDocValues.class DONE
/org/bouncycastle/math/ec/custom/gm/SM2P256V1FieldElement.class starting
/org/bouncycastle/math/ec/custom/gm/SM2P256V1FieldElement.class DONE
/org/apache/lucene/document/XYShapeDocValues.class starting
/org/apache/lucene/document/XYShapeDocValues.class DONE
/org/bouncycastle/math/ec/custom/gm/SM2P256V1FieldElement.class starting
/org/bouncycastle/math/ec/custom/gm/SM2P256V1FieldElement.class DONE
/org/apache/lucene/document/XYShapeDocValues.class starting
/org/apache/lucene/document/XYShapeDocValues.class DONE
/org/bouncycastle/math/ec/custom/gm/SM2P256V1FieldElement.class starting
/org/bouncycastle/math/ec/custom/gm/SM2P256V1FieldElement.class DONE
/org/apache/lucene/document/XYShapeDocValues.class starting
/org/apache/lucene/document/XYShapeDocValues.class DONE
/org/bouncycastle/math/ec/custom/gm/SM2P256V1FieldElement.class starting
/org/bouncycastle/math/ec/custom/gm/SM2P256V1FieldElement.class DONE
/org/apache/lucene/document/XYShapeDocValues.class starting
/org/apache/lucene/document/XYShapeDocValues.class DONE
/org/bouncycastle/math/ec/custom/gm/SM2P256V1FieldElement.class starting
/org/apache/lucene/document/XYShapeDocValues.class starting
/org/apache/lucene/document/XYShapeDocValues.class DONE
/org/bouncycastle/math/ec/custom/gm/SM2P256V1FieldElement.class DONE
/org/bouncycastle/math/ec/custom/gm/SM2P256V1FieldElement.class starting
/org/bouncycastle/math/ec/custom/gm/SM2P256V1FieldElement.class DONE
/org/apache/lucene/document/XYShapeDocValues.class starting
/org/apache/lucene/document/XYShapeDocValues.class DONE
/org/bouncycastle/math/ec/custom/gm/SM2P256V1FieldElement.class starting
/org/bouncycastle/math/ec/custom/gm/SM2P256V1FieldElement.class DONE
/org/apache/lucene/document/XYShapeDocValues.class starting
/org/apache/lucene/document/XYShapeDocValues.class DONE
/org/bouncycastle/math/ec/custom/gm/SM2P256V1FieldElement.class starting
/org/bouncycastle/math/ec/custom/gm/SM2P256V1FieldElement.class DONE
/org/apache/lucene/document/XYShapeDocValues.class starting
/org/apache/lucene/document/XYShapeDocValues.class DONE
/org/bouncycastle/math/ec/custom/gm/SM2P256V1FieldElement.class starting
/org/bouncycastle/math/ec/custom/gm/SM2P256V1FieldElement.class DONE
/org/apache/lucene/document/XYShapeDocValues.class starting
/org/apache/lucene/document/XYShapeDocValues.class DONE
/org/bouncycastle/math/ec/custom/gm/SM2P256V1FieldElement.class starting
/org/bouncycastle/math/ec/custom/gm/SM2P256V1FieldElement.class DONE
/org/bouncycastle/math/ec/custom/gm/SM2P256V1FieldElement.class starting
/org/bouncycastle/math/ec/custom/gm/SM2P256V1FieldElement.class DONE
/org/apache/lucene/document/XYShapeDocValues.class starting
/org/apache/lucene/document/XYShapeDocValues.class DONE
/org/apache/lucene/document/XYShapeDocValues.class starting
/org/apache/lucene/document/XYShapeDocValues.class DONE
/org/apache/lucene/document/XYShapeDocValues.class starting
/org/apache/lucene/document/XYShapeDocValues.class DONE
/org/bouncycastle/math/ec/custom/gm/SM2P256V1FieldElement.class starting
/org/bouncycastle/math/ec/custom/gm/SM2P256V1FieldElement.class DONE
/org/apache/lucene/document/XYShapeDocValues.class starting
/org/apache/lucene/document/XYShapeDocValues.class DONE
/org/bouncycastle/math/ec/custom/gm/SM2P256V1FieldElement.class starting
/org/bouncycastle/math/ec/custom/gm/SM2P256V1FieldElement.class DONE
/org/bouncycastle/math/ec/custom/gm/SM2P256V1FieldElement.class starting
/org/bouncycastle/math/ec/custom/gm/SM2P256V1FieldElement.class DONE
/org/apache/lucene/document/XYShapeDocValues.class starting
/org/apache/lucene/document/XYShapeDocValues.class DONE
/org/apache/lucene/document/XYShapeDocValues.class starting
/org/apache/lucene/document/XYShapeDocValues.class DONE
/org/bouncycastle/math/ec/custom/gm/SM2P256V1FieldElement.class starting
/org/bouncycastle/math/ec/custom/gm/SM2P256V1FieldElement.class DONE
/org/bouncycastle/math/ec/custom/gm/SM2P256V1FieldElement.class starting
/org/bouncycastle/math/ec/custom/gm/SM2P256V1FieldElement.class DONE
/org/apache/lucene/document/XYShapeDocValues.class starting
/org/apache/lucene/document/XYShapeDocValues.class DONE
/org/apache/lucene/document/XYShapeDocValues.class starting
/org/apache/lucene/document/XYShapeDocValues.class DONE
/org/apache/lucene/document/XYShapeDocValues.class starting
/org/apache/lucene/document/XYShapeDocValues.class DONE
/org/bouncycastle/math/ec/custom/gm/SM2P256V1FieldElement.class starting
/org/bouncycastle/math/ec/custom/gm/SM2P256V1FieldElement.class DONE
/org/apache/lucene/document/XYShapeDocValues.class starting
/org/apache/lucene/document/XYShapeDocValues.class DONE
/org/bouncycastle/math/ec/custom/gm/SM2P256V1FieldElement.class starting
/org/bouncycastle/math/ec/custom/gm/SM2P256V1FieldElement.class DONE
/org/apache/lucene/document/XYShapeDocValues.class starting
/org/apache/lucene/document/XYShapeDocValues.class DONE
/org/bouncycastle/math/ec/custom/gm/SM2P256V1FieldElement.class starting
/org/bouncycastle/math/ec/custom/gm/SM2P256V1FieldElement.class DONE
/org/apache/lucene/document/XYShapeDocValues.class starting
/org/apache/lucene/document/XYShapeDocValues.class DONE
/org/bouncycastle/math/ec/custom/gm/SM2P256V1FieldElement.class starting
/org/bouncycastle/math/ec/custom/gm/SM2P256V1FieldElement.class DONE
/org/apache/lucene/document/XYShapeDocValues.class starting
/org/apache/lucene/document/XYShapeDocValues.class DONE
/org/bouncycastle/math/ec/custom/gm/SM2P256V1FieldElement.class starting
/org/bouncycastle/math/ec/custom/gm/SM2P256V1FieldElement.class DONE
/org/apache/lucene/document/XYShapeDocValues.class starting
/org/apache/lucene/document/XYShapeDocValues.class DONE
/org/bouncycastle/math/ec/custom/gm/SM2P256V1FieldElement.class starting
/org/bouncycastle/math/ec/custom/gm/SM2P256V1FieldElement.class DONE
/org/apache/lucene/document/XYShapeDocValues.class starting
/org/apache/lucene/document/XYShapeDocValues.class DONE
/org/bouncycastle/math/ec/custom/gm/SM2P256V1FieldElement.class starting
/org/bouncycastle/math/ec/custom/gm/SM2P256V1FieldElement.class DONE
/org/apache/lucene/document/XYShapeDocValues.class starting
/org/apache/lucene/document/XYShapeDocValues.class DONE
/org/bouncycastle/math/ec/custom/gm/SM2P256V1FieldElement.class starting
/org/bouncycastle/math/ec/custom/gm/SM2P256V1FieldElement.class DONE
/org/apache/lucene/document/XYShapeDocValues.class starting
/org/apache/lucene/document/XYShapeDocValues.class DONE
/org/bouncycastle/math/ec/custom/gm/SM2P256V1FieldElement.class starting
/org/bouncycastle/math/ec/custom/gm/SM2P256V1FieldElement.class DONE
/org/bouncycastle/math/ec/custom/gm/SM2P256V1FieldElement.class starting
/org/bouncycastle/math/ec/custom/gm/SM2P256V1FieldElement.class DONE
/org/apache/lucene/document/XYShapeDocValues.class starting
/org/apache/lucene/document/XYShapeDocValues.class DONE
/org/bouncycastle/math/ec/custom/gm/SM2P256V1FieldElement.class starting
/org/bouncycastle/math/ec/custom/gm/SM2P256V1FieldElement.class DONE
/org/apache/lucene/document/XYShapeDocValues.class starting
/org/apache/lucene/document/XYShapeDocValues.class DONE
/org/bouncycastle/math/ec/custom/gm/SM2P256V1FieldElement.class starting
/org/bouncycastle/math/ec/custom/gm/SM2P256V1FieldElement.class DONE
/org/bouncycastle/math/ec/custom/gm/SM2P256V1FieldElement.class starting
/org/bouncycastle/math/ec/custom/gm/SM2P256V1FieldElement.class DONE
/org/apache/lucene/document/XYShapeDocValues.class starting
/org/apache/lucene/document/XYShapeDocValues.class DONE
/org/bouncycastle/math/ec/custom/gm/SM2P256V1FieldElement.class starting
/org/bouncycastle/math/ec/custom/gm/SM2P256V1FieldElement.class DONE
/org/bouncycastle/math/ec/custom/gm/SM2P256V1FieldElement.class starting
/org/bouncycastle/math/ec/custom/gm/SM2P256V1FieldElement.class DONE
/org/bouncycastle/math/ec/custom/gm/SM2P256V1FieldElement.class starting
/org/bouncycastle/math/ec/custom/gm/SM2P256V1FieldElement.class DONE
/org/apache/lucene/document/XYShapeDocValues.class starting
/org/apache/lucene/document/XYShapeDocValues.class DONE
/org/apache/lucene/document/XYShapeDocValues.class starting
/org/apache/lucene/document/XYShapeDocValues.class DONE
/org/apache/lucene/document/XYShapeDocValues.class starting
/org/apache/lucene/document/XYShapeDocValues.class DONE
/org/bouncycastle/math/ec/custom/gm/SM2P256V1FieldElement.class starting
/org/bouncycastle/math/ec/custom/gm/SM2P256V1FieldElement.class DONE
/org/bouncycastle/math/ec/custom/gm/SM2P256V1FieldElement.class starting
/org/bouncycastle/math/ec/custom/gm/SM2P256V1FieldElement.class DONE
/org/apache/lucene/document/XYShapeDocValues.class starting
/org/apache/lucene/document/XYShapeDocValues.class DONE
/org/apache/lucene/document/XYShapeDocValues.class starting
/org/apache/lucene/document/XYShapeDocValues.class DONE
/org/apache/lucene/document/XYShapeDocValues.class starting
/org/apache/lucene/document/XYShapeDocValues.class DONE
/org/apache/lucene/document/XYShapeDocValues.class starting
/org/apache/lucene/document/XYShapeDocValues.class DONE
/org/apache/lucene/document/XYShapeDocValues.class starting
/org/apache/lucene/document/XYShapeDocValues.class DONE
/org/apache/lucene/document/XYShapeDocValues.class starting
/org/apache/lucene/document/XYShapeDocValues.class DONE
/org/apache/lucene/document/XYShapeDocValues.class starting
/org/apache/lucene/document/XYShapeDocValues.class DONE
/org/apache/lucene/document/XYShapeDocValues.class starting
/org/apache/lucene/document/XYShapeDocValues.class DONE
/org/apache/lucene/document/XYShapeDocValues.class starting
/org/apache/lucene/document/XYShapeDocValues.class DONE
/org/apache/lucene/document/XYShapeDocValues.class starting
/org/apache/lucene/document/XYShapeDocValues.class DONE
/org/bouncycastle/math/ec/custom/gm/SM2P256V1FieldElement.class starting
/org/bouncycastle/math/ec/custom/gm/SM2P256V1FieldElement.class DONE
/org/apache/lucene/document/XYShapeDocValues.class starting
/org/apache/lucene/document/XYShapeDocValues.class DONE
/org/bouncycastle/math/ec/custom/gm/SM2P256V1FieldElement.class starting
/org/bouncycastle/math/ec/custom/gm/SM2P256V1FieldElement.class DONE
/org/apache/lucene/document/XYShapeDocValues.class starting
/org/apache/lucene/document/XYShapeDocValues.class DONE
/org/bouncycastle/math/ec/custom/gm/SM2P256V1FieldElement.class starting
/org/bouncycastle/math/ec/custom/gm/SM2P256V1FieldElement.class DONE
/org/apache/lucene/document/XYShapeDocValues.class starting
/org/apache/lucene/document/XYShapeDocValues.class DONE
/org/bouncycastle/math/ec/custom/gm/SM2P256V1FieldElement.class starting
/org/bouncycastle/math/ec/custom/gm/SM2P256V1FieldElement.class DONE
/org/apache/lucene/document/XYShapeDocValues.class starting
/org/apache/lucene/document/XYShapeDocValues.class DONE
/org/bouncycastle/math/ec/custom/gm/SM2P256V1FieldElement.class starting
/org/bouncycastle/math/ec/custom/gm/SM2P256V1FieldElement.class DONE
/org/apache/lucene/document/XYShapeDocValues.class starting
/org/apache/lucene/document/XYShapeDocValues.class DONE
/org/apache/lucene/document/XYShapeDocValues.class starting
/org/apache/lucene/document/XYShapeDocValues.class DONE
/org/apache/lucene/document/XYShapeDocValues.class starting
/org/apache/lucene/document/XYShapeDocValues.class DONE
/org/bouncycastle/math/ec/custom/gm/SM2P256V1FieldElement.class starting
/org/bouncycastle/math/ec/custom/gm/SM2P256V1FieldElement.class DONE
/org/bouncycastle/math/ec/custom/gm/SM2P256V1FieldElement.class starting
/org/bouncycastle/math/ec/custom/gm/SM2P256V1FieldElement.class DONE
/org/bouncycastle/math/ec/custom/gm/SM2P256V1FieldElement.class starting
/org/bouncycastle/math/ec/custom/gm/SM2P256V1FieldElement.class DONE
/org/bouncycastle/math/ec/custom/gm/SM2P256V1FieldElement.class starting
/org/bouncycastle/math/ec/custom/gm/SM2P256V1FieldElement.class DONE
/org/bouncycastle/math/ec/custom/gm/SM2P256V1FieldElement.class starting
/org/bouncycastle/math/ec/custom/gm/SM2P256V1FieldElement.class DONE
/org/apache/lucene/document/XYShapeDocValues.class starting
/org/apache/lucene/document/XYShapeDocValues.class DONE
/org/bouncycastle/math/ec/custom/gm/SM2P256V1FieldElement.class starting
/org/bouncycastle/math/ec/custom/gm/SM2P256V1FieldElement.class DONE
/org/apache/lucene/document/XYShapeDocValues.class starting
/org/apache/lucene/document/XYShapeDocValues.class DONE
/org/bouncycastle/math/ec/custom/gm/SM2P256V1FieldElement.class starting
/org/bouncycastle/math/ec/custom/gm/SM2P256V1FieldElement.class DONE
/org/apache/lucene/document/XYShapeDocValues.class starting
/org/apache/lucene/document/XYShapeDocValues.class DONE
/org/bouncycastle/math/ec/custom/gm/SM2P256V1FieldElement.class starting
/org/bouncycastle/math/ec/custom/gm/SM2P256V1FieldElement.class DONE
/org/apache/lucene/document/XYShapeDocValues.class starting
/org/apache/lucene/document/XYShapeDocValues.class DONE
/org/bouncycastle/math/ec/custom/gm/SM2P256V1FieldElement.class starting
/org/bouncycastle/math/ec/custom/gm/SM2P256V1FieldElement.class DONE
/org/apache/lucene/document/XYShapeDocValues.class starting
/org/apache/lucene/document/XYShapeDocValues.class DONE
/org/bouncycastle/math/ec/custom/gm/SM2P256V1FieldElement.class starting
/org/bouncycastle/math/ec/custom/gm/SM2P256V1FieldElement.class DONE
/org/apache/lucene/document/XYShapeDocValues.class starting
/org/apache/lucene/document/XYShapeDocValues.class DONE
/org/bouncycastle/math/ec/custom/gm/SM2P256V1FieldElement.class starting
/org/bouncycastle/math/ec/custom/gm/SM2P256V1FieldElement.class DONE
/org/apache/lucene/document/XYShapeDocValues.class starting
/org/apache/lucene/document/XYShapeDocValues.class DONE
/org/bouncycastle/math/ec/custom/gm/SM2P256V1FieldElement.class starting
/org/bouncycastle/math/ec/custom/gm/SM2P256V1FieldElement.class DONE
/org/apache/lucene/document/XYShapeDocValues.class starting
/org/apache/lucene/document/XYShapeDocValues.class DONE
/org/apache/lucene/document/XYShapeDocValues.class starting
/org/apache/lucene/document/XYShapeDocValues.class DONE
/org/bouncycastle/math/ec/custom/gm/SM2P256V1FieldElement.class starting
/org/bouncycastle/math/ec/custom/gm/SM2P256V1FieldElement.class DONE
/org/apache/lucene/document/XYShapeDocValues.class starting
/org/apache/lucene/document/XYShapeDocValues.class DONE
/org/apache/lucene/document/XYShapeDocValues.class starting
/org/apache/lucene/document/XYShapeDocValues.class DONE
/org/bouncycastle/math/ec/custom/gm/SM2P256V1FieldElement.class starting
/org/bouncycastle/math/ec/custom/gm/SM2P256V1FieldElement.class DONE
/org/bouncycastle/math/ec/custom/gm/SM2P256V1FieldElement.class starting
/org/bouncycastle/math/ec/custom/gm/SM2P256V1FieldElement.class DONE
/org/apache/lucene/document/XYShapeDocValues.class starting
/org/apache/lucene/document/XYShapeDocValues.class DONE
/org/apache/lucene/document/XYShapeDocValues.class starting
/org/apache/lucene/document/XYShapeDocValues.class DONE
/org/bouncycastle/math/ec/custom/gm/SM2P256V1FieldElement.class starting
/org/bouncycastle/math/ec/custom/gm/SM2P256V1FieldElement.class DONE
/org/apache/lucene/document/XYShapeDocValues.class starting
/org/apache/lucene/document/XYShapeDocValues.class DONE
/org/bouncycastle/math/ec/custom/gm/SM2P256V1FieldElement.class starting
/org/bouncycastle/math/ec/custom/gm/SM2P256V1FieldElement.class DONE
/org/bouncycastle/math/ec/custom/gm/SM2P256V1FieldElement.class starting
/org/bouncycastle/math/ec/custom/gm/SM2P256V1FieldElement.class DONE
/org/apache/lucene/document/XYShapeDocValues.class starting
/org/apache/lucene/document/XYShapeDocValues.class DONE
/org/bouncycastle/math/ec/custom/gm/SM2P256V1FieldElement.class starting
/org/bouncycastle/math/ec/custom/gm/SM2P256V1FieldElement.class DONE
/org/bouncycastle/math/ec/custom/gm/SM2P256V1FieldElement.class starting
/org/bouncycastle/math/ec/custom/gm/SM2P256V1FieldElement.class DONE
/org/apache/lucene/document/XYShapeDocValues.class starting
/org/apache/lucene/document/XYShapeDocValues.class DONE
/org/bouncycastle/math/ec/custom/gm/SM2P256V1FieldElement.class starting
/org/bouncycastle/math/ec/custom/gm/SM2P256V1FieldElement.class DONE
/org/apache/lucene/document/XYShapeDocValues.class starting
/org/apache/lucene/document/XYShapeDocValues.class DONE
/org/bouncycastle/math/ec/custom/gm/SM2P256V1FieldElement.class starting
/org/bouncycastle/math/ec/custom/gm/SM2P256V1FieldElement.class DONE
/org/apache/lucene/document/XYShapeDocValues.class starting
/org/apache/lucene/document/XYShapeDocValues.class DONE
/org/bouncycastle/math/ec/custom/gm/SM2P256V1FieldElement.class starting
/org/bouncycastle/math/ec/custom/gm/SM2P256V1FieldElement.class DONE
/org/apache/lucene/document/XYShapeDocValues.class starting
/org/apache/lucene/document/XYShapeDocValues.class DONE
/org/bouncycastle/math/ec/custom/gm/SM2P256V1FieldElement.class starting
/org/bouncycastle/math/ec/custom/gm/SM2P256V1FieldElement.class DONE
/org/bouncycastle/math/ec/custom/gm/SM2P256V1FieldElement.class starting
/org/bouncycastle/math/ec/custom/gm/SM2P256V1FieldElement.class DONE
/org/bouncycastle/math/ec/custom/gm/SM2P256V1FieldElement.class starting
/org/bouncycastle/math/ec/custom/gm/SM2P256V1FieldElement.class DONE
/org/apache/lucene/document/XYShapeDocValues.class starting
/org/apache/lucene/document/XYShapeDocValues.class DONE
/org/bouncycastle/math/ec/custom/gm/SM2P256V1FieldElement.class starting
/org/bouncycastle/math/ec/custom/gm/SM2P256V1FieldElement.class DONE
/org/apache/lucene/document/XYShapeDocValues.class starting
/org/apache/lucene/document/XYShapeDocValues.class DONE
/org/bouncycastle/math/ec/custom/gm/SM2P256V1FieldElement.class starting
/org/bouncycastle/math/ec/custom/gm/SM2P256V1FieldElement.class DONE
/org/apache/lucene/document/XYShapeDocValues.class starting
/org/apache/lucene/document/XYShapeDocValues.class DONE
/org/bouncycastle/math/ec/custom/gm/SM2P256V1FieldElement.class starting
/org/bouncycastle/math/ec/custom/gm/SM2P256V1FieldElement.class DONE
/org/apache/lucene/document/XYShapeDocValues.class starting
/org/apache/lucene/document/XYShapeDocValues.class DONE
/org/bouncycastle/math/ec/custom/gm/SM2P256V1FieldElement.class starting
/org/bouncycastle/math/ec/custom/gm/SM2P256V1FieldElement.class DONE
/org/apache/lucene/document/XYShapeDocValues.class starting
/org/apache/lucene/document/XYShapeDocValues.class DONE
/org/bouncycastle/math/ec/custom/gm/SM2P256V1FieldElement.class starting
/org/bouncycastle/math/ec/custom/gm/SM2P256V1FieldElement.class DONE
/org/apache/lucene/document/XYShapeDocValues.class starting
/org/apache/lucene/document/XYShapeDocValues.class DONE
/org/bouncycastle/math/ec/custom/gm/SM2P256V1FieldElement.class starting
/org/bouncycastle/math/ec/custom/gm/SM2P256V1FieldElement.class DONE
/org/apache/lucene/document/XYShapeDocValues.class starting
/org/apache/lucene/document/XYShapeDocValues.class DONE
/org/bouncycastle/math/ec/custom/gm/SM2P256V1FieldElement.class starting
/org/bouncycastle/math/ec/custom/gm/SM2P256V1FieldElement.class DONE
/org/apache/lucene/document/XYShapeDocValues.class starting
/org/apache/lucene/document/XYShapeDocValues.class DONE
/org/bouncycastle/math/ec/custom/gm/SM2P256V1FieldElement.class starting
/org/bouncycastle/math/ec/custom/gm/SM2P256V1FieldElement.class DONE
/org/apache/lucene/document/XYShapeDocValues.class starting
/org/apache/lucene/document/XYShapeDocValues.class DONE
/org/bouncycastle/math/ec/custom/gm/SM2P256V1FieldElement.class starting
/org/bouncycastle/math/ec/custom/gm/SM2P256V1FieldElement.class DONE
/org/apache/lucene/document/XYShapeDocValues.class starting
/org/apache/lucene/document/XYShapeDocValues.class DONE
/org/bouncycastle/math/ec/custom/gm/SM2P256V1FieldElement.class starting
/org/bouncycastle/math/ec/custom/gm/SM2P256V1FieldElement.class DONE
/org/apache/lucene/document/XYShapeDocValues.class starting
/org/apache/lucene/document/XYShapeDocValues.class DONE
/org/bouncycastle/math/ec/custom/gm/SM2P256V1FieldElement.class starting
/org/bouncycastle/math/ec/custom/gm/SM2P256V1FieldElement.class DONE
/org/apache/lucene/document/XYShapeDocValues.class starting
/org/apache/lucene/document/XYShapeDocValues.class DONE
/org/bouncycastle/math/ec/custom/gm/SM2P256V1FieldElement.class starting
/org/bouncycastle/math/ec/custom/gm/SM2P256V1FieldElement.class DONE
/org/apache/lucene/document/XYShapeDocValues.class starting
/org/apache/lucene/document/XYShapeDocValues.class DONE
/org/bouncycastle/math/ec/custom/gm/SM2P256V1FieldElement.class starting
/org/bouncycastle/math/ec/custom/gm/SM2P256V1FieldElement.class DONE
/org/apache/lucene/document/XYShapeDocValues.class starting
/org/apache/lucene/document/XYShapeDocValues.class DONE
/org/bouncycastle/math/ec/custom/gm/SM2P256V1FieldElement.class starting
/org/bouncycastle/math/ec/custom/gm/SM2P256V1FieldElement.class DONE
/org/bouncycastle/math/ec/custom/gm/SM2P256V1FieldElement.class starting
/org/bouncycastle/math/ec/custom/gm/SM2P256V1FieldElement.class DONE
/org/apache/lucene/document/XYShapeDocValues.class starting
/org/apache/lucene/document/XYShapeDocValues.class DONE
/org/bouncycastle/math/ec/custom/gm/SM2P256V1FieldElement.class starting
/org/bouncycastle/math/ec/custom/gm/SM2P256V1FieldElement.class DONE
/org/apache/lucene/document/XYShapeDocValues.class starting
/org/apache/lucene/document/XYShapeDocValues.class DONE
/org/bouncycastle/math/ec/custom/gm/SM2P256V1FieldElement.class starting
/org/bouncycastle/math/ec/custom/gm/SM2P256V1FieldElement.class DONE
/org/apache/lucene/document/XYShapeDocValues.class starting
/org/apache/lucene/document/XYShapeDocValues.class DONE
/org/bouncycastle/math/ec/custom/gm/SM2P256V1FieldElement.class starting
/org/bouncycastle/math/ec/custom/gm/SM2P256V1FieldElement.class DONE
/org/bouncycastle/math/ec/custom/gm/SM2P256V1FieldElement.class starting
/org/bouncycastle/math/ec/custom/gm/SM2P256V1FieldElement.class DONE
/org/apache/lucene/document/XYShapeDocValues.class starting
/org/apache/lucene/document/XYShapeDocValues.class DONE
/org/bouncycastle/math/ec/custom/gm/SM2P256V1FieldElement.class starting
/org/bouncycastle/math/ec/custom/gm/SM2P256V1FieldElement.class DONE
/org/apache/lucene/document/XYShapeDocValues.class starting
/org/apache/lucene/document/XYShapeDocValues.class DONE
/org/bouncycastle/math/ec/custom/gm/SM2P256V1FieldElement.class starting
/org/bouncycastle/math/ec/custom/gm/SM2P256V1FieldElement.class DONE
/org/apache/lucene/document/XYShapeDocValues.class starting
/org/apache/lucene/document/XYShapeDocValues.class DONE
/org/bouncycastle/math/ec/custom/gm/SM2P256V1FieldElement.class starting
/org/bouncycastle/math/ec/custom/gm/SM2P256V1FieldElement.class DONE
/org/apache/lucene/document/XYShapeDocValues.class starting
/org/apache/lucene/document/XYShapeDocValues.class DONE
/org/bouncycastle/math/ec/custom/gm/SM2P256V1FieldElement.class starting
/org/bouncycastle/math/ec/custom/gm/SM2P256V1FieldElement.class DONE
/org/apache/lucene/document/XYShapeDocValues.class starting
/org/apache/lucene/document/XYShapeDocValues.class DONE
/org/apache/lucene/document/XYShapeDocValues.class starting
/org/bouncycastle/math/ec/custom/gm/SM2P256V1FieldElement.class starting
/org/apache/lucene/document/XYShapeDocValues.class DONE
/org/bouncycastle/math/ec/custom/gm/SM2P256V1FieldElement.class DONE
/org/bouncycastle/math/ec/custom/gm/SM2P256V1FieldElement.class starting
/org/bouncycastle/math/ec/custom/gm/SM2P256V1FieldElement.class DONE
/org/bouncycastle/math/ec/custom/gm/SM2P256V1FieldElement.class starting
/org/bouncycastle/math/ec/custom/gm/SM2P256V1FieldElement.class DONE
/org/bouncycastle/math/ec/custom/gm/SM2P256V1FieldElement.class starting
/org/bouncycastle/math/ec/custom/gm/SM2P256V1FieldElement.class DONE
/org/apache/lucene/document/XYShapeDocValues.class starting
/org/apache/lucene/document/XYShapeDocValues.class DONE
/org/bouncycastle/math/ec/custom/gm/SM2P256V1FieldElement.class starting
/org/bouncycastle/math/ec/custom/gm/SM2P256V1FieldElement.class DONE
/org/bouncycastle/math/ec/custom/gm/SM2P256V1FieldElement.class starting
/org/bouncycastle/math/ec/custom/gm/SM2P256V1FieldElement.class DONE
/org/apache/lucene/document/XYShapeDocValues.class starting
/org/apache/lucene/document/XYShapeDocValues.class DONE
/org/bouncycastle/math/ec/custom/gm/SM2P256V1FieldElement.class starting
/org/bouncycastle/math/ec/custom/gm/SM2P256V1FieldElement.class DONE
/org/apache/lucene/document/XYShapeDocValues.class starting
/org/apache/lucene/document/XYShapeDocValues.class DONE
/org/bouncycastle/math/ec/custom/gm/SM2P256V1FieldElement.class starting
/org/bouncycastle/math/ec/custom/gm/SM2P256V1FieldElement.class DONE
/org/apache/lucene/document/XYShapeDocValues.class starting
/org/apache/lucene/document/XYShapeDocValues.class DONE
/org/bouncycastle/math/ec/custom/gm/SM2P256V1FieldElement.class starting
/org/bouncycastle/math/ec/custom/gm/SM2P256V1FieldElement.class DONE
/org/apache/lucene/document/XYShapeDocValues.class starting
/org/apache/lucene/document/XYShapeDocValues.class DONE
/org/bouncycastle/math/ec/custom/gm/SM2P256V1FieldElement.class starting
/org/bouncycastle/math/ec/custom/gm/SM2P256V1FieldElement.class DONE
/org/apache/lucene/document/XYShapeDocValues.class starting
/org/apache/lucene/document/XYShapeDocValues.class DONE
/org/bouncycastle/math/ec/custom/gm/SM2P256V1FieldElement.class starting
/org/bouncycastle/math/ec/custom/gm/SM2P256V1FieldElement.class DONE
/org/apache/lucene/document/XYShapeDocValues.class starting
/org/apache/lucene/document/XYShapeDocValues.class DONE
/org/bouncycastle/math/ec/custom/gm/SM2P256V1FieldElement.class starting
/org/bouncycastle/math/ec/custom/gm/SM2P256V1FieldElement.class DONE
/org/bouncycastle/math/ec/custom/gm/SM2P256V1FieldElement.class starting
/org/bouncycastle/math/ec/custom/gm/SM2P256V1FieldElement.class DONE
/org/bouncycastle/math/ec/custom/gm/SM2P256V1FieldElement.class starting
/org/bouncycastle/math/ec/custom/gm/SM2P256V1FieldElement.class DONE
/org/apache/lucene/document/XYShapeDocValues.class starting
/org/apache/lucene/document/XYShapeDocValues.class DONE
/org/bouncycastle/math/ec/custom/gm/SM2P256V1FieldElement.class starting
/org/bouncycastle/math/ec/custom/gm/SM2P256V1FieldElement.class DONE
/org/apache/lucene/document/XYShapeDocValues.class starting
/org/apache/lucene/document/XYShapeDocValues.class DONE
/org/bouncycastle/math/ec/custom/gm/SM2P256V1FieldElement.class starting
/org/apache/lucene/document/XYShapeDocValues.class starting
/org/apache/lucene/document/XYShapeDocValues.class DONE
/org/bouncycastle/math/ec/custom/gm/SM2P256V1FieldElement.class DONE
/org/bouncycastle/math/ec/custom/gm/SM2P256V1FieldElement.class starting
/org/bouncycastle/math/ec/custom/gm/SM2P256V1FieldElement.class DONE
/org/apache/lucene/document/XYShapeDocValues.class starting
/org/apache/lucene/document/XYShapeDocValues.class DONE
/org/bouncycastle/math/ec/custom/gm/SM2P256V1FieldElement.class starting
/org/bouncycastle/math/ec/custom/gm/SM2P256V1FieldElement.class DONE
/org/apache/lucene/document/XYShapeDocValues.class starting
/org/apache/lucene/document/XYShapeDocValues.class DONE
/org/bouncycastle/math/ec/custom/gm/SM2P256V1FieldElement.class starting
/org/bouncycastle/math/ec/custom/gm/SM2P256V1FieldElement.class DONE
/org/apache/lucene/document/XYShapeDocValues.class starting
/org/apache/lucene/document/XYShapeDocValues.class DONE
/org/bouncycastle/math/ec/custom/gm/SM2P256V1FieldElement.class starting
/org/bouncycastle/math/ec/custom/gm/SM2P256V1FieldElement.class DONE
/org/apache/lucene/document/XYShapeDocValues.class starting
/org/apache/lucene/document/XYShapeDocValues.class DONE
/org/bouncycastle/math/ec/custom/gm/SM2P256V1FieldElement.class starting
/org/bouncycastle/math/ec/custom/gm/SM2P256V1FieldElement.class DONE
/org/bouncycastle/math/ec/custom/gm/SM2P256V1FieldElement.class starting
/org/bouncycastle/math/ec/custom/gm/SM2P256V1FieldElement.class DONE
/org/apache/lucene/document/XYShapeDocValues.class starting
/org/apache/lucene/document/XYShapeDocValues.class DONE
/org/bouncycastle/math/ec/custom/gm/SM2P256V1FieldElement.class starting
/org/bouncycastle/math/ec/custom/gm/SM2P256V1FieldElement.class DONE
/org/apache/lucene/document/XYShapeDocValues.class starting
/org/apache/lucene/document/XYShapeDocValues.class DONE
/org/bouncycastle/math/ec/custom/gm/SM2P256V1FieldElement.class starting
/org/bouncycastle/math/ec/custom/gm/SM2P256V1FieldElement.class DONE
/org/apache/lucene/document/XYShapeDocValues.class starting
/org/apache/lucene/document/XYShapeDocValues.class DONE
/org/bouncycastle/math/ec/custom/gm/SM2P256V1FieldElement.class starting
/org/bouncycastle/math/ec/custom/gm/SM2P256V1FieldElement.class DONE
/org/apache/lucene/document/XYShapeDocValues.class starting
/org/apache/lucene/document/XYShapeDocValues.class DONE
/org/bouncycastle/math/ec/custom/gm/SM2P256V1FieldElement.class starting
/org/bouncycastle/math/ec/custom/gm/SM2P256V1FieldElement.class DONE
/org/apache/lucene/document/XYShapeDocValues.class starting
/org/apache/lucene/document/XYShapeDocValues.class DONE
/org/bouncycastle/math/ec/custom/gm/SM2P256V1FieldElement.class starting
/org/bouncycastle/math/ec/custom/gm/SM2P256V1FieldElement.class DONE
/org/apache/lucene/document/XYShapeDocValues.class starting
/org/apache/lucene/document/XYShapeDocValues.class DONE
/org/bouncycastle/math/ec/custom/gm/SM2P256V1FieldElement.class starting
/org/bouncycastle/math/ec/custom/gm/SM2P256V1FieldElement.class DONE
/org/bouncycastle/math/ec/custom/gm/SM2P256V1FieldElement.class starting
/org/bouncycastle/math/ec/custom/gm/SM2P256V1FieldElement.class DONE
/org/bouncycastle/math/ec/custom/gm/SM2P256V1FieldElement.class starting
/org/bouncycastle/math/ec/custom/gm/SM2P256V1FieldElement.class DONE
/org/bouncycastle/math/ec/custom/gm/SM2P256V1FieldElement.class starting
/org/bouncycastle/math/ec/custom/gm/SM2P256V1FieldElement.class DONE
/org/apache/lucene/document/XYShapeDocValues.class starting
/org/apache/lucene/document/XYShapeDocValues.class DONE
/org/apache/lucene/document/XYShapeDocValues.class starting
/org/apache/lucene/document/XYShapeDocValues.class DONE
/org/bouncycastle/math/ec/custom/gm/SM2P256V1FieldElement.class starting
/org/apache/lucene/document/XYShapeDocValues.class starting
/org/apache/lucene/document/XYShapeDocValues.class DONE
/org/bouncycastle/math/ec/custom/gm/SM2P256V1FieldElement.class DONE
/org/apache/lucene/document/XYShapeDocValues.class starting
/org/apache/lucene/document/XYShapeDocValues.class DONE
/org/bouncycastle/math/ec/custom/gm/SM2P256V1FieldElement.class starting
/org/bouncycastle/math/ec/custom/gm/SM2P256V1FieldElement.class DONE
/org/apache/lucene/document/XYShapeDocValues.class starting
/org/apache/lucene/document/XYShapeDocValues.class DONE
/org/apache/lucene/document/XYShapeDocValues.class starting
/org/apache/lucene/document/XYShapeDocValues.class DONE
/org/apache/lucene/document/XYShapeDocValues.class starting
/org/apache/lucene/document/XYShapeDocValues.class DONE
/org/bouncycastle/math/ec/custom/gm/SM2P256V1FieldElement.class starting
/org/bouncycastle/math/ec/custom/gm/SM2P256V1FieldElement.class DONE
/org/bouncycastle/math/ec/custom/gm/SM2P256V1FieldElement.class starting
/org/bouncycastle/math/ec/custom/gm/SM2P256V1FieldElement.class DONE
/org/apache/lucene/document/XYShapeDocValues.class starting
/org/apache/lucene/document/XYShapeDocValues.class DONE
/org/bouncycastle/math/ec/custom/gm/SM2P256V1FieldElement.class starting
/org/bouncycastle/math/ec/custom/gm/SM2P256V1FieldElement.class DONE
/org/apache/lucene/document/XYShapeDocValues.class starting
/org/apache/lucene/document/XYShapeDocValues.class DONE
/org/bouncycastle/math/ec/custom/gm/SM2P256V1FieldElement.class starting
/org/bouncycastle/math/ec/custom/gm/SM2P256V1FieldElement.class DONE
/org/bouncycastle/math/ec/custom/gm/SM2P256V1FieldElement.class starting
/org/bouncycastle/math/ec/custom/gm/SM2P256V1FieldElement.class DONE
/org/apache/lucene/document/XYShapeDocValues.class starting
/org/apache/lucene/document/XYShapeDocValues.class DONE
/org/bouncycastle/math/ec/custom/gm/SM2P256V1FieldElement.class starting
/org/bouncycastle/math/ec/custom/gm/SM2P256V1FieldElement.class DONE
/org/apache/lucene/document/XYShapeDocValues.class starting
/org/apache/lucene/document/XYShapeDocValues.class DONE
/org/bouncycastle/math/ec/custom/gm/SM2P256V1FieldElement.class starting
/org/bouncycastle/math/ec/custom/gm/SM2P256V1FieldElement.class DONE
/org/apache/lucene/document/XYShapeDocValues.class starting
/org/apache/lucene/document/XYShapeDocValues.class DONE
/org/bouncycastle/math/ec/custom/gm/SM2P256V1FieldElement.class starting
/org/bouncycastle/math/ec/custom/gm/SM2P256V1FieldElement.class DONE
/org/apache/lucene/document/XYShapeDocValues.class starting
/org/apache/lucene/document/XYShapeDocValues.class DONE
/org/bouncycastle/math/ec/custom/gm/SM2P256V1FieldElement.class starting
/org/bouncycastle/math/ec/custom/gm/SM2P256V1FieldElement.class DONE
/org/apache/lucene/document/XYShapeDocValues.class starting
/org/apache/lucene/document/XYShapeDocValues.class DONE
/org/bouncycastle/math/ec/custom/gm/SM2P256V1FieldElement.class starting
/org/bouncycastle/math/ec/custom/gm/SM2P256V1FieldElement.class DONE
/org/apache/lucene/document/XYShapeDocValues.class starting
/org/apache/lucene/document/XYShapeDocValues.class DONE
/org/bouncycastle/math/ec/custom/gm/SM2P256V1FieldElement.class starting
/org/bouncycastle/math/ec/custom/gm/SM2P256V1FieldElement.class DONE
/org/apache/lucene/document/XYShapeDocValues.class starting
/org/apache/lucene/document/XYShapeDocValues.class DONE
/org/bouncycastle/math/ec/custom/gm/SM2P256V1FieldElement.class starting
/org/bouncycastle/math/ec/custom/gm/SM2P256V1FieldElement.class DONE
/org/apache/lucene/document/XYShapeDocValues.class starting
/org/apache/lucene/document/XYShapeDocValues.class DONE
/org/bouncycastle/math/ec/custom/gm/SM2P256V1FieldElement.class starting
/org/bouncycastle/math/ec/custom/gm/SM2P256V1FieldElement.class DONE
/org/apache/lucene/document/XYShapeDocValues.class starting
/org/apache/lucene/document/XYShapeDocValues.class DONE
/org/bouncycastle/math/ec/custom/gm/SM2P256V1FieldElement.class starting
/org/bouncycastle/math/ec/custom/gm/SM2P256V1FieldElement.class DONE
/org/apache/lucene/document/XYShapeDocValues.class starting
/org/apache/lucene/document/XYShapeDocValues.class DONE
/org/bouncycastle/math/ec/custom/gm/SM2P256V1FieldElement.class starting
/org/bouncycastle/math/ec/custom/gm/SM2P256V1FieldElement.class DONE
/org/apache/lucene/document/XYShapeDocValues.class starting
/org/apache/lucene/document/XYShapeDocValues.class DONE
/org/apache/lucene/document/XYShapeDocValues.class starting
/org/apache/lucene/document/XYShapeDocValues.class DONE
/org/apache/lucene/document/XYShapeDocValues.class starting
/org/apache/lucene/document/XYShapeDocValues.class DONE
/org/apache/lucene/document/XYShapeDocValues.class starting
/org/bouncycastle/math/ec/custom/gm/SM2P256V1FieldElement.class starting
/org/apache/lucene/document/XYShapeDocValues.class DONE
/org/bouncycastle/math/ec/custom/gm/SM2P256V1FieldElement.class DONE
/org/bouncycastle/math/ec/custom/gm/SM2P256V1FieldElement.class starting
/org/bouncycastle/math/ec/custom/gm/SM2P256V1FieldElement.class DONE
/org/apache/lucene/document/XYShapeDocValues.class starting
/org/apache/lucene/document/XYShapeDocValues.class DONE
/org/bouncycastle/math/ec/custom/gm/SM2P256V1FieldElement.class starting
/org/bouncycastle/math/ec/custom/gm/SM2P256V1FieldElement.class DONE
/org/bouncycastle/math/ec/custom/gm/SM2P256V1FieldElement.class starting
/org/bouncycastle/math/ec/custom/gm/SM2P256V1FieldElement.class DONE
/org/apache/lucene/document/XYShapeDocValues.class starting
/org/apache/lucene/document/XYShapeDocValues.class DONE
/org/apache/lucene/document/XYShapeDocValues.class starting
/org/apache/lucene/document/XYShapeDocValues.class DONE
/org/bouncycastle/math/ec/custom/gm/SM2P256V1FieldElement.class starting
/org/bouncycastle/math/ec/custom/gm/SM2P256V1FieldElement.class DONE
/org/apache/lucene/document/XYShapeDocValues.class starting
/org/apache/lucene/document/XYShapeDocValues.class DONE
/org/bouncycastle/math/ec/custom/gm/SM2P256V1FieldElement.class starting
/org/bouncycastle/math/ec/custom/gm/SM2P256V1FieldElement.class DONE
/org/apache/lucene/document/XYShapeDocValues.class starting
/org/bouncycastle/math/ec/custom/gm/SM2P256V1FieldElement.class starting
/org/bouncycastle/math/ec/custom/gm/SM2P256V1FieldElement.class DONE
/org/apache/lucene/document/XYShapeDocValues.class DONE
/org/apache/lucene/document/XYShapeDocValues.class starting
/org/apache/lucene/document/XYShapeDocValues.class DONE
/org/bouncycastle/math/ec/custom/gm/SM2P256V1FieldElement.class starting
/org/bouncycastle/math/ec/custom/gm/SM2P256V1FieldElement.class DONE
/org/apache/lucene/document/XYShapeDocValues.class starting
/org/apache/lucene/document/XYShapeDocValues.class DONE
/org/bouncycastle/math/ec/custom/gm/SM2P256V1FieldElement.class starting
/org/bouncycastle/math/ec/custom/gm/SM2P256V1FieldElement.class DONE
/org/apache/lucene/document/XYShapeDocValues.class starting
/org/bouncycastle/math/ec/custom/gm/SM2P256V1FieldElement.class starting
/org/bouncycastle/math/ec/custom/gm/SM2P256V1FieldElement.class DONE
/org/bouncycastle/math/ec/custom/gm/SM2P256V1FieldElement.class starting
/org/bouncycastle/math/ec/custom/gm/SM2P256V1FieldElement.class DONE
/org/bouncycastle/math/ec/custom/gm/SM2P256V1FieldElement.class starting
/org/bouncycastle/math/ec/custom/gm/SM2P256V1FieldElement.class DONE
/org/bouncycastle/math/ec/custom/gm/SM2P256V1FieldElement.class starting
/org/bouncycastle/math/ec/custom/gm/SM2P256V1FieldElement.class DONE
/org/apache/lucene/document/XYShapeDocValues.class DONE
/org/bouncycastle/math/ec/custom/gm/SM2P256V1FieldElement.class starting
/org/bouncycastle/math/ec/custom/gm/SM2P256V1FieldElement.class DONE
/org/apache/lucene/document/XYShapeDocValues.class starting
/org/apache/lucene/document/XYShapeDocValues.class DONE
/org/bouncycastle/math/ec/custom/gm/SM2P256V1FieldElement.class starting
/org/bouncycastle/math/ec/custom/gm/SM2P256V1FieldElement.class DONE
/org/apache/lucene/document/XYShapeDocValues.class starting
/org/apache/lucene/document/XYShapeDocValues.class DONE
/org/bouncycastle/math/ec/custom/gm/SM2P256V1FieldElement.class starting
/org/bouncycastle/math/ec/custom/gm/SM2P256V1FieldElement.class DONE
/org/apache/lucene/document/XYShapeDocValues.class starting
/org/bouncycastle/math/ec/custom/gm/SM2P256V1FieldElement.class starting
/org/bouncycastle/math/ec/custom/gm/SM2P256V1FieldElement.class DONE
/org/apache/lucene/document/XYShapeDocValues.class DONE
/org/bouncycastle/math/ec/custom/gm/SM2P256V1FieldElement.class starting
/org/bouncycastle/math/ec/custom/gm/SM2P256V1FieldElement.class DONE
/org/apache/lucene/document/XYShapeDocValues.class starting
/org/apache/lucene/document/XYShapeDocValues.class DONE
/org/bouncycastle/math/ec/custom/gm/SM2P256V1FieldElement.class starting
/org/bouncycastle/math/ec/custom/gm/SM2P256V1FieldElement.class DONE
/org/apache/lucene/document/XYShapeDocValues.class starting
/org/apache/lucene/document/XYShapeDocValues.class DONE
/org/bouncycastle/math/ec/custom/gm/SM2P256V1FieldElement.class starting
/org/bouncycastle/math/ec/custom/gm/SM2P256V1FieldElement.class DONE
/org/apache/lucene/document/XYShapeDocValues.class starting
/org/apache/lucene/document/XYShapeDocValues.class DONE
/org/bouncycastle/math/ec/custom/gm/SM2P256V1FieldElement.class starting
/org/bouncycastle/math/ec/custom/gm/SM2P256V1FieldElement.class DONE
/org/apache/lucene/document/XYShapeDocValues.class starting
/org/apache/lucene/document/XYShapeDocValues.class DONE
/org/bouncycastle/math/ec/custom/gm/SM2P256V1FieldElement.class starting
/org/bouncycastle/math/ec/custom/gm/SM2P256V1FieldElement.class DONE
/org/apache/lucene/document/XYShapeDocValues.class starting
/org/apache/lucene/document/XYShapeDocValues.class DONE
/org/apache/lucene/document/XYShapeDocValues.class starting
/org/apache/lucene/document/XYShapeDocValues.class DONE
/org/bouncycastle/math/ec/custom/gm/SM2P256V1FieldElement.class starting
/org/bouncycastle/math/ec/custom/gm/SM2P256V1FieldElement.class DONE
/org/apache/lucene/document/XYShapeDocValues.class starting
/org/apache/lucene/document/XYShapeDocValues.class DONE
/org/apache/lucene/document/XYShapeDocValues.class starting
/org/apache/lucene/document/XYShapeDocValues.class DONE
/org/bouncycastle/math/ec/custom/gm/SM2P256V1FieldElement.class starting
/org/bouncycastle/math/ec/custom/gm/SM2P256V1FieldElement.class DONE
/org/apache/lucene/document/XYShapeDocValues.class starting
/org/apache/lucene/document/XYShapeDocValues.class DONE
/org/bouncycastle/math/ec/custom/gm/SM2P256V1FieldElement.class starting
/org/bouncycastle/math/ec/custom/gm/SM2P256V1FieldElement.class DONE
/org/bouncycastle/math/ec/custom/gm/SM2P256V1FieldElement.class starting
/org/bouncycastle/math/ec/custom/gm/SM2P256V1FieldElement.class DONE
/org/apache/lucene/document/XYShapeDocValues.class starting
/org/apache/lucene/document/XYShapeDocValues.class DONE
/org/bouncycastle/math/ec/custom/gm/SM2P256V1FieldElement.class starting
/org/bouncycastle/math/ec/custom/gm/SM2P256V1FieldElement.class DONE
/org/apache/lucene/document/XYShapeDocValues.class starting
/org/apache/lucene/document/XYShapeDocValues.class DONE
/org/bouncycastle/math/ec/custom/gm/SM2P256V1FieldElement.class starting
/org/bouncycastle/math/ec/custom/gm/SM2P256V1FieldElement.class DONE
/org/apache/lucene/document/XYShapeDocValues.class starting
/org/bouncycastle/math/ec/custom/gm/SM2P256V1FieldElement.class starting
/org/apache/lucene/document/XYShapeDocValues.class DONE
/org/bouncycastle/math/ec/custom/gm/SM2P256V1FieldElement.class DONE
/org/apache/lucene/document/XYShapeDocValues.class starting
/org/bouncycastle/math/ec/custom/gm/SM2P256V1FieldElement.class starting
/org/bouncycastle/math/ec/custom/gm/SM2P256V1FieldElement.class DONE
/org/bouncycastle/math/ec/custom/gm/SM2P256V1FieldElement.class starting
/org/bouncycastle/math/ec/custom/gm/SM2P256V1FieldElement.class DONE
/org/apache/lucene/document/XYShapeDocValues.class DONE
/org/bouncycastle/math/ec/custom/gm/SM2P256V1FieldElement.class starting
/org/bouncycastle/math/ec/custom/gm/SM2P256V1FieldElement.class DONE
/org/apache/lucene/document/XYShapeDocValues.class starting
/org/apache/lucene/document/XYShapeDocValues.class DONE
/org/bouncycastle/math/ec/custom/gm/SM2P256V1FieldElement.class starting
/org/bouncycastle/math/ec/custom/gm/SM2P256V1FieldElement.class DONE
/org/apache/lucene/document/XYShapeDocValues.class starting
/org/apache/lucene/document/XYShapeDocValues.class DONE
/org/bouncycastle/math/ec/custom/gm/SM2P256V1FieldElement.class starting
/org/bouncycastle/math/ec/custom/gm/SM2P256V1FieldElement.class DONE
/org/bouncycastle/math/ec/custom/gm/SM2P256V1FieldElement.class starting
/org/apache/lucene/document/XYShapeDocValues.class starting
/org/apache/lucene/document/XYShapeDocValues.class DONE
/org/bouncycastle/math/ec/custom/gm/SM2P256V1FieldElement.class DONE
/org/apache/lucene/document/XYShapeDocValues.class starting
/org/apache/lucene/document/XYShapeDocValues.class DONE
/org/bouncycastle/math/ec/custom/gm/SM2P256V1FieldElement.class starting
/org/bouncycastle/math/ec/custom/gm/SM2P256V1FieldElement.class DONE
/org/apache/lucene/document/XYShapeDocValues.class starting
/org/apache/lucene/document/XYShapeDocValues.class DONE
/org/bouncycastle/math/ec/custom/gm/SM2P256V1FieldElement.class starting
/org/bouncycastle/math/ec/custom/gm/SM2P256V1FieldElement.class DONE
/org/apache/lucene/document/XYShapeDocValues.class starting
/org/apache/lucene/document/XYShapeDocValues.class DONE
/org/bouncycastle/math/ec/custom/gm/SM2P256V1FieldElement.class starting
/org/bouncycastle/math/ec/custom/gm/SM2P256V1FieldElement.class DONE
/org/apache/lucene/document/XYShapeDocValues.class starting
/org/apache/lucene/document/XYShapeDocValues.class DONE
/org/bouncycastle/math/ec/custom/gm/SM2P256V1FieldElement.class starting
/org/bouncycastle/math/ec/custom/gm/SM2P256V1FieldElement.class DONE
/org/apache/lucene/document/XYShapeDocValues.class starting
/org/apache/lucene/document/XYShapeDocValues.class DONE
/org/bouncycastle/math/ec/custom/gm/SM2P256V1FieldElement.class starting
/org/bouncycastle/math/ec/custom/gm/SM2P256V1FieldElement.class DONE
/org/apache/lucene/document/XYShapeDocValues.class starting
/org/apache/lucene/document/XYShapeDocValues.class DONE
/org/bouncycastle/math/ec/custom/gm/SM2P256V1FieldElement.class starting
/org/bouncycastle/math/ec/custom/gm/SM2P256V1FieldElement.class DONE
/org/apache/lucene/document/XYShapeDocValues.class starting
/org/apache/lucene/document/XYShapeDocValues.class DONE
/org/bouncycastle/math/ec/custom/gm/SM2P256V1FieldElement.class starting
/org/bouncycastle/math/ec/custom/gm/SM2P256V1FieldElement.class DONE
/org/apache/lucene/document/XYShapeDocValues.class starting
/org/apache/lucene/document/XYShapeDocValues.class DONE
/org/bouncycastle/math/ec/custom/gm/SM2P256V1FieldElement.class starting
/org/bouncycastle/math/ec/custom/gm/SM2P256V1FieldElement.class DONE
/org/apache/lucene/document/XYShapeDocValues.class starting
/org/bouncycastle/math/ec/custom/gm/SM2P256V1FieldElement.class starting
/org/apache/lucene/document/XYShapeDocValues.class DONE
/org/apache/lucene/document/XYShapeDocValues.class starting
/org/apache/lucene/document/XYShapeDocValues.class DONE
/org/apache/lucene/document/XYShapeDocValues.class starting
/org/apache/lucene/document/XYShapeDocValues.class DONE
/org/apache/lucene/document/XYShapeDocValues.class starting
/org/apache/lucene/document/XYShapeDocValues.class DONE
/org/apache/lucene/document/XYShapeDocValues.class starting
/org/apache/lucene/document/XYShapeDocValues.class DONE
/org/apache/lucene/document/XYShapeDocValues.class starting
/org/apache/lucene/document/XYShapeDocValues.class DONE
/org/apache/lucene/document/XYShapeDocValues.class starting
/org/apache/lucene/document/XYShapeDocValues.class DONE
/org/apache/lucene/document/XYShapeDocValues.class starting
/org/bouncycastle/math/ec/custom/gm/SM2P256V1FieldElement.class DONE
/org/bouncycastle/math/ec/custom/gm/SM2P256V1FieldElement.class starting
/org/apache/lucene/document/XYShapeDocValues.class DONE
/org/apache/lucene/document/XYShapeDocValues.class starting
/org/apache/lucene/document/XYShapeDocValues.class DONE
/org/apache/lucene/document/XYShapeDocValues.class starting
/org/apache/lucene/document/XYShapeDocValues.class DONE
/org/bouncycastle/math/ec/custom/gm/SM2P256V1FieldElement.class DONE
/org/bouncycastle/math/ec/custom/gm/SM2P256V1FieldElement.class starting
/org/bouncycastle/math/ec/custom/gm/SM2P256V1FieldElement.class DONE
/org/apache/lucene/document/XYShapeDocValues.class starting
/org/apache/lucene/document/XYShapeDocValues.class DONE
/org/bouncycastle/math/ec/custom/gm/SM2P256V1FieldElement.class starting
/org/bouncycastle/math/ec/custom/gm/SM2P256V1FieldElement.class DONE
/org/apache/lucene/document/XYShapeDocValues.class starting
/org/apache/lucene/document/XYShapeDocValues.class DONE
/org/bouncycastle/math/ec/custom/gm/SM2P256V1FieldElement.class starting
/org/bouncycastle/math/ec/custom/gm/SM2P256V1FieldElement.class DONE
/org/apache/lucene/document/XYShapeDocValues.class starting
/org/apache/lucene/document/XYShapeDocValues.class DONE
/org/bouncycastle/math/ec/custom/gm/SM2P256V1FieldElement.class starting
/org/bouncycastle/math/ec/custom/gm/SM2P256V1FieldElement.class DONE
/org/apache/lucene/document/XYShapeDocValues.class starting
/org/apache/lucene/document/XYShapeDocValues.class DONE
/org/bouncycastle/math/ec/custom/gm/SM2P256V1FieldElement.class starting
/org/bouncycastle/math/ec/custom/gm/SM2P256V1FieldElement.class DONE
/org/apache/lucene/document/XYShapeDocValues.class starting
/org/apache/lucene/document/XYShapeDocValues.class DONE
/org/bouncycastle/math/ec/custom/gm/SM2P256V1FieldElement.class starting
/org/bouncycastle/math/ec/custom/gm/SM2P256V1FieldElement.class DONE
/org/apache/lucene/document/XYShapeDocValues.class starting
/org/apache/lucene/document/XYShapeDocValues.class DONE
/org/bouncycastle/math/ec/custom/gm/SM2P256V1FieldElement.class starting
/org/bouncycastle/math/ec/custom/gm/SM2P256V1FieldElement.class DONE
/org/bouncycastle/math/ec/custom/gm/SM2P256V1FieldElement.class starting
/org/bouncycastle/math/ec/custom/gm/SM2P256V1FieldElement.class DONE
/org/apache/lucene/document/XYShapeDocValues.class starting
/org/apache/lucene/document/XYShapeDocValues.class DONE
/org/apache/lucene/document/XYShapeDocValues.class starting
/org/apache/lucene/document/XYShapeDocValues.class DONE
/org/bouncycastle/math/ec/custom/gm/SM2P256V1FieldElement.class starting
/org/bouncycastle/math/ec/custom/gm/SM2P256V1FieldElement.class DONE
/org/bouncycastle/math/ec/custom/gm/SM2P256V1FieldElement.class starting
/org/bouncycastle/math/ec/custom/gm/SM2P256V1FieldElement.class DONE
/org/apache/lucene/document/XYShapeDocValues.class starting
/org/apache/lucene/document/XYShapeDocValues.class DONE
/org/bouncycastle/math/ec/custom/gm/SM2P256V1FieldElement.class starting
/org/bouncycastle/math/ec/custom/gm/SM2P256V1FieldElement.class DONE
/org/apache/lucene/document/XYShapeDocValues.class starting
/org/apache/lucene/document/XYShapeDocValues.class DONE
/org/bouncycastle/math/ec/custom/gm/SM2P256V1FieldElement.class starting
/org/bouncycastle/math/ec/custom/gm/SM2P256V1FieldElement.class DONE
/org/apache/lucene/document/XYShapeDocValues.class starting
/org/apache/lucene/document/XYShapeDocValues.class DONE
/org/bouncycastle/math/ec/custom/gm/SM2P256V1FieldElement.class starting
/org/bouncycastle/math/ec/custom/gm/SM2P256V1FieldElement.class DONE
/org/bouncycastle/math/ec/custom/gm/SM2P256V1FieldElement.class starting
/org/bouncycastle/math/ec/custom/gm/SM2P256V1FieldElement.class DONE
/org/apache/lucene/document/XYShapeDocValues.class starting
/org/apache/lucene/document/XYShapeDocValues.class DONE
/org/bouncycastle/math/ec/custom/gm/SM2P256V1FieldElement.class starting
/org/bouncycastle/math/ec/custom/gm/SM2P256V1FieldElement.class DONE
/org/apache/lucene/document/XYShapeDocValues.class starting
/org/apache/lucene/document/XYShapeDocValues.class DONE
/org/apache/lucene/document/XYShapeDocValues.class starting
/org/apache/lucene/document/XYShapeDocValues.class DONE
/org/apache/lucene/document/XYShapeDocValues.class starting
/org/apache/lucene/document/XYShapeDocValues.class DONE
/org/apache/lucene/document/XYShapeDocValues.class starting
/org/apache/lucene/document/XYShapeDocValues.class DONE
/org/apache/lucene/document/XYShapeDocValues.class starting
/org/apache/lucene/document/XYShapeDocValues.class DONE
/org/apache/lucene/document/XYShapeDocValues.class starting
/org/apache/lucene/document/XYShapeDocValues.class DONE
/org/apache/lucene/document/XYShapeDocValues.class starting
/org/apache/lucene/document/XYShapeDocValues.class DONE
/org/apache/lucene/document/XYShapeDocValues.class starting
/org/apache/lucene/document/XYShapeDocValues.class DONE
/org/apache/lucene/document/XYShapeDocValues.class starting
/org/apache/lucene/document/XYShapeDocValues.class DONE
/org/apache/lucene/document/XYShapeDocValues.class starting
/org/apache/lucene/document/XYShapeDocValues.class DONE
/org/apache/lucene/document/XYShapeDocValues.class starting
/org/apache/lucene/document/XYShapeDocValues.class DONE
/org/bouncycastle/math/ec/custom/gm/SM2P256V1FieldElement.class starting
/org/bouncycastle/math/ec/custom/gm/SM2P256V1FieldElement.class DONE
/org/bouncycastle/math/ec/custom/gm/SM2P256V1FieldElement.class starting
/org/bouncycastle/math/ec/custom/gm/SM2P256V1FieldElement.class DONE
/org/bouncycastle/math/ec/custom/gm/SM2P256V1FieldElement.class starting
/org/bouncycastle/math/ec/custom/gm/SM2P256V1FieldElement.class DONE
/org/apache/lucene/document/XYShapeDocValues.class starting
/org/apache/lucene/document/XYShapeDocValues.class DONE
/org/bouncycastle/math/ec/custom/gm/SM2P256V1FieldElement.class starting
/org/bouncycastle/math/ec/custom/gm/SM2P256V1FieldElement.class DONE
/org/apache/lucene/document/XYShapeDocValues.class starting
/org/apache/lucene/document/XYShapeDocValues.class DONE
/org/bouncycastle/math/ec/custom/gm/SM2P256V1FieldElement.class starting
/org/bouncycastle/math/ec/custom/gm/SM2P256V1FieldElement.class DONE
/org/apache/lucene/document/XYShapeDocValues.class starting
/org/apache/lucene/document/XYShapeDocValues.class DONE
/org/bouncycastle/math/ec/custom/gm/SM2P256V1FieldElement.class starting
/org/apache/lucene/document/XYShapeDocValues.class starting
/org/bouncycastle/math/ec/custom/gm/SM2P256V1FieldElement.class DONE
/org/bouncycastle/math/ec/custom/gm/SM2P256V1FieldElement.class starting
/org/bouncycastle/math/ec/custom/gm/SM2P256V1FieldElement.class DONE
/org/bouncycastle/math/ec/custom/gm/SM2P256V1FieldElement.class starting
/org/bouncycastle/math/ec/custom/gm/SM2P256V1FieldElement.class DONE
/org/bouncycastle/math/ec/custom/gm/SM2P256V1FieldElement.class starting
/org/bouncycastle/math/ec/custom/gm/SM2P256V1FieldElement.class DONE
/org/bouncycastle/math/ec/custom/gm/SM2P256V1FieldElement.class starting
/org/bouncycastle/math/ec/custom/gm/SM2P256V1FieldElement.class DONE
/org/bouncycastle/math/ec/custom/gm/SM2P256V1FieldElement.class starting
/org/bouncycastle/math/ec/custom/gm/SM2P256V1FieldElement.class DONE
/org/bouncycastle/math/ec/custom/gm/SM2P256V1FieldElement.class starting
/org/bouncycastle/math/ec/custom/gm/SM2P256V1FieldElement.class DONE
/org/bouncycastle/math/ec/custom/gm/SM2P256V1FieldElement.class starting
/org/bouncycastle/math/ec/custom/gm/SM2P256V1FieldElement.class DONE
/org/apache/lucene/document/XYShapeDocValues.class DONE
/org/apache/lucene/document/XYShapeDocValues.class starting
/org/apache/lucene/document/XYShapeDocValues.class DONE
/org/apache/lucene/document/XYShapeDocValues.class starting
/org/apache/lucene/document/XYShapeDocValues.class DONE
/org/apache/lucene/document/XYShapeDocValues.class starting
/org/apache/lucene/document/XYShapeDocValues.class DONE
/org/apache/lucene/document/XYShapeDocValues.class starting
/org/apache/lucene/document/XYShapeDocValues.class DONE
/org/apache/lucene/document/XYShapeDocValues.class starting
/org/apache/lucene/document/XYShapeDocValues.class DONE
/org/bouncycastle/math/ec/custom/gm/SM2P256V1FieldElement.class starting
/org/bouncycastle/math/ec/custom/gm/SM2P256V1FieldElement.class DONE
/org/apache/lucene/document/XYShapeDocValues.class starting
/org/apache/lucene/document/XYShapeDocValues.class DONE
/org/bouncycastle/math/ec/custom/gm/SM2P256V1FieldElement.class starting
/org/bouncycastle/math/ec/custom/gm/SM2P256V1FieldElement.class DONE
/org/apache/lucene/document/XYShapeDocValues.class starting
/org/apache/lucene/document/XYShapeDocValues.class DONE
/org/bouncycastle/math/ec/custom/gm/SM2P256V1FieldElement.class starting
/org/bouncycastle/math/ec/custom/gm/SM2P256V1FieldElement.class DONE
/org/bouncycastle/math/ec/custom/gm/SM2P256V1FieldElement.class starting
/org/bouncycastle/math/ec/custom/gm/SM2P256V1FieldElement.class DONE
/org/apache/lucene/document/XYShapeDocValues.class starting
/org/apache/lucene/document/XYShapeDocValues.class DONE
/org/bouncycastle/math/ec/custom/gm/SM2P256V1FieldElement.class starting
/org/bouncycastle/math/ec/custom/gm/SM2P256V1FieldElement.class DONE
/org/apache/lucene/document/XYShapeDocValues.class starting
/org/apache/lucene/document/XYShapeDocValues.class DONE
/org/bouncycastle/math/ec/custom/gm/SM2P256V1FieldElement.class starting
/org/bouncycastle/math/ec/custom/gm/SM2P256V1FieldElement.class DONE
/org/bouncycastle/math/ec/custom/gm/SM2P256V1FieldElement.class starting
/org/bouncycastle/math/ec/custom/gm/SM2P256V1FieldElement.class DONE
/org/apache/lucene/document/XYShapeDocValues.class starting
/org/apache/lucene/document/XYShapeDocValues.class DONE
/org/apache/lucene/document/XYShapeDocValues.class starting
/org/apache/lucene/document/XYShapeDocValues.class DONE
/org/apache/lucene/document/XYShapeDocValues.class starting
/org/apache/lucene/document/XYShapeDocValues.class DONE
/org/bouncycastle/math/ec/custom/gm/SM2P256V1FieldElement.class starting
/org/bouncycastle/math/ec/custom/gm/SM2P256V1FieldElement.class DONE
/org/bouncycastle/math/ec/custom/gm/SM2P256V1FieldElement.class starting
/org/bouncycastle/math/ec/custom/gm/SM2P256V1FieldElement.class DONE
/org/apache/lucene/document/XYShapeDocValues.class starting
/org/apache/lucene/document/XYShapeDocValues.class DONE
/org/bouncycastle/math/ec/custom/gm/SM2P256V1FieldElement.class starting
/org/bouncycastle/math/ec/custom/gm/SM2P256V1FieldElement.class DONE
/org/apache/lucene/document/XYShapeDocValues.class starting
/org/bouncycastle/math/ec/custom/gm/SM2P256V1FieldElement.class starting
/org/apache/lucene/document/XYShapeDocValues.class DONE
/org/bouncycastle/math/ec/custom/gm/SM2P256V1FieldElement.class DONE
/org/apache/lucene/document/XYShapeDocValues.class starting
/org/apache/lucene/document/XYShapeDocValues.class DONE
/org/bouncycastle/math/ec/custom/gm/SM2P256V1FieldElement.class starting
/org/bouncycastle/math/ec/custom/gm/SM2P256V1FieldElement.class DONE
/org/apache/lucene/document/XYShapeDocValues.class starting
/org/apache/lucene/document/XYShapeDocValues.class DONE
/org/bouncycastle/math/ec/custom/gm/SM2P256V1FieldElement.class starting
/org/bouncycastle/math/ec/custom/gm/SM2P256V1FieldElement.class DONE
/org/apache/lucene/document/XYShapeDocValues.class starting
/org/apache/lucene/document/XYShapeDocValues.class DONE
/org/bouncycastle/math/ec/custom/gm/SM2P256V1FieldElement.class starting
/org/bouncycastle/math/ec/custom/gm/SM2P256V1FieldElement.class DONE
/org/apache/lucene/document/XYShapeDocValues.class starting
/org/apache/lucene/document/XYShapeDocValues.class DONE
/org/bouncycastle/math/ec/custom/gm/SM2P256V1FieldElement.class starting
/org/bouncycastle/math/ec/custom/gm/SM2P256V1FieldElement.class DONE
/org/apache/lucene/document/XYShapeDocValues.class starting
/org/apache/lucene/document/XYShapeDocValues.class DONE
/org/apache/lucene/document/XYShapeDocValues.class starting
/org/apache/lucene/document/XYShapeDocValues.class DONE
/org/bouncycastle/math/ec/custom/gm/SM2P256V1FieldElement.class starting
/org/bouncycastle/math/ec/custom/gm/SM2P256V1FieldElement.class DONE
/org/apache/lucene/document/XYShapeDocValues.class starting
/org/apache/lucene/document/XYShapeDocValues.class DONE
/org/bouncycastle/math/ec/custom/gm/SM2P256V1FieldElement.class starting
/org/bouncycastle/math/ec/custom/gm/SM2P256V1FieldElement.class DONE
/org/apache/lucene/document/XYShapeDocValues.class starting
/org/apache/lucene/document/XYShapeDocValues.class DONE
/org/bouncycastle/math/ec/custom/gm/SM2P256V1FieldElement.class starting
/org/bouncycastle/math/ec/custom/gm/SM2P256V1FieldElement.class DONE
/org/bouncycastle/math/ec/custom/gm/SM2P256V1FieldElement.class starting
/org/bouncycastle/math/ec/custom/gm/SM2P256V1FieldElement.class DONE
/org/bouncycastle/math/ec/custom/gm/SM2P256V1FieldElement.class starting
/org/bouncycastle/math/ec/custom/gm/SM2P256V1FieldElement.class DONE
/org/apache/lucene/document/XYShapeDocValues.class starting
/org/apache/lucene/document/XYShapeDocValues.class DONE
/org/bouncycastle/math/ec/custom/gm/SM2P256V1FieldElement.class starting
/org/bouncycastle/math/ec/custom/gm/SM2P256V1FieldElement.class DONE
/org/apache/lucene/document/XYShapeDocValues.class starting
/org/apache/lucene/document/XYShapeDocValues.class DONE
/org/bouncycastle/math/ec/custom/gm/SM2P256V1FieldElement.class starting
/org/bouncycastle/math/ec/custom/gm/SM2P256V1FieldElement.class DONE
/org/apache/lucene/document/XYShapeDocValues.class starting
/org/apache/lucene/document/XYShapeDocValues.class DONE
/org/bouncycastle/math/ec/custom/gm/SM2P256V1FieldElement.class starting
/org/bouncycastle/math/ec/custom/gm/SM2P256V1FieldElement.class DONE
/org/apache/lucene/document/XYShapeDocValues.class starting
/org/apache/lucene/document/XYShapeDocValues.class DONE
/org/bouncycastle/math/ec/custom/gm/SM2P256V1FieldElement.class starting
/org/bouncycastle/math/ec/custom/gm/SM2P256V1FieldElement.class DONE
/org/apache/lucene/document/XYShapeDocValues.class starting
/org/apache/lucene/document/XYShapeDocValues.class DONE
/org/bouncycastle/math/ec/custom/gm/SM2P256V1FieldElement.class starting
/org/bouncycastle/math/ec/custom/gm/SM2P256V1FieldElement.class DONE
/org/apache/lucene/document/XYShapeDocValues.class starting
/org/apache/lucene/document/XYShapeDocValues.class DONE
/org/bouncycastle/math/ec/custom/gm/SM2P256V1FieldElement.class starting
/org/bouncycastle/math/ec/custom/gm/SM2P256V1FieldElement.class DONE
/org/apache/lucene/document/XYShapeDocValues.class starting
/org/apache/lucene/document/XYShapeDocValues.class DONE
/org/bouncycastle/math/ec/custom/gm/SM2P256V1FieldElement.class starting
/org/bouncycastle/math/ec/custom/gm/SM2P256V1FieldElement.class DONE
/org/apache/lucene/document/XYShapeDocValues.class starting
/org/apache/lucene/document/XYShapeDocValues.class DONE
/org/bouncycastle/math/ec/custom/gm/SM2P256V1FieldElement.class starting
/org/bouncycastle/math/ec/custom/gm/SM2P256V1FieldElement.class DONE
/org/apache/lucene/document/XYShapeDocValues.class starting
/org/apache/lucene/document/XYShapeDocValues.class DONE
/org/apache/lucene/document/XYShapeDocValues.class starting
/org/apache/lucene/document/XYShapeDocValues.class DONE
/org/bouncycastle/math/ec/custom/gm/SM2P256V1FieldElement.class starting
/org/bouncycastle/math/ec/custom/gm/SM2P256V1FieldElement.class DONE
/org/apache/lucene/document/XYShapeDocValues.class starting
/org/apache/lucene/document/XYShapeDocValues.class DONE
/org/bouncycastle/math/ec/custom/gm/SM2P256V1FieldElement.class starting
/org/bouncycastle/math/ec/custom/gm/SM2P256V1FieldElement.class DONE
/org/bouncycastle/math/ec/custom/gm/SM2P256V1FieldElement.class starting
/org/bouncycastle/math/ec/custom/gm/SM2P256V1FieldElement.class DONE
/org/apache/lucene/document/XYShapeDocValues.class starting
/org/apache/lucene/document/XYShapeDocValues.class DONE
/org/bouncycastle/math/ec/custom/gm/SM2P256V1FieldElement.class starting
/org/bouncycastle/math/ec/custom/gm/SM2P256V1FieldElement.class DONE
/org/apache/lucene/document/XYShapeDocValues.class starting
/org/apache/lucene/document/XYShapeDocValues.class DONE
/org/apache/lucene/document/XYShapeDocValues.class starting
/org/apache/lucene/document/XYShapeDocValues.class DONE
/org/bouncycastle/math/ec/custom/gm/SM2P256V1FieldElement.class starting
/org/bouncycastle/math/ec/custom/gm/SM2P256V1FieldElement.class DONE
/org/apache/lucene/document/XYShapeDocValues.class starting
/org/apache/lucene/document/XYShapeDocValues.class DONE
/org/bouncycastle/math/ec/custom/gm/SM2P256V1FieldElement.class starting
/org/bouncycastle/math/ec/custom/gm/SM2P256V1FieldElement.class DONE
/org/apache/lucene/document/XYShapeDocValues.class starting
/org/apache/lucene/document/XYShapeDocValues.class DONE
/org/bouncycastle/math/ec/custom/gm/SM2P256V1FieldElement.class starting
/org/bouncycastle/math/ec/custom/gm/SM2P256V1FieldElement.class DONE
/org/apache/lucene/document/XYShapeDocValues.class starting
/org/apache/lucene/document/XYShapeDocValues.class DONE
/org/bouncycastle/math/ec/custom/gm/SM2P256V1FieldElement.class starting
/org/bouncycastle/math/ec/custom/gm/SM2P256V1FieldElement.class DONE
/org/apache/lucene/document/XYShapeDocValues.class starting
/org/apache/lucene/document/XYShapeDocValues.class DONE
/org/bouncycastle/math/ec/custom/gm/SM2P256V1FieldElement.class starting
/org/bouncycastle/math/ec/custom/gm/SM2P256V1FieldElement.class DONE
/org/apache/lucene/document/XYShapeDocValues.class starting
/org/apache/lucene/document/XYShapeDocValues.class DONE
/org/bouncycastle/math/ec/custom/gm/SM2P256V1FieldElement.class starting
/org/bouncycastle/math/ec/custom/gm/SM2P256V1FieldElement.class DONE
/org/apache/lucene/document/XYShapeDocValues.class starting
/org/apache/lucene/document/XYShapeDocValues.class DONE
/org/bouncycastle/math/ec/custom/gm/SM2P256V1FieldElement.class starting
/org/bouncycastle/math/ec/custom/gm/SM2P256V1FieldElement.class DONE
/org/apache/lucene/document/XYShapeDocValues.class starting
/org/apache/lucene/document/XYShapeDocValues.class DONE
/org/bouncycastle/math/ec/custom/gm/SM2P256V1FieldElement.class starting
/org/bouncycastle/math/ec/custom/gm/SM2P256V1FieldElement.class DONE
/org/apache/lucene/document/XYShapeDocValues.class starting
/org/apache/lucene/document/XYShapeDocValues.class DONE
/org/bouncycastle/math/ec/custom/gm/SM2P256V1FieldElement.class starting
/org/bouncycastle/math/ec/custom/gm/SM2P256V1FieldElement.class DONE
/org/bouncycastle/math/ec/custom/gm/SM2P256V1FieldElement.class starting
/org/bouncycastle/math/ec/custom/gm/SM2P256V1FieldElement.class DONE
/org/apache/lucene/document/XYShapeDocValues.class starting
/org/apache/lucene/document/XYShapeDocValues.class DONE
/org/bouncycastle/math/ec/custom/gm/SM2P256V1FieldElement.class starting
/org/bouncycastle/math/ec/custom/gm/SM2P256V1FieldElement.class DONE
/org/bouncycastle/math/ec/custom/gm/SM2P256V1FieldElement.class starting
/org/bouncycastle/math/ec/custom/gm/SM2P256V1FieldElement.class DONE
/org/apache/lucene/document/XYShapeDocValues.class starting
/org/apache/lucene/document/XYShapeDocValues.class DONE
/org/bouncycastle/math/ec/custom/gm/SM2P256V1FieldElement.class starting
/org/bouncycastle/math/ec/custom/gm/SM2P256V1FieldElement.class DONE
/org/apache/lucene/document/XYShapeDocValues.class starting
/org/apache/lucene/document/XYShapeDocValues.class DONE
/org/bouncycastle/math/ec/custom/gm/SM2P256V1FieldElement.class starting
/org/bouncycastle/math/ec/custom/gm/SM2P256V1FieldElement.class DONE
/org/apache/lucene/document/XYShapeDocValues.class starting
/org/apache/lucene/document/XYShapeDocValues.class DONE
/org/bouncycastle/math/ec/custom/gm/SM2P256V1FieldElement.class starting
/org/bouncycastle/math/ec/custom/gm/SM2P256V1FieldElement.class DONE
/org/apache/lucene/document/XYShapeDocValues.class starting
/org/apache/lucene/document/XYShapeDocValues.class DONE
/org/bouncycastle/math/ec/custom/gm/SM2P256V1FieldElement.class starting
/org/bouncycastle/math/ec/custom/gm/SM2P256V1FieldElement.class DONE
/org/apache/lucene/document/XYShapeDocValues.class starting
/org/apache/lucene/document/XYShapeDocValues.class DONE
/org/bouncycastle/math/ec/custom/gm/SM2P256V1FieldElement.class starting
/org/bouncycastle/math/ec/custom/gm/SM2P256V1FieldElement.class DONE
/org/apache/lucene/document/XYShapeDocValues.class starting
/org/apache/lucene/document/XYShapeDocValues.class DONE
/org/bouncycastle/math/ec/custom/gm/SM2P256V1FieldElement.class starting
/org/bouncycastle/math/ec/custom/gm/SM2P256V1FieldElement.class DONE
/org/apache/lucene/document/XYShapeDocValues.class starting
/org/apache/lucene/document/XYShapeDocValues.class DONE
/org/bouncycastle/math/ec/custom/gm/SM2P256V1FieldElement.class starting
/org/bouncycastle/math/ec/custom/gm/SM2P256V1FieldElement.class DONE
/org/bouncycastle/math/ec/custom/gm/SM2P256V1FieldElement.class starting
/org/bouncycastle/math/ec/custom/gm/SM2P256V1FieldElement.class DONE
/org/apache/lucene/document/XYShapeDocValues.class starting
/org/apache/lucene/document/XYShapeDocValues.class DONE
/org/bouncycastle/math/ec/custom/gm/SM2P256V1FieldElement.class starting
/org/bouncycastle/math/ec/custom/gm/SM2P256V1FieldElement.class DONE
/org/apache/lucene/document/XYShapeDocValues.class starting
/org/apache/lucene/document/XYShapeDocValues.class DONE
/org/bouncycastle/math/ec/custom/gm/SM2P256V1FieldElement.class starting
/org/bouncycastle/math/ec/custom/gm/SM2P256V1FieldElement.class DONE
/org/bouncycastle/math/ec/custom/gm/SM2P256V1FieldElement.class starting
/org/bouncycastle/math/ec/custom/gm/SM2P256V1FieldElement.class DONE
/org/apache/lucene/document/XYShapeDocValues.class starting
/org/apache/lucene/document/XYShapeDocValues.class DONE
/org/bouncycastle/math/ec/custom/gm/SM2P256V1FieldElement.class starting
/org/bouncycastle/math/ec/custom/gm/SM2P256V1FieldElement.class DONE
/org/apache/lucene/document/XYShapeDocValues.class starting
/org/apache/lucene/document/XYShapeDocValues.class DONE
/org/bouncycastle/math/ec/custom/gm/SM2P256V1FieldElement.class starting
/org/bouncycastle/math/ec/custom/gm/SM2P256V1FieldElement.class DONE
/org/apache/lucene/document/XYShapeDocValues.class starting
/org/apache/lucene/document/XYShapeDocValues.class DONE
/org/bouncycastle/math/ec/custom/gm/SM2P256V1FieldElement.class starting
/org/bouncycastle/math/ec/custom/gm/SM2P256V1FieldElement.class DONE
/org/bouncycastle/math/ec/custom/gm/SM2P256V1FieldElement.class starting
/org/bouncycastle/math/ec/custom/gm/SM2P256V1FieldElement.class DONE
/org/apache/lucene/document/XYShapeDocValues.class starting
/org/apache/lucene/document/XYShapeDocValues.class DONE
/org/bouncycastle/math/ec/custom/gm/SM2P256V1FieldElement.class starting
/org/bouncycastle/math/ec/custom/gm/SM2P256V1FieldElement.class DONE
/org/apache/lucene/document/XYShapeDocValues.class starting
/org/apache/lucene/document/XYShapeDocValues.class DONE
/org/bouncycastle/math/ec/custom/gm/SM2P256V1FieldElement.class starting
/org/bouncycastle/math/ec/custom/gm/SM2P256V1FieldElement.class DONE
/org/apache/lucene/document/XYShapeDocValues.class starting
/org/apache/lucene/document/XYShapeDocValues.class DONE
/org/bouncycastle/math/ec/custom/gm/SM2P256V1FieldElement.class starting
/org/bouncycastle/math/ec/custom/gm/SM2P256V1FieldElement.class DONE
/org/apache/lucene/document/XYShapeDocValues.class starting
/org/apache/lucene/document/XYShapeDocValues.class DONE
/org/bouncycastle/math/ec/custom/gm/SM2P256V1FieldElement.class starting
/org/bouncycastle/math/ec/custom/gm/SM2P256V1FieldElement.class DONE
/org/bouncycastle/math/ec/custom/gm/SM2P256V1FieldElement.class starting
/org/bouncycastle/math/ec/custom/gm/SM2P256V1FieldElement.class DONE
/org/apache/lucene/document/XYShapeDocValues.class starting
/org/apache/lucene/document/XYShapeDocValues.class DONE
/org/bouncycastle/math/ec/custom/gm/SM2P256V1FieldElement.class starting
/org/bouncycastle/math/ec/custom/gm/SM2P256V1FieldElement.class DONE
/org/apache/lucene/document/XYShapeDocValues.class starting
/org/apache/lucene/document/XYShapeDocValues.class DONE
/org/bouncycastle/math/ec/custom/gm/SM2P256V1FieldElement.class starting
/org/bouncycastle/math/ec/custom/gm/SM2P256V1FieldElement.class DONE
/org/apache/lucene/document/XYShapeDocValues.class starting
/org/apache/lucene/document/XYShapeDocValues.class DONE
/org/bouncycastle/math/ec/custom/gm/SM2P256V1FieldElement.class starting
/org/bouncycastle/math/ec/custom/gm/SM2P256V1FieldElement.class DONE
/org/bouncycastle/math/ec/custom/gm/SM2P256V1FieldElement.class starting
/org/bouncycastle/math/ec/custom/gm/SM2P256V1FieldElement.class DONE
/org/apache/lucene/document/XYShapeDocValues.class starting
/org/apache/lucene/document/XYShapeDocValues.class DONE
/org/bouncycastle/math/ec/custom/gm/SM2P256V1FieldElement.class starting
/org/bouncycastle/math/ec/custom/gm/SM2P256V1FieldElement.class DONE
/org/apache/lucene/document/XYShapeDocValues.class starting
/org/apache/lucene/document/XYShapeDocValues.class DONE
/org/bouncycastle/math/ec/custom/gm/SM2P256V1FieldElement.class starting
/org/bouncycastle/math/ec/custom/gm/SM2P256V1FieldElement.class DONE
/org/apache/lucene/document/XYShapeDocValues.class starting
/org/apache/lucene/document/XYShapeDocValues.class DONE
/org/apache/lucene/document/XYShapeDocValues.class starting
/org/apache/lucene/document/XYShapeDocValues.class DONE
/org/bouncycastle/math/ec/custom/gm/SM2P256V1FieldElement.class starting
/org/bouncycastle/math/ec/custom/gm/SM2P256V1FieldElement.class DONE
/org/apache/lucene/document/XYShapeDocValues.class starting
/org/apache/lucene/document/XYShapeDocValues.class DONE
/org/bouncycastle/math/ec/custom/gm/SM2P256V1FieldElement.class starting
/org/bouncycastle/math/ec/custom/gm/SM2P256V1FieldElement.class DONE
/org/apache/lucene/document/XYShapeDocValues.class starting
/org/apache/lucene/document/XYShapeDocValues.class DONE
/org/apache/lucene/document/XYShapeDocValues.class starting
/org/apache/lucene/document/XYShapeDocValues.class DONE
/org/apache/lucene/document/XYShapeDocValues.class starting
/org/apache/lucene/document/XYShapeDocValues.class DONE
/org/bouncycastle/math/ec/custom/gm/SM2P256V1FieldElement.class starting
/org/bouncycastle/math/ec/custom/gm/SM2P256V1FieldElement.class DONE
/org/apache/lucene/document/XYShapeDocValues.class starting
/org/apache/lucene/document/XYShapeDocValues.class DONE
/org/apache/lucene/document/XYShapeDocValues.class starting
/org/apache/lucene/document/XYShapeDocValues.class DONE
/org/bouncycastle/math/ec/custom/gm/SM2P256V1FieldElement.class starting
/org/bouncycastle/math/ec/custom/gm/SM2P256V1FieldElement.class DONE
/org/bouncycastle/math/ec/custom/gm/SM2P256V1FieldElement.class starting
/org/bouncycastle/math/ec/custom/gm/SM2P256V1FieldElement.class DONE
/org/apache/lucene/document/XYShapeDocValues.class starting
/org/apache/lucene/document/XYShapeDocValues.class DONE
/org/bouncycastle/math/ec/custom/gm/SM2P256V1FieldElement.class starting
/org/bouncycastle/math/ec/custom/gm/SM2P256V1FieldElement.class DONE
/org/apache/lucene/document/XYShapeDocValues.class starting
/org/apache/lucene/document/XYShapeDocValues.class DONE
/org/bouncycastle/math/ec/custom/gm/SM2P256V1FieldElement.class starting
/org/bouncycastle/math/ec/custom/gm/SM2P256V1FieldElement.class DONE
/org/apache/lucene/document/XYShapeDocValues.class starting
/org/apache/lucene/document/XYShapeDocValues.class DONE
/org/bouncycastle/math/ec/custom/gm/SM2P256V1FieldElement.class starting
/org/bouncycastle/math/ec/custom/gm/SM2P256V1FieldElement.class DONE
/org/apache/lucene/document/XYShapeDocValues.class starting
/org/apache/lucene/document/XYShapeDocValues.class DONE
/org/apache/lucene/document/XYShapeDocValues.class starting
/org/apache/lucene/document/XYShapeDocValues.class DONE
/org/bouncycastle/math/ec/custom/gm/SM2P256V1FieldElement.class starting
/org/bouncycastle/math/ec/custom/gm/SM2P256V1FieldElement.class DONE
/org/apache/lucene/document/XYShapeDocValues.class starting
/org/apache/lucene/document/XYShapeDocValues.class DONE
/org/bouncycastle/math/ec/custom/gm/SM2P256V1FieldElement.class starting
/org/bouncycastle/math/ec/custom/gm/SM2P256V1FieldElement.class DONE
/org/apache/lucene/document/XYShapeDocValues.class starting
/org/apache/lucene/document/XYShapeDocValues.class DONE
/org/bouncycastle/math/ec/custom/gm/SM2P256V1FieldElement.class starting
/org/bouncycastle/math/ec/custom/gm/SM2P256V1FieldElement.class DONE
/org/apache/lucene/document/XYShapeDocValues.class starting
/org/apache/lucene/document/XYShapeDocValues.class DONE
/org/bouncycastle/math/ec/custom/gm/SM2P256V1FieldElement.class starting
/org/bouncycastle/math/ec/custom/gm/SM2P256V1FieldElement.class DONE
/org/apache/lucene/document/XYShapeDocValues.class starting
/org/apache/lucene/document/XYShapeDocValues.class DONE
/org/bouncycastle/math/ec/custom/gm/SM2P256V1FieldElement.class starting
/org/bouncycastle/math/ec/custom/gm/SM2P256V1FieldElement.class DONE
/org/apache/lucene/document/XYShapeDocValues.class starting
/org/apache/lucene/document/XYShapeDocValues.class DONE
/org/bouncycastle/math/ec/custom/gm/SM2P256V1FieldElement.class starting
/org/bouncycastle/math/ec/custom/gm/SM2P256V1FieldElement.class DONE
/org/apache/lucene/document/XYShapeDocValues.class starting
/org/apache/lucene/document/XYShapeDocValues.class DONE
/org/bouncycastle/math/ec/custom/gm/SM2P256V1FieldElement.class starting
/org/bouncycastle/math/ec/custom/gm/SM2P256V1FieldElement.class DONE
/org/apache/lucene/document/XYShapeDocValues.class starting
/org/apache/lucene/document/XYShapeDocValues.class DONE
/org/bouncycastle/math/ec/custom/gm/SM2P256V1FieldElement.class starting
/org/bouncycastle/math/ec/custom/gm/SM2P256V1FieldElement.class DONE
/org/apache/lucene/document/XYShapeDocValues.class starting
/org/apache/lucene/document/XYShapeDocValues.class DONE
/org/bouncycastle/math/ec/custom/gm/SM2P256V1FieldElement.class starting
/org/bouncycastle/math/ec/custom/gm/SM2P256V1FieldElement.class DONE
/org/apache/lucene/document/XYShapeDocValues.class starting
/org/apache/lucene/document/XYShapeDocValues.class DONE
/org/bouncycastle/math/ec/custom/gm/SM2P256V1FieldElement.class starting
/org/bouncycastle/math/ec/custom/gm/SM2P256V1FieldElement.class DONE
/org/apache/lucene/document/XYShapeDocValues.class starting
/org/apache/lucene/document/XYShapeDocValues.class DONE
/org/bouncycastle/math/ec/custom/gm/SM2P256V1FieldElement.class starting
/org/bouncycastle/math/ec/custom/gm/SM2P256V1FieldElement.class DONE
/org/bouncycastle/math/ec/custom/gm/SM2P256V1FieldElement.class starting
/org/bouncycastle/math/ec/custom/gm/SM2P256V1FieldElement.class DONE
/org/bouncycastle/math/ec/custom/gm/SM2P256V1FieldElement.class starting
/org/bouncycastle/math/ec/custom/gm/SM2P256V1FieldElement.class DONE
/org/apache/lucene/document/XYShapeDocValues.class starting
/org/apache/lucene/document/XYShapeDocValues.class DONE
/org/bouncycastle/math/ec/custom/gm/SM2P256V1FieldElement.class starting
/org/bouncycastle/math/ec/custom/gm/SM2P256V1FieldElement.class DONE
/org/apache/lucene/document/XYShapeDocValues.class starting
/org/apache/lucene/document/XYShapeDocValues.class DONE
/org/bouncycastle/math/ec/custom/gm/SM2P256V1FieldElement.class starting
/org/bouncycastle/math/ec/custom/gm/SM2P256V1FieldElement.class DONE
/org/apache/lucene/document/XYShapeDocValues.class starting
/org/apache/lucene/document/XYShapeDocValues.class DONE
/org/bouncycastle/math/ec/custom/gm/SM2P256V1FieldElement.class starting
/org/bouncycastle/math/ec/custom/gm/SM2P256V1FieldElement.class DONE
/org/apache/lucene/document/XYShapeDocValues.class starting
/org/apache/lucene/document/XYShapeDocValues.class DONE
/org/apache/lucene/document/XYShapeDocValues.class starting
/org/apache/lucene/document/XYShapeDocValues.class DONE
/org/bouncycastle/math/ec/custom/gm/SM2P256V1FieldElement.class starting
/org/bouncycastle/math/ec/custom/gm/SM2P256V1FieldElement.class DONE
/org/apache/lucene/document/XYShapeDocValues.class starting
/org/apache/lucene/document/XYShapeDocValues.class DONE
/org/bouncycastle/math/ec/custom/gm/SM2P256V1FieldElement.class starting
/org/bouncycastle/math/ec/custom/gm/SM2P256V1FieldElement.class DONE
/org/apache/lucene/document/XYShapeDocValues.class starting
/org/apache/lucene/document/XYShapeDocValues.class DONE
/org/bouncycastle/math/ec/custom/gm/SM2P256V1FieldElement.class starting
/org/bouncycastle/math/ec/custom/gm/SM2P256V1FieldElement.class DONE
/org/apache/lucene/document/XYShapeDocValues.class starting
/org/apache/lucene/document/XYShapeDocValues.class DONE
/org/bouncycastle/math/ec/custom/gm/SM2P256V1FieldElement.class starting
/org/bouncycastle/math/ec/custom/gm/SM2P256V1FieldElement.class DONE
/org/bouncycastle/math/ec/custom/gm/SM2P256V1FieldElement.class starting
/org/bouncycastle/math/ec/custom/gm/SM2P256V1FieldElement.class DONE
/org/apache/lucene/document/XYShapeDocValues.class starting
/org/apache/lucene/document/XYShapeDocValues.class DONE
/org/bouncycastle/math/ec/custom/gm/SM2P256V1FieldElement.class starting
/org/bouncycastle/math/ec/custom/gm/SM2P256V1FieldElement.class DONE
/org/apache/lucene/document/XYShapeDocValues.class starting
/org/apache/lucene/document/XYShapeDocValues.class DONE
/org/bouncycastle/math/ec/custom/gm/SM2P256V1FieldElement.class starting
/org/bouncycastle/math/ec/custom/gm/SM2P256V1FieldElement.class DONE
/org/apache/lucene/document/XYShapeDocValues.class starting
/org/bouncycastle/math/ec/custom/gm/SM2P256V1FieldElement.class starting
/org/bouncycastle/math/ec/custom/gm/SM2P256V1FieldElement.class DONE
/org/bouncycastle/math/ec/custom/gm/SM2P256V1FieldElement.class starting
/org/apache/lucene/document/XYShapeDocValues.class DONE
/org/apache/lucene/document/XYShapeDocValues.class starting
/org/apache/lucene/document/XYShapeDocValues.class DONE
/org/bouncycastle/math/ec/custom/gm/SM2P256V1FieldElement.class DONE
/org/bouncycastle/math/ec/custom/gm/SM2P256V1FieldElement.class starting
/org/bouncycastle/math/ec/custom/gm/SM2P256V1FieldElement.class DONE
/org/apache/lucene/document/XYShapeDocValues.class starting
/org/apache/lucene/document/XYShapeDocValues.class DONE
/org/bouncycastle/math/ec/custom/gm/SM2P256V1FieldElement.class starting
/org/apache/lucene/document/XYShapeDocValues.class starting
/org/bouncycastle/math/ec/custom/gm/SM2P256V1FieldElement.class DONE
/org/apache/lucene/document/XYShapeDocValues.class DONE
/org/apache/lucene/document/XYShapeDocValues.class starting
/org/apache/lucene/document/XYShapeDocValues.class DONE
/org/bouncycastle/math/ec/custom/gm/SM2P256V1FieldElement.class starting
/org/bouncycastle/math/ec/custom/gm/SM2P256V1FieldElement.class DONE
/org/apache/lucene/document/XYShapeDocValues.class starting
/org/apache/lucene/document/XYShapeDocValues.class DONE
/org/bouncycastle/math/ec/custom/gm/SM2P256V1FieldElement.class starting
/org/bouncycastle/math/ec/custom/gm/SM2P256V1FieldElement.class DONE
/org/apache/lucene/document/XYShapeDocValues.class starting
/org/apache/lucene/document/XYShapeDocValues.class DONE
/org/bouncycastle/math/ec/custom/gm/SM2P256V1FieldElement.class starting
/org/bouncycastle/math/ec/custom/gm/SM2P256V1FieldElement.class DONE
/org/apache/lucene/document/XYShapeDocValues.class starting
/org/apache/lucene/document/XYShapeDocValues.class DONE
/org/bouncycastle/math/ec/custom/gm/SM2P256V1FieldElement.class starting
/org/bouncycastle/math/ec/custom/gm/SM2P256V1FieldElement.class DONE
/org/bouncycastle/math/ec/custom/gm/SM2P256V1FieldElement.class starting
/org/bouncycastle/math/ec/custom/gm/SM2P256V1FieldElement.class DONE
/org/apache/lucene/document/XYShapeDocValues.class starting
/org/apache/lucene/document/XYShapeDocValues.class DONE
/org/bouncycastle/math/ec/custom/gm/SM2P256V1FieldElement.class starting
/org/bouncycastle/math/ec/custom/gm/SM2P256V1FieldElement.class DONE
/org/apache/lucene/document/XYShapeDocValues.class starting
/org/apache/lucene/document/XYShapeDocValues.class DONE
/org/bouncycastle/math/ec/custom/gm/SM2P256V1FieldElement.class starting
/org/bouncycastle/math/ec/custom/gm/SM2P256V1FieldElement.class DONE
/org/apache/lucene/document/XYShapeDocValues.class starting
/org/apache/lucene/document/XYShapeDocValues.class DONE
/org/bouncycastle/math/ec/custom/gm/SM2P256V1FieldElement.class starting
/org/bouncycastle/math/ec/custom/gm/SM2P256V1FieldElement.class DONE
/org/bouncycastle/math/ec/custom/gm/SM2P256V1FieldElement.class starting
/org/bouncycastle/math/ec/custom/gm/SM2P256V1FieldElement.class DONE
/org/apache/lucene/document/XYShapeDocValues.class starting
/org/apache/lucene/document/XYShapeDocValues.class DONE
/org/bouncycastle/math/ec/custom/gm/SM2P256V1FieldElement.class starting
/org/bouncycastle/math/ec/custom/gm/SM2P256V1FieldElement.class DONE
/org/apache/lucene/document/XYShapeDocValues.class starting
/org/apache/lucene/document/XYShapeDocValues.class DONE
/org/bouncycastle/math/ec/custom/gm/SM2P256V1FieldElement.class starting
/org/bouncycastle/math/ec/custom/gm/SM2P256V1FieldElement.class DONE
/org/apache/lucene/document/XYShapeDocValues.class starting
/org/apache/lucene/document/XYShapeDocValues.class DONE
/org/bouncycastle/math/ec/custom/gm/SM2P256V1FieldElement.class starting
/org/bouncycastle/math/ec/custom/gm/SM2P256V1FieldElement.class DONE
/org/apache/lucene/document/XYShapeDocValues.class starting
/org/apache/lucene/document/XYShapeDocValues.class DONE
/org/bouncycastle/math/ec/custom/gm/SM2P256V1FieldElement.class starting
/org/bouncycastle/math/ec/custom/gm/SM2P256V1FieldElement.class DONE
/org/apache/lucene/document/XYShapeDocValues.class starting
/org/apache/lucene/document/XYShapeDocValues.class DONE
/org/bouncycastle/math/ec/custom/gm/SM2P256V1FieldElement.class starting
/org/bouncycastle/math/ec/custom/gm/SM2P256V1FieldElement.class DONE
/org/apache/lucene/document/XYShapeDocValues.class starting
/org/apache/lucene/document/XYShapeDocValues.class DONE
/org/bouncycastle/math/ec/custom/gm/SM2P256V1FieldElement.class starting
/org/bouncycastle/math/ec/custom/gm/SM2P256V1FieldElement.class DONE
/org/apache/lucene/document/XYShapeDocValues.class starting
/org/apache/lucene/document/XYShapeDocValues.class DONE
/org/bouncycastle/math/ec/custom/gm/SM2P256V1FieldElement.class starting
/org/bouncycastle/math/ec/custom/gm/SM2P256V1FieldElement.class DONE
/org/apache/lucene/document/XYShapeDocValues.class starting
/org/apache/lucene/document/XYShapeDocValues.class DONE
/org/bouncycastle/math/ec/custom/gm/SM2P256V1FieldElement.class starting
/org/bouncycastle/math/ec/custom/gm/SM2P256V1FieldElement.class DONE
/org/apache/lucene/document/XYShapeDocValues.class starting
/org/bouncycastle/math/ec/custom/gm/SM2P256V1FieldElement.class starting
/org/bouncycastle/math/ec/custom/gm/SM2P256V1FieldElement.class DONE
/org/apache/lucene/document/XYShapeDocValues.class DONE
/org/apache/lucene/document/XYShapeDocValues.class starting
/org/apache/lucene/document/XYShapeDocValues.class DONE
/org/bouncycastle/math/ec/custom/gm/SM2P256V1FieldElement.class starting
/org/bouncycastle/math/ec/custom/gm/SM2P256V1FieldElement.class DONE
/org/bouncycastle/math/ec/custom/gm/SM2P256V1FieldElement.class starting
/org/bouncycastle/math/ec/custom/gm/SM2P256V1FieldElement.class DONE
/org/apache/lucene/document/XYShapeDocValues.class starting
/org/apache/lucene/document/XYShapeDocValues.class DONE
/org/bouncycastle/math/ec/custom/gm/SM2P256V1FieldElement.class starting
/org/bouncycastle/math/ec/custom/gm/SM2P256V1FieldElement.class DONE
/org/apache/lucene/document/XYShapeDocValues.class starting
/org/apache/lucene/document/XYShapeDocValues.class DONE
/org/apache/lucene/document/XYShapeDocValues.class starting
/org/apache/lucene/document/XYShapeDocValues.class DONE
/org/bouncycastle/math/ec/custom/gm/SM2P256V1FieldElement.class starting
/org/bouncycastle/math/ec/custom/gm/SM2P256V1FieldElement.class DONE
/org/apache/lucene/document/XYShapeDocValues.class starting
/org/apache/lucene/document/XYShapeDocValues.class DONE
/org/bouncycastle/math/ec/custom/gm/SM2P256V1FieldElement.class starting
/org/bouncycastle/math/ec/custom/gm/SM2P256V1FieldElement.class DONE
/org/apache/lucene/document/XYShapeDocValues.class starting
/org/apache/lucene/document/XYShapeDocValues.class DONE
/org/bouncycastle/math/ec/custom/gm/SM2P256V1FieldElement.class starting
/org/bouncycastle/math/ec/custom/gm/SM2P256V1FieldElement.class DONE
/org/apache/lucene/document/XYShapeDocValues.class starting
/org/apache/lucene/document/XYShapeDocValues.class DONE
/org/bouncycastle/math/ec/custom/gm/SM2P256V1FieldElement.class starting
/org/bouncycastle/math/ec/custom/gm/SM2P256V1FieldElement.class DONE
/org/apache/lucene/document/XYShapeDocValues.class starting
/org/apache/lucene/document/XYShapeDocValues.class DONE
/org/bouncycastle/math/ec/custom/gm/SM2P256V1FieldElement.class starting
/org/bouncycastle/math/ec/custom/gm/SM2P256V1FieldElement.class DONE
/org/apache/lucene/document/XYShapeDocValues.class starting
/org/apache/lucene/document/XYShapeDocValues.class DONE
/org/bouncycastle/math/ec/custom/gm/SM2P256V1FieldElement.class starting
/org/bouncycastle/math/ec/custom/gm/SM2P256V1FieldElement.class DONE
/org/bouncycastle/math/ec/custom/gm/SM2P256V1FieldElement.class starting
/org/bouncycastle/math/ec/custom/gm/SM2P256V1FieldElement.class DONE
/org/apache/lucene/document/XYShapeDocValues.class starting
/org/apache/lucene/document/XYShapeDocValues.class DONE
/org/apache/lucene/document/XYShapeDocValues.class starting
/org/apache/lucene/document/XYShapeDocValues.class DONE
/org/bouncycastle/math/ec/custom/gm/SM2P256V1FieldElement.class starting
/org/bouncycastle/math/ec/custom/gm/SM2P256V1FieldElement.class DONE
/org/apache/lucene/document/XYShapeDocValues.class starting
/org/apache/lucene/document/XYShapeDocValues.class DONE
/org/apache/lucene/document/XYShapeDocValues.class starting
/org/apache/lucene/document/XYShapeDocValues.class DONE
/org/apache/lucene/document/XYShapeDocValues.class starting
/org/apache/lucene/document/XYShapeDocValues.class DONE
/org/apache/lucene/document/XYShapeDocValues.class starting
/org/apache/lucene/document/XYShapeDocValues.class DONE
/org/bouncycastle/math/ec/custom/gm/SM2P256V1FieldElement.class starting
/org/bouncycastle/math/ec/custom/gm/SM2P256V1FieldElement.class DONE
/org/apache/lucene/document/XYShapeDocValues.class starting
/org/apache/lucene/document/XYShapeDocValues.class DONE
/org/bouncycastle/math/ec/custom/gm/SM2P256V1FieldElement.class starting
/org/bouncycastle/math/ec/custom/gm/SM2P256V1FieldElement.class DONE
/org/bouncycastle/math/ec/custom/gm/SM2P256V1FieldElement.class starting
/org/bouncycastle/math/ec/custom/gm/SM2P256V1FieldElement.class DONE
/org/apache/lucene/document/XYShapeDocValues.class starting
/org/apache/lucene/document/XYShapeDocValues.class DONE
/org/bouncycastle/math/ec/custom/gm/SM2P256V1FieldElement.class starting
/org/bouncycastle/math/ec/custom/gm/SM2P256V1FieldElement.class DONE
/org/apache/lucene/document/XYShapeDocValues.class starting
/org/apache/lucene/document/XYShapeDocValues.class DONE
/org/bouncycastle/math/ec/custom/gm/SM2P256V1FieldElement.class starting
/org/bouncycastle/math/ec/custom/gm/SM2P256V1FieldElement.class DONE
/org/apache/lucene/document/XYShapeDocValues.class starting
/org/apache/lucene/document/XYShapeDocValues.class DONE
/org/bouncycastle/math/ec/custom/gm/SM2P256V1FieldElement.class starting
/org/bouncycastle/math/ec/custom/gm/SM2P256V1FieldElement.class DONE
/org/apache/lucene/document/XYShapeDocValues.class starting
/org/apache/lucene/document/XYShapeDocValues.class DONE
/org/bouncycastle/math/ec/custom/gm/SM2P256V1FieldElement.class starting
/org/bouncycastle/math/ec/custom/gm/SM2P256V1FieldElement.class DONE
/org/apache/lucene/document/XYShapeDocValues.class starting
/org/apache/lucene/document/XYShapeDocValues.class DONE
/org/bouncycastle/math/ec/custom/gm/SM2P256V1FieldElement.class starting
/org/bouncycastle/math/ec/custom/gm/SM2P256V1FieldElement.class DONE
/org/apache/lucene/document/XYShapeDocValues.class starting
/org/apache/lucene/document/XYShapeDocValues.class DONE
/org/bouncycastle/math/ec/custom/gm/SM2P256V1FieldElement.class starting
/org/bouncycastle/math/ec/custom/gm/SM2P256V1FieldElement.class DONE
/org/apache/lucene/document/XYShapeDocValues.class starting
/org/apache/lucene/document/XYShapeDocValues.class DONE
/org/bouncycastle/math/ec/custom/gm/SM2P256V1FieldElement.class starting
/org/bouncycastle/math/ec/custom/gm/SM2P256V1FieldElement.class DONE
/org/apache/lucene/document/XYShapeDocValues.class starting
/org/apache/lucene/document/XYShapeDocValues.class DONE
/org/bouncycastle/math/ec/custom/gm/SM2P256V1FieldElement.class starting
/org/bouncycastle/math/ec/custom/gm/SM2P256V1FieldElement.class DONE
/org/apache/lucene/document/XYShapeDocValues.class starting
/org/apache/lucene/document/XYShapeDocValues.class DONE
/org/bouncycastle/math/ec/custom/gm/SM2P256V1FieldElement.class starting
/org/bouncycastle/math/ec/custom/gm/SM2P256V1FieldElement.class DONE
/org/apache/lucene/document/XYShapeDocValues.class starting
/org/apache/lucene/document/XYShapeDocValues.class DONE
/org/bouncycastle/math/ec/custom/gm/SM2P256V1FieldElement.class starting
/org/bouncycastle/math/ec/custom/gm/SM2P256V1FieldElement.class DONE
/org/apache/lucene/document/XYShapeDocValues.class starting
/org/apache/lucene/document/XYShapeDocValues.class DONE
/org/bouncycastle/math/ec/custom/gm/SM2P256V1FieldElement.class starting
/org/bouncycastle/math/ec/custom/gm/SM2P256V1FieldElement.class DONE
/org/apache/lucene/document/XYShapeDocValues.class starting
/org/apache/lucene/document/XYShapeDocValues.class DONE
/org/bouncycastle/math/ec/custom/gm/SM2P256V1FieldElement.class starting
/org/bouncycastle/math/ec/custom/gm/SM2P256V1FieldElement.class DONE
/org/apache/lucene/document/XYShapeDocValues.class starting
/org/apache/lucene/document/XYShapeDocValues.class DONE
/org/bouncycastle/math/ec/custom/gm/SM2P256V1FieldElement.class starting
/org/bouncycastle/math/ec/custom/gm/SM2P256V1FieldElement.class DONE
/org/bouncycastle/math/ec/custom/gm/SM2P256V1FieldElement.class starting
/org/bouncycastle/math/ec/custom/gm/SM2P256V1FieldElement.class DONE
/org/apache/lucene/document/XYShapeDocValues.class starting
/org/apache/lucene/document/XYShapeDocValues.class DONE
/org/bouncycastle/math/ec/custom/gm/SM2P256V1FieldElement.class starting
/org/bouncycastle/math/ec/custom/gm/SM2P256V1FieldElement.class DONE
/org/apache/lucene/document/XYShapeDocValues.class starting
/org/apache/lucene/document/XYShapeDocValues.class DONE
/org/bouncycastle/math/ec/custom/gm/SM2P256V1FieldElement.class starting
/org/bouncycastle/math/ec/custom/gm/SM2P256V1FieldElement.class DONE
/org/bouncycastle/math/ec/custom/gm/SM2P256V1FieldElement.class starting
/org/bouncycastle/math/ec/custom/gm/SM2P256V1FieldElement.class DONE
/org/bouncycastle/math/ec/custom/gm/SM2P256V1FieldElement.class starting
/org/bouncycastle/math/ec/custom/gm/SM2P256V1FieldElement.class DONE
/org/apache/lucene/document/XYShapeDocValues.class starting
/org/bouncycastle/math/ec/custom/gm/SM2P256V1FieldElement.class starting
/org/apache/lucene/document/XYShapeDocValues.class DONE
/org/bouncycastle/math/ec/custom/gm/SM2P256V1FieldElement.class DONE
/org/apache/lucene/document/XYShapeDocValues.class starting
/org/apache/lucene/document/XYShapeDocValues.class DONE
/org/bouncycastle/math/ec/custom/gm/SM2P256V1FieldElement.class starting
/org/bouncycastle/math/ec/custom/gm/SM2P256V1FieldElement.class DONE
/org/bouncycastle/math/ec/custom/gm/SM2P256V1FieldElement.class starting
/org/bouncycastle/math/ec/custom/gm/SM2P256V1FieldElement.class DONE
/org/apache/lucene/document/XYShapeDocValues.class starting
/org/apache/lucene/document/XYShapeDocValues.class DONE
/org/bouncycastle/math/ec/custom/gm/SM2P256V1FieldElement.class starting
/org/bouncycastle/math/ec/custom/gm/SM2P256V1FieldElement.class DONE
/org/bouncycastle/math/ec/custom/gm/SM2P256V1FieldElement.class starting
/org/bouncycastle/math/ec/custom/gm/SM2P256V1FieldElement.class DONE
/org/apache/lucene/document/XYShapeDocValues.class starting
/org/apache/lucene/document/XYShapeDocValues.class DONE
/org/bouncycastle/math/ec/custom/gm/SM2P256V1FieldElement.class starting
/org/bouncycastle/math/ec/custom/gm/SM2P256V1FieldElement.class DONE
/org/apache/lucene/document/XYShapeDocValues.class starting
/org/apache/lucene/document/XYShapeDocValues.class DONE
/org/bouncycastle/math/ec/custom/gm/SM2P256V1FieldElement.class starting
/org/bouncycastle/math/ec/custom/gm/SM2P256V1FieldElement.class DONE
/org/bouncycastle/math/ec/custom/gm/SM2P256V1FieldElement.class starting
/org/bouncycastle/math/ec/custom/gm/SM2P256V1FieldElement.class DONE
/org/apache/lucene/document/XYShapeDocValues.class starting
/org/apache/lucene/document/XYShapeDocValues.class DONE
/org/bouncycastle/math/ec/custom/gm/SM2P256V1FieldElement.class starting
/org/bouncycastle/math/ec/custom/gm/SM2P256V1FieldElement.class DONE
/org/apache/lucene/document/XYShapeDocValues.class starting
/org/apache/lucene/document/XYShapeDocValues.class DONE
/org/bouncycastle/math/ec/custom/gm/SM2P256V1FieldElement.class starting
/org/bouncycastle/math/ec/custom/gm/SM2P256V1FieldElement.class DONE
/org/bouncycastle/math/ec/custom/gm/SM2P256V1FieldElement.class starting
/org/bouncycastle/math/ec/custom/gm/SM2P256V1FieldElement.class DONE
/org/bouncycastle/math/ec/custom/gm/SM2P256V1FieldElement.class starting
/org/bouncycastle/math/ec/custom/gm/SM2P256V1FieldElement.class DONE
/org/apache/lucene/document/XYShapeDocValues.class starting
/org/apache/lucene/document/XYShapeDocValues.class DONE
/org/bouncycastle/math/ec/custom/gm/SM2P256V1FieldElement.class starting
/org/bouncycastle/math/ec/custom/gm/SM2P256V1FieldElement.class DONE
/org/apache/lucene/document/XYShapeDocValues.class starting
/org/apache/lucene/document/XYShapeDocValues.class DONE
/org/bouncycastle/math/ec/custom/gm/SM2P256V1FieldElement.class starting
/org/bouncycastle/math/ec/custom/gm/SM2P256V1FieldElement.class DONE
/org/apache/lucene/document/XYShapeDocValues.class starting
/org/apache/lucene/document/XYShapeDocValues.class DONE
/org/bouncycastle/math/ec/custom/gm/SM2P256V1FieldElement.class starting
/org/bouncycastle/math/ec/custom/gm/SM2P256V1FieldElement.class DONE
/org/apache/lucene/document/XYShapeDocValues.class starting
/org/apache/lucene/document/XYShapeDocValues.class DONE
/org/bouncycastle/math/ec/custom/gm/SM2P256V1FieldElement.class starting
/org/bouncycastle/math/ec/custom/gm/SM2P256V1FieldElement.class DONE
/org/apache/lucene/document/XYShapeDocValues.class starting
/org/apache/lucene/document/XYShapeDocValues.class DONE
/org/bouncycastle/math/ec/custom/gm/SM2P256V1FieldElement.class starting
/org/bouncycastle/math/ec/custom/gm/SM2P256V1FieldElement.class DONE
/org/apache/lucene/document/XYShapeDocValues.class starting
/org/apache/lucene/document/XYShapeDocValues.class DONE
/org/bouncycastle/math/ec/custom/gm/SM2P256V1FieldElement.class starting
/org/bouncycastle/math/ec/custom/gm/SM2P256V1FieldElement.class DONE
/org/apache/lucene/document/XYShapeDocValues.class starting
/org/apache/lucene/document/XYShapeDocValues.class DONE
/org/bouncycastle/math/ec/custom/gm/SM2P256V1FieldElement.class starting
/org/bouncycastle/math/ec/custom/gm/SM2P256V1FieldElement.class DONE
/org/bouncycastle/math/ec/custom/gm/SM2P256V1FieldElement.class starting
/org/bouncycastle/math/ec/custom/gm/SM2P256V1FieldElement.class DONE
/org/bouncycastle/math/ec/custom/gm/SM2P256V1FieldElement.class starting
/org/bouncycastle/math/ec/custom/gm/SM2P256V1FieldElement.class DONE
/org/bouncycastle/math/ec/custom/gm/SM2P256V1FieldElement.class starting
/org/bouncycastle/math/ec/custom/gm/SM2P256V1FieldElement.class DONE
/org/bouncycastle/math/ec/custom/gm/SM2P256V1FieldElement.class starting
/org/bouncycastle/math/ec/custom/gm/SM2P256V1FieldElement.class DONE
/org/bouncycastle/math/ec/custom/gm/SM2P256V1FieldElement.class starting
/org/bouncycastle/math/ec/custom/gm/SM2P256V1FieldElement.class DONE
/org/bouncycastle/math/ec/custom/gm/SM2P256V1FieldElement.class starting
/org/bouncycastle/math/ec/custom/gm/SM2P256V1FieldElement.class DONE
/org/bouncycastle/math/ec/custom/gm/SM2P256V1FieldElement.class starting
/org/bouncycastle/math/ec/custom/gm/SM2P256V1FieldElement.class DONE
/org/bouncycastle/math/ec/custom/gm/SM2P256V1FieldElement.class starting
/org/bouncycastle/math/ec/custom/gm/SM2P256V1FieldElement.class DONE
/org/apache/lucene/document/XYShapeDocValues.class starting
/org/apache/lucene/document/XYShapeDocValues.class DONE
/org/bouncycastle/math/ec/custom/gm/SM2P256V1FieldElement.class starting
/org/bouncycastle/math/ec/custom/gm/SM2P256V1FieldElement.class DONE
/org/apache/lucene/document/XYShapeDocValues.class starting
/org/apache/lucene/document/XYShapeDocValues.class DONE
/org/bouncycastle/math/ec/custom/gm/SM2P256V1FieldElement.class starting
/org/bouncycastle/math/ec/custom/gm/SM2P256V1FieldElement.class DONE
/org/apache/lucene/document/XYShapeDocValues.class starting
/org/apache/lucene/document/XYShapeDocValues.class DONE
/org/bouncycastle/math/ec/custom/gm/SM2P256V1FieldElement.class starting
/org/bouncycastle/math/ec/custom/gm/SM2P256V1FieldElement.class DONE
/org/bouncycastle/math/ec/custom/gm/SM2P256V1FieldElement.class starting
/org/bouncycastle/math/ec/custom/gm/SM2P256V1FieldElement.class DONE
/org/apache/lucene/document/XYShapeDocValues.class starting
/org/apache/lucene/document/XYShapeDocValues.class DONE
/org/bouncycastle/math/ec/custom/gm/SM2P256V1FieldElement.class starting
/org/bouncycastle/math/ec/custom/gm/SM2P256V1FieldElement.class DONE
/org/apache/lucene/document/XYShapeDocValues.class starting
/org/apache/lucene/document/XYShapeDocValues.class DONE
/org/bouncycastle/math/ec/custom/gm/SM2P256V1FieldElement.class starting
/org/bouncycastle/math/ec/custom/gm/SM2P256V1FieldElement.class DONE
/org/apache/lucene/document/XYShapeDocValues.class starting
/org/apache/lucene/document/XYShapeDocValues.class DONE
/org/bouncycastle/math/ec/custom/gm/SM2P256V1FieldElement.class starting
/org/bouncycastle/math/ec/custom/gm/SM2P256V1FieldElement.class DONE
/org/apache/lucene/document/XYShapeDocValues.class starting
/org/apache/lucene/document/XYShapeDocValues.class DONE
/org/bouncycastle/math/ec/custom/gm/SM2P256V1FieldElement.class starting
/org/bouncycastle/math/ec/custom/gm/SM2P256V1FieldElement.class DONE
/org/apache/lucene/document/XYShapeDocValues.class starting
/org/apache/lucene/document/XYShapeDocValues.class DONE
/org/bouncycastle/math/ec/custom/gm/SM2P256V1FieldElement.class starting
/org/bouncycastle/math/ec/custom/gm/SM2P256V1FieldElement.class DONE
/org/apache/lucene/document/XYShapeDocValues.class starting
/org/apache/lucene/document/XYShapeDocValues.class DONE
/org/bouncycastle/math/ec/custom/gm/SM2P256V1FieldElement.class starting
/org/bouncycastle/math/ec/custom/gm/SM2P256V1FieldElement.class DONE
/org/apache/lucene/document/XYShapeDocValues.class starting
/org/apache/lucene/document/XYShapeDocValues.class DONE
/org/bouncycastle/math/ec/custom/gm/SM2P256V1FieldElement.class starting
/org/bouncycastle/math/ec/custom/gm/SM2P256V1FieldElement.class DONE
/org/apache/lucene/document/XYShapeDocValues.class starting
/org/apache/lucene/document/XYShapeDocValues.class DONE
/org/bouncycastle/math/ec/custom/gm/SM2P256V1FieldElement.class starting
/org/bouncycastle/math/ec/custom/gm/SM2P256V1FieldElement.class DONE
/org/apache/lucene/document/XYShapeDocValues.class starting
/org/apache/lucene/document/XYShapeDocValues.class DONE
/org/bouncycastle/math/ec/custom/gm/SM2P256V1FieldElement.class starting
/org/bouncycastle/math/ec/custom/gm/SM2P256V1FieldElement.class DONE
/org/bouncycastle/math/ec/custom/gm/SM2P256V1FieldElement.class starting
/org/bouncycastle/math/ec/custom/gm/SM2P256V1FieldElement.class DONE
/org/apache/lucene/document/XYShapeDocValues.class starting
/org/apache/lucene/document/XYShapeDocValues.class DONE
/org/bouncycastle/math/ec/custom/gm/SM2P256V1FieldElement.class starting
/org/bouncycastle/math/ec/custom/gm/SM2P256V1FieldElement.class DONE
/org/apache/lucene/document/XYShapeDocValues.class starting
/org/apache/lucene/document/XYShapeDocValues.class DONE
/org/bouncycastle/math/ec/custom/gm/SM2P256V1FieldElement.class starting
/org/bouncycastle/math/ec/custom/gm/SM2P256V1FieldElement.class DONE
/org/bouncycastle/math/ec/custom/gm/SM2P256V1FieldElement.class starting
/org/bouncycastle/math/ec/custom/gm/SM2P256V1FieldElement.class DONE
/org/apache/lucene/document/XYShapeDocValues.class starting
/org/apache/lucene/document/XYShapeDocValues.class DONE
/org/bouncycastle/math/ec/custom/gm/SM2P256V1FieldElement.class starting
/org/bouncycastle/math/ec/custom/gm/SM2P256V1FieldElement.class DONE
/org/apache/lucene/document/XYShapeDocValues.class starting
/org/apache/lucene/document/XYShapeDocValues.class DONE
/org/bouncycastle/math/ec/custom/gm/SM2P256V1FieldElement.class starting
/org/bouncycastle/math/ec/custom/gm/SM2P256V1FieldElement.class DONE
/org/apache/lucene/document/XYShapeDocValues.class starting
/org/apache/lucene/document/XYShapeDocValues.class DONE
/org/bouncycastle/math/ec/custom/gm/SM2P256V1FieldElement.class starting
/org/bouncycastle/math/ec/custom/gm/SM2P256V1FieldElement.class DONE
/org/apache/lucene/document/XYShapeDocValues.class starting
/org/apache/lucene/document/XYShapeDocValues.class DONE
/org/bouncycastle/math/ec/custom/gm/SM2P256V1FieldElement.class starting
/org/bouncycastle/math/ec/custom/gm/SM2P256V1FieldElement.class DONE
/org/apache/lucene/document/XYShapeDocValues.class starting
/org/apache/lucene/document/XYShapeDocValues.class DONE
/org/bouncycastle/math/ec/custom/gm/SM2P256V1FieldElement.class starting
/org/bouncycastle/math/ec/custom/gm/SM2P256V1FieldElement.class DONE
/org/apache/lucene/document/XYShapeDocValues.class starting
/org/apache/lucene/document/XYShapeDocValues.class DONE
/org/bouncycastle/math/ec/custom/gm/SM2P256V1FieldElement.class starting
/org/bouncycastle/math/ec/custom/gm/SM2P256V1FieldElement.class DONE
/org/bouncycastle/math/ec/custom/gm/SM2P256V1FieldElement.class starting
/org/bouncycastle/math/ec/custom/gm/SM2P256V1FieldElement.class DONE
/org/apache/lucene/document/XYShapeDocValues.class starting
/org/apache/lucene/document/XYShapeDocValues.class DONE
/org/bouncycastle/math/ec/custom/gm/SM2P256V1FieldElement.class starting
/org/bouncycastle/math/ec/custom/gm/SM2P256V1FieldElement.class DONE
/org/apache/lucene/document/XYShapeDocValues.class starting
/org/apache/lucene/document/XYShapeDocValues.class DONE
/org/bouncycastle/math/ec/custom/gm/SM2P256V1FieldElement.class starting
/org/bouncycastle/math/ec/custom/gm/SM2P256V1FieldElement.class DONE
/org/apache/lucene/document/XYShapeDocValues.class starting
/org/apache/lucene/document/XYShapeDocValues.class DONE
/org/apache/lucene/document/XYShapeDocValues.class starting
/org/apache/lucene/document/XYShapeDocValues.class DONE
/org/bouncycastle/math/ec/custom/gm/SM2P256V1FieldElement.class starting
/org/bouncycastle/math/ec/custom/gm/SM2P256V1FieldElement.class DONE
/org/apache/lucene/document/XYShapeDocValues.class starting
/org/bouncycastle/math/ec/custom/gm/SM2P256V1FieldElement.class starting
/org/bouncycastle/math/ec/custom/gm/SM2P256V1FieldElement.class DONE
/org/bouncycastle/math/ec/custom/gm/SM2P256V1FieldElement.class starting
/org/bouncycastle/math/ec/custom/gm/SM2P256V1FieldElement.class DONE
/org/apache/lucene/document/XYShapeDocValues.class DONE
/org/bouncycastle/math/ec/custom/gm/SM2P256V1FieldElement.class starting
/org/bouncycastle/math/ec/custom/gm/SM2P256V1FieldElement.class DONE
/org/apache/lucene/document/XYShapeDocValues.class starting
/org/apache/lucene/document/XYShapeDocValues.class DONE
/org/apache/lucene/document/XYShapeDocValues.class starting
/org/apache/lucene/document/XYShapeDocValues.class DONE
/org/bouncycastle/math/ec/custom/gm/SM2P256V1FieldElement.class starting
/org/bouncycastle/math/ec/custom/gm/SM2P256V1FieldElement.class DONE
/org/apache/lucene/document/XYShapeDocValues.class starting
/org/apache/lucene/document/XYShapeDocValues.class DONE
/org/bouncycastle/math/ec/custom/gm/SM2P256V1FieldElement.class starting
/org/bouncycastle/math/ec/custom/gm/SM2P256V1FieldElement.class DONE
/org/apache/lucene/document/XYShapeDocValues.class starting
/org/apache/lucene/document/XYShapeDocValues.class DONE
/org/bouncycastle/math/ec/custom/gm/SM2P256V1FieldElement.class starting
/org/bouncycastle/math/ec/custom/gm/SM2P256V1FieldElement.class DONE
/org/apache/lucene/document/XYShapeDocValues.class starting
/org/apache/lucene/document/XYShapeDocValues.class DONE
/org/apache/lucene/document/XYShapeDocValues.class starting
/org/apache/lucene/document/XYShapeDocValues.class DONE
/org/bouncycastle/math/ec/custom/gm/SM2P256V1FieldElement.class starting
/org/bouncycastle/math/ec/custom/gm/SM2P256V1FieldElement.class DONE
/org/apache/lucene/document/XYShapeDocValues.class starting
/org/apache/lucene/document/XYShapeDocValues.class DONE
/org/bouncycastle/math/ec/custom/gm/SM2P256V1FieldElement.class starting
/org/bouncycastle/math/ec/custom/gm/SM2P256V1FieldElement.class DONE
/org/apache/lucene/document/XYShapeDocValues.class starting
/org/apache/lucene/document/XYShapeDocValues.class DONE
/org/bouncycastle/math/ec/custom/gm/SM2P256V1FieldElement.class starting
/org/bouncycastle/math/ec/custom/gm/SM2P256V1FieldElement.class DONE
/org/apache/lucene/document/XYShapeDocValues.class starting
/org/apache/lucene/document/XYShapeDocValues.class DONE
/org/bouncycastle/math/ec/custom/gm/SM2P256V1FieldElement.class starting
/org/bouncycastle/math/ec/custom/gm/SM2P256V1FieldElement.class DONE
/org/apache/lucene/document/XYShapeDocValues.class starting
/org/apache/lucene/document/XYShapeDocValues.class DONE
/org/bouncycastle/math/ec/custom/gm/SM2P256V1FieldElement.class starting
/org/bouncycastle/math/ec/custom/gm/SM2P256V1FieldElement.class DONE
/org/apache/lucene/document/XYShapeDocValues.class starting
/org/apache/lucene/document/XYShapeDocValues.class DONE
/org/bouncycastle/math/ec/custom/gm/SM2P256V1FieldElement.class starting
/org/bouncycastle/math/ec/custom/gm/SM2P256V1FieldElement.class DONE
/org/apache/lucene/document/XYShapeDocValues.class starting
/org/apache/lucene/document/XYShapeDocValues.class DONE
/org/bouncycastle/math/ec/custom/gm/SM2P256V1FieldElement.class starting
/org/bouncycastle/math/ec/custom/gm/SM2P256V1FieldElement.class DONE
/org/apache/lucene/document/XYShapeDocValues.class starting
/org/apache/lucene/document/XYShapeDocValues.class DONE
/org/bouncycastle/math/ec/custom/gm/SM2P256V1FieldElement.class starting
/org/bouncycastle/math/ec/custom/gm/SM2P256V1FieldElement.class DONE
/org/apache/lucene/document/XYShapeDocValues.class starting
/org/apache/lucene/document/XYShapeDocValues.class DONE
/org/bouncycastle/math/ec/custom/gm/SM2P256V1FieldElement.class starting
/org/bouncycastle/math/ec/custom/gm/SM2P256V1FieldElement.class DONE
/org/apache/lucene/document/XYShapeDocValues.class starting
/org/apache/lucene/document/XYShapeDocValues.class DONE
/org/bouncycastle/math/ec/custom/gm/SM2P256V1FieldElement.class starting
/org/bouncycastle/math/ec/custom/gm/SM2P256V1FieldElement.class DONE
/org/bouncycastle/math/ec/custom/gm/SM2P256V1FieldElement.class starting
/org/bouncycastle/math/ec/custom/gm/SM2P256V1FieldElement.class DONE
/org/apache/lucene/document/XYShapeDocValues.class starting
/org/apache/lucene/document/XYShapeDocValues.class DONE
/org/bouncycastle/math/ec/custom/gm/SM2P256V1FieldElement.class starting
/org/apache/lucene/document/XYShapeDocValues.class starting
/org/bouncycastle/math/ec/custom/gm/SM2P256V1FieldElement.class DONE
/org/apache/lucene/document/XYShapeDocValues.class DONE
/org/apache/lucene/document/XYShapeDocValues.class starting
/org/apache/lucene/document/XYShapeDocValues.class DONE
/org/apache/lucene/document/XYShapeDocValues.class starting
/org/apache/lucene/document/XYShapeDocValues.class DONE
/org/bouncycastle/math/ec/custom/gm/SM2P256V1FieldElement.class starting
/org/bouncycastle/math/ec/custom/gm/SM2P256V1FieldElement.class DONE
/org/apache/lucene/document/XYShapeDocValues.class starting
/org/apache/lucene/document/XYShapeDocValues.class DONE
/org/bouncycastle/math/ec/custom/gm/SM2P256V1FieldElement.class starting
/org/bouncycastle/math/ec/custom/gm/SM2P256V1FieldElement.class DONE
/org/apache/lucene/document/XYShapeDocValues.class starting
/org/apache/lucene/document/XYShapeDocValues.class DONE
/org/bouncycastle/math/ec/custom/gm/SM2P256V1FieldElement.class starting
/org/bouncycastle/math/ec/custom/gm/SM2P256V1FieldElement.class DONE
/org/apache/lucene/document/XYShapeDocValues.class starting
/org/apache/lucene/document/XYShapeDocValues.class DONE
/org/bouncycastle/math/ec/custom/gm/SM2P256V1FieldElement.class starting
/org/bouncycastle/math/ec/custom/gm/SM2P256V1FieldElement.class DONE
/org/apache/lucene/document/XYShapeDocValues.class starting
/org/apache/lucene/document/XYShapeDocValues.class DONE
/org/bouncycastle/math/ec/custom/gm/SM2P256V1FieldElement.class starting
/org/bouncycastle/math/ec/custom/gm/SM2P256V1FieldElement.class DONE
/org/apache/lucene/document/XYShapeDocValues.class starting
/org/apache/lucene/document/XYShapeDocValues.class DONE
/org/bouncycastle/math/ec/custom/gm/SM2P256V1FieldElement.class starting
/org/bouncycastle/math/ec/custom/gm/SM2P256V1FieldElement.class DONE
/org/apache/lucene/document/XYShapeDocValues.class starting
/org/bouncycastle/math/ec/custom/gm/SM2P256V1FieldElement.class starting
/org/apache/lucene/document/XYShapeDocValues.class DONE
/org/bouncycastle/math/ec/custom/gm/SM2P256V1FieldElement.class DONE
/org/apache/lucene/document/XYShapeDocValues.class starting
/org/apache/lucene/document/XYShapeDocValues.class DONE
/org/bouncycastle/math/ec/custom/gm/SM2P256V1FieldElement.class starting
/org/bouncycastle/math/ec/custom/gm/SM2P256V1FieldElement.class DONE
/org/bouncycastle/math/ec/custom/gm/SM2P256V1FieldElement.class starting
/org/bouncycastle/math/ec/custom/gm/SM2P256V1FieldElement.class DONE
/org/apache/lucene/document/XYShapeDocValues.class starting
/org/apache/lucene/document/XYShapeDocValues.class DONE
/org/bouncycastle/math/ec/custom/gm/SM2P256V1FieldElement.class starting
/org/bouncycastle/math/ec/custom/gm/SM2P256V1FieldElement.class DONE
/org/apache/lucene/document/XYShapeDocValues.class starting
/org/apache/lucene/document/XYShapeDocValues.class DONE
/org/bouncycastle/math/ec/custom/gm/SM2P256V1FieldElement.class starting
/org/bouncycastle/math/ec/custom/gm/SM2P256V1FieldElement.class DONE
/org/apache/lucene/document/XYShapeDocValues.class starting
/org/apache/lucene/document/XYShapeDocValues.class DONE
/org/bouncycastle/math/ec/custom/gm/SM2P256V1FieldElement.class starting
/org/bouncycastle/math/ec/custom/gm/SM2P256V1FieldElement.class DONE
/org/apache/lucene/document/XYShapeDocValues.class starting
/org/apache/lucene/document/XYShapeDocValues.class DONE
/org/bouncycastle/math/ec/custom/gm/SM2P256V1FieldElement.class starting
/org/bouncycastle/math/ec/custom/gm/SM2P256V1FieldElement.class DONE
/org/bouncycastle/math/ec/custom/gm/SM2P256V1FieldElement.class starting
/org/bouncycastle/math/ec/custom/gm/SM2P256V1FieldElement.class DONE
/org/apache/lucene/document/XYShapeDocValues.class starting
/org/apache/lucene/document/XYShapeDocValues.class DONE
/org/bouncycastle/math/ec/custom/gm/SM2P256V1FieldElement.class starting
/org/bouncycastle/math/ec/custom/gm/SM2P256V1FieldElement.class DONE
/org/apache/lucene/document/XYShapeDocValues.class starting
/org/apache/lucene/document/XYShapeDocValues.class DONE
/org/bouncycastle/math/ec/custom/gm/SM2P256V1FieldElement.class starting
/org/apache/lucene/document/XYShapeDocValues.class starting
/org/apache/lucene/document/XYShapeDocValues.class DONE
/org/apache/lucene/document/XYShapeDocValues.class starting
/org/apache/lucene/document/XYShapeDocValues.class DONE
/org/apache/lucene/document/XYShapeDocValues.class starting
/org/apache/lucene/document/XYShapeDocValues.class DONE
/org/bouncycastle/math/ec/custom/gm/SM2P256V1FieldElement.class DONE
/org/bouncycastle/math/ec/custom/gm/SM2P256V1FieldElement.class starting
/org/bouncycastle/math/ec/custom/gm/SM2P256V1FieldElement.class DONE
/org/bouncycastle/math/ec/custom/gm/SM2P256V1FieldElement.class starting
/org/bouncycastle/math/ec/custom/gm/SM2P256V1FieldElement.class DONE
/org/apache/lucene/document/XYShapeDocValues.class starting
/org/apache/lucene/document/XYShapeDocValues.class DONE
/org/bouncycastle/math/ec/custom/gm/SM2P256V1FieldElement.class starting
/org/bouncycastle/math/ec/custom/gm/SM2P256V1FieldElement.class DONE
/org/apache/lucene/document/XYShapeDocValues.class starting
/org/apache/lucene/document/XYShapeDocValues.class DONE
/org/bouncycastle/math/ec/custom/gm/SM2P256V1FieldElement.class starting
/org/bouncycastle/math/ec/custom/gm/SM2P256V1FieldElement.class DONE
/org/apache/lucene/document/XYShapeDocValues.class starting
/org/apache/lucene/document/XYShapeDocValues.class DONE
/org/bouncycastle/math/ec/custom/gm/SM2P256V1FieldElement.class starting
/org/bouncycastle/math/ec/custom/gm/SM2P256V1FieldElement.class DONE
/org/apache/lucene/document/XYShapeDocValues.class starting
/org/apache/lucene/document/XYShapeDocValues.class DONE
/org/bouncycastle/math/ec/custom/gm/SM2P256V1FieldElement.class starting
/org/bouncycastle/math/ec/custom/gm/SM2P256V1FieldElement.class DONE
/org/apache/lucene/document/XYShapeDocValues.class starting
/org/apache/lucene/document/XYShapeDocValues.class DONE
/org/bouncycastle/math/ec/custom/gm/SM2P256V1FieldElement.class starting
/org/bouncycastle/math/ec/custom/gm/SM2P256V1FieldElement.class DONE
/org/apache/lucene/document/XYShapeDocValues.class starting
/org/apache/lucene/document/XYShapeDocValues.class DONE
/org/bouncycastle/math/ec/custom/gm/SM2P256V1FieldElement.class starting
/org/bouncycastle/math/ec/custom/gm/SM2P256V1FieldElement.class DONE
/org/apache/lucene/document/XYShapeDocValues.class starting
/org/apache/lucene/document/XYShapeDocValues.class DONE
/org/bouncycastle/math/ec/custom/gm/SM2P256V1FieldElement.class starting
/org/bouncycastle/math/ec/custom/gm/SM2P256V1FieldElement.class DONE
/org/bouncycastle/math/ec/custom/gm/SM2P256V1FieldElement.class starting
/org/bouncycastle/math/ec/custom/gm/SM2P256V1FieldElement.class DONE
/org/apache/lucene/document/XYShapeDocValues.class starting
/org/apache/lucene/document/XYShapeDocValues.class DONE
/org/apache/lucene/document/XYShapeDocValues.class starting
/org/apache/lucene/document/XYShapeDocValues.class DONE
/org/bouncycastle/math/ec/custom/gm/SM2P256V1FieldElement.class starting
/org/bouncycastle/math/ec/custom/gm/SM2P256V1FieldElement.class DONE
/org/apache/lucene/document/XYShapeDocValues.class starting
/org/apache/lucene/document/XYShapeDocValues.class DONE
/org/bouncycastle/math/ec/custom/gm/SM2P256V1FieldElement.class starting
/org/bouncycastle/math/ec/custom/gm/SM2P256V1FieldElement.class DONE
/org/apache/lucene/document/XYShapeDocValues.class starting
/org/apache/lucene/document/XYShapeDocValues.class DONE
/org/bouncycastle/math/ec/custom/gm/SM2P256V1FieldElement.class starting
/org/bouncycastle/math/ec/custom/gm/SM2P256V1FieldElement.class DONE
/org/apache/lucene/document/XYShapeDocValues.class starting
/org/apache/lucene/document/XYShapeDocValues.class DONE
/org/bouncycastle/math/ec/custom/gm/SM2P256V1FieldElement.class starting
/org/bouncycastle/math/ec/custom/gm/SM2P256V1FieldElement.class DONE
/org/apache/lucene/document/XYShapeDocValues.class starting
/org/apache/lucene/document/XYShapeDocValues.class DONE
/org/bouncycastle/math/ec/custom/gm/SM2P256V1FieldElement.class starting
/org/bouncycastle/math/ec/custom/gm/SM2P256V1FieldElement.class DONE
/org/apache/lucene/document/XYShapeDocValues.class starting
/org/apache/lucene/document/XYShapeDocValues.class DONE
/org/bouncycastle/math/ec/custom/gm/SM2P256V1FieldElement.class starting
/org/bouncycastle/math/ec/custom/gm/SM2P256V1FieldElement.class DONE
/org/apache/lucene/document/XYShapeDocValues.class starting
/org/apache/lucene/document/XYShapeDocValues.class DONE
/org/bouncycastle/math/ec/custom/gm/SM2P256V1FieldElement.class starting
/org/bouncycastle/math/ec/custom/gm/SM2P256V1FieldElement.class DONE
/org/apache/lucene/document/XYShapeDocValues.class starting
/org/apache/lucene/document/XYShapeDocValues.class DONE
/org/bouncycastle/math/ec/custom/gm/SM2P256V1FieldElement.class starting
/org/bouncycastle/math/ec/custom/gm/SM2P256V1FieldElement.class DONE
/org/apache/lucene/document/XYShapeDocValues.class starting
/org/apache/lucene/document/XYShapeDocValues.class DONE
/org/apache/lucene/document/XYShapeDocValues.class starting
/org/apache/lucene/document/XYShapeDocValues.class DONE
/org/bouncycastle/math/ec/custom/gm/SM2P256V1FieldElement.class starting
/org/bouncycastle/math/ec/custom/gm/SM2P256V1FieldElement.class DONE
/org/apache/lucene/document/XYShapeDocValues.class starting
/org/apache/lucene/document/XYShapeDocValues.class DONE
/org/bouncycastle/math/ec/custom/gm/SM2P256V1FieldElement.class starting
/org/bouncycastle/math/ec/custom/gm/SM2P256V1FieldElement.class DONE
/org/bouncycastle/math/ec/custom/gm/SM2P256V1FieldElement.class starting
/org/bouncycastle/math/ec/custom/gm/SM2P256V1FieldElement.class DONE
/org/apache/lucene/document/XYShapeDocValues.class starting
/org/apache/lucene/document/XYShapeDocValues.class DONE
/org/bouncycastle/math/ec/custom/gm/SM2P256V1FieldElement.class starting
/org/bouncycastle/math/ec/custom/gm/SM2P256V1FieldElement.class DONE
/org/apache/lucene/document/XYShapeDocValues.class starting
/org/apache/lucene/document/XYShapeDocValues.class DONE
/org/bouncycastle/math/ec/custom/gm/SM2P256V1FieldElement.class starting
/org/bouncycastle/math/ec/custom/gm/SM2P256V1FieldElement.class DONE
/org/apache/lucene/document/XYShapeDocValues.class starting
/org/bouncycastle/math/ec/custom/gm/SM2P256V1FieldElement.class starting
/org/apache/lucene/document/XYShapeDocValues.class DONE
/org/bouncycastle/math/ec/custom/gm/SM2P256V1FieldElement.class DONE
/org/bouncycastle/math/ec/custom/gm/SM2P256V1FieldElement.class starting
/org/bouncycastle/math/ec/custom/gm/SM2P256V1FieldElement.class DONE
/org/bouncycastle/math/ec/custom/gm/SM2P256V1FieldElement.class starting
/org/bouncycastle/math/ec/custom/gm/SM2P256V1FieldElement.class DONE
/org/bouncycastle/math/ec/custom/gm/SM2P256V1FieldElement.class starting
/org/bouncycastle/math/ec/custom/gm/SM2P256V1FieldElement.class DONE
/org/bouncycastle/math/ec/custom/gm/SM2P256V1FieldElement.class starting
/org/bouncycastle/math/ec/custom/gm/SM2P256V1FieldElement.class DONE
/org/bouncycastle/math/ec/custom/gm/SM2P256V1FieldElement.class starting
/org/bouncycastle/math/ec/custom/gm/SM2P256V1FieldElement.class DONE
/org/bouncycastle/math/ec/custom/gm/SM2P256V1FieldElement.class starting
/org/apache/lucene/document/XYShapeDocValues.class starting
/org/apache/lucene/document/XYShapeDocValues.class DONE
/org/bouncycastle/math/ec/custom/gm/SM2P256V1FieldElement.class DONE
/org/bouncycastle/math/ec/custom/gm/SM2P256V1FieldElement.class starting
/org/bouncycastle/math/ec/custom/gm/SM2P256V1FieldElement.class DONE
/org/apache/lucene/document/XYShapeDocValues.class starting
/org/apache/lucene/document/XYShapeDocValues.class DONE
/org/bouncycastle/math/ec/custom/gm/SM2P256V1FieldElement.class starting
/org/bouncycastle/math/ec/custom/gm/SM2P256V1FieldElement.class DONE
/org/apache/lucene/document/XYShapeDocValues.class starting
/org/apache/lucene/document/XYShapeDocValues.class DONE
/org/bouncycastle/math/ec/custom/gm/SM2P256V1FieldElement.class starting
/org/bouncycastle/math/ec/custom/gm/SM2P256V1FieldElement.class DONE
/org/apache/lucene/document/XYShapeDocValues.class starting
/org/apache/lucene/document/XYShapeDocValues.class DONE
/org/bouncycastle/math/ec/custom/gm/SM2P256V1FieldElement.class starting
/org/bouncycastle/math/ec/custom/gm/SM2P256V1FieldElement.class DONE
/org/apache/lucene/document/XYShapeDocValues.class starting
/org/apache/lucene/document/XYShapeDocValues.class DONE
/org/bouncycastle/math/ec/custom/gm/SM2P256V1FieldElement.class starting
/org/bouncycastle/math/ec/custom/gm/SM2P256V1FieldElement.class DONE
/org/bouncycastle/math/ec/custom/gm/SM2P256V1FieldElement.class starting
/org/bouncycastle/math/ec/custom/gm/SM2P256V1FieldElement.class DONE
/org/apache/lucene/document/XYShapeDocValues.class starting
/org/apache/lucene/document/XYShapeDocValues.class DONE
/org/bouncycastle/math/ec/custom/gm/SM2P256V1FieldElement.class starting
/org/bouncycastle/math/ec/custom/gm/SM2P256V1FieldElement.class DONE
/org/apache/lucene/document/XYShapeDocValues.class starting
/org/apache/lucene/document/XYShapeDocValues.class DONE
/org/bouncycastle/math/ec/custom/gm/SM2P256V1FieldElement.class starting
/org/bouncycastle/math/ec/custom/gm/SM2P256V1FieldElement.class DONE
/org/apache/lucene/document/XYShapeDocValues.class starting
/org/apache/lucene/document/XYShapeDocValues.class DONE
/org/bouncycastle/math/ec/custom/gm/SM2P256V1FieldElement.class starting
/org/bouncycastle/math/ec/custom/gm/SM2P256V1FieldElement.class DONE
/org/apache/lucene/document/XYShapeDocValues.class starting
/org/apache/lucene/document/XYShapeDocValues.class DONE
/org/bouncycastle/math/ec/custom/gm/SM2P256V1FieldElement.class starting
/org/bouncycastle/math/ec/custom/gm/SM2P256V1FieldElement.class DONE
/org/apache/lucene/document/XYShapeDocValues.class starting
/org/apache/lucene/document/XYShapeDocValues.class DONE
/org/bouncycastle/math/ec/custom/gm/SM2P256V1FieldElement.class starting
/org/bouncycastle/math/ec/custom/gm/SM2P256V1FieldElement.class DONE
/org/apache/lucene/document/XYShapeDocValues.class starting
/org/apache/lucene/document/XYShapeDocValues.class DONE
/org/bouncycastle/math/ec/custom/gm/SM2P256V1FieldElement.class starting
/org/bouncycastle/math/ec/custom/gm/SM2P256V1FieldElement.class DONE
/org/apache/lucene/document/XYShapeDocValues.class starting
/org/apache/lucene/document/XYShapeDocValues.class DONE
/org/bouncycastle/math/ec/custom/gm/SM2P256V1FieldElement.class starting
/org/bouncycastle/math/ec/custom/gm/SM2P256V1FieldElement.class DONE
/org/apache/lucene/document/XYShapeDocValues.class starting
/org/apache/lucene/document/XYShapeDocValues.class DONE
/org/bouncycastle/math/ec/custom/gm/SM2P256V1FieldElement.class starting
/org/bouncycastle/math/ec/custom/gm/SM2P256V1FieldElement.class DONE
/org/apache/lucene/document/XYShapeDocValues.class starting
/org/apache/lucene/document/XYShapeDocValues.class DONE
/org/bouncycastle/math/ec/custom/gm/SM2P256V1FieldElement.class starting
/org/bouncycastle/math/ec/custom/gm/SM2P256V1FieldElement.class DONE
/org/bouncycastle/math/ec/custom/gm/SM2P256V1FieldElement.class starting
/org/bouncycastle/math/ec/custom/gm/SM2P256V1FieldElement.class DONE
/org/bouncycastle/math/ec/custom/gm/SM2P256V1FieldElement.class starting
/org/bouncycastle/math/ec/custom/gm/SM2P256V1FieldElement.class DONE
/org/apache/lucene/document/XYShapeDocValues.class starting
/org/apache/lucene/document/XYShapeDocValues.class DONE
/org/bouncycastle/math/ec/custom/gm/SM2P256V1FieldElement.class starting
/org/bouncycastle/math/ec/custom/gm/SM2P256V1FieldElement.class DONE
/org/apache/lucene/document/XYShapeDocValues.class starting
/org/bouncycastle/math/ec/custom/gm/SM2P256V1FieldElement.class starting
/org/bouncycastle/math/ec/custom/gm/SM2P256V1FieldElement.class DONE
/org/bouncycastle/math/ec/custom/gm/SM2P256V1FieldElement.class starting
/org/bouncycastle/math/ec/custom/gm/SM2P256V1FieldElement.class DONE
/org/apache/lucene/document/XYShapeDocValues.class DONE
/org/bouncycastle/math/ec/custom/gm/SM2P256V1FieldElement.class starting
/org/bouncycastle/math/ec/custom/gm/SM2P256V1FieldElement.class DONE
/org/apache/lucene/document/XYShapeDocValues.class starting
/org/apache/lucene/document/XYShapeDocValues.class DONE
/org/bouncycastle/math/ec/custom/gm/SM2P256V1FieldElement.class starting
/org/bouncycastle/math/ec/custom/gm/SM2P256V1FieldElement.class DONE
/org/apache/lucene/document/XYShapeDocValues.class starting
/org/apache/lucene/document/XYShapeDocValues.class DONE
/org/bouncycastle/math/ec/custom/gm/SM2P256V1FieldElement.class starting
/org/bouncycastle/math/ec/custom/gm/SM2P256V1FieldElement.class DONE
/org/apache/lucene/document/XYShapeDocValues.class starting
/org/apache/lucene/document/XYShapeDocValues.class DONE
/org/bouncycastle/math/ec/custom/gm/SM2P256V1FieldElement.class starting
/org/bouncycastle/math/ec/custom/gm/SM2P256V1FieldElement.class DONE
/org/apache/lucene/document/XYShapeDocValues.class starting
/org/apache/lucene/document/XYShapeDocValues.class DONE
/org/bouncycastle/math/ec/custom/gm/SM2P256V1FieldElement.class starting
/org/bouncycastle/math/ec/custom/gm/SM2P256V1FieldElement.class DONE
/org/apache/lucene/document/XYShapeDocValues.class starting
/org/apache/lucene/document/XYShapeDocValues.class DONE
/org/bouncycastle/math/ec/custom/gm/SM2P256V1FieldElement.class starting
/org/bouncycastle/math/ec/custom/gm/SM2P256V1FieldElement.class DONE
/org/apache/lucene/document/XYShapeDocValues.class starting
/org/apache/lucene/document/XYShapeDocValues.class DONE
/org/bouncycastle/math/ec/custom/gm/SM2P256V1FieldElement.class starting
/org/bouncycastle/math/ec/custom/gm/SM2P256V1FieldElement.class DONE
/org/apache/lucene/document/XYShapeDocValues.class starting
/org/apache/lucene/document/XYShapeDocValues.class DONE
/org/bouncycastle/math/ec/custom/gm/SM2P256V1FieldElement.class starting
/org/bouncycastle/math/ec/custom/gm/SM2P256V1FieldElement.class DONE
/org/apache/lucene/document/XYShapeDocValues.class starting
/org/apache/lucene/document/XYShapeDocValues.class DONE
/org/bouncycastle/math/ec/custom/gm/SM2P256V1FieldElement.class starting
/org/bouncycastle/math/ec/custom/gm/SM2P256V1FieldElement.class DONE
/org/apache/lucene/document/XYShapeDocValues.class starting
/org/apache/lucene/document/XYShapeDocValues.class DONE
/org/apache/lucene/document/XYShapeDocValues.class starting
/org/apache/lucene/document/XYShapeDocValues.class DONE
/org/bouncycastle/math/ec/custom/gm/SM2P256V1FieldElement.class starting
/org/bouncycastle/math/ec/custom/gm/SM2P256V1FieldElement.class DONE
/org/apache/lucene/document/XYShapeDocValues.class starting
/org/apache/lucene/document/XYShapeDocValues.class DONE
/org/bouncycastle/math/ec/custom/gm/SM2P256V1FieldElement.class starting
/org/bouncycastle/math/ec/custom/gm/SM2P256V1FieldElement.class DONE
/org/apache/lucene/document/XYShapeDocValues.class starting
/org/apache/lucene/document/XYShapeDocValues.class DONE
/org/bouncycastle/math/ec/custom/gm/SM2P256V1FieldElement.class starting
/org/bouncycastle/math/ec/custom/gm/SM2P256V1FieldElement.class DONE
/org/apache/lucene/document/XYShapeDocValues.class starting
/org/apache/lucene/document/XYShapeDocValues.class DONE
/org/bouncycastle/math/ec/custom/gm/SM2P256V1FieldElement.class starting
/org/bouncycastle/math/ec/custom/gm/SM2P256V1FieldElement.class DONE
/org/apache/lucene/document/XYShapeDocValues.class starting
/org/apache/lucene/document/XYShapeDocValues.class DONE
/org/bouncycastle/math/ec/custom/gm/SM2P256V1FieldElement.class starting
/org/bouncycastle/math/ec/custom/gm/SM2P256V1FieldElement.class DONE
/org/apache/lucene/document/XYShapeDocValues.class starting
/org/apache/lucene/document/XYShapeDocValues.class DONE
/org/bouncycastle/math/ec/custom/gm/SM2P256V1FieldElement.class starting
/org/bouncycastle/math/ec/custom/gm/SM2P256V1FieldElement.class DONE
/org/apache/lucene/document/XYShapeDocValues.class starting
/org/apache/lucene/document/XYShapeDocValues.class DONE
/org/bouncycastle/math/ec/custom/gm/SM2P256V1FieldElement.class starting
/org/bouncycastle/math/ec/custom/gm/SM2P256V1FieldElement.class DONE
/org/bouncycastle/math/ec/custom/gm/SM2P256V1FieldElement.class starting
/org/bouncycastle/math/ec/custom/gm/SM2P256V1FieldElement.class DONE
/org/apache/lucene/document/XYShapeDocValues.class starting
/org/apache/lucene/document/XYShapeDocValues.class DONE
/org/bouncycastle/math/ec/custom/gm/SM2P256V1FieldElement.class starting
/org/bouncycastle/math/ec/custom/gm/SM2P256V1FieldElement.class DONE
/org/apache/lucene/document/XYShapeDocValues.class starting
/org/apache/lucene/document/XYShapeDocValues.class DONE
/org/apache/lucene/document/XYShapeDocValues.class starting
/org/apache/lucene/document/XYShapeDocValues.class DONE
/org/bouncycastle/math/ec/custom/gm/SM2P256V1FieldElement.class starting
/org/bouncycastle/math/ec/custom/gm/SM2P256V1FieldElement.class DONE
/org/apache/lucene/document/XYShapeDocValues.class starting
/org/apache/lucene/document/XYShapeDocValues.class DONE
/org/bouncycastle/math/ec/custom/gm/SM2P256V1FieldElement.class starting
/org/bouncycastle/math/ec/custom/gm/SM2P256V1FieldElement.class DONE
/org/apache/lucene/document/XYShapeDocValues.class starting
/org/apache/lucene/document/XYShapeDocValues.class DONE
/org/bouncycastle/math/ec/custom/gm/SM2P256V1FieldElement.class starting
/org/bouncycastle/math/ec/custom/gm/SM2P256V1FieldElement.class DONE
/org/apache/lucene/document/XYShapeDocValues.class starting
/org/apache/lucene/document/XYShapeDocValues.class DONE
/org/bouncycastle/math/ec/custom/gm/SM2P256V1FieldElement.class starting
/org/bouncycastle/math/ec/custom/gm/SM2P256V1FieldElement.class DONE
/org/apache/lucene/document/XYShapeDocValues.class starting
/org/apache/lucene/document/XYShapeDocValues.class DONE
/org/bouncycastle/math/ec/custom/gm/SM2P256V1FieldElement.class starting
/org/bouncycastle/math/ec/custom/gm/SM2P256V1FieldElement.class DONE
/org/apache/lucene/document/XYShapeDocValues.class starting
/org/bouncycastle/math/ec/custom/gm/SM2P256V1FieldElement.class starting
/org/bouncycastle/math/ec/custom/gm/SM2P256V1FieldElement.class DONE
/org/apache/lucene/document/XYShapeDocValues.class DONE
/org/apache/lucene/document/XYShapeDocValues.class starting
/org/apache/lucene/document/XYShapeDocValues.class DONE
/org/bouncycastle/math/ec/custom/gm/SM2P256V1FieldElement.class starting
/org/bouncycastle/math/ec/custom/gm/SM2P256V1FieldElement.class DONE
/org/apache/lucene/document/XYShapeDocValues.class starting
/org/apache/lucene/document/XYShapeDocValues.class DONE
/org/bouncycastle/math/ec/custom/gm/SM2P256V1FieldElement.class starting
/org/bouncycastle/math/ec/custom/gm/SM2P256V1FieldElement.class DONE
/org/bouncycastle/math/ec/custom/gm/SM2P256V1FieldElement.class starting
/org/apache/lucene/document/XYShapeDocValues.class starting
/org/apache/lucene/document/XYShapeDocValues.class DONE
/org/bouncycastle/math/ec/custom/gm/SM2P256V1FieldElement.class DONE
/org/bouncycastle/math/ec/custom/gm/SM2P256V1FieldElement.class starting
/org/bouncycastle/math/ec/custom/gm/SM2P256V1FieldElement.class DONE
/org/apache/lucene/document/XYShapeDocValues.class starting
/org/apache/lucene/document/XYShapeDocValues.class DONE
/org/bouncycastle/math/ec/custom/gm/SM2P256V1FieldElement.class starting
/org/bouncycastle/math/ec/custom/gm/SM2P256V1FieldElement.class DONE
/org/apache/lucene/document/XYShapeDocValues.class starting
/org/apache/lucene/document/XYShapeDocValues.class DONE
/org/bouncycastle/math/ec/custom/gm/SM2P256V1FieldElement.class starting
/org/bouncycastle/math/ec/custom/gm/SM2P256V1FieldElement.class DONE
/org/apache/lucene/document/XYShapeDocValues.class starting
/org/apache/lucene/document/XYShapeDocValues.class DONE
/org/apache/lucene/document/XYShapeDocValues.class starting
/org/apache/lucene/document/XYShapeDocValues.class DONE
/org/bouncycastle/math/ec/custom/gm/SM2P256V1FieldElement.class starting
/org/bouncycastle/math/ec/custom/gm/SM2P256V1FieldElement.class DONE
/org/bouncycastle/math/ec/custom/gm/SM2P256V1FieldElement.class starting
/org/bouncycastle/math/ec/custom/gm/SM2P256V1FieldElement.class DONE
/org/apache/lucene/document/XYShapeDocValues.class starting
/org/apache/lucene/document/XYShapeDocValues.class DONE
/org/bouncycastle/math/ec/custom/gm/SM2P256V1FieldElement.class starting
/org/bouncycastle/math/ec/custom/gm/SM2P256V1FieldElement.class DONE
/org/apache/lucene/document/XYShapeDocValues.class starting
/org/apache/lucene/document/XYShapeDocValues.class DONE
/org/apache/lucene/document/XYShapeDocValues.class starting
/org/apache/lucene/document/XYShapeDocValues.class DONE
/org/bouncycastle/math/ec/custom/gm/SM2P256V1FieldElement.class starting
/org/bouncycastle/math/ec/custom/gm/SM2P256V1FieldElement.class DONE
/org/apache/lucene/document/XYShapeDocValues.class starting
/org/apache/lucene/document/XYShapeDocValues.class DONE
/org/bouncycastle/math/ec/custom/gm/SM2P256V1FieldElement.class starting
/org/bouncycastle/math/ec/custom/gm/SM2P256V1FieldElement.class DONE
/org/apache/lucene/document/XYShapeDocValues.class starting
/org/apache/lucene/document/XYShapeDocValues.class DONE
/org/bouncycastle/math/ec/custom/gm/SM2P256V1FieldElement.class starting
/org/bouncycastle/math/ec/custom/gm/SM2P256V1FieldElement.class DONE
/org/apache/lucene/document/XYShapeDocValues.class starting
/org/apache/lucene/document/XYShapeDocValues.class DONE
/org/bouncycastle/math/ec/custom/gm/SM2P256V1FieldElement.class starting
/org/bouncycastle/math/ec/custom/gm/SM2P256V1FieldElement.class DONE
/org/apache/lucene/document/XYShapeDocValues.class starting
/org/apache/lucene/document/XYShapeDocValues.class DONE
/org/bouncycastle/math/ec/custom/gm/SM2P256V1FieldElement.class starting
/org/apache/lucene/document/XYShapeDocValues.class starting
/org/bouncycastle/math/ec/custom/gm/SM2P256V1FieldElement.class DONE
/org/bouncycastle/math/ec/custom/gm/SM2P256V1FieldElement.class starting
/org/bouncycastle/math/ec/custom/gm/SM2P256V1FieldElement.class DONE
/org/bouncycastle/math/ec/custom/gm/SM2P256V1FieldElement.class starting
/org/bouncycastle/math/ec/custom/gm/SM2P256V1FieldElement.class DONE
/org/apache/lucene/document/XYShapeDocValues.class DONE
/org/apache/lucene/document/XYShapeDocValues.class starting
/org/apache/lucene/document/XYShapeDocValues.class DONE
/org/bouncycastle/math/ec/custom/gm/SM2P256V1FieldElement.class starting
/org/bouncycastle/math/ec/custom/gm/SM2P256V1FieldElement.class DONE
/org/apache/lucene/document/XYShapeDocValues.class starting
/org/apache/lucene/document/XYShapeDocValues.class DONE
/org/bouncycastle/math/ec/custom/gm/SM2P256V1FieldElement.class starting
/org/apache/lucene/document/XYShapeDocValues.class starting
/org/apache/lucene/document/XYShapeDocValues.class DONE
/org/bouncycastle/math/ec/custom/gm/SM2P256V1FieldElement.class DONE
/org/bouncycastle/math/ec/custom/gm/SM2P256V1FieldElement.class starting
/org/bouncycastle/math/ec/custom/gm/SM2P256V1FieldElement.class DONE
/org/bouncycastle/math/ec/custom/gm/SM2P256V1FieldElement.class starting
/org/bouncycastle/math/ec/custom/gm/SM2P256V1FieldElement.class DONE
/org/bouncycastle/math/ec/custom/gm/SM2P256V1FieldElement.class starting
/org/bouncycastle/math/ec/custom/gm/SM2P256V1FieldElement.class DONE
/org/apache/lucene/document/XYShapeDocValues.class starting
/org/apache/lucene/document/XYShapeDocValues.class DONE
/org/apache/lucene/document/XYShapeDocValues.class starting
/org/apache/lucene/document/XYShapeDocValues.class DONE
/org/apache/lucene/document/XYShapeDocValues.class starting
/org/apache/lucene/document/XYShapeDocValues.class DONE
/org/apache/lucene/document/XYShapeDocValues.class starting
/org/apache/lucene/document/XYShapeDocValues.class DONE
/org/apache/lucene/document/XYShapeDocValues.class starting
/org/apache/lucene/document/XYShapeDocValues.class DONE
/org/bouncycastle/math/ec/custom/gm/SM2P256V1FieldElement.class starting
/org/bouncycastle/math/ec/custom/gm/SM2P256V1FieldElement.class DONE
/org/apache/lucene/document/XYShapeDocValues.class starting
/org/apache/lucene/document/XYShapeDocValues.class DONE
/org/bouncycastle/math/ec/custom/gm/SM2P256V1FieldElement.class starting
/org/bouncycastle/math/ec/custom/gm/SM2P256V1FieldElement.class DONE
/org/bouncycastle/math/ec/custom/gm/SM2P256V1FieldElement.class starting
/org/bouncycastle/math/ec/custom/gm/SM2P256V1FieldElement.class DONE
/org/apache/lucene/document/XYShapeDocValues.class starting
/org/apache/lucene/document/XYShapeDocValues.class DONE
/org/bouncycastle/math/ec/custom/gm/SM2P256V1FieldElement.class starting
/org/apache/lucene/document/XYShapeDocValues.class starting
/org/apache/lucene/document/XYShapeDocValues.class DONE
/org/bouncycastle/math/ec/custom/gm/SM2P256V1FieldElement.class DONE
/org/bouncycastle/math/ec/custom/gm/SM2P256V1FieldElement.class starting
/org/bouncycastle/math/ec/custom/gm/SM2P256V1FieldElement.class DONE
/org/apache/lucene/document/XYShapeDocValues.class starting
/org/apache/lucene/document/XYShapeDocValues.class DONE
/org/bouncycastle/math/ec/custom/gm/SM2P256V1FieldElement.class starting
/org/bouncycastle/math/ec/custom/gm/SM2P256V1FieldElement.class DONE
/org/apache/lucene/document/XYShapeDocValues.class starting
/org/apache/lucene/document/XYShapeDocValues.class DONE
/org/bouncycastle/math/ec/custom/gm/SM2P256V1FieldElement.class starting
/org/bouncycastle/math/ec/custom/gm/SM2P256V1FieldElement.class DONE
/org/apache/lucene/document/XYShapeDocValues.class starting
/org/apache/lucene/document/XYShapeDocValues.class DONE
/org/apache/lucene/document/XYShapeDocValues.class starting
/org/apache/lucene/document/XYShapeDocValues.class DONE
/org/bouncycastle/math/ec/custom/gm/SM2P256V1FieldElement.class starting
/org/bouncycastle/math/ec/custom/gm/SM2P256V1FieldElement.class DONE
/org/bouncycastle/math/ec/custom/gm/SM2P256V1FieldElement.class starting
/org/bouncycastle/math/ec/custom/gm/SM2P256V1FieldElement.class DONE
/org/apache/lucene/document/XYShapeDocValues.class starting
/org/apache/lucene/document/XYShapeDocValues.class DONE
/org/apache/lucene/document/XYShapeDocValues.class starting
/org/apache/lucene/document/XYShapeDocValues.class DONE
/org/bouncycastle/math/ec/custom/gm/SM2P256V1FieldElement.class starting
/org/bouncycastle/math/ec/custom/gm/SM2P256V1FieldElement.class DONE
/org/bouncycastle/math/ec/custom/gm/SM2P256V1FieldElement.class starting
/org/bouncycastle/math/ec/custom/gm/SM2P256V1FieldElement.class DONE
/org/apache/lucene/document/XYShapeDocValues.class starting
/org/apache/lucene/document/XYShapeDocValues.class DONE
/org/bouncycastle/math/ec/custom/gm/SM2P256V1FieldElement.class starting
/org/bouncycastle/math/ec/custom/gm/SM2P256V1FieldElement.class DONE
/org/apache/lucene/document/XYShapeDocValues.class starting
/org/apache/lucene/document/XYShapeDocValues.class DONE
/org/bouncycastle/math/ec/custom/gm/SM2P256V1FieldElement.class starting
/org/bouncycastle/math/ec/custom/gm/SM2P256V1FieldElement.class DONE
/org/apache/lucene/document/XYShapeDocValues.class starting
/org/apache/lucene/document/XYShapeDocValues.class DONE
/org/bouncycastle/math/ec/custom/gm/SM2P256V1FieldElement.class starting
/org/bouncycastle/math/ec/custom/gm/SM2P256V1FieldElement.class DONE
/org/apache/lucene/document/XYShapeDocValues.class starting
/org/apache/lucene/document/XYShapeDocValues.class DONE
/org/apache/lucene/document/XYShapeDocValues.class starting
/org/apache/lucene/document/XYShapeDocValues.class DONE
/org/bouncycastle/math/ec/custom/gm/SM2P256V1FieldElement.class starting
/org/bouncycastle/math/ec/custom/gm/SM2P256V1FieldElement.class DONE
/org/apache/lucene/document/XYShapeDocValues.class starting
/org/apache/lucene/document/XYShapeDocValues.class DONE
/org/bouncycastle/math/ec/custom/gm/SM2P256V1FieldElement.class starting
/org/bouncycastle/math/ec/custom/gm/SM2P256V1FieldElement.class DONE
/org/bouncycastle/math/ec/custom/gm/SM2P256V1FieldElement.class starting
/org/bouncycastle/math/ec/custom/gm/SM2P256V1FieldElement.class DONE
/org/apache/lucene/document/XYShapeDocValues.class starting
/org/apache/lucene/document/XYShapeDocValues.class DONE
/org/bouncycastle/math/ec/custom/gm/SM2P256V1FieldElement.class starting
/org/bouncycastle/math/ec/custom/gm/SM2P256V1FieldElement.class DONE
/org/apache/lucene/document/XYShapeDocValues.class starting
/org/apache/lucene/document/XYShapeDocValues.class DONE
/org/bouncycastle/math/ec/custom/gm/SM2P256V1FieldElement.class starting
/org/bouncycastle/math/ec/custom/gm/SM2P256V1FieldElement.class DONE
/org/apache/lucene/document/XYShapeDocValues.class starting
/org/apache/lucene/document/XYShapeDocValues.class DONE
/org/bouncycastle/math/ec/custom/gm/SM2P256V1FieldElement.class starting
/org/bouncycastle/math/ec/custom/gm/SM2P256V1FieldElement.class DONE
/org/apache/lucene/document/XYShapeDocValues.class starting
/org/apache/lucene/document/XYShapeDocValues.class DONE
/org/bouncycastle/math/ec/custom/gm/SM2P256V1FieldElement.class starting
/org/bouncycastle/math/ec/custom/gm/SM2P256V1FieldElement.class DONE
/org/bouncycastle/math/ec/custom/gm/SM2P256V1FieldElement.class starting
/org/bouncycastle/math/ec/custom/gm/SM2P256V1FieldElement.class DONE
/org/apache/lucene/document/XYShapeDocValues.class starting
/org/apache/lucene/document/XYShapeDocValues.class DONE
/org/bouncycastle/math/ec/custom/gm/SM2P256V1FieldElement.class starting
/org/bouncycastle/math/ec/custom/gm/SM2P256V1FieldElement.class DONE
/org/apache/lucene/document/XYShapeDocValues.class starting
/org/apache/lucene/document/XYShapeDocValues.class DONE
/org/bouncycastle/math/ec/custom/gm/SM2P256V1FieldElement.class starting
/org/bouncycastle/math/ec/custom/gm/SM2P256V1FieldElement.class DONE
/org/apache/lucene/document/XYShapeDocValues.class starting
/org/apache/lucene/document/XYShapeDocValues.class DONE
/org/bouncycastle/math/ec/custom/gm/SM2P256V1FieldElement.class starting
/org/bouncycastle/math/ec/custom/gm/SM2P256V1FieldElement.class DONE
/org/bouncycastle/math/ec/custom/gm/SM2P256V1FieldElement.class starting
/org/bouncycastle/math/ec/custom/gm/SM2P256V1FieldElement.class DONE
/org/apache/lucene/document/XYShapeDocValues.class starting
/org/apache/lucene/document/XYShapeDocValues.class DONE
/org/apache/lucene/document/XYShapeDocValues.class starting
/org/apache/lucene/document/XYShapeDocValues.class DONE
/org/bouncycastle/math/ec/custom/gm/SM2P256V1FieldElement.class starting
/org/bouncycastle/math/ec/custom/gm/SM2P256V1FieldElement.class DONE
/org/bouncycastle/math/ec/custom/gm/SM2P256V1FieldElement.class starting
/org/bouncycastle/math/ec/custom/gm/SM2P256V1FieldElement.class DONE
/org/apache/lucene/document/XYShapeDocValues.class starting
/org/apache/lucene/document/XYShapeDocValues.class DONE
/org/bouncycastle/math/ec/custom/gm/SM2P256V1FieldElement.class starting
/org/bouncycastle/math/ec/custom/gm/SM2P256V1FieldElement.class DONE
/org/apache/lucene/document/XYShapeDocValues.class starting
/org/apache/lucene/document/XYShapeDocValues.class DONE
/org/apache/lucene/document/XYShapeDocValues.class starting
/org/apache/lucene/document/XYShapeDocValues.class DONE
/org/bouncycastle/math/ec/custom/gm/SM2P256V1FieldElement.class starting
/org/bouncycastle/math/ec/custom/gm/SM2P256V1FieldElement.class DONE
/org/apache/lucene/document/XYShapeDocValues.class starting
/org/apache/lucene/document/XYShapeDocValues.class DONE
/org/bouncycastle/math/ec/custom/gm/SM2P256V1FieldElement.class starting
/org/bouncycastle/math/ec/custom/gm/SM2P256V1FieldElement.class DONE
/org/apache/lucene/document/XYShapeDocValues.class starting
/org/apache/lucene/document/XYShapeDocValues.class DONE
/org/bouncycastle/math/ec/custom/gm/SM2P256V1FieldElement.class starting
/org/bouncycastle/math/ec/custom/gm/SM2P256V1FieldElement.class DONE
/org/apache/lucene/document/XYShapeDocValues.class starting
/org/apache/lucene/document/XYShapeDocValues.class DONE
/org/bouncycastle/math/ec/custom/gm/SM2P256V1FieldElement.class starting
/org/bouncycastle/math/ec/custom/gm/SM2P256V1FieldElement.class DONE
/org/bouncycastle/math/ec/custom/gm/SM2P256V1FieldElement.class starting
/org/bouncycastle/math/ec/custom/gm/SM2P256V1FieldElement.class DONE
/org/apache/lucene/document/XYShapeDocValues.class starting
/org/apache/lucene/document/XYShapeDocValues.class DONE
/org/bouncycastle/math/ec/custom/gm/SM2P256V1FieldElement.class starting
/org/bouncycastle/math/ec/custom/gm/SM2P256V1FieldElement.class DONE
/org/apache/lucene/document/XYShapeDocValues.class starting
/org/apache/lucene/document/XYShapeDocValues.class DONE
/org/bouncycastle/math/ec/custom/gm/SM2P256V1FieldElement.class starting
/org/bouncycastle/math/ec/custom/gm/SM2P256V1FieldElement.class DONE
/org/bouncycastle/math/ec/custom/gm/SM2P256V1FieldElement.class starting
/org/bouncycastle/math/ec/custom/gm/SM2P256V1FieldElement.class DONE
/org/apache/lucene/document/XYShapeDocValues.class starting
/org/apache/lucene/document/XYShapeDocValues.class DONE
/org/bouncycastle/math/ec/custom/gm/SM2P256V1FieldElement.class starting
/org/bouncycastle/math/ec/custom/gm/SM2P256V1FieldElement.class DONE
/org/apache/lucene/document/XYShapeDocValues.class starting
/org/apache/lucene/document/XYShapeDocValues.class DONE
/org/bouncycastle/math/ec/custom/gm/SM2P256V1FieldElement.class starting
/org/bouncycastle/math/ec/custom/gm/SM2P256V1FieldElement.class DONE
/org/apache/lucene/document/XYShapeDocValues.class starting
/org/apache/lucene/document/XYShapeDocValues.class DONE
/org/bouncycastle/math/ec/custom/gm/SM2P256V1FieldElement.class starting
/org/bouncycastle/math/ec/custom/gm/SM2P256V1FieldElement.class DONE
/org/apache/lucene/document/XYShapeDocValues.class starting
/org/apache/lucene/document/XYShapeDocValues.class DONE
/org/bouncycastle/math/ec/custom/gm/SM2P256V1FieldElement.class starting
/org/bouncycastle/math/ec/custom/gm/SM2P256V1FieldElement.class DONE
/org/apache/lucene/document/XYShapeDocValues.class starting
/org/apache/lucene/document/XYShapeDocValues.class DONE
/org/bouncycastle/math/ec/custom/gm/SM2P256V1FieldElement.class starting
/org/bouncycastle/math/ec/custom/gm/SM2P256V1FieldElement.class DONE
/org/bouncycastle/math/ec/custom/gm/SM2P256V1FieldElement.class starting
/org/bouncycastle/math/ec/custom/gm/SM2P256V1FieldElement.class DONE
/org/apache/lucene/document/XYShapeDocValues.class starting
/org/apache/lucene/document/XYShapeDocValues.class DONE
/org/bouncycastle/math/ec/custom/gm/SM2P256V1FieldElement.class starting
/org/bouncycastle/math/ec/custom/gm/SM2P256V1FieldElement.class DONE
/org/apache/lucene/document/XYShapeDocValues.class starting
/org/apache/lucene/document/XYShapeDocValues.class DONE
/org/bouncycastle/math/ec/custom/gm/SM2P256V1FieldElement.class starting
/org/bouncycastle/math/ec/custom/gm/SM2P256V1FieldElement.class DONE
/org/apache/lucene/document/XYShapeDocValues.class starting
/org/apache/lucene/document/XYShapeDocValues.class DONE
/org/bouncycastle/math/ec/custom/gm/SM2P256V1FieldElement.class starting
/org/bouncycastle/math/ec/custom/gm/SM2P256V1FieldElement.class DONE
/org/apache/lucene/document/XYShapeDocValues.class starting
/org/apache/lucene/document/XYShapeDocValues.class DONE
/org/bouncycastle/math/ec/custom/gm/SM2P256V1FieldElement.class starting
/org/apache/lucene/document/XYShapeDocValues.class starting
/org/bouncycastle/math/ec/custom/gm/SM2P256V1FieldElement.class DONE
/org/bouncycastle/math/ec/custom/gm/SM2P256V1FieldElement.class starting
/org/bouncycastle/math/ec/custom/gm/SM2P256V1FieldElement.class DONE
/org/bouncycastle/math/ec/custom/gm/SM2P256V1FieldElement.class starting
/org/bouncycastle/math/ec/custom/gm/SM2P256V1FieldElement.class DONE
/org/bouncycastle/math/ec/custom/gm/SM2P256V1FieldElement.class starting
/org/bouncycastle/math/ec/custom/gm/SM2P256V1FieldElement.class DONE
/org/bouncycastle/math/ec/custom/gm/SM2P256V1FieldElement.class starting
/org/bouncycastle/math/ec/custom/gm/SM2P256V1FieldElement.class DONE
/org/apache/lucene/document/XYShapeDocValues.class DONE
/org/bouncycastle/math/ec/custom/gm/SM2P256V1FieldElement.class starting
/org/apache/lucene/document/XYShapeDocValues.class starting
/org/apache/lucene/document/XYShapeDocValues.class DONE
/org/bouncycastle/math/ec/custom/gm/SM2P256V1FieldElement.class DONE
/org/apache/lucene/document/XYShapeDocValues.class starting
/org/apache/lucene/document/XYShapeDocValues.class DONE
/org/bouncycastle/math/ec/custom/gm/SM2P256V1FieldElement.class starting
/org/bouncycastle/math/ec/custom/gm/SM2P256V1FieldElement.class DONE
/org/apache/lucene/document/XYShapeDocValues.class starting
/org/bouncycastle/math/ec/custom/gm/SM2P256V1FieldElement.class starting
/org/bouncycastle/math/ec/custom/gm/SM2P256V1FieldElement.class DONE
/org/apache/lucene/document/XYShapeDocValues.class DONE
/org/bouncycastle/math/ec/custom/gm/SM2P256V1FieldElement.class starting
/org/bouncycastle/math/ec/custom/gm/SM2P256V1FieldElement.class DONE
/org/apache/lucene/document/XYShapeDocValues.class starting
/org/apache/lucene/document/XYShapeDocValues.class DONE
/org/apache/lucene/document/XYShapeDocValues.class starting
/org/apache/lucene/document/XYShapeDocValues.class DONE
/org/apache/lucene/document/XYShapeDocValues.class starting
/org/apache/lucene/document/XYShapeDocValues.class DONE
/org/apache/lucene/document/XYShapeDocValues.class starting
/org/apache/lucene/document/XYShapeDocValues.class DONE
/org/bouncycastle/math/ec/custom/gm/SM2P256V1FieldElement.class starting
/org/bouncycastle/math/ec/custom/gm/SM2P256V1FieldElement.class DONE
/org/apache/lucene/document/XYShapeDocValues.class starting
/org/apache/lucene/document/XYShapeDocValues.class DONE
/org/bouncycastle/math/ec/custom/gm/SM2P256V1FieldElement.class starting
/org/bouncycastle/math/ec/custom/gm/SM2P256V1FieldElement.class DONE
/org/apache/lucene/document/XYShapeDocValues.class starting
/org/apache/lucene/document/XYShapeDocValues.class DONE
/org/bouncycastle/math/ec/custom/gm/SM2P256V1FieldElement.class starting
/org/bouncycastle/math/ec/custom/gm/SM2P256V1FieldElement.class DONE
/org/apache/lucene/document/XYShapeDocValues.class starting
/org/apache/lucene/document/XYShapeDocValues.class DONE
/org/bouncycastle/math/ec/custom/gm/SM2P256V1FieldElement.class starting
/org/bouncycastle/math/ec/custom/gm/SM2P256V1FieldElement.class DONE
/org/bouncycastle/math/ec/custom/gm/SM2P256V1FieldElement.class starting
/org/bouncycastle/math/ec/custom/gm/SM2P256V1FieldElement.class DONE
/org/apache/lucene/document/XYShapeDocValues.class starting
/org/apache/lucene/document/XYShapeDocValues.class DONE
/org/bouncycastle/math/ec/custom/gm/SM2P256V1FieldElement.class starting
/org/bouncycastle/math/ec/custom/gm/SM2P256V1FieldElement.class DONE
/org/apache/lucene/document/XYShapeDocValues.class starting
/org/apache/lucene/document/XYShapeDocValues.class DONE
/org/bouncycastle/math/ec/custom/gm/SM2P256V1FieldElement.class starting
/org/bouncycastle/math/ec/custom/gm/SM2P256V1FieldElement.class DONE
/org/apache/lucene/document/XYShapeDocValues.class starting
/org/apache/lucene/document/XYShapeDocValues.class DONE
/org/bouncycastle/math/ec/custom/gm/SM2P256V1FieldElement.class starting
/org/bouncycastle/math/ec/custom/gm/SM2P256V1FieldElement.class DONE
/org/bouncycastle/math/ec/custom/gm/SM2P256V1FieldElement.class starting
/org/bouncycastle/math/ec/custom/gm/SM2P256V1FieldElement.class DONE
/org/apache/lucene/document/XYShapeDocValues.class starting
/org/apache/lucene/document/XYShapeDocValues.class DONE
/org/bouncycastle/math/ec/custom/gm/SM2P256V1FieldElement.class starting
/org/bouncycastle/math/ec/custom/gm/SM2P256V1FieldElement.class DONE
/org/apache/lucene/document/XYShapeDocValues.class starting
/org/apache/lucene/document/XYShapeDocValues.class DONE
/org/bouncycastle/math/ec/custom/gm/SM2P256V1FieldElement.class starting
/org/bouncycastle/math/ec/custom/gm/SM2P256V1FieldElement.class DONE
/org/apache/lucene/document/XYShapeDocValues.class starting
/org/apache/lucene/document/XYShapeDocValues.class DONE
/org/bouncycastle/math/ec/custom/gm/SM2P256V1FieldElement.class starting
/org/bouncycastle/math/ec/custom/gm/SM2P256V1FieldElement.class DONE
/org/apache/lucene/document/XYShapeDocValues.class starting
/org/apache/lucene/document/XYShapeDocValues.class DONE
/org/bouncycastle/math/ec/custom/gm/SM2P256V1FieldElement.class starting
/org/bouncycastle/math/ec/custom/gm/SM2P256V1FieldElement.class DONE
/org/apache/lucene/document/XYShapeDocValues.class starting
/org/apache/lucene/document/XYShapeDocValues.class DONE
/org/bouncycastle/math/ec/custom/gm/SM2P256V1FieldElement.class starting
/org/bouncycastle/math/ec/custom/gm/SM2P256V1FieldElement.class DONE
/org/apache/lucene/document/XYShapeDocValues.class starting
/org/apache/lucene/document/XYShapeDocValues.class DONE
/org/bouncycastle/math/ec/custom/gm/SM2P256V1FieldElement.class starting
/org/bouncycastle/math/ec/custom/gm/SM2P256V1FieldElement.class DONE
/org/apache/lucene/document/XYShapeDocValues.class starting
/org/apache/lucene/document/XYShapeDocValues.class DONE
/org/bouncycastle/math/ec/custom/gm/SM2P256V1FieldElement.class starting
/org/bouncycastle/math/ec/custom/gm/SM2P256V1FieldElement.class DONE
/org/apache/lucene/document/XYShapeDocValues.class starting
/org/apache/lucene/document/XYShapeDocValues.class DONE
/org/bouncycastle/math/ec/custom/gm/SM2P256V1FieldElement.class starting
/org/bouncycastle/math/ec/custom/gm/SM2P256V1FieldElement.class DONE
/org/apache/lucene/document/XYShapeDocValues.class starting
/org/apache/lucene/document/XYShapeDocValues.class DONE
/org/bouncycastle/math/ec/custom/gm/SM2P256V1FieldElement.class starting
/org/bouncycastle/math/ec/custom/gm/SM2P256V1FieldElement.class DONE
/org/apache/lucene/document/XYShapeDocValues.class starting
/org/apache/lucene/document/XYShapeDocValues.class DONE
/org/bouncycastle/math/ec/custom/gm/SM2P256V1FieldElement.class starting
/org/bouncycastle/math/ec/custom/gm/SM2P256V1FieldElement.class DONE
/org/bouncycastle/math/ec/custom/gm/SM2P256V1FieldElement.class starting
/org/bouncycastle/math/ec/custom/gm/SM2P256V1FieldElement.class DONE
/org/apache/lucene/document/XYShapeDocValues.class starting
/org/apache/lucene/document/XYShapeDocValues.class DONE
/org/apache/lucene/document/XYShapeDocValues.class starting
/org/apache/lucene/document/XYShapeDocValues.class DONE
/org/apache/lucene/document/XYShapeDocValues.class starting
/org/apache/lucene/document/XYShapeDocValues.class DONE
/org/bouncycastle/math/ec/custom/gm/SM2P256V1FieldElement.class starting
/org/bouncycastle/math/ec/custom/gm/SM2P256V1FieldElement.class DONE
/org/apache/lucene/document/XYShapeDocValues.class starting
/org/apache/lucene/document/XYShapeDocValues.class DONE
/org/apache/lucene/document/XYShapeDocValues.class starting
/org/apache/lucene/document/XYShapeDocValues.class DONE
/org/bouncycastle/math/ec/custom/gm/SM2P256V1FieldElement.class starting
/org/bouncycastle/math/ec/custom/gm/SM2P256V1FieldElement.class DONE
/org/apache/lucene/document/XYShapeDocValues.class starting
/org/apache/lucene/document/XYShapeDocValues.class DONE
/org/bouncycastle/math/ec/custom/gm/SM2P256V1FieldElement.class starting
/org/bouncycastle/math/ec/custom/gm/SM2P256V1FieldElement.class DONE
/org/apache/lucene/document/XYShapeDocValues.class starting
/org/apache/lucene/document/XYShapeDocValues.class DONE
/org/bouncycastle/math/ec/custom/gm/SM2P256V1FieldElement.class starting
/org/bouncycastle/math/ec/custom/gm/SM2P256V1FieldElement.class DONE
/org/apache/lucene/document/XYShapeDocValues.class starting
/org/apache/lucene/document/XYShapeDocValues.class DONE
/org/bouncycastle/math/ec/custom/gm/SM2P256V1FieldElement.class starting
/org/bouncycastle/math/ec/custom/gm/SM2P256V1FieldElement.class DONE
/org/apache/lucene/document/XYShapeDocValues.class starting
/org/apache/lucene/document/XYShapeDocValues.class DONE
/org/bouncycastle/math/ec/custom/gm/SM2P256V1FieldElement.class starting
/org/bouncycastle/math/ec/custom/gm/SM2P256V1FieldElement.class DONE
/org/apache/lucene/document/XYShapeDocValues.class starting
/org/apache/lucene/document/XYShapeDocValues.class DONE
/org/bouncycastle/math/ec/custom/gm/SM2P256V1FieldElement.class starting
/org/bouncycastle/math/ec/custom/gm/SM2P256V1FieldElement.class DONE
/org/apache/lucene/document/XYShapeDocValues.class starting
/org/apache/lucene/document/XYShapeDocValues.class DONE
/org/bouncycastle/math/ec/custom/gm/SM2P256V1FieldElement.class starting
/org/bouncycastle/math/ec/custom/gm/SM2P256V1FieldElement.class DONE
/org/apache/lucene/document/XYShapeDocValues.class starting
/org/apache/lucene/document/XYShapeDocValues.class DONE
/org/bouncycastle/math/ec/custom/gm/SM2P256V1FieldElement.class starting
/org/bouncycastle/math/ec/custom/gm/SM2P256V1FieldElement.class DONE
/org/bouncycastle/math/ec/custom/gm/SM2P256V1FieldElement.class starting
/org/bouncycastle/math/ec/custom/gm/SM2P256V1FieldElement.class DONE
/org/apache/lucene/document/XYShapeDocValues.class starting
/org/apache/lucene/document/XYShapeDocValues.class DONE
/org/bouncycastle/math/ec/custom/gm/SM2P256V1FieldElement.class starting
/org/bouncycastle/math/ec/custom/gm/SM2P256V1FieldElement.class DONE
/org/apache/lucene/document/XYShapeDocValues.class starting
/org/apache/lucene/document/XYShapeDocValues.class DONE
/org/bouncycastle/math/ec/custom/gm/SM2P256V1FieldElement.class starting
/org/bouncycastle/math/ec/custom/gm/SM2P256V1FieldElement.class DONE
/org/apache/lucene/document/XYShapeDocValues.class starting
/org/apache/lucene/document/XYShapeDocValues.class DONE
/org/bouncycastle/math/ec/custom/gm/SM2P256V1FieldElement.class starting
/org/bouncycastle/math/ec/custom/gm/SM2P256V1FieldElement.class DONE
/org/apache/lucene/document/XYShapeDocValues.class starting
/org/bouncycastle/math/ec/custom/gm/SM2P256V1FieldElement.class starting
/org/apache/lucene/document/XYShapeDocValues.class DONE
/org/apache/lucene/document/XYShapeDocValues.class starting
/org/apache/lucene/document/XYShapeDocValues.class DONE
/org/apache/lucene/document/XYShapeDocValues.class starting
/org/apache/lucene/document/XYShapeDocValues.class DONE
/org/bouncycastle/math/ec/custom/gm/SM2P256V1FieldElement.class DONE
/org/bouncycastle/math/ec/custom/gm/SM2P256V1FieldElement.class starting
/org/bouncycastle/math/ec/custom/gm/SM2P256V1FieldElement.class DONE
/org/apache/lucene/document/XYShapeDocValues.class starting
/org/apache/lucene/document/XYShapeDocValues.class DONE
/org/bouncycastle/math/ec/custom/gm/SM2P256V1FieldElement.class starting
/org/bouncycastle/math/ec/custom/gm/SM2P256V1FieldElement.class DONE
/org/apache/lucene/document/XYShapeDocValues.class starting
/org/apache/lucene/document/XYShapeDocValues.class DONE
/org/bouncycastle/math/ec/custom/gm/SM2P256V1FieldElement.class starting
/org/bouncycastle/math/ec/custom/gm/SM2P256V1FieldElement.class DONE
/org/apache/lucene/document/XYShapeDocValues.class starting
/org/apache/lucene/document/XYShapeDocValues.class DONE
/org/bouncycastle/math/ec/custom/gm/SM2P256V1FieldElement.class starting
/org/bouncycastle/math/ec/custom/gm/SM2P256V1FieldElement.class DONE
/org/apache/lucene/document/XYShapeDocValues.class starting
/org/apache/lucene/document/XYShapeDocValues.class DONE
/org/bouncycastle/math/ec/custom/gm/SM2P256V1FieldElement.class starting
/org/bouncycastle/math/ec/custom/gm/SM2P256V1FieldElement.class DONE
/org/apache/lucene/document/XYShapeDocValues.class starting
/org/apache/lucene/document/XYShapeDocValues.class DONE
/org/bouncycastle/math/ec/custom/gm/SM2P256V1FieldElement.class starting
/org/bouncycastle/math/ec/custom/gm/SM2P256V1FieldElement.class DONE
/org/apache/lucene/document/XYShapeDocValues.class starting
/org/apache/lucene/document/XYShapeDocValues.class DONE
/org/bouncycastle/math/ec/custom/gm/SM2P256V1FieldElement.class starting
/org/bouncycastle/math/ec/custom/gm/SM2P256V1FieldElement.class DONE
/org/bouncycastle/math/ec/custom/gm/SM2P256V1FieldElement.class starting
/org/bouncycastle/math/ec/custom/gm/SM2P256V1FieldElement.class DONE
/org/apache/lucene/document/XYShapeDocValues.class starting
/org/apache/lucene/document/XYShapeDocValues.class DONE
/org/bouncycastle/math/ec/custom/gm/SM2P256V1FieldElement.class starting
/org/bouncycastle/math/ec/custom/gm/SM2P256V1FieldElement.class DONE
/org/apache/lucene/document/XYShapeDocValues.class starting
/org/apache/lucene/document/XYShapeDocValues.class DONE
/org/bouncycastle/math/ec/custom/gm/SM2P256V1FieldElement.class starting
/org/bouncycastle/math/ec/custom/gm/SM2P256V1FieldElement.class DONE
/org/apache/lucene/document/XYShapeDocValues.class starting
/org/apache/lucene/document/XYShapeDocValues.class DONE
/org/bouncycastle/math/ec/custom/gm/SM2P256V1FieldElement.class starting
/org/bouncycastle/math/ec/custom/gm/SM2P256V1FieldElement.class DONE
/org/apache/lucene/document/XYShapeDocValues.class starting
/org/bouncycastle/math/ec/custom/gm/SM2P256V1FieldElement.class starting
/org/bouncycastle/math/ec/custom/gm/SM2P256V1FieldElement.class DONE
/org/apache/lucene/document/XYShapeDocValues.class DONE
/org/bouncycastle/math/ec/custom/gm/SM2P256V1FieldElement.class starting
/org/bouncycastle/math/ec/custom/gm/SM2P256V1FieldElement.class DONE
/org/apache/lucene/document/XYShapeDocValues.class starting
/org/apache/lucene/document/XYShapeDocValues.class DONE
/org/bouncycastle/math/ec/custom/gm/SM2P256V1FieldElement.class starting
/org/apache/lucene/document/XYShapeDocValues.class starting
/org/apache/lucene/document/XYShapeDocValues.class DONE
/org/apache/lucene/document/XYShapeDocValues.class starting
/org/apache/lucene/document/XYShapeDocValues.class DONE
/org/bouncycastle/math/ec/custom/gm/SM2P256V1FieldElement.class DONE
/org/bouncycastle/math/ec/custom/gm/SM2P256V1FieldElement.class starting
/org/bouncycastle/math/ec/custom/gm/SM2P256V1FieldElement.class DONE
/org/apache/lucene/document/XYShapeDocValues.class starting
/org/apache/lucene/document/XYShapeDocValues.class DONE
/org/apache/lucene/document/XYShapeDocValues.class starting
/org/apache/lucene/document/XYShapeDocValues.class DONE
/org/bouncycastle/math/ec/custom/gm/SM2P256V1FieldElement.class starting
/org/bouncycastle/math/ec/custom/gm/SM2P256V1FieldElement.class DONE
/org/apache/lucene/document/XYShapeDocValues.class starting
/org/apache/lucene/document/XYShapeDocValues.class DONE
/org/bouncycastle/math/ec/custom/gm/SM2P256V1FieldElement.class starting
/org/bouncycastle/math/ec/custom/gm/SM2P256V1FieldElement.class DONE
/org/apache/lucene/document/XYShapeDocValues.class starting
/org/apache/lucene/document/XYShapeDocValues.class DONE
/org/bouncycastle/math/ec/custom/gm/SM2P256V1FieldElement.class starting
/org/bouncycastle/math/ec/custom/gm/SM2P256V1FieldElement.class DONE
/org/apache/lucene/document/XYShapeDocValues.class starting
/org/apache/lucene/document/XYShapeDocValues.class DONE
/org/bouncycastle/math/ec/custom/gm/SM2P256V1FieldElement.class starting
/org/bouncycastle/math/ec/custom/gm/SM2P256V1FieldElement.class DONE
/org/bouncycastle/math/ec/custom/gm/SM2P256V1FieldElement.class starting
/org/bouncycastle/math/ec/custom/gm/SM2P256V1FieldElement.class DONE
/org/apache/lucene/document/XYShapeDocValues.class starting
/org/apache/lucene/document/XYShapeDocValues.class DONE
/org/bouncycastle/math/ec/custom/gm/SM2P256V1FieldElement.class starting
/org/bouncycastle/math/ec/custom/gm/SM2P256V1FieldElement.class DONE
/org/apache/lucene/document/XYShapeDocValues.class starting
/org/apache/lucene/document/XYShapeDocValues.class DONE
/org/bouncycastle/math/ec/custom/gm/SM2P256V1FieldElement.class starting
/org/bouncycastle/math/ec/custom/gm/SM2P256V1FieldElement.class DONE
/org/apache/lucene/document/XYShapeDocValues.class starting
/org/apache/lucene/document/XYShapeDocValues.class DONE
/org/apache/lucene/document/XYShapeDocValues.class starting
/org/apache/lucene/document/XYShapeDocValues.class DONE
/org/bouncycastle/math/ec/custom/gm/SM2P256V1FieldElement.class starting
/org/bouncycastle/math/ec/custom/gm/SM2P256V1FieldElement.class DONE
/org/apache/lucene/document/XYShapeDocValues.class starting
/org/apache/lucene/document/XYShapeDocValues.class DONE
/org/bouncycastle/math/ec/custom/gm/SM2P256V1FieldElement.class starting
/org/bouncycastle/math/ec/custom/gm/SM2P256V1FieldElement.class DONE
/org/apache/lucene/document/XYShapeDocValues.class starting
/org/apache/lucene/document/XYShapeDocValues.class DONE
/org/bouncycastle/math/ec/custom/gm/SM2P256V1FieldElement.class starting
/org/bouncycastle/math/ec/custom/gm/SM2P256V1FieldElement.class DONE
/org/apache/lucene/document/XYShapeDocValues.class starting
/org/apache/lucene/document/XYShapeDocValues.class DONE
/org/bouncycastle/math/ec/custom/gm/SM2P256V1FieldElement.class starting
/org/bouncycastle/math/ec/custom/gm/SM2P256V1FieldElement.class DONE
/org/apache/lucene/document/XYShapeDocValues.class starting
/org/apache/lucene/document/XYShapeDocValues.class DONE
/org/bouncycastle/math/ec/custom/gm/SM2P256V1FieldElement.class starting
/org/bouncycastle/math/ec/custom/gm/SM2P256V1FieldElement.class DONE
/org/apache/lucene/document/XYShapeDocValues.class starting
/org/apache/lucene/document/XYShapeDocValues.class DONE
/org/apache/lucene/document/XYShapeDocValues.class starting
/org/apache/lucene/document/XYShapeDocValues.class DONE
/org/bouncycastle/math/ec/custom/gm/SM2P256V1FieldElement.class starting
/org/apache/lucene/document/XYShapeDocValues.class starting
/org/bouncycastle/math/ec/custom/gm/SM2P256V1FieldElement.class DONE
/org/bouncycastle/math/ec/custom/gm/SM2P256V1FieldElement.class starting
/org/bouncycastle/math/ec/custom/gm/SM2P256V1FieldElement.class DONE
/org/bouncycastle/math/ec/custom/gm/SM2P256V1FieldElement.class starting
/org/bouncycastle/math/ec/custom/gm/SM2P256V1FieldElement.class DONE
/org/bouncycastle/math/ec/custom/gm/SM2P256V1FieldElement.class starting
/org/bouncycastle/math/ec/custom/gm/SM2P256V1FieldElement.class DONE
/org/bouncycastle/math/ec/custom/gm/SM2P256V1FieldElement.class starting
/org/bouncycastle/math/ec/custom/gm/SM2P256V1FieldElement.class DONE
/org/bouncycastle/math/ec/custom/gm/SM2P256V1FieldElement.class starting
/org/bouncycastle/math/ec/custom/gm/SM2P256V1FieldElement.class DONE
/org/bouncycastle/math/ec/custom/gm/SM2P256V1FieldElement.class starting
/org/bouncycastle/math/ec/custom/gm/SM2P256V1FieldElement.class DONE
/org/bouncycastle/math/ec/custom/gm/SM2P256V1FieldElement.class starting
/org/bouncycastle/math/ec/custom/gm/SM2P256V1FieldElement.class DONE
/org/bouncycastle/math/ec/custom/gm/SM2P256V1FieldElement.class starting
/org/bouncycastle/math/ec/custom/gm/SM2P256V1FieldElement.class DONE
/org/bouncycastle/math/ec/custom/gm/SM2P256V1FieldElement.class starting
/org/bouncycastle/math/ec/custom/gm/SM2P256V1FieldElement.class DONE
/org/bouncycastle/math/ec/custom/gm/SM2P256V1FieldElement.class starting
/org/bouncycastle/math/ec/custom/gm/SM2P256V1FieldElement.class DONE
/org/bouncycastle/math/ec/custom/gm/SM2P256V1FieldElement.class starting
/org/bouncycastle/math/ec/custom/gm/SM2P256V1FieldElement.class DONE
/org/bouncycastle/math/ec/custom/gm/SM2P256V1FieldElement.class starting
/org/bouncycastle/math/ec/custom/gm/SM2P256V1FieldElement.class DONE
/org/bouncycastle/math/ec/custom/gm/SM2P256V1FieldElement.class starting
/org/bouncycastle/math/ec/custom/gm/SM2P256V1FieldElement.class DONE
/org/apache/lucene/document/XYShapeDocValues.class DONE
/org/apache/lucene/document/XYShapeDocValues.class starting
/org/apache/lucene/document/XYShapeDocValues.class DONE
/org/apache/lucene/document/XYShapeDocValues.class starting
/org/apache/lucene/document/XYShapeDocValues.class DONE
/org/apache/lucene/document/XYShapeDocValues.class starting
/org/apache/lucene/document/XYShapeDocValues.class DONE
/org/apache/lucene/document/XYShapeDocValues.class starting
/org/apache/lucene/document/XYShapeDocValues.class DONE
/org/apache/lucene/document/XYShapeDocValues.class starting
/org/apache/lucene/document/XYShapeDocValues.class DONE
/org/apache/lucene/document/XYShapeDocValues.class starting
/org/apache/lucene/document/XYShapeDocValues.class DONE
/org/apache/lucene/document/XYShapeDocValues.class starting
/org/apache/lucene/document/XYShapeDocValues.class DONE
/org/bouncycastle/math/ec/custom/gm/SM2P256V1FieldElement.class starting
/org/bouncycastle/math/ec/custom/gm/SM2P256V1FieldElement.class DONE
/org/apache/lucene/document/XYShapeDocValues.class starting
/org/apache/lucene/document/XYShapeDocValues.class DONE
/org/bouncycastle/math/ec/custom/gm/SM2P256V1FieldElement.class starting
/org/bouncycastle/math/ec/custom/gm/SM2P256V1FieldElement.class DONE
/org/apache/lucene/document/XYShapeDocValues.class starting
/org/apache/lucene/document/XYShapeDocValues.class DONE
/org/bouncycastle/math/ec/custom/gm/SM2P256V1FieldElement.class starting
/org/bouncycastle/math/ec/custom/gm/SM2P256V1FieldElement.class DONE
/org/apache/lucene/document/XYShapeDocValues.class starting
/org/apache/lucene/document/XYShapeDocValues.class DONE
/org/bouncycastle/math/ec/custom/gm/SM2P256V1FieldElement.class starting
/org/bouncycastle/math/ec/custom/gm/SM2P256V1FieldElement.class DONE
/org/bouncycastle/math/ec/custom/gm/SM2P256V1FieldElement.class starting
/org/apache/lucene/document/XYShapeDocValues.class starting
/org/bouncycastle/math/ec/custom/gm/SM2P256V1FieldElement.class DONE
/org/bouncycastle/math/ec/custom/gm/SM2P256V1FieldElement.class starting
/org/apache/lucene/document/XYShapeDocValues.class DONE
/org/apache/lucene/document/XYShapeDocValues.class starting
/org/apache/lucene/document/XYShapeDocValues.class DONE
/org/bouncycastle/math/ec/custom/gm/SM2P256V1FieldElement.class DONE
/org/bouncycastle/math/ec/custom/gm/SM2P256V1FieldElement.class starting
/org/bouncycastle/math/ec/custom/gm/SM2P256V1FieldElement.class DONE
/org/apache/lucene/document/XYShapeDocValues.class starting
/org/apache/lucene/document/XYShapeDocValues.class DONE
/org/bouncycastle/math/ec/custom/gm/SM2P256V1FieldElement.class starting
/org/bouncycastle/math/ec/custom/gm/SM2P256V1FieldElement.class DONE
/org/apache/lucene/document/XYShapeDocValues.class starting
/org/apache/lucene/document/XYShapeDocValues.class DONE
/org/bouncycastle/math/ec/custom/gm/SM2P256V1FieldElement.class starting
/org/apache/lucene/document/XYShapeDocValues.class starting
/org/apache/lucene/document/XYShapeDocValues.class DONE
/org/apache/lucene/document/XYShapeDocValues.class starting
/org/apache/lucene/document/XYShapeDocValues.class DONE
/org/apache/lucene/document/XYShapeDocValues.class starting
/org/apache/lucene/document/XYShapeDocValues.class DONE
/org/bouncycastle/math/ec/custom/gm/SM2P256V1FieldElement.class DONE
/org/bouncycastle/math/ec/custom/gm/SM2P256V1FieldElement.class starting
/org/bouncycastle/math/ec/custom/gm/SM2P256V1FieldElement.class DONE
/org/apache/lucene/document/XYShapeDocValues.class starting
/org/apache/lucene/document/XYShapeDocValues.class DONE
/org/bouncycastle/math/ec/custom/gm/SM2P256V1FieldElement.class starting
/org/bouncycastle/math/ec/custom/gm/SM2P256V1FieldElement.class DONE
/org/apache/lucene/document/XYShapeDocValues.class starting
/org/apache/lucene/document/XYShapeDocValues.class DONE
/org/apache/lucene/document/XYShapeDocValues.class starting
/org/apache/lucene/document/XYShapeDocValues.class DONE
/org/bouncycastle/math/ec/custom/gm/SM2P256V1FieldElement.class starting
/org/bouncycastle/math/ec/custom/gm/SM2P256V1FieldElement.class DONE
/org/apache/lucene/document/XYShapeDocValues.class starting
/org/apache/lucene/document/XYShapeDocValues.class DONE
/org/bouncycastle/math/ec/custom/gm/SM2P256V1FieldElement.class starting
/org/bouncycastle/math/ec/custom/gm/SM2P256V1FieldElement.class DONE
/org/apache/lucene/document/XYShapeDocValues.class starting
/org/apache/lucene/document/XYShapeDocValues.class DONE
/org/bouncycastle/math/ec/custom/gm/SM2P256V1FieldElement.class starting
/org/bouncycastle/math/ec/custom/gm/SM2P256V1FieldElement.class DONE
/org/apache/lucene/document/XYShapeDocValues.class starting
/org/apache/lucene/document/XYShapeDocValues.class DONE
/org/bouncycastle/math/ec/custom/gm/SM2P256V1FieldElement.class starting
/org/bouncycastle/math/ec/custom/gm/SM2P256V1FieldElement.class DONE
/org/apache/lucene/document/XYShapeDocValues.class starting
/org/apache/lucene/document/XYShapeDocValues.class DONE
/org/bouncycastle/math/ec/custom/gm/SM2P256V1FieldElement.class starting
/org/bouncycastle/math/ec/custom/gm/SM2P256V1FieldElement.class DONE
/org/apache/lucene/document/XYShapeDocValues.class starting
/org/apache/lucene/document/XYShapeDocValues.class DONE
/org/bouncycastle/math/ec/custom/gm/SM2P256V1FieldElement.class starting
/org/bouncycastle/math/ec/custom/gm/SM2P256V1FieldElement.class DONE
/org/apache/lucene/document/XYShapeDocValues.class starting
/org/apache/lucene/document/XYShapeDocValues.class DONE
/org/bouncycastle/math/ec/custom/gm/SM2P256V1FieldElement.class starting
/org/bouncycastle/math/ec/custom/gm/SM2P256V1FieldElement.class DONE
/org/apache/lucene/document/XYShapeDocValues.class starting
/org/apache/lucene/document/XYShapeDocValues.class DONE
/org/bouncycastle/math/ec/custom/gm/SM2P256V1FieldElement.class starting
/org/bouncycastle/math/ec/custom/gm/SM2P256V1FieldElement.class DONE
/org/apache/lucene/document/XYShapeDocValues.class starting
/org/apache/lucene/document/XYShapeDocValues.class DONE
/org/bouncycastle/math/ec/custom/gm/SM2P256V1FieldElement.class starting
/org/bouncycastle/math/ec/custom/gm/SM2P256V1FieldElement.class DONE
/org/apache/lucene/document/XYShapeDocValues.class starting
/org/apache/lucene/document/XYShapeDocValues.class DONE
/org/bouncycastle/math/ec/custom/gm/SM2P256V1FieldElement.class starting
/org/bouncycastle/math/ec/custom/gm/SM2P256V1FieldElement.class DONE
/org/apache/lucene/document/XYShapeDocValues.class starting
/org/apache/lucene/document/XYShapeDocValues.class DONE
/org/bouncycastle/math/ec/custom/gm/SM2P256V1FieldElement.class starting
/org/bouncycastle/math/ec/custom/gm/SM2P256V1FieldElement.class DONE
/org/apache/lucene/document/XYShapeDocValues.class starting
/org/apache/lucene/document/XYShapeDocValues.class DONE
/org/apache/lucene/document/XYShapeDocValues.class starting
/org/apache/lucene/document/XYShapeDocValues.class DONE
/org/apache/lucene/document/XYShapeDocValues.class starting
/org/apache/lucene/document/XYShapeDocValues.class DONE
/org/apache/lucene/document/XYShapeDocValues.class starting
/org/apache/lucene/document/XYShapeDocValues.class DONE
/org/bouncycastle/math/ec/custom/gm/SM2P256V1FieldElement.class starting
/org/bouncycastle/math/ec/custom/gm/SM2P256V1FieldElement.class DONE
/org/bouncycastle/math/ec/custom/gm/SM2P256V1FieldElement.class starting
/org/apache/lucene/document/XYShapeDocValues.class starting
/org/apache/lucene/document/XYShapeDocValues.class DONE
/org/bouncycastle/math/ec/custom/gm/SM2P256V1FieldElement.class DONE
/org/bouncycastle/math/ec/custom/gm/SM2P256V1FieldElement.class starting
/org/bouncycastle/math/ec/custom/gm/SM2P256V1FieldElement.class DONE
/org/apache/lucene/document/XYShapeDocValues.class starting
/org/bouncycastle/math/ec/custom/gm/SM2P256V1FieldElement.class starting
/org/bouncycastle/math/ec/custom/gm/SM2P256V1FieldElement.class DONE
/org/bouncycastle/math/ec/custom/gm/SM2P256V1FieldElement.class starting
/org/bouncycastle/math/ec/custom/gm/SM2P256V1FieldElement.class DONE
/org/bouncycastle/math/ec/custom/gm/SM2P256V1FieldElement.class starting
/org/bouncycastle/math/ec/custom/gm/SM2P256V1FieldElement.class DONE
/org/apache/lucene/document/XYShapeDocValues.class DONE
/org/apache/lucene/document/XYShapeDocValues.class starting
/org/apache/lucene/document/XYShapeDocValues.class DONE
/org/bouncycastle/math/ec/custom/gm/SM2P256V1FieldElement.class starting
/org/bouncycastle/math/ec/custom/gm/SM2P256V1FieldElement.class DONE
/org/apache/lucene/document/XYShapeDocValues.class starting
/org/apache/lucene/document/XYShapeDocValues.class DONE
/org/bouncycastle/math/ec/custom/gm/SM2P256V1FieldElement.class starting
/org/bouncycastle/math/ec/custom/gm/SM2P256V1FieldElement.class DONE
/org/apache/lucene/document/XYShapeDocValues.class starting
/org/apache/lucene/document/XYShapeDocValues.class DONE
/org/bouncycastle/math/ec/custom/gm/SM2P256V1FieldElement.class starting
/org/bouncycastle/math/ec/custom/gm/SM2P256V1FieldElement.class DONE
/org/apache/lucene/document/XYShapeDocValues.class starting
/org/apache/lucene/document/XYShapeDocValues.class DONE
/org/bouncycastle/math/ec/custom/gm/SM2P256V1FieldElement.class starting
/org/bouncycastle/math/ec/custom/gm/SM2P256V1FieldElement.class DONE
/org/apache/lucene/document/XYShapeDocValues.class starting
/org/bouncycastle/math/ec/custom/gm/SM2P256V1FieldElement.class starting
/org/bouncycastle/math/ec/custom/gm/SM2P256V1FieldElement.class DONE
/org/bouncycastle/math/ec/custom/gm/SM2P256V1FieldElement.class starting
/org/bouncycastle/math/ec/custom/gm/SM2P256V1FieldElement.class DONE
/org/bouncycastle/math/ec/custom/gm/SM2P256V1FieldElement.class starting
/org/bouncycastle/math/ec/custom/gm/SM2P256V1FieldElement.class DONE
/org/apache/lucene/document/XYShapeDocValues.class DONE
/org/apache/lucene/document/XYShapeDocValues.class starting
/org/apache/lucene/document/XYShapeDocValues.class DONE
/org/apache/lucene/document/XYShapeDocValues.class starting
/org/apache/lucene/document/XYShapeDocValues.class DONE
/org/bouncycastle/math/ec/custom/gm/SM2P256V1FieldElement.class starting
/org/bouncycastle/math/ec/custom/gm/SM2P256V1FieldElement.class DONE
/org/apache/lucene/document/XYShapeDocValues.class starting
/org/apache/lucene/document/XYShapeDocValues.class DONE
/org/apache/lucene/document/XYShapeDocValues.class starting
/org/apache/lucene/document/XYShapeDocValues.class DONE
/org/bouncycastle/math/ec/custom/gm/SM2P256V1FieldElement.class starting
/org/bouncycastle/math/ec/custom/gm/SM2P256V1FieldElement.class DONE
/org/apache/lucene/document/XYShapeDocValues.class starting
/org/apache/lucene/document/XYShapeDocValues.class DONE
/org/apache/lucene/document/XYShapeDocValues.class starting
/org/bouncycastle/math/ec/custom/gm/SM2P256V1FieldElement.class starting
/org/apache/lucene/document/XYShapeDocValues.class DONE
/org/apache/lucene/document/XYShapeDocValues.class starting
/org/bouncycastle/math/ec/custom/gm/SM2P256V1FieldElement.class DONE
/org/bouncycastle/math/ec/custom/gm/SM2P256V1FieldElement.class starting
/org/bouncycastle/math/ec/custom/gm/SM2P256V1FieldElement.class DONE
/org/apache/lucene/document/XYShapeDocValues.class DONE
/org/apache/lucene/document/XYShapeDocValues.class starting
/org/apache/lucene/document/XYShapeDocValues.class DONE
/org/bouncycastle/math/ec/custom/gm/SM2P256V1FieldElement.class starting
/org/bouncycastle/math/ec/custom/gm/SM2P256V1FieldElement.class DONE
/org/apache/lucene/document/XYShapeDocValues.class starting
/org/apache/lucene/document/XYShapeDocValues.class DONE
/org/bouncycastle/math/ec/custom/gm/SM2P256V1FieldElement.class starting
/org/bouncycastle/math/ec/custom/gm/SM2P256V1FieldElement.class DONE
/org/bouncycastle/math/ec/custom/gm/SM2P256V1FieldElement.class starting
/org/bouncycastle/math/ec/custom/gm/SM2P256V1FieldElement.class DONE
/org/apache/lucene/document/XYShapeDocValues.class starting
/org/apache/lucene/document/XYShapeDocValues.class DONE
/org/bouncycastle/math/ec/custom/gm/SM2P256V1FieldElement.class starting
/org/bouncycastle/math/ec/custom/gm/SM2P256V1FieldElement.class DONE
/org/apache/lucene/document/XYShapeDocValues.class starting
/org/apache/lucene/document/XYShapeDocValues.class DONE
/org/bouncycastle/math/ec/custom/gm/SM2P256V1FieldElement.class starting
/org/bouncycastle/math/ec/custom/gm/SM2P256V1FieldElement.class DONE
/org/apache/lucene/document/XYShapeDocValues.class starting
/org/apache/lucene/document/XYShapeDocValues.class DONE
/org/bouncycastle/math/ec/custom/gm/SM2P256V1FieldElement.class starting
/org/bouncycastle/math/ec/custom/gm/SM2P256V1FieldElement.class DONE
/org/apache/lucene/document/XYShapeDocValues.class starting
/org/apache/lucene/document/XYShapeDocValues.class DONE
/org/bouncycastle/math/ec/custom/gm/SM2P256V1FieldElement.class starting
/org/bouncycastle/math/ec/custom/gm/SM2P256V1FieldElement.class DONE
/org/apache/lucene/document/XYShapeDocValues.class starting
/org/apache/lucene/document/XYShapeDocValues.class DONE
/org/apache/lucene/document/XYShapeDocValues.class starting
/org/apache/lucene/document/XYShapeDocValues.class DONE
/org/apache/lucene/document/XYShapeDocValues.class starting
/org/apache/lucene/document/XYShapeDocValues.class DONE
/org/apache/lucene/document/XYShapeDocValues.class starting
/org/apache/lucene/document/XYShapeDocValues.class DONE
/org/apache/lucene/document/XYShapeDocValues.class starting
/org/apache/lucene/document/XYShapeDocValues.class DONE
/org/bouncycastle/math/ec/custom/gm/SM2P256V1FieldElement.class starting
/org/bouncycastle/math/ec/custom/gm/SM2P256V1FieldElement.class DONE
/org/apache/lucene/document/XYShapeDocValues.class starting
/org/apache/lucene/document/XYShapeDocValues.class DONE
/org/bouncycastle/math/ec/custom/gm/SM2P256V1FieldElement.class starting
/org/bouncycastle/math/ec/custom/gm/SM2P256V1FieldElement.class DONE
/org/apache/lucene/document/XYShapeDocValues.class starting
/org/apache/lucene/document/XYShapeDocValues.class DONE
/org/bouncycastle/math/ec/custom/gm/SM2P256V1FieldElement.class starting
/org/bouncycastle/math/ec/custom/gm/SM2P256V1FieldElement.class DONE
/org/apache/lucene/document/XYShapeDocValues.class starting
/org/apache/lucene/document/XYShapeDocValues.class DONE
/org/bouncycastle/math/ec/custom/gm/SM2P256V1FieldElement.class starting
/org/bouncycastle/math/ec/custom/gm/SM2P256V1FieldElement.class DONE
/org/apache/lucene/document/XYShapeDocValues.class starting
/org/apache/lucene/document/XYShapeDocValues.class DONE
/org/bouncycastle/math/ec/custom/gm/SM2P256V1FieldElement.class starting
/org/bouncycastle/math/ec/custom/gm/SM2P256V1FieldElement.class DONE
/org/apache/lucene/document/XYShapeDocValues.class starting
/org/apache/lucene/document/XYShapeDocValues.class DONE
/org/bouncycastle/math/ec/custom/gm/SM2P256V1FieldElement.class starting
/org/bouncycastle/math/ec/custom/gm/SM2P256V1FieldElement.class DONE
/org/apache/lucene/document/XYShapeDocValues.class starting
/org/apache/lucene/document/XYShapeDocValues.class DONE
/org/bouncycastle/math/ec/custom/gm/SM2P256V1FieldElement.class starting
/org/bouncycastle/math/ec/custom/gm/SM2P256V1FieldElement.class DONE
/org/apache/lucene/document/XYShapeDocValues.class starting
/org/apache/lucene/document/XYShapeDocValues.class DONE
/org/bouncycastle/math/ec/custom/gm/SM2P256V1FieldElement.class starting
/org/bouncycastle/math/ec/custom/gm/SM2P256V1FieldElement.class DONE
/org/apache/lucene/document/XYShapeDocValues.class starting
/org/apache/lucene/document/XYShapeDocValues.class DONE
/org/bouncycastle/math/ec/custom/gm/SM2P256V1FieldElement.class starting
/org/bouncycastle/math/ec/custom/gm/SM2P256V1FieldElement.class DONE
/org/apache/lucene/document/XYShapeDocValues.class starting
/org/apache/lucene/document/XYShapeDocValues.class DONE
/org/bouncycastle/math/ec/custom/gm/SM2P256V1FieldElement.class starting
/org/bouncycastle/math/ec/custom/gm/SM2P256V1FieldElement.class DONE
/org/bouncycastle/math/ec/custom/gm/SM2P256V1FieldElement.class starting
/org/bouncycastle/math/ec/custom/gm/SM2P256V1FieldElement.class DONE
/org/apache/lucene/document/XYShapeDocValues.class starting
/org/apache/lucene/document/XYShapeDocValues.class DONE
/org/bouncycastle/math/ec/custom/gm/SM2P256V1FieldElement.class starting
/org/bouncycastle/math/ec/custom/gm/SM2P256V1FieldElement.class DONE
/org/bouncycastle/math/ec/custom/gm/SM2P256V1FieldElement.class starting
/org/bouncycastle/math/ec/custom/gm/SM2P256V1FieldElement.class DONE
/org/apache/lucene/document/XYShapeDocValues.class starting
/org/apache/lucene/document/XYShapeDocValues.class DONE
/org/bouncycastle/math/ec/custom/gm/SM2P256V1FieldElement.class starting
/org/bouncycastle/math/ec/custom/gm/SM2P256V1FieldElement.class DONE
/org/apache/lucene/document/XYShapeDocValues.class starting
/org/apache/lucene/document/XYShapeDocValues.class DONE
/org/apache/lucene/document/XYShapeDocValues.class starting
/org/apache/lucene/document/XYShapeDocValues.class DONE
/org/apache/lucene/document/XYShapeDocValues.class starting
/org/apache/lucene/document/XYShapeDocValues.class DONE
/org/bouncycastle/math/ec/custom/gm/SM2P256V1FieldElement.class starting
/org/bouncycastle/math/ec/custom/gm/SM2P256V1FieldElement.class DONE
/org/apache/lucene/document/XYShapeDocValues.class starting
/org/apache/lucene/document/XYShapeDocValues.class DONE
/org/bouncycastle/math/ec/custom/gm/SM2P256V1FieldElement.class starting
/org/bouncycastle/math/ec/custom/gm/SM2P256V1FieldElement.class DONE
/org/apache/lucene/document/XYShapeDocValues.class starting
/org/bouncycastle/math/ec/custom/gm/SM2P256V1FieldElement.class starting
/org/bouncycastle/math/ec/custom/gm/SM2P256V1FieldElement.class DONE
/org/apache/lucene/document/XYShapeDocValues.class DONE
/org/bouncycastle/math/ec/custom/gm/SM2P256V1FieldElement.class starting
/org/bouncycastle/math/ec/custom/gm/SM2P256V1FieldElement.class DONE
/org/apache/lucene/document/XYShapeDocValues.class starting
/org/apache/lucene/document/XYShapeDocValues.class DONE
/org/apache/lucene/document/XYShapeDocValues.class starting
/org/apache/lucene/document/XYShapeDocValues.class DONE
/org/bouncycastle/math/ec/custom/gm/SM2P256V1FieldElement.class starting
/org/bouncycastle/math/ec/custom/gm/SM2P256V1FieldElement.class DONE
/org/apache/lucene/document/XYShapeDocValues.class starting
/org/apache/lucene/document/XYShapeDocValues.class DONE
/org/bouncycastle/math/ec/custom/gm/SM2P256V1FieldElement.class starting
/org/bouncycastle/math/ec/custom/gm/SM2P256V1FieldElement.class DONE
/org/apache/lucene/document/XYShapeDocValues.class starting
/org/apache/lucene/document/XYShapeDocValues.class DONE
/org/bouncycastle/math/ec/custom/gm/SM2P256V1FieldElement.class starting
/org/bouncycastle/math/ec/custom/gm/SM2P256V1FieldElement.class DONE
/org/apache/lucene/document/XYShapeDocValues.class starting
/org/apache/lucene/document/XYShapeDocValues.class DONE
/org/bouncycastle/math/ec/custom/gm/SM2P256V1FieldElement.class starting
/org/bouncycastle/math/ec/custom/gm/SM2P256V1FieldElement.class DONE
/org/apache/lucene/document/XYShapeDocValues.class starting
/org/apache/lucene/document/XYShapeDocValues.class DONE
/org/bouncycastle/math/ec/custom/gm/SM2P256V1FieldElement.class starting
/org/bouncycastle/math/ec/custom/gm/SM2P256V1FieldElement.class DONE
/org/apache/lucene/document/XYShapeDocValues.class starting
/org/apache/lucene/document/XYShapeDocValues.class DONE
/org/bouncycastle/math/ec/custom/gm/SM2P256V1FieldElement.class starting
/org/bouncycastle/math/ec/custom/gm/SM2P256V1FieldElement.class DONE
/org/apache/lucene/document/XYShapeDocValues.class starting
/org/apache/lucene/document/XYShapeDocValues.class DONE
/org/bouncycastle/math/ec/custom/gm/SM2P256V1FieldElement.class starting
/org/bouncycastle/math/ec/custom/gm/SM2P256V1FieldElement.class DONE
/org/apache/lucene/document/XYShapeDocValues.class starting
/org/bouncycastle/math/ec/custom/gm/SM2P256V1FieldElement.class starting
/org/apache/lucene/document/XYShapeDocValues.class DONE
/org/bouncycastle/math/ec/custom/gm/SM2P256V1FieldElement.class DONE
/org/bouncycastle/math/ec/custom/gm/SM2P256V1FieldElement.class starting
/org/bouncycastle/math/ec/custom/gm/SM2P256V1FieldElement.class DONE
/org/apache/lucene/document/XYShapeDocValues.class starting
/org/apache/lucene/document/XYShapeDocValues.class DONE
/org/apache/lucene/document/XYShapeDocValues.class starting
/org/apache/lucene/document/XYShapeDocValues.class DONE
/org/bouncycastle/math/ec/custom/gm/SM2P256V1FieldElement.class starting
/org/bouncycastle/math/ec/custom/gm/SM2P256V1FieldElement.class DONE
/org/apache/lucene/document/XYShapeDocValues.class starting
/org/apache/lucene/document/XYShapeDocValues.class DONE
/org/bouncycastle/math/ec/custom/gm/SM2P256V1FieldElement.class starting
/org/bouncycastle/math/ec/custom/gm/SM2P256V1FieldElement.class DONE
/org/apache/lucene/document/XYShapeDocValues.class starting
/org/apache/lucene/document/XYShapeDocValues.class DONE
/org/bouncycastle/math/ec/custom/gm/SM2P256V1FieldElement.class starting
/org/bouncycastle/math/ec/custom/gm/SM2P256V1FieldElement.class DONE
/org/apache/lucene/document/XYShapeDocValues.class starting
/org/apache/lucene/document/XYShapeDocValues.class DONE
/org/bouncycastle/math/ec/custom/gm/SM2P256V1FieldElement.class starting
/org/bouncycastle/math/ec/custom/gm/SM2P256V1FieldElement.class DONE
/org/apache/lucene/document/XYShapeDocValues.class starting
/org/apache/lucene/document/XYShapeDocValues.class DONE
/org/apache/lucene/document/XYShapeDocValues.class starting
/org/apache/lucene/document/XYShapeDocValues.class DONE
/org/bouncycastle/math/ec/custom/gm/SM2P256V1FieldElement.class starting
/org/bouncycastle/math/ec/custom/gm/SM2P256V1FieldElement.class DONE
/org/apache/lucene/document/XYShapeDocValues.class starting
/org/apache/lucene/document/XYShapeDocValues.class DONE
/org/bouncycastle/math/ec/custom/gm/SM2P256V1FieldElement.class starting
/org/bouncycastle/math/ec/custom/gm/SM2P256V1FieldElement.class DONE
/org/apache/lucene/document/XYShapeDocValues.class starting
/org/apache/lucene/document/XYShapeDocValues.class DONE
/org/bouncycastle/math/ec/custom/gm/SM2P256V1FieldElement.class starting
/org/bouncycastle/math/ec/custom/gm/SM2P256V1FieldElement.class DONE
/org/apache/lucene/document/XYShapeDocValues.class starting
/org/apache/lucene/document/XYShapeDocValues.class DONE
/org/bouncycastle/math/ec/custom/gm/SM2P256V1FieldElement.class starting
/org/bouncycastle/math/ec/custom/gm/SM2P256V1FieldElement.class DONE
/org/apache/lucene/document/XYShapeDocValues.class starting
/org/apache/lucene/document/XYShapeDocValues.class DONE
/org/bouncycastle/math/ec/custom/gm/SM2P256V1FieldElement.class starting
/org/bouncycastle/math/ec/custom/gm/SM2P256V1FieldElement.class DONE
/org/apache/lucene/document/XYShapeDocValues.class starting
/org/apache/lucene/document/XYShapeDocValues.class DONE
/org/bouncycastle/math/ec/custom/gm/SM2P256V1FieldElement.class starting
/org/bouncycastle/math/ec/custom/gm/SM2P256V1FieldElement.class DONE
/org/apache/lucene/document/XYShapeDocValues.class starting
/org/apache/lucene/document/XYShapeDocValues.class DONE
/org/bouncycastle/math/ec/custom/gm/SM2P256V1FieldElement.class starting
/org/bouncycastle/math/ec/custom/gm/SM2P256V1FieldElement.class DONE
/org/apache/lucene/document/XYShapeDocValues.class starting
/org/apache/lucene/document/XYShapeDocValues.class DONE
/org/bouncycastle/math/ec/custom/gm/SM2P256V1FieldElement.class starting
/org/bouncycastle/math/ec/custom/gm/SM2P256V1FieldElement.class DONE
/org/apache/lucene/document/XYShapeDocValues.class starting
/org/apache/lucene/document/XYShapeDocValues.class DONE
/org/bouncycastle/math/ec/custom/gm/SM2P256V1FieldElement.class starting
/org/bouncycastle/math/ec/custom/gm/SM2P256V1FieldElement.class DONE
/org/apache/lucene/document/XYShapeDocValues.class starting
/org/apache/lucene/document/XYShapeDocValues.class DONE
/org/bouncycastle/math/ec/custom/gm/SM2P256V1FieldElement.class starting
/org/bouncycastle/math/ec/custom/gm/SM2P256V1FieldElement.class DONE
/org/apache/lucene/document/XYShapeDocValues.class starting
/org/apache/lucene/document/XYShapeDocValues.class DONE
/org/bouncycastle/math/ec/custom/gm/SM2P256V1FieldElement.class starting
/org/bouncycastle/math/ec/custom/gm/SM2P256V1FieldElement.class DONE
/org/apache/lucene/document/XYShapeDocValues.class starting
/org/apache/lucene/document/XYShapeDocValues.class DONE
/org/bouncycastle/math/ec/custom/gm/SM2P256V1FieldElement.class starting
/org/bouncycastle/math/ec/custom/gm/SM2P256V1FieldElement.class DONE
/org/apache/lucene/document/XYShapeDocValues.class starting
/org/apache/lucene/document/XYShapeDocValues.class DONE
/org/bouncycastle/math/ec/custom/gm/SM2P256V1FieldElement.class starting
/org/bouncycastle/math/ec/custom/gm/SM2P256V1FieldElement.class DONE
/org/apache/lucene/document/XYShapeDocValues.class starting
/org/apache/lucene/document/XYShapeDocValues.class DONE
/org/bouncycastle/math/ec/custom/gm/SM2P256V1FieldElement.class starting
/org/bouncycastle/math/ec/custom/gm/SM2P256V1FieldElement.class DONE
/org/apache/lucene/document/XYShapeDocValues.class starting
/org/apache/lucene/document/XYShapeDocValues.class DONE
/org/bouncycastle/math/ec/custom/gm/SM2P256V1FieldElement.class starting
/org/bouncycastle/math/ec/custom/gm/SM2P256V1FieldElement.class DONE
/org/apache/lucene/document/XYShapeDocValues.class starting
/org/apache/lucene/document/XYShapeDocValues.class DONE
/org/bouncycastle/math/ec/custom/gm/SM2P256V1FieldElement.class starting
/org/bouncycastle/math/ec/custom/gm/SM2P256V1FieldElement.class DONE
/org/apache/lucene/document/XYShapeDocValues.class starting
/org/apache/lucene/document/XYShapeDocValues.class DONE
/org/bouncycastle/math/ec/custom/gm/SM2P256V1FieldElement.class starting
/org/bouncycastle/math/ec/custom/gm/SM2P256V1FieldElement.class DONE
/org/apache/lucene/document/XYShapeDocValues.class starting
/org/apache/lucene/document/XYShapeDocValues.class DONE
/org/bouncycastle/math/ec/custom/gm/SM2P256V1FieldElement.class starting
/org/bouncycastle/math/ec/custom/gm/SM2P256V1FieldElement.class DONE
/org/apache/lucene/document/XYShapeDocValues.class starting
/org/apache/lucene/document/XYShapeDocValues.class DONE
/org/bouncycastle/math/ec/custom/gm/SM2P256V1FieldElement.class starting
/org/bouncycastle/math/ec/custom/gm/SM2P256V1FieldElement.class DONE
/org/bouncycastle/math/ec/custom/gm/SM2P256V1FieldElement.class starting
/org/bouncycastle/math/ec/custom/gm/SM2P256V1FieldElement.class DONE
/org/bouncycastle/math/ec/custom/gm/SM2P256V1FieldElement.class starting
/org/bouncycastle/math/ec/custom/gm/SM2P256V1FieldElement.class DONE
/org/apache/lucene/document/XYShapeDocValues.class starting
/org/apache/lucene/document/XYShapeDocValues.class DONE
/org/apache/lucene/document/XYShapeDocValues.class starting
/org/apache/lucene/document/XYShapeDocValues.class DONE
/org/apache/lucene/document/XYShapeDocValues.class starting
/org/apache/lucene/document/XYShapeDocValues.class DONE
/org/bouncycastle/math/ec/custom/gm/SM2P256V1FieldElement.class starting
/org/bouncycastle/math/ec/custom/gm/SM2P256V1FieldElement.class DONE
/org/apache/lucene/document/XYShapeDocValues.class starting
/org/apache/lucene/document/XYShapeDocValues.class DONE
/org/bouncycastle/math/ec/custom/gm/SM2P256V1FieldElement.class starting
/org/bouncycastle/math/ec/custom/gm/SM2P256V1FieldElement.class DONE
/org/bouncycastle/math/ec/custom/gm/SM2P256V1FieldElement.class starting
/org/bouncycastle/math/ec/custom/gm/SM2P256V1FieldElement.class DONE
/org/bouncycastle/math/ec/custom/gm/SM2P256V1FieldElement.class starting
/org/bouncycastle/math/ec/custom/gm/SM2P256V1FieldElement.class DONE
/org/apache/lucene/document/XYShapeDocValues.class starting
/org/apache/lucene/document/XYShapeDocValues.class DONE
/org/bouncycastle/math/ec/custom/gm/SM2P256V1FieldElement.class starting
/org/bouncycastle/math/ec/custom/gm/SM2P256V1FieldElement.class DONE
/org/apache/lucene/document/XYShapeDocValues.class starting
/org/apache/lucene/document/XYShapeDocValues.class DONE
/org/bouncycastle/math/ec/custom/gm/SM2P256V1FieldElement.class starting
/org/bouncycastle/math/ec/custom/gm/SM2P256V1FieldElement.class DONE
/org/apache/lucene/document/XYShapeDocValues.class starting
/org/apache/lucene/document/XYShapeDocValues.class DONE
/org/bouncycastle/math/ec/custom/gm/SM2P256V1FieldElement.class starting
/org/bouncycastle/math/ec/custom/gm/SM2P256V1FieldElement.class DONE
/org/apache/lucene/document/XYShapeDocValues.class starting
/org/apache/lucene/document/XYShapeDocValues.class DONE
/org/bouncycastle/math/ec/custom/gm/SM2P256V1FieldElement.class starting
/org/bouncycastle/math/ec/custom/gm/SM2P256V1FieldElement.class DONE
/org/apache/lucene/document/XYShapeDocValues.class starting
/org/apache/lucene/document/XYShapeDocValues.class DONE
/org/bouncycastle/math/ec/custom/gm/SM2P256V1FieldElement.class starting
/org/bouncycastle/math/ec/custom/gm/SM2P256V1FieldElement.class DONE
/org/bouncycastle/math/ec/custom/gm/SM2P256V1FieldElement.class starting
/org/bouncycastle/math/ec/custom/gm/SM2P256V1FieldElement.class DONE
/org/bouncycastle/math/ec/custom/gm/SM2P256V1FieldElement.class starting
/org/bouncycastle/math/ec/custom/gm/SM2P256V1FieldElement.class DONE
/org/apache/lucene/document/XYShapeDocValues.class starting
/org/apache/lucene/document/XYShapeDocValues.class DONE
/org/bouncycastle/math/ec/custom/gm/SM2P256V1FieldElement.class starting
/org/bouncycastle/math/ec/custom/gm/SM2P256V1FieldElement.class DONE
/org/apache/lucene/document/XYShapeDocValues.class starting
/org/apache/lucene/document/XYShapeDocValues.class DONE
/org/bouncycastle/math/ec/custom/gm/SM2P256V1FieldElement.class starting
/org/bouncycastle/math/ec/custom/gm/SM2P256V1FieldElement.class DONE
/org/apache/lucene/document/XYShapeDocValues.class starting
/org/apache/lucene/document/XYShapeDocValues.class DONE
/org/bouncycastle/math/ec/custom/gm/SM2P256V1FieldElement.class starting
/org/bouncycastle/math/ec/custom/gm/SM2P256V1FieldElement.class DONE
/org/apache/lucene/document/XYShapeDocValues.class starting
/org/apache/lucene/document/XYShapeDocValues.class DONE
/org/bouncycastle/math/ec/custom/gm/SM2P256V1FieldElement.class starting
/org/bouncycastle/math/ec/custom/gm/SM2P256V1FieldElement.class DONE
/org/apache/lucene/document/XYShapeDocValues.class starting
/org/apache/lucene/document/XYShapeDocValues.class DONE
/org/bouncycastle/math/ec/custom/gm/SM2P256V1FieldElement.class starting
/org/bouncycastle/math/ec/custom/gm/SM2P256V1FieldElement.class DONE
/org/apache/lucene/document/XYShapeDocValues.class starting
/org/apache/lucene/document/XYShapeDocValues.class DONE
/org/apache/lucene/document/XYShapeDocValues.class starting
/org/apache/lucene/document/XYShapeDocValues.class DONE
/org/apache/lucene/document/XYShapeDocValues.class starting
/org/apache/lucene/document/XYShapeDocValues.class DONE
/org/bouncycastle/math/ec/custom/gm/SM2P256V1FieldElement.class starting
/org/bouncycastle/math/ec/custom/gm/SM2P256V1FieldElement.class DONE
/org/bouncycastle/math/ec/custom/gm/SM2P256V1FieldElement.class starting
/org/bouncycastle/math/ec/custom/gm/SM2P256V1FieldElement.class DONE
/org/apache/lucene/document/XYShapeDocValues.class starting
/org/apache/lucene/document/XYShapeDocValues.class DONE
/org/apache/lucene/document/XYShapeDocValues.class starting
/org/apache/lucene/document/XYShapeDocValues.class DONE
/org/bouncycastle/math/ec/custom/gm/SM2P256V1FieldElement.class starting
/org/bouncycastle/math/ec/custom/gm/SM2P256V1FieldElement.class DONE
/org/bouncycastle/math/ec/custom/gm/SM2P256V1FieldElement.class starting
/org/bouncycastle/math/ec/custom/gm/SM2P256V1FieldElement.class DONE
/org/apache/lucene/document/XYShapeDocValues.class starting
/org/apache/lucene/document/XYShapeDocValues.class DONE
/org/bouncycastle/math/ec/custom/gm/SM2P256V1FieldElement.class starting
/org/bouncycastle/math/ec/custom/gm/SM2P256V1FieldElement.class DONE
/org/apache/lucene/document/XYShapeDocValues.class starting
/org/apache/lucene/document/XYShapeDocValues.class DONE
/org/bouncycastle/math/ec/custom/gm/SM2P256V1FieldElement.class starting
/org/bouncycastle/math/ec/custom/gm/SM2P256V1FieldElement.class DONE
/org/apache/lucene/document/XYShapeDocValues.class starting
/org/apache/lucene/document/XYShapeDocValues.class DONE
/org/bouncycastle/math/ec/custom/gm/SM2P256V1FieldElement.class starting
/org/bouncycastle/math/ec/custom/gm/SM2P256V1FieldElement.class DONE
/org/apache/lucene/document/XYShapeDocValues.class starting
/org/apache/lucene/document/XYShapeDocValues.class DONE
/org/bouncycastle/math/ec/custom/gm/SM2P256V1FieldElement.class starting
/org/apache/lucene/document/XYShapeDocValues.class starting
/org/apache/lucene/document/XYShapeDocValues.class DONE
/org/bouncycastle/math/ec/custom/gm/SM2P256V1FieldElement.class DONE
/org/bouncycastle/math/ec/custom/gm/SM2P256V1FieldElement.class starting
/org/bouncycastle/math/ec/custom/gm/SM2P256V1FieldElement.class DONE
/org/apache/lucene/document/XYShapeDocValues.class starting
/org/apache/lucene/document/XYShapeDocValues.class DONE
/org/bouncycastle/math/ec/custom/gm/SM2P256V1FieldElement.class starting
/org/bouncycastle/math/ec/custom/gm/SM2P256V1FieldElement.class DONE
/org/apache/lucene/document/XYShapeDocValues.class starting
/org/apache/lucene/document/XYShapeDocValues.class DONE
/org/bouncycastle/math/ec/custom/gm/SM2P256V1FieldElement.class starting
/org/bouncycastle/math/ec/custom/gm/SM2P256V1FieldElement.class DONE
/org/apache/lucene/document/XYShapeDocValues.class starting
/org/apache/lucene/document/XYShapeDocValues.class DONE
/org/bouncycastle/math/ec/custom/gm/SM2P256V1FieldElement.class starting
/org/bouncycastle/math/ec/custom/gm/SM2P256V1FieldElement.class DONE
/org/bouncycastle/math/ec/custom/gm/SM2P256V1FieldElement.class starting
/org/bouncycastle/math/ec/custom/gm/SM2P256V1FieldElement.class DONE
/org/apache/lucene/document/XYShapeDocValues.class starting
/org/apache/lucene/document/XYShapeDocValues.class DONE
/org/bouncycastle/math/ec/custom/gm/SM2P256V1FieldElement.class starting
/org/bouncycastle/math/ec/custom/gm/SM2P256V1FieldElement.class DONE
/org/bouncycastle/math/ec/custom/gm/SM2P256V1FieldElement.class starting
/org/bouncycastle/math/ec/custom/gm/SM2P256V1FieldElement.class DONE
/org/apache/lucene/document/XYShapeDocValues.class starting
/org/apache/lucene/document/XYShapeDocValues.class DONE
/org/bouncycastle/math/ec/custom/gm/SM2P256V1FieldElement.class starting
/org/bouncycastle/math/ec/custom/gm/SM2P256V1FieldElement.class DONE
/org/apache/lucene/document/XYShapeDocValues.class starting
/org/apache/lucene/document/XYShapeDocValues.class DONE
/org/bouncycastle/math/ec/custom/gm/SM2P256V1FieldElement.class starting
/org/bouncycastle/math/ec/custom/gm/SM2P256V1FieldElement.class DONE
/org/apache/lucene/document/XYShapeDocValues.class starting
/org/apache/lucene/document/XYShapeDocValues.class DONE
/org/bouncycastle/math/ec/custom/gm/SM2P256V1FieldElement.class starting
/org/bouncycastle/math/ec/custom/gm/SM2P256V1FieldElement.class DONE
/org/apache/lucene/document/XYShapeDocValues.class starting
/org/apache/lucene/document/XYShapeDocValues.class DONE
/org/bouncycastle/math/ec/custom/gm/SM2P256V1FieldElement.class starting
/org/bouncycastle/math/ec/custom/gm/SM2P256V1FieldElement.class DONE
/org/apache/lucene/document/XYShapeDocValues.class starting
/org/apache/lucene/document/XYShapeDocValues.class DONE
/org/bouncycastle/math/ec/custom/gm/SM2P256V1FieldElement.class starting
/org/bouncycastle/math/ec/custom/gm/SM2P256V1FieldElement.class DONE
/org/apache/lucene/document/XYShapeDocValues.class starting
/org/apache/lucene/document/XYShapeDocValues.class DONE
/org/bouncycastle/math/ec/custom/gm/SM2P256V1FieldElement.class starting
/org/bouncycastle/math/ec/custom/gm/SM2P256V1FieldElement.class DONE
/org/apache/lucene/document/XYShapeDocValues.class starting
/org/apache/lucene/document/XYShapeDocValues.class DONE
/org/bouncycastle/math/ec/custom/gm/SM2P256V1FieldElement.class starting
/org/bouncycastle/math/ec/custom/gm/SM2P256V1FieldElement.class DONE
/org/bouncycastle/math/ec/custom/gm/SM2P256V1FieldElement.class starting
/org/bouncycastle/math/ec/custom/gm/SM2P256V1FieldElement.class DONE
/org/apache/lucene/document/XYShapeDocValues.class starting
/org/apache/lucene/document/XYShapeDocValues.class DONE
/org/bouncycastle/math/ec/custom/gm/SM2P256V1FieldElement.class starting
/org/bouncycastle/math/ec/custom/gm/SM2P256V1FieldElement.class DONE
/org/apache/lucene/document/XYShapeDocValues.class starting
/org/apache/lucene/document/XYShapeDocValues.class DONE
/org/bouncycastle/math/ec/custom/gm/SM2P256V1FieldElement.class starting
/org/bouncycastle/math/ec/custom/gm/SM2P256V1FieldElement.class DONE
/org/apache/lucene/document/XYShapeDocValues.class starting
/org/apache/lucene/document/XYShapeDocValues.class DONE
/org/bouncycastle/math/ec/custom/gm/SM2P256V1FieldElement.class starting
/org/bouncycastle/math/ec/custom/gm/SM2P256V1FieldElement.class DONE
/org/apache/lucene/document/XYShapeDocValues.class starting
/org/apache/lucene/document/XYShapeDocValues.class DONE
/org/bouncycastle/math/ec/custom/gm/SM2P256V1FieldElement.class starting
/org/bouncycastle/math/ec/custom/gm/SM2P256V1FieldElement.class DONE
/org/apache/lucene/document/XYShapeDocValues.class starting
/org/apache/lucene/document/XYShapeDocValues.class DONE
/org/bouncycastle/math/ec/custom/gm/SM2P256V1FieldElement.class starting
/org/bouncycastle/math/ec/custom/gm/SM2P256V1FieldElement.class DONE
/org/apache/lucene/document/XYShapeDocValues.class starting
/org/apache/lucene/document/XYShapeDocValues.class DONE
/org/bouncycastle/math/ec/custom/gm/SM2P256V1FieldElement.class starting
/org/bouncycastle/math/ec/custom/gm/SM2P256V1FieldElement.class DONE
/org/apache/lucene/document/XYShapeDocValues.class starting
/org/apache/lucene/document/XYShapeDocValues.class DONE
/org/bouncycastle/math/ec/custom/gm/SM2P256V1FieldElement.class starting
/org/bouncycastle/math/ec/custom/gm/SM2P256V1FieldElement.class DONE
/org/bouncycastle/math/ec/custom/gm/SM2P256V1FieldElement.class starting
/org/bouncycastle/math/ec/custom/gm/SM2P256V1FieldElement.class DONE
/org/apache/lucene/document/XYShapeDocValues.class starting
/org/apache/lucene/document/XYShapeDocValues.class DONE
/org/bouncycastle/math/ec/custom/gm/SM2P256V1FieldElement.class starting
/org/bouncycastle/math/ec/custom/gm/SM2P256V1FieldElement.class DONE
/org/apache/lucene/document/XYShapeDocValues.class starting
/org/apache/lucene/document/XYShapeDocValues.class DONE
/org/bouncycastle/math/ec/custom/gm/SM2P256V1FieldElement.class starting
/org/apache/lucene/document/XYShapeDocValues.class starting
/org/bouncycastle/math/ec/custom/gm/SM2P256V1FieldElement.class DONE
/org/bouncycastle/math/ec/custom/gm/SM2P256V1FieldElement.class starting
/org/bouncycastle/math/ec/custom/gm/SM2P256V1FieldElement.class DONE
/org/apache/lucene/document/XYShapeDocValues.class DONE
/org/apache/lucene/document/XYShapeDocValues.class starting
/org/apache/lucene/document/XYShapeDocValues.class DONE
/org/bouncycastle/math/ec/custom/gm/SM2P256V1FieldElement.class starting
/org/bouncycastle/math/ec/custom/gm/SM2P256V1FieldElement.class DONE
/org/apache/lucene/document/XYShapeDocValues.class starting
/org/apache/lucene/document/XYShapeDocValues.class DONE
/org/bouncycastle/math/ec/custom/gm/SM2P256V1FieldElement.class starting
/org/bouncycastle/math/ec/custom/gm/SM2P256V1FieldElement.class DONE
/org/apache/lucene/document/XYShapeDocValues.class starting
/org/apache/lucene/document/XYShapeDocValues.class DONE
/org/bouncycastle/math/ec/custom/gm/SM2P256V1FieldElement.class starting
/org/bouncycastle/math/ec/custom/gm/SM2P256V1FieldElement.class DONE
/org/bouncycastle/math/ec/custom/gm/SM2P256V1FieldElement.class starting
/org/bouncycastle/math/ec/custom/gm/SM2P256V1FieldElement.class DONE
/org/bouncycastle/math/ec/custom/gm/SM2P256V1FieldElement.class starting
/org/bouncycastle/math/ec/custom/gm/SM2P256V1FieldElement.class DONE
/org/bouncycastle/math/ec/custom/gm/SM2P256V1FieldElement.class starting
/org/bouncycastle/math/ec/custom/gm/SM2P256V1FieldElement.class DONE
/org/apache/lucene/document/XYShapeDocValues.class starting
/org/apache/lucene/document/XYShapeDocValues.class DONE
/org/apache/lucene/document/XYShapeDocValues.class starting
/org/apache/lucene/document/XYShapeDocValues.class DONE
/org/bouncycastle/math/ec/custom/gm/SM2P256V1FieldElement.class starting
/org/bouncycastle/math/ec/custom/gm/SM2P256V1FieldElement.class DONE
/org/apache/lucene/document/XYShapeDocValues.class starting
/org/apache/lucene/document/XYShapeDocValues.class DONE
/org/bouncycastle/math/ec/custom/gm/SM2P256V1FieldElement.class starting
/org/bouncycastle/math/ec/custom/gm/SM2P256V1FieldElement.class DONE
/org/apache/lucene/document/XYShapeDocValues.class starting
/org/apache/lucene/document/XYShapeDocValues.class DONE
/org/apache/lucene/document/XYShapeDocValues.class starting
/org/apache/lucene/document/XYShapeDocValues.class DONE
/org/bouncycastle/math/ec/custom/gm/SM2P256V1FieldElement.class starting
/org/bouncycastle/math/ec/custom/gm/SM2P256V1FieldElement.class DONE
/org/apache/lucene/document/XYShapeDocValues.class starting
/org/apache/lucene/document/XYShapeDocValues.class DONE
/org/bouncycastle/math/ec/custom/gm/SM2P256V1FieldElement.class starting
/org/bouncycastle/math/ec/custom/gm/SM2P256V1FieldElement.class DONE
/org/apache/lucene/document/XYShapeDocValues.class starting
/org/apache/lucene/document/XYShapeDocValues.class DONE
/org/bouncycastle/math/ec/custom/gm/SM2P256V1FieldElement.class starting
/org/bouncycastle/math/ec/custom/gm/SM2P256V1FieldElement.class DONE
/org/apache/lucene/document/XYShapeDocValues.class starting
/org/apache/lucene/document/XYShapeDocValues.class DONE
/org/bouncycastle/math/ec/custom/gm/SM2P256V1FieldElement.class starting
/org/bouncycastle/math/ec/custom/gm/SM2P256V1FieldElement.class DONE
/org/bouncycastle/math/ec/custom/gm/SM2P256V1FieldElement.class starting
/org/bouncycastle/math/ec/custom/gm/SM2P256V1FieldElement.class DONE
/org/apache/lucene/document/XYShapeDocValues.class starting
/org/apache/lucene/document/XYShapeDocValues.class DONE
/org/bouncycastle/math/ec/custom/gm/SM2P256V1FieldElement.class starting
/org/bouncycastle/math/ec/custom/gm/SM2P256V1FieldElement.class DONE
/org/apache/lucene/document/XYShapeDocValues.class starting
/org/apache/lucene/document/XYShapeDocValues.class DONE
/org/bouncycastle/math/ec/custom/gm/SM2P256V1FieldElement.class starting
/org/bouncycastle/math/ec/custom/gm/SM2P256V1FieldElement.class DONE
/org/apache/lucene/document/XYShapeDocValues.class starting
/org/apache/lucene/document/XYShapeDocValues.class DONE
/org/bouncycastle/math/ec/custom/gm/SM2P256V1FieldElement.class starting
/org/bouncycastle/math/ec/custom/gm/SM2P256V1FieldElement.class DONE
/org/apache/lucene/document/XYShapeDocValues.class starting
/org/apache/lucene/document/XYShapeDocValues.class DONE
/org/bouncycastle/math/ec/custom/gm/SM2P256V1FieldElement.class starting
/org/bouncycastle/math/ec/custom/gm/SM2P256V1FieldElement.class DONE
/org/apache/lucene/document/XYShapeDocValues.class starting
/org/apache/lucene/document/XYShapeDocValues.class DONE
/org/bouncycastle/math/ec/custom/gm/SM2P256V1FieldElement.class starting
/org/bouncycastle/math/ec/custom/gm/SM2P256V1FieldElement.class DONE
/org/bouncycastle/math/ec/custom/gm/SM2P256V1FieldElement.class starting
/org/bouncycastle/math/ec/custom/gm/SM2P256V1FieldElement.class DONE
/org/apache/lucene/document/XYShapeDocValues.class starting
/org/apache/lucene/document/XYShapeDocValues.class DONE
/org/bouncycastle/math/ec/custom/gm/SM2P256V1FieldElement.class starting
/org/bouncycastle/math/ec/custom/gm/SM2P256V1FieldElement.class DONE
/org/apache/lucene/document/XYShapeDocValues.class starting
/org/apache/lucene/document/XYShapeDocValues.class DONE
/org/bouncycastle/math/ec/custom/gm/SM2P256V1FieldElement.class starting
/org/bouncycastle/math/ec/custom/gm/SM2P256V1FieldElement.class DONE
/org/apache/lucene/document/XYShapeDocValues.class starting
/org/apache/lucene/document/XYShapeDocValues.class DONE
/org/bouncycastle/math/ec/custom/gm/SM2P256V1FieldElement.class starting
/org/bouncycastle/math/ec/custom/gm/SM2P256V1FieldElement.class DONE
/org/bouncycastle/math/ec/custom/gm/SM2P256V1FieldElement.class starting
/org/apache/lucene/document/XYShapeDocValues.class starting
/org/bouncycastle/math/ec/custom/gm/SM2P256V1FieldElement.class DONE
/org/bouncycastle/math/ec/custom/gm/SM2P256V1FieldElement.class starting
/org/bouncycastle/math/ec/custom/gm/SM2P256V1FieldElement.class DONE
/org/apache/lucene/document/XYShapeDocValues.class DONE
/org/apache/lucene/document/XYShapeDocValues.class starting
/org/apache/lucene/document/XYShapeDocValues.class DONE
/org/bouncycastle/math/ec/custom/gm/SM2P256V1FieldElement.class starting
/org/bouncycastle/math/ec/custom/gm/SM2P256V1FieldElement.class DONE
/org/apache/lucene/document/XYShapeDocValues.class starting
/org/apache/lucene/document/XYShapeDocValues.class DONE
/org/bouncycastle/math/ec/custom/gm/SM2P256V1FieldElement.class starting
/org/bouncycastle/math/ec/custom/gm/SM2P256V1FieldElement.class DONE
/org/bouncycastle/math/ec/custom/gm/SM2P256V1FieldElement.class starting
/org/bouncycastle/math/ec/custom/gm/SM2P256V1FieldElement.class DONE
/org/apache/lucene/document/XYShapeDocValues.class starting
/org/apache/lucene/document/XYShapeDocValues.class DONE
/org/bouncycastle/math/ec/custom/gm/SM2P256V1FieldElement.class starting
/org/bouncycastle/math/ec/custom/gm/SM2P256V1FieldElement.class DONE
/org/apache/lucene/document/XYShapeDocValues.class starting
/org/apache/lucene/document/XYShapeDocValues.class DONE
/org/bouncycastle/math/ec/custom/gm/SM2P256V1FieldElement.class starting
/org/bouncycastle/math/ec/custom/gm/SM2P256V1FieldElement.class DONE
/org/apache/lucene/document/XYShapeDocValues.class starting
/org/apache/lucene/document/XYShapeDocValues.class DONE
/org/bouncycastle/math/ec/custom/gm/SM2P256V1FieldElement.class starting
/org/bouncycastle/math/ec/custom/gm/SM2P256V1FieldElement.class DONE
/org/apache/lucene/document/XYShapeDocValues.class starting
/org/apache/lucene/document/XYShapeDocValues.class DONE
/org/apache/lucene/document/XYShapeDocValues.class starting
/org/apache/lucene/document/XYShapeDocValues.class DONE
/org/apache/lucene/document/XYShapeDocValues.class starting
/org/apache/lucene/document/XYShapeDocValues.class DONE
/org/bouncycastle/math/ec/custom/gm/SM2P256V1FieldElement.class starting
/org/bouncycastle/math/ec/custom/gm/SM2P256V1FieldElement.class DONE
/org/bouncycastle/math/ec/custom/gm/SM2P256V1FieldElement.class starting
/org/bouncycastle/math/ec/custom/gm/SM2P256V1FieldElement.class DONE
/org/apache/lucene/document/XYShapeDocValues.class starting
/org/apache/lucene/document/XYShapeDocValues.class DONE
/org/bouncycastle/math/ec/custom/gm/SM2P256V1FieldElement.class starting
/org/bouncycastle/math/ec/custom/gm/SM2P256V1FieldElement.class DONE
/org/apache/lucene/document/XYShapeDocValues.class starting
/org/apache/lucene/document/XYShapeDocValues.class DONE
/org/bouncycastle/math/ec/custom/gm/SM2P256V1FieldElement.class starting
/org/bouncycastle/math/ec/custom/gm/SM2P256V1FieldElement.class DONE
/org/apache/lucene/document/XYShapeDocValues.class starting
/org/apache/lucene/document/XYShapeDocValues.class DONE
/org/bouncycastle/math/ec/custom/gm/SM2P256V1FieldElement.class starting
/org/bouncycastle/math/ec/custom/gm/SM2P256V1FieldElement.class DONE
/org/apache/lucene/document/XYShapeDocValues.class starting
/org/apache/lucene/document/XYShapeDocValues.class DONE
/org/bouncycastle/math/ec/custom/gm/SM2P256V1FieldElement.class starting
/org/bouncycastle/math/ec/custom/gm/SM2P256V1FieldElement.class DONE
/org/apache/lucene/document/XYShapeDocValues.class starting
/org/apache/lucene/document/XYShapeDocValues.class DONE
/org/bouncycastle/math/ec/custom/gm/SM2P256V1FieldElement.class starting
/org/bouncycastle/math/ec/custom/gm/SM2P256V1FieldElement.class DONE
/org/apache/lucene/document/XYShapeDocValues.class starting
/org/apache/lucene/document/XYShapeDocValues.class DONE
/org/bouncycastle/math/ec/custom/gm/SM2P256V1FieldElement.class starting
/org/bouncycastle/math/ec/custom/gm/SM2P256V1FieldElement.class DONE
/org/apache/lucene/document/XYShapeDocValues.class starting
/org/apache/lucene/document/XYShapeDocValues.class DONE
/org/bouncycastle/math/ec/custom/gm/SM2P256V1FieldElement.class starting
/org/bouncycastle/math/ec/custom/gm/SM2P256V1FieldElement.class DONE
/org/bouncycastle/math/ec/custom/gm/SM2P256V1FieldElement.class starting
/org/bouncycastle/math/ec/custom/gm/SM2P256V1FieldElement.class DONE
/org/apache/lucene/document/XYShapeDocValues.class starting
/org/apache/lucene/document/XYShapeDocValues.class DONE
/org/bouncycastle/math/ec/custom/gm/SM2P256V1FieldElement.class starting
/org/bouncycastle/math/ec/custom/gm/SM2P256V1FieldElement.class DONE
/org/apache/lucene/document/XYShapeDocValues.class starting
/org/apache/lucene/document/XYShapeDocValues.class DONE
/org/apache/lucene/document/XYShapeDocValues.class starting
/org/apache/lucene/document/XYShapeDocValues.class DONE
/org/apache/lucene/document/XYShapeDocValues.class starting
/org/apache/lucene/document/XYShapeDocValues.class DONE
/org/bouncycastle/math/ec/custom/gm/SM2P256V1FieldElement.class starting
/org/bouncycastle/math/ec/custom/gm/SM2P256V1FieldElement.class DONE
/org/apache/lucene/document/XYShapeDocValues.class starting
/org/apache/lucene/document/XYShapeDocValues.class DONE
/org/bouncycastle/math/ec/custom/gm/SM2P256V1FieldElement.class starting
/org/bouncycastle/math/ec/custom/gm/SM2P256V1FieldElement.class DONE
/org/bouncycastle/math/ec/custom/gm/SM2P256V1FieldElement.class starting
/org/bouncycastle/math/ec/custom/gm/SM2P256V1FieldElement.class DONE
/org/apache/lucene/document/XYShapeDocValues.class starting
/org/apache/lucene/document/XYShapeDocValues.class DONE
/org/bouncycastle/math/ec/custom/gm/SM2P256V1FieldElement.class starting
/org/bouncycastle/math/ec/custom/gm/SM2P256V1FieldElement.class DONE
/org/bouncycastle/math/ec/custom/gm/SM2P256V1FieldElement.class starting
/org/bouncycastle/math/ec/custom/gm/SM2P256V1FieldElement.class DONE
/org/bouncycastle/math/ec/custom/gm/SM2P256V1FieldElement.class starting
/org/bouncycastle/math/ec/custom/gm/SM2P256V1FieldElement.class DONE
/org/apache/lucene/document/XYShapeDocValues.class starting
/org/apache/lucene/document/XYShapeDocValues.class DONE
/org/bouncycastle/math/ec/custom/gm/SM2P256V1FieldElement.class starting
/org/bouncycastle/math/ec/custom/gm/SM2P256V1FieldElement.class DONE
/org/apache/lucene/document/XYShapeDocValues.class starting
/org/apache/lucene/document/XYShapeDocValues.class DONE
/org/bouncycastle/math/ec/custom/gm/SM2P256V1FieldElement.class starting
/org/bouncycastle/math/ec/custom/gm/SM2P256V1FieldElement.class DONE
/org/apache/lucene/document/XYShapeDocValues.class starting
/org/bouncycastle/math/ec/custom/gm/SM2P256V1FieldElement.class starting
/org/bouncycastle/math/ec/custom/gm/SM2P256V1FieldElement.class DONE
/org/apache/lucene/document/XYShapeDocValues.class DONE
/org/bouncycastle/math/ec/custom/gm/SM2P256V1FieldElement.class starting
/org/bouncycastle/math/ec/custom/gm/SM2P256V1FieldElement.class DONE
/org/apache/lucene/document/XYShapeDocValues.class starting
/org/apache/lucene/document/XYShapeDocValues.class DONE
/org/apache/lucene/document/XYShapeDocValues.class starting
/org/apache/lucene/document/XYShapeDocValues.class DONE
/org/apache/lucene/document/XYShapeDocValues.class starting
/org/apache/lucene/document/XYShapeDocValues.class DONE
/org/bouncycastle/math/ec/custom/gm/SM2P256V1FieldElement.class starting
/org/bouncycastle/math/ec/custom/gm/SM2P256V1FieldElement.class DONE
/org/bouncycastle/math/ec/custom/gm/SM2P256V1FieldElement.class starting
/org/bouncycastle/math/ec/custom/gm/SM2P256V1FieldElement.class DONE
/org/apache/lucene/document/XYShapeDocValues.class starting
/org/apache/lucene/document/XYShapeDocValues.class DONE
/org/bouncycastle/math/ec/custom/gm/SM2P256V1FieldElement.class starting
/org/bouncycastle/math/ec/custom/gm/SM2P256V1FieldElement.class DONE
/org/apache/lucene/document/XYShapeDocValues.class starting
/org/apache/lucene/document/XYShapeDocValues.class DONE
/org/bouncycastle/math/ec/custom/gm/SM2P256V1FieldElement.class starting
/org/bouncycastle/math/ec/custom/gm/SM2P256V1FieldElement.class DONE
/org/apache/lucene/document/XYShapeDocValues.class starting
/org/apache/lucene/document/XYShapeDocValues.class DONE
/org/bouncycastle/math/ec/custom/gm/SM2P256V1FieldElement.class starting
/org/bouncycastle/math/ec/custom/gm/SM2P256V1FieldElement.class DONE
/org/apache/lucene/document/XYShapeDocValues.class starting
/org/apache/lucene/document/XYShapeDocValues.class DONE
/org/bouncycastle/math/ec/custom/gm/SM2P256V1FieldElement.class starting
/org/bouncycastle/math/ec/custom/gm/SM2P256V1FieldElement.class DONE
/org/apache/lucene/document/XYShapeDocValues.class starting
/org/apache/lucene/document/XYShapeDocValues.class DONE
/org/bouncycastle/math/ec/custom/gm/SM2P256V1FieldElement.class starting
/org/bouncycastle/math/ec/custom/gm/SM2P256V1FieldElement.class DONE
/org/apache/lucene/document/XYShapeDocValues.class starting
/org/apache/lucene/document/XYShapeDocValues.class DONE
/org/bouncycastle/math/ec/custom/gm/SM2P256V1FieldElement.class starting
/org/bouncycastle/math/ec/custom/gm/SM2P256V1FieldElement.class DONE
/org/apache/lucene/document/XYShapeDocValues.class starting
/org/apache/lucene/document/XYShapeDocValues.class DONE
/org/bouncycastle/math/ec/custom/gm/SM2P256V1FieldElement.class starting
/org/bouncycastle/math/ec/custom/gm/SM2P256V1FieldElement.class DONE
/org/bouncycastle/math/ec/custom/gm/SM2P256V1FieldElement.class starting
/org/bouncycastle/math/ec/custom/gm/SM2P256V1FieldElement.class DONE
/org/apache/lucene/document/XYShapeDocValues.class starting
/org/apache/lucene/document/XYShapeDocValues.class DONE
/org/bouncycastle/math/ec/custom/gm/SM2P256V1FieldElement.class starting
/org/bouncycastle/math/ec/custom/gm/SM2P256V1FieldElement.class DONE
/org/apache/lucene/document/XYShapeDocValues.class starting
/org/apache/lucene/document/XYShapeDocValues.class DONE
/org/apache/lucene/document/XYShapeDocValues.class starting
/org/apache/lucene/document/XYShapeDocValues.class DONE
/org/bouncycastle/math/ec/custom/gm/SM2P256V1FieldElement.class starting
/org/bouncycastle/math/ec/custom/gm/SM2P256V1FieldElement.class DONE
/org/apache/lucene/document/XYShapeDocValues.class starting
/org/apache/lucene/document/XYShapeDocValues.class DONE
/org/bouncycastle/math/ec/custom/gm/SM2P256V1FieldElement.class starting
/org/bouncycastle/math/ec/custom/gm/SM2P256V1FieldElement.class DONE
/org/apache/lucene/document/XYShapeDocValues.class starting
/org/apache/lucene/document/XYShapeDocValues.class DONE
/org/bouncycastle/math/ec/custom/gm/SM2P256V1FieldElement.class starting
/org/bouncycastle/math/ec/custom/gm/SM2P256V1FieldElement.class DONE
/org/apache/lucene/document/XYShapeDocValues.class starting
/org/apache/lucene/document/XYShapeDocValues.class DONE
/org/bouncycastle/math/ec/custom/gm/SM2P256V1FieldElement.class starting
/org/bouncycastle/math/ec/custom/gm/SM2P256V1FieldElement.class DONE
/org/apache/lucene/document/XYShapeDocValues.class starting
/org/apache/lucene/document/XYShapeDocValues.class DONE
/org/bouncycastle/math/ec/custom/gm/SM2P256V1FieldElement.class starting
/org/bouncycastle/math/ec/custom/gm/SM2P256V1FieldElement.class DONE
/org/apache/lucene/document/XYShapeDocValues.class starting
/org/apache/lucene/document/XYShapeDocValues.class DONE
/org/bouncycastle/math/ec/custom/gm/SM2P256V1FieldElement.class starting
/org/bouncycastle/math/ec/custom/gm/SM2P256V1FieldElement.class DONE
/org/apache/lucene/document/XYShapeDocValues.class starting
/org/apache/lucene/document/XYShapeDocValues.class DONE
/org/bouncycastle/math/ec/custom/gm/SM2P256V1FieldElement.class starting
/org/bouncycastle/math/ec/custom/gm/SM2P256V1FieldElement.class DONE
/org/apache/lucene/document/XYShapeDocValues.class starting
/org/bouncycastle/math/ec/custom/gm/SM2P256V1FieldElement.class starting
/org/apache/lucene/document/XYShapeDocValues.class DONE
/org/bouncycastle/math/ec/custom/gm/SM2P256V1FieldElement.class DONE
/org/bouncycastle/math/ec/custom/gm/SM2P256V1FieldElement.class starting
/org/bouncycastle/math/ec/custom/gm/SM2P256V1FieldElement.class DONE
/org/bouncycastle/math/ec/custom/gm/SM2P256V1FieldElement.class starting
/org/bouncycastle/math/ec/custom/gm/SM2P256V1FieldElement.class DONE
/org/bouncycastle/math/ec/custom/gm/SM2P256V1FieldElement.class starting
/org/bouncycastle/math/ec/custom/gm/SM2P256V1FieldElement.class DONE
/org/bouncycastle/math/ec/custom/gm/SM2P256V1FieldElement.class starting
/org/bouncycastle/math/ec/custom/gm/SM2P256V1FieldElement.class DONE
/org/bouncycastle/math/ec/custom/gm/SM2P256V1FieldElement.class starting
/org/bouncycastle/math/ec/custom/gm/SM2P256V1FieldElement.class DONE
/org/bouncycastle/math/ec/custom/gm/SM2P256V1FieldElement.class starting
/org/bouncycastle/math/ec/custom/gm/SM2P256V1FieldElement.class DONE
/org/bouncycastle/math/ec/custom/gm/SM2P256V1FieldElement.class starting
/org/bouncycastle/math/ec/custom/gm/SM2P256V1FieldElement.class DONE
/org/bouncycastle/math/ec/custom/gm/SM2P256V1FieldElement.class starting
/org/bouncycastle/math/ec/custom/gm/SM2P256V1FieldElement.class DONE
/org/bouncycastle/math/ec/custom/gm/SM2P256V1FieldElement.class starting
/org/bouncycastle/math/ec/custom/gm/SM2P256V1FieldElement.class DONE
/org/bouncycastle/math/ec/custom/gm/SM2P256V1FieldElement.class starting
/org/bouncycastle/math/ec/custom/gm/SM2P256V1FieldElement.class DONE
/org/bouncycastle/math/ec/custom/gm/SM2P256V1FieldElement.class starting
/org/bouncycastle/math/ec/custom/gm/SM2P256V1FieldElement.class DONE
/org/apache/lucene/document/XYShapeDocValues.class starting
/org/apache/lucene/document/XYShapeDocValues.class DONE
/org/bouncycastle/math/ec/custom/gm/SM2P256V1FieldElement.class starting
/org/bouncycastle/math/ec/custom/gm/SM2P256V1FieldElement.class DONE
/org/apache/lucene/document/XYShapeDocValues.class starting
/org/apache/lucene/document/XYShapeDocValues.class DONE
/org/apache/lucene/document/XYShapeDocValues.class starting
/org/apache/lucene/document/XYShapeDocValues.class DONE
/org/bouncycastle/math/ec/custom/gm/SM2P256V1FieldElement.class starting
/org/bouncycastle/math/ec/custom/gm/SM2P256V1FieldElement.class DONE
/org/apache/lucene/document/XYShapeDocValues.class starting
/org/apache/lucene/document/XYShapeDocValues.class DONE
/org/bouncycastle/math/ec/custom/gm/SM2P256V1FieldElement.class starting
/org/bouncycastle/math/ec/custom/gm/SM2P256V1FieldElement.class DONE
/org/apache/lucene/document/XYShapeDocValues.class starting
/org/apache/lucene/document/XYShapeDocValues.class DONE
/org/bouncycastle/math/ec/custom/gm/SM2P256V1FieldElement.class starting
/org/bouncycastle/math/ec/custom/gm/SM2P256V1FieldElement.class DONE
/org/bouncycastle/math/ec/custom/gm/SM2P256V1FieldElement.class starting
/org/bouncycastle/math/ec/custom/gm/SM2P256V1FieldElement.class DONE
/org/apache/lucene/document/XYShapeDocValues.class starting
/org/apache/lucene/document/XYShapeDocValues.class DONE
/org/apache/lucene/document/XYShapeDocValues.class starting
/org/apache/lucene/document/XYShapeDocValues.class DONE
/org/apache/lucene/document/XYShapeDocValues.class starting
/org/apache/lucene/document/XYShapeDocValues.class DONE
/org/bouncycastle/math/ec/custom/gm/SM2P256V1FieldElement.class starting
/org/bouncycastle/math/ec/custom/gm/SM2P256V1FieldElement.class DONE
/org/bouncycastle/math/ec/custom/gm/SM2P256V1FieldElement.class starting
/org/bouncycastle/math/ec/custom/gm/SM2P256V1FieldElement.class DONE
/org/apache/lucene/document/XYShapeDocValues.class starting
/org/apache/lucene/document/XYShapeDocValues.class DONE
/org/bouncycastle/math/ec/custom/gm/SM2P256V1FieldElement.class starting
/org/bouncycastle/math/ec/custom/gm/SM2P256V1FieldElement.class DONE
/org/bouncycastle/math/ec/custom/gm/SM2P256V1FieldElement.class starting
/org/bouncycastle/math/ec/custom/gm/SM2P256V1FieldElement.class DONE
/org/bouncycastle/math/ec/custom/gm/SM2P256V1FieldElement.class starting
/org/bouncycastle/math/ec/custom/gm/SM2P256V1FieldElement.class DONE
/org/apache/lucene/document/XYShapeDocValues.class starting
/org/apache/lucene/document/XYShapeDocValues.class DONE
/org/bouncycastle/math/ec/custom/gm/SM2P256V1FieldElement.class starting
/org/bouncycastle/math/ec/custom/gm/SM2P256V1FieldElement.class DONE
/org/apache/lucene/document/XYShapeDocValues.class starting
/org/apache/lucene/document/XYShapeDocValues.class DONE
/org/bouncycastle/math/ec/custom/gm/SM2P256V1FieldElement.class starting
/org/bouncycastle/math/ec/custom/gm/SM2P256V1FieldElement.class DONE
/org/apache/lucene/document/XYShapeDocValues.class starting
/org/apache/lucene/document/XYShapeDocValues.class DONE
/org/bouncycastle/math/ec/custom/gm/SM2P256V1FieldElement.class starting
/org/bouncycastle/math/ec/custom/gm/SM2P256V1FieldElement.class DONE
/org/apache/lucene/document/XYShapeDocValues.class starting
/org/apache/lucene/document/XYShapeDocValues.class DONE
/org/bouncycastle/math/ec/custom/gm/SM2P256V1FieldElement.class starting
/org/bouncycastle/math/ec/custom/gm/SM2P256V1FieldElement.class DONE
/org/apache/lucene/document/XYShapeDocValues.class starting
/org/apache/lucene/document/XYShapeDocValues.class DONE
/org/bouncycastle/math/ec/custom/gm/SM2P256V1FieldElement.class starting
/org/bouncycastle/math/ec/custom/gm/SM2P256V1FieldElement.class DONE
/org/apache/lucene/document/XYShapeDocValues.class starting
/org/apache/lucene/document/XYShapeDocValues.class DONE
/org/bouncycastle/math/ec/custom/gm/SM2P256V1FieldElement.class starting
/org/bouncycastle/math/ec/custom/gm/SM2P256V1FieldElement.class DONE
/org/apache/lucene/document/XYShapeDocValues.class starting
/org/apache/lucene/document/XYShapeDocValues.class DONE
/org/bouncycastle/math/ec/custom/gm/SM2P256V1FieldElement.class starting
/org/bouncycastle/math/ec/custom/gm/SM2P256V1FieldElement.class DONE
/org/apache/lucene/document/XYShapeDocValues.class starting
/org/apache/lucene/document/XYShapeDocValues.class DONE
/org/bouncycastle/math/ec/custom/gm/SM2P256V1FieldElement.class starting
/org/bouncycastle/math/ec/custom/gm/SM2P256V1FieldElement.class DONE
/org/apache/lucene/document/XYShapeDocValues.class starting
/org/apache/lucene/document/XYShapeDocValues.class DONE
/org/bouncycastle/math/ec/custom/gm/SM2P256V1FieldElement.class starting
/org/bouncycastle/math/ec/custom/gm/SM2P256V1FieldElement.class DONE
/org/bouncycastle/math/ec/custom/gm/SM2P256V1FieldElement.class starting
/org/apache/lucene/document/XYShapeDocValues.class starting
/org/apache/lucene/document/XYShapeDocValues.class DONE
/org/bouncycastle/math/ec/custom/gm/SM2P256V1FieldElement.class DONE
/org/apache/lucene/document/XYShapeDocValues.class starting
/org/apache/lucene/document/XYShapeDocValues.class DONE
/org/bouncycastle/math/ec/custom/gm/SM2P256V1FieldElement.class starting
/org/bouncycastle/math/ec/custom/gm/SM2P256V1FieldElement.class DONE
/org/apache/lucene/document/XYShapeDocValues.class starting
/org/apache/lucene/document/XYShapeDocValues.class DONE
/org/bouncycastle/math/ec/custom/gm/SM2P256V1FieldElement.class starting
/org/bouncycastle/math/ec/custom/gm/SM2P256V1FieldElement.class DONE
/org/bouncycastle/math/ec/custom/gm/SM2P256V1FieldElement.class starting
/org/bouncycastle/math/ec/custom/gm/SM2P256V1FieldElement.class DONE
/org/apache/lucene/document/XYShapeDocValues.class starting
/org/apache/lucene/document/XYShapeDocValues.class DONE
/org/apache/lucene/document/XYShapeDocValues.class starting
/org/apache/lucene/document/XYShapeDocValues.class DONE
/org/apache/lucene/document/XYShapeDocValues.class starting
/org/apache/lucene/document/XYShapeDocValues.class DONE
/org/bouncycastle/math/ec/custom/gm/SM2P256V1FieldElement.class starting
/org/bouncycastle/math/ec/custom/gm/SM2P256V1FieldElement.class DONE
/org/apache/lucene/document/XYShapeDocValues.class starting
/org/apache/lucene/document/XYShapeDocValues.class DONE
/org/bouncycastle/math/ec/custom/gm/SM2P256V1FieldElement.class starting
/org/bouncycastle/math/ec/custom/gm/SM2P256V1FieldElement.class DONE
/org/bouncycastle/math/ec/custom/gm/SM2P256V1FieldElement.class starting
/org/bouncycastle/math/ec/custom/gm/SM2P256V1FieldElement.class DONE
/org/apache/lucene/document/XYShapeDocValues.class starting
/org/apache/lucene/document/XYShapeDocValues.class DONE
/org/bouncycastle/math/ec/custom/gm/SM2P256V1FieldElement.class starting
/org/bouncycastle/math/ec/custom/gm/SM2P256V1FieldElement.class DONE
/org/apache/lucene/document/XYShapeDocValues.class starting
/org/apache/lucene/document/XYShapeDocValues.class DONE
/org/bouncycastle/math/ec/custom/gm/SM2P256V1FieldElement.class starting
/org/bouncycastle/math/ec/custom/gm/SM2P256V1FieldElement.class DONE
/org/apache/lucene/document/XYShapeDocValues.class starting
/org/apache/lucene/document/XYShapeDocValues.class DONE
/org/bouncycastle/math/ec/custom/gm/SM2P256V1FieldElement.class starting
/org/bouncycastle/math/ec/custom/gm/SM2P256V1FieldElement.class DONE
/org/apache/lucene/document/XYShapeDocValues.class starting
/org/apache/lucene/document/XYShapeDocValues.class DONE
/org/bouncycastle/math/ec/custom/gm/SM2P256V1FieldElement.class starting
/org/bouncycastle/math/ec/custom/gm/SM2P256V1FieldElement.class DONE
/org/apache/lucene/document/XYShapeDocValues.class starting
/org/apache/lucene/document/XYShapeDocValues.class DONE
/org/bouncycastle/math/ec/custom/gm/SM2P256V1FieldElement.class starting
/org/bouncycastle/math/ec/custom/gm/SM2P256V1FieldElement.class DONE
/org/apache/lucene/document/XYShapeDocValues.class starting
/org/apache/lucene/document/XYShapeDocValues.class DONE
/org/bouncycastle/math/ec/custom/gm/SM2P256V1FieldElement.class starting
/org/bouncycastle/math/ec/custom/gm/SM2P256V1FieldElement.class DONE
/org/apache/lucene/document/XYShapeDocValues.class starting
/org/apache/lucene/document/XYShapeDocValues.class DONE
/org/bouncycastle/math/ec/custom/gm/SM2P256V1FieldElement.class starting
/org/bouncycastle/math/ec/custom/gm/SM2P256V1FieldElement.class DONE
/org/apache/lucene/document/XYShapeDocValues.class starting
/org/apache/lucene/document/XYShapeDocValues.class DONE
/org/bouncycastle/math/ec/custom/gm/SM2P256V1FieldElement.class starting
/org/bouncycastle/math/ec/custom/gm/SM2P256V1FieldElement.class DONE
/org/apache/lucene/document/XYShapeDocValues.class starting
/org/apache/lucene/document/XYShapeDocValues.class DONE
/org/apache/lucene/document/XYShapeDocValues.class starting
/org/apache/lucene/document/XYShapeDocValues.class DONE
/org/bouncycastle/math/ec/custom/gm/SM2P256V1FieldElement.class starting
/org/bouncycastle/math/ec/custom/gm/SM2P256V1FieldElement.class DONE
/org/apache/lucene/document/XYShapeDocValues.class starting
/org/apache/lucene/document/XYShapeDocValues.class DONE
/org/bouncycastle/math/ec/custom/gm/SM2P256V1FieldElement.class starting
/org/bouncycastle/math/ec/custom/gm/SM2P256V1FieldElement.class DONE
/org/apache/lucene/document/XYShapeDocValues.class starting
/org/apache/lucene/document/XYShapeDocValues.class DONE
/org/apache/lucene/document/XYShapeDocValues.class starting
/org/apache/lucene/document/XYShapeDocValues.class DONE
/org/bouncycastle/math/ec/custom/gm/SM2P256V1FieldElement.class starting
/org/bouncycastle/math/ec/custom/gm/SM2P256V1FieldElement.class DONE
/org/bouncycastle/math/ec/custom/gm/SM2P256V1FieldElement.class starting
/org/bouncycastle/math/ec/custom/gm/SM2P256V1FieldElement.class DONE
/org/bouncycastle/math/ec/custom/gm/SM2P256V1FieldElement.class starting
/org/bouncycastle/math/ec/custom/gm/SM2P256V1FieldElement.class DONE
/org/apache/lucene/document/XYShapeDocValues.class starting
/org/apache/lucene/document/XYShapeDocValues.class DONE
/org/bouncycastle/math/ec/custom/gm/SM2P256V1FieldElement.class starting
/org/bouncycastle/math/ec/custom/gm/SM2P256V1FieldElement.class DONE
/org/apache/lucene/document/XYShapeDocValues.class starting
/org/apache/lucene/document/XYShapeDocValues.class DONE
/org/bouncycastle/math/ec/custom/gm/SM2P256V1FieldElement.class starting
/org/bouncycastle/math/ec/custom/gm/SM2P256V1FieldElement.class DONE
/org/apache/lucene/document/XYShapeDocValues.class starting
/org/apache/lucene/document/XYShapeDocValues.class DONE
/org/bouncycastle/math/ec/custom/gm/SM2P256V1FieldElement.class starting
/org/bouncycastle/math/ec/custom/gm/SM2P256V1FieldElement.class DONE
/org/apache/lucene/document/XYShapeDocValues.class starting
/org/apache/lucene/document/XYShapeDocValues.class DONE
/org/bouncycastle/math/ec/custom/gm/SM2P256V1FieldElement.class starting
/org/bouncycastle/math/ec/custom/gm/SM2P256V1FieldElement.class DONE
/org/apache/lucene/document/XYShapeDocValues.class starting
/org/apache/lucene/document/XYShapeDocValues.class DONE
/org/bouncycastle/math/ec/custom/gm/SM2P256V1FieldElement.class starting
/org/bouncycastle/math/ec/custom/gm/SM2P256V1FieldElement.class DONE
/org/apache/lucene/document/XYShapeDocValues.class starting
/org/apache/lucene/document/XYShapeDocValues.class DONE
/org/bouncycastle/math/ec/custom/gm/SM2P256V1FieldElement.class starting
/org/bouncycastle/math/ec/custom/gm/SM2P256V1FieldElement.class DONE
/org/apache/lucene/document/XYShapeDocValues.class starting
/org/apache/lucene/document/XYShapeDocValues.class DONE
/org/bouncycastle/math/ec/custom/gm/SM2P256V1FieldElement.class starting
/org/bouncycastle/math/ec/custom/gm/SM2P256V1FieldElement.class DONE
/org/bouncycastle/math/ec/custom/gm/SM2P256V1FieldElement.class starting
/org/bouncycastle/math/ec/custom/gm/SM2P256V1FieldElement.class DONE
/org/apache/lucene/document/XYShapeDocValues.class starting
/org/apache/lucene/document/XYShapeDocValues.class DONE
/org/bouncycastle/math/ec/custom/gm/SM2P256V1FieldElement.class starting
/org/bouncycastle/math/ec/custom/gm/SM2P256V1FieldElement.class DONE
/org/apache/lucene/document/XYShapeDocValues.class starting
/org/apache/lucene/document/XYShapeDocValues.class DONE
/org/bouncycastle/math/ec/custom/gm/SM2P256V1FieldElement.class starting
/org/bouncycastle/math/ec/custom/gm/SM2P256V1FieldElement.class DONE
/org/apache/lucene/document/XYShapeDocValues.class starting
/org/apache/lucene/document/XYShapeDocValues.class DONE
/org/bouncycastle/math/ec/custom/gm/SM2P256V1FieldElement.class starting
/org/bouncycastle/math/ec/custom/gm/SM2P256V1FieldElement.class DONE
/org/apache/lucene/document/XYShapeDocValues.class starting
/org/apache/lucene/document/XYShapeDocValues.class DONE
/org/bouncycastle/math/ec/custom/gm/SM2P256V1FieldElement.class starting
/org/bouncycastle/math/ec/custom/gm/SM2P256V1FieldElement.class DONE
/org/apache/lucene/document/XYShapeDocValues.class starting
/org/apache/lucene/document/XYShapeDocValues.class DONE
/org/bouncycastle/math/ec/custom/gm/SM2P256V1FieldElement.class starting
/org/apache/lucene/document/XYShapeDocValues.class starting
/org/apache/lucene/document/XYShapeDocValues.class DONE
/org/bouncycastle/math/ec/custom/gm/SM2P256V1FieldElement.class DONE
/org/bouncycastle/math/ec/custom/gm/SM2P256V1FieldElement.class starting
/org/bouncycastle/math/ec/custom/gm/SM2P256V1FieldElement.class DONE
/org/apache/lucene/document/XYShapeDocValues.class starting
/org/apache/lucene/document/XYShapeDocValues.class DONE
/org/bouncycastle/math/ec/custom/gm/SM2P256V1FieldElement.class starting
/org/bouncycastle/math/ec/custom/gm/SM2P256V1FieldElement.class DONE
/org/apache/lucene/document/XYShapeDocValues.class starting
/org/apache/lucene/document/XYShapeDocValues.class DONE
/org/bouncycastle/math/ec/custom/gm/SM2P256V1FieldElement.class starting
/org/bouncycastle/math/ec/custom/gm/SM2P256V1FieldElement.class DONE
/org/apache/lucene/document/XYShapeDocValues.class starting
/org/apache/lucene/document/XYShapeDocValues.class DONE
/org/bouncycastle/math/ec/custom/gm/SM2P256V1FieldElement.class starting
/org/bouncycastle/math/ec/custom/gm/SM2P256V1FieldElement.class DONE
/org/apache/lucene/document/XYShapeDocValues.class starting
/org/apache/lucene/document/XYShapeDocValues.class DONE
/org/apache/lucene/document/XYShapeDocValues.class starting
/org/apache/lucene/document/XYShapeDocValues.class DONE
/org/apache/lucene/document/XYShapeDocValues.class starting
/org/apache/lucene/document/XYShapeDocValues.class DONE
/org/bouncycastle/math/ec/custom/gm/SM2P256V1FieldElement.class starting
/org/bouncycastle/math/ec/custom/gm/SM2P256V1FieldElement.class DONE
/org/apache/lucene/document/XYShapeDocValues.class starting
/org/apache/lucene/document/XYShapeDocValues.class DONE
/org/bouncycastle/math/ec/custom/gm/SM2P256V1FieldElement.class starting
/org/bouncycastle/math/ec/custom/gm/SM2P256V1FieldElement.class DONE
/org/apache/lucene/document/XYShapeDocValues.class starting
/org/apache/lucene/document/XYShapeDocValues.class DONE
/org/apache/lucene/document/XYShapeDocValues.class starting
/org/bouncycastle/math/ec/custom/gm/SM2P256V1FieldElement.class starting
/org/apache/lucene/document/XYShapeDocValues.class DONE
/org/apache/lucene/document/XYShapeDocValues.class starting
/org/apache/lucene/document/XYShapeDocValues.class DONE
/org/apache/lucene/document/XYShapeDocValues.class starting
/org/apache/lucene/document/XYShapeDocValues.class DONE
/org/apache/lucene/document/XYShapeDocValues.class starting
/org/apache/lucene/document/XYShapeDocValues.class DONE
/org/apache/lucene/document/XYShapeDocValues.class starting
/org/apache/lucene/document/XYShapeDocValues.class DONE
/org/apache/lucene/document/XYShapeDocValues.class starting
/org/apache/lucene/document/XYShapeDocValues.class DONE
/org/apache/lucene/document/XYShapeDocValues.class starting
/org/apache/lucene/document/XYShapeDocValues.class DONE
/org/apache/lucene/document/XYShapeDocValues.class starting
/org/apache/lucene/document/XYShapeDocValues.class DONE
/org/apache/lucene/document/XYShapeDocValues.class starting
/org/apache/lucene/document/XYShapeDocValues.class DONE
/org/apache/lucene/document/XYShapeDocValues.class starting
/org/apache/lucene/document/XYShapeDocValues.class DONE
/org/apache/lucene/document/XYShapeDocValues.class starting
/org/apache/lucene/document/XYShapeDocValues.class DONE
/org/apache/lucene/document/XYShapeDocValues.class starting
/org/apache/lucene/document/XYShapeDocValues.class DONE
/org/apache/lucene/document/XYShapeDocValues.class starting
/org/apache/lucene/document/XYShapeDocValues.class DONE
/org/apache/lucene/document/XYShapeDocValues.class starting
/org/apache/lucene/document/XYShapeDocValues.class DONE
/org/apache/lucene/document/XYShapeDocValues.class starting
/org/apache/lucene/document/XYShapeDocValues.class DONE
/org/bouncycastle/math/ec/custom/gm/SM2P256V1FieldElement.class DONE
/org/apache/lucene/document/XYShapeDocValues.class starting
/org/apache/lucene/document/XYShapeDocValues.class DONE
/org/bouncycastle/math/ec/custom/gm/SM2P256V1FieldElement.class starting
/org/bouncycastle/math/ec/custom/gm/SM2P256V1FieldElement.class DONE
/org/bouncycastle/math/ec/custom/gm/SM2P256V1FieldElement.class starting
/org/bouncycastle/math/ec/custom/gm/SM2P256V1FieldElement.class DONE
/org/apache/lucene/document/XYShapeDocValues.class starting
/org/apache/lucene/document/XYShapeDocValues.class DONE
/org/bouncycastle/math/ec/custom/gm/SM2P256V1FieldElement.class starting
/org/bouncycastle/math/ec/custom/gm/SM2P256V1FieldElement.class DONE
/org/apache/lucene/document/XYShapeDocValues.class starting
/org/apache/lucene/document/XYShapeDocValues.class DONE
/org/bouncycastle/math/ec/custom/gm/SM2P256V1FieldElement.class starting
/org/bouncycastle/math/ec/custom/gm/SM2P256V1FieldElement.class DONE
/org/apache/lucene/document/XYShapeDocValues.class starting
/org/apache/lucene/document/XYShapeDocValues.class DONE
/org/bouncycastle/math/ec/custom/gm/SM2P256V1FieldElement.class starting
/org/bouncycastle/math/ec/custom/gm/SM2P256V1FieldElement.class DONE
/org/bouncycastle/math/ec/custom/gm/SM2P256V1FieldElement.class starting
/org/bouncycastle/math/ec/custom/gm/SM2P256V1FieldElement.class DONE
/org/apache/lucene/document/XYShapeDocValues.class starting
/org/apache/lucene/document/XYShapeDocValues.class DONE
/org/bouncycastle/math/ec/custom/gm/SM2P256V1FieldElement.class starting
/org/bouncycastle/math/ec/custom/gm/SM2P256V1FieldElement.class DONE
/org/apache/lucene/document/XYShapeDocValues.class starting
/org/apache/lucene/document/XYShapeDocValues.class DONE
/org/bouncycastle/math/ec/custom/gm/SM2P256V1FieldElement.class starting
/org/bouncycastle/math/ec/custom/gm/SM2P256V1FieldElement.class DONE
/org/apache/lucene/document/XYShapeDocValues.class starting
/org/apache/lucene/document/XYShapeDocValues.class DONE
/org/bouncycastle/math/ec/custom/gm/SM2P256V1FieldElement.class starting
/org/bouncycastle/math/ec/custom/gm/SM2P256V1FieldElement.class DONE
/org/apache/lucene/document/XYShapeDocValues.class starting
/org/apache/lucene/document/XYShapeDocValues.class DONE
/org/bouncycastle/math/ec/custom/gm/SM2P256V1FieldElement.class starting
/org/bouncycastle/math/ec/custom/gm/SM2P256V1FieldElement.class DONE
/org/bouncycastle/math/ec/custom/gm/SM2P256V1FieldElement.class starting
/org/bouncycastle/math/ec/custom/gm/SM2P256V1FieldElement.class DONE
/org/apache/lucene/document/XYShapeDocValues.class starting
/org/apache/lucene/document/XYShapeDocValues.class DONE
/org/bouncycastle/math/ec/custom/gm/SM2P256V1FieldElement.class starting
/org/bouncycastle/math/ec/custom/gm/SM2P256V1FieldElement.class DONE
/org/apache/lucene/document/XYShapeDocValues.class starting
/org/apache/lucene/document/XYShapeDocValues.class DONE
/org/bouncycastle/math/ec/custom/gm/SM2P256V1FieldElement.class starting
/org/bouncycastle/math/ec/custom/gm/SM2P256V1FieldElement.class DONE
/org/apache/lucene/document/XYShapeDocValues.class starting
/org/apache/lucene/document/XYShapeDocValues.class DONE
/org/bouncycastle/math/ec/custom/gm/SM2P256V1FieldElement.class starting
/org/bouncycastle/math/ec/custom/gm/SM2P256V1FieldElement.class DONE
/org/apache/lucene/document/XYShapeDocValues.class starting
/org/apache/lucene/document/XYShapeDocValues.class DONE
/org/bouncycastle/math/ec/custom/gm/SM2P256V1FieldElement.class starting
/org/bouncycastle/math/ec/custom/gm/SM2P256V1FieldElement.class DONE
/org/apache/lucene/document/XYShapeDocValues.class starting
/org/apache/lucene/document/XYShapeDocValues.class DONE
/org/bouncycastle/math/ec/custom/gm/SM2P256V1FieldElement.class starting
/org/bouncycastle/math/ec/custom/gm/SM2P256V1FieldElement.class DONE
/org/bouncycastle/math/ec/custom/gm/SM2P256V1FieldElement.class starting
/org/bouncycastle/math/ec/custom/gm/SM2P256V1FieldElement.class DONE
/org/apache/lucene/document/XYShapeDocValues.class starting
/org/bouncycastle/math/ec/custom/gm/SM2P256V1FieldElement.class starting
/org/bouncycastle/math/ec/custom/gm/SM2P256V1FieldElement.class DONE
/org/apache/lucene/document/XYShapeDocValues.class DONE
/org/bouncycastle/math/ec/custom/gm/SM2P256V1FieldElement.class starting
/org/bouncycastle/math/ec/custom/gm/SM2P256V1FieldElement.class DONE
/org/apache/lucene/document/XYShapeDocValues.class starting
/org/apache/lucene/document/XYShapeDocValues.class DONE
/org/bouncycastle/math/ec/custom/gm/SM2P256V1FieldElement.class starting
/org/bouncycastle/math/ec/custom/gm/SM2P256V1FieldElement.class DONE
/org/apache/lucene/document/XYShapeDocValues.class starting
/org/apache/lucene/document/XYShapeDocValues.class DONE
/org/bouncycastle/math/ec/custom/gm/SM2P256V1FieldElement.class starting
/org/bouncycastle/math/ec/custom/gm/SM2P256V1FieldElement.class DONE
/org/apache/lucene/document/XYShapeDocValues.class starting
/org/apache/lucene/document/XYShapeDocValues.class DONE
/org/bouncycastle/math/ec/custom/gm/SM2P256V1FieldElement.class starting
/org/bouncycastle/math/ec/custom/gm/SM2P256V1FieldElement.class DONE
/org/bouncycastle/math/ec/custom/gm/SM2P256V1FieldElement.class starting
/org/bouncycastle/math/ec/custom/gm/SM2P256V1FieldElement.class DONE
/org/apache/lucene/document/XYShapeDocValues.class starting
/org/apache/lucene/document/XYShapeDocValues.class DONE
/org/apache/lucene/document/XYShapeDocValues.class starting
/org/apache/lucene/document/XYShapeDocValues.class DONE
/org/bouncycastle/math/ec/custom/gm/SM2P256V1FieldElement.class starting
/org/bouncycastle/math/ec/custom/gm/SM2P256V1FieldElement.class DONE
/org/apache/lucene/document/XYShapeDocValues.class starting
/org/apache/lucene/document/XYShapeDocValues.class DONE
/org/bouncycastle/math/ec/custom/gm/SM2P256V1FieldElement.class starting
/org/bouncycastle/math/ec/custom/gm/SM2P256V1FieldElement.class DONE
/org/apache/lucene/document/XYShapeDocValues.class starting
/org/apache/lucene/document/XYShapeDocValues.class DONE
/org/bouncycastle/math/ec/custom/gm/SM2P256V1FieldElement.class starting
/org/bouncycastle/math/ec/custom/gm/SM2P256V1FieldElement.class DONE
/org/apache/lucene/document/XYShapeDocValues.class starting
/org/apache/lucene/document/XYShapeDocValues.class DONE
/org/bouncycastle/math/ec/custom/gm/SM2P256V1FieldElement.class starting
/org/bouncycastle/math/ec/custom/gm/SM2P256V1FieldElement.class DONE
/org/apache/lucene/document/XYShapeDocValues.class starting
/org/apache/lucene/document/XYShapeDocValues.class DONE
/org/bouncycastle/math/ec/custom/gm/SM2P256V1FieldElement.class starting
/org/bouncycastle/math/ec/custom/gm/SM2P256V1FieldElement.class DONE
/org/apache/lucene/document/XYShapeDocValues.class starting
/org/apache/lucene/document/XYShapeDocValues.class DONE
/org/bouncycastle/math/ec/custom/gm/SM2P256V1FieldElement.class starting
/org/bouncycastle/math/ec/custom/gm/SM2P256V1FieldElement.class DONE
/org/apache/lucene/document/XYShapeDocValues.class starting
/org/apache/lucene/document/XYShapeDocValues.class DONE
/org/bouncycastle/math/ec/custom/gm/SM2P256V1FieldElement.class starting
/org/bouncycastle/math/ec/custom/gm/SM2P256V1FieldElement.class DONE
/org/apache/lucene/document/XYShapeDocValues.class starting
/org/apache/lucene/document/XYShapeDocValues.class DONE
/org/bouncycastle/math/ec/custom/gm/SM2P256V1FieldElement.class starting
/org/bouncycastle/math/ec/custom/gm/SM2P256V1FieldElement.class DONE
/org/apache/lucene/document/XYShapeDocValues.class starting
/org/apache/lucene/document/XYShapeDocValues.class DONE
/org/bouncycastle/math/ec/custom/gm/SM2P256V1FieldElement.class starting
/org/bouncycastle/math/ec/custom/gm/SM2P256V1FieldElement.class DONE
/org/apache/lucene/document/XYShapeDocValues.class starting
/org/apache/lucene/document/XYShapeDocValues.class DONE
/org/bouncycastle/math/ec/custom/gm/SM2P256V1FieldElement.class starting
/org/bouncycastle/math/ec/custom/gm/SM2P256V1FieldElement.class DONE
/org/apache/lucene/document/XYShapeDocValues.class starting
/org/apache/lucene/document/XYShapeDocValues.class DONE
/org/apache/lucene/document/XYShapeDocValues.class starting
/org/apache/lucene/document/XYShapeDocValues.class DONE
/org/bouncycastle/math/ec/custom/gm/SM2P256V1FieldElement.class starting
/org/bouncycastle/math/ec/custom/gm/SM2P256V1FieldElement.class DONE
/org/bouncycastle/math/ec/custom/gm/SM2P256V1FieldElement.class starting
/org/bouncycastle/math/ec/custom/gm/SM2P256V1FieldElement.class DONE
/org/bouncycastle/math/ec/custom/gm/SM2P256V1FieldElement.class starting
/org/bouncycastle/math/ec/custom/gm/SM2P256V1FieldElement.class DONE
/org/apache/lucene/document/XYShapeDocValues.class starting
/org/apache/lucene/document/XYShapeDocValues.class DONE
/org/bouncycastle/math/ec/custom/gm/SM2P256V1FieldElement.class starting
/org/bouncycastle/math/ec/custom/gm/SM2P256V1FieldElement.class DONE
/org/apache/lucene/document/XYShapeDocValues.class starting
/org/apache/lucene/document/XYShapeDocValues.class DONE
/org/bouncycastle/math/ec/custom/gm/SM2P256V1FieldElement.class starting
/org/bouncycastle/math/ec/custom/gm/SM2P256V1FieldElement.class DONE
/org/apache/lucene/document/XYShapeDocValues.class starting
/org/apache/lucene/document/XYShapeDocValues.class DONE
/org/bouncycastle/math/ec/custom/gm/SM2P256V1FieldElement.class starting
/org/bouncycastle/math/ec/custom/gm/SM2P256V1FieldElement.class DONE
/org/apache/lucene/document/XYShapeDocValues.class starting
/org/apache/lucene/document/XYShapeDocValues.class DONE
/org/bouncycastle/math/ec/custom/gm/SM2P256V1FieldElement.class starting
/org/bouncycastle/math/ec/custom/gm/SM2P256V1FieldElement.class DONE
/org/apache/lucene/document/XYShapeDocValues.class starting
/org/apache/lucene/document/XYShapeDocValues.class DONE
/org/bouncycastle/math/ec/custom/gm/SM2P256V1FieldElement.class starting
/org/bouncycastle/math/ec/custom/gm/SM2P256V1FieldElement.class DONE
/org/apache/lucene/document/XYShapeDocValues.class starting
/org/apache/lucene/document/XYShapeDocValues.class DONE
/org/bouncycastle/math/ec/custom/gm/SM2P256V1FieldElement.class starting
/org/bouncycastle/math/ec/custom/gm/SM2P256V1FieldElement.class DONE
/org/apache/lucene/document/XYShapeDocValues.class starting
/org/apache/lucene/document/XYShapeDocValues.class DONE
/org/bouncycastle/math/ec/custom/gm/SM2P256V1FieldElement.class starting
/org/bouncycastle/math/ec/custom/gm/SM2P256V1FieldElement.class DONE
/org/apache/lucene/document/XYShapeDocValues.class starting
/org/apache/lucene/document/XYShapeDocValues.class DONE
/org/apache/lucene/document/XYShapeDocValues.class starting
/org/apache/lucene/document/XYShapeDocValues.class DONE
/org/bouncycastle/math/ec/custom/gm/SM2P256V1FieldElement.class starting
/org/bouncycastle/math/ec/custom/gm/SM2P256V1FieldElement.class DONE
/org/bouncycastle/math/ec/custom/gm/SM2P256V1FieldElement.class starting
/org/bouncycastle/math/ec/custom/gm/SM2P256V1FieldElement.class DONE
/org/apache/lucene/document/XYShapeDocValues.class starting
/org/apache/lucene/document/XYShapeDocValues.class DONE
/org/apache/lucene/document/XYShapeDocValues.class starting
/org/apache/lucene/document/XYShapeDocValues.class DONE
/org/bouncycastle/math/ec/custom/gm/SM2P256V1FieldElement.class starting
/org/bouncycastle/math/ec/custom/gm/SM2P256V1FieldElement.class DONE
/org/apache/lucene/document/XYShapeDocValues.class starting
/org/apache/lucene/document/XYShapeDocValues.class DONE
/org/bouncycastle/math/ec/custom/gm/SM2P256V1FieldElement.class starting
/org/bouncycastle/math/ec/custom/gm/SM2P256V1FieldElement.class DONE
/org/apache/lucene/document/XYShapeDocValues.class starting
/org/apache/lucene/document/XYShapeDocValues.class DONE
/org/bouncycastle/math/ec/custom/gm/SM2P256V1FieldElement.class starting
/org/bouncycastle/math/ec/custom/gm/SM2P256V1FieldElement.class DONE
/org/apache/lucene/document/XYShapeDocValues.class starting
/org/apache/lucene/document/XYShapeDocValues.class DONE
/org/bouncycastle/math/ec/custom/gm/SM2P256V1FieldElement.class starting
/org/bouncycastle/math/ec/custom/gm/SM2P256V1FieldElement.class DONE
/org/apache/lucene/document/XYShapeDocValues.class starting
/org/apache/lucene/document/XYShapeDocValues.class DONE
/org/bouncycastle/math/ec/custom/gm/SM2P256V1FieldElement.class starting
/org/bouncycastle/math/ec/custom/gm/SM2P256V1FieldElement.class DONE
/org/apache/lucene/document/XYShapeDocValues.class starting
/org/apache/lucene/document/XYShapeDocValues.class DONE
/org/bouncycastle/math/ec/custom/gm/SM2P256V1FieldElement.class starting
/org/bouncycastle/math/ec/custom/gm/SM2P256V1FieldElement.class DONE
/org/apache/lucene/document/XYShapeDocValues.class starting
/org/apache/lucene/document/XYShapeDocValues.class DONE
/org/bouncycastle/math/ec/custom/gm/SM2P256V1FieldElement.class starting
/org/bouncycastle/math/ec/custom/gm/SM2P256V1FieldElement.class DONE
/org/apache/lucene/document/XYShapeDocValues.class starting
/org/apache/lucene/document/XYShapeDocValues.class DONE
/org/bouncycastle/math/ec/custom/gm/SM2P256V1FieldElement.class starting
/org/bouncycastle/math/ec/custom/gm/SM2P256V1FieldElement.class DONE
/org/apache/lucene/document/XYShapeDocValues.class starting
/org/apache/lucene/document/XYShapeDocValues.class DONE
/org/bouncycastle/math/ec/custom/gm/SM2P256V1FieldElement.class starting
/org/bouncycastle/math/ec/custom/gm/SM2P256V1FieldElement.class DONE
/org/apache/lucene/document/XYShapeDocValues.class starting
/org/apache/lucene/document/XYShapeDocValues.class DONE
/org/bouncycastle/math/ec/custom/gm/SM2P256V1FieldElement.class starting
/org/bouncycastle/math/ec/custom/gm/SM2P256V1FieldElement.class DONE
/org/apache/lucene/document/XYShapeDocValues.class starting
/org/apache/lucene/document/XYShapeDocValues.class DONE
/org/bouncycastle/math/ec/custom/gm/SM2P256V1FieldElement.class starting
/org/bouncycastle/math/ec/custom/gm/SM2P256V1FieldElement.class DONE
/org/apache/lucene/document/XYShapeDocValues.class starting
/org/apache/lucene/document/XYShapeDocValues.class DONE
/org/bouncycastle/math/ec/custom/gm/SM2P256V1FieldElement.class starting
/org/bouncycastle/math/ec/custom/gm/SM2P256V1FieldElement.class DONE
/org/apache/lucene/document/XYShapeDocValues.class starting
/org/apache/lucene/document/XYShapeDocValues.class DONE
/org/bouncycastle/math/ec/custom/gm/SM2P256V1FieldElement.class starting
/org/bouncycastle/math/ec/custom/gm/SM2P256V1FieldElement.class DONE
/org/apache/lucene/document/XYShapeDocValues.class starting
/org/apache/lucene/document/XYShapeDocValues.class DONE
/org/bouncycastle/math/ec/custom/gm/SM2P256V1FieldElement.class starting
/org/bouncycastle/math/ec/custom/gm/SM2P256V1FieldElement.class DONE
/org/apache/lucene/document/XYShapeDocValues.class starting
/org/apache/lucene/document/XYShapeDocValues.class DONE
/org/bouncycastle/math/ec/custom/gm/SM2P256V1FieldElement.class starting
/org/bouncycastle/math/ec/custom/gm/SM2P256V1FieldElement.class DONE
/org/apache/lucene/document/XYShapeDocValues.class starting
/org/apache/lucene/document/XYShapeDocValues.class DONE
/org/bouncycastle/math/ec/custom/gm/SM2P256V1FieldElement.class starting
/org/bouncycastle/math/ec/custom/gm/SM2P256V1FieldElement.class DONE
/org/bouncycastle/math/ec/custom/gm/SM2P256V1FieldElement.class starting
/org/bouncycastle/math/ec/custom/gm/SM2P256V1FieldElement.class DONE
/org/apache/lucene/document/XYShapeDocValues.class starting
/org/apache/lucene/document/XYShapeDocValues.class DONE
/org/bouncycastle/math/ec/custom/gm/SM2P256V1FieldElement.class starting
/org/bouncycastle/math/ec/custom/gm/SM2P256V1FieldElement.class DONE
/org/bouncycastle/math/ec/custom/gm/SM2P256V1FieldElement.class starting
/org/bouncycastle/math/ec/custom/gm/SM2P256V1FieldElement.class DONE
/org/bouncycastle/math/ec/custom/gm/SM2P256V1FieldElement.class starting
/org/bouncycastle/math/ec/custom/gm/SM2P256V1FieldElement.class DONE
/org/apache/lucene/document/XYShapeDocValues.class starting
/org/apache/lucene/document/XYShapeDocValues.class DONE
/org/bouncycastle/math/ec/custom/gm/SM2P256V1FieldElement.class starting
/org/bouncycastle/math/ec/custom/gm/SM2P256V1FieldElement.class DONE
/org/apache/lucene/document/XYShapeDocValues.class starting
/org/apache/lucene/document/XYShapeDocValues.class DONE
/org/bouncycastle/math/ec/custom/gm/SM2P256V1FieldElement.class starting
/org/bouncycastle/math/ec/custom/gm/SM2P256V1FieldElement.class DONE
/org/apache/lucene/document/XYShapeDocValues.class starting
/org/apache/lucene/document/XYShapeDocValues.class DONE
/org/bouncycastle/math/ec/custom/gm/SM2P256V1FieldElement.class starting
/org/bouncycastle/math/ec/custom/gm/SM2P256V1FieldElement.class DONE
/org/apache/lucene/document/XYShapeDocValues.class starting
/org/apache/lucene/document/XYShapeDocValues.class DONE
/org/apache/lucene/document/XYShapeDocValues.class starting
/org/apache/lucene/document/XYShapeDocValues.class DONE
/org/bouncycastle/math/ec/custom/gm/SM2P256V1FieldElement.class starting
/org/bouncycastle/math/ec/custom/gm/SM2P256V1FieldElement.class DONE
/org/apache/lucene/document/XYShapeDocValues.class starting
/org/apache/lucene/document/XYShapeDocValues.class DONE
/org/bouncycastle/math/ec/custom/gm/SM2P256V1FieldElement.class starting
/org/bouncycastle/math/ec/custom/gm/SM2P256V1FieldElement.class DONE
/org/apache/lucene/document/XYShapeDocValues.class starting
/org/apache/lucene/document/XYShapeDocValues.class DONE
/org/bouncycastle/math/ec/custom/gm/SM2P256V1FieldElement.class starting
/org/bouncycastle/math/ec/custom/gm/SM2P256V1FieldElement.class DONE
/org/bouncycastle/math/ec/custom/gm/SM2P256V1FieldElement.class starting
/org/bouncycastle/math/ec/custom/gm/SM2P256V1FieldElement.class DONE
/org/apache/lucene/document/XYShapeDocValues.class starting
/org/apache/lucene/document/XYShapeDocValues.class DONE
/org/bouncycastle/math/ec/custom/gm/SM2P256V1FieldElement.class starting
/org/bouncycastle/math/ec/custom/gm/SM2P256V1FieldElement.class DONE
/org/apache/lucene/document/XYShapeDocValues.class starting
/org/apache/lucene/document/XYShapeDocValues.class DONE
/org/bouncycastle/math/ec/custom/gm/SM2P256V1FieldElement.class starting
/org/bouncycastle/math/ec/custom/gm/SM2P256V1FieldElement.class DONE
/org/apache/lucene/document/XYShapeDocValues.class starting
/org/apache/lucene/document/XYShapeDocValues.class DONE
/org/bouncycastle/math/ec/custom/gm/SM2P256V1FieldElement.class starting
/org/bouncycastle/math/ec/custom/gm/SM2P256V1FieldElement.class DONE
/org/bouncycastle/math/ec/custom/gm/SM2P256V1FieldElement.class starting
/org/bouncycastle/math/ec/custom/gm/SM2P256V1FieldElement.class DONE
/org/apache/lucene/document/XYShapeDocValues.class starting
/org/apache/lucene/document/XYShapeDocValues.class DONE
/org/apache/lucene/document/XYShapeDocValues.class starting
/org/apache/lucene/document/XYShapeDocValues.class DONE
/org/bouncycastle/math/ec/custom/gm/SM2P256V1FieldElement.class starting
/org/bouncycastle/math/ec/custom/gm/SM2P256V1FieldElement.class DONE
/org/apache/lucene/document/XYShapeDocValues.class starting
/org/apache/lucene/document/XYShapeDocValues.class DONE
/org/bouncycastle/math/ec/custom/gm/SM2P256V1FieldElement.class starting
/org/bouncycastle/math/ec/custom/gm/SM2P256V1FieldElement.class DONE
/org/apache/lucene/document/XYShapeDocValues.class starting
/org/apache/lucene/document/XYShapeDocValues.class DONE
/org/bouncycastle/math/ec/custom/gm/SM2P256V1FieldElement.class starting
/org/bouncycastle/math/ec/custom/gm/SM2P256V1FieldElement.class DONE
/org/apache/lucene/document/XYShapeDocValues.class starting
/org/apache/lucene/document/XYShapeDocValues.class DONE
/org/apache/lucene/document/XYShapeDocValues.class starting
/org/apache/lucene/document/XYShapeDocValues.class DONE
/org/bouncycastle/math/ec/custom/gm/SM2P256V1FieldElement.class starting
/org/bouncycastle/math/ec/custom/gm/SM2P256V1FieldElement.class DONE
/org/apache/lucene/document/XYShapeDocValues.class starting
/org/apache/lucene/document/XYShapeDocValues.class DONE
/org/bouncycastle/math/ec/custom/gm/SM2P256V1FieldElement.class starting
/org/bouncycastle/math/ec/custom/gm/SM2P256V1FieldElement.class DONE
/org/apache/lucene/document/XYShapeDocValues.class starting
/org/apache/lucene/document/XYShapeDocValues.class DONE
/org/bouncycastle/math/ec/custom/gm/SM2P256V1FieldElement.class starting
/org/bouncycastle/math/ec/custom/gm/SM2P256V1FieldElement.class DONE
/org/apache/lucene/document/XYShapeDocValues.class starting
/org/apache/lucene/document/XYShapeDocValues.class DONE
/org/bouncycastle/math/ec/custom/gm/SM2P256V1FieldElement.class starting
/org/bouncycastle/math/ec/custom/gm/SM2P256V1FieldElement.class DONE
/org/apache/lucene/document/XYShapeDocValues.class starting
/org/apache/lucene/document/XYShapeDocValues.class DONE
/org/bouncycastle/math/ec/custom/gm/SM2P256V1FieldElement.class starting
/org/bouncycastle/math/ec/custom/gm/SM2P256V1FieldElement.class DONE
/org/bouncycastle/math/ec/custom/gm/SM2P256V1FieldElement.class starting
/org/bouncycastle/math/ec/custom/gm/SM2P256V1FieldElement.class DONE
/org/apache/lucene/document/XYShapeDocValues.class starting
/org/apache/lucene/document/XYShapeDocValues.class DONE
/org/apache/lucene/document/XYShapeDocValues.class starting
/org/apache/lucene/document/XYShapeDocValues.class DONE
/org/apache/lucene/document/XYShapeDocValues.class starting
/org/apache/lucene/document/XYShapeDocValues.class DONE
/org/bouncycastle/math/ec/custom/gm/SM2P256V1FieldElement.class starting
/org/bouncycastle/math/ec/custom/gm/SM2P256V1FieldElement.class DONE
/org/bouncycastle/math/ec/custom/gm/SM2P256V1FieldElement.class starting
/org/bouncycastle/math/ec/custom/gm/SM2P256V1FieldElement.class DONE
/org/bouncycastle/math/ec/custom/gm/SM2P256V1FieldElement.class starting
/org/bouncycastle/math/ec/custom/gm/SM2P256V1FieldElement.class DONE
/org/apache/lucene/document/XYShapeDocValues.class starting
/org/apache/lucene/document/XYShapeDocValues.class DONE
/org/apache/lucene/document/XYShapeDocValues.class starting
/org/apache/lucene/document/XYShapeDocValues.class DONE
/org/bouncycastle/math/ec/custom/gm/SM2P256V1FieldElement.class starting
/org/bouncycastle/math/ec/custom/gm/SM2P256V1FieldElement.class DONE
/org/bouncycastle/math/ec/custom/gm/SM2P256V1FieldElement.class starting
/org/bouncycastle/math/ec/custom/gm/SM2P256V1FieldElement.class DONE
/org/apache/lucene/document/XYShapeDocValues.class starting
/org/apache/lucene/document/XYShapeDocValues.class DONE
/org/bouncycastle/math/ec/custom/gm/SM2P256V1FieldElement.class starting
/org/bouncycastle/math/ec/custom/gm/SM2P256V1FieldElement.class DONE
/org/apache/lucene/document/XYShapeDocValues.class starting
/org/apache/lucene/document/XYShapeDocValues.class DONE
/org/bouncycastle/math/ec/custom/gm/SM2P256V1FieldElement.class starting
/org/bouncycastle/math/ec/custom/gm/SM2P256V1FieldElement.class DONE
/org/apache/lucene/document/XYShapeDocValues.class starting
/org/apache/lucene/document/XYShapeDocValues.class DONE
/org/bouncycastle/math/ec/custom/gm/SM2P256V1FieldElement.class starting
/org/bouncycastle/math/ec/custom/gm/SM2P256V1FieldElement.class DONE
/org/apache/lucene/document/XYShapeDocValues.class starting
/org/apache/lucene/document/XYShapeDocValues.class DONE
/org/bouncycastle/math/ec/custom/gm/SM2P256V1FieldElement.class starting
/org/bouncycastle/math/ec/custom/gm/SM2P256V1FieldElement.class DONE
/org/bouncycastle/math/ec/custom/gm/SM2P256V1FieldElement.class starting
/org/bouncycastle/math/ec/custom/gm/SM2P256V1FieldElement.class DONE
/org/apache/lucene/document/XYShapeDocValues.class starting
/org/apache/lucene/document/XYShapeDocValues.class DONE
/org/bouncycastle/math/ec/custom/gm/SM2P256V1FieldElement.class starting
/org/bouncycastle/math/ec/custom/gm/SM2P256V1FieldElement.class DONE
/org/apache/lucene/document/XYShapeDocValues.class starting
/org/apache/lucene/document/XYShapeDocValues.class DONE
/org/bouncycastle/math/ec/custom/gm/SM2P256V1FieldElement.class starting
/org/bouncycastle/math/ec/custom/gm/SM2P256V1FieldElement.class DONE
/org/apache/lucene/document/XYShapeDocValues.class starting
/org/apache/lucene/document/XYShapeDocValues.class DONE
/org/bouncycastle/math/ec/custom/gm/SM2P256V1FieldElement.class starting
/org/bouncycastle/math/ec/custom/gm/SM2P256V1FieldElement.class DONE
/org/bouncycastle/math/ec/custom/gm/SM2P256V1FieldElement.class starting
/org/apache/lucene/document/XYShapeDocValues.class starting
/org/bouncycastle/math/ec/custom/gm/SM2P256V1FieldElement.class DONE
/org/apache/lucene/document/XYShapeDocValues.class DONE
/org/apache/lucene/document/XYShapeDocValues.class starting
/org/apache/lucene/document/XYShapeDocValues.class DONE
/org/apache/lucene/document/XYShapeDocValues.class starting
/org/apache/lucene/document/XYShapeDocValues.class DONE
/org/apache/lucene/document/XYShapeDocValues.class starting
/org/apache/lucene/document/XYShapeDocValues.class DONE
/org/bouncycastle/math/ec/custom/gm/SM2P256V1FieldElement.class starting
/org/bouncycastle/math/ec/custom/gm/SM2P256V1FieldElement.class DONE
/org/bouncycastle/math/ec/custom/gm/SM2P256V1FieldElement.class starting
/org/bouncycastle/math/ec/custom/gm/SM2P256V1FieldElement.class DONE
/org/bouncycastle/math/ec/custom/gm/SM2P256V1FieldElement.class starting
/org/bouncycastle/math/ec/custom/gm/SM2P256V1FieldElement.class DONE
/org/apache/lucene/document/XYShapeDocValues.class starting
/org/apache/lucene/document/XYShapeDocValues.class DONE
/org/apache/lucene/document/XYShapeDocValues.class starting
/org/apache/lucene/document/XYShapeDocValues.class DONE
/org/apache/lucene/document/XYShapeDocValues.class starting
/org/apache/lucene/document/XYShapeDocValues.class DONE
/org/bouncycastle/math/ec/custom/gm/SM2P256V1FieldElement.class starting
/org/bouncycastle/math/ec/custom/gm/SM2P256V1FieldElement.class DONE
/org/bouncycastle/math/ec/custom/gm/SM2P256V1FieldElement.class starting
/org/bouncycastle/math/ec/custom/gm/SM2P256V1FieldElement.class DONE
/org/bouncycastle/math/ec/custom/gm/SM2P256V1FieldElement.class starting
/org/bouncycastle/math/ec/custom/gm/SM2P256V1FieldElement.class DONE
/org/apache/lucene/document/XYShapeDocValues.class starting
/org/apache/lucene/document/XYShapeDocValues.class DONE
/org/bouncycastle/math/ec/custom/gm/SM2P256V1FieldElement.class starting
/org/bouncycastle/math/ec/custom/gm/SM2P256V1FieldElement.class DONE
/org/apache/lucene/document/XYShapeDocValues.class starting
/org/apache/lucene/document/XYShapeDocValues.class DONE
/org/bouncycastle/math/ec/custom/gm/SM2P256V1FieldElement.class starting
/org/bouncycastle/math/ec/custom/gm/SM2P256V1FieldElement.class DONE
/org/bouncycastle/math/ec/custom/gm/SM2P256V1FieldElement.class starting
/org/bouncycastle/math/ec/custom/gm/SM2P256V1FieldElement.class DONE
/org/apache/lucene/document/XYShapeDocValues.class starting
/org/apache/lucene/document/XYShapeDocValues.class DONE
/org/bouncycastle/math/ec/custom/gm/SM2P256V1FieldElement.class starting
/org/bouncycastle/math/ec/custom/gm/SM2P256V1FieldElement.class DONE
/org/apache/lucene/document/XYShapeDocValues.class starting
/org/apache/lucene/document/XYShapeDocValues.class DONE
/org/bouncycastle/math/ec/custom/gm/SM2P256V1FieldElement.class starting
/org/bouncycastle/math/ec/custom/gm/SM2P256V1FieldElement.class DONE
/org/apache/lucene/document/XYShapeDocValues.class starting
/org/apache/lucene/document/XYShapeDocValues.class DONE
/org/bouncycastle/math/ec/custom/gm/SM2P256V1FieldElement.class starting
/org/bouncycastle/math/ec/custom/gm/SM2P256V1FieldElement.class DONE
/org/apache/lucene/document/XYShapeDocValues.class starting
/org/apache/lucene/document/XYShapeDocValues.class DONE
/org/bouncycastle/math/ec/custom/gm/SM2P256V1FieldElement.class starting
/org/bouncycastle/math/ec/custom/gm/SM2P256V1FieldElement.class DONE
/org/apache/lucene/document/XYShapeDocValues.class starting
/org/apache/lucene/document/XYShapeDocValues.class DONE
/org/bouncycastle/math/ec/custom/gm/SM2P256V1FieldElement.class starting
/org/bouncycastle/math/ec/custom/gm/SM2P256V1FieldElement.class DONE
/org/apache/lucene/document/XYShapeDocValues.class starting
/org/bouncycastle/math/ec/custom/gm/SM2P256V1FieldElement.class starting
/org/bouncycastle/math/ec/custom/gm/SM2P256V1FieldElement.class DONE
/org/apache/lucene/document/XYShapeDocValues.class DONE
/org/bouncycastle/math/ec/custom/gm/SM2P256V1FieldElement.class starting
/org/bouncycastle/math/ec/custom/gm/SM2P256V1FieldElement.class DONE
/org/apache/lucene/document/XYShapeDocValues.class starting
/org/apache/lucene/document/XYShapeDocValues.class DONE
/org/bouncycastle/math/ec/custom/gm/SM2P256V1FieldElement.class starting
/org/bouncycastle/math/ec/custom/gm/SM2P256V1FieldElement.class DONE
/org/apache/lucene/document/XYShapeDocValues.class starting
/org/apache/lucene/document/XYShapeDocValues.class DONE
/org/bouncycastle/math/ec/custom/gm/SM2P256V1FieldElement.class starting
/org/bouncycastle/math/ec/custom/gm/SM2P256V1FieldElement.class DONE
/org/apache/lucene/document/XYShapeDocValues.class starting
/org/apache/lucene/document/XYShapeDocValues.class DONE
/org/bouncycastle/math/ec/custom/gm/SM2P256V1FieldElement.class starting
/org/bouncycastle/math/ec/custom/gm/SM2P256V1FieldElement.class DONE
/org/apache/lucene/document/XYShapeDocValues.class starting
/org/apache/lucene/document/XYShapeDocValues.class DONE
/org/bouncycastle/math/ec/custom/gm/SM2P256V1FieldElement.class starting
/org/bouncycastle/math/ec/custom/gm/SM2P256V1FieldElement.class DONE
/org/apache/lucene/document/XYShapeDocValues.class starting
/org/apache/lucene/document/XYShapeDocValues.class DONE
/org/bouncycastle/math/ec/custom/gm/SM2P256V1FieldElement.class starting
/org/bouncycastle/math/ec/custom/gm/SM2P256V1FieldElement.class DONE
/org/bouncycastle/math/ec/custom/gm/SM2P256V1FieldElement.class starting
/org/bouncycastle/math/ec/custom/gm/SM2P256V1FieldElement.class DONE
/org/apache/lucene/document/XYShapeDocValues.class starting
/org/apache/lucene/document/XYShapeDocValues.class DONE
/org/bouncycastle/math/ec/custom/gm/SM2P256V1FieldElement.class starting
/org/bouncycastle/math/ec/custom/gm/SM2P256V1FieldElement.class DONE
/org/bouncycastle/math/ec/custom/gm/SM2P256V1FieldElement.class starting
/org/bouncycastle/math/ec/custom/gm/SM2P256V1FieldElement.class DONE
/org/bouncycastle/math/ec/custom/gm/SM2P256V1FieldElement.class starting
/org/bouncycastle/math/ec/custom/gm/SM2P256V1FieldElement.class DONE
/org/bouncycastle/math/ec/custom/gm/SM2P256V1FieldElement.class starting
/org/bouncycastle/math/ec/custom/gm/SM2P256V1FieldElement.class DONE
/org/bouncycastle/math/ec/custom/gm/SM2P256V1FieldElement.class starting
/org/bouncycastle/math/ec/custom/gm/SM2P256V1FieldElement.class DONE
/org/bouncycastle/math/ec/custom/gm/SM2P256V1FieldElement.class starting
/org/bouncycastle/math/ec/custom/gm/SM2P256V1FieldElement.class DONE
/org/bouncycastle/math/ec/custom/gm/SM2P256V1FieldElement.class starting
/org/bouncycastle/math/ec/custom/gm/SM2P256V1FieldElement.class DONE
/org/bouncycastle/math/ec/custom/gm/SM2P256V1FieldElement.class starting
/org/bouncycastle/math/ec/custom/gm/SM2P256V1FieldElement.class DONE
/org/bouncycastle/math/ec/custom/gm/SM2P256V1FieldElement.class starting
/org/bouncycastle/math/ec/custom/gm/SM2P256V1FieldElement.class DONE
/org/apache/lucene/document/XYShapeDocValues.class starting
/org/apache/lucene/document/XYShapeDocValues.class DONE
/org/apache/lucene/document/XYShapeDocValues.class starting
/org/apache/lucene/document/XYShapeDocValues.class DONE
/org/apache/lucene/document/XYShapeDocValues.class starting
/org/apache/lucene/document/XYShapeDocValues.class DONE
/org/bouncycastle/math/ec/custom/gm/SM2P256V1FieldElement.class starting
/org/bouncycastle/math/ec/custom/gm/SM2P256V1FieldElement.class DONE
/org/apache/lucene/document/XYShapeDocValues.class starting
/org/apache/lucene/document/XYShapeDocValues.class DONE
/org/bouncycastle/math/ec/custom/gm/SM2P256V1FieldElement.class starting
/org/bouncycastle/math/ec/custom/gm/SM2P256V1FieldElement.class DONE
/org/bouncycastle/math/ec/custom/gm/SM2P256V1FieldElement.class starting
/org/bouncycastle/math/ec/custom/gm/SM2P256V1FieldElement.class DONE
/org/apache/lucene/document/XYShapeDocValues.class starting
/org/apache/lucene/document/XYShapeDocValues.class DONE
/org/bouncycastle/math/ec/custom/gm/SM2P256V1FieldElement.class starting
/org/bouncycastle/math/ec/custom/gm/SM2P256V1FieldElement.class DONE
/org/apache/lucene/document/XYShapeDocValues.class starting
/org/apache/lucene/document/XYShapeDocValues.class DONE
/org/bouncycastle/math/ec/custom/gm/SM2P256V1FieldElement.class starting
/org/bouncycastle/math/ec/custom/gm/SM2P256V1FieldElement.class DONE
/org/apache/lucene/document/XYShapeDocValues.class starting
/org/apache/lucene/document/XYShapeDocValues.class DONE
/org/bouncycastle/math/ec/custom/gm/SM2P256V1FieldElement.class starting
/org/bouncycastle/math/ec/custom/gm/SM2P256V1FieldElement.class DONE
/org/apache/lucene/document/XYShapeDocValues.class starting
/org/apache/lucene/document/XYShapeDocValues.class DONE
/org/bouncycastle/math/ec/custom/gm/SM2P256V1FieldElement.class starting
/org/bouncycastle/math/ec/custom/gm/SM2P256V1FieldElement.class DONE
/org/apache/lucene/document/XYShapeDocValues.class starting
/org/apache/lucene/document/XYShapeDocValues.class DONE
/org/apache/lucene/document/XYShapeDocValues.class starting
/org/apache/lucene/document/XYShapeDocValues.class DONE
/org/bouncycastle/math/ec/custom/gm/SM2P256V1FieldElement.class starting
/org/bouncycastle/math/ec/custom/gm/SM2P256V1FieldElement.class DONE
/org/bouncycastle/math/ec/custom/gm/SM2P256V1FieldElement.class starting
/org/bouncycastle/math/ec/custom/gm/SM2P256V1FieldElement.class DONE
/org/apache/lucene/document/XYShapeDocValues.class starting
/org/apache/lucene/document/XYShapeDocValues.class DONE
/org/bouncycastle/math/ec/custom/gm/SM2P256V1FieldElement.class starting
/org/bouncycastle/math/ec/custom/gm/SM2P256V1FieldElement.class DONE
/org/apache/lucene/document/XYShapeDocValues.class starting
/org/apache/lucene/document/XYShapeDocValues.class DONE
/org/bouncycastle/math/ec/custom/gm/SM2P256V1FieldElement.class starting
/org/bouncycastle/math/ec/custom/gm/SM2P256V1FieldElement.class DONE
/org/apache/lucene/document/XYShapeDocValues.class starting
/org/apache/lucene/document/XYShapeDocValues.class DONE
/org/bouncycastle/math/ec/custom/gm/SM2P256V1FieldElement.class starting
/org/bouncycastle/math/ec/custom/gm/SM2P256V1FieldElement.class DONE
/org/apache/lucene/document/XYShapeDocValues.class starting
/org/apache/lucene/document/XYShapeDocValues.class DONE
/org/bouncycastle/math/ec/custom/gm/SM2P256V1FieldElement.class starting
/org/bouncycastle/math/ec/custom/gm/SM2P256V1FieldElement.class DONE
/org/apache/lucene/document/XYShapeDocValues.class starting
/org/apache/lucene/document/XYShapeDocValues.class DONE
/org/bouncycastle/math/ec/custom/gm/SM2P256V1FieldElement.class starting
/org/bouncycastle/math/ec/custom/gm/SM2P256V1FieldElement.class DONE
/org/apache/lucene/document/XYShapeDocValues.class starting
/org/apache/lucene/document/XYShapeDocValues.class DONE
/org/bouncycastle/math/ec/custom/gm/SM2P256V1FieldElement.class starting
/org/bouncycastle/math/ec/custom/gm/SM2P256V1FieldElement.class DONE
/org/apache/lucene/document/XYShapeDocValues.class starting
/org/apache/lucene/document/XYShapeDocValues.class DONE
/org/bouncycastle/math/ec/custom/gm/SM2P256V1FieldElement.class starting
/org/bouncycastle/math/ec/custom/gm/SM2P256V1FieldElement.class DONE
/org/apache/lucene/document/XYShapeDocValues.class starting
/org/apache/lucene/document/XYShapeDocValues.class DONE
/org/bouncycastle/math/ec/custom/gm/SM2P256V1FieldElement.class starting
/org/bouncycastle/math/ec/custom/gm/SM2P256V1FieldElement.class DONE
/org/apache/lucene/document/XYShapeDocValues.class starting
/org/apache/lucene/document/XYShapeDocValues.class DONE
/org/bouncycastle/math/ec/custom/gm/SM2P256V1FieldElement.class starting
/org/bouncycastle/math/ec/custom/gm/SM2P256V1FieldElement.class DONE
/org/bouncycastle/math/ec/custom/gm/SM2P256V1FieldElement.class starting
/org/bouncycastle/math/ec/custom/gm/SM2P256V1FieldElement.class DONE
/org/apache/lucene/document/XYShapeDocValues.class starting
/org/apache/lucene/document/XYShapeDocValues.class DONE
/org/bouncycastle/math/ec/custom/gm/SM2P256V1FieldElement.class starting
/org/bouncycastle/math/ec/custom/gm/SM2P256V1FieldElement.class DONE
/org/apache/lucene/document/XYShapeDocValues.class starting
/org/apache/lucene/document/XYShapeDocValues.class DONE
/org/bouncycastle/math/ec/custom/gm/SM2P256V1FieldElement.class starting
/org/bouncycastle/math/ec/custom/gm/SM2P256V1FieldElement.class DONE
/org/apache/lucene/document/XYShapeDocValues.class starting
/org/apache/lucene/document/XYShapeDocValues.class DONE
/org/bouncycastle/math/ec/custom/gm/SM2P256V1FieldElement.class starting
/org/bouncycastle/math/ec/custom/gm/SM2P256V1FieldElement.class DONE
/org/apache/lucene/document/XYShapeDocValues.class starting
/org/apache/lucene/document/XYShapeDocValues.class DONE
/org/bouncycastle/math/ec/custom/gm/SM2P256V1FieldElement.class starting
/org/bouncycastle/math/ec/custom/gm/SM2P256V1FieldElement.class DONE
/org/apache/lucene/document/XYShapeDocValues.class starting
/org/apache/lucene/document/XYShapeDocValues.class DONE
/org/bouncycastle/math/ec/custom/gm/SM2P256V1FieldElement.class starting
/org/bouncycastle/math/ec/custom/gm/SM2P256V1FieldElement.class DONE
/org/apache/lucene/document/XYShapeDocValues.class starting
/org/apache/lucene/document/XYShapeDocValues.class DONE
/org/apache/lucene/document/XYShapeDocValues.class starting
/org/apache/lucene/document/XYShapeDocValues.class DONE
/org/apache/lucene/document/XYShapeDocValues.class starting
/org/bouncycastle/math/ec/custom/gm/SM2P256V1FieldElement.class starting
/org/bouncycastle/math/ec/custom/gm/SM2P256V1FieldElement.class DONE
/org/bouncycastle/math/ec/custom/gm/SM2P256V1FieldElement.class starting
/org/bouncycastle/math/ec/custom/gm/SM2P256V1FieldElement.class DONE
/org/apache/lucene/document/XYShapeDocValues.class DONE
/org/apache/lucene/document/XYShapeDocValues.class starting
/org/apache/lucene/document/XYShapeDocValues.class DONE
/org/bouncycastle/math/ec/custom/gm/SM2P256V1FieldElement.class starting
/org/bouncycastle/math/ec/custom/gm/SM2P256V1FieldElement.class DONE
/org/apache/lucene/document/XYShapeDocValues.class starting
/org/apache/lucene/document/XYShapeDocValues.class DONE
/org/bouncycastle/math/ec/custom/gm/SM2P256V1FieldElement.class starting
/org/bouncycastle/math/ec/custom/gm/SM2P256V1FieldElement.class DONE
/org/apache/lucene/document/XYShapeDocValues.class starting
/org/apache/lucene/document/XYShapeDocValues.class DONE
/org/bouncycastle/math/ec/custom/gm/SM2P256V1FieldElement.class starting
/org/bouncycastle/math/ec/custom/gm/SM2P256V1FieldElement.class DONE
/org/apache/lucene/document/XYShapeDocValues.class starting
/org/apache/lucene/document/XYShapeDocValues.class DONE
/org/bouncycastle/math/ec/custom/gm/SM2P256V1FieldElement.class starting
/org/bouncycastle/math/ec/custom/gm/SM2P256V1FieldElement.class DONE
/org/apache/lucene/document/XYShapeDocValues.class starting
/org/apache/lucene/document/XYShapeDocValues.class DONE
/org/apache/lucene/document/XYShapeDocValues.class starting
/org/apache/lucene/document/XYShapeDocValues.class DONE
/org/apache/lucene/document/XYShapeDocValues.class starting
/org/apache/lucene/document/XYShapeDocValues.class DONE
/org/bouncycastle/math/ec/custom/gm/SM2P256V1FieldElement.class starting
/org/bouncycastle/math/ec/custom/gm/SM2P256V1FieldElement.class DONE
/org/apache/lucene/document/XYShapeDocValues.class starting
/org/apache/lucene/document/XYShapeDocValues.class DONE
/org/bouncycastle/math/ec/custom/gm/SM2P256V1FieldElement.class starting
/org/bouncycastle/math/ec/custom/gm/SM2P256V1FieldElement.class DONE
/org/apache/lucene/document/XYShapeDocValues.class starting
/org/apache/lucene/document/XYShapeDocValues.class DONE
/org/apache/lucene/document/XYShapeDocValues.class starting
/org/bouncycastle/math/ec/custom/gm/SM2P256V1FieldElement.class starting
/org/apache/lucene/document/XYShapeDocValues.class DONE
/org/bouncycastle/math/ec/custom/gm/SM2P256V1FieldElement.class DONE
/org/bouncycastle/math/ec/custom/gm/SM2P256V1FieldElement.class starting
/org/bouncycastle/math/ec/custom/gm/SM2P256V1FieldElement.class DONE
/org/apache/lucene/document/XYShapeDocValues.class starting
/org/apache/lucene/document/XYShapeDocValues.class DONE
/org/bouncycastle/math/ec/custom/gm/SM2P256V1FieldElement.class starting
/org/bouncycastle/math/ec/custom/gm/SM2P256V1FieldElement.class DONE
/org/bouncycastle/math/ec/custom/gm/SM2P256V1FieldElement.class starting
/org/bouncycastle/math/ec/custom/gm/SM2P256V1FieldElement.class DONE
/org/apache/lucene/document/XYShapeDocValues.class starting
/org/apache/lucene/document/XYShapeDocValues.class DONE
/org/bouncycastle/math/ec/custom/gm/SM2P256V1FieldElement.class starting
/org/bouncycastle/math/ec/custom/gm/SM2P256V1FieldElement.class DONE
/org/apache/lucene/document/XYShapeDocValues.class starting
/org/apache/lucene/document/XYShapeDocValues.class DONE
/org/bouncycastle/math/ec/custom/gm/SM2P256V1FieldElement.class starting
/org/bouncycastle/math/ec/custom/gm/SM2P256V1FieldElement.class DONE
/org/bouncycastle/math/ec/custom/gm/SM2P256V1FieldElement.class starting
/org/bouncycastle/math/ec/custom/gm/SM2P256V1FieldElement.class DONE
/org/apache/lucene/document/XYShapeDocValues.class starting
/org/apache/lucene/document/XYShapeDocValues.class DONE
/org/bouncycastle/math/ec/custom/gm/SM2P256V1FieldElement.class starting
/org/bouncycastle/math/ec/custom/gm/SM2P256V1FieldElement.class DONE
/org/apache/lucene/document/XYShapeDocValues.class starting
/org/apache/lucene/document/XYShapeDocValues.class DONE
/org/bouncycastle/math/ec/custom/gm/SM2P256V1FieldElement.class starting
/org/bouncycastle/math/ec/custom/gm/SM2P256V1FieldElement.class DONE
/org/bouncycastle/math/ec/custom/gm/SM2P256V1FieldElement.class starting
/org/bouncycastle/math/ec/custom/gm/SM2P256V1FieldElement.class DONE
/org/apache/lucene/document/XYShapeDocValues.class starting
/org/apache/lucene/document/XYShapeDocValues.class DONE
/org/bouncycastle/math/ec/custom/gm/SM2P256V1FieldElement.class starting
/org/bouncycastle/math/ec/custom/gm/SM2P256V1FieldElement.class DONE
/org/apache/lucene/document/XYShapeDocValues.class starting
/org/apache/lucene/document/XYShapeDocValues.class DONE
/org/bouncycastle/math/ec/custom/gm/SM2P256V1FieldElement.class starting
/org/bouncycastle/math/ec/custom/gm/SM2P256V1FieldElement.class DONE
/org/apache/lucene/document/XYShapeDocValues.class starting
/org/apache/lucene/document/XYShapeDocValues.class DONE
/org/bouncycastle/math/ec/custom/gm/SM2P256V1FieldElement.class starting
/org/bouncycastle/math/ec/custom/gm/SM2P256V1FieldElement.class DONE
/org/apache/lucene/document/XYShapeDocValues.class starting
/org/apache/lucene/document/XYShapeDocValues.class DONE
/org/apache/lucene/document/XYShapeDocValues.class starting
/org/apache/lucene/document/XYShapeDocValues.class DONE
/org/apache/lucene/document/XYShapeDocValues.class starting
/org/apache/lucene/document/XYShapeDocValues.class DONE
/org/bouncycastle/math/ec/custom/gm/SM2P256V1FieldElement.class starting
/org/bouncycastle/math/ec/custom/gm/SM2P256V1FieldElement.class DONE
/org/apache/lucene/document/XYShapeDocValues.class starting
/org/apache/lucene/document/XYShapeDocValues.class DONE
/org/bouncycastle/math/ec/custom/gm/SM2P256V1FieldElement.class starting
/org/bouncycastle/math/ec/custom/gm/SM2P256V1FieldElement.class DONE
/org/apache/lucene/document/XYShapeDocValues.class starting
/org/apache/lucene/document/XYShapeDocValues.class DONE
/org/bouncycastle/math/ec/custom/gm/SM2P256V1FieldElement.class starting
/org/bouncycastle/math/ec/custom/gm/SM2P256V1FieldElement.class DONE
/org/apache/lucene/document/XYShapeDocValues.class starting
/org/apache/lucene/document/XYShapeDocValues.class DONE
/org/bouncycastle/math/ec/custom/gm/SM2P256V1FieldElement.class starting
/org/bouncycastle/math/ec/custom/gm/SM2P256V1FieldElement.class DONE
/org/apache/lucene/document/XYShapeDocValues.class starting
/org/apache/lucene/document/XYShapeDocValues.class DONE
/org/apache/lucene/document/XYShapeDocValues.class starting
/org/apache/lucene/document/XYShapeDocValues.class DONE
/org/bouncycastle/math/ec/custom/gm/SM2P256V1FieldElement.class starting
/org/bouncycastle/math/ec/custom/gm/SM2P256V1FieldElement.class DONE
/org/apache/lucene/document/XYShapeDocValues.class starting
/org/apache/lucene/document/XYShapeDocValues.class DONE
/org/bouncycastle/math/ec/custom/gm/SM2P256V1FieldElement.class starting
/org/bouncycastle/math/ec/custom/gm/SM2P256V1FieldElement.class DONE
/org/apache/lucene/document/XYShapeDocValues.class starting
/org/apache/lucene/document/XYShapeDocValues.class DONE
/org/bouncycastle/math/ec/custom/gm/SM2P256V1FieldElement.class starting
/org/bouncycastle/math/ec/custom/gm/SM2P256V1FieldElement.class DONE
/org/apache/lucene/document/XYShapeDocValues.class starting
/org/apache/lucene/document/XYShapeDocValues.class DONE
/org/bouncycastle/math/ec/custom/gm/SM2P256V1FieldElement.class starting
/org/bouncycastle/math/ec/custom/gm/SM2P256V1FieldElement.class DONE
/org/bouncycastle/math/ec/custom/gm/SM2P256V1FieldElement.class starting
/org/bouncycastle/math/ec/custom/gm/SM2P256V1FieldElement.class DONE
/org/apache/lucene/document/XYShapeDocValues.class starting
/org/apache/lucene/document/XYShapeDocValues.class DONE
/org/bouncycastle/math/ec/custom/gm/SM2P256V1FieldElement.class starting
/org/bouncycastle/math/ec/custom/gm/SM2P256V1FieldElement.class DONE
/org/apache/lucene/document/XYShapeDocValues.class starting
/org/apache/lucene/document/XYShapeDocValues.class DONE
/org/bouncycastle/math/ec/custom/gm/SM2P256V1FieldElement.class starting
/org/bouncycastle/math/ec/custom/gm/SM2P256V1FieldElement.class DONE
/org/bouncycastle/math/ec/custom/gm/SM2P256V1FieldElement.class starting
/org/bouncycastle/math/ec/custom/gm/SM2P256V1FieldElement.class DONE
/org/apache/lucene/document/XYShapeDocValues.class starting
/org/apache/lucene/document/XYShapeDocValues.class DONE
/org/apache/lucene/document/XYShapeDocValues.class starting
/org/apache/lucene/document/XYShapeDocValues.class DONE
/org/apache/lucene/document/XYShapeDocValues.class starting
/org/apache/lucene/document/XYShapeDocValues.class DONE
/org/bouncycastle/math/ec/custom/gm/SM2P256V1FieldElement.class starting
/org/bouncycastle/math/ec/custom/gm/SM2P256V1FieldElement.class DONE
/org/apache/lucene/document/XYShapeDocValues.class starting
/org/apache/lucene/document/XYShapeDocValues.class DONE
/org/bouncycastle/math/ec/custom/gm/SM2P256V1FieldElement.class starting
/org/bouncycastle/math/ec/custom/gm/SM2P256V1FieldElement.class DONE
/org/apache/lucene/document/XYShapeDocValues.class starting
/org/apache/lucene/document/XYShapeDocValues.class DONE
/org/bouncycastle/math/ec/custom/gm/SM2P256V1FieldElement.class starting
/org/bouncycastle/math/ec/custom/gm/SM2P256V1FieldElement.class DONE
/org/apache/lucene/document/XYShapeDocValues.class starting
/org/apache/lucene/document/XYShapeDocValues.class DONE
/org/bouncycastle/math/ec/custom/gm/SM2P256V1FieldElement.class starting
/org/bouncycastle/math/ec/custom/gm/SM2P256V1FieldElement.class DONE
/org/bouncycastle/math/ec/custom/gm/SM2P256V1FieldElement.class starting
/org/bouncycastle/math/ec/custom/gm/SM2P256V1FieldElement.class DONE
/org/apache/lucene/document/XYShapeDocValues.class starting
/org/apache/lucene/document/XYShapeDocValues.class DONE
/org/bouncycastle/math/ec/custom/gm/SM2P256V1FieldElement.class starting
/org/bouncycastle/math/ec/custom/gm/SM2P256V1FieldElement.class DONE
/org/apache/lucene/document/XYShapeDocValues.class starting
/org/apache/lucene/document/XYShapeDocValues.class DONE
/org/bouncycastle/math/ec/custom/gm/SM2P256V1FieldElement.class starting
/org/bouncycastle/math/ec/custom/gm/SM2P256V1FieldElement.class DONE
/org/apache/lucene/document/XYShapeDocValues.class starting
/org/apache/lucene/document/XYShapeDocValues.class DONE
/org/bouncycastle/math/ec/custom/gm/SM2P256V1FieldElement.class starting
/org/bouncycastle/math/ec/custom/gm/SM2P256V1FieldElement.class DONE
/org/apache/lucene/document/XYShapeDocValues.class starting
/org/apache/lucene/document/XYShapeDocValues.class DONE
/org/bouncycastle/math/ec/custom/gm/SM2P256V1FieldElement.class starting
/org/bouncycastle/math/ec/custom/gm/SM2P256V1FieldElement.class DONE
/org/apache/lucene/document/XYShapeDocValues.class starting
/org/apache/lucene/document/XYShapeDocValues.class DONE
/org/bouncycastle/math/ec/custom/gm/SM2P256V1FieldElement.class starting
/org/bouncycastle/math/ec/custom/gm/SM2P256V1FieldElement.class DONE
/org/apache/lucene/document/XYShapeDocValues.class starting
/org/apache/lucene/document/XYShapeDocValues.class DONE
/org/bouncycastle/math/ec/custom/gm/SM2P256V1FieldElement.class starting
/org/bouncycastle/math/ec/custom/gm/SM2P256V1FieldElement.class DONE
/org/apache/lucene/document/XYShapeDocValues.class starting
/org/apache/lucene/document/XYShapeDocValues.class DONE
/org/apache/lucene/document/XYShapeDocValues.class starting
/org/apache/lucene/document/XYShapeDocValues.class DONE
/org/bouncycastle/math/ec/custom/gm/SM2P256V1FieldElement.class starting
/org/bouncycastle/math/ec/custom/gm/SM2P256V1FieldElement.class DONE
/org/apache/lucene/document/XYShapeDocValues.class starting
/org/apache/lucene/document/XYShapeDocValues.class DONE
/org/bouncycastle/math/ec/custom/gm/SM2P256V1FieldElement.class starting
/org/bouncycastle/math/ec/custom/gm/SM2P256V1FieldElement.class DONE
/org/apache/lucene/document/XYShapeDocValues.class starting
/org/apache/lucene/document/XYShapeDocValues.class DONE
/org/bouncycastle/math/ec/custom/gm/SM2P256V1FieldElement.class starting
/org/bouncycastle/math/ec/custom/gm/SM2P256V1FieldElement.class DONE
/org/apache/lucene/document/XYShapeDocValues.class starting
/org/apache/lucene/document/XYShapeDocValues.class DONE
/org/bouncycastle/math/ec/custom/gm/SM2P256V1FieldElement.class starting
/org/bouncycastle/math/ec/custom/gm/SM2P256V1FieldElement.class DONE
/org/bouncycastle/math/ec/custom/gm/SM2P256V1FieldElement.class starting
/org/bouncycastle/math/ec/custom/gm/SM2P256V1FieldElement.class DONE
/org/apache/lucene/document/XYShapeDocValues.class starting
/org/apache/lucene/document/XYShapeDocValues.class DONE
/org/bouncycastle/math/ec/custom/gm/SM2P256V1FieldElement.class starting
/org/bouncycastle/math/ec/custom/gm/SM2P256V1FieldElement.class DONE
/org/apache/lucene/document/XYShapeDocValues.class starting
/org/apache/lucene/document/XYShapeDocValues.class DONE
/org/bouncycastle/math/ec/custom/gm/SM2P256V1FieldElement.class starting
/org/bouncycastle/math/ec/custom/gm/SM2P256V1FieldElement.class DONE
/org/apache/lucene/document/XYShapeDocValues.class starting
/org/apache/lucene/document/XYShapeDocValues.class DONE
/org/bouncycastle/math/ec/custom/gm/SM2P256V1FieldElement.class starting
/org/bouncycastle/math/ec/custom/gm/SM2P256V1FieldElement.class DONE
/org/apache/lucene/document/XYShapeDocValues.class starting
/org/apache/lucene/document/XYShapeDocValues.class DONE
/org/bouncycastle/math/ec/custom/gm/SM2P256V1FieldElement.class starting
/org/bouncycastle/math/ec/custom/gm/SM2P256V1FieldElement.class DONE
/org/apache/lucene/document/XYShapeDocValues.class starting
/org/apache/lucene/document/XYShapeDocValues.class DONE
/org/bouncycastle/math/ec/custom/gm/SM2P256V1FieldElement.class starting
/org/bouncycastle/math/ec/custom/gm/SM2P256V1FieldElement.class DONE
/org/apache/lucene/document/XYShapeDocValues.class starting
/org/apache/lucene/document/XYShapeDocValues.class DONE
/org/bouncycastle/math/ec/custom/gm/SM2P256V1FieldElement.class starting
/org/bouncycastle/math/ec/custom/gm/SM2P256V1FieldElement.class DONE
/org/apache/lucene/document/XYShapeDocValues.class starting
/org/apache/lucene/document/XYShapeDocValues.class DONE
/org/bouncycastle/math/ec/custom/gm/SM2P256V1FieldElement.class starting
/org/bouncycastle/math/ec/custom/gm/SM2P256V1FieldElement.class DONE
/org/apache/lucene/document/XYShapeDocValues.class starting
/org/apache/lucene/document/XYShapeDocValues.class DONE
/org/bouncycastle/math/ec/custom/gm/SM2P256V1FieldElement.class starting
/org/bouncycastle/math/ec/custom/gm/SM2P256V1FieldElement.class DONE
/org/apache/lucene/document/XYShapeDocValues.class starting
/org/apache/lucene/document/XYShapeDocValues.class DONE
/org/bouncycastle/math/ec/custom/gm/SM2P256V1FieldElement.class starting
/org/bouncycastle/math/ec/custom/gm/SM2P256V1FieldElement.class DONE
/org/apache/lucene/document/XYShapeDocValues.class starting
/org/apache/lucene/document/XYShapeDocValues.class DONE
/org/bouncycastle/math/ec/custom/gm/SM2P256V1FieldElement.class starting
/org/bouncycastle/math/ec/custom/gm/SM2P256V1FieldElement.class DONE
/org/apache/lucene/document/XYShapeDocValues.class starting
/org/apache/lucene/document/XYShapeDocValues.class DONE
/org/bouncycastle/math/ec/custom/gm/SM2P256V1FieldElement.class starting
/org/bouncycastle/math/ec/custom/gm/SM2P256V1FieldElement.class DONE
/org/bouncycastle/math/ec/custom/gm/SM2P256V1FieldElement.class starting
/org/bouncycastle/math/ec/custom/gm/SM2P256V1FieldElement.class DONE
/org/bouncycastle/math/ec/custom/gm/SM2P256V1FieldElement.class starting
/org/bouncycastle/math/ec/custom/gm/SM2P256V1FieldElement.class DONE
/org/bouncycastle/math/ec/custom/gm/SM2P256V1FieldElement.class starting
/org/bouncycastle/math/ec/custom/gm/SM2P256V1FieldElement.class DONE
/org/bouncycastle/math/ec/custom/gm/SM2P256V1FieldElement.class starting
/org/bouncycastle/math/ec/custom/gm/SM2P256V1FieldElement.class DONE
/org/apache/lucene/document/XYShapeDocValues.class starting
/org/apache/lucene/document/XYShapeDocValues.class DONE
/org/bouncycastle/math/ec/custom/gm/SM2P256V1FieldElement.class starting
/org/bouncycastle/math/ec/custom/gm/SM2P256V1FieldElement.class DONE
/org/apache/lucene/document/XYShapeDocValues.class starting
/org/apache/lucene/document/XYShapeDocValues.class DONE
/org/bouncycastle/math/ec/custom/gm/SM2P256V1FieldElement.class starting
/org/bouncycastle/math/ec/custom/gm/SM2P256V1FieldElement.class DONE
/org/apache/lucene/document/XYShapeDocValues.class starting
/org/apache/lucene/document/XYShapeDocValues.class DONE
/org/bouncycastle/math/ec/custom/gm/SM2P256V1FieldElement.class starting
/org/bouncycastle/math/ec/custom/gm/SM2P256V1FieldElement.class DONE
/org/apache/lucene/document/XYShapeDocValues.class starting
/org/apache/lucene/document/XYShapeDocValues.class DONE
/org/bouncycastle/math/ec/custom/gm/SM2P256V1FieldElement.class starting
/org/bouncycastle/math/ec/custom/gm/SM2P256V1FieldElement.class DONE
/org/bouncycastle/math/ec/custom/gm/SM2P256V1FieldElement.class starting
/org/bouncycastle/math/ec/custom/gm/SM2P256V1FieldElement.class DONE
/org/apache/lucene/document/XYShapeDocValues.class starting
/org/apache/lucene/document/XYShapeDocValues.class DONE
/org/bouncycastle/math/ec/custom/gm/SM2P256V1FieldElement.class starting
/org/bouncycastle/math/ec/custom/gm/SM2P256V1FieldElement.class DONE
/org/bouncycastle/math/ec/custom/gm/SM2P256V1FieldElement.class starting
/org/bouncycastle/math/ec/custom/gm/SM2P256V1FieldElement.class DONE
/org/apache/lucene/document/XYShapeDocValues.class starting
/org/apache/lucene/document/XYShapeDocValues.class DONE
/org/bouncycastle/math/ec/custom/gm/SM2P256V1FieldElement.class starting
/org/bouncycastle/math/ec/custom/gm/SM2P256V1FieldElement.class DONE
/org/apache/lucene/document/XYShapeDocValues.class starting
/org/apache/lucene/document/XYShapeDocValues.class DONE
/org/bouncycastle/math/ec/custom/gm/SM2P256V1FieldElement.class starting
/org/bouncycastle/math/ec/custom/gm/SM2P256V1FieldElement.class DONE
/org/apache/lucene/document/XYShapeDocValues.class starting
/org/apache/lucene/document/XYShapeDocValues.class DONE
/org/bouncycastle/math/ec/custom/gm/SM2P256V1FieldElement.class starting
/org/bouncycastle/math/ec/custom/gm/SM2P256V1FieldElement.class DONE
/org/apache/lucene/document/XYShapeDocValues.class starting
/org/apache/lucene/document/XYShapeDocValues.class DONE
/org/bouncycastle/math/ec/custom/gm/SM2P256V1FieldElement.class starting
/org/bouncycastle/math/ec/custom/gm/SM2P256V1FieldElement.class DONE
/org/apache/lucene/document/XYShapeDocValues.class starting
/org/apache/lucene/document/XYShapeDocValues.class DONE
/org/bouncycastle/math/ec/custom/gm/SM2P256V1FieldElement.class starting
/org/bouncycastle/math/ec/custom/gm/SM2P256V1FieldElement.class DONE
/org/apache/lucene/document/XYShapeDocValues.class starting
/org/apache/lucene/document/XYShapeDocValues.class DONE
/org/bouncycastle/math/ec/custom/gm/SM2P256V1FieldElement.class starting
/org/bouncycastle/math/ec/custom/gm/SM2P256V1FieldElement.class DONE
/org/apache/lucene/document/XYShapeDocValues.class starting
/org/apache/lucene/document/XYShapeDocValues.class DONE
/org/bouncycastle/math/ec/custom/gm/SM2P256V1FieldElement.class starting
/org/bouncycastle/math/ec/custom/gm/SM2P256V1FieldElement.class DONE
/org/bouncycastle/math/ec/custom/gm/SM2P256V1FieldElement.class starting
/org/apache/lucene/document/XYShapeDocValues.class starting
/org/apache/lucene/document/XYShapeDocValues.class DONE
/org/bouncycastle/math/ec/custom/gm/SM2P256V1FieldElement.class DONE
/org/bouncycastle/math/ec/custom/gm/SM2P256V1FieldElement.class starting
/org/bouncycastle/math/ec/custom/gm/SM2P256V1FieldElement.class DONE
/org/apache/lucene/document/XYShapeDocValues.class starting
/org/apache/lucene/document/XYShapeDocValues.class DONE
/org/bouncycastle/math/ec/custom/gm/SM2P256V1FieldElement.class starting
/org/bouncycastle/math/ec/custom/gm/SM2P256V1FieldElement.class DONE
/org/apache/lucene/document/XYShapeDocValues.class starting
/org/apache/lucene/document/XYShapeDocValues.class DONE
/org/bouncycastle/math/ec/custom/gm/SM2P256V1FieldElement.class starting
/org/bouncycastle/math/ec/custom/gm/SM2P256V1FieldElement.class DONE
/org/apache/lucene/document/XYShapeDocValues.class starting
/org/apache/lucene/document/XYShapeDocValues.class DONE
/org/bouncycastle/math/ec/custom/gm/SM2P256V1FieldElement.class starting
/org/bouncycastle/math/ec/custom/gm/SM2P256V1FieldElement.class DONE
/org/apache/lucene/document/XYShapeDocValues.class starting
/org/apache/lucene/document/XYShapeDocValues.class DONE
/org/bouncycastle/math/ec/custom/gm/SM2P256V1FieldElement.class starting
/org/bouncycastle/math/ec/custom/gm/SM2P256V1FieldElement.class DONE
/org/apache/lucene/document/XYShapeDocValues.class starting
/org/apache/lucene/document/XYShapeDocValues.class DONE
/org/bouncycastle/math/ec/custom/gm/SM2P256V1FieldElement.class starting
/org/bouncycastle/math/ec/custom/gm/SM2P256V1FieldElement.class DONE
/org/apache/lucene/document/XYShapeDocValues.class starting
/org/apache/lucene/document/XYShapeDocValues.class DONE
/org/bouncycastle/math/ec/custom/gm/SM2P256V1FieldElement.class starting
/org/bouncycastle/math/ec/custom/gm/SM2P256V1FieldElement.class DONE
/org/apache/lucene/document/XYShapeDocValues.class starting
/org/bouncycastle/math/ec/custom/gm/SM2P256V1FieldElement.class starting
/org/bouncycastle/math/ec/custom/gm/SM2P256V1FieldElement.class DONE
/org/apache/lucene/document/XYShapeDocValues.class DONE
/org/apache/lucene/document/XYShapeDocValues.class starting
/org/apache/lucene/document/XYShapeDocValues.class DONE
/org/bouncycastle/math/ec/custom/gm/SM2P256V1FieldElement.class starting
/org/bouncycastle/math/ec/custom/gm/SM2P256V1FieldElement.class DONE
/org/apache/lucene/document/XYShapeDocValues.class starting
/org/apache/lucene/document/XYShapeDocValues.class DONE
/org/bouncycastle/math/ec/custom/gm/SM2P256V1FieldElement.class starting
/org/bouncycastle/math/ec/custom/gm/SM2P256V1FieldElement.class DONE
/org/apache/lucene/document/XYShapeDocValues.class starting
/org/apache/lucene/document/XYShapeDocValues.class DONE
/org/bouncycastle/math/ec/custom/gm/SM2P256V1FieldElement.class starting
/org/bouncycastle/math/ec/custom/gm/SM2P256V1FieldElement.class DONE
/org/apache/lucene/document/XYShapeDocValues.class starting
/org/apache/lucene/document/XYShapeDocValues.class DONE
/org/apache/lucene/document/XYShapeDocValues.class starting
/org/apache/lucene/document/XYShapeDocValues.class DONE
/org/bouncycastle/math/ec/custom/gm/SM2P256V1FieldElement.class starting
/org/bouncycastle/math/ec/custom/gm/SM2P256V1FieldElement.class DONE
/org/apache/lucene/document/XYShapeDocValues.class starting
/org/apache/lucene/document/XYShapeDocValues.class DONE
/org/bouncycastle/math/ec/custom/gm/SM2P256V1FieldElement.class starting
/org/bouncycastle/math/ec/custom/gm/SM2P256V1FieldElement.class DONE
/org/apache/lucene/document/XYShapeDocValues.class starting
/org/apache/lucene/document/XYShapeDocValues.class DONE
/org/bouncycastle/math/ec/custom/gm/SM2P256V1FieldElement.class starting
/org/bouncycastle/math/ec/custom/gm/SM2P256V1FieldElement.class DONE
/org/bouncycastle/math/ec/custom/gm/SM2P256V1FieldElement.class starting
/org/bouncycastle/math/ec/custom/gm/SM2P256V1FieldElement.class DONE
/org/apache/lucene/document/XYShapeDocValues.class starting
/org/apache/lucene/document/XYShapeDocValues.class DONE
/org/bouncycastle/math/ec/custom/gm/SM2P256V1FieldElement.class starting
/org/bouncycastle/math/ec/custom/gm/SM2P256V1FieldElement.class DONE
/org/apache/lucene/document/XYShapeDocValues.class starting
/org/apache/lucene/document/XYShapeDocValues.class DONE
/org/bouncycastle/math/ec/custom/gm/SM2P256V1FieldElement.class starting
/org/bouncycastle/math/ec/custom/gm/SM2P256V1FieldElement.class DONE
/org/apache/lucene/document/XYShapeDocValues.class starting
/org/apache/lucene/document/XYShapeDocValues.class DONE
/org/bouncycastle/math/ec/custom/gm/SM2P256V1FieldElement.class starting
/org/bouncycastle/math/ec/custom/gm/SM2P256V1FieldElement.class DONE
/org/apache/lucene/document/XYShapeDocValues.class starting
/org/apache/lucene/document/XYShapeDocValues.class DONE
/org/apache/lucene/document/XYShapeDocValues.class starting
/org/apache/lucene/document/XYShapeDocValues.class DONE
/org/bouncycastle/math/ec/custom/gm/SM2P256V1FieldElement.class starting
/org/bouncycastle/math/ec/custom/gm/SM2P256V1FieldElement.class DONE
/org/apache/lucene/document/XYShapeDocValues.class starting
/org/bouncycastle/math/ec/custom/gm/SM2P256V1FieldElement.class starting
/org/bouncycastle/math/ec/custom/gm/SM2P256V1FieldElement.class DONE
/org/apache/lucene/document/XYShapeDocValues.class DONE
/org/apache/lucene/document/XYShapeDocValues.class starting
/org/apache/lucene/document/XYShapeDocValues.class DONE
/org/bouncycastle/math/ec/custom/gm/SM2P256V1FieldElement.class starting
/org/bouncycastle/math/ec/custom/gm/SM2P256V1FieldElement.class DONE
/org/apache/lucene/document/XYShapeDocValues.class starting
/org/apache/lucene/document/XYShapeDocValues.class DONE
/org/bouncycastle/math/ec/custom/gm/SM2P256V1FieldElement.class starting
/org/bouncycastle/math/ec/custom/gm/SM2P256V1FieldElement.class DONE
/org/apache/lucene/document/XYShapeDocValues.class starting
/org/apache/lucene/document/XYShapeDocValues.class DONE
/org/bouncycastle/math/ec/custom/gm/SM2P256V1FieldElement.class starting
/org/bouncycastle/math/ec/custom/gm/SM2P256V1FieldElement.class DONE
/org/apache/lucene/document/XYShapeDocValues.class starting
/org/apache/lucene/document/XYShapeDocValues.class DONE
/org/bouncycastle/math/ec/custom/gm/SM2P256V1FieldElement.class starting
/org/bouncycastle/math/ec/custom/gm/SM2P256V1FieldElement.class DONE
/org/apache/lucene/document/XYShapeDocValues.class starting
/org/apache/lucene/document/XYShapeDocValues.class DONE
/org/bouncycastle/math/ec/custom/gm/SM2P256V1FieldElement.class starting
/org/bouncycastle/math/ec/custom/gm/SM2P256V1FieldElement.class DONE
/org/bouncycastle/math/ec/custom/gm/SM2P256V1FieldElement.class starting
/org/bouncycastle/math/ec/custom/gm/SM2P256V1FieldElement.class DONE
/org/apache/lucene/document/XYShapeDocValues.class starting
/org/apache/lucene/document/XYShapeDocValues.class DONE
/org/apache/lucene/document/XYShapeDocValues.class starting
/org/apache/lucene/document/XYShapeDocValues.class DONE
/org/apache/lucene/document/XYShapeDocValues.class starting
/org/apache/lucene/document/XYShapeDocValues.class DONE
/org/bouncycastle/math/ec/custom/gm/SM2P256V1FieldElement.class starting
/org/bouncycastle/math/ec/custom/gm/SM2P256V1FieldElement.class DONE
/org/apache/lucene/document/XYShapeDocValues.class starting
/org/apache/lucene/document/XYShapeDocValues.class DONE
/org/bouncycastle/math/ec/custom/gm/SM2P256V1FieldElement.class starting
/org/bouncycastle/math/ec/custom/gm/SM2P256V1FieldElement.class DONE
/org/bouncycastle/math/ec/custom/gm/SM2P256V1FieldElement.class starting
/org/bouncycastle/math/ec/custom/gm/SM2P256V1FieldElement.class DONE
/org/apache/lucene/document/XYShapeDocValues.class starting
/org/apache/lucene/document/XYShapeDocValues.class DONE
/org/bouncycastle/math/ec/custom/gm/SM2P256V1FieldElement.class starting
/org/bouncycastle/math/ec/custom/gm/SM2P256V1FieldElement.class DONE
/org/apache/lucene/document/XYShapeDocValues.class starting
/org/apache/lucene/document/XYShapeDocValues.class DONE
/org/apache/lucene/document/XYShapeDocValues.class starting
/org/apache/lucene/document/XYShapeDocValues.class DONE
/org/bouncycastle/math/ec/custom/gm/SM2P256V1FieldElement.class starting
/org/bouncycastle/math/ec/custom/gm/SM2P256V1FieldElement.class DONE
/org/apache/lucene/document/XYShapeDocValues.class starting
/org/apache/lucene/document/XYShapeDocValues.class DONE
/org/bouncycastle/math/ec/custom/gm/SM2P256V1FieldElement.class starting
/org/bouncycastle/math/ec/custom/gm/SM2P256V1FieldElement.class DONE
/org/apache/lucene/document/XYShapeDocValues.class starting
/org/apache/lucene/document/XYShapeDocValues.class DONE
/org/bouncycastle/math/ec/custom/gm/SM2P256V1FieldElement.class starting
/org/bouncycastle/math/ec/custom/gm/SM2P256V1FieldElement.class DONE
/org/apache/lucene/document/XYShapeDocValues.class starting
/org/apache/lucene/document/XYShapeDocValues.class DONE
/org/bouncycastle/math/ec/custom/gm/SM2P256V1FieldElement.class starting
/org/bouncycastle/math/ec/custom/gm/SM2P256V1FieldElement.class DONE
/org/apache/lucene/document/XYShapeDocValues.class starting
/org/apache/lucene/document/XYShapeDocValues.class DONE
/org/bouncycastle/math/ec/custom/gm/SM2P256V1FieldElement.class starting
/org/bouncycastle/math/ec/custom/gm/SM2P256V1FieldElement.class DONE
/org/bouncycastle/math/ec/custom/gm/SM2P256V1FieldElement.class starting
/org/bouncycastle/math/ec/custom/gm/SM2P256V1FieldElement.class DONE
/org/bouncycastle/math/ec/custom/gm/SM2P256V1FieldElement.class starting
/org/bouncycastle/math/ec/custom/gm/SM2P256V1FieldElement.class DONE
/org/apache/lucene/document/XYShapeDocValues.class starting
/org/apache/lucene/document/XYShapeDocValues.class DONE
/org/apache/lucene/document/XYShapeDocValues.class starting
/org/apache/lucene/document/XYShapeDocValues.class DONE
/org/bouncycastle/math/ec/custom/gm/SM2P256V1FieldElement.class starting
/org/bouncycastle/math/ec/custom/gm/SM2P256V1FieldElement.class DONE
/org/apache/lucene/document/XYShapeDocValues.class starting
/org/apache/lucene/document/XYShapeDocValues.class DONE
/org/bouncycastle/math/ec/custom/gm/SM2P256V1FieldElement.class starting
/org/bouncycastle/math/ec/custom/gm/SM2P256V1FieldElement.class DONE
/org/apache/lucene/document/XYShapeDocValues.class starting
/org/apache/lucene/document/XYShapeDocValues.class DONE
/org/bouncycastle/math/ec/custom/gm/SM2P256V1FieldElement.class starting
/org/bouncycastle/math/ec/custom/gm/SM2P256V1FieldElement.class DONE
/org/apache/lucene/document/XYShapeDocValues.class starting
/org/apache/lucene/document/XYShapeDocValues.class DONE
/org/bouncycastle/math/ec/custom/gm/SM2P256V1FieldElement.class starting
/org/bouncycastle/math/ec/custom/gm/SM2P256V1FieldElement.class DONE
/org/apache/lucene/document/XYShapeDocValues.class starting
/org/apache/lucene/document/XYShapeDocValues.class DONE
/org/bouncycastle/math/ec/custom/gm/SM2P256V1FieldElement.class starting
/org/bouncycastle/math/ec/custom/gm/SM2P256V1FieldElement.class DONE
/org/apache/lucene/document/XYShapeDocValues.class starting
/org/apache/lucene/document/XYShapeDocValues.class DONE
/org/bouncycastle/math/ec/custom/gm/SM2P256V1FieldElement.class starting
/org/bouncycastle/math/ec/custom/gm/SM2P256V1FieldElement.class DONE
/org/apache/lucene/document/XYShapeDocValues.class starting
/org/apache/lucene/document/XYShapeDocValues.class DONE
/org/bouncycastle/math/ec/custom/gm/SM2P256V1FieldElement.class starting
/org/bouncycastle/math/ec/custom/gm/SM2P256V1FieldElement.class DONE
/org/apache/lucene/document/XYShapeDocValues.class starting
/org/apache/lucene/document/XYShapeDocValues.class DONE
/org/bouncycastle/math/ec/custom/gm/SM2P256V1FieldElement.class starting
/org/bouncycastle/math/ec/custom/gm/SM2P256V1FieldElement.class DONE
/org/apache/lucene/document/XYShapeDocValues.class starting
/org/apache/lucene/document/XYShapeDocValues.class DONE
/org/bouncycastle/math/ec/custom/gm/SM2P256V1FieldElement.class starting
/org/bouncycastle/math/ec/custom/gm/SM2P256V1FieldElement.class DONE
/org/apache/lucene/document/XYShapeDocValues.class starting
/org/apache/lucene/document/XYShapeDocValues.class DONE
/org/bouncycastle/math/ec/custom/gm/SM2P256V1FieldElement.class starting
/org/bouncycastle/math/ec/custom/gm/SM2P256V1FieldElement.class DONE
/org/apache/lucene/document/XYShapeDocValues.class starting
/org/apache/lucene/document/XYShapeDocValues.class DONE
/org/bouncycastle/math/ec/custom/gm/SM2P256V1FieldElement.class starting
/org/bouncycastle/math/ec/custom/gm/SM2P256V1FieldElement.class DONE
/org/apache/lucene/document/XYShapeDocValues.class starting
/org/apache/lucene/document/XYShapeDocValues.class DONE
/org/bouncycastle/math/ec/custom/gm/SM2P256V1FieldElement.class starting
/org/bouncycastle/math/ec/custom/gm/SM2P256V1FieldElement.class DONE
/org/apache/lucene/document/XYShapeDocValues.class starting
/org/apache/lucene/document/XYShapeDocValues.class DONE
/org/bouncycastle/math/ec/custom/gm/SM2P256V1FieldElement.class starting
/org/bouncycastle/math/ec/custom/gm/SM2P256V1FieldElement.class DONE
/org/apache/lucene/document/XYShapeDocValues.class starting
/org/apache/lucene/document/XYShapeDocValues.class DONE
/org/apache/lucene/document/XYShapeDocValues.class starting
/org/apache/lucene/document/XYShapeDocValues.class DONE
/org/bouncycastle/math/ec/custom/gm/SM2P256V1FieldElement.class starting
/org/bouncycastle/math/ec/custom/gm/SM2P256V1FieldElement.class DONE
/org/apache/lucene/document/XYShapeDocValues.class starting
/org/apache/lucene/document/XYShapeDocValues.class DONE
/org/bouncycastle/math/ec/custom/gm/SM2P256V1FieldElement.class starting
/org/bouncycastle/math/ec/custom/gm/SM2P256V1FieldElement.class DONE
/org/bouncycastle/math/ec/custom/gm/SM2P256V1FieldElement.class starting
/org/bouncycastle/math/ec/custom/gm/SM2P256V1FieldElement.class DONE
/org/bouncycastle/math/ec/custom/gm/SM2P256V1FieldElement.class starting
/org/bouncycastle/math/ec/custom/gm/SM2P256V1FieldElement.class DONE
/org/apache/lucene/document/XYShapeDocValues.class starting
/org/apache/lucene/document/XYShapeDocValues.class DONE
/org/bouncycastle/math/ec/custom/gm/SM2P256V1FieldElement.class starting
/org/bouncycastle/math/ec/custom/gm/SM2P256V1FieldElement.class DONE
/org/bouncycastle/math/ec/custom/gm/SM2P256V1FieldElement.class starting
/org/bouncycastle/math/ec/custom/gm/SM2P256V1FieldElement.class DONE
/org/bouncycastle/math/ec/custom/gm/SM2P256V1FieldElement.class starting
/org/bouncycastle/math/ec/custom/gm/SM2P256V1FieldElement.class DONE
/org/apache/lucene/document/XYShapeDocValues.class starting
/org/apache/lucene/document/XYShapeDocValues.class DONE
/org/bouncycastle/math/ec/custom/gm/SM2P256V1FieldElement.class starting
/org/bouncycastle/math/ec/custom/gm/SM2P256V1FieldElement.class DONE
/org/apache/lucene/document/XYShapeDocValues.class starting
/org/apache/lucene/document/XYShapeDocValues.class DONE
/org/bouncycastle/math/ec/custom/gm/SM2P256V1FieldElement.class starting
/org/bouncycastle/math/ec/custom/gm/SM2P256V1FieldElement.class DONE
/org/apache/lucene/document/XYShapeDocValues.class starting
/org/apache/lucene/document/XYShapeDocValues.class DONE
/org/bouncycastle/math/ec/custom/gm/SM2P256V1FieldElement.class starting
/org/bouncycastle/math/ec/custom/gm/SM2P256V1FieldElement.class DONE
/org/apache/lucene/document/XYShapeDocValues.class starting
/org/apache/lucene/document/XYShapeDocValues.class DONE
/org/bouncycastle/math/ec/custom/gm/SM2P256V1FieldElement.class starting
/org/bouncycastle/math/ec/custom/gm/SM2P256V1FieldElement.class DONE
/org/apache/lucene/document/XYShapeDocValues.class starting
/org/apache/lucene/document/XYShapeDocValues.class DONE
/org/bouncycastle/math/ec/custom/gm/SM2P256V1FieldElement.class starting
/org/bouncycastle/math/ec/custom/gm/SM2P256V1FieldElement.class DONE
/org/apache/lucene/document/XYShapeDocValues.class starting
/org/apache/lucene/document/XYShapeDocValues.class DONE
/org/bouncycastle/math/ec/custom/gm/SM2P256V1FieldElement.class starting
/org/bouncycastle/math/ec/custom/gm/SM2P256V1FieldElement.class DONE
/org/apache/lucene/document/XYShapeDocValues.class starting
/org/apache/lucene/document/XYShapeDocValues.class DONE
/org/bouncycastle/math/ec/custom/gm/SM2P256V1FieldElement.class starting
/org/bouncycastle/math/ec/custom/gm/SM2P256V1FieldElement.class DONE
/org/apache/lucene/document/XYShapeDocValues.class starting
/org/apache/lucene/document/XYShapeDocValues.class DONE
/org/bouncycastle/math/ec/custom/gm/SM2P256V1FieldElement.class starting
/org/bouncycastle/math/ec/custom/gm/SM2P256V1FieldElement.class DONE
/org/apache/lucene/document/XYShapeDocValues.class starting
/org/bouncycastle/math/ec/custom/gm/SM2P256V1FieldElement.class starting
/org/bouncycastle/math/ec/custom/gm/SM2P256V1FieldElement.class DONE
/org/apache/lucene/document/XYShapeDocValues.class DONE
/org/apache/lucene/document/XYShapeDocValues.class starting
/org/apache/lucene/document/XYShapeDocValues.class DONE
/org/bouncycastle/math/ec/custom/gm/SM2P256V1FieldElement.class starting
/org/bouncycastle/math/ec/custom/gm/SM2P256V1FieldElement.class DONE
/org/bouncycastle/math/ec/custom/gm/SM2P256V1FieldElement.class starting
/org/bouncycastle/math/ec/custom/gm/SM2P256V1FieldElement.class DONE
/org/apache/lucene/document/XYShapeDocValues.class starting
/org/apache/lucene/document/XYShapeDocValues.class DONE
/org/bouncycastle/math/ec/custom/gm/SM2P256V1FieldElement.class starting
/org/bouncycastle/math/ec/custom/gm/SM2P256V1FieldElement.class DONE
/org/bouncycastle/math/ec/custom/gm/SM2P256V1FieldElement.class starting
/org/bouncycastle/math/ec/custom/gm/SM2P256V1FieldElement.class DONE
/org/apache/lucene/document/XYShapeDocValues.class starting
/org/apache/lucene/document/XYShapeDocValues.class DONE
/org/bouncycastle/math/ec/custom/gm/SM2P256V1FieldElement.class starting
/org/bouncycastle/math/ec/custom/gm/SM2P256V1FieldElement.class DONE
/org/apache/lucene/document/XYShapeDocValues.class starting
/org/apache/lucene/document/XYShapeDocValues.class DONE
/org/bouncycastle/math/ec/custom/gm/SM2P256V1FieldElement.class starting
/org/bouncycastle/math/ec/custom/gm/SM2P256V1FieldElement.class DONE
/org/apache/lucene/document/XYShapeDocValues.class starting
/org/apache/lucene/document/XYShapeDocValues.class DONE
/org/bouncycastle/math/ec/custom/gm/SM2P256V1FieldElement.class starting
/org/bouncycastle/math/ec/custom/gm/SM2P256V1FieldElement.class DONE
/org/apache/lucene/document/XYShapeDocValues.class starting
/org/apache/lucene/document/XYShapeDocValues.class DONE
/org/apache/lucene/document/XYShapeDocValues.class starting
/org/apache/lucene/document/XYShapeDocValues.class DONE
/org/bouncycastle/math/ec/custom/gm/SM2P256V1FieldElement.class starting
/org/bouncycastle/math/ec/custom/gm/SM2P256V1FieldElement.class DONE
/org/apache/lucene/document/XYShapeDocValues.class starting
/org/apache/lucene/document/XYShapeDocValues.class DONE
/org/bouncycastle/math/ec/custom/gm/SM2P256V1FieldElement.class starting
/org/bouncycastle/math/ec/custom/gm/SM2P256V1FieldElement.class DONE
/org/apache/lucene/document/XYShapeDocValues.class starting
/org/apache/lucene/document/XYShapeDocValues.class DONE
/org/bouncycastle/math/ec/custom/gm/SM2P256V1FieldElement.class starting
/org/bouncycastle/math/ec/custom/gm/SM2P256V1FieldElement.class DONE
/org/apache/lucene/document/XYShapeDocValues.class starting
/org/apache/lucene/document/XYShapeDocValues.class DONE
/org/apache/lucene/document/XYShapeDocValues.class starting
/org/apache/lucene/document/XYShapeDocValues.class DONE
/org/apache/lucene/document/XYShapeDocValues.class starting
/org/apache/lucene/document/XYShapeDocValues.class DONE
/org/apache/lucene/document/XYShapeDocValues.class starting
/org/apache/lucene/document/XYShapeDocValues.class DONE
/org/bouncycastle/math/ec/custom/gm/SM2P256V1FieldElement.class starting
/org/bouncycastle/math/ec/custom/gm/SM2P256V1FieldElement.class DONE
/org/bouncycastle/math/ec/custom/gm/SM2P256V1FieldElement.class starting
/org/bouncycastle/math/ec/custom/gm/SM2P256V1FieldElement.class DONE
/org/bouncycastle/math/ec/custom/gm/SM2P256V1FieldElement.class starting
/org/bouncycastle/math/ec/custom/gm/SM2P256V1FieldElement.class DONE
/org/bouncycastle/math/ec/custom/gm/SM2P256V1FieldElement.class starting
/org/bouncycastle/math/ec/custom/gm/SM2P256V1FieldElement.class DONE
/org/bouncycastle/math/ec/custom/gm/SM2P256V1FieldElement.class starting
/org/bouncycastle/math/ec/custom/gm/SM2P256V1FieldElement.class DONE
/org/bouncycastle/math/ec/custom/gm/SM2P256V1FieldElement.class starting
/org/bouncycastle/math/ec/custom/gm/SM2P256V1FieldElement.class DONE
/org/bouncycastle/math/ec/custom/gm/SM2P256V1FieldElement.class starting
/org/bouncycastle/math/ec/custom/gm/SM2P256V1FieldElement.class DONE
/org/apache/lucene/document/XYShapeDocValues.class starting
/org/apache/lucene/document/XYShapeDocValues.class DONE
/org/apache/lucene/document/XYShapeDocValues.class starting
/org/apache/lucene/document/XYShapeDocValues.class DONE
/org/apache/lucene/document/XYShapeDocValues.class starting
/org/apache/lucene/document/XYShapeDocValues.class DONE
/org/apache/lucene/document/XYShapeDocValues.class starting
/org/apache/lucene/document/XYShapeDocValues.class DONE
/org/apache/lucene/document/XYShapeDocValues.class starting
/org/apache/lucene/document/XYShapeDocValues.class DONE
/org/apache/lucene/document/XYShapeDocValues.class starting
/org/apache/lucene/document/XYShapeDocValues.class DONE
/org/bouncycastle/math/ec/custom/gm/SM2P256V1FieldElement.class starting
/org/bouncycastle/math/ec/custom/gm/SM2P256V1FieldElement.class DONE
/org/apache/lucene/document/XYShapeDocValues.class starting
/org/apache/lucene/document/XYShapeDocValues.class DONE
/org/bouncycastle/math/ec/custom/gm/SM2P256V1FieldElement.class starting
/org/bouncycastle/math/ec/custom/gm/SM2P256V1FieldElement.class DONE
/org/apache/lucene/document/XYShapeDocValues.class starting
/org/apache/lucene/document/XYShapeDocValues.class DONE
/org/bouncycastle/math/ec/custom/gm/SM2P256V1FieldElement.class starting
/org/bouncycastle/math/ec/custom/gm/SM2P256V1FieldElement.class DONE
/org/bouncycastle/math/ec/custom/gm/SM2P256V1FieldElement.class starting
/org/bouncycastle/math/ec/custom/gm/SM2P256V1FieldElement.class DONE
/org/apache/lucene/document/XYShapeDocValues.class starting
/org/apache/lucene/document/XYShapeDocValues.class DONE
/org/bouncycastle/math/ec/custom/gm/SM2P256V1FieldElement.class starting
/org/bouncycastle/math/ec/custom/gm/SM2P256V1FieldElement.class DONE
/org/apache/lucene/document/XYShapeDocValues.class starting
/org/apache/lucene/document/XYShapeDocValues.class DONE
/org/bouncycastle/math/ec/custom/gm/SM2P256V1FieldElement.class starting
/org/bouncycastle/math/ec/custom/gm/SM2P256V1FieldElement.class DONE
/org/apache/lucene/document/XYShapeDocValues.class starting
/org/apache/lucene/document/XYShapeDocValues.class DONE
/org/bouncycastle/math/ec/custom/gm/SM2P256V1FieldElement.class starting
/org/bouncycastle/math/ec/custom/gm/SM2P256V1FieldElement.class DONE
/org/apache/lucene/document/XYShapeDocValues.class starting
/org/apache/lucene/document/XYShapeDocValues.class DONE
/org/bouncycastle/math/ec/custom/gm/SM2P256V1FieldElement.class starting
/org/bouncycastle/math/ec/custom/gm/SM2P256V1FieldElement.class DONE
/org/apache/lucene/document/XYShapeDocValues.class starting
/org/apache/lucene/document/XYShapeDocValues.class DONE
/org/bouncycastle/math/ec/custom/gm/SM2P256V1FieldElement.class starting
/org/bouncycastle/math/ec/custom/gm/SM2P256V1FieldElement.class DONE
/org/apache/lucene/document/XYShapeDocValues.class starting
/org/apache/lucene/document/XYShapeDocValues.class DONE
/org/bouncycastle/math/ec/custom/gm/SM2P256V1FieldElement.class starting
/org/bouncycastle/math/ec/custom/gm/SM2P256V1FieldElement.class DONE
/org/apache/lucene/document/XYShapeDocValues.class starting
/org/apache/lucene/document/XYShapeDocValues.class DONE
/org/bouncycastle/math/ec/custom/gm/SM2P256V1FieldElement.class starting
/org/bouncycastle/math/ec/custom/gm/SM2P256V1FieldElement.class DONE
/org/apache/lucene/document/XYShapeDocValues.class starting
/org/apache/lucene/document/XYShapeDocValues.class DONE
/org/bouncycastle/math/ec/custom/gm/SM2P256V1FieldElement.class starting
/org/bouncycastle/math/ec/custom/gm/SM2P256V1FieldElement.class DONE
/org/apache/lucene/document/XYShapeDocValues.class starting
/org/apache/lucene/document/XYShapeDocValues.class DONE
/org/bouncycastle/math/ec/custom/gm/SM2P256V1FieldElement.class starting
/org/bouncycastle/math/ec/custom/gm/SM2P256V1FieldElement.class DONE
/org/apache/lucene/document/XYShapeDocValues.class starting
/org/apache/lucene/document/XYShapeDocValues.class DONE
/org/bouncycastle/math/ec/custom/gm/SM2P256V1FieldElement.class starting
/org/bouncycastle/math/ec/custom/gm/SM2P256V1FieldElement.class DONE
/org/apache/lucene/document/XYShapeDocValues.class starting
/org/apache/lucene/document/XYShapeDocValues.class DONE
/org/bouncycastle/math/ec/custom/gm/SM2P256V1FieldElement.class starting
/org/bouncycastle/math/ec/custom/gm/SM2P256V1FieldElement.class DONE
/org/bouncycastle/math/ec/custom/gm/SM2P256V1FieldElement.class starting
/org/bouncycastle/math/ec/custom/gm/SM2P256V1FieldElement.class DONE
/org/apache/lucene/document/XYShapeDocValues.class starting
/org/apache/lucene/document/XYShapeDocValues.class DONE
/org/bouncycastle/math/ec/custom/gm/SM2P256V1FieldElement.class starting
/org/bouncycastle/math/ec/custom/gm/SM2P256V1FieldElement.class DONE
/org/apache/lucene/document/XYShapeDocValues.class starting
/org/apache/lucene/document/XYShapeDocValues.class DONE
/org/bouncycastle/math/ec/custom/gm/SM2P256V1FieldElement.class starting
/org/bouncycastle/math/ec/custom/gm/SM2P256V1FieldElement.class DONE
/org/bouncycastle/math/ec/custom/gm/SM2P256V1FieldElement.class starting
/org/bouncycastle/math/ec/custom/gm/SM2P256V1FieldElement.class DONE
/org/bouncycastle/math/ec/custom/gm/SM2P256V1FieldElement.class starting
/org/bouncycastle/math/ec/custom/gm/SM2P256V1FieldElement.class DONE
/org/apache/lucene/document/XYShapeDocValues.class starting
/org/apache/lucene/document/XYShapeDocValues.class DONE
/org/apache/lucene/document/XYShapeDocValues.class starting
/org/apache/lucene/document/XYShapeDocValues.class DONE
/org/apache/lucene/document/XYShapeDocValues.class starting
/org/apache/lucene/document/XYShapeDocValues.class DONE
/org/bouncycastle/math/ec/custom/gm/SM2P256V1FieldElement.class starting
/org/bouncycastle/math/ec/custom/gm/SM2P256V1FieldElement.class DONE
/org/apache/lucene/document/XYShapeDocValues.class starting
/org/apache/lucene/document/XYShapeDocValues.class DONE
/org/bouncycastle/math/ec/custom/gm/SM2P256V1FieldElement.class starting
/org/bouncycastle/math/ec/custom/gm/SM2P256V1FieldElement.class DONE
/org/apache/lucene/document/XYShapeDocValues.class starting
/org/apache/lucene/document/XYShapeDocValues.class DONE
/org/bouncycastle/math/ec/custom/gm/SM2P256V1FieldElement.class starting
/org/bouncycastle/math/ec/custom/gm/SM2P256V1FieldElement.class DONE
/org/apache/lucene/document/XYShapeDocValues.class starting
/org/apache/lucene/document/XYShapeDocValues.class DONE
/org/bouncycastle/math/ec/custom/gm/SM2P256V1FieldElement.class starting
/org/bouncycastle/math/ec/custom/gm/SM2P256V1FieldElement.class DONE
/org/bouncycastle/math/ec/custom/gm/SM2P256V1FieldElement.class starting
/org/bouncycastle/math/ec/custom/gm/SM2P256V1FieldElement.class DONE
/org/bouncycastle/math/ec/custom/gm/SM2P256V1FieldElement.class starting
/org/bouncycastle/math/ec/custom/gm/SM2P256V1FieldElement.class DONE
/org/apache/lucene/document/XYShapeDocValues.class starting
/org/apache/lucene/document/XYShapeDocValues.class DONE
/org/bouncycastle/math/ec/custom/gm/SM2P256V1FieldElement.class starting
/org/bouncycastle/math/ec/custom/gm/SM2P256V1FieldElement.class DONE
/org/bouncycastle/math/ec/custom/gm/SM2P256V1FieldElement.class starting
/org/bouncycastle/math/ec/custom/gm/SM2P256V1FieldElement.class DONE
/org/bouncycastle/math/ec/custom/gm/SM2P256V1FieldElement.class starting
/org/bouncycastle/math/ec/custom/gm/SM2P256V1FieldElement.class DONE
/org/apache/lucene/document/XYShapeDocValues.class starting
/org/apache/lucene/document/XYShapeDocValues.class DONE
/org/bouncycastle/math/ec/custom/gm/SM2P256V1FieldElement.class starting
/org/bouncycastle/math/ec/custom/gm/SM2P256V1FieldElement.class DONE
/org/apache/lucene/document/XYShapeDocValues.class starting
/org/apache/lucene/document/XYShapeDocValues.class DONE
/org/bouncycastle/math/ec/custom/gm/SM2P256V1FieldElement.class starting
/org/bouncycastle/math/ec/custom/gm/SM2P256V1FieldElement.class DONE
/org/bouncycastle/math/ec/custom/gm/SM2P256V1FieldElement.class starting
/org/bouncycastle/math/ec/custom/gm/SM2P256V1FieldElement.class DONE
/org/apache/lucene/document/XYShapeDocValues.class starting
/org/apache/lucene/document/XYShapeDocValues.class DONE
/org/bouncycastle/math/ec/custom/gm/SM2P256V1FieldElement.class starting
/org/bouncycastle/math/ec/custom/gm/SM2P256V1FieldElement.class DONE
/org/apache/lucene/document/XYShapeDocValues.class starting
/org/apache/lucene/document/XYShapeDocValues.class DONE
/org/bouncycastle/math/ec/custom/gm/SM2P256V1FieldElement.class starting
/org/bouncycastle/math/ec/custom/gm/SM2P256V1FieldElement.class DONE
/org/apache/lucene/document/XYShapeDocValues.class starting
/org/apache/lucene/document/XYShapeDocValues.class DONE
/org/bouncycastle/math/ec/custom/gm/SM2P256V1FieldElement.class starting
/org/bouncycastle/math/ec/custom/gm/SM2P256V1FieldElement.class DONE
/org/apache/lucene/document/XYShapeDocValues.class starting
/org/apache/lucene/document/XYShapeDocValues.class DONE
/org/bouncycastle/math/ec/custom/gm/SM2P256V1FieldElement.class starting
/org/bouncycastle/math/ec/custom/gm/SM2P256V1FieldElement.class DONE
/org/apache/lucene/document/XYShapeDocValues.class starting
/org/apache/lucene/document/XYShapeDocValues.class DONE
/org/bouncycastle/math/ec/custom/gm/SM2P256V1FieldElement.class starting
/org/bouncycastle/math/ec/custom/gm/SM2P256V1FieldElement.class DONE
/org/apache/lucene/document/XYShapeDocValues.class starting
/org/apache/lucene/document/XYShapeDocValues.class DONE
/org/bouncycastle/math/ec/custom/gm/SM2P256V1FieldElement.class starting
/org/bouncycastle/math/ec/custom/gm/SM2P256V1FieldElement.class DONE
/org/apache/lucene/document/XYShapeDocValues.class starting
/org/apache/lucene/document/XYShapeDocValues.class DONE
/org/bouncycastle/math/ec/custom/gm/SM2P256V1FieldElement.class starting
/org/bouncycastle/math/ec/custom/gm/SM2P256V1FieldElement.class DONE
/org/apache/lucene/document/XYShapeDocValues.class starting
/org/apache/lucene/document/XYShapeDocValues.class DONE
/org/bouncycastle/math/ec/custom/gm/SM2P256V1FieldElement.class starting
/org/bouncycastle/math/ec/custom/gm/SM2P256V1FieldElement.class DONE
/org/apache/lucene/document/XYShapeDocValues.class starting
/org/apache/lucene/document/XYShapeDocValues.class DONE
/org/bouncycastle/math/ec/custom/gm/SM2P256V1FieldElement.class starting
/org/bouncycastle/math/ec/custom/gm/SM2P256V1FieldElement.class DONE
/org/apache/lucene/document/XYShapeDocValues.class starting
/org/apache/lucene/document/XYShapeDocValues.class DONE
/org/bouncycastle/math/ec/custom/gm/SM2P256V1FieldElement.class starting
/org/bouncycastle/math/ec/custom/gm/SM2P256V1FieldElement.class DONE
/org/apache/lucene/document/XYShapeDocValues.class starting
/org/apache/lucene/document/XYShapeDocValues.class DONE
/org/bouncycastle/math/ec/custom/gm/SM2P256V1FieldElement.class starting
/org/bouncycastle/math/ec/custom/gm/SM2P256V1FieldElement.class DONE
/org/apache/lucene/document/XYShapeDocValues.class starting
/org/apache/lucene/document/XYShapeDocValues.class DONE
/org/bouncycastle/math/ec/custom/gm/SM2P256V1FieldElement.class starting
/org/bouncycastle/math/ec/custom/gm/SM2P256V1FieldElement.class DONE
/org/apache/lucene/document/XYShapeDocValues.class starting
/org/apache/lucene/document/XYShapeDocValues.class DONE
/org/bouncycastle/math/ec/custom/gm/SM2P256V1FieldElement.class starting
/org/bouncycastle/math/ec/custom/gm/SM2P256V1FieldElement.class DONE
/org/apache/lucene/document/XYShapeDocValues.class starting
/org/apache/lucene/document/XYShapeDocValues.class DONE
/org/bouncycastle/math/ec/custom/gm/SM2P256V1FieldElement.class starting
/org/bouncycastle/math/ec/custom/gm/SM2P256V1FieldElement.class DONE
/org/apache/lucene/document/XYShapeDocValues.class starting
/org/apache/lucene/document/XYShapeDocValues.class DONE
/org/bouncycastle/math/ec/custom/gm/SM2P256V1FieldElement.class starting
/org/bouncycastle/math/ec/custom/gm/SM2P256V1FieldElement.class DONE
/org/apache/lucene/document/XYShapeDocValues.class starting
/org/apache/lucene/document/XYShapeDocValues.class DONE
/org/bouncycastle/math/ec/custom/gm/SM2P256V1FieldElement.class starting
/org/bouncycastle/math/ec/custom/gm/SM2P256V1FieldElement.class DONE
/org/apache/lucene/document/XYShapeDocValues.class starting
/org/apache/lucene/document/XYShapeDocValues.class DONE
/org/bouncycastle/math/ec/custom/gm/SM2P256V1FieldElement.class starting
/org/bouncycastle/math/ec/custom/gm/SM2P256V1FieldElement.class DONE
/org/apache/lucene/document/XYShapeDocValues.class starting
/org/apache/lucene/document/XYShapeDocValues.class DONE
/org/bouncycastle/math/ec/custom/gm/SM2P256V1FieldElement.class starting
/org/bouncycastle/math/ec/custom/gm/SM2P256V1FieldElement.class DONE
/org/apache/lucene/document/XYShapeDocValues.class starting
/org/apache/lucene/document/XYShapeDocValues.class DONE
/org/bouncycastle/math/ec/custom/gm/SM2P256V1FieldElement.class starting
/org/bouncycastle/math/ec/custom/gm/SM2P256V1FieldElement.class DONE
/org/apache/lucene/document/XYShapeDocValues.class starting
/org/apache/lucene/document/XYShapeDocValues.class DONE
/org/bouncycastle/math/ec/custom/gm/SM2P256V1FieldElement.class starting
/org/bouncycastle/math/ec/custom/gm/SM2P256V1FieldElement.class DONE
/org/apache/lucene/document/XYShapeDocValues.class starting
/org/apache/lucene/document/XYShapeDocValues.class DONE
/org/bouncycastle/math/ec/custom/gm/SM2P256V1FieldElement.class starting
/org/bouncycastle/math/ec/custom/gm/SM2P256V1FieldElement.class DONE
/org/apache/lucene/document/XYShapeDocValues.class starting
/org/apache/lucene/document/XYShapeDocValues.class DONE
/org/bouncycastle/math/ec/custom/gm/SM2P256V1FieldElement.class starting
/org/bouncycastle/math/ec/custom/gm/SM2P256V1FieldElement.class DONE
/org/apache/lucene/document/XYShapeDocValues.class starting
/org/apache/lucene/document/XYShapeDocValues.class DONE
/org/bouncycastle/math/ec/custom/gm/SM2P256V1FieldElement.class starting
/org/bouncycastle/math/ec/custom/gm/SM2P256V1FieldElement.class DONE
/org/apache/lucene/document/XYShapeDocValues.class starting
/org/bouncycastle/math/ec/custom/gm/SM2P256V1FieldElement.class starting
/org/bouncycastle/math/ec/custom/gm/SM2P256V1FieldElement.class DONE
/org/apache/lucene/document/XYShapeDocValues.class DONE
/org/bouncycastle/math/ec/custom/gm/SM2P256V1FieldElement.class starting
/org/bouncycastle/math/ec/custom/gm/SM2P256V1FieldElement.class DONE
/org/apache/lucene/document/XYShapeDocValues.class starting
/org/apache/lucene/document/XYShapeDocValues.class DONE
/org/bouncycastle/math/ec/custom/gm/SM2P256V1FieldElement.class starting
/org/bouncycastle/math/ec/custom/gm/SM2P256V1FieldElement.class DONE
/org/apache/lucene/document/XYShapeDocValues.class starting
/org/apache/lucene/document/XYShapeDocValues.class DONE
/org/bouncycastle/math/ec/custom/gm/SM2P256V1FieldElement.class starting
/org/bouncycastle/math/ec/custom/gm/SM2P256V1FieldElement.class DONE
/org/bouncycastle/math/ec/custom/gm/SM2P256V1FieldElement.class starting
/org/bouncycastle/math/ec/custom/gm/SM2P256V1FieldElement.class DONE
/org/apache/lucene/document/XYShapeDocValues.class starting
/org/apache/lucene/document/XYShapeDocValues.class DONE
/org/bouncycastle/math/ec/custom/gm/SM2P256V1FieldElement.class starting
/org/bouncycastle/math/ec/custom/gm/SM2P256V1FieldElement.class DONE
/org/apache/lucene/document/XYShapeDocValues.class starting
/org/apache/lucene/document/XYShapeDocValues.class DONE
/org/bouncycastle/math/ec/custom/gm/SM2P256V1FieldElement.class starting
/org/bouncycastle/math/ec/custom/gm/SM2P256V1FieldElement.class DONE
/org/apache/lucene/document/XYShapeDocValues.class starting
/org/apache/lucene/document/XYShapeDocValues.class DONE
/org/bouncycastle/math/ec/custom/gm/SM2P256V1FieldElement.class starting
/org/bouncycastle/math/ec/custom/gm/SM2P256V1FieldElement.class DONE
/org/apache/lucene/document/XYShapeDocValues.class starting
/org/apache/lucene/document/XYShapeDocValues.class DONE
/org/apache/lucene/document/XYShapeDocValues.class starting
/org/apache/lucene/document/XYShapeDocValues.class DONE
/org/bouncycastle/math/ec/custom/gm/SM2P256V1FieldElement.class starting
/org/bouncycastle/math/ec/custom/gm/SM2P256V1FieldElement.class DONE
/org/bouncycastle/math/ec/custom/gm/SM2P256V1FieldElement.class starting
/org/bouncycastle/math/ec/custom/gm/SM2P256V1FieldElement.class DONE
/org/bouncycastle/math/ec/custom/gm/SM2P256V1FieldElement.class starting
/org/bouncycastle/math/ec/custom/gm/SM2P256V1FieldElement.class DONE
/org/bouncycastle/math/ec/custom/gm/SM2P256V1FieldElement.class starting
/org/bouncycastle/math/ec/custom/gm/SM2P256V1FieldElement.class DONE
/org/apache/lucene/document/XYShapeDocValues.class starting
/org/apache/lucene/document/XYShapeDocValues.class DONE
/org/apache/lucene/document/XYShapeDocValues.class starting
/org/apache/lucene/document/XYShapeDocValues.class DONE
/org/bouncycastle/math/ec/custom/gm/SM2P256V1FieldElement.class starting
/org/bouncycastle/math/ec/custom/gm/SM2P256V1FieldElement.class DONE
/org/apache/lucene/document/XYShapeDocValues.class starting
/org/apache/lucene/document/XYShapeDocValues.class DONE
/org/bouncycastle/math/ec/custom/gm/SM2P256V1FieldElement.class starting
/org/bouncycastle/math/ec/custom/gm/SM2P256V1FieldElement.class DONE
/org/apache/lucene/document/XYShapeDocValues.class starting
/org/apache/lucene/document/XYShapeDocValues.class DONE
/org/apache/lucene/document/XYShapeDocValues.class starting
/org/apache/lucene/document/XYShapeDocValues.class DONE
/org/apache/lucene/document/XYShapeDocValues.class starting
/org/apache/lucene/document/XYShapeDocValues.class DONE
/org/bouncycastle/math/ec/custom/gm/SM2P256V1FieldElement.class starting
/org/bouncycastle/math/ec/custom/gm/SM2P256V1FieldElement.class DONE
/org/apache/lucene/document/XYShapeDocValues.class starting
/org/apache/lucene/document/XYShapeDocValues.class DONE
/org/bouncycastle/math/ec/custom/gm/SM2P256V1FieldElement.class starting
/org/bouncycastle/math/ec/custom/gm/SM2P256V1FieldElement.class DONE
/org/apache/lucene/document/XYShapeDocValues.class starting
/org/apache/lucene/document/XYShapeDocValues.class DONE
/org/bouncycastle/math/ec/custom/gm/SM2P256V1FieldElement.class starting
/org/bouncycastle/math/ec/custom/gm/SM2P256V1FieldElement.class DONE
/org/apache/lucene/document/XYShapeDocValues.class starting
/org/apache/lucene/document/XYShapeDocValues.class DONE
/org/apache/lucene/document/XYShapeDocValues.class starting
/org/bouncycastle/math/ec/custom/gm/SM2P256V1FieldElement.class starting
/org/apache/lucene/document/XYShapeDocValues.class DONE
/org/bouncycastle/math/ec/custom/gm/SM2P256V1FieldElement.class DONE
/org/bouncycastle/math/ec/custom/gm/SM2P256V1FieldElement.class starting
/org/bouncycastle/math/ec/custom/gm/SM2P256V1FieldElement.class DONE
/org/apache/lucene/document/XYShapeDocValues.class starting
/org/apache/lucene/document/XYShapeDocValues.class DONE
/org/bouncycastle/math/ec/custom/gm/SM2P256V1FieldElement.class starting
/org/bouncycastle/math/ec/custom/gm/SM2P256V1FieldElement.class DONE
/org/apache/lucene/document/XYShapeDocValues.class starting
/org/apache/lucene/document/XYShapeDocValues.class DONE
/org/bouncycastle/math/ec/custom/gm/SM2P256V1FieldElement.class starting
/org/bouncycastle/math/ec/custom/gm/SM2P256V1FieldElement.class DONE
/org/apache/lucene/document/XYShapeDocValues.class starting
/org/apache/lucene/document/XYShapeDocValues.class DONE
/org/bouncycastle/math/ec/custom/gm/SM2P256V1FieldElement.class starting
/org/bouncycastle/math/ec/custom/gm/SM2P256V1FieldElement.class DONE
/org/apache/lucene/document/XYShapeDocValues.class starting
/org/apache/lucene/document/XYShapeDocValues.class DONE
/org/bouncycastle/math/ec/custom/gm/SM2P256V1FieldElement.class starting
/org/bouncycastle/math/ec/custom/gm/SM2P256V1FieldElement.class DONE
/org/apache/lucene/document/XYShapeDocValues.class starting
/org/apache/lucene/document/XYShapeDocValues.class DONE
/org/bouncycastle/math/ec/custom/gm/SM2P256V1FieldElement.class starting
/org/bouncycastle/math/ec/custom/gm/SM2P256V1FieldElement.class DONE
/org/apache/lucene/document/XYShapeDocValues.class starting
/org/apache/lucene/document/XYShapeDocValues.class DONE
/org/bouncycastle/math/ec/custom/gm/SM2P256V1FieldElement.class starting
/org/bouncycastle/math/ec/custom/gm/SM2P256V1FieldElement.class DONE
/org/bouncycastle/math/ec/custom/gm/SM2P256V1FieldElement.class starting
/org/bouncycastle/math/ec/custom/gm/SM2P256V1FieldElement.class DONE
/org/apache/lucene/document/XYShapeDocValues.class starting
/org/apache/lucene/document/XYShapeDocValues.class DONE
/org/bouncycastle/math/ec/custom/gm/SM2P256V1FieldElement.class starting
/org/bouncycastle/math/ec/custom/gm/SM2P256V1FieldElement.class DONE
/org/apache/lucene/document/XYShapeDocValues.class starting
/org/apache/lucene/document/XYShapeDocValues.class DONE
/org/bouncycastle/math/ec/custom/gm/SM2P256V1FieldElement.class starting
/org/bouncycastle/math/ec/custom/gm/SM2P256V1FieldElement.class DONE
/org/apache/lucene/document/XYShapeDocValues.class starting
/org/apache/lucene/document/XYShapeDocValues.class DONE
/org/bouncycastle/math/ec/custom/gm/SM2P256V1FieldElement.class starting
/org/bouncycastle/math/ec/custom/gm/SM2P256V1FieldElement.class DONE
/org/apache/lucene/document/XYShapeDocValues.class starting
/org/apache/lucene/document/XYShapeDocValues.class DONE
/org/bouncycastle/math/ec/custom/gm/SM2P256V1FieldElement.class starting
/org/bouncycastle/math/ec/custom/gm/SM2P256V1FieldElement.class DONE
/org/bouncycastle/math/ec/custom/gm/SM2P256V1FieldElement.class starting
/org/bouncycastle/math/ec/custom/gm/SM2P256V1FieldElement.class DONE
/org/apache/lucene/document/XYShapeDocValues.class starting
/org/apache/lucene/document/XYShapeDocValues.class DONE
/org/bouncycastle/math/ec/custom/gm/SM2P256V1FieldElement.class starting
/org/bouncycastle/math/ec/custom/gm/SM2P256V1FieldElement.class DONE
/org/apache/lucene/document/XYShapeDocValues.class starting
/org/bouncycastle/math/ec/custom/gm/SM2P256V1FieldElement.class starting
/org/bouncycastle/math/ec/custom/gm/SM2P256V1FieldElement.class DONE
/org/apache/lucene/document/XYShapeDocValues.class DONE
/org/apache/lucene/document/XYShapeDocValues.class starting
/org/apache/lucene/document/XYShapeDocValues.class DONE
/org/bouncycastle/math/ec/custom/gm/SM2P256V1FieldElement.class starting
/org/apache/lucene/document/XYShapeDocValues.class starting
/org/apache/lucene/document/XYShapeDocValues.class DONE
/org/bouncycastle/math/ec/custom/gm/SM2P256V1FieldElement.class DONE
/org/bouncycastle/math/ec/custom/gm/SM2P256V1FieldElement.class starting
/org/bouncycastle/math/ec/custom/gm/SM2P256V1FieldElement.class DONE
/org/apache/lucene/document/XYShapeDocValues.class starting
/org/apache/lucene/document/XYShapeDocValues.class DONE
/org/bouncycastle/math/ec/custom/gm/SM2P256V1FieldElement.class starting
/org/bouncycastle/math/ec/custom/gm/SM2P256V1FieldElement.class DONE
/org/apache/lucene/document/XYShapeDocValues.class starting
/org/apache/lucene/document/XYShapeDocValues.class DONE
/org/bouncycastle/math/ec/custom/gm/SM2P256V1FieldElement.class starting
/org/bouncycastle/math/ec/custom/gm/SM2P256V1FieldElement.class DONE
/org/apache/lucene/document/XYShapeDocValues.class starting
/org/apache/lucene/document/XYShapeDocValues.class DONE
/org/bouncycastle/math/ec/custom/gm/SM2P256V1FieldElement.class starting
/org/bouncycastle/math/ec/custom/gm/SM2P256V1FieldElement.class DONE
/org/bouncycastle/math/ec/custom/gm/SM2P256V1FieldElement.class starting
/org/bouncycastle/math/ec/custom/gm/SM2P256V1FieldElement.class DONE
/org/apache/lucene/document/XYShapeDocValues.class starting
/org/apache/lucene/document/XYShapeDocValues.class DONE
/org/bouncycastle/math/ec/custom/gm/SM2P256V1FieldElement.class starting
/org/bouncycastle/math/ec/custom/gm/SM2P256V1FieldElement.class DONE
/org/apache/lucene/document/XYShapeDocValues.class starting
/org/apache/lucene/document/XYShapeDocValues.class DONE
/org/bouncycastle/math/ec/custom/gm/SM2P256V1FieldElement.class starting
/org/bouncycastle/math/ec/custom/gm/SM2P256V1FieldElement.class DONE
/org/apache/lucene/document/XYShapeDocValues.class starting
/org/apache/lucene/document/XYShapeDocValues.class DONE
/org/bouncycastle/math/ec/custom/gm/SM2P256V1FieldElement.class starting
/org/bouncycastle/math/ec/custom/gm/SM2P256V1FieldElement.class DONE
/org/apache/lucene/document/XYShapeDocValues.class starting
/org/apache/lucene/document/XYShapeDocValues.class DONE
/org/bouncycastle/math/ec/custom/gm/SM2P256V1FieldElement.class starting
/org/bouncycastle/math/ec/custom/gm/SM2P256V1FieldElement.class DONE
/org/bouncycastle/math/ec/custom/gm/SM2P256V1FieldElement.class starting
/org/bouncycastle/math/ec/custom/gm/SM2P256V1FieldElement.class DONE
/org/apache/lucene/document/XYShapeDocValues.class starting
/org/apache/lucene/document/XYShapeDocValues.class DONE
/org/bouncycastle/math/ec/custom/gm/SM2P256V1FieldElement.class starting
/org/bouncycastle/math/ec/custom/gm/SM2P256V1FieldElement.class DONE
/org/apache/lucene/document/XYShapeDocValues.class starting
/org/apache/lucene/document/XYShapeDocValues.class DONE
/org/bouncycastle/math/ec/custom/gm/SM2P256V1FieldElement.class starting
/org/bouncycastle/math/ec/custom/gm/SM2P256V1FieldElement.class DONE
/org/bouncycastle/math/ec/custom/gm/SM2P256V1FieldElement.class starting
/org/bouncycastle/math/ec/custom/gm/SM2P256V1FieldElement.class DONE
/org/apache/lucene/document/XYShapeDocValues.class starting
/org/apache/lucene/document/XYShapeDocValues.class DONE
/org/bouncycastle/math/ec/custom/gm/SM2P256V1FieldElement.class starting
/org/bouncycastle/math/ec/custom/gm/SM2P256V1FieldElement.class DONE
/org/apache/lucene/document/XYShapeDocValues.class starting
/org/apache/lucene/document/XYShapeDocValues.class DONE
/org/bouncycastle/math/ec/custom/gm/SM2P256V1FieldElement.class starting
/org/bouncycastle/math/ec/custom/gm/SM2P256V1FieldElement.class DONE
/org/apache/lucene/document/XYShapeDocValues.class starting
/org/apache/lucene/document/XYShapeDocValues.class DONE
/org/bouncycastle/math/ec/custom/gm/SM2P256V1FieldElement.class starting
/org/bouncycastle/math/ec/custom/gm/SM2P256V1FieldElement.class DONE
/org/apache/lucene/document/XYShapeDocValues.class starting
/org/apache/lucene/document/XYShapeDocValues.class DONE
/org/apache/lucene/document/XYShapeDocValues.class starting
/org/apache/lucene/document/XYShapeDocValues.class DONE
/org/bouncycastle/math/ec/custom/gm/SM2P256V1FieldElement.class starting
/org/bouncycastle/math/ec/custom/gm/SM2P256V1FieldElement.class DONE
/org/apache/lucene/document/XYShapeDocValues.class starting
/org/apache/lucene/document/XYShapeDocValues.class DONE
/org/bouncycastle/math/ec/custom/gm/SM2P256V1FieldElement.class starting
/org/bouncycastle/math/ec/custom/gm/SM2P256V1FieldElement.class DONE
/org/apache/lucene/document/XYShapeDocValues.class starting
/org/apache/lucene/document/XYShapeDocValues.class DONE
/org/bouncycastle/math/ec/custom/gm/SM2P256V1FieldElement.class starting
/org/bouncycastle/math/ec/custom/gm/SM2P256V1FieldElement.class DONE
/org/apache/lucene/document/XYShapeDocValues.class starting
/org/apache/lucene/document/XYShapeDocValues.class DONE
/org/bouncycastle/math/ec/custom/gm/SM2P256V1FieldElement.class starting
/org/bouncycastle/math/ec/custom/gm/SM2P256V1FieldElement.class DONE
/org/bouncycastle/math/ec/custom/gm/SM2P256V1FieldElement.class starting
/org/bouncycastle/math/ec/custom/gm/SM2P256V1FieldElement.class DONE
/org/apache/lucene/document/XYShapeDocValues.class starting
/org/apache/lucene/document/XYShapeDocValues.class DONE
/org/bouncycastle/math/ec/custom/gm/SM2P256V1FieldElement.class starting
/org/bouncycastle/math/ec/custom/gm/SM2P256V1FieldElement.class DONE
/org/apache/lucene/document/XYShapeDocValues.class starting
/org/apache/lucene/document/XYShapeDocValues.class DONE
/org/bouncycastle/math/ec/custom/gm/SM2P256V1FieldElement.class starting
/org/bouncycastle/math/ec/custom/gm/SM2P256V1FieldElement.class DONE
/org/apache/lucene/document/XYShapeDocValues.class starting
/org/apache/lucene/document/XYShapeDocValues.class DONE
/org/bouncycastle/math/ec/custom/gm/SM2P256V1FieldElement.class starting
/org/bouncycastle/math/ec/custom/gm/SM2P256V1FieldElement.class DONE
/org/apache/lucene/document/XYShapeDocValues.class starting
/org/apache/lucene/document/XYShapeDocValues.class DONE
/org/apache/lucene/document/XYShapeDocValues.class starting
/org/apache/lucene/document/XYShapeDocValues.class DONE
/org/bouncycastle/math/ec/custom/gm/SM2P256V1FieldElement.class starting
/org/bouncycastle/math/ec/custom/gm/SM2P256V1FieldElement.class DONE
/org/apache/lucene/document/XYShapeDocValues.class starting
/org/apache/lucene/document/XYShapeDocValues.class DONE
/org/bouncycastle/math/ec/custom/gm/SM2P256V1FieldElement.class starting
/org/bouncycastle/math/ec/custom/gm/SM2P256V1FieldElement.class DONE
/org/apache/lucene/document/XYShapeDocValues.class starting
/org/apache/lucene/document/XYShapeDocValues.class DONE
/org/bouncycastle/math/ec/custom/gm/SM2P256V1FieldElement.class starting
/org/bouncycastle/math/ec/custom/gm/SM2P256V1FieldElement.class DONE
/org/apache/lucene/document/XYShapeDocValues.class starting
/org/bouncycastle/math/ec/custom/gm/SM2P256V1FieldElement.class starting
/org/bouncycastle/math/ec/custom/gm/SM2P256V1FieldElement.class DONE
/org/bouncycastle/math/ec/custom/gm/SM2P256V1FieldElement.class starting
/org/apache/lucene/document/XYShapeDocValues.class DONE
/org/bouncycastle/math/ec/custom/gm/SM2P256V1FieldElement.class DONE
/org/bouncycastle/math/ec/custom/gm/SM2P256V1FieldElement.class starting
/org/bouncycastle/math/ec/custom/gm/SM2P256V1FieldElement.class DONE
/org/apache/lucene/document/XYShapeDocValues.class starting
/org/apache/lucene/document/XYShapeDocValues.class DONE
/org/apache/lucene/document/XYShapeDocValues.class starting
/org/apache/lucene/document/XYShapeDocValues.class DONE
/org/bouncycastle/math/ec/custom/gm/SM2P256V1FieldElement.class starting
/org/bouncycastle/math/ec/custom/gm/SM2P256V1FieldElement.class DONE
/org/apache/lucene/document/XYShapeDocValues.class starting
/org/apache/lucene/document/XYShapeDocValues.class DONE
/org/bouncycastle/math/ec/custom/gm/SM2P256V1FieldElement.class starting
/org/bouncycastle/math/ec/custom/gm/SM2P256V1FieldElement.class DONE
/org/apache/lucene/document/XYShapeDocValues.class starting
/org/apache/lucene/document/XYShapeDocValues.class DONE
/org/bouncycastle/math/ec/custom/gm/SM2P256V1FieldElement.class starting
/org/bouncycastle/math/ec/custom/gm/SM2P256V1FieldElement.class DONE
/org/apache/lucene/document/XYShapeDocValues.class starting
/org/apache/lucene/document/XYShapeDocValues.class DONE
/org/bouncycastle/math/ec/custom/gm/SM2P256V1FieldElement.class starting
/org/bouncycastle/math/ec/custom/gm/SM2P256V1FieldElement.class DONE
/org/apache/lucene/document/XYShapeDocValues.class starting
/org/apache/lucene/document/XYShapeDocValues.class DONE
/org/bouncycastle/math/ec/custom/gm/SM2P256V1FieldElement.class starting
/org/bouncycastle/math/ec/custom/gm/SM2P256V1FieldElement.class DONE
/org/apache/lucene/document/XYShapeDocValues.class starting
/org/apache/lucene/document/XYShapeDocValues.class DONE
/org/bouncycastle/math/ec/custom/gm/SM2P256V1FieldElement.class starting
/org/bouncycastle/math/ec/custom/gm/SM2P256V1FieldElement.class DONE
/org/apache/lucene/document/XYShapeDocValues.class starting
/org/apache/lucene/document/XYShapeDocValues.class DONE
/org/bouncycastle/math/ec/custom/gm/SM2P256V1FieldElement.class starting
/org/bouncycastle/math/ec/custom/gm/SM2P256V1FieldElement.class DONE
/org/apache/lucene/document/XYShapeDocValues.class starting
/org/apache/lucene/document/XYShapeDocValues.class DONE
/org/bouncycastle/math/ec/custom/gm/SM2P256V1FieldElement.class starting
/org/bouncycastle/math/ec/custom/gm/SM2P256V1FieldElement.class DONE
/org/apache/lucene/document/XYShapeDocValues.class starting
/org/apache/lucene/document/XYShapeDocValues.class DONE
/org/apache/lucene/document/XYShapeDocValues.class starting
/org/apache/lucene/document/XYShapeDocValues.class DONE
/org/bouncycastle/math/ec/custom/gm/SM2P256V1FieldElement.class starting
/org/bouncycastle/math/ec/custom/gm/SM2P256V1FieldElement.class DONE
/org/apache/lucene/document/XYShapeDocValues.class starting
/org/apache/lucene/document/XYShapeDocValues.class DONE
/org/bouncycastle/math/ec/custom/gm/SM2P256V1FieldElement.class starting
/org/bouncycastle/math/ec/custom/gm/SM2P256V1FieldElement.class DONE
/org/apache/lucene/document/XYShapeDocValues.class starting
/org/apache/lucene/document/XYShapeDocValues.class DONE
/org/bouncycastle/math/ec/custom/gm/SM2P256V1FieldElement.class starting
/org/bouncycastle/math/ec/custom/gm/SM2P256V1FieldElement.class DONE
/org/bouncycastle/jcajce/provider/asymmetric/dh/KeyAgreementSpi$DHwithSHA384CKDF.class starting
/org/bouncycastle/math/ec/custom/gm/SM2P256V1FieldElement.class starting
/org/bouncycastle/math/ec/custom/gm/SM2P256V1FieldElement.class DONE
/org/bouncycastle/jcajce/provider/asymmetric/dh/KeyAgreementSpi$DHwithSHA384CKDF.class DONE
/org/apache/lucene/document/XYShapeDocValues.class starting
/org/apache/lucene/document/XYShapeDocValues.class DONE
/org/bouncycastle/math/ec/custom/gm/SM2P256V1FieldElement.class starting
/org/bouncycastle/math/ec/custom/gm/SM2P256V1FieldElement.class DONE
/org/apache/lucene/document/XYShapeDocValues.class starting
/org/apache/lucene/document/XYShapeDocValues.class DONE
/org/bouncycastle/math/ec/custom/gm/SM2P256V1FieldElement.class starting
/org/bouncycastle/math/ec/custom/gm/SM2P256V1FieldElement.class DONE
/org/bouncycastle/jcajce/provider/digest/GOST3411$Mappings.class starting
/org/bouncycastle/jcajce/provider/digest/GOST3411$Mappings.class DONE
/org/bouncycastle/math/ec/custom/gm/SM2P256V1FieldElement.class starting
/org/bouncycastle/math/ec/custom/gm/SM2P256V1FieldElement.class DONE
/org/apache/lucene/document/XYShapeDocValues.class starting
/org/apache/lucene/document/XYShapeDocValues.class DONE
/org/bouncycastle/pqc/jcajce/provider/sphincsplus/SPHINCSPlusKeyPairGeneratorSpi$Shake_256f.class starting
/org/bouncycastle/pqc/jcajce/provider/sphincsplus/SPHINCSPlusKeyPairGeneratorSpi$Shake_256f.class DONE
/org/bouncycastle/math/ec/custom/gm/SM2P256V1FieldElement.class starting
/org/bouncycastle/math/ec/custom/gm/SM2P256V1FieldElement.class DONE
/org/apache/lucene/document/XYShapeDocValues.class starting
/org/apache/lucene/document/XYShapeDocValues.class DONE
/org/bouncycastle/math/ec/custom/gm/SM2P256V1FieldElement.class starting
/org/bouncycastle/math/ec/custom/gm/SM2P256V1FieldElement.class DONE
/org/bouncycastle/math/ec/custom/gm/SM2P256V1FieldElement.class starting
/org/bouncycastle/math/ec/custom/gm/SM2P256V1FieldElement.class DONE
/org/apache/lucene/document/XYShapeDocValues.class starting
/org/apache/lucene/document/XYShapeDocValues.class DONE
/org/bouncycastle/math/ec/custom/gm/SM2P256V1FieldElement.class starting
/org/bouncycastle/math/ec/custom/gm/SM2P256V1FieldElement.class DONE
/org/bouncycastle/jcajce/provider/symmetric/util/BaseStreamCipher.class starting
/org/bouncycastle/jcajce/provider/symmetric/util/BaseStreamCipher.class DONE
/org/apache/lucene/document/XYShapeDocValues.class starting
/org/apache/lucene/document/XYShapeDocValues.class DONE
/org/bouncycastle/math/ec/custom/gm/SM2P256V1FieldElement.class starting
/org/bouncycastle/math/ec/custom/gm/SM2P256V1FieldElement.class DONE
/org/apache/lucene/document/XYShapeDocValues.class starting
/org/apache/lucene/document/XYShapeDocValues.class DONE
/net/bytebuddy/implementation/auxiliary/TypeProxy$1.class starting
/net/bytebuddy/implementation/auxiliary/TypeProxy$1.class DONE
/com/google/common/collect/ImmutableSortedSet$1.class starting
/com/google/common/collect/ImmutableSortedSet$1.class DONE
/org/bouncycastle/math/ec/custom/gm/SM2P256V1FieldElement.class starting
/org/bouncycastle/math/ec/custom/gm/SM2P256V1FieldElement.class DONE
/org/apache/lucene/document/XYShapeDocValues.class starting
/org/apache/lucene/document/XYShapeDocValues.class DONE
/net/bytebuddy/pool/TypePool$Default$LazyTypeDescription$AnnotationToken.class starting
/net/bytebuddy/pool/TypePool$Default$LazyTypeDescription$AnnotationToken.class DONE
/org/bouncycastle/math/ec/custom/gm/SM2P256V1FieldElement.class starting
/org/bouncycastle/math/ec/custom/gm/SM2P256V1FieldElement.class DONE
/org/apache/lucene/index/SingletonSortedSetDocValues.class starting
/org/apache/lucene/index/SingletonSortedSetDocValues.class DONE
/org/bouncycastle/math/ec/custom/gm/SM2P256V1FieldElement.class starting
/org/bouncycastle/math/ec/custom/gm/SM2P256V1FieldElement.class DONE
/org/bouncycastle/pqc/crypto/crystals/dilithium/DilithiumKeyPairGenerator.class starting
/org/bouncycastle/pqc/crypto/crystals/dilithium/DilithiumKeyPairGenerator.class DONE
/org/apache/lucene/document/XYShapeDocValues.class starting
/org/apache/lucene/document/XYShapeDocValues.class DONE
/org/bouncycastle/math/ec/rfc8032/Ed25519$PointTemp.class starting
/org/bouncycastle/math/ec/rfc8032/Ed25519$PointTemp.class DONE
/org/bouncycastle/math/ec/custom/gm/SM2P256V1FieldElement.class starting
/org/bouncycastle/math/ec/custom/gm/SM2P256V1FieldElement.class DONE
/org/apache/lucene/document/XYShapeDocValues.class starting
/org/apache/lucene/document/XYShapeDocValues.class DONE
/org/bouncycastle/jce/provider/RFC3280CertPathUtilities.class starting
/org/bouncycastle/jce/provider/RFC3280CertPathUtilities.class DONE
/org/bouncycastle/math/ec/custom/gm/SM2P256V1FieldElement.class starting
/org/bouncycastle/math/ec/custom/gm/SM2P256V1FieldElement.class DONE
/org/apache/lucene/document/XYShapeDocValues.class starting
/org/apache/lucene/document/XYShapeDocValues.class DONE
/org/bouncycastle/crypto/macs/DSTU7564Mac.class starting
/org/bouncycastle/crypto/macs/DSTU7564Mac.class DONE
/net/bytebuddy/build/Plugin$Engine$Listener$StreamWriting.class starting
/net/bytebuddy/build/Plugin$Engine$Listener$StreamWriting.class DONE
/org/bouncycastle/jcajce/provider/asymmetric/ec/KeyPairGeneratorSpi.class starting
/org/bouncycastle/jcajce/provider/asymmetric/ec/KeyPairGeneratorSpi.class DONE
/net/bytebuddy/implementation/MethodCall$MethodInvoker.class starting
/net/bytebuddy/implementation/MethodCall$MethodInvoker.class DONE
/org/bouncycastle/jcajce/provider/asymmetric/x509/X509CRLInternal.class starting
/org/bouncycastle/jcajce/provider/asymmetric/x509/X509CRLInternal.class DONE
/net/bytebuddy/ByteBuddy$RecordConstructorStrategy.class starting
/net/bytebuddy/ByteBuddy$RecordConstructorStrategy.class DONE
/org/bouncycastle/jcajce/provider/asymmetric/rsa/DigestSignatureSpi$SHA3_384.class starting
/org/bouncycastle/jcajce/provider/asymmetric/rsa/DigestSignatureSpi$SHA3_384.class DONE
/com/google/common/collect/RegularImmutableMap$Values.class starting
/com/google/common/collect/RegularImmutableMap$Values.class DONE
/net/bytebuddy/asm/MemberSubstitution$TypePoolResolver$OfImplicitPool.class starting
/net/bytebuddy/asm/MemberSubstitution$TypePoolResolver$OfImplicitPool.class DONE
/org/apache/lucene/index/MultiDocValues$1.class starting
/org/apache/lucene/index/MultiDocValues$1.class DONE
/net/bytebuddy/description/type/TypeDescription$Generic$AnnotationReader$Delegator$ForLoadedTypeVariable.class starting
/net/bytebuddy/description/type/TypeDescription$Generic$AnnotationReader$Delegator$ForLoadedTypeVariable.class DONE
/org/bouncycastle/crypto/CipherKeyGenerator.class starting
/org/bouncycastle/crypto/CipherKeyGenerator.class DONE
/org/apache/lucene/codecs/lucene99/Lucene99HnswVectorsWriter$2.class starting
/org/apache/lucene/codecs/lucene99/Lucene99HnswVectorsWriter$2.class DONE
/org/apache/lucene/codecs/lucene90/Lucene90DocValuesProducer$17.class starting
/org/apache/lucene/codecs/lucene90/Lucene90DocValuesProducer$17.class DONE
/org/bouncycastle/jcajce/provider/symmetric/DSTU7624$GCM128.class starting
/org/bouncycastle/jcajce/provider/symmetric/DSTU7624$GCM128.class DONE
/org/apache/lucene/util/packed/PackedWriter.class starting
/org/apache/lucene/util/packed/PackedWriter.class DONE
/com/google/common/primitives/Shorts$ShortConverter.class starting
/com/google/common/primitives/Shorts$ShortConverter.class DONE
/org/bouncycastle/pqc/crypto/hqc/HQCKEMExtractor.class starting
/org/apache/lucene/util/AttributeImpl.class starting
/org/apache/lucene/util/AttributeImpl.class DONE
/org/bouncycastle/pqc/crypto/hqc/HQCKEMExtractor.class DONE
/org/apache/lucene/codecs/hnsw/DefaultFlatVectorScorer$ByteScoringSupplier$1.class starting
/org/apache/lucene/codecs/hnsw/DefaultFlatVectorScorer$ByteScoringSupplier$1.class DONE
/net/bytebuddy/implementation/attribute/AnnotationValueFilter$Factory.class starting
/net/bytebuddy/implementation/attribute/AnnotationValueFilter$Factory.class DONE
/org/apache/lucene/analysis/tokenattributes/TermToBytesRefAttribute.class starting
/org/apache/lucene/analysis/tokenattributes/TermToBytesRefAttribute.class DONE
/org/bouncycastle/crypto/StagedAgreement.class starting
/org/bouncycastle/crypto/StagedAgreement.class DONE
/org/apache/lucene/search/comparators/NumericComparator$NumericLeafComparator.class starting
/org/apache/lucene/search/comparators/NumericComparator$NumericLeafComparator.class DONE
/org/apache/lucene/index/IndexWriter$DocModifier.class starting
/org/apache/lucene/index/IndexWriter$DocModifier.class DONE
/org/bouncycastle/crypto/params/NaccacheSternKeyGenerationParameters.class starting
/org/bouncycastle/crypto/params/NaccacheSternKeyGenerationParameters.class DONE
/org/apache/lucene/search/SortedNumericSortField$5.class starting
/org/apache/lucene/search/SortedNumericSortField$5.class DONE
/org/bouncycastle/jce/provider/AnnotatedException.class starting
/org/bouncycastle/jce/provider/AnnotatedException.class DONE
/org/apache/lucene/util/bkd/OfflinePointWriter.class starting
/org/apache/lucene/util/bkd/OfflinePointWriter.class DONE
/org/bouncycastle/jcajce/provider/symmetric/Rijndael.class starting
/org/bouncycastle/jcajce/provider/symmetric/Rijndael.class DONE
/org/apache/lucene/util/DocIdSetBuilder$BulkAdder.class starting
/org/apache/lucene/util/DocIdSetBuilder$BulkAdder.class DONE
/org/apache/lucene/util/packed/DirectReader$DirectPackedReader32.class starting
/org/apache/lucene/util/packed/DirectReader$DirectPackedReader32.class DONE
/org/bouncycastle/pqc/jcajce/provider/picnic/BCPicnicPublicKey.class starting
/org/bouncycastle/pqc/jcajce/provider/picnic/BCPicnicPublicKey.class DONE
/net/bytebuddy/description/annotation/AnnotationValue$Loaded$AbstractBase$ForUnresolvedProperty.class starting
/net/bytebuddy/description/annotation/AnnotationValue$Loaded$AbstractBase$ForUnresolvedProperty.class DONE
/com/google/common/collect/HashMultimap.class starting
/com/google/common/collect/HashMultimap.class DONE
/net/bytebuddy/agent/builder/AgentBuilder$InstallationListener$Compound.class starting
/net/bytebuddy/agent/builder/AgentBuilder$InstallationListener$Compound.class DONE
/org/bouncycastle/crypto/params/DHParameters.class starting
/org/bouncycastle/crypto/params/DHParameters.class DONE
/net/bytebuddy/dynamic/scaffold/subclass/SubclassImplementationTarget$OriginTypeResolver$1.class starting
/net/bytebuddy/dynamic/scaffold/subclass/SubclassImplementationTarget$OriginTypeResolver$1.class DONE
/org/bouncycastle/jcajce/provider/symmetric/Shacal2$AlgParams.class starting
/org/bouncycastle/jcajce/provider/symmetric/Shacal2$AlgParams.class DONE
/org/bouncycastle/crypto/util/DEROtherInfo$1.class starting
/org/bouncycastle/crypto/util/DEROtherInfo$1.class DONE
/com/google/common/collect/Streams$DoubleFunctionWithIndex.class starting
/com/google/common/collect/Streams$DoubleFunctionWithIndex.class DONE
/net/bytebuddy/agent/builder/AgentBuilder$Default$NativeMethodStrategy$ForPrefix.class starting
/net/bytebuddy/agent/builder/AgentBuilder$Default$NativeMethodStrategy$ForPrefix.class DONE
/org/bouncycastle/jcajce/provider/asymmetric/ecgost12/KeyAgreementSpi$ECVKO512.class starting
/org/bouncycastle/jcajce/provider/asymmetric/ecgost12/KeyAgreementSpi$ECVKO512.class DONE
/net/bytebuddy/implementation/MethodDelegation.class starting
/net/bytebuddy/implementation/MethodDelegation.class DONE
/net/bytebuddy/implementation/FieldAccessor$FieldLocation.class starting
/net/bytebuddy/implementation/FieldAccessor$FieldLocation.class DONE
/com/google/common/collect/SortedLists$KeyAbsentBehavior$2.class starting
/com/google/common/collect/SortedLists$KeyAbsentBehavior$2.class DONE
/org/bouncycastle/jcajce/provider/asymmetric/edec/KeyPairGeneratorSpi$X448.class starting
/org/bouncycastle/jcajce/provider/asymmetric/edec/KeyPairGeneratorSpi$X448.class DONE
/net/bytebuddy/dynamic/loading/PackageDefinitionStrategy$ManifestReading.class starting
/net/bytebuddy/dynamic/loading/PackageDefinitionStrategy$ManifestReading.class DONE
/org/bouncycastle/asn1/LazyEncodedSequence.class starting
/org/bouncycastle/asn1/LazyEncodedSequence.class DONE
/net/bytebuddy/description/annotation/AnnotationDescription.class starting
/net/bytebuddy/description/annotation/AnnotationDescription.class DONE
/org/bouncycastle/asn1/BEROctetStringParser.class starting
/org/bouncycastle/asn1/BEROctetStringParser.class DONE
/org/bouncycastle/crypto/ec/ECDecryptor.class starting
/org/bouncycastle/crypto/ec/ECDecryptor.class DONE
/org/bouncycastle/pqc/jcajce/interfaces/NHPublicKey.class starting
/org/bouncycastle/pqc/jcajce/interfaces/NHPublicKey.class DONE
/net/bytebuddy/dynamic/scaffold/TypeWriter$Default$ClassDumpAction$Dispatcher$Enabled.class starting
/net/bytebuddy/dynamic/scaffold/TypeWriter$Default$ClassDumpAction$Dispatcher$Enabled.class DONE
/org/bouncycastle/pqc/crypto/sphincs/SPHINCS256KeyGenerationParameters.class starting
/org/bouncycastle/pqc/crypto/sphincs/SPHINCS256KeyGenerationParameters.class DONE
/com/google/common/collect/JdkBackedImmutableMap.class starting
/com/google/common/collect/JdkBackedImmutableMap.class DONE
/com/google/common/collect/MapMakerInternalMap$EntrySet.class starting
/com/google/common/collect/MapMakerInternalMap$EntrySet.class DONE
/org/bouncycastle/math/ec/ECCurve$Config.class starting
/org/bouncycastle/math/ec/ECCurve$Config.class DONE
/com/google/common/collect/TransformedListIterator.class starting
/com/google/common/collect/TransformedListIterator.class DONE
/org/apache/lucene/util/mutable/MutableValueDate.class starting
/org/apache/lucene/util/mutable/MutableValueDate.class DONE
/com/google/common/base/Utf8.class starting
/com/google/common/base/Utf8.class DONE
/org/apache/lucene/analysis/CharArrayMap.class starting
/org/apache/lucene/analysis/CharArrayMap.class DONE
/org/bouncycastle/crypto/digests/AsconXof$1.class starting
/org/bouncycastle/crypto/digests/AsconXof$1.class DONE
/net/bytebuddy/description/method/MethodList$Explicit.class starting
/net/bytebuddy/description/method/MethodList$Explicit.class DONE
/net/bytebuddy/matcher/TypeSortMatcher.class starting
/net/bytebuddy/matcher/TypeSortMatcher.class DONE
/net/bytebuddy/utility/FileSystem$ForNio2CapableVm$StandardCopyOption.class starting
/net/bytebuddy/utility/FileSystem$ForNio2CapableVm$StandardCopyOption.class DONE
/org/apache/lucene/search/NamedMatches$NamedQuery.class starting
/org/apache/lucene/search/NamedMatches$NamedQuery.class DONE
/net/bytebuddy/description/type/TypeDescription$Latent.class starting
/net/bytebuddy/description/type/TypeDescription$Latent.class DONE
/org/bouncycastle/crypto/engines/GOST3412_2015Engine.class starting
/org/bouncycastle/crypto/engines/GOST3412_2015Engine.class DONE
/org/bouncycastle/math/ec/custom/sec/SecT239K1Curve.class starting
/org/bouncycastle/math/ec/custom/sec/SecT239K1Curve.class DONE
/org/apache/lucene/index/PointValues$IntersectVisitor.class starting
/org/apache/lucene/index/PointValues$IntersectVisitor.class DONE
/net/bytebuddy/implementation/InvokeDynamic$WithImplicitArguments.class starting
/net/bytebuddy/implementation/InvokeDynamic$WithImplicitArguments.class DONE
/org/bouncycastle/pqc/jcajce/provider/mceliece/BCMcEliecePrivateKey.class starting
/org/bouncycastle/pqc/jcajce/provider/mceliece/BCMcEliecePrivateKey.class DONE
/com/google/common/util/concurrent/ForwardingCheckedFuture$SimpleForwardingCheckedFuture.class starting
/com/google/common/util/concurrent/ForwardingCheckedFuture$SimpleForwardingCheckedFuture.class DONE
/com/google/common/collect/ForwardingConcurrentMap.class starting
/com/google/common/collect/ForwardingConcurrentMap.class DONE
/org/bouncycastle/jcajce/provider/keystore/pkcs12/PKCS12KeyStoreSpi$1.class starting
/org/bouncycastle/jcajce/provider/keystore/pkcs12/PKCS12KeyStoreSpi$1.class DONE
/com/google/common/reflect/TypeToken$Bounds.class starting
/com/google/common/reflect/TypeToken$Bounds.class DONE
/org/bouncycastle/jcajce/provider/asymmetric/compositesignatures/KeyPairGeneratorSpi$MLDSA65_ECDSA_brainpoolP256r1_SHA512.class starting
/org/bouncycastle/jcajce/provider/asymmetric/compositesignatures/KeyPairGeneratorSpi$MLDSA65_ECDSA_brainpoolP256r1_SHA512.class DONE
/org/bouncycastle/util/encoders/HexTranslator.class starting
/org/bouncycastle/util/encoders/HexTranslator.class DONE
/org/apache/lucene/store/IndexInput$1.class starting
/org/apache/lucene/store/IndexInput$1.class DONE
/net/bytebuddy/dynamic/loading/ClassInjector$UsingReflection$Dispatcher$Initializable.class starting
/net/bytebuddy/dynamic/loading/ClassInjector$UsingReflection$Dispatcher$Initializable.class DONE
/org/apache/lucene/util/ModuleResourceLoader.class starting
/org/apache/lucene/util/ModuleResourceLoader.class DONE
/org/apache/lucene/index/FreqProxFields$FreqProxTermsEnum$1.class starting
/org/apache/lucene/index/FreqProxFields$FreqProxTermsEnum$1.class DONE
/org/bouncycastle/pqc/jcajce/provider/falcon/SignatureSpi$Base.class starting
/org/bouncycastle/pqc/jcajce/provider/falcon/SignatureSpi$Base.class DONE
/org/bouncycastle/jcajce/provider/digest/Whirlpool$KeyGenerator.class starting
/org/bouncycastle/jcajce/provider/digest/Whirlpool$KeyGenerator.class DONE
/com/google/common/collect/MultimapBuilder$2.class starting
/com/google/common/collect/MultimapBuilder$2.class DONE
/com/google/common/base/Platform.class starting
/com/google/common/base/Platform.class DONE
/net/bytebuddy/implementation/HashCodeMethod$ValueTransformer$7.class starting
/net/bytebuddy/implementation/HashCodeMethod$ValueTransformer$7.class DONE
/org/bouncycastle/jcajce/provider/asymmetric/rsa/PSSSignatureSpi$SHA512withRSA.class starting
/org/bouncycastle/jcajce/provider/asymmetric/rsa/PSSSignatureSpi$SHA512withRSA.class DONE
/org/bouncycastle/pqc/crypto/falcon/FalconSmallPrime.class starting
/org/bouncycastle/pqc/crypto/falcon/FalconSmallPrime.class DONE
/com/google/common/net/HttpHeaders.class starting
/com/google/common/net/HttpHeaders.class DONE
/net/bytebuddy/implementation/bind/annotation/Morph$Binder$RedirectionProxy$InstanceFieldConstructor$Appender.class starting
/net/bytebuddy/implementation/bind/annotation/Morph$Binder$RedirectionProxy$InstanceFieldConstructor$Appender.class DONE
/net/bytebuddy/implementation/InvocationHandlerAdapter.class starting
/net/bytebuddy/implementation/InvocationHandlerAdapter.class DONE
/org/bouncycastle/crypto/modes/NISTCTSBlockCipher.class starting
/org/bouncycastle/crypto/modes/NISTCTSBlockCipher.class DONE
/org/bouncycastle/jcajce/provider/digest/Skein$HMacKeyGenerator_512_384.class starting
/org/bouncycastle/jcajce/provider/digest/Skein$HMacKeyGenerator_512_384.class DONE
/org/bouncycastle/x509/X509CRLStoreSelector.class starting
/org/bouncycastle/x509/X509CRLStoreSelector.class DONE
/org/bouncycastle/pqc/legacy/crypto/mceliece/McEliecePrivateKeyParameters.class starting
/org/bouncycastle/pqc/legacy/crypto/mceliece/McEliecePrivateKeyParameters.class DONE
/org/apache/lucene/util/fst/Util$FSTPath.class starting
/org/apache/lucene/util/fst/Util$FSTPath.class DONE
/org/apache/lucene/search/LongValuesSource$LongValuesComparatorSource.class starting
/org/apache/lucene/search/LongValuesSource$LongValuesComparatorSource.class DONE
/org/bouncycastle/pqc/crypto/util/PublicKeyFactory$LMSConverter.class starting
/org/bouncycastle/pqc/crypto/util/PublicKeyFactory$LMSConverter.class DONE
/net/bytebuddy/description/type/TypeDescription$Generic$OfParameterizedType$Latent.class starting
/net/bytebuddy/description/type/TypeDescription$Generic$OfParameterizedType$Latent.class DONE
/org/bouncycastle/crypto/util/SSHNamedCurves$3.class starting
/org/bouncycastle/crypto/util/SSHNamedCurves$3.class DONE
/com/google/common/io/LineProcessor.class starting
/com/google/common/io/LineProcessor.class DONE
/org/bouncycastle/pqc/legacy/math/linearalgebra/GF2Matrix.class starting
/org/bouncycastle/pqc/legacy/math/linearalgebra/GF2Matrix.class DONE
/com/google/common/cache/LongAddables.class starting
/com/google/common/cache/LongAddables.class DONE
/org/bouncycastle/jcajce/provider/symmetric/CAST5$CBC.class starting
/org/bouncycastle/jcajce/provider/symmetric/CAST5$CBC.class DONE
/org/bouncycastle/pqc/crypto/xmss/XMSSMTPrivateKeyParameters$Builder.class starting
/org/bouncycastle/pqc/crypto/xmss/XMSSMTPrivateKeyParameters$Builder.class DONE
/org/bouncycastle/jcajce/provider/asymmetric/ec/KeyAgreementSpi$DHUwithSHA224KDF.class starting
/org/bouncycastle/jcajce/provider/asymmetric/ec/KeyAgreementSpi$DHUwithSHA224KDF.class DONE
/org/apache/lucene/index/SortedNumericDocValuesWriter.class starting
/org/apache/lucene/index/SortedNumericDocValuesWriter.class DONE
/org/bouncycastle/jcajce/provider/symmetric/HC128$KeyGen.class starting
/org/bouncycastle/jcajce/provider/symmetric/HC128$KeyGen.class DONE
/net/bytebuddy/implementation/bytecode/ByteCodeAppender$Compound.class starting
/net/bytebuddy/implementation/bytecode/ByteCodeAppender$Compound.class DONE
/org/apache/lucene/document/FloatPoint$2.class starting
/org/apache/lucene/document/FloatPoint$2.class DONE
/org/bouncycastle/pqc/math/ntru/parameters/NTRUHPS2048509.class starting
/org/bouncycastle/pqc/math/ntru/parameters/NTRUHPS2048509.class DONE
/com/google/common/collect/Maps$AsMapView$1EntrySetImpl.class starting
/com/google/common/collect/Maps$AsMapView$1EntrySetImpl.class DONE
/org/apache/lucene/search/TopDocsCollector.class starting
/org/apache/lucene/search/TopDocsCollector.class DONE
/net/bytebuddy/asm/Advice$Dispatcher$Resolved$AbstractBase.class starting
/org/bouncycastle/jcajce/provider/asymmetric/ec/BCECPrivateKey.class starting
/org/bouncycastle/jcajce/provider/asymmetric/ec/BCECPrivateKey.class DONE
/org/bouncycastle/math/ec/custom/sec/SecP384R1FieldElement.class starting
/org/bouncycastle/math/ec/custom/sec/SecP384R1FieldElement.class DONE
/net/bytebuddy/asm/Advice$Dispatcher$Resolved$AbstractBase.class DONE
/org/bouncycastle/crypto/engines/SparkleEngine$1.class starting
/org/bouncycastle/crypto/engines/SparkleEngine$1.class DONE
/org/bouncycastle/asn1/sec/SECNamedCurves$17.class starting
/org/bouncycastle/asn1/sec/SECNamedCurves$17.class DONE
/com/google/common/collect/AbstractMapBasedMultiset$2$1.class starting
/com/google/common/collect/AbstractMapBasedMultiset$2$1.class DONE
/net/bytebuddy/asm/Advice$OffsetMapping.class starting
/net/bytebuddy/asm/Advice$OffsetMapping.class DONE
/com/google/common/cache/LocalCache$EntryFactory$2.class starting
/com/google/common/cache/LocalCache$EntryFactory$2.class DONE
/net/bytebuddy/implementation/bind/annotation/AllArguments.class starting
/net/bytebuddy/implementation/bind/annotation/AllArguments.class DONE
/org/apache/lucene/search/ImpactsDISI.class starting
/org/apache/lucene/search/ImpactsDISI.class DONE
/net/bytebuddy/build/EntryPoint$Default.class starting
/net/bytebuddy/build/EntryPoint$Default.class DONE
/org/bouncycastle/asn1/ASN1ObjectDescriptor$1.class starting
/org/bouncycastle/asn1/ASN1ObjectDescriptor$1.class DONE
/org/apache/lucene/document/LatLonPointDistanceQuery.class starting
/org/apache/lucene/document/LatLonPointDistanceQuery.class DONE
/org/apache/lucene/search/similarities/MultiSimilarity.class starting
/org/apache/lucene/search/similarities/MultiSimilarity.class DONE
/org/apache/lucene/index/TermVectorsConsumerPerField$TermVectorsPostingsArray.class starting
/org/apache/lucene/index/TermVectorsConsumerPerField$TermVectorsPostingsArray.class DONE
/com/google/common/util/concurrent/AbstractFuture$Listener.class starting
/com/google/common/util/concurrent/AbstractFuture$Listener.class DONE
/net/bytebuddy/dynamic/VisibilityBridgeStrategy$Default$2.class starting
/net/bytebuddy/dynamic/VisibilityBridgeStrategy$Default$2.class DONE
/org/apache/lucene/util/automaton/MinimizationOperations$IntPair.class starting
/org/apache/lucene/util/automaton/MinimizationOperations$IntPair.class DONE
/org/apache/lucene/codecs/lucene90/Lucene90PointsFormat.class starting
/org/apache/lucene/codecs/lucene90/Lucene90PointsFormat.class DONE
/org/bouncycastle/jcajce/spec/SkeinParameterSpec.class starting
/org/bouncycastle/jcajce/spec/SkeinParameterSpec.class DONE
/com/google/common/hash/Hashing.class starting
/com/google/common/hash/Hashing.class DONE
/org/apache/lucene/internal/hppc/LongIntHashMap$LongIntCursor.class starting
/org/apache/lucene/internal/hppc/LongIntHashMap$LongIntCursor.class DONE
/com/google/common/collect/Multisets$4.class starting
/com/google/common/collect/Multisets$4.class DONE
/org/apache/lucene/index/BaseTermsEnum$1.class starting
/org/apache/lucene/index/BaseTermsEnum$1.class DONE
/net/bytebuddy/agent/builder/AgentBuilder$RedefinitionStrategy$Listener$Adapter.class starting
/net/bytebuddy/agent/builder/AgentBuilder$RedefinitionStrategy$Listener$Adapter.class DONE
/net/bytebuddy/utility/dispatcher/JavaDispatcher$Dispatcher.class starting
/net/bytebuddy/utility/dispatcher/JavaDispatcher$Dispatcher.class DONE
/org/bouncycastle/asn1/ocsp/OCSPRequest.class starting
/org/bouncycastle/asn1/ocsp/OCSPRequest.class DONE
/org/apache/lucene/codecs/KnnVectorsWriter$ByteVectorValuesSub.class starting
/org/apache/lucene/codecs/KnnVectorsWriter$ByteVectorValuesSub.class DONE
/net/bytebuddy/jar/asm/RecordComponentWriter.class starting
/net/bytebuddy/jar/asm/RecordComponentWriter.class DONE
/net/bytebuddy/asm/ClassVisitorFactory$FrameTranslator.class starting
/net/bytebuddy/asm/ClassVisitorFactory$FrameTranslator.class DONE
/com/google/common/collect/TreeTraverser.class starting
/com/google/common/collect/TreeTraverser.class DONE
/org/bouncycastle/jcajce/provider/asymmetric/CompositeSignatures.class starting
/org/bouncycastle/jcajce/provider/asymmetric/CompositeSignatures.class DONE
/org/bouncycastle/jcajce/BCFKSLoadStoreParameter$SignatureAlgorithm.class starting
/org/bouncycastle/jcajce/BCFKSLoadStoreParameter$SignatureAlgorithm.class DONE
/com/google/common/graph/AbstractBaseGraph$1.class starting
/com/google/common/graph/AbstractBaseGraph$1.class DONE
/net/bytebuddy/implementation/bytecode/member/FieldAccess$AccessDispatcher$FieldPutInstruction.class starting
/net/bytebuddy/implementation/bytecode/member/FieldAccess$AccessDispatcher$FieldPutInstruction.class DONE
/org/apache/lucene/index/ConcurrentMergeScheduler.class starting
/org/apache/lucene/index/ConcurrentMergeScheduler.class DONE
/org/bouncycastle/pqc/asn1/PQCObjectIdentifiers.class starting
/org/bouncycastle/pqc/asn1/PQCObjectIdentifiers.class DONE
/org/bouncycastle/jcajce/provider/digest/SHA3$Mappings.class starting
/org/bouncycastle/jcajce/provider/digest/SHA3$Mappings.class DONE
/net/bytebuddy/agent/builder/AgentBuilder$PoolStrategy$Default.class starting
/net/bytebuddy/agent/builder/AgentBuilder$PoolStrategy$Default.class DONE
/net/bytebuddy/asm/Advice$AssignReturned$ToReturned$Handler.class starting
/net/bytebuddy/asm/Advice$AssignReturned$ToReturned$Handler.class DONE
/com/google/common/collect/CollectSpliterators.class starting
/com/google/common/collect/CollectSpliterators.class DONE
/org/apache/lucene/document/XYShapeDocValues.class starting
/org/apache/lucene/document/XYShapeDocValues.class DONE
/org/bouncycastle/jcajce/provider/asymmetric/rsa/PSSSignatureSpi$SHA512withRSA.class starting
/org/bouncycastle/jcajce/provider/asymmetric/rsa/PSSSignatureSpi$SHA512withRSA.class DONE
/org/bouncycastle/pqc/crypto/xmss/XMSSMTPrivateKeyParameters$Builder.class starting
/org/bouncycastle/pqc/crypto/xmss/XMSSMTPrivateKeyParameters$Builder.class DONE
/org/bouncycastle/jce/provider/RFC3280CertPathUtilities.class starting
/org/bouncycastle/jce/provider/RFC3280CertPathUtilities.class DONE
/org/bouncycastle/math/ec/custom/gm/SM2P256V1FieldElement.class starting
/org/bouncycastle/math/ec/custom/gm/SM2P256V1FieldElement.class DONE
/org/bouncycastle/math/ec/custom/sec/SecP384R1FieldElement.class starting
/org/apache/lucene/document/LatLonPointDistanceQuery.class starting
/org/bouncycastle/math/ec/custom/sec/SecP384R1FieldElement.class DONE
/org/apache/lucene/document/LatLonPointDistanceQuery.class DONE
/org/apache/lucene/document/XYShapeDocValues.class starting
/org/bouncycastle/math/ec/custom/gm/SM2P256V1FieldElement.class starting
/org/bouncycastle/math/ec/custom/gm/SM2P256V1FieldElement.class DONE
/org/bouncycastle/jcajce/provider/asymmetric/rsa/PSSSignatureSpi$SHA512withRSA.class starting
/org/apache/lucene/document/XYShapeDocValues.class DONE
/org/bouncycastle/jcajce/provider/asymmetric/rsa/PSSSignatureSpi$SHA512withRSA.class DONE
/org/bouncycastle/jce/provider/RFC3280CertPathUtilities.class starting
/org/bouncycastle/pqc/crypto/xmss/XMSSMTPrivateKeyParameters$Builder.class starting
/org/bouncycastle/pqc/crypto/xmss/XMSSMTPrivateKeyParameters$Builder.class DONE
/org/bouncycastle/jce/provider/RFC3280CertPathUtilities.class DONE
Could not read file /com/google/common/collect/DenseImmutableTable.class
Could not read file /org/apache/lucene/document/ShapeDocValues.class
Could not read file /org/apache/lucene/index/MergeRateLimiter.class
*****
{
  "olly": {
    "version": 2,
    "wall_time": 154.75,
    "cpu_time": 1995.35,
    "gc_time": 125.16,
    "gc_overhead": 6.27,
    "max_rss_kb": 4224788,
    "domain_stats": {
      "0": {
        "wall_time": 154.75,
        "gc_time": 0.83,
        "gc_overhead": 0.53
      },
      "1": {
        "wall_time": 153.29,
        "gc_time": 9.8,
        "gc_overhead": 6.39
      },
      "2": {
        "wall_time": 153.38,
        "gc_time": 9.51,
        "gc_overhead": 6.2
      },
      "3": {
        "wall_time": 153.32,
        "gc_time": 9.5,
        "gc_overhead": 6.2
      },
      "4": {
        "wall_time": 153.35,
        "gc_time": 10.51,
        "gc_overhead": 6.85
      },
      "5": {
        "wall_time": 153.3,
        "gc_time": 9.4,
        "gc_overhead": 6.13
      },
      "6": {
        "wall_time": 153.33,
        "gc_time": 8.66,
        "gc_overhead": 5.65
      },
      "7": {
        "wall_time": 153.24,
        "gc_time": 9.52,
        "gc_overhead": 6.22
      },
      "8": {
        "wall_time": 154.03,
        "gc_time": 8.8,
        "gc_overhead": 5.71
      },
      "9": {
        "wall_time": 153.27,
        "gc_time": 8.48,
        "gc_overhead": 5.53
      },
      "10": {
        "wall_time": 153.37,
        "gc_time": 15.84,
        "gc_overhead": 10.33
      },
      "11": {
        "wall_time": 153.35,
        "gc_time": 10.98,
        "gc_overhead": 7.16
      },
      "12": {
        "wall_time": 153.36,
        "gc_time": 13.34,
        "gc_overhead": 8.7
      }
    },
    "mean_latency": 4.450059,
    "stddev_latency": 9.161553,
    "min_latency": 0.0,
    "max_latency": 357.040127,
    "distr_latency": {
      "25.0000": 0.001287,
      "50.0000": 0.001911,
      "60.0000": 0.003127,
      "70.0000": 1.544191,
      "75.0000": 4.816895,
      "80.0000": 10.420223,
      "85.0000": 14.581759,
      "90.0000": 18.104319,
      "95.0000": 22.544383,
      "96.0000": 23.953407,
      "97.0000": 25.640959,
      "98.0000": 27.934719,
      "99.0000": 31.342591,
      "99.9000": 43.155455,
      "99.9900": 349.175807,
      "99.9990": 357.040127,
      "99.9999": 357.040127,
      "100.0000": 357.040127
    },
    "outliers": {
      "count": 0,
      "mean_latency": 0.0,
      "max_latency": 0.0
    },
    "allocations": {
      "total_heap": 53767764093,
      "minor_heap": 53867760113,
      "major_heap": 539439296,
      "promoted_words": 639435316,
      "promoted_pct": 1.19
    },
    "domain_alloc_stats": {
      "0": {
        "total": 29298499,
        "minor": 10173515,
        "promoted": 6535448,
        "major": 25660432,
        "promoted_pct": 64.24
      },
      "1": {
        "total": 3043618906,
        "minor": 3053124974,
        "promoted": 45009682,
        "major": 35503614,
        "promoted_pct": 1.47
      },
      "2": {
        "total": 2995575828,
        "minor": 3006377518,
        "promoted": 48606768,
        "major": 37805078,
        "promoted_pct": 1.62
      },
      "3": {
        "total": 2871089916,
        "minor": 2875628227,
        "promoted": 45209664,
        "major": 40671353,
        "promoted_pct": 1.57
      },
      "4": {
        "total": 3909734786,
        "minor": 3930385528,
        "promoted": 56292721,
        "major": 35641979,
        "promoted_pct": 1.43
      },
      "5": {
        "total": 3199127962,
        "minor": 3203514274,
        "promoted": 38412058,
        "major": 34025746,
        "promoted_pct": 1.2
      },
      "6": {
        "total": 2956772354,
        "minor": 2964864166,
        "promoted": 46727404,
        "major": 38635592,
        "promoted_pct": 1.58
      },
      "7": {
        "total": 3289635678,
        "minor": 3299690569,
        "promoted": 47234531,
        "major": 37179640,
        "promoted_pct": 1.43
      },
      "8": {
        "total": 2829199962,
        "minor": 2839641934,
        "promoted": 44167401,
        "major": 33725429,
        "promoted_pct": 1.56
      },
      "9": {
        "total": 3022390609,
        "minor": 3027591039,
        "promoted": 41831313,
        "major": 36630883,
        "promoted_pct": 1.38
      },
      "10": {
        "total": 10174591246,
        "minor": 10203460882,
        "promoted": 99205293,
        "major": 70335657,
        "promoted_pct": 0.97
      },
      "11": {
        "total": 6451737542,
        "minor": 6455246696,
        "promoted": 73242797,
        "major": 69733643,
        "promoted_pct": 1.13
      },
      "12": {
        "total": 8994990805,
        "minor": 8998060791,
        "promoted": 46960236,
        "major": 43890250,
        "promoted_pct": 0.52
      }
    },
    "collections": {
      "minor": 1442,
      "major": 24,
      "forced_major": 0,
      "compactions": 0
    },
    "stats_reliable": true
  },
  "perf": [
    {
      "counter-value": "302476.129376",
      "unit": "msec",
      "event": "task-clock",
      "event-runtime": 302476129376,
      "pcnt-running": 100.0,
      "metric-value": "1.948920",
      "metric-unit": "CPUs utilized"
    },
    {
      "counter-value": "1018481.000000",
      "unit": "",
      "event": "page-faults",
      "event-runtime": 302476125349,
      "pcnt-running": 100.0,
      "metric-value": "3.367145",
      "metric-unit": "K/sec"
    },
    {
      "counter-value": "995683435847.000000",
      "unit": "",
      "event": "cycles",
      "event-runtime": 302476123035,
      "pcnt-running": 100.0,
      "metric-value": "3.291775",
      "metric-unit": "GHz"
    },
    {
      "counter-value": "1249204805787.000000",
      "unit": "",
      "event": "instructions",
      "event-runtime": 302476117099,
      "pcnt-running": 100.0,
      "metric-value": "1.254620",
      "metric-unit": "insn per cycle"
    }
  ]
}
-----
mkdir -p PLOTTY_WORKAROUND; timedrun; OCAMLRUNPARAM="s=262144,o=120,e=18,d=128" /home/udesou/.bench-agent/git/macro-benches/benchmarks/infer/infer_default-ocaml-5.5.0-f523850-fp
running-ng v0.3.8
Wed Sep  9 01:40:12 PM UTC 2026

 13:40:12 up 2 days, 13:34,  2 users,  load average: 7.45, 8.72, 8.71
USER     TTY      FROM             LOGIN@   IDLE   JCPU   PCPU  WHAT

procs -----------memory---------- ---swap-- -----io---- -system-- -------cpu-------
 r  b   swpd   free   buff  cache   si   so    bi    bo   in   cs us sy id wa st gu
 0  1      0 42221480 4123696 18479184    0    0    40   782 2165    3 13  0 76 11  0  0
 0  1      0 42237812 4123696 18479144    0    0     0     0 1739 3015  0  0 88 12  0  0

top - 13:40:14 up 2 days, 13:34,  2 users,  load average: 7.45, 8.72, 8.71
Tasks: 277 total,   1 running, 276 sleeping,   0 stopped,   0 zombie
%Cpu(s):  0.0 us,  1.2 sy,  0.0 ni, 87.2 id, 11.6 wa,  0.0 hi,  0.0 si,  0.0 st 
MiB Mem :  64272.5 total,  41255.5 free,   1667.8 used,  22073.1 buff/cache     
MiB Swap:   8192.0 total,   8192.0 free,      0.0 used.  62604.7 avail Mem 

    PID USER      PR  NI    VIRT    RES    SHR S  %CPU  %MEM     TIME+ COMMAND
      1 root      20   0   22748  14152   9580 S   0.0   0.0   1:40.39 /sbin/init
      2 root      20   0       0      0      0 S   0.0   0.0   0:00.03 [kthreadd]
      3 root      20   0       0      0      0 S   0.0   0.0   0:00.00 [pool_workqueue_release]
      4 root       0 -20       0      0      0 I   0.0   0.0   0:00.00 [kworker/R-rcu_g]
      5 root       0 -20       0      0      0 I   0.0   0.0   0:00.00 [kworker/R-rcu_p]

Environment variables: 
	CONFIG_FILE=/home/udesou/.bench-agent/work/run-20260907-001-e1/run-20260907-001.yml
	HOME=/home/udesou
	LANG=en_US.UTF-8
	LOGNAME=udesou
	LOG_DIR=/home/udesou/.bench-agent/logs
	OLLY_DIR=/home/udesou/.bench-agent/git/olly
	PATH=/usr/local/bin:/home/udesou/.bench-agent/git/olly/_build/install/default/bin:/home/udesou/ocaml-bench-service/_opam/bin:/home/udesou/.vscode-server/data/User/globalStorage/github.copilot-chat/debugCommand:/home/udesou/.vscode-server/data/User/globalStorage/github.copilot-chat/copilotCli:/home/udesou/.vscode-server/cli/servers/Stable-08d4889f9ec4a1685d257b9b95de036c8e1ce1e5/server/bin/remote-cli:/home/udesou/.opam/running-ng-ocaml-5.5.0-f523850-fp-flambda/bin:/home/udesou/.local/bin:/home/udesou/.opam/running-ng-ocaml-5.5.0-f523850-fp-flambda/bin:/home/udesou/.local/bin:/usr/local/sbin:/usr/local/bin:/usr/sbin:/usr/bin:/sbin:/bin:/usr/games:/usr/local/games:/snap/bin
	PWD=/home/udesou/ocaml-bench-service
	PYTHONPATH=/home/udesou/.bench-agent/git/running-ng/src
	RUNNING_BENCH_DIR=/home/udesou/.bench-agent/git/macro-benches
	RUNNING_MACRO_BENCH_DIR=/home/udesou/.bench-agent/git/macro-benches
	RUNNING_NG_PACKAGE_DATA=/home/udesou/.bench-agent/git/running-ng/src/running/config
	RUNNING_REUSE_SWITCHES=1
	RUNNING_TAG=default_run,large_run
	SHELL=/bin/bash
	SHLVL=1
	TERM=screen.xterm-256color
	USER=udesou
	_=/usr/bin/python3
OS: Linux obelisk 6.8.0-139-generic #139-Ubuntu SMP PREEMPT_DYNAMIC Sat Aug  1 03:52:05 UTC 2026 x86_64 x86_64 x86_64 GNU/Linux
CPU: model name	: Intel(R) Xeon(R) CPU E5-2667 v2 @ 3.30GHz
number of cores: 8
Frequency of cpu 0: 3.30 GHz
Governor of cpu 0: performance
Scaling_min_freq of cpu 0: 1.20 GHz
Frequency of cpu 2: 3.30 GHz
Governor of cpu 2: performance
Scaling_min_freq of cpu 2: 1.20 GHz
Frequency of cpu 4: 3.30 GHz
Governor of cpu 4: performance
Scaling_min_freq of cpu 4: 1.20 GHz
Frequency of cpu 6: 3.30 GHz
Governor of cpu 6: performance
Scaling_min_freq of cpu 6: 1.20 GHz
WARNING: Failed to resolve file /com/google/common/annotations/Beta.class with "No such file or directory" 

WARNING: Failed to resolve file /com/google/common/base/Converter$IdentityConverter.class with "No such file or directory" 

WARNING: Failed to resolve file /com/google/common/base/Platform.class with "No such file or directory" 

WARNING: Failed to resolve file /com/google/common/base/Utf8.class with "No such file or directory" 

WARNING: Failed to resolve file /com/google/common/cache/LocalCache$EntryFactory$2.class with "No such file or directory" 

WARNING: Failed to resolve file /com/google/common/cache/LongAddables.class with "No such file or directory" 

WARNING: Failed to resolve file /com/google/common/collect/AbstractMapBasedMultiset$2$1.class with "No such file or directory" 

WARNING: Failed to resolve file /com/google/common/collect/CollectSpliterators.class with "No such file or directory" 

WARNING: Failed to resolve file /com/google/common/collect/DenseImmutableTable.class with "No such file or directory" 

WARNING: Failed to resolve file /com/google/common/collect/ForwardingConcurrentMap.class with "No such file or directory" 

WARNING: Failed to resolve file /com/google/common/collect/HashMultimap.class with "No such file or directory" 

WARNING: Failed to resolve file /com/google/common/collect/ImmutableMultimap$Builder.class with "No such file or directory" 

WARNING: Failed to resolve file /com/google/common/collect/ImmutableSortedSet$1.class with "No such file or directory" 

WARNING: Failed to resolve file /com/google/common/collect/JdkBackedImmutableMap.class with "No such file or directory" 

WARNING: Failed to resolve file /com/google/common/collect/MapMakerInternalMap$EntrySet.class with "No such file or directory" 

WARNING: Failed to resolve file /com/google/common/collect/Maps$AsMapView$1EntrySetImpl.class with "No such file or directory" 

WARNING: Failed to resolve file /com/google/common/collect/MultimapBuilder$2.class with "No such file or directory" 

WARNING: Failed to resolve file /com/google/common/collect/Multisets$4.class with "No such file or directory" 

WARNING: Failed to resolve file /com/google/common/collect/RegularImmutableMap$Values.class with "No such file or directory" 

WARNING: Failed to resolve file /com/google/common/collect/SortedLists$KeyAbsentBehavior$2.class with "No such file or directory" 

WARNING: Failed to resolve file /com/google/common/collect/Streams$DoubleFunctionWithIndex.class with "No such file or directory" 

WARNING: Failed to resolve file /com/google/common/collect/TransformedListIterator.class with "No such file or directory" 

WARNING: Failed to resolve file /com/google/common/collect/TreeTraverser.class with "No such file or directory" 

WARNING: Failed to resolve file /com/google/common/graph/AbstractBaseGraph$1.class with "No such file or directory" 

WARNING: Failed to resolve file /com/google/common/graph/GraphBuilder.class with "No such file or directory" 

WARNING: Failed to resolve file /com/google/common/graph/ValueGraph.class with "No such file or directory" 

WARNING: Failed to resolve file /com/google/common/hash/Hashing.class with "No such file or directory" 

WARNING: Failed to resolve file /com/google/common/io/BaseEncoding.class with "No such file or directory" 

WARNING: Failed to resolve file /com/google/common/io/LineProcessor.class with "No such file or directory" 

WARNING: Failed to resolve file /com/google/common/net/HttpHeaders.class with "No such file or directory" 

WARNING: Failed to resolve file /com/google/common/primitives/Shorts$ShortConverter.class with "No such file or directory" 

WARNING: Failed to resolve file /com/google/common/reflect/TypeToken$Bounds.class with "No such file or directory" 

WARNING: Failed to resolve file /com/google/common/util/concurrent/AbstractFuture$Listener.class with "No such file or directory" 

WARNING: Failed to resolve file /com/google/common/util/concurrent/AggregateFutureState.class with "No such file or directory" 

WARNING: Failed to resolve file /com/google/common/util/concurrent/ForwardingCheckedFuture$SimpleForwardingCheckedFuture.class with "No such file or directory" 

WARNING: Failed to resolve file /com/google/common/util/concurrent/Monitor$Guard.class with "No such file or directory" 

WARNING: Failed to resolve file /com/google/common/util/concurrent/SimpleTimeLimiter$1.class with "No such file or directory" 

WARNING: Failed to resolve file /net/bytebuddy/ByteBuddy$RecordConstructorStrategy.class with "No such file or directory" 

WARNING: Failed to resolve file /net/bytebuddy/agent/builder/AgentBuilder$Default$NativeMethodStrategy$ForPrefix.class with "No such file or directory" 

WARNING: Failed to resolve file /net/bytebuddy/agent/builder/AgentBuilder$InstallationListener$Compound.class with "No such file or directory" 

WARNING: Failed to resolve file /net/bytebuddy/agent/builder/AgentBuilder$PoolStrategy$Default.class with "No such file or directory" 

WARNING: Failed to resolve file /net/bytebuddy/agent/builder/AgentBuilder$RedefinitionStrategy$Listener$Adapter.class with "No such file or directory" 

WARNING: Failed to resolve file /net/bytebuddy/agent/builder/package-info.class with "No such file or directory" 

WARNING: Failed to resolve file /net/bytebuddy/asm/Advice$AssignReturned$ToReturned$Handler.class with "No such file or directory" 

WARNING: Failed to resolve file /net/bytebuddy/asm/Advice$Dispatcher$Resolved$AbstractBase.class with "No such file or directory" 

WARNING: Failed to resolve file /net/bytebuddy/asm/Advice$OffsetMapping$ForInstrumentedMethod$2.class with "No such file or directory" 

WARNING: Failed to resolve file /net/bytebuddy/asm/Advice$OffsetMapping.class with "No such file or directory" 

WARNING: Failed to resolve file /net/bytebuddy/asm/ClassVisitorFactory$FrameTranslator.class with "No such file or directory" 

WARNING: Failed to resolve file /net/bytebuddy/asm/MemberSubstitution$TypePoolResolver$OfImplicitPool.class with "No such file or directory" 

WARNING: Failed to resolve file /net/bytebuddy/build/EntryPoint$Default.class with "No such file or directory" 

WARNING: Failed to resolve file /net/bytebuddy/build/Plugin$Engine$Listener$StreamWriting.class with "No such file or directory" 

WARNING: Failed to resolve file /net/bytebuddy/build/Plugin$Factory$UsingReflection$Instantiator$Unresolved.class with "No such file or directory" 

WARNING: Failed to resolve file /net/bytebuddy/description/annotation/AnnotationDescription.class with "No such file or directory" 

WARNING: Failed to resolve file /net/bytebuddy/description/annotation/AnnotationValue$Loaded$AbstractBase$ForUnresolvedProperty.class with "No such file or directory" 

WARNING: Failed to resolve file /net/bytebuddy/description/method/MethodList$Explicit.class with "No such file or directory" 

WARNING: Failed to resolve file /net/bytebuddy/description/modifier/SynchronizationState.class with "No such file or directory" 

WARNING: Failed to resolve file /net/bytebuddy/description/type/TypeDescription$Generic$AnnotationReader$Delegator$ForLoadedTypeVariable.class with "No such file or directory" 

WARNING: Failed to resolve file /net/bytebuddy/description/type/TypeDescription$Generic$OfParameterizedType$Latent.class with "No such file or directory" 

WARNING: Failed to resolve file /net/bytebuddy/description/type/TypeDescription$Latent.class with "No such file or directory" 

WARNING: Failed to resolve file /net/bytebuddy/dynamic/ClassFileLocator$ForModuleFile.class with "No such file or directory" 

WARNING: Failed to resolve file /net/bytebuddy/dynamic/DynamicType$Builder$MethodDefinition$ParameterDefinition$Simple$Annotatable$AbstractBase.class with "No such file or directory" 

WARNING: Failed to resolve file /net/bytebuddy/dynamic/VisibilityBridgeStrategy$Default$2.class with "No such file or directory" 

WARNING: Failed to resolve file /net/bytebuddy/dynamic/loading/ClassInjector$UsingReflection$Dispatcher$Initializable.class with "No such file or directory" 

WARNING: Failed to resolve file /net/bytebuddy/dynamic/loading/PackageDefinitionStrategy$ManifestReading.class with "No such file or directory" 

WARNING: Failed to resolve file /net/bytebuddy/dynamic/scaffold/MethodGraph$Compiler$Default$Key$Store$Entry$Initial.class with "No such file or directory" 

WARNING: Failed to resolve file /net/bytebuddy/dynamic/scaffold/TypeWriter$Default$ClassDumpAction$Dispatcher$Enabled.class with "No such file or directory" 

WARNING: Failed to resolve file /net/bytebuddy/dynamic/scaffold/TypeWriter$MethodPool$Record$AccessBridgeWrapper.class with "No such file or directory" 

WARNING: Failed to resolve file /net/bytebuddy/dynamic/scaffold/subclass/SubclassImplementationTarget$OriginTypeResolver$1.class with "No such file or directory" 

WARNING: Failed to resolve file /net/bytebuddy/implementation/FieldAccessor$FieldLocation.class with "No such file or directory" 

WARNING: Failed to resolve file /net/bytebuddy/implementation/HashCodeMethod$ValueTransformer$7.class with "No such file or directory" 

WARNING: Failed to resolve file /net/bytebuddy/implementation/InvocationHandlerAdapter.class with "No such file or directory" 

WARNING: Failed to resolve file /net/bytebuddy/implementation/InvokeDynamic$WithImplicitArguments.class with "No such file or directory" 

WARNING: Failed to resolve file /net/bytebuddy/implementation/MethodCall$MethodInvoker.class with "No such file or directory" 

WARNING: Failed to resolve file /net/bytebuddy/implementation/MethodDelegation.class with "No such file or directory" 

WARNING: Failed to resolve file /net/bytebuddy/implementation/attribute/AnnotationValueFilter$Factory.class with "No such file or directory" 

WARNING: Failed to resolve file /net/bytebuddy/implementation/auxiliary/TypeProxy$1.class with "No such file or directory" 

WARNING: Failed to resolve file /net/bytebuddy/implementation/bind/annotation/AllArguments.class with "No such file or directory" 

WARNING: Failed to resolve file /net/bytebuddy/implementation/bind/annotation/Morph$Binder$RedirectionProxy$InstanceFieldConstructor$Appender.class with "No such file or directory" 

WARNING: Failed to resolve file /net/bytebuddy/implementation/bytecode/ByteCodeAppender$Compound.class with "No such file or directory" 

WARNING: Failed to resolve file /net/bytebuddy/implementation/bytecode/assign/reference/GenericTypeAwareAssigner$IsAssignableToVisitor$OfGenericArray.class with "No such file or directory" 

WARNING: Failed to resolve file /net/bytebuddy/implementation/bytecode/member/FieldAccess$AccessDispatcher$FieldPutInstruction.class with "No such file or directory" 

WARNING: Failed to resolve file /net/bytebuddy/jar/asm/RecordComponentWriter.class with "No such file or directory" 

WARNING: Failed to resolve file /net/bytebuddy/matcher/FilterableList.class with "No such file or directory" 

WARNING: Failed to resolve file /net/bytebuddy/matcher/TypeSortMatcher.class with "No such file or directory" 

WARNING: Failed to resolve file /net/bytebuddy/pool/TypePool$Default$LazyTypeDescription$AnnotationToken.class with "No such file or directory" 

WARNING: Failed to resolve file /net/bytebuddy/pool/TypePool$Default$LazyTypeDescription$LazyMethodDescription$LazyParameterizedReceiverType$TypeArgumentList$AnnotatedTypeVariable.class with "No such file or directory" 

WARNING: Failed to resolve file /net/bytebuddy/utility/FileSystem$ForNio2CapableVm$StandardCopyOption.class with "No such file or directory" 

WARNING: Failed to resolve file /net/bytebuddy/utility/dispatcher/JavaDispatcher$Dispatcher.class with "No such file or directory" 

WARNING: Failed to resolve file /org/apache/lucene/analysis/CharArrayMap.class with "No such file or directory" 

WARNING: Failed to resolve file /org/apache/lucene/analysis/tokenattributes/TermToBytesRefAttribute.class with "No such file or directory" 

WARNING: Failed to resolve file /org/apache/lucene/codecs/KnnVectorsWriter$ByteVectorValuesSub.class with "No such file or directory" 

WARNING: Failed to resolve file /org/apache/lucene/codecs/hnsw/DefaultFlatVectorScorer$ByteScoringSupplier$1.class with "No such file or directory" 

WARNING: Failed to resolve file /org/apache/lucene/codecs/lucene90/Lucene90DocValuesProducer$17.class with "No such file or directory" 

WARNING: Failed to resolve file /org/apache/lucene/codecs/lucene90/Lucene90PointsFormat.class with "No such file or directory" 

WARNING: Failed to resolve file /org/apache/lucene/codecs/lucene912/ForUtil.class with "No such file or directory" 

WARNING: Failed to resolve file /org/apache/lucene/codecs/lucene99/Lucene99HnswVectorsWriter$2.class with "No such file or directory" 

WARNING: Failed to resolve file /org/apache/lucene/document/BinaryPoint$1.class with "No such file or directory" 

WARNING: Failed to resolve file /org/apache/lucene/document/FloatPoint$2.class with "No such file or directory" 

WARNING: Failed to resolve file /org/apache/lucene/document/LatLonPointDistanceQuery.class with "No such file or directory" 

WARNING: Failed to resolve file /org/apache/lucene/document/ShapeField$QueryRelation.class with "No such file or directory" 

WARNING: Failed to resolve file /org/apache/lucene/document/XYShapeDocValues.class with "No such file or directory" 

WARNING: Failed to resolve file /org/apache/lucene/index/BaseTermsEnum$1.class with "No such file or directory" 

WARNING: Failed to resolve file /org/apache/lucene/index/ConcurrentMergeScheduler.class with "No such file or directory" 

WARNING: Failed to resolve file /org/apache/lucene/index/ExitableDirectoryReader$ExitableFilterAtomicReader$4.class with "No such file or directory" 

WARNING: Failed to resolve file /org/apache/lucene/index/FreqProxFields$FreqProxTermsEnum$1.class with "No such file or directory" 

WARNING: Failed to resolve file /org/apache/lucene/index/IndexWriter$DocModifier.class with "No such file or directory" 

WARNING: Failed to resolve file /org/apache/lucene/index/MultiDocValues$1.class with "No such file or directory" 

WARNING: Failed to resolve file /org/apache/lucene/index/PointValues$IntersectVisitor.class with "No such file or directory" 

WARNING: Failed to resolve file /org/apache/lucene/index/SingletonSortedSetDocValues.class with "No such file or directory" 

WARNING: Failed to resolve file /org/apache/lucene/index/SortedNumericDocValuesWriter.class with "No such file or directory" 

WARNING: Failed to resolve file /org/apache/lucene/index/TermVectorsConsumerPerField$TermVectorsPostingsArray.class with "No such file or directory" 

WARNING: Failed to resolve file /org/apache/lucene/internal/hppc/IntDoubleHashMap$EntryIterator.class with "No such file or directory" 

WARNING: Failed to resolve file /org/apache/lucene/internal/hppc/LongIntHashMap$LongIntCursor.class with "No such file or directory" 

WARNING: Failed to resolve file /org/apache/lucene/search/BlockMaxConjunctionScorer$2.class with "No such file or directory" 

WARNING: Failed to resolve file /org/apache/lucene/search/ConstantScoreQuery$1$1.class with "No such file or directory" 

WARNING: Failed to resolve file /org/apache/lucene/search/DoubleValuesSource$DoubleValuesComparatorSource$1.class with "No such file or directory" 

WARNING: Failed to resolve file /org/apache/lucene/search/ImpactsDISI.class with "No such file or directory" 

WARNING: Failed to resolve file /org/apache/lucene/search/LongValuesSource$LongValuesComparatorSource.class with "No such file or directory" 

WARNING: Failed to resolve file /org/apache/lucene/search/NamedMatches$NamedQuery.class with "No such file or directory" 

WARNING: Failed to resolve file /org/apache/lucene/search/ReqOptSumScorer.class with "No such file or directory" 

WARNING: Failed to resolve file /org/apache/lucene/search/SortedNumericSortField$5.class with "No such file or directory" 

WARNING: Failed to resolve file /org/apache/lucene/search/TopDocsCollector.class with "No such file or directory" 

WARNING: Failed to resolve file /org/apache/lucene/search/comparators/NumericComparator$NumericLeafComparator.class with "No such file or directory" 

WARNING: Failed to resolve file /org/apache/lucene/search/similarities/MultiSimilarity.class with "No such file or directory" 

WARNING: Failed to resolve file /org/apache/lucene/store/IndexInput$1.class with "No such file or directory" 

WARNING: Failed to resolve file /org/apache/lucene/util/AttributeImpl.class with "No such file or directory" 

WARNING: Failed to resolve file /org/apache/lucene/util/DocIdSetBuilder$BulkAdder.class with "No such file or directory" 

WARNING: Failed to resolve file /org/apache/lucene/util/ModuleResourceLoader.class with "No such file or directory" 

WARNING: Failed to resolve file /org/apache/lucene/util/Sorter.class with "No such file or directory" 

WARNING: Failed to resolve file /org/apache/lucene/util/automaton/MinimizationOperations$IntPair.class with "No such file or directory" 

WARNING: Failed to resolve file /org/apache/lucene/util/bkd/OfflinePointWriter.class with "No such file or directory" 

WARNING: Failed to resolve file /org/apache/lucene/util/fst/Util$FSTPath.class with "No such file or directory" 

WARNING: Failed to resolve file /org/apache/lucene/util/mutable/MutableValueDate.class with "No such file or directory" 

WARNING: Failed to resolve file /org/apache/lucene/util/packed/DirectReader$DirectPackedReader32.class with "No such file or directory" 

WARNING: Failed to resolve file /org/apache/lucene/util/packed/PackedWriter.class with "No such file or directory" 

WARNING: Failed to resolve file /org/bouncycastle/asn1/ASN1ObjectDescriptor$1.class with "No such file or directory" 

WARNING: Failed to resolve file /org/bouncycastle/asn1/BEROctetStringParser.class with "No such file or directory" 

WARNING: Failed to resolve file /org/bouncycastle/asn1/LazyEncodedSequence.class with "No such file or directory" 

WARNING: Failed to resolve file /org/bouncycastle/asn1/ocsp/OCSPRequest.class with "No such file or directory" 

WARNING: Failed to resolve file /org/bouncycastle/asn1/sec/SECNamedCurves$17.class with "No such file or directory" 

WARNING: Failed to resolve file /org/bouncycastle/asn1/x500/DirectoryString.class with "No such file or directory" 

WARNING: Failed to resolve file /org/bouncycastle/asn1/x509/NameConstraints.class with "No such file or directory" 

WARNING: Failed to resolve file /org/bouncycastle/asn1/x509/sigi/NameOrPseudonym.class with "No such file or directory" 

WARNING: Failed to resolve file /org/bouncycastle/crypto/CipherKeyGenerator.class with "No such file or directory" 

WARNING: Failed to resolve file /org/bouncycastle/crypto/StagedAgreement.class with "No such file or directory" 

WARNING: Failed to resolve file /org/bouncycastle/crypto/digests/AsconXof$1.class with "No such file or directory" 

WARNING: Failed to resolve file /org/bouncycastle/crypto/digests/ShortenedDigest.class with "No such file or directory" 

WARNING: Failed to resolve file /org/bouncycastle/crypto/ec/ECDecryptor.class with "No such file or directory" 

WARNING: Failed to resolve file /org/bouncycastle/crypto/engines/GOST3412_2015Engine.class with "No such file or directory" 

WARNING: Failed to resolve file /org/bouncycastle/crypto/engines/SparkleEngine$1.class with "No such file or directory" 

WARNING: Failed to resolve file /org/bouncycastle/crypto/generators/ElGamalParametersGenerator.class with "No such file or directory" 

WARNING: Failed to resolve file /org/bouncycastle/crypto/macs/DSTU7564Mac.class with "No such file or directory" 

WARNING: Failed to resolve file /org/bouncycastle/crypto/modes/NISTCTSBlockCipher.class with "No such file or directory" 

WARNING: Failed to resolve file /org/bouncycastle/crypto/params/DHParameters.class with "No such file or directory" 

WARNING: Failed to resolve file /org/bouncycastle/crypto/params/NaccacheSternKeyGenerationParameters.class with "No such file or directory" 

WARNING: Failed to resolve file /org/bouncycastle/crypto/prng/X931SecureRandom.class with "No such file or directory" 

WARNING: Failed to resolve file /org/bouncycastle/crypto/util/DEROtherInfo$1.class with "No such file or directory" 

WARNING: Failed to resolve file /org/bouncycastle/crypto/util/SSHNamedCurves$3.class with "No such file or directory" 

WARNING: Failed to resolve file /org/bouncycastle/jcajce/BCFKSLoadStoreParameter$SignatureAlgorithm.class with "No such file or directory" 

WARNING: Failed to resolve file /org/bouncycastle/jcajce/provider/asymmetric/CompositeSignatures.class with "No such file or directory" 

WARNING: Failed to resolve file /org/bouncycastle/jcajce/provider/asymmetric/compositesignatures/KeyPairGeneratorSpi$MLDSA65_ECDSA_brainpoolP256r1_SHA512.class with "No such file or directory" 

WARNING: Failed to resolve file /org/bouncycastle/jcajce/provider/asymmetric/dh/KeyAgreementSpi$DHwithSHA384CKDF.class with "No such file or directory" 

WARNING: Failed to resolve file /org/bouncycastle/jcajce/provider/asymmetric/ec/BCECPrivateKey.class with "No such file or directory" 

WARNING: Failed to resolve file /org/bouncycastle/jcajce/provider/asymmetric/ec/KeyAgreementSpi$DHUwithSHA224KDF.class with "No such file or directory" 

WARNING: Failed to resolve file /org/bouncycastle/jcajce/provider/asymmetric/ec/KeyPairGeneratorSpi.class with "No such file or directory" 

WARNING: Failed to resolve file /org/bouncycastle/jcajce/provider/asymmetric/ecgost12/KeyAgreementSpi$ECVKO512.class with "No such file or directory" 

WARNING: Failed to resolve file /org/bouncycastle/jcajce/provider/asymmetric/edec/KeyPairGeneratorSpi$X448.class with "No such file or directory" 

WARNING: Failed to resolve file /org/bouncycastle/jcajce/provider/asymmetric/rsa/DigestSignatureSpi$SHA3_384.class with "No such file or directory" 

WARNING: Failed to resolve file /org/bouncycastle/jcajce/provider/asymmetric/rsa/PSSSignatureSpi$SHA512withRSA.class with "No such file or directory" 

WARNING: Failed to resolve file /org/bouncycastle/jcajce/provider/asymmetric/x509/X509CRLInternal.class with "No such file or directory" 

WARNING: Failed to resolve file /org/bouncycastle/jcajce/provider/digest/GOST3411$Mappings.class with "No such file or directory" 

WARNING: Failed to resolve file /org/bouncycastle/jcajce/provider/digest/RIPEMD256$HashMac.class with "No such file or directory" 

WARNING: Failed to resolve file /org/bouncycastle/jcajce/provider/digest/SHA3$Mappings.class with "No such file or directory" 

WARNING: Failed to resolve file /org/bouncycastle/jcajce/provider/digest/Skein$HMacKeyGenerator_512_384.class with "No such file or directory" 

WARNING: Failed to resolve file /org/bouncycastle/jcajce/provider/digest/Whirlpool$KeyGenerator.class with "No such file or directory" 

WARNING: Failed to resolve file /org/bouncycastle/jcajce/provider/keystore/pkcs12/PKCS12KeyStoreSpi$1.class with "No such file or directory" 

WARNING: Failed to resolve file /org/bouncycastle/jcajce/provider/symmetric/AES$PBEWithSHA256And192BitAESBC.class with "No such file or directory" 

WARNING: Failed to resolve file /org/bouncycastle/jcajce/provider/symmetric/CAST5$CBC.class with "No such file or directory" 

WARNING: Failed to resolve file /org/bouncycastle/jcajce/provider/symmetric/DES$Mappings.class with "No such file or directory" 

WARNING: Failed to resolve file /org/bouncycastle/jcajce/provider/symmetric/DSTU7624$GCM128.class with "No such file or directory" 

WARNING: Failed to resolve file /org/bouncycastle/jcajce/provider/symmetric/HC128$KeyGen.class with "No such file or directory" 

WARNING: Failed to resolve file /org/bouncycastle/jcajce/provider/symmetric/PBEPKCS12.class with "No such file or directory" 

WARNING: Failed to resolve file /org/bouncycastle/jcajce/provider/symmetric/Rijndael.class with "No such file or directory" 

WARNING: Failed to resolve file /org/bouncycastle/jcajce/provider/symmetric/Shacal2$AlgParams.class with "No such file or directory" 

WARNING: Failed to resolve file /org/bouncycastle/jcajce/provider/symmetric/Threefish.class with "No such file or directory" 

WARNING: Failed to resolve file /org/bouncycastle/jcajce/provider/symmetric/util/BaseStreamCipher.class with "No such file or directory" 

WARNING: Failed to resolve file /org/bouncycastle/jcajce/spec/SkeinParameterSpec.class with "No such file or directory" 

WARNING: Failed to resolve file /org/bouncycastle/jce/provider/AnnotatedException.class with "No such file or directory" 

WARNING: Failed to resolve file /org/bouncycastle/jce/provider/RFC3280CertPathUtilities.class with "No such file or directory" 

WARNING: Failed to resolve file /org/bouncycastle/math/ec/ECCurve$Config.class with "No such file or directory" 

WARNING: Failed to resolve file /org/bouncycastle/math/ec/custom/gm/SM2P256V1FieldElement.class with "No such file or directory" 

WARNING: Failed to resolve file /org/bouncycastle/math/ec/custom/sec/SecP384R1FieldElement.class with "No such file or directory" 

WARNING: Failed to resolve file /org/bouncycastle/math/ec/custom/sec/SecT239K1Curve.class with "No such file or directory" 

WARNING: Failed to resolve file /org/bouncycastle/math/ec/rfc8032/Ed25519$PointTemp.class with "No such file or directory" 

WARNING: Failed to resolve file /org/bouncycastle/pqc/asn1/PQCObjectIdentifiers.class with "No such file or directory" 

WARNING: Failed to resolve file /org/bouncycastle/pqc/crypto/crystals/dilithium/DilithiumKeyPairGenerator.class with "No such file or directory" 

WARNING: Failed to resolve file /org/bouncycastle/pqc/crypto/falcon/FalconSmallPrime.class with "No such file or directory" 

WARNING: Failed to resolve file /org/bouncycastle/pqc/crypto/hqc/HQCKEMExtractor.class with "No such file or directory" 

WARNING: Failed to resolve file /org/bouncycastle/pqc/crypto/newhope/NHKeyPairGenerator.class with "No such file or directory" 

WARNING: Failed to resolve file /org/bouncycastle/pqc/crypto/picnic/PicnicEngine.class with "No such file or directory" 

WARNING: Failed to resolve file /org/bouncycastle/pqc/crypto/sphincs/SPHINCS256KeyGenerationParameters.class with "No such file or directory" 

WARNING: Failed to resolve file /org/bouncycastle/pqc/crypto/util/PublicKeyFactory$LMSConverter.class with "No such file or directory" 

WARNING: Failed to resolve file /org/bouncycastle/pqc/crypto/xmss/XMSSMTPrivateKeyParameters$Builder.class with "No such file or directory" 

WARNING: Failed to resolve file /org/bouncycastle/pqc/jcajce/interfaces/NHPublicKey.class with "No such file or directory" 

WARNING: Failed to resolve file /org/bouncycastle/pqc/jcajce/provider/SPHINCS.class with "No such file or directory" 

WARNING: Failed to resolve file /org/bouncycastle/pqc/jcajce/provider/falcon/SignatureSpi$Base.class with "No such file or directory" 

WARNING: Failed to resolve file /org/bouncycastle/pqc/jcajce/provider/mceliece/BCMcEliecePrivateKey.class with "No such file or directory" 

WARNING: Failed to resolve file /org/bouncycastle/pqc/jcajce/provider/picnic/BCPicnicPublicKey.class with "No such file or directory" 

WARNING: Failed to resolve file /org/bouncycastle/pqc/jcajce/provider/sphincsplus/SPHINCSPlusKeyPairGeneratorSpi$Shake_256f.class with "No such file or directory" 

WARNING: Failed to resolve file /org/bouncycastle/pqc/jcajce/spec/KyberParameterSpec.class with "No such file or directory" 

WARNING: Failed to resolve file /org/bouncycastle/pqc/legacy/crypto/mceliece/McEliecePrivateKeyParameters.class with "No such file or directory" 

WARNING: Failed to resolve file /org/bouncycastle/pqc/legacy/math/linearalgebra/GF2Matrix.class with "No such file or directory" 

WARNING: Failed to resolve file /org/bouncycastle/pqc/math/ntru/parameters/NTRUHPS2048509.class with "No such file or directory" 

WARNING: Failed to resolve file /org/bouncycastle/util/encoders/HexTranslator.class with "No such file or directory" 

WARNING: Failed to resolve file /org/bouncycastle/x509/X509CRLStoreSelector.class with "No such file or directory" 

Found 215 (out of 11364) source files to analyze in /home/udesou/.bench-agent/git/macro-benches/vendor/.infer-capture-ocaml-5.5.0-f523850-fp
/net/bytebuddy/asm/Advice$OffsetMapping$ForInstrumentedMethod$2.class starting
/net/bytebuddy/asm/Advice$OffsetMapping$ForInstrumentedMethod$2.class DONE
/net/bytebuddy/dynamic/DynamicType$Builder$MethodDefinition$ParameterDefinition$Simple$Annotatable$AbstractBase.class starting
/net/bytebuddy/dynamic/DynamicType$Builder$MethodDefinition$ParameterDefinition$Simple$Annotatable$AbstractBase.class DONE
/net/bytebuddy/implementation/bytecode/assign/reference/GenericTypeAwareAssigner$IsAssignableToVisitor$OfGenericArray.class starting
/net/bytebuddy/implementation/bytecode/assign/reference/GenericTypeAwareAssigner$IsAssignableToVisitor$OfGenericArray.class DONE
/org/apache/lucene/codecs/lucene912/ForUtil.class starting
/org/apache/lucene/codecs/lucene912/ForUtil.class DONE
/org/apache/lucene/document/BinaryPoint$1.class starting
/org/apache/lucene/document/BinaryPoint$1.class DONE
/org/bouncycastle/pqc/crypto/newhope/NHKeyPairGenerator.class starting
/org/bouncycastle/pqc/crypto/newhope/NHKeyPairGenerator.class DONE
/net/bytebuddy/dynamic/scaffold/MethodGraph$Compiler$Default$Key$Store$Entry$Initial.class starting
/net/bytebuddy/dynamic/scaffold/MethodGraph$Compiler$Default$Key$Store$Entry$Initial.class DONE
/org/bouncycastle/asn1/x500/DirectoryString.class starting
/org/bouncycastle/asn1/x500/DirectoryString.class DONE
/org/apache/lucene/search/BlockMaxConjunctionScorer$2.class starting
/org/apache/lucene/search/BlockMaxConjunctionScorer$2.class DONE
/org/bouncycastle/pqc/jcajce/spec/KyberParameterSpec.class starting
/org/bouncycastle/pqc/jcajce/spec/KyberParameterSpec.class DONE
/org/apache/lucene/document/XYShapeDocValues.class starting
/org/apache/lucene/document/XYShapeDocValues.class DONE
/org/bouncycastle/jcajce/provider/symmetric/AES$PBEWithSHA256And192BitAESBC.class starting
/org/bouncycastle/jcajce/provider/symmetric/AES$PBEWithSHA256And192BitAESBC.class DONE
/org/apache/lucene/index/ExitableDirectoryReader$ExitableFilterAtomicReader$4.class starting
/org/apache/lucene/index/ExitableDirectoryReader$ExitableFilterAtomicReader$4.class DONE
/org/apache/lucene/document/ShapeField$QueryRelation.class starting
/org/apache/lucene/document/ShapeField$QueryRelation.class DONE
/org/bouncycastle/asn1/x509/sigi/NameOrPseudonym.class starting
/org/apache/lucene/search/DoubleValuesSource$DoubleValuesComparatorSource$1.class starting
/org/apache/lucene/search/DoubleValuesSource$DoubleValuesComparatorSource$1.class DONE
/com/google/common/collect/ImmutableMultimap$Builder.class starting
/com/google/common/collect/ImmutableMultimap$Builder.class DONE
/com/google/common/base/Converter$IdentityConverter.class starting
/com/google/common/base/Converter$IdentityConverter.class DONE
/net/bytebuddy/agent/builder/package-info.class starting
/net/bytebuddy/agent/builder/package-info.class DONE
/org/apache/lucene/util/Sorter.class starting
/org/apache/lucene/util/Sorter.class DONE
/com/google/common/graph/ValueGraph.class starting
/com/google/common/graph/ValueGraph.class DONE
/org/bouncycastle/pqc/jcajce/provider/SPHINCS.class starting
/org/bouncycastle/pqc/jcajce/provider/SPHINCS.class DONE
/org/bouncycastle/jcajce/provider/digest/RIPEMD256$HashMac.class starting
/org/bouncycastle/jcajce/provider/digest/RIPEMD256$HashMac.class DONE
/org/bouncycastle/jcajce/provider/symmetric/DES$Mappings.class starting
/org/bouncycastle/jcajce/provider/symmetric/DES$Mappings.class DONE
/com/google/common/util/concurrent/Monitor$Guard.class starting
/com/google/common/util/concurrent/Monitor$Guard.class DONE
/net/bytebuddy/pool/TypePool$Default$LazyTypeDescription$LazyMethodDescription$LazyParameterizedReceiverType$TypeArgumentList$AnnotatedTypeVariable.class starting
/net/bytebuddy/pool/TypePool$Default$LazyTypeDescription$LazyMethodDescription$LazyParameterizedReceiverType$TypeArgumentList$AnnotatedTypeVariable.class DONE
/net/bytebuddy/build/Plugin$Factory$UsingReflection$Instantiator$Unresolved.class starting
/net/bytebuddy/build/Plugin$Factory$UsingReflection$Instantiator$Unresolved.class DONE
/org/bouncycastle/crypto/generators/ElGamalParametersGenerator.class starting
/org/bouncycastle/crypto/generators/ElGamalParametersGenerator.class DONE
/org/bouncycastle/crypto/digests/ShortenedDigest.class starting
/org/bouncycastle/crypto/digests/ShortenedDigest.class DONE
/net/bytebuddy/matcher/FilterableList.class starting
/net/bytebuddy/matcher/FilterableList.class DONE
/com/google/common/io/BaseEncoding.class starting
/com/google/common/io/BaseEncoding.class DONE
/org/bouncycastle/pqc/crypto/picnic/PicnicEngine.class starting
/org/bouncycastle/pqc/crypto/picnic/PicnicEngine.class DONE
/org/bouncycastle/jcajce/provider/symmetric/PBEPKCS12.class starting
/org/bouncycastle/jcajce/provider/symmetric/PBEPKCS12.class DONE
/org/bouncycastle/crypto/prng/X931SecureRandom.class starting
/org/bouncycastle/crypto/prng/X931SecureRandom.class DONE
/net/bytebuddy/description/modifier/SynchronizationState.class starting
/net/bytebuddy/description/modifier/SynchronizationState.class DONE
/org/apache/lucene/search/ConstantScoreQuery$1$1.class starting
/org/apache/lucene/search/ConstantScoreQuery$1$1.class DONE
/org/apache/lucene/internal/hppc/IntDoubleHashMap$EntryIterator.class starting
/org/apache/lucene/internal/hppc/IntDoubleHashMap$EntryIterator.class DONE
/org/bouncycastle/asn1/x509/NameConstraints.class starting
/org/bouncycastle/asn1/x509/NameConstraints.class DONE
/com/google/common/graph/GraphBuilder.class starting
/com/google/common/graph/GraphBuilder.class DONE
/org/bouncycastle/jcajce/provider/symmetric/Threefish.class starting
/org/bouncycastle/jcajce/provider/symmetric/Threefish.class DONE
/com/google/common/util/concurrent/SimpleTimeLimiter$1.class starting
/com/google/common/util/concurrent/SimpleTimeLimiter$1.class DONE
/net/bytebuddy/dynamic/scaffold/TypeWriter$MethodPool$Record$AccessBridgeWrapper.class starting
/net/bytebuddy/dynamic/scaffold/TypeWriter$MethodPool$Record$AccessBridgeWrapper.class DONE
/net/bytebuddy/dynamic/ClassFileLocator$ForModuleFile.class starting
/net/bytebuddy/dynamic/ClassFileLocator$ForModuleFile.class DONE
/org/apache/lucene/search/ReqOptSumScorer.class starting
/org/apache/lucene/search/ReqOptSumScorer.class DONE
/com/google/common/util/concurrent/AggregateFutureState.class starting
/com/google/common/util/concurrent/AggregateFutureState.class DONE
/com/google/common/annotations/Beta.class starting
/com/google/common/annotations/Beta.class DONE
/com/google/common/collect/DenseImmutableTable.class starting
/com/google/common/collect/DenseImmutableTable.class DONE
/org/bouncycastle/math/ec/custom/gm/SM2P256V1FieldElement.class starting
/org/bouncycastle/math/ec/custom/gm/SM2P256V1FieldElement.class DONE
/org/bouncycastle/jcajce/provider/asymmetric/dh/KeyAgreementSpi$DHwithSHA384CKDF.class starting
/org/bouncycastle/jcajce/provider/asymmetric/dh/KeyAgreementSpi$DHwithSHA384CKDF.class DONE
/org/bouncycastle/jcajce/provider/digest/GOST3411$Mappings.class starting
/org/bouncycastle/jcajce/provider/digest/GOST3411$Mappings.class DONE
/org/bouncycastle/pqc/jcajce/provider/sphincsplus/SPHINCSPlusKeyPairGeneratorSpi$Shake_256f.class starting
/org/bouncycastle/pqc/jcajce/provider/sphincsplus/SPHINCSPlusKeyPairGeneratorSpi$Shake_256f.class DONE
/org/bouncycastle/jcajce/provider/symmetric/util/BaseStreamCipher.class starting
/org/bouncycastle/jcajce/provider/symmetric/util/BaseStreamCipher.class DONE
/net/bytebuddy/implementation/auxiliary/TypeProxy$1.class starting
/net/bytebuddy/implementation/auxiliary/TypeProxy$1.class DONE
/com/google/common/collect/ImmutableSortedSet$1.class starting
/com/google/common/collect/ImmutableSortedSet$1.class DONE
/net/bytebuddy/pool/TypePool$Default$LazyTypeDescription$AnnotationToken.class starting
/net/bytebuddy/pool/TypePool$Default$LazyTypeDescription$AnnotationToken.class DONE
/org/apache/lucene/index/SingletonSortedSetDocValues.class starting
/org/apache/lucene/index/SingletonSortedSetDocValues.class DONE
/org/bouncycastle/pqc/crypto/crystals/dilithium/DilithiumKeyPairGenerator.class starting
/org/bouncycastle/pqc/crypto/crystals/dilithium/DilithiumKeyPairGenerator.class DONE
/org/bouncycastle/math/ec/rfc8032/Ed25519$PointTemp.class starting
/org/bouncycastle/math/ec/rfc8032/Ed25519$PointTemp.class DONE
/org/bouncycastle/jce/provider/RFC3280CertPathUtilities.class starting
/org/bouncycastle/jce/provider/RFC3280CertPathUtilities.class DONE
/net/bytebuddy/build/Plugin$Engine$Listener$StreamWriting.class starting
/net/bytebuddy/build/Plugin$Engine$Listener$StreamWriting.class DONE
/org/bouncycastle/crypto/macs/DSTU7564Mac.class starting
/org/bouncycastle/crypto/macs/DSTU7564Mac.class DONE
/org/bouncycastle/jcajce/provider/asymmetric/ec/KeyPairGeneratorSpi.class starting
/org/bouncycastle/jcajce/provider/asymmetric/ec/KeyPairGeneratorSpi.class DONE
/net/bytebuddy/implementation/MethodCall$MethodInvoker.class starting
/net/bytebuddy/implementation/MethodCall$MethodInvoker.class DONE
/net/bytebuddy/ByteBuddy$RecordConstructorStrategy.class starting
/net/bytebuddy/ByteBuddy$RecordConstructorStrategy.class DONE
/org/bouncycastle/jcajce/provider/asymmetric/x509/X509CRLInternal.class starting
/org/bouncycastle/jcajce/provider/asymmetric/x509/X509CRLInternal.class DONE
/org/bouncycastle/jcajce/provider/asymmetric/rsa/DigestSignatureSpi$SHA3_384.class starting
/org/bouncycastle/jcajce/provider/asymmetric/rsa/DigestSignatureSpi$SHA3_384.class DONE
/com/google/common/collect/RegularImmutableMap$Values.class starting
/com/google/common/collect/RegularImmutableMap$Values.class DONE
/org/apache/lucene/index/MultiDocValues$1.class starting
/org/apache/lucene/index/MultiDocValues$1.class DONE
/net/bytebuddy/asm/MemberSubstitution$TypePoolResolver$OfImplicitPool.class starting
/net/bytebuddy/asm/MemberSubstitution$TypePoolResolver$OfImplicitPool.class DONE
/net/bytebuddy/description/type/TypeDescription$Generic$AnnotationReader$Delegator$ForLoadedTypeVariable.class starting
/net/bytebuddy/description/type/TypeDescription$Generic$AnnotationReader$Delegator$ForLoadedTypeVariable.class DONE
/org/bouncycastle/crypto/CipherKeyGenerator.class starting
/org/bouncycastle/crypto/CipherKeyGenerator.class DONE
/org/apache/lucene/codecs/lucene99/Lucene99HnswVectorsWriter$2.class starting
/org/apache/lucene/codecs/lucene99/Lucene99HnswVectorsWriter$2.class DONE
/org/bouncycastle/jcajce/provider/symmetric/DSTU7624$GCM128.class starting
/org/bouncycastle/jcajce/provider/symmetric/DSTU7624$GCM128.class DONE
/org/apache/lucene/util/AttributeImpl.class starting
/org/apache/lucene/util/AttributeImpl.class DONE
/org/apache/lucene/codecs/lucene90/Lucene90DocValuesProducer$17.class starting
/org/apache/lucene/codecs/lucene90/Lucene90DocValuesProducer$17.class DONE
/org/apache/lucene/search/comparators/NumericComparator$NumericLeafComparator.class starting
/org/apache/lucene/search/comparators/NumericComparator$NumericLeafComparator.class DONE
/org/apache/lucene/util/packed/PackedWriter.class starting
/org/apache/lucene/util/packed/PackedWriter.class DONE
/com/google/common/primitives/Shorts$ShortConverter.class starting
/com/google/common/primitives/Shorts$ShortConverter.class DONE
/org/bouncycastle/pqc/crypto/hqc/HQCKEMExtractor.class starting
/org/bouncycastle/pqc/crypto/hqc/HQCKEMExtractor.class DONE
/org/apache/lucene/codecs/hnsw/DefaultFlatVectorScorer$ByteScoringSupplier$1.class starting
/org/apache/lucene/codecs/hnsw/DefaultFlatVectorScorer$ByteScoringSupplier$1.class DONE
/net/bytebuddy/implementation/attribute/AnnotationValueFilter$Factory.class starting
/net/bytebuddy/implementation/attribute/AnnotationValueFilter$Factory.class DONE
/org/apache/lucene/analysis/tokenattributes/TermToBytesRefAttribute.class starting
/org/apache/lucene/analysis/tokenattributes/TermToBytesRefAttribute.class DONE
/org/bouncycastle/crypto/StagedAgreement.class starting
/org/bouncycastle/crypto/StagedAgreement.class DONE
/org/bouncycastle/crypto/params/NaccacheSternKeyGenerationParameters.class starting
/org/bouncycastle/crypto/params/NaccacheSternKeyGenerationParameters.class DONE
/org/apache/lucene/index/IndexWriter$DocModifier.class starting
/org/apache/lucene/index/IndexWriter$DocModifier.class DONE
/org/apache/lucene/util/bkd/OfflinePointWriter.class starting
/org/apache/lucene/util/bkd/OfflinePointWriter.class DONE
/org/apache/lucene/search/SortedNumericSortField$5.class starting
/org/apache/lucene/search/SortedNumericSortField$5.class DONE
/org/bouncycastle/jce/provider/AnnotatedException.class starting
/org/bouncycastle/jce/provider/AnnotatedException.class DONE
/org/apache/lucene/util/packed/DirectReader$DirectPackedReader32.class starting
/org/apache/lucene/util/packed/DirectReader$DirectPackedReader32.class DONE
/org/bouncycastle/jcajce/provider/symmetric/Rijndael.class starting
/org/bouncycastle/jcajce/provider/symmetric/Rijndael.class DONE
/net/bytebuddy/description/annotation/AnnotationValue$Loaded$AbstractBase$ForUnresolvedProperty.class starting
/net/bytebuddy/description/annotation/AnnotationValue$Loaded$AbstractBase$ForUnresolvedProperty.class DONE
/org/apache/lucene/util/DocIdSetBuilder$BulkAdder.class starting
/org/apache/lucene/util/DocIdSetBuilder$BulkAdder.class DONE
/org/bouncycastle/pqc/jcajce/provider/picnic/BCPicnicPublicKey.class starting
/org/bouncycastle/pqc/jcajce/provider/picnic/BCPicnicPublicKey.class DONE
/com/google/common/collect/HashMultimap.class starting
/com/google/common/collect/HashMultimap.class DONE
/net/bytebuddy/agent/builder/AgentBuilder$InstallationListener$Compound.class starting
/net/bytebuddy/agent/builder/AgentBuilder$InstallationListener$Compound.class DONE
/net/bytebuddy/dynamic/scaffold/subclass/SubclassImplementationTarget$OriginTypeResolver$1.class starting
/net/bytebuddy/dynamic/scaffold/subclass/SubclassImplementationTarget$OriginTypeResolver$1.class DONE
/com/google/common/collect/SortedLists$KeyAbsentBehavior$2.class starting
/com/google/common/collect/SortedLists$KeyAbsentBehavior$2.class DONE
/org/bouncycastle/jcajce/provider/symmetric/Shacal2$AlgParams.class starting
/org/bouncycastle/jcajce/provider/symmetric/Shacal2$AlgParams.class DONE
/org/bouncycastle/crypto/util/DEROtherInfo$1.class starting
/org/bouncycastle/crypto/util/DEROtherInfo$1.class DONE
/net/bytebuddy/agent/builder/AgentBuilder$Default$NativeMethodStrategy$ForPrefix.class starting
/net/bytebuddy/agent/builder/AgentBuilder$Default$NativeMethodStrategy$ForPrefix.class DONE
/com/google/common/collect/Streams$DoubleFunctionWithIndex.class starting
/com/google/common/collect/Streams$DoubleFunctionWithIndex.class DONE
/org/bouncycastle/jcajce/provider/asymmetric/ecgost12/KeyAgreementSpi$ECVKO512.class starting
/org/bouncycastle/jcajce/provider/asymmetric/ecgost12/KeyAgreementSpi$ECVKO512.class DONE
/net/bytebuddy/implementation/MethodDelegation.class starting
/net/bytebuddy/implementation/MethodDelegation.class DONE
/org/bouncycastle/crypto/params/DHParameters.class starting
/net/bytebuddy/implementation/FieldAccessor$FieldLocation.class starting
/net/bytebuddy/implementation/FieldAccessor$FieldLocation.class DONE
/org/bouncycastle/crypto/params/DHParameters.class DONE
/org/bouncycastle/jcajce/provider/asymmetric/edec/KeyPairGeneratorSpi$X448.class starting
/org/bouncycastle/pqc/crypto/sphincs/SPHINCS256KeyGenerationParameters.class starting
/org/bouncycastle/jcajce/provider/asymmetric/edec/KeyPairGeneratorSpi$X448.class DONE
/org/bouncycastle/pqc/crypto/sphincs/SPHINCS256KeyGenerationParameters.class DONE
/org/bouncycastle/asn1/LazyEncodedSequence.class starting
/net/bytebuddy/dynamic/loading/PackageDefinitionStrategy$ManifestReading.class starting
/net/bytebuddy/dynamic/loading/PackageDefinitionStrategy$ManifestReading.class DONE
/net/bytebuddy/description/annotation/AnnotationDescription.class starting
/net/bytebuddy/description/annotation/AnnotationDescription.class DONE
/org/bouncycastle/crypto/ec/ECDecryptor.class starting
/org/bouncycastle/crypto/ec/ECDecryptor.class DONE
/org/bouncycastle/asn1/BEROctetStringParser.class starting
/org/bouncycastle/asn1/BEROctetStringParser.class DONE
/net/bytebuddy/dynamic/scaffold/TypeWriter$Default$ClassDumpAction$Dispatcher$Enabled.class starting
/net/bytebuddy/dynamic/scaffold/TypeWriter$Default$ClassDumpAction$Dispatcher$Enabled.class DONE
/org/bouncycastle/pqc/jcajce/interfaces/NHPublicKey.class starting
/org/bouncycastle/pqc/jcajce/interfaces/NHPublicKey.class DONE
/com/google/common/collect/JdkBackedImmutableMap.class starting
/com/google/common/collect/JdkBackedImmutableMap.class DONE
/com/google/common/collect/MapMakerInternalMap$EntrySet.class starting
/com/google/common/collect/MapMakerInternalMap$EntrySet.class DONE
/org/bouncycastle/math/ec/ECCurve$Config.class starting
/org/bouncycastle/math/ec/ECCurve$Config.class DONE
/org/apache/lucene/util/mutable/MutableValueDate.class starting
/org/apache/lucene/util/mutable/MutableValueDate.class DONE
/com/google/common/collect/TransformedListIterator.class starting
/com/google/common/collect/TransformedListIterator.class DONE
/com/google/common/base/Utf8.class starting
/com/google/common/base/Utf8.class DONE
/org/bouncycastle/crypto/digests/AsconXof$1.class starting
/org/bouncycastle/crypto/digests/AsconXof$1.class DONE
/org/apache/lucene/analysis/CharArrayMap.class starting
/org/apache/lucene/analysis/CharArrayMap.class DONE
/net/bytebuddy/description/method/MethodList$Explicit.class starting
/net/bytebuddy/description/method/MethodList$Explicit.class DONE
/org/apache/lucene/search/NamedMatches$NamedQuery.class starting
/org/apache/lucene/search/NamedMatches$NamedQuery.class DONE
/net/bytebuddy/matcher/TypeSortMatcher.class starting
/net/bytebuddy/matcher/TypeSortMatcher.class DONE
/net/bytebuddy/description/type/TypeDescription$Latent.class starting
/net/bytebuddy/description/type/TypeDescription$Latent.class DONE
/net/bytebuddy/utility/FileSystem$ForNio2CapableVm$StandardCopyOption.class starting
/net/bytebuddy/utility/FileSystem$ForNio2CapableVm$StandardCopyOption.class DONE
/org/bouncycastle/crypto/engines/GOST3412_2015Engine.class starting
/org/bouncycastle/crypto/engines/GOST3412_2015Engine.class DONE
/org/bouncycastle/math/ec/custom/sec/SecT239K1Curve.class starting
/org/bouncycastle/math/ec/custom/sec/SecT239K1Curve.class DONE
/org/apache/lucene/index/PointValues$IntersectVisitor.class starting
/org/apache/lucene/index/PointValues$IntersectVisitor.class DONE
/net/bytebuddy/implementation/InvokeDynamic$WithImplicitArguments.class starting
/net/bytebuddy/implementation/InvokeDynamic$WithImplicitArguments.class DONE
/org/bouncycastle/pqc/jcajce/provider/mceliece/BCMcEliecePrivateKey.class starting
/org/bouncycastle/pqc/jcajce/provider/mceliece/BCMcEliecePrivateKey.class DONE
/com/google/common/util/concurrent/ForwardingCheckedFuture$SimpleForwardingCheckedFuture.class starting
/com/google/common/util/concurrent/ForwardingCheckedFuture$SimpleForwardingCheckedFuture.class DONE
/org/bouncycastle/util/encoders/HexTranslator.class starting
/org/bouncycastle/util/encoders/HexTranslator.class DONE
/com/google/common/collect/ForwardingConcurrentMap.class starting
/com/google/common/collect/ForwardingConcurrentMap.class DONE
/org/bouncycastle/jcajce/provider/keystore/pkcs12/PKCS12KeyStoreSpi$1.class starting
/org/bouncycastle/jcajce/provider/keystore/pkcs12/PKCS12KeyStoreSpi$1.class DONE
/org/bouncycastle/jcajce/provider/asymmetric/compositesignatures/KeyPairGeneratorSpi$MLDSA65_ECDSA_brainpoolP256r1_SHA512.class starting
/org/bouncycastle/jcajce/provider/asymmetric/compositesignatures/KeyPairGeneratorSpi$MLDSA65_ECDSA_brainpoolP256r1_SHA512.class DONE
/com/google/common/reflect/TypeToken$Bounds.class starting
/com/google/common/reflect/TypeToken$Bounds.class DONE
/org/apache/lucene/store/IndexInput$1.class starting
/org/apache/lucene/store/IndexInput$1.class DONE
/net/bytebuddy/dynamic/loading/ClassInjector$UsingReflection$Dispatcher$Initializable.class starting
/net/bytebuddy/dynamic/loading/ClassInjector$UsingReflection$Dispatcher$Initializable.class DONE
/org/apache/lucene/util/ModuleResourceLoader.class starting
/org/apache/lucene/util/ModuleResourceLoader.class DONE
/org/bouncycastle/pqc/jcajce/provider/falcon/SignatureSpi$Base.class starting
/org/bouncycastle/pqc/jcajce/provider/falcon/SignatureSpi$Base.class DONE
/org/apache/lucene/index/FreqProxFields$FreqProxTermsEnum$1.class starting
/org/apache/lucene/index/FreqProxFields$FreqProxTermsEnum$1.class DONE
/org/bouncycastle/jcajce/provider/digest/Whirlpool$KeyGenerator.class starting
/org/bouncycastle/jcajce/provider/digest/Whirlpool$KeyGenerator.class DONE
/net/bytebuddy/implementation/HashCodeMethod$ValueTransformer$7.class starting
/net/bytebuddy/implementation/HashCodeMethod$ValueTransformer$7.class DONE
/com/google/common/collect/MultimapBuilder$2.class starting
/com/google/common/collect/MultimapBuilder$2.class DONE
/com/google/common/base/Platform.class starting
/com/google/common/base/Platform.class DONE
/org/bouncycastle/jcajce/provider/asymmetric/rsa/PSSSignatureSpi$SHA512withRSA.class starting
/org/bouncycastle/jcajce/provider/asymmetric/rsa/PSSSignatureSpi$SHA512withRSA.class DONE
/com/google/common/net/HttpHeaders.class starting
/com/google/common/net/HttpHeaders.class DONE
/org/bouncycastle/pqc/crypto/falcon/FalconSmallPrime.class starting
/org/bouncycastle/pqc/crypto/falcon/FalconSmallPrime.class DONE
/net/bytebuddy/implementation/bind/annotation/Morph$Binder$RedirectionProxy$InstanceFieldConstructor$Appender.class starting
/net/bytebuddy/implementation/bind/annotation/Morph$Binder$RedirectionProxy$InstanceFieldConstructor$Appender.class DONE
/net/bytebuddy/implementation/InvocationHandlerAdapter.class starting
/org/bouncycastle/asn1/x509/sigi/NameOrPseudonym.class DONE
/org/bouncycastle/crypto/modes/NISTCTSBlockCipher.class starting
/org/bouncycastle/crypto/modes/NISTCTSBlockCipher.class DONE
/org/bouncycastle/jcajce/provider/digest/Skein$HMacKeyGenerator_512_384.class starting
/org/bouncycastle/jcajce/provider/digest/Skein$HMacKeyGenerator_512_384.class DONE
/org/bouncycastle/pqc/legacy/crypto/mceliece/McEliecePrivateKeyParameters.class starting
/org/bouncycastle/pqc/legacy/crypto/mceliece/McEliecePrivateKeyParameters.class DONE
/org/bouncycastle/x509/X509CRLStoreSelector.class starting
/org/bouncycastle/x509/X509CRLStoreSelector.class DONE
/org/apache/lucene/util/fst/Util$FSTPath.class starting
/org/apache/lucene/util/fst/Util$FSTPath.class DONE
/org/apache/lucene/search/LongValuesSource$LongValuesComparatorSource.class starting
/org/apache/lucene/search/LongValuesSource$LongValuesComparatorSource.class DONE
/net/bytebuddy/description/type/TypeDescription$Generic$OfParameterizedType$Latent.class starting
/net/bytebuddy/description/type/TypeDescription$Generic$OfParameterizedType$Latent.class DONE
/org/bouncycastle/pqc/crypto/util/PublicKeyFactory$LMSConverter.class starting
/org/bouncycastle/pqc/crypto/util/PublicKeyFactory$LMSConverter.class DONE
/org/bouncycastle/crypto/util/SSHNamedCurves$3.class starting
/org/bouncycastle/crypto/util/SSHNamedCurves$3.class DONE
/com/google/common/io/LineProcessor.class starting
/com/google/common/io/LineProcessor.class DONE
/org/bouncycastle/pqc/legacy/math/linearalgebra/GF2Matrix.class starting
/org/bouncycastle/pqc/legacy/math/linearalgebra/GF2Matrix.class DONE
/com/google/common/cache/LongAddables.class starting
/com/google/common/cache/LongAddables.class DONE
/org/bouncycastle/jcajce/provider/symmetric/CAST5$CBC.class starting
/org/bouncycastle/jcajce/provider/symmetric/CAST5$CBC.class DONE
/org/bouncycastle/jcajce/provider/symmetric/HC128$KeyGen.class starting
/org/bouncycastle/jcajce/provider/symmetric/HC128$KeyGen.class DONE
/org/bouncycastle/pqc/crypto/xmss/XMSSMTPrivateKeyParameters$Builder.class starting
/org/bouncycastle/pqc/crypto/xmss/XMSSMTPrivateKeyParameters$Builder.class DONE
/org/bouncycastle/jcajce/provider/asymmetric/ec/KeyAgreementSpi$DHUwithSHA224KDF.class starting
/org/bouncycastle/jcajce/provider/asymmetric/ec/KeyAgreementSpi$DHUwithSHA224KDF.class DONE
/org/apache/lucene/document/FloatPoint$2.class starting
/org/apache/lucene/document/FloatPoint$2.class DONE
/org/apache/lucene/index/SortedNumericDocValuesWriter.class starting
/org/apache/lucene/index/SortedNumericDocValuesWriter.class DONE
/org/bouncycastle/pqc/math/ntru/parameters/NTRUHPS2048509.class starting
/org/bouncycastle/pqc/math/ntru/parameters/NTRUHPS2048509.class DONE
/net/bytebuddy/implementation/bytecode/ByteCodeAppender$Compound.class starting
/net/bytebuddy/implementation/bytecode/ByteCodeAppender$Compound.class DONE
/com/google/common/collect/Maps$AsMapView$1EntrySetImpl.class starting
/com/google/common/collect/Maps$AsMapView$1EntrySetImpl.class DONE
/org/apache/lucene/search/TopDocsCollector.class starting
/org/apache/lucene/search/TopDocsCollector.class DONE
/net/bytebuddy/asm/Advice$Dispatcher$Resolved$AbstractBase.class starting
/net/bytebuddy/asm/Advice$Dispatcher$Resolved$AbstractBase.class DONE
/org/bouncycastle/jcajce/provider/asymmetric/ec/BCECPrivateKey.class starting
/org/bouncycastle/jcajce/provider/asymmetric/ec/BCECPrivateKey.class DONE
/org/bouncycastle/math/ec/custom/sec/SecP384R1FieldElement.class starting
/org/bouncycastle/math/ec/custom/sec/SecP384R1FieldElement.class DONE
/org/bouncycastle/crypto/engines/SparkleEngine$1.class starting
/org/bouncycastle/crypto/engines/SparkleEngine$1.class DONE
/org/bouncycastle/asn1/sec/SECNamedCurves$17.class starting
/org/bouncycastle/asn1/sec/SECNamedCurves$17.class DONE
/com/google/common/collect/AbstractMapBasedMultiset$2$1.class starting
/com/google/common/collect/AbstractMapBasedMultiset$2$1.class DONE
/net/bytebuddy/asm/Advice$OffsetMapping.class starting
/net/bytebuddy/asm/Advice$OffsetMapping.class DONE
/org/bouncycastle/asn1/ASN1ObjectDescriptor$1.class starting
/org/bouncycastle/asn1/ASN1ObjectDescriptor$1.class DONE
/net/bytebuddy/implementation/bind/annotation/AllArguments.class starting
/net/bytebuddy/implementation/bind/annotation/AllArguments.class DONE
/com/google/common/cache/LocalCache$EntryFactory$2.class starting
/com/google/common/cache/LocalCache$EntryFactory$2.class DONE
/org/apache/lucene/search/ImpactsDISI.class starting
/org/apache/lucene/search/ImpactsDISI.class DONE
/net/bytebuddy/build/EntryPoint$Default.class starting
/net/bytebuddy/build/EntryPoint$Default.class DONE
/org/apache/lucene/search/similarities/MultiSimilarity.class starting
/org/apache/lucene/search/similarities/MultiSimilarity.class DONE
/org/apache/lucene/document/LatLonPointDistanceQuery.class starting
/org/apache/lucene/document/LatLonPointDistanceQuery.class DONE
/com/google/common/util/concurrent/AbstractFuture$Listener.class starting
/com/google/common/util/concurrent/AbstractFuture$Listener.class DONE
/net/bytebuddy/dynamic/VisibilityBridgeStrategy$Default$2.class starting
/net/bytebuddy/dynamic/VisibilityBridgeStrategy$Default$2.class DONE
/org/apache/lucene/index/TermVectorsConsumerPerField$TermVectorsPostingsArray.class starting
/org/apache/lucene/index/TermVectorsConsumerPerField$TermVectorsPostingsArray.class DONE
/org/apache/lucene/internal/hppc/LongIntHashMap$LongIntCursor.class starting
/org/apache/lucene/internal/hppc/LongIntHashMap$LongIntCursor.class DONE
/org/apache/lucene/codecs/lucene90/Lucene90PointsFormat.class starting
/org/apache/lucene/codecs/lucene90/Lucene90PointsFormat.class DONE
/org/apache/lucene/util/automaton/MinimizationOperations$IntPair.class starting
/org/apache/lucene/util/automaton/MinimizationOperations$IntPair.class DONE
/com/google/common/hash/Hashing.class starting
/com/google/common/hash/Hashing.class DONE
/org/bouncycastle/jcajce/spec/SkeinParameterSpec.class starting
/org/bouncycastle/jcajce/spec/SkeinParameterSpec.class DONE
/net/bytebuddy/agent/builder/AgentBuilder$RedefinitionStrategy$Listener$Adapter.class starting
/net/bytebuddy/agent/builder/AgentBuilder$RedefinitionStrategy$Listener$Adapter.class DONE
/net/bytebuddy/jar/asm/RecordComponentWriter.class starting
/net/bytebuddy/jar/asm/RecordComponentWriter.class DONE
/com/google/common/collect/Multisets$4.class starting
/com/google/common/collect/Multisets$4.class DONE
/org/apache/lucene/index/BaseTermsEnum$1.class starting
/org/apache/lucene/index/BaseTermsEnum$1.class DONE
/net/bytebuddy/utility/dispatcher/JavaDispatcher$Dispatcher.class starting
/net/bytebuddy/utility/dispatcher/JavaDispatcher$Dispatcher.class DONE
/org/bouncycastle/asn1/ocsp/OCSPRequest.class starting
/org/bouncycastle/asn1/ocsp/OCSPRequest.class DONE
/org/apache/lucene/codecs/KnnVectorsWriter$ByteVectorValuesSub.class starting
/org/apache/lucene/codecs/KnnVectorsWriter$ByteVectorValuesSub.class DONE
/net/bytebuddy/asm/ClassVisitorFactory$FrameTranslator.class starting
/net/bytebuddy/asm/ClassVisitorFactory$FrameTranslator.class DONE
/com/google/common/collect/TreeTraverser.class starting
/com/google/common/collect/TreeTraverser.class DONE
/org/bouncycastle/jcajce/provider/asymmetric/CompositeSignatures.class starting
/org/bouncycastle/jcajce/provider/asymmetric/CompositeSignatures.class DONE
/org/bouncycastle/jcajce/BCFKSLoadStoreParameter$SignatureAlgorithm.class starting
/org/bouncycastle/jcajce/BCFKSLoadStoreParameter$SignatureAlgorithm.class DONE
/com/google/common/graph/AbstractBaseGraph$1.class starting
/com/google/common/graph/AbstractBaseGraph$1.class DONE
/net/bytebuddy/implementation/bytecode/member/FieldAccess$AccessDispatcher$FieldPutInstruction.class starting
/net/bytebuddy/implementation/bytecode/member/FieldAccess$AccessDispatcher$FieldPutInstruction.class DONE
/org/apache/lucene/index/ConcurrentMergeScheduler.class starting
/org/apache/lucene/index/ConcurrentMergeScheduler.class DONE
/org/bouncycastle/pqc/asn1/PQCObjectIdentifiers.class starting
/org/bouncycastle/pqc/asn1/PQCObjectIdentifiers.class DONE
/org/bouncycastle/jcajce/provider/digest/SHA3$Mappings.class starting
/org/bouncycastle/jcajce/provider/digest/SHA3$Mappings.class DONE
/com/google/common/collect/CollectSpliterators.class starting
/com/google/common/collect/CollectSpliterators.class DONE
/net/bytebuddy/agent/builder/AgentBuilder$PoolStrategy$Default.class starting
/net/bytebuddy/agent/builder/AgentBuilder$PoolStrategy$Default.class DONE
/net/bytebuddy/asm/Advice$AssignReturned$ToReturned$Handler.class starting
/net/bytebuddy/asm/Advice$AssignReturned$ToReturned$Handler.class DONE
/org/bouncycastle/asn1/LazyEncodedSequence.class DONE
/net/bytebuddy/implementation/InvocationHandlerAdapter.class DONE
/org/apache/lucene/document/XYShapeDocValues.class starting
/org/apache/lucene/document/XYShapeDocValues.class DONE
/org/bouncycastle/jce/provider/RFC3280CertPathUtilities.class starting
/org/bouncycastle/jce/provider/RFC3280CertPathUtilities.class DONE
/org/bouncycastle/math/ec/custom/gm/SM2P256V1FieldElement.class starting
/org/bouncycastle/math/ec/custom/gm/SM2P256V1FieldElement.class DONE
/org/bouncycastle/jcajce/provider/asymmetric/rsa/PSSSignatureSpi$SHA512withRSA.class starting
/org/bouncycastle/jcajce/provider/asymmetric/rsa/PSSSignatureSpi$SHA512withRSA.class DONE
/org/bouncycastle/pqc/crypto/xmss/XMSSMTPrivateKeyParameters$Builder.class starting
/org/bouncycastle/pqc/crypto/xmss/XMSSMTPrivateKeyParameters$Builder.class DONE
/org/bouncycastle/math/ec/custom/sec/SecP384R1FieldElement.class starting
/org/bouncycastle/jce/provider/RFC3280CertPathUtilities.class starting
/org/apache/lucene/codecs/lucene90/Lucene90PointsFormat.class starting
/org/apache/lucene/codecs/lucene90/Lucene90PointsFormat.class DONE
/org/bouncycastle/math/ec/custom/gm/SM2P256V1FieldElement.class starting
/org/bouncycastle/pqc/crypto/xmss/XMSSMTPrivateKeyParameters$Builder.class starting
/org/apache/lucene/document/XYShapeDocValues.class starting
/org/bouncycastle/math/ec/custom/sec/SecP384R1FieldElement.class DONE
/org/apache/lucene/document/LatLonPointDistanceQuery.class starting
/org/apache/lucene/document/LatLonPointDistanceQuery.class DONE
/org/bouncycastle/math/ec/custom/gm/SM2P256V1FieldElement.class DONE
/org/apache/lucene/document/XYShapeDocValues.class DONE
/org/bouncycastle/pqc/crypto/xmss/XMSSMTPrivateKeyParameters$Builder.class DONE
/org/bouncycastle/jce/provider/RFC3280CertPathUtilities.class DONE
Could not read file /com/google/common/collect/DenseImmutableTable.class
Could not read file /org/apache/lucene/document/ShapeDocValues.class
Could not read file /org/apache/lucene/index/MergeRateLimiter.class
*****
{
  "olly": {
    "version": 2,
    "wall_time": 154.99,
    "cpu_time": 2006.98,
    "gc_time": 122.69,
    "gc_overhead": 6.11,
    "max_rss_kb": 4084232,
    "domain_stats": {
      "0": {
        "wall_time": 154.99,
        "gc_time": 0.66,
        "gc_overhead": 0.43
      },
      "1": {
        "wall_time": 154.35,
        "gc_time": 8.9,
        "gc_overhead": 5.76
      },
      "2": {
        "wall_time": 154.32,
        "gc_time": 8.95,
        "gc_overhead": 5.8
      },
      "3": {
        "wall_time": 154.34,
        "gc_time": 8.88,
        "gc_overhead": 5.76
      },
      "4": {
        "wall_time": 154.35,
        "gc_time": 8.65,
        "gc_overhead": 5.6
      },
      "5": {
        "wall_time": 154.32,
        "gc_time": 14.29,
        "gc_overhead": 9.26
      },
      "6": {
        "wall_time": 154.36,
        "gc_time": 10.26,
        "gc_overhead": 6.65
      },
      "7": {
        "wall_time": 154.33,
        "gc_time": 8.13,
        "gc_overhead": 5.27
      },
      "8": {
        "wall_time": 154.36,
        "gc_time": 7.88,
        "gc_overhead": 5.11
      },
      "9": {
        "wall_time": 154.28,
        "gc_time": 9.64,
        "gc_overhead": 6.25
      },
      "10": {
        "wall_time": 154.35,
        "gc_time": 11.94,
        "gc_overhead": 7.73
      },
      "11": {
        "wall_time": 154.34,
        "gc_time": 15.93,
        "gc_overhead": 10.32
      },
      "12": {
        "wall_time": 154.29,
        "gc_time": 8.58,
        "gc_overhead": 5.56
      }
    },
    "mean_latency": 4.369786,
    "stddev_latency": 7.917305,
    "min_latency": 0.0,
    "max_latency": 92.930047,
    "distr_latency": {
      "25.0000": 0.001319,
      "50.0000": 0.001975,
      "60.0000": 0.003263,
      "70.0000": 1.931263,
      "75.0000": 5.963775,
      "80.0000": 10.461183,
      "85.0000": 14.073855,
      "90.0000": 17.465343,
      "95.0000": 21.889023,
      "96.0000": 23.134207,
      "97.0000": 24.969215,
      "98.0000": 26.968063,
      "99.0000": 29.999103,
      "99.9000": 39.419903,
      "99.9900": 70.713343,
      "99.9990": 92.930047,
      "99.9999": 92.930047,
      "100.0000": 92.930047
    },
    "outliers": {
      "count": 0,
      "mean_latency": 0.0,
      "max_latency": 0.0
    },
    "allocations": {
      "total_heap": 54373603663,
      "minor_heap": 54466109799,
      "major_heap": 549953911,
      "promoted_words": 642460047,
      "promoted_pct": 1.18
    },
    "domain_alloc_stats": {
      "0": {
        "total": 30755997,
        "minor": 13158915,
        "promoted": 6629480,
        "major": 24226562,
        "promoted_pct": 50.38
      },
      "1": {
        "total": 2622137068,
        "minor": 2629887636,
        "promoted": 40275497,
        "major": 32524929,
        "promoted_pct": 1.53
      },
      "2": {
        "total": 2856333506,
        "minor": 2863641979,
        "promoted": 45474554,
        "major": 38166081,
        "promoted_pct": 1.59
      },
      "3": {
        "total": 2759935340,
        "minor": 2771669033,
        "promoted": 43339986,
        "major": 31606293,
        "promoted_pct": 1.56
      },
      "4": {
        "total": 3112513574,
        "minor": 3117889976,
        "promoted": 42643142,
        "major": 37266740,
        "promoted_pct": 1.37
      },
      "5": {
        "total": 9408111882,
        "minor": 9411965994,
        "promoted": 45735296,
        "major": 41881184,
        "promoted_pct": 0.49
      },
      "6": {
        "total": 4204107899,
        "minor": 4213465919,
        "promoted": 62218191,
        "major": 52860171,
        "promoted_pct": 1.48
      },
      "7": {
        "total": 2789539362,
        "minor": 2796278713,
        "promoted": 42733656,
        "major": 35994305,
        "promoted_pct": 1.53
      },
      "8": {
        "total": 2807084134,
        "minor": 2805068966,
        "promoted": 37774297,
        "major": 39789465,
        "promoted_pct": 1.35
      },
      "9": {
        "total": 3792709174,
        "minor": 3805333246,
        "promoted": 53048655,
        "major": 40424583,
        "promoted_pct": 1.39
      },
      "10": {
        "total": 6499122275,
        "minor": 6505287692,
        "promoted": 74899896,
        "major": 68734479,
        "promoted_pct": 1.15
      },
      "11": {
        "total": 10707969709,
        "minor": 10739990840,
        "promoted": 102567745,
        "major": 70546614,
        "promoted_pct": 0.96
      },
      "12": {
        "total": 2783283743,
        "minor": 2792470890,
        "promoted": 45119652,
        "major": 35932505,
        "promoted_pct": 1.62
      }
    },
    "collections": {
      "minor": 1480,
      "major": 23,
      "forced_major": 0,
      "compactions": 0
    },
    "stats_reliable": true
  },
  "perf": [
    {
      "counter-value": "303127.705412",
      "unit": "msec",
      "event": "task-clock",
      "event-runtime": 303127705412,
      "pcnt-running": 100.0,
      "metric-value": "1.940726",
      "metric-unit": "CPUs utilized"
    },
    {
      "counter-value": "999976.000000",
      "unit": "",
      "event": "page-faults",
      "event-runtime": 303127701710,
      "pcnt-running": 100.0,
      "metric-value": "3.298860",
      "metric-unit": "K/sec"
    },
    {
      "counter-value": "998016807749.000000",
      "unit": "",
      "event": "cycles",
      "event-runtime": 303127699496,
      "pcnt-running": 100.0,
      "metric-value": "3.292397",
      "metric-unit": "GHz"
    },
    {
      "counter-value": "1254558173498.000000",
      "unit": "",
      "event": "instructions",
      "event-runtime": 303127693340,
      "pcnt-running": 100.0,
      "metric-value": "1.257051",
      "metric-unit": "insn per cycle"
    }
  ]
}