
-----
mkdir -p PLOTTY_WORKAROUND; timedrun; OCAMLRUNPARAM="s=131072,o=120,e=25,d=2" /home/udesou/.bench-agent/git/macro-benches/benchmarks/menhir/menhir_sysver_canonical-ocaml-5.5.0-f523850-fp --canonical --table /home/udesou/.bench-agent/git/macro-benches/benchmarks/menhir/sysver.mly
running-ng v0.3.8
Thu Sep  3 12:19:39 PM UTC 2026

 12:19:39 up 3 days,  4:51,  2 users,  load average: 1.01, 1.01, 1.00
USER     TTY      FROM             LOGIN@   IDLE   JCPU   PCPU  WHAT

procs -----------memory---------- ---swap-- -----io---- -system-- -------cpu-------
 r  b   swpd   free   buff  cache   si   so    bi    bo   in   cs us sy id wa st gu
 0  1   1024 27699240 2311404 34393204    0    0    23   366 1856    3  4  0 90  5  0  0
 0  1   1024 27707052 2311404 34392924    0    0     0     0 1692 2941  0  0 88 12  0  0

top - 12:19:41 up 3 days,  4:51,  2 users,  load average: 1.01, 1.01, 1.00
Tasks: 276 total,   1 running, 275 sleeping,   0 stopped,   0 zombie
%Cpu(s):  0.0 us,  0.0 sy,  0.0 ni, 88.4 id, 11.6 wa,  0.0 hi,  0.0 si,  0.0 st 
MiB Mem :  64272.5 total,  27057.7 free,   2094.1 used,  35844.1 buff/cache     
MiB Swap:   8192.0 total,   8191.0 free,      1.0 used.  62178.4 avail Mem 

    PID USER      PR  NI    VIRT    RES    SHR S  %CPU  %MEM     TIME+ COMMAND
      1 root      20   0   22736  14164   9620 S   0.0   0.0   1:58.78 /usr/lib/systemd/systemd --system --deserialize=91
      2 root      20   0       0      0      0 S   0.0   0.0   0:00.03 [kthreadd]
      3 root      20   0       0      0      0 S   0.0   0.0   0:00.00 [pool_workqueue_release]
      4 root       0 -20       0      0      0 I   0.0   0.0   0:00.00 [kworker/R-rcu_g]
      5 root       0 -20       0      0      0 I   0.0   0.0   0:00.00 [kworker/R-rcu_p]

Environment variables: 
	CAML_LD_LIBRARY_PATH=/home/udesou/ocaml-bench-service/_opam/lib/stublibs:/home/udesou/ocaml-bench-service/_opam/lib/ocaml/stublibs:/home/udesou/ocaml-bench-service/_opam/lib/ocaml
	CONFIG_FILE=/home/udesou/.bench-agent/work/run-20260903-001-e1/run-20260903-001.yml
	HOME=/home/udesou
	LANG=en_US.UTF-8
	LOGNAME=udesou
	LOG_DIR=/home/udesou/.bench-agent/logs
	MANPATH=:/home/udesou/ocaml-bench-service/_opam/man
	OCAMLTOP_INCLUDE_PATH=/home/udesou/ocaml-bench-service/_opam/lib/toplevel
	OCAML_TOPLEVEL_PATH=/home/udesou/ocaml-bench-service/_opam/lib/toplevel
	OLLY_DIR=/home/udesou/.bench-agent/git/olly
	OPAMSWITCH=/home/udesou/ocaml-bench-service
	OPAM_LAST_ENV=/home/udesou/.opam/.last-env/env-5c215a2b0e39ccf869c777f01343de63-0
	OPAM_SWITCH_PREFIX=/home/udesou/ocaml-bench-service/_opam
	PATH=/usr/local/bin:/home/udesou/.bench-agent/git/olly/_build/install/default/bin:/home/udesou/ocaml-bench-service/_opam/bin:/home/udesou/ocaml-bench-service/_opam/bin:/home/udesou/.vscode-server/data/User/globalStorage/github.copilot-chat/debugCommand:/home/udesou/.vscode-server/data/User/globalStorage/github.copilot-chat/copilotCli:/home/udesou/.vscode-server/cli/servers/Stable-08d4889f9ec4a1685d257b9b95de036c8e1ce1e5/server/bin/remote-cli:/home/udesou/.opam/running-ng-ocaml-5.2.1/bin:/home/udesou/.local/bin:/home/udesou/.opam/running-ng-ocaml-5.2.1/bin:/home/udesou/.local/bin:/usr/local/sbin:/usr/local/bin:/usr/sbin:/usr/bin:/sbin:/bin:/usr/games:/usr/local/games:/snap/bin:/home/udesou/.vscode-server/extensions/ms-python.debugpy-2026.6.0-linux-x64/bundled/scripts/noConfigScripts
	PWD=/home/udesou/ocaml-bench-service
	PYTHONPATH=/home/udesou/.bench-agent/git/running-ng/src
	RUNNING_BENCH_DIR=/home/udesou/.bench-agent/git/macro-benches
	RUNNING_MACRO_BENCH_DIR=/home/udesou/.bench-agent/git/macro-benches
	RUNNING_NG_PACKAGE_DATA=/home/udesou/.bench-agent/git/running-ng/src/running/config
	RUNNING_REUSE_SWITCHES=1
	RUNNING_TAG=default_run,large_run
	SHELL=/bin/bash
	SHLVL=1
	TERM=screen.xterm-256color
	USER=udesou
	_=/usr/bin/python3
OS: Linux obelisk 6.8.0-138-generic #138-Ubuntu SMP PREEMPT_DYNAMIC Fri Jul 31 22:41:49 UTC 2026 x86_64 x86_64 x86_64 GNU/Linux
CPU: model name	: Intel(R) Xeon(R) CPU E5-2667 v2 @ 3.30GHz
number of cores: 8
Frequency of cpu 0: 3.30 GHz
Governor of cpu 0: performance
Scaling_min_freq of cpu 0: 1.20 GHz
Frequency of cpu 2: 3.30 GHz
Governor of cpu 2: performance
Scaling_min_freq of cpu 2: 1.20 GHz
Frequency of cpu 4: 3.30 GHz
Governor of cpu 4: performance
Scaling_min_freq of cpu 4: 1.20 GHz
Frequency of cpu 6: 3.30 GHz
Governor of cpu 6: performance
Scaling_min_freq of cpu 6: 1.20 GHz
File "/home/udesou/.bench-agent/git/macro-benches/benchmarks/menhir/sysver.mly", line 459, characters 8-19:
Warning: the token ALTERNATIVE is unused.
File "/home/udesou/.bench-agent/git/macro-benches/benchmarks/menhir/sysver.mly", line 429, characters 15-17:
Warning: the token AS is unused.
File "/home/udesou/.bench-agent/git/macro-benches/benchmarks/menhir/sysver.mly", line 430, characters 16-22:
Warning: the token ASCNUM is unused.
File "/home/udesou/.bench-agent/git/macro-benches/benchmarks/menhir/sysver.mly", line 460, characters 8-18:
Warning: the token ASSIGNMENT is unused.
File "/home/udesou/.bench-agent/git/macro-benches/benchmarks/menhir/sysver.mly", line 461, characters 8-13:
Warning: the token BIDIR is unused.
File "/home/udesou/.bench-agent/git/macro-benches/benchmarks/menhir/sysver.mly", line 462, characters 16-22:
Warning: the token BINNUM is unused.
File "/home/udesou/.bench-agent/git/macro-benches/benchmarks/menhir/sysver.mly", line 463, characters 8-14:
Warning: the token BITSEL is unused.
File "/home/udesou/.bench-agent/git/macro-benches/benchmarks/menhir/sysver.mly", line 266, characters 7-11:
Warning: the token BOLD is unused.
File "/home/udesou/.bench-agent/git/macro-benches/benchmarks/menhir/sysver.mly", line 464, characters 8-16:
Warning: the token CASECOND is unused.
File "/home/udesou/.bench-agent/git/macro-benches/benchmarks/menhir/sysver.mly", line 465, characters 8-15:
Warning: the token CELLPIN is unused.
File "/home/udesou/.bench-agent/git/macro-benches/benchmarks/menhir/sysver.mly", line 431, characters 14-18:
Warning: the token CHAR is unused.
File "/home/udesou/.bench-agent/git/macro-benches/benchmarks/menhir/sysver.mly", line 466, characters 8-14:
Warning: the token CONCAT is unused.
File "/home/udesou/.bench-agent/git/macro-benches/benchmarks/menhir/sysver.mly", line 202, characters 7-16:
Warning: the token COUNTONES is unused.
File "/home/udesou/.bench-agent/git/macro-benches/benchmarks/menhir/sysver.mly", line 468, characters 16-22:
Warning: the token DECNUM is unused.
File "/home/udesou/.bench-agent/git/macro-benches/benchmarks/menhir/sysver.mly", line 443, characters 87-94:
Warning: the token DECUPLE is unused.
File "/home/udesou/.bench-agent/git/macro-benches/benchmarks/menhir/sysver.mly", line 469, characters 8-21:
Warning: the token DLYASSIGNMENT is unused.
File "/home/udesou/.bench-agent/git/macro-benches/benchmarks/menhir/sysver.mly", line 470, characters 20-26:
Warning: the token DOTTED is unused.
File "/home/udesou/.bench-agent/git/macro-benches/benchmarks/menhir/sysver.mly", line 435, characters 23-29:
Warning: the token DOUBLE is unused.
File "/home/udesou/.bench-agent/git/macro-benches/benchmarks/menhir/sysver.mly", line 472, characters 8-14:
Warning: the token DRIVER is unused.
File "/home/udesou/.bench-agent/git/macro-benches/benchmarks/menhir/sysver.mly", line 445, characters 103-113:
Warning: the token DUODECUPLE is unused.
File "/home/udesou/.bench-agent/git/macro-benches/benchmarks/menhir/sysver.mly", line 455, characters 183-195:
Warning: the token DUOVIGENUPLE is unused.
File "/home/udesou/.bench-agent/git/macro-benches/benchmarks/menhir/sysver.mly", line 315, characters 7-18:
Warning: the token D_ATTRIBUTE is unused.
File "/home/udesou/.bench-agent/git/macro-benches/benchmarks/menhir/sysver.mly", line 96, characters 7-13:
Warning: the token D_BITS is unused.
File "/home/udesou/.bench-agent/git/macro-benches/benchmarks/menhir/sysver.mly", line 467, characters 8-11:
Warning: the token D_C is unused.
File "/home/udesou/.bench-agent/git/macro-benches/benchmarks/menhir/sysver.mly", line 4, characters 7-14:
Warning: the token D_CLOG2 is unused.
File "/home/udesou/.bench-agent/git/macro-benches/benchmarks/menhir/sysver.mly", line 167, characters 7-21:
Warning: the token D_COUNTDRIVERS is unused.
File "/home/udesou/.bench-agent/git/macro-benches/benchmarks/menhir/sysver.mly", line 265, characters 7-18:
Warning: the token D_COUNTONES is unused.
File "/home/udesou/.bench-agent/git/macro-benches/benchmarks/menhir/sysver.mly", line 197, characters 7-16:
Warning: the token D_DISPLAY is unused.
File "/home/udesou/.bench-agent/git/macro-benches/benchmarks/menhir/sysver.mly", line 412, characters 7-14:
Warning: the token D_ERROR is unused.
File "/home/udesou/.bench-agent/git/macro-benches/benchmarks/menhir/sysver.mly", line 138, characters 7-14:
Warning: the token D_FATAL is unused.
File "/home/udesou/.bench-agent/git/macro-benches/benchmarks/menhir/sysver.mly", line 170, characters 7-15:
Warning: the token D_FCLOSE is unused.
File "/home/udesou/.bench-agent/git/macro-benches/benchmarks/menhir/sysver.mly", line 348, characters 7-17:
Warning: the token D_FDISPLAY is unused.
File "/home/udesou/.bench-agent/git/macro-benches/benchmarks/menhir/sysver.mly", line 147, characters 7-13:
Warning: the token D_FEOF is unused.
File "/home/udesou/.bench-agent/git/macro-benches/benchmarks/menhir/sysver.mly", line 17, characters 7-15:
Warning: the token D_FFLUSH is unused.
File "/home/udesou/.bench-agent/git/macro-benches/benchmarks/menhir/sysver.mly", line 128, characters 7-14:
Warning: the token D_FGETC is unused.
File "/home/udesou/.bench-agent/git/macro-benches/benchmarks/menhir/sysver.mly", line 155, characters 7-14:
Warning: the token D_FGETS is unused.
File "/home/udesou/.bench-agent/git/macro-benches/benchmarks/menhir/sysver.mly", line 387, characters 7-15:
Warning: the token D_FINISH is unused.
File "/home/udesou/.bench-agent/git/macro-benches/benchmarks/menhir/sysver.mly", line 23, characters 7-14:
Warning: the token D_FOPEN is unused.
File "/home/udesou/.bench-agent/git/macro-benches/benchmarks/menhir/sysver.mly", line 78, characters 7-15:
Warning: the token D_FSCANF is unused.
File "/home/udesou/.bench-agent/git/macro-benches/benchmarks/menhir/sysver.mly", line 26, characters 7-15:
Warning: the token D_FWRITE is unused.
File "/home/udesou/.bench-agent/git/macro-benches/benchmarks/menhir/sysver.mly", line 408, characters 7-16:
Warning: the token D_FWRITEH is unused.
File "/home/udesou/.bench-agent/git/macro-benches/benchmarks/menhir/sysver.mly", line 329, characters 7-13:
Warning: the token D_INFO is unused.
File "/home/udesou/.bench-agent/git/macro-benches/benchmarks/menhir/sysver.mly", line 275, characters 7-18:
Warning: the token D_ISUNKNOWN is unused.
File "/home/udesou/.bench-agent/git/macro-benches/benchmarks/menhir/sysver.mly", line 76, characters 7-16:
Warning: the token D_MONITOR is unused.
File "/home/udesou/.bench-agent/git/macro-benches/benchmarks/menhir/sysver.mly", line 345, characters 7-15:
Warning: the token D_ONEHOT is unused.
File "/home/udesou/.bench-agent/git/macro-benches/benchmarks/menhir/sysver.mly", line 230, characters 7-16:
Warning: the token D_ONEHOT0 is unused.
File "/home/udesou/.bench-agent/git/macro-benches/benchmarks/menhir/sysver.mly", line 471, characters 8-16:
Warning: the token D_RANDOM is unused.
File "/home/udesou/.bench-agent/git/macro-benches/benchmarks/menhir/sysver.mly", line 5, characters 7-17:
Warning: the token D_READMEMB is unused.
File "/home/udesou/.bench-agent/git/macro-benches/benchmarks/menhir/sysver.mly", line 11, characters 7-17:
Warning: the token D_READMEMH is unused.
File "/home/udesou/.bench-agent/git/macro-benches/benchmarks/menhir/sysver.mly", line 313, characters 7-17:
Warning: the token D_REALTIME is unused.
File "/home/udesou/.bench-agent/git/macro-benches/benchmarks/menhir/sysver.mly", line 323, characters 7-15:
Warning: the token D_SIGNED is unused.
File "/home/udesou/.bench-agent/git/macro-benches/benchmarks/menhir/sysver.mly", line 249, characters 7-15:
Warning: the token D_SSCANF is unused.
File "/home/udesou/.bench-agent/git/macro-benches/benchmarks/menhir/sysver.mly", line 473, characters 8-15:
Warning: the token D_STIME is unused.
File "/home/udesou/.bench-agent/git/macro-benches/benchmarks/menhir/sysver.mly", line 354, characters 7-13:
Warning: the token D_STOP is unused.
File "/home/udesou/.bench-agent/git/macro-benches/benchmarks/menhir/sysver.mly", line 113, characters 7-22:
Warning: the token D_TEST_PLUSARGS is unused.
File "/home/udesou/.bench-agent/git/macro-benches/benchmarks/menhir/sysver.mly", line 390, characters 7-13:
Warning: the token D_TIME is unused.
File "/home/udesou/.bench-agent/git/macro-benches/benchmarks/menhir/sysver.mly", line 247, characters 7-17:
Warning: the token D_UNSIGNED is unused.
File "/home/udesou/.bench-agent/git/macro-benches/benchmarks/menhir/sysver.mly", line 366, characters 7-16:
Warning: the token D_WARNING is unused.
File "/home/udesou/.bench-agent/git/macro-benches/benchmarks/menhir/sysver.mly", line 337, characters 7-14:
Warning: the token D_WRITE is unused.
File "/home/udesou/.bench-agent/git/macro-benches/benchmarks/menhir/sysver.mly", line 61, characters 7-12:
Warning: the token EMPTY is unused.
File "/home/udesou/.bench-agent/git/macro-benches/benchmarks/menhir/sysver.mly", line 474, characters 8-16:
Warning: the token ENDLABEL is unused.
File "/home/udesou/.bench-agent/git/macro-benches/benchmarks/menhir/sysver.mly", line 475, characters 8-17:
Warning: the token ENDOFFILE is unused.
File "/home/udesou/.bench-agent/git/macro-benches/benchmarks/menhir/sysver.mly", line 476, characters 15-23:
Warning: the token FLOATNUM is unused.
File "/home/udesou/.bench-agent/git/macro-benches/benchmarks/menhir/sysver.mly", line 428, characters 15-17:
Warning: the token FS is unused.
File "/home/udesou/.bench-agent/git/macro-benches/benchmarks/menhir/sysver.mly", line 477, characters 8-29:
Warning: the token FULLSKEW_TIMING_CHECK is unused.
File "/home/udesou/.bench-agent/git/macro-benches/benchmarks/menhir/sysver.mly", line 478, characters 8-15:
Warning: the token FUNCREF is unused.
File "/home/udesou/.bench-agent/git/macro-benches/benchmarks/menhir/sysver.mly", line 479, characters 8-16:
Warning: the token FUNCUSED is unused.
File "/home/udesou/.bench-agent/git/macro-benches/benchmarks/menhir/sysver.mly", line 480, characters 8-15:
Warning: the token GENCASE is unused.
File "/home/udesou/.bench-agent/git/macro-benches/benchmarks/menhir/sysver.mly", line 481, characters 8-19:
Warning: the token GENCASECOND is unused.
File "/home/udesou/.bench-agent/git/macro-benches/benchmarks/menhir/sysver.mly", line 482, characters 16-22:
Warning: the token HEXNUM is unused.
File "/home/udesou/.bench-agent/git/macro-benches/benchmarks/menhir/sysver.mly", line 483, characters 8-25:
Warning: the token HOLD_TIMING_CHECK is unused.
File "/home/udesou/.bench-agent/git/macro-benches/benchmarks/menhir/sysver.mly", line 432, characters 16-18:
Warning: the token ID is unused.
File "/home/udesou/.bench-agent/git/macro-benches/benchmarks/menhir/sysver.mly", line 484, characters 8-16:
Warning: the token IMPLICIT is unused.
File "/home/udesou/.bench-agent/git/macro-benches/benchmarks/menhir/sysver.mly", line 434, characters 13-16:
Warning: the token INT is unused.
File "/home/udesou/.bench-agent/git/macro-benches/benchmarks/menhir/sysver.mly", line 485, characters 16-22:
Warning: the token INTNUM is unused.
File "/home/udesou/.bench-agent/git/macro-benches/benchmarks/menhir/sysver.mly", line 486, characters 8-14:
Warning: the token IOPORT is unused.
File "/home/udesou/.bench-agent/git/macro-benches/benchmarks/menhir/sysver.mly", line 215, characters 7-16:
Warning: the token ISUNKNOWN is unused.
File "/home/udesou/.bench-agent/git/macro-benches/benchmarks/menhir/sysver.mly", line 145, characters 7-20:
Warning: the token IS_DEFINED_AS is unused.
File "/home/udesou/.bench-agent/git/macro-benches/benchmarks/menhir/sysver.mly", line 487, characters 8-20:
Warning: the token LEFT_BRACKET is unused.
File "/home/udesou/.bench-agent/git/macro-benches/benchmarks/menhir/sysver.mly", line 488, characters 8-18:
Warning: the token LEFT_CURLY is unused.
File "/home/udesou/.bench-agent/git/macro-benches/benchmarks/menhir/sysver.mly", line 489, characters 8-14:
Warning: the token MEMORY is unused.
File "/home/udesou/.bench-agent/git/macro-benches/benchmarks/menhir/sysver.mly", line 490, characters 8-17:
Warning: the token MINTYPMAX is unused.
File "/home/udesou/.bench-agent/git/macro-benches/benchmarks/menhir/sysver.mly", line 491, characters 8-15:
Warning: the token MODINST is unused.
File "/home/udesou/.bench-agent/git/macro-benches/benchmarks/menhir/sysver.mly", line 424, characters 15-17:
Warning: the token MS is unused.
File "/home/udesou/.bench-agent/git/macro-benches/benchmarks/menhir/sysver.mly", line 492, characters 8-13:
Warning: the token NAMED is unused.
File "/home/udesou/.bench-agent/git/macro-benches/benchmarks/menhir/sysver.mly", line 493, characters 8-29:
Warning: the token NOCHANGE_TIMING_CHECK is unused.
File "/home/udesou/.bench-agent/git/macro-benches/benchmarks/menhir/sysver.mly", line 442, characters 79-86:
Warning: the token NONUPLE is unused.
File "/home/udesou/.bench-agent/git/macro-benches/benchmarks/menhir/sysver.mly", line 452, characters 159-171:
Warning: the token NOVEMDECUPLE is unused.
File "/home/udesou/.bench-agent/git/macro-benches/benchmarks/menhir/sysver.mly", line 426, characters 15-17:
Warning: the token NS is unused.
File "/home/udesou/.bench-agent/git/macro-benches/benchmarks/menhir/sysver.mly", line 494, characters 16-22:
Warning: the token OCTNUM is unused.
File "/home/udesou/.bench-agent/git/macro-benches/benchmarks/menhir/sysver.mly", line 451, characters 151-162:
Warning: the token OCTODECUPLE is unused.
File "/home/udesou/.bench-agent/git/macro-benches/benchmarks/menhir/sysver.mly", line 441, characters 71-78:
Warning: the token OCTUPLE is unused.
File "/home/udesou/.bench-agent/git/macro-benches/benchmarks/menhir/sysver.mly", line 495, characters 8-17:
Warning: the token PARAMUSED is unused.
File "/home/udesou/.bench-agent/git/macro-benches/benchmarks/menhir/sysver.mly", line 496, characters 8-15:
Warning: the token PARTSEL is unused.
File "/home/udesou/.bench-agent/git/macro-benches/benchmarks/menhir/sysver.mly", line 506, characters 8-27:
Warning: the token PERIOD_TIMING_CHECK is unused.
File "/home/udesou/.bench-agent/git/macro-benches/benchmarks/menhir/sysver.mly", line 511, characters 16-25:
Warning: the token PRAGMATIC is unused.
File "/home/udesou/.bench-agent/git/macro-benches/benchmarks/menhir/sysver.mly", line 512, characters 16-23:
Warning: the token PREPROC is unused.
File "/home/udesou/.bench-agent/git/macro-benches/benchmarks/menhir/sysver.mly", line 514, characters 8-16:
Warning: the token PRIMINST is unused.
File "/home/udesou/.bench-agent/git/macro-benches/benchmarks/menhir/sysver.mly", line 427, characters 15-17:
Warning: the token PS is unused.
File "/home/udesou/.bench-agent/git/macro-benches/benchmarks/menhir/sysver.mly", line 1, characters 7-13:
Warning: the token P_ATAT is unused.
File "/home/udesou/.bench-agent/git/macro-benches/benchmarks/menhir/sysver.mly", line 497, characters 8-20:
Warning: the token P_CELLDEFINE is unused.
File "/home/udesou/.bench-agent/git/macro-benches/benchmarks/menhir/sysver.mly", line 498, characters 8-16:
Warning: the token P_DEFINE is unused.
File "/home/udesou/.bench-agent/git/macro-benches/benchmarks/menhir/sysver.mly", line 499, characters 8-25:
Warning: the token P_DELAY_MODE_PATH is unused.
File "/home/udesou/.bench-agent/git/macro-benches/benchmarks/menhir/sysver.mly", line 500, characters 8-28:
Warning: the token P_DISABLE_PORTFAULTS is unused.
File "/home/udesou/.bench-agent/git/macro-benches/benchmarks/menhir/sysver.mly", line 501, characters 8-14:
Warning: the token P_ELSE is unused.
File "/home/udesou/.bench-agent/git/macro-benches/benchmarks/menhir/sysver.mly", line 502, characters 8-27:
Warning: the token P_ENABLE_PORTFAULTS is unused.
File "/home/udesou/.bench-agent/git/macro-benches/benchmarks/menhir/sysver.mly", line 503, characters 8-23:
Warning: the token P_ENDCELLDEFINE is unused.
File "/home/udesou/.bench-agent/git/macro-benches/benchmarks/menhir/sysver.mly", line 504, characters 8-15:
Warning: the token P_ENDIF is unused.
File "/home/udesou/.bench-agent/git/macro-benches/benchmarks/menhir/sysver.mly", line 505, characters 8-20:
Warning: the token P_ENDPROTECT is unused.
File "/home/udesou/.bench-agent/git/macro-benches/benchmarks/menhir/sysver.mly", line 507, characters 8-15:
Warning: the token P_IFDEF is unused.
File "/home/udesou/.bench-agent/git/macro-benches/benchmarks/menhir/sysver.mly", line 508, characters 16-25:
Warning: the token P_INCLUDE is unused.
File "/home/udesou/.bench-agent/git/macro-benches/benchmarks/menhir/sysver.mly", line 216, characters 7-12:
Warning: the token P_NOR is unused.
File "/home/udesou/.bench-agent/git/macro-benches/benchmarks/menhir/sysver.mly", line 509, characters 8-27:
Warning: the token P_NOSUPPRESS_FAULTS is unused.
File "/home/udesou/.bench-agent/git/macro-benches/benchmarks/menhir/sysver.mly", line 82, characters 7-13:
Warning: the token P_OREQ is unused.
File "/home/udesou/.bench-agent/git/macro-benches/benchmarks/menhir/sysver.mly", line 66, characters 7-15:
Warning: the token P_OREQGT is unused.
File "/home/udesou/.bench-agent/git/macro-benches/benchmarks/menhir/sysver.mly", line 46, characters 7-18:
Warning: the token P_ORMINUSGT is unused.
File "/home/udesou/.bench-agent/git/macro-benches/benchmarks/menhir/sysver.mly", line 35, characters 7-13:
Warning: the token P_OROR is unused.
File "/home/udesou/.bench-agent/git/macro-benches/benchmarks/menhir/sysver.mly", line 510, characters 8-17:
Warning: the token P_PROTECT is unused.
File "/home/udesou/.bench-agent/git/macro-benches/benchmarks/menhir/sysver.mly", line 513, characters 8-18:
Warning: the token P_RESETALL is unused.
File "/home/udesou/.bench-agent/git/macro-benches/benchmarks/menhir/sysver.mly", line 515, characters 8-25:
Warning: the token P_SUPPRESS_FAULTS is unused.
File "/home/udesou/.bench-agent/git/macro-benches/benchmarks/menhir/sysver.mly", line 516, characters 16-27:
Warning: the token P_TIMESCALE is unused.
File "/home/udesou/.bench-agent/git/macro-benches/benchmarks/menhir/sysver.mly", line 336, characters 7-18:
Warning: the token P_WILDEQUAL is unused.
File "/home/udesou/.bench-agent/git/macro-benches/benchmarks/menhir/sysver.mly", line 135, characters 7-21:
Warning: the token P_WILDNOTEQUAL is unused.
File "/home/udesou/.bench-agent/git/macro-benches/benchmarks/menhir/sysver.mly", line 437, characters 39-48:
Warning: the token QUADRUPLE is unused.
File "/home/udesou/.bench-agent/git/macro-benches/benchmarks/menhir/sysver.mly", line 447, characters 119-134:
Warning: the token QUATTUORDECUPLE is unused.
File "/home/udesou/.bench-agent/git/macro-benches/benchmarks/menhir/sysver.mly", line 457, characters 199-216:
Warning: the token QUATTUORVIGENUPLE is unused.
File "/home/udesou/.bench-agent/git/macro-benches/benchmarks/menhir/sysver.mly", line 448, characters 127-138:
Warning: the token QUINDECUPLE is unused.
File "/home/udesou/.bench-agent/git/macro-benches/benchmarks/menhir/sysver.mly", line 438, characters 47-56:
Warning: the token QUINTUPLE is unused.
File "/home/udesou/.bench-agent/git/macro-benches/benchmarks/menhir/sysver.mly", line 458, characters 207-220:
Warning: the token QUINVIGENUPLE is unused.
File "/home/udesou/.bench-agent/git/macro-benches/benchmarks/menhir/sysver.mly", line 433, characters 24-29:
Warning: the token RANGE is unused.
File "/home/udesou/.bench-agent/git/macro-benches/benchmarks/menhir/sysver.mly", line 517, characters 8-16:
Warning: the token RECEIVER is unused.
File "/home/udesou/.bench-agent/git/macro-benches/benchmarks/menhir/sysver.mly", line 518, characters 8-29:
Warning: the token RECOVERY_TIMING_CHECK is unused.
File "/home/udesou/.bench-agent/git/macro-benches/benchmarks/menhir/sysver.mly", line 519, characters 8-27:
Warning: the token RECREM_TIMING_CHECK is unused.
File "/home/udesou/.bench-agent/git/macro-benches/benchmarks/menhir/sysver.mly", line 520, characters 8-28:
Warning: the token REMOVAL_TIMING_CHECK is unused.
File "/home/udesou/.bench-agent/git/macro-benches/benchmarks/menhir/sysver.mly", line 521, characters 8-21:
Warning: the token RIGHT_BRACKET is unused.
File "/home/udesou/.bench-agent/git/macro-benches/benchmarks/menhir/sysver.mly", line 522, characters 8-19:
Warning: the token RIGHT_CURLY is unused.
File "/home/udesou/.bench-agent/git/macro-benches/benchmarks/menhir/sysver.mly", line 523, characters 8-14:
Warning: the token SCALAR is unused.
File "/home/udesou/.bench-agent/git/macro-benches/benchmarks/menhir/sysver.mly", line 524, characters 8-16:
Warning: the token SENSUSED is unused.
File "/home/udesou/.bench-agent/git/macro-benches/benchmarks/menhir/sysver.mly", line 450, characters 143-156:
Warning: the token SEPTENDECUPLE is unused.
File "/home/udesou/.bench-agent/git/macro-benches/benchmarks/menhir/sysver.mly", line 440, characters 63-71:
Warning: the token SEPTUPLE is unused.
File "/home/udesou/.bench-agent/git/macro-benches/benchmarks/menhir/sysver.mly", line 525, characters 8-30:
Warning: the token SETUPHOLD_TIMING_CHECK is unused.
File "/home/udesou/.bench-agent/git/macro-benches/benchmarks/menhir/sysver.mly", line 526, characters 8-26:
Warning: the token SETUP_TIMING_CHECK is unused.
File "/home/udesou/.bench-agent/git/macro-benches/benchmarks/menhir/sysver.mly", line 449, characters 135-145:
Warning: the token SEXDECUPLE is unused.
File "/home/udesou/.bench-agent/git/macro-benches/benchmarks/menhir/sysver.mly", line 439, characters 55-63:
Warning: the token SEXTUPLE is unused.
File "/home/udesou/.bench-agent/git/macro-benches/benchmarks/menhir/sysver.mly", line 527, characters 8-25:
Warning: the token SKEW_TIMING_CHECK is unused.
File "/home/udesou/.bench-agent/git/macro-benches/benchmarks/menhir/sysver.mly", line 528, characters 8-15:
Warning: the token SPECIAL is unused.
File "/home/udesou/.bench-agent/git/macro-benches/benchmarks/menhir/sysver.mly", line 291, characters 7-11:
Warning: the token STEP is unused.
File "/home/udesou/.bench-agent/git/macro-benches/benchmarks/menhir/sysver.mly", line 529, characters 8-14:
Warning: the token SUBCCT is unused.
File "/home/udesou/.bench-agent/git/macro-benches/benchmarks/menhir/sysver.mly", line 530, characters 8-17:
Warning: the token SUBMODULE is unused.
File "/home/udesou/.bench-agent/git/macro-benches/benchmarks/menhir/sysver.mly", line 531, characters 8-19:
Warning: the token SUBTRACTION is unused.
File "/home/udesou/.bench-agent/git/macro-benches/benchmarks/menhir/sysver.mly", line 532, characters 8-15:
Warning: the token TASKREF is unused.
File "/home/udesou/.bench-agent/git/macro-benches/benchmarks/menhir/sysver.mly", line 533, characters 8-16:
Warning: the token TASKUSED is unused.
File "/home/udesou/.bench-agent/git/macro-benches/benchmarks/menhir/sysver.mly", line 534, characters 8-29:
Warning: the token TIMESKEW_TIMING_CHECK is unused.
File "/home/udesou/.bench-agent/git/macro-benches/benchmarks/menhir/sysver.mly", line 535, characters 8-18:
Warning: the token TIMINGSPEC is unused.
File "/home/udesou/.bench-agent/git/macro-benches/benchmarks/menhir/sysver.mly", line 536, characters 20-25:
Warning: the token TLIST is unused.
File "/home/udesou/.bench-agent/git/macro-benches/benchmarks/menhir/sysver.mly", line 9, characters 7-22:
Warning: the token TOKEN_1364_2001 is unused.
File "/home/udesou/.bench-agent/git/macro-benches/benchmarks/menhir/sysver.mly", line 248, characters 7-15:
Warning: the token TOKEN_9_ is unused.
File "/home/udesou/.bench-agent/git/macro-benches/benchmarks/menhir/sysver.mly", line 239, characters 7-21:
Warning: the token TOKEN_9_DOLLAR is unused.
File "/home/udesou/.bench-agent/git/macro-benches/benchmarks/menhir/sysver.mly", line 350, characters 7-20:
Warning: the token TOKEN_EDGE_11 is unused.
File "/home/udesou/.bench-agent/git/macro-benches/benchmarks/menhir/sysver.mly", line 13, characters 7-20:
Warning: the token TOKEN_NEWLINE is unused.
File "/home/udesou/.bench-agent/git/macro-benches/benchmarks/menhir/sysver.mly", line 168, characters 7-26:
Warning: the token TOKEN_RBRACK_LCURLY is unused.
File "/home/udesou/.bench-agent/git/macro-benches/benchmarks/menhir/sysver.mly", line 446, characters 111-121:
Warning: the token TREDECUPLE is unused.
File "/home/udesou/.bench-agent/git/macro-benches/benchmarks/menhir/sysver.mly", line 456, characters 191-203:
Warning: the token TREVIGENUPLE is unused.
File "/home/udesou/.bench-agent/git/macro-benches/benchmarks/menhir/sysver.mly", line 436, characters 31-37:
Warning: the token TRIPLE is unused.
File "/home/udesou/.bench-agent/git/macro-benches/benchmarks/menhir/sysver.mly", line 444, characters 95-104:
Warning: the token UNDECUPLE is unused.
File "/home/udesou/.bench-agent/git/macro-benches/benchmarks/menhir/sysver.mly", line 537, characters 8-15:
Warning: the token UNKNOWN is unused.
File "/home/udesou/.bench-agent/git/macro-benches/benchmarks/menhir/sysver.mly", line 454, characters 175-186:
Warning: the token UNVIGENUPLE is unused.
File "/home/udesou/.bench-agent/git/macro-benches/benchmarks/menhir/sysver.mly", line 425, characters 15-17:
Warning: the token US is unused.
File "/home/udesou/.bench-agent/git/macro-benches/benchmarks/menhir/sysver.mly", line 16, characters 7-13:
Warning: the token U_WIRE is unused.
File "/home/udesou/.bench-agent/git/macro-benches/benchmarks/menhir/sysver.mly", line 453, characters 167-176:
Warning: the token VIGENUPLE is unused.
File "/home/udesou/.bench-agent/git/macro-benches/benchmarks/menhir/sysver.mly", line 538, characters 8-26:
Warning: the token WIDTH_TIMING_CHECK is unused.
File "/home/udesou/.bench-agent/git/macro-benches/benchmarks/menhir/sysver.mly", line 8017, characters 8-23:
Warning: symbol actual_arg_expr is unreachable from any of the start symbol(s).
File "/home/udesou/.bench-agent/git/macro-benches/benchmarks/menhir/sysver.mly", line 9113, characters 8-17:
Warning: symbol attr_name is unreachable from any of the start symbol(s).
File "/home/udesou/.bench-agent/git/macro-benches/benchmarks/menhir/sysver.mly", line 9408, characters 0-9:
Warning: symbol attr_spec is unreachable from any of the start symbol(s).
File "/home/udesou/.bench-agent/git/macro-benches/benchmarks/menhir/sysver.mly", line 9737, characters 8-26:
Warning: symbol attribute_instance is unreachable from any of the start symbol(s).
File "/home/udesou/.bench-agent/git/macro-benches/benchmarks/menhir/sysver.mly", line 12078, characters 0-20:
Warning: symbol attribute_instance_4 is unreachable from any of the start symbol(s).
File "/home/udesou/.bench-agent/git/macro-benches/benchmarks/menhir/sysver.mly", line 9540, characters 8-23:
Warning: symbol base_expression is unreachable from any of the start symbol(s).
File "/home/udesou/.bench-agent/git/macro-benches/benchmarks/menhir/sysver.mly", line 565, characters 0-11:
Warning: symbol binary_base is unreachable from any of the start symbol(s).
File "/home/udesou/.bench-agent/git/macro-benches/benchmarks/menhir/sysver.mly", line 551, characters 0-13:
Warning: symbol binary_base_3 is unreachable from any of the start symbol(s).
File "/home/udesou/.bench-agent/git/macro-benches/benchmarks/menhir/sysver.mly", line 9962, characters 8-21:
Warning: symbol block_comment is unreachable from any of the start symbol(s).
File "/home/udesou/.bench-agent/git/macro-benches/benchmarks/menhir/sysver.mly", line 7952, characters 8-24:
Warning: symbol block_identifier is unreachable from any of the start symbol(s).
File "/home/udesou/.bench-agent/git/macro-benches/benchmarks/menhir/sysver.mly", line 555, characters 0-12:
Warning: symbol c_identifier is unreachable from any of the start symbol(s).
File "/home/udesou/.bench-agent/git/macro-benches/benchmarks/menhir/sysver.mly", line 10263, characters 8-19:
Warning: symbol cell_clause is unreachable from any of the start symbol(s).
File "/home/udesou/.bench-agent/git/macro-benches/benchmarks/menhir/sysver.mly", line 12702, characters 8-21:
Warning: symbol cell_clause_3 is unreachable from any of the start symbol(s).
File "/home/udesou/.bench-agent/git/macro-benches/benchmarks/menhir/sysver.mly", line 9485, characters 8-23:
Warning: symbol cell_identifier is unreachable from any of the start symbol(s).
File "/home/udesou/.bench-agent/git/macro-benches/benchmarks/menhir/sysver.mly", line 8817, characters 8-27:
Warning: symbol checktime_condition is unreachable from any of the start symbol(s).
File "/home/udesou/.bench-agent/git/macro-benches/benchmarks/menhir/sysver.mly", line 9081, characters 8-24:
Warning: symbol class_identifier is unreachable from any of the start symbol(s).
File "/home/udesou/.bench-agent/git/macro-benches/benchmarks/menhir/sysver.mly", line 9281, characters 8-27:
Warning: symbol clocking_identifier is unreachable from any of the start symbol(s).
File "/home/udesou/.bench-agent/git/macro-benches/benchmarks/menhir/sysver.mly", line 9878, characters 0-7:
Warning: symbol comment is unreachable from any of the start symbol(s).
File "/home/udesou/.bench-agent/git/macro-benches/benchmarks/menhir/sysver.mly", line 8267, characters 8-20:
Warning: symbol comment_text is unreachable from any of the start symbol(s).
File "/home/udesou/.bench-agent/git/macro-benches/benchmarks/menhir/sysver.mly", line 10575, characters 0-14:
Warning: symbol comment_text_2 is unreachable from any of the start symbol(s).
File "/home/udesou/.bench-agent/git/macro-benches/benchmarks/menhir/sysver.mly", line 9927, characters 8-26:
Warning: symbol config_declaration is unreachable from any of the start symbol(s).
File "/home/udesou/.bench-agent/git/macro-benches/benchmarks/menhir/sysver.mly", line 12314, characters 0-20:
Warning: symbol config_declaration_6 is unreachable from any of the start symbol(s).
File "/home/udesou/.bench-agent/git/macro-benches/benchmarks/menhir/sysver.mly", line 8023, characters 8-25:
Warning: symbol config_identifier is unreachable from any of the start symbol(s).
File "/home/udesou/.bench-agent/git/macro-benches/benchmarks/menhir/sysver.mly", line 10300, characters 0-21:
Warning: symbol config_rule_statement is unreachable from any of the start symbol(s).
File "/home/udesou/.bench-agent/git/macro-benches/benchmarks/menhir/sysver.mly", line 7936, characters 8-24:
Warning: symbol const_identifier is unreachable from any of the start symbol(s).
File "/home/udesou/.bench-agent/git/macro-benches/benchmarks/menhir/sysver.mly", line 8676, characters 8-32:
Warning: symbol constant_base_expression is unreachable from any of the start symbol(s).
File "/home/udesou/.bench-agent/git/macro-benches/benchmarks/menhir/sysver.mly", line 9777, characters 8-33:
Warning: symbol constant_param_expression is unreachable from any of the start symbol(s).
File "/home/udesou/.bench-agent/git/macro-benches/benchmarks/menhir/sysver.mly", line 8667, characters 8-29:
Warning: symbol constraint_identifier is unreachable from any of the start symbol(s).
File "/home/udesou/.bench-agent/git/macro-benches/benchmarks/menhir/sysver.mly", line 9091, characters 8-34:
Warning: symbol controlled_reference_event is unreachable from any of the start symbol(s).
File "/home/udesou/.bench-agent/git/macro-benches/benchmarks/menhir/sysver.mly", line 10125, characters 8-18:
Warning: symbol data_event is unreachable from any of the start symbol(s).
File "/home/udesou/.bench-agent/git/macro-benches/benchmarks/menhir/sysver.mly", line 9422, characters 8-30:
Warning: symbol data_source_expression is unreachable from any of the start symbol(s).
File "/home/udesou/.bench-agent/git/macro-benches/benchmarks/menhir/sysver.mly", line 563, characters 0-12:
Warning: symbol decimal_base is unreachable from any of the start symbol(s).
File "/home/udesou/.bench-agent/git/macro-benches/benchmarks/menhir/sysver.mly", line 561, characters 0-14:
Warning: symbol decimal_base_3 is unreachable from any of the start symbol(s).
File "/home/udesou/.bench-agent/git/macro-benches/benchmarks/menhir/sysver.mly", line 10286, characters 8-22:
Warning: symbol default_clause is unreachable from any of the start symbol(s).
File "/home/udesou/.bench-agent/git/macro-benches/benchmarks/menhir/sysver.mly", line 9256, characters 8-24:
Warning: symbol design_statement is unreachable from any of the start symbol(s).
File "/home/udesou/.bench-agent/git/macro-benches/benchmarks/menhir/sysver.mly", line 11537, characters 0-18:
Warning: symbol design_statement_3 is unreachable from any of the start symbol(s).
File "/home/udesou/.bench-agent/git/macro-benches/benchmarks/menhir/sysver.mly", line 11533, characters 8-28:
Warning: symbol design_statement_3_4 is unreachable from any of the start symbol(s).
File "/home/udesou/.bench-agent/git/macro-benches/benchmarks/menhir/sysver.mly", line 10211, characters 8-37:
Warning: symbol dimension_constant_expression is unreachable from any of the start symbol(s).
File "/home/udesou/.bench-agent/git/macro-benches/benchmarks/menhir/sysver.mly", line 564, characters 0-11:
Warning: symbol edge_symbol is unreachable from any of the start symbol(s).
File "/home/udesou/.bench-agent/git/macro-benches/benchmarks/menhir/sysver.mly", line 9900, characters 8-23:
Warning: symbol enable_terminal is unreachable from any of the start symbol(s).
File "/home/udesou/.bench-agent/git/macro-benches/benchmarks/menhir/sysver.mly", line 7949, characters 8-23:
Warning: symbol end_edge_offset is unreachable from any of the start symbol(s).
File "/home/udesou/.bench-agent/git/macro-benches/benchmarks/menhir/sysver.mly", line 8787, characters 8-23:
Warning: symbol enum_identifier is unreachable from any of the start symbol(s).
File "/home/udesou/.bench-agent/git/macro-benches/benchmarks/menhir/sysver.mly", line 9723, characters 8-25:
Warning: symbol error_limit_value is unreachable from any of the start symbol(s).
File "/home/udesou/.bench-agent/git/macro-benches/benchmarks/menhir/sysver.mly", line 10214, characters 8-24:
Warning: symbol event_based_flag is unreachable from any of the start symbol(s).
File "/home/udesou/.bench-agent/git/macro-benches/benchmarks/menhir/sysver.mly", line 9217, characters 8-24:
Warning: symbol event_identifier is unreachable from any of the start symbol(s).
File "/home/udesou/.bench-agent/git/macro-benches/benchmarks/menhir/sysver.mly", line 568, characters 0-3:
Warning: symbol exp is unreachable from any of the start symbol(s).
File "/home/udesou/.bench-agent/git/macro-benches/benchmarks/menhir/sysver.mly", line 9147, characters 8-19:
Warning: symbol expression1 is unreachable from any of the start symbol(s).
File "/home/udesou/.bench-agent/git/macro-benches/benchmarks/menhir/sysver.mly", line 9150, characters 8-19:
Warning: symbol expression2 is unreachable from any of the start symbol(s).
File "/home/udesou/.bench-agent/git/macro-benches/benchmarks/menhir/sysver.mly", line 9153, characters 8-19:
Warning: symbol expression3 is unreachable from any of the start symbol(s).
File "/home/udesou/.bench-agent/git/macro-benches/benchmarks/menhir/sysver.mly", line 8207, characters 8-22:
Warning: symbol file_path_spec is unreachable from any of the start symbol(s).
File "/home/udesou/.bench-agent/git/macro-benches/benchmarks/menhir/sysver.mly", line 8750, characters 8-25:
Warning: symbol formal_identifier is unreachable from any of the start symbol(s).
File "/home/udesou/.bench-agent/git/macro-benches/benchmarks/menhir/sysver.mly", line 9488, characters 8-27:
Warning: symbol function_identifier is unreachable from any of the start symbol(s).
File "/home/udesou/.bench-agent/git/macro-benches/benchmarks/menhir/sysver.mly", line 8169, characters 8-32:
Warning: symbol gate_instance_identifier is unreachable from any of the start symbol(s).
File "/home/udesou/.bench-agent/git/macro-benches/benchmarks/menhir/sysver.mly", line 7988, characters 8-33:
Warning: symbol generate_block_identifier is unreachable from any of the start symbol(s).
File "/home/udesou/.bench-agent/git/macro-benches/benchmarks/menhir/sysver.mly", line 9930, characters 8-25:
Warning: symbol genvar_identifier is unreachable from any of the start symbol(s).
File "/home/udesou/.bench-agent/git/macro-benches/benchmarks/menhir/sysver.mly", line 558, characters 0-8:
Warning: symbol hex_base is unreachable from any of the start symbol(s).
File "/home/udesou/.bench-agent/git/macro-benches/benchmarks/menhir/sysver.mly", line 567, characters 0-10:
Warning: symbol hex_base_3 is unreachable from any of the start symbol(s).
File "/home/udesou/.bench-agent/git/macro-benches/benchmarks/menhir/sysver.mly", line 569, characters 0-9:
Warning: symbol hex_digit is unreachable from any of the start symbol(s).
File "/home/udesou/.bench-agent/git/macro-benches/benchmarks/menhir/sysver.mly", line 10198, characters 8-37:
Warning: symbol hierarchical_block_identifier is unreachable from any of the start symbol(s).
File "/home/udesou/.bench-agent/git/macro-benches/benchmarks/menhir/sysver.mly", line 9016, characters 8-37:
Warning: symbol hierarchical_event_identifier is unreachable from any of the start symbol(s).
File "/home/udesou/.bench-agent/git/macro-benches/benchmarks/menhir/sysver.mly", line 9428, characters 8-40:
Warning: symbol hierarchical_function_identifier is unreachable from any of the start symbol(s).
File "/home/udesou/.bench-agent/git/macro-benches/benchmarks/menhir/sysver.mly", line 9293, characters 8-35:
Warning: symbol hierarchical_net_identifier is unreachable from any of the start symbol(s).
File "/home/udesou/.bench-agent/git/macro-benches/benchmarks/menhir/sysver.mly", line 8811, characters 8-41:
Warning: symbol hierarchical_parameter_identifier is unreachable from any of the start symbol(s).
File "/home/udesou/.bench-agent/git/macro-benches/benchmarks/menhir/sysver.mly", line 9042, characters 8-36:
Warning: symbol hierarchical_task_identifier is unreachable from any of the start symbol(s).
File "/home/udesou/.bench-agent/git/macro-benches/benchmarks/menhir/sysver.mly", line 8712, characters 8-40:
Warning: symbol hierarchical_variable_identifier is unreachable from any of the start symbol(s).
File "/home/udesou/.bench-agent/git/macro-benches/benchmarks/menhir/sysver.mly", line 8893, characters 8-25:
Warning: symbol include_statement is unreachable from any of the start symbol(s).
File "/home/udesou/.bench-agent/git/macro-benches/benchmarks/menhir/sysver.mly", line 8587, characters 8-29:
Warning: symbol inout_port_identifier is unreachable from any of the start symbol(s).
File "/home/udesou/.bench-agent/git/macro-benches/benchmarks/menhir/sysver.mly", line 8902, characters 8-22:
Warning: symbol inout_terminal is unreachable from any of the start symbol(s).
File "/home/udesou/.bench-agent/git/macro-benches/benchmarks/menhir/sysver.mly", line 10307, characters 8-29:
Warning: symbol input_port_identifier is unreachable from any of the start symbol(s).
File "/home/udesou/.bench-agent/git/macro-benches/benchmarks/menhir/sysver.mly", line 10280, characters 8-22:
Warning: symbol input_terminal is unreachable from any of the start symbol(s).
File "/home/udesou/.bench-agent/git/macro-benches/benchmarks/menhir/sysver.mly", line 7979, characters 8-19:
Warning: symbol inst_clause is unreachable from any of the start symbol(s).
File "/home/udesou/.bench-agent/git/macro-benches/benchmarks/menhir/sysver.mly", line 9909, characters 8-17:
Warning: symbol inst_name is unreachable from any of the start symbol(s).
File "/home/udesou/.bench-agent/git/macro-benches/benchmarks/menhir/sysver.mly", line 12306, characters 0-11:
Warning: symbol inst_name_3 is unreachable from any of the start symbol(s).
File "/home/udesou/.bench-agent/git/macro-benches/benchmarks/menhir/sysver.mly", line 8239, characters 8-27:
Warning: symbol instance_identifier is unreachable from any of the start symbol(s).
File "/home/udesou/.bench-agent/git/macro-benches/benchmarks/menhir/sysver.mly", line 8828, characters 8-28:
Warning: symbol interface_identifier is unreachable from any of the start symbol(s).
File "/home/udesou/.bench-agent/git/macro-benches/benchmarks/menhir/sysver.mly", line 8391, characters 8-37:
Warning: symbol interface_instance_identifier is unreachable from any of the start symbol(s).
File "/home/udesou/.bench-agent/git/macro-benches/benchmarks/menhir/sysver.mly", line 572, characters 0-12:
Warning: symbol level_symbol is unreachable from any of the start symbol(s).
File "/home/udesou/.bench-agent/git/macro-benches/benchmarks/menhir/sysver.mly", line 9501, characters 8-22:
Warning: symbol liblist_clause is unreachable from any of the start symbol(s).
File "/home/udesou/.bench-agent/git/macro-benches/benchmarks/menhir/sysver.mly", line 11790, characters 0-16:
Warning: symbol liblist_clause_3 is unreachable from any of the start symbol(s).
File "/home/udesou/.bench-agent/git/macro-benches/benchmarks/menhir/sysver.mly", line 7905, characters 8-27:
Warning: symbol library_declaration is unreachable from any of the start symbol(s).
File "/home/udesou/.bench-agent/git/macro-benches/benchmarks/menhir/sysver.mly", line 10314, characters 0-21:
Warning: symbol library_declaration_5 is unreachable from any of the start symbol(s).
File "/home/udesou/.bench-agent/git/macro-benches/benchmarks/menhir/sysver.mly", line 10322, characters 8-29:
Warning: symbol library_declaration_6 is unreachable from any of the start symbol(s).
File "/home/udesou/.bench-agent/git/macro-benches/benchmarks/menhir/sysver.mly", line 10318, characters 0-23:
Warning: symbol library_declaration_6_5 is unreachable from any of the start symbol(s).
File "/home/udesou/.bench-agent/git/macro-benches/benchmarks/menhir/sysver.mly", line 10045, characters 0-20:
Warning: symbol library_descriptions is unreachable from any of the start symbol(s).
File "/home/udesou/.bench-agent/git/macro-benches/benchmarks/menhir/sysver.mly", line 9313, characters 8-26:
Warning: symbol library_identifier is unreachable from any of the start symbol(s).
File "/home/udesou/.bench-agent/git/macro-benches/benchmarks/menhir/sysver.mly", line 9353, characters 8-20:
Warning: symbol library_text is unreachable from any of the start symbol(s).
File "/home/udesou/.bench-agent/git/macro-benches/benchmarks/menhir/sysver.mly", line 11634, characters 0-14:
Warning: symbol library_text_2 is unreachable from any of the start symbol(s).
File "/home/udesou/.bench-agent/git/macro-benches/benchmarks/menhir/sysver.mly", line 9894, characters 8-31:
Warning: symbol lsb_constant_expression is unreachable from any of the start symbol(s).
File "/home/udesou/.bench-agent/git/macro-benches/benchmarks/menhir/sysver.mly", line 8673, characters 8-25:
Warning: symbol method_identifier is unreachable from any of the start symbol(s).
File "/home/udesou/.bench-agent/git/macro-benches/benchmarks/menhir/sysver.mly", line 8899, characters 8-26:
Warning: symbol modport_identifier is unreachable from any of the start symbol(s).
File "/home/udesou/.bench-agent/git/macro-benches/benchmarks/menhir/sysver.mly", line 9078, characters 8-25:
Warning: symbol module_identifier is unreachable from any of the start symbol(s).
File "/home/udesou/.bench-agent/git/macro-benches/benchmarks/menhir/sysver.mly", line 8177, characters 8-34:
Warning: symbol module_instance_identifier is unreachable from any of the start symbol(s).
File "/home/udesou/.bench-agent/git/macro-benches/benchmarks/menhir/sysver.mly", line 10266, characters 8-31:
Warning: symbol msb_constant_expression is unreachable from any of the start symbol(s).
File "/home/udesou/.bench-agent/git/macro-benches/benchmarks/menhir/sysver.mly", line 552, characters 0-20:
Warning: symbol name_of_udp_instance is unreachable from any of the start symbol(s).
File "/home/udesou/.bench-agent/git/macro-benches/benchmarks/menhir/sysver.mly", line 7926, characters 8-25:
Warning: symbol ncontrol_terminal is unreachable from any of the start symbol(s).
File "/home/udesou/.bench-agent/git/macro-benches/benchmarks/menhir/sysver.mly", line 10028, characters 8-22:
Warning: symbol net_identifier is unreachable from any of the start symbol(s).
File "/home/udesou/.bench-agent/git/macro-benches/benchmarks/menhir/sysver.mly", line 9676, characters 8-18:
Warning: symbol notify_reg is unreachable from any of the start symbol(s).
File "/home/udesou/.bench-agent/git/macro-benches/benchmarks/menhir/sysver.mly", line 566, characters 0-10:
Warning: symbol octal_base is unreachable from any of the start symbol(s).
File "/home/udesou/.bench-agent/git/macro-benches/benchmarks/menhir/sysver.mly", line 559, characters 0-12:
Warning: symbol octal_base_3 is unreachable from any of the start symbol(s).
File "/home/udesou/.bench-agent/git/macro-benches/benchmarks/menhir/sysver.mly", line 9758, characters 8-24:
Warning: symbol one_line_comment is unreachable from any of the start symbol(s).
File "/home/udesou/.bench-agent/git/macro-benches/benchmarks/menhir/sysver.mly", line 8945, characters 8-30:
Warning: symbol output_port_identifier is unreachable from any of the start symbol(s).
File "/home/udesou/.bench-agent/git/macro-benches/benchmarks/menhir/sysver.mly", line 571, characters 0-13:
Warning: symbol output_symbol is unreachable from any of the start symbol(s).
File "/home/udesou/.bench-agent/git/macro-benches/benchmarks/menhir/sysver.mly", line 10145, characters 8-23:
Warning: symbol output_terminal is unreachable from any of the start symbol(s).
File "/home/udesou/.bench-agent/git/macro-benches/benchmarks/menhir/sysver.mly", line 8882, characters 8-28:
Warning: symbol parameter_identifier is unreachable from any of the start symbol(s).
File "/home/udesou/.bench-agent/git/macro-benches/benchmarks/menhir/sysver.mly", line 8298, characters 8-25:
Warning: symbol pcontrol_terminal is unreachable from any of the start symbol(s).
File "/home/udesou/.bench-agent/git/macro-benches/benchmarks/menhir/sysver.mly", line 9188, characters 8-23:
Warning: symbol port_identifier is unreachable from any of the start symbol(s).
File "/home/udesou/.bench-agent/git/macro-benches/benchmarks/menhir/sysver.mly", line 9110, characters 8-26:
Warning: symbol program_identifier is unreachable from any of the start symbol(s).
File "/home/udesou/.bench-agent/git/macro-benches/benchmarks/menhir/sysver.mly", line 9985, characters 8-35:
Warning: symbol program_instance_identifier is unreachable from any of the start symbol(s).
File "/home/udesou/.bench-agent/git/macro-benches/benchmarks/menhir/sysver.mly", line 9347, characters 8-27:
Warning: symbol property_identifier is unreachable from any of the start symbol(s).
File "/home/udesou/.bench-agent/git/macro-benches/benchmarks/menhir/sysver.mly", line 8398, characters 8-23:
Warning: symbol reference_event is unreachable from any of the start symbol(s).
File "/home/udesou/.bench-agent/git/macro-benches/benchmarks/menhir/sysver.mly", line 9770, characters 8-26:
Warning: symbol reject_limit_value is unreachable from any of the start symbol(s).
File "/home/udesou/.bench-agent/git/macro-benches/benchmarks/menhir/sysver.mly", line 9203, characters 8-26:
Warning: symbol remain_active_flag is unreachable from any of the start symbol(s).
File "/home/udesou/.bench-agent/git/macro-benches/benchmarks/menhir/sysver.mly", line 8382, characters 8-23:
Warning: symbol sequence_abbrev is unreachable from any of the start symbol(s).
File "/home/udesou/.bench-agent/git/macro-benches/benchmarks/menhir/sysver.mly", line 10103, characters 8-27:
Warning: symbol sequence_identifier is unreachable from any of the start symbol(s).
File "/home/udesou/.bench-agent/git/macro-benches/benchmarks/menhir/sysver.mly", line 9937, characters 8-25:
Warning: symbol signal_identifier is unreachable from any of the start symbol(s).
File "/home/udesou/.bench-agent/git/macro-benches/benchmarks/menhir/sysver.mly", line 554, characters 0-17:
Warning: symbol simple_identifier is unreachable from any of the start symbol(s).
File "/home/udesou/.bench-agent/git/macro-benches/benchmarks/menhir/sysver.mly", line 9872, characters 8-12:
Warning: symbol size is unreachable from any of the start symbol(s).
File "/home/udesou/.bench-agent/git/macro-benches/benchmarks/menhir/sysver.mly", line 7985, characters 8-28:
Warning: symbol specparam_identifier is unreachable from any of the start symbol(s).
File "/home/udesou/.bench-agent/git/macro-benches/benchmarks/menhir/sysver.mly", line 9622, characters 8-27:
Warning: symbol stamptime_condition is unreachable from any of the start symbol(s).
File "/home/udesou/.bench-agent/git/macro-benches/benchmarks/menhir/sysver.mly", line 8885, characters 8-25:
Warning: symbol start_edge_offset is unreachable from any of the start symbol(s).
File "/home/udesou/.bench-agent/git/macro-benches/benchmarks/menhir/sysver.mly", line 556, characters 0-26:
Warning: symbol system_function_identifier is unreachable from any of the start symbol(s).
File "/home/udesou/.bench-agent/git/macro-benches/benchmarks/menhir/sysver.mly", line 562, characters 0-22:
Warning: symbol system_task_identifier is unreachable from any of the start symbol(s).
File "/home/udesou/.bench-agent/git/macro-benches/benchmarks/menhir/sysver.mly", line 8094, characters 8-33:
Warning: symbol t01_path_delay_expression is unreachable from any of the start symbol(s).
File "/home/udesou/.bench-agent/git/macro-benches/benchmarks/menhir/sysver.mly", line 8443, characters 8-33:
Warning: symbol t0x_path_delay_expression is unreachable from any of the start symbol(s).
File "/home/udesou/.bench-agent/git/macro-benches/benchmarks/menhir/sysver.mly", line 9253, characters 8-33:
Warning: symbol t0z_path_delay_expression is unreachable from any of the start symbol(s).
File "/home/udesou/.bench-agent/git/macro-benches/benchmarks/menhir/sysver.mly", line 10100, characters 8-33:
Warning: symbol t10_path_delay_expression is unreachable from any of the start symbol(s).
File "/home/udesou/.bench-agent/git/macro-benches/benchmarks/menhir/sysver.mly", line 8422, characters 8-33:
Warning: symbol t1x_path_delay_expression is unreachable from any of the start symbol(s).
File "/home/udesou/.bench-agent/git/macro-benches/benchmarks/menhir/sysver.mly", line 9244, characters 8-33:
Warning: symbol t1z_path_delay_expression is unreachable from any of the start symbol(s).
File "/home/udesou/.bench-agent/git/macro-benches/benchmarks/menhir/sysver.mly", line 9548, characters 8-31:
Warning: symbol t_path_delay_expression is unreachable from any of the start symbol(s).
File "/home/udesou/.bench-agent/git/macro-benches/benchmarks/menhir/sysver.mly", line 8540, characters 8-23:
Warning: symbol task_identifier is unreachable from any of the start symbol(s).
File "/home/udesou/.bench-agent/git/macro-benches/benchmarks/menhir/sysver.mly", line 8437, characters 8-27:
Warning: symbol terminal_identifier is unreachable from any of the start symbol(s).
File "/home/udesou/.bench-agent/git/macro-benches/benchmarks/menhir/sysver.mly", line 8365, characters 8-29:
Warning: symbol text_macro_identifier is unreachable from any of the start symbol(s).
File "/home/udesou/.bench-agent/git/macro-benches/benchmarks/menhir/sysver.mly", line 9059, characters 8-35:
Warning: symbol tfall_path_delay_expression is unreachable from any of the start symbol(s).
File "/home/udesou/.bench-agent/git/macro-benches/benchmarks/menhir/sysver.mly", line 8802, characters 8-17:
Warning: symbol threshold is unreachable from any of the start symbol(s).
File "/home/udesou/.bench-agent/git/macro-benches/benchmarks/menhir/sysver.mly", line 557, characters 0-9:
Warning: symbol time_unit is unreachable from any of the start symbol(s).
File "/home/udesou/.bench-agent/git/macro-benches/benchmarks/menhir/sysver.mly", line 8936, characters 8-26:
Warning: symbol timing_check_limit is unreachable from any of the start symbol(s).
File "/home/udesou/.bench-agent/git/macro-benches/benchmarks/menhir/sysver.mly", line 9764, characters 8-28:
Warning: symbol topmodule_identifier is unreachable from any of the start symbol(s).
File "/home/udesou/.bench-agent/git/macro-benches/benchmarks/menhir/sysver.mly", line 8097, characters 8-35:
Warning: symbol trise_path_delay_expression is unreachable from any of the start symbol(s).
File "/home/udesou/.bench-agent/git/macro-benches/benchmarks/menhir/sysver.mly", line 10056, characters 8-33:
Warning: symbol tx0_path_delay_expression is unreachable from any of the start symbol(s).
File "/home/udesou/.bench-agent/git/macro-benches/benchmarks/menhir/sysver.mly", line 8029, characters 8-33:
Warning: symbol tx1_path_delay_expression is unreachable from any of the start symbol(s).
File "/home/udesou/.bench-agent/git/macro-benches/benchmarks/menhir/sysver.mly", line 9191, characters 8-33:
Warning: symbol txz_path_delay_expression is unreachable from any of the start symbol(s).
File "/home/udesou/.bench-agent/git/macro-benches/benchmarks/menhir/sysver.mly", line 9495, characters 8-23:
Warning: symbol type_identifier is unreachable from any of the start symbol(s).
File "/home/udesou/.bench-agent/git/macro-benches/benchmarks/menhir/sysver.mly", line 9959, characters 8-33:
Warning: symbol tz0_path_delay_expression is unreachable from any of the start symbol(s).
File "/home/udesou/.bench-agent/git/macro-benches/benchmarks/menhir/sysver.mly", line 7963, characters 8-33:
Warning: symbol tz1_path_delay_expression is unreachable from any of the start symbol(s).
File "/home/udesou/.bench-agent/git/macro-benches/benchmarks/menhir/sysver.mly", line 9344, characters 8-32:
Warning: symbol tz_path_delay_expression is unreachable from any of the start symbol(s).
File "/home/udesou/.bench-agent/git/macro-benches/benchmarks/menhir/sysver.mly", line 8318, characters 8-33:
Warning: symbol tzx_path_delay_expression is unreachable from any of the start symbol(s).
File "/home/udesou/.bench-agent/git/macro-benches/benchmarks/menhir/sysver.mly", line 8037, characters 0-16:
Warning: symbol udp_declaration2 is unreachable from any of the start symbol(s).
File "/home/udesou/.bench-agent/git/macro-benches/benchmarks/menhir/sysver.mly", line 10415, characters 0-19:
Warning: symbol udp_declaration2_10 is unreachable from any of the start symbol(s).
File "/home/udesou/.bench-agent/git/macro-benches/benchmarks/menhir/sysver.mly", line 8605, characters 8-22:
Warning: symbol udp_identifier is unreachable from any of the start symbol(s).
File "/home/udesou/.bench-agent/git/macro-benches/benchmarks/menhir/sysver.mly", line 8670, characters 8-31:
Warning: symbol udp_instance_identifier is unreachable from any of the start symbol(s).
File "/home/udesou/.bench-agent/git/macro-benches/benchmarks/menhir/sysver.mly", line 553, characters 0-15:
Warning: symbol unsigned_number is unreachable from any of the start symbol(s).
File "/home/udesou/.bench-agent/git/macro-benches/benchmarks/menhir/sysver.mly", line 8446, characters 8-18:
Warning: symbol use_clause is unreachable from any of the start symbol(s).
File "/home/udesou/.bench-agent/git/macro-benches/benchmarks/menhir/sysver.mly", line 10739, characters 8-20:
Warning: symbol use_clause_3 is unreachable from any of the start symbol(s).
File "/home/udesou/.bench-agent/git/macro-benches/benchmarks/menhir/sysver.mly", line 10743, characters 8-20:
Warning: symbol use_clause_5 is unreachable from any of the start symbol(s).
File "/home/udesou/.bench-agent/git/macro-benches/benchmarks/menhir/sysver.mly", line 7966, characters 8-33:
Warning: symbol width_constant_expression is unreachable from any of the start symbol(s).
File "/home/udesou/.bench-agent/git/macro-benches/benchmarks/menhir/sysver.mly", line 573, characters 0-7:
Warning: symbol x_digit is unreachable from any of the start symbol(s).
File "/home/udesou/.bench-agent/git/macro-benches/benchmarks/menhir/sysver.mly", line 570, characters 0-7:
Warning: symbol z_digit is unreachable from any of the start symbol(s).
File "/home/udesou/.bench-agent/git/macro-benches/benchmarks/menhir/sysver.mly", line 560, characters 0-6:
Warning: symbol z_or_x is unreachable from any of the start symbol(s).
Warning: 10557 states have shift/reduce conflicts.
Warning: 9090 states have reduce/reduce conflicts.
Warning: 38665 shift/reduce conflicts were arbitrarily resolved.
Warning: 133727 reduce/reduce conflicts were arbitrarily resolved.
Warning: 1183 end-of-stream conflicts were arbitrarily resolved.
File "/home/udesou/.bench-agent/git/macro-benches/benchmarks/menhir/sysver.mly", line 11593, characters 31-31:
Warning: production class_scope_type_identifier_9 -> is never reduced.
File "/home/udesou/.bench-agent/git/macro-benches/benchmarks/menhir/sysver.mly", line 8251, characters 3-21:
Warning: production constant_primary -> identifier is never reduced.
File "/home/udesou/.bench-agent/git/macro-benches/benchmarks/menhir/sysver.mly", line 8253, characters 3-21:
Warning: production constant_primary -> identifier is never reduced.
File "/home/udesou/.bench-agent/git/macro-benches/benchmarks/menhir/sysver.mly", line 8254, characters 3-21:
Warning: production constant_primary -> identifier is never reduced.
File "/home/udesou/.bench-agent/git/macro-benches/benchmarks/menhir/sysver.mly", line 8322, characters 3-51:
Warning: production disable_statement -> DISABLE hierarchical_identifier SEMICOLON is never reduced.
File "/home/udesou/.bench-agent/git/macro-benches/benchmarks/menhir/sysver.mly", line 10491, characters 17-17:
Warning: production dpi_dimension_4 -> is never reduced.
File "/home/udesou/.bench-agent/git/macro-benches/benchmarks/menhir/sysver.mly", line 10277, characters 3-121:
Warning: production dpi_function_proto -> function_data_type identifier LPAREN RPAREN is never reduced.
File "/home/udesou/.bench-agent/git/macro-benches/benchmarks/menhir/sysver.mly", line 10277, characters 3-121:
Warning: production dpi_function_proto -> signing function_data_type identifier LPAREN RPAREN is never reduced.
File "/home/udesou/.bench-agent/git/macro-benches/benchmarks/menhir/sysver.mly", line 12727, characters 3-81:
Warning: production escaped_hierarchical_identifier_3 -> escaped_hierarchical_identifier_3 DOT SIMPLE_IDENTIFIER simple_hierarchical_branch_3 is never reduced.
File "/home/udesou/.bench-agent/git/macro-benches/benchmarks/menhir/sysver.mly", line 12728, characters 3-41:
Warning: production escaped_hierarchical_identifier_3 -> DOT BACKSLASH TOKEN_ANY_ASCII white_space escaped_hierarchical_branch_3 is never reduced.
File "/home/udesou/.bench-agent/git/macro-benches/benchmarks/menhir/sysver.mly", line 12686, characters 33-33:
Warning: production function_if_else_if_statement_8 -> is never reduced.
File "/home/udesou/.bench-agent/git/macro-benches/benchmarks/menhir/sysver.mly", line 12687, characters 3-157:
Warning: production function_if_else_if_statement_8 -> function_if_else_if_statement_8 ELSE IF LPAREN expression RPAREN function_statement_or_null is never reduced.
File "/home/udesou/.bench-agent/git/macro-benches/benchmarks/menhir/sysver.mly", line 12687, characters 3-157:
Warning: production function_if_else_if_statement_8 -> function_if_else_if_statement_8 ELSE unique_priority IF LPAREN expression RPAREN function_statement_or_null is never reduced.
File "/home/udesou/.bench-agent/git/macro-benches/benchmarks/menhir/sysver.mly", line 12262, characters 24-24:
Warning: production if_else_if_statement_8 -> is never reduced.
File "/home/udesou/.bench-agent/git/macro-benches/benchmarks/menhir/sysver.mly", line 12263, characters 3-130:
Warning: production if_else_if_statement_8 -> if_else_if_statement_8 ELSE IF LPAREN expression RPAREN statement_or_null is never reduced.
File "/home/udesou/.bench-agent/git/macro-benches/benchmarks/menhir/sysver.mly", line 12263, characters 3-130:
Warning: production if_else_if_statement_8 -> if_else_if_statement_8 ELSE unique_priority IF LPAREN expression RPAREN statement_or_null is never reduced.
File "/home/udesou/.bench-agent/git/macro-benches/benchmarks/menhir/sysver.mly", line 9933, characters 24-54:
Warning: production implicit_class_handle -> is never reduced.
File "/home/udesou/.bench-agent/git/macro-benches/benchmarks/menhir/sysver.mly", line 9934, characters 3-33:
Warning: production implicit_class_handle -> is never reduced.
File "/home/udesou/.bench-agent/git/macro-benches/benchmarks/menhir/sysver.mly", line 9827, characters 3-20:
Warning: production input_identifier -> identifier is never reduced.
File "/home/udesou/.bench-agent/git/macro-benches/benchmarks/menhir/sysver.mly", line 9440, characters 3-33:
Warning: production module_path_primary -> identifier is never reduced.
File "/home/udesou/.bench-agent/git/macro-benches/benchmarks/menhir/sysver.mly", line 8315, characters 3-20:
Warning: production output_identifier -> identifier is never reduced.
File "/home/udesou/.bench-agent/git/macro-benches/benchmarks/menhir/sysver.mly", line 11710, characters 18-18:
Warning: production sequence_expr_17 -> is never reduced.
File "/home/udesou/.bench-agent/git/macro-benches/benchmarks/menhir/sysver.mly", line 549, characters 7-25:
Warning: production start -> source_text_3 is never reduced.
File "/home/udesou/.bench-agent/git/macro-benches/benchmarks/menhir/sysver.mly", line 549, characters 7-25:
Warning: production start -> timeunits_declaration source_text_3 is never reduced.
File "/home/udesou/.bench-agent/git/macro-benches/benchmarks/menhir/sysver.mly", line 8416, characters 3-22:
Warning: production statement_item -> hierarchical_identifier SEMICOLON is never reduced.
File "/home/udesou/.bench-agent/git/macro-benches/benchmarks/menhir/sysver.mly", line 8416, characters 3-22:
Warning: production statement_item -> hierarchical_identifier LPAREN list_of_arguments RPAREN SEMICOLON is never reduced.
File "/home/udesou/.bench-agent/git/macro-benches/benchmarks/menhir/sysver.mly", line 8664, characters 3-20:
Warning: production struct_member_label -> identifier is never reduced.
File "/home/udesou/.bench-agent/git/macro-benches/benchmarks/menhir/sysver.mly", line 9634, characters 3-20:
Warning: production task_or_function_identifier -> identifier is never reduced.
File "/home/udesou/.bench-agent/git/macro-benches/benchmarks/menhir/sysver.mly", line 10119, characters 3-10:
Warning: production tf_data_type -> CHANDLE is never reduced.
Warning: in total, 29 productions are never reduced.
*****
{
  "olly": {
    "version": 2,
    "wall_time": 259.01,
    "cpu_time": 259.01,
    "gc_time": 18.22,
    "gc_overhead": 7.04,
    "max_rss_kb": 4067728,
    "domain_stats": {
      "0": {
        "wall_time": 259.01,
        "gc_time": 18.22,
        "gc_overhead": 7.04
      }
    },
    "mean_latency": 0.012298,
    "stddev_latency": 0.188917,
    "min_latency": 0.0,
    "max_latency": 121.044991,
    "distr_latency": {
      "25.0000": 0.000911,
      "50.0000": 0.001871,
      "60.0000": 0.001975,
      "70.0000": 0.002327,
      "75.0000": 0.002407,
      "80.0000": 0.002487,
      "85.0000": 0.002663,
      "90.0000": 0.008559,
      "95.0000": 0.010623,
      "96.0000": 0.011167,
      "97.0000": 0.017327,
      "98.0000": 0.073407,
      "99.0000": 0.373759,
      "99.9000": 1.571839,
      "99.9900": 1.897471,
      "99.9990": 2.875391,
      "99.9999": 104.267775,
      "100.0000": 121.044991
    },
    "outliers": {
      "count": 0,
      "mean_latency": 0.0,
      "max_latency": 0.0
    },
    "allocations": {
      "total_heap": 97040642771,
      "minor_heap": 96871940209,
      "major_heap": 918059386,
      "promoted_words": 749356824,
      "promoted_pct": 0.77
    },
    "domain_alloc_stats": {
      "0": {
        "total": 97040642771,
        "minor": 96871940209,
        "promoted": 749356824,
        "major": 918059386,
        "promoted_pct": 0.77
      }
    },
    "collections": {
      "minor": 739118,
      "major": 30,
      "forced_major": 0,
      "compactions": 0
    },
    "stats_reliable": true
  },
  "perf": [
    {
      "counter-value": "259015.073625",
      "unit": "msec",
      "event": "task-clock",
      "event-runtime": 259015073625,
      "pcnt-running": 100.0,
      "metric-value": "0.995209",
      "metric-unit": "CPUs utilized"
    },
    {
      "counter-value": "1111639.000000",
      "unit": "",
      "event": "page-faults",
      "event-runtime": 259015069502,
      "pcnt-running": 100.0,
      "metric-value": "4.291793",
      "metric-unit": "K/sec"
    },
    {
      "counter-value": "854731596712.000000",
      "unit": "",
      "event": "cycles",
      "event-runtime": 259015067148,
      "pcnt-running": 100.0,
      "metric-value": "3.299930",
      "metric-unit": "GHz"
    },
    {
      "counter-value": "1793742688757.000000",
      "unit": "",
      "event": "instructions",
      "event-runtime": 259015061170,
      "pcnt-running": 100.0,
      "metric-value": "2.098603",
      "metric-unit": "insn per cycle"
    }
  ]
}
-----
mkdir -p PLOTTY_WORKAROUND; timedrun; OCAMLRUNPARAM="s=131072,o=120,e=25,d=2" /home/udesou/.bench-agent/git/macro-benches/benchmarks/menhir/menhir_sysver_canonical-ocaml-5.5.0-f523850-fp --canonical --table /home/udesou/.bench-agent/git/macro-benches/benchmarks/menhir/sysver.mly
running-ng v0.3.8
Thu Sep  3 02:41:19 PM UTC 2026

 14:41:19 up 3 days,  7:12,  2 users,  load average: 1.00, 1.00, 1.00
USER     TTY      FROM             LOGIN@   IDLE   JCPU   PCPU  WHAT

procs -----------memory---------- ---swap-- -----io---- -system-- -------cpu-------
 r  b   swpd   free   buff  cache   si   so    bi    bo   in   cs us sy id wa st gu
 0  1   1024 27791472 2316152 34402232    0    0    22   392 1868    3  4  0 90  5  0  0
 0  1   1024 27798996 2316152 34401688    0    0     0     0 1704 2899  0  0 88 12  0  0

top - 14:41:20 up 3 days,  7:12,  2 users,  load average: 0.92, 0.98, 0.99
Tasks: 277 total,   1 running, 276 sleeping,   0 stopped,   0 zombie
%Cpu(s):  0.0 us,  0.0 sy,  0.0 ni, 88.1 id, 11.9 wa,  0.0 hi,  0.0 si,  0.0 st 
MiB Mem :  64272.5 total,  27147.8 free,   1990.8 used,  35857.3 buff/cache     
MiB Swap:   8192.0 total,   8191.0 free,      1.0 used.  62281.7 avail Mem 

    PID USER      PR  NI    VIRT    RES    SHR S  %CPU  %MEM     TIME+ COMMAND
      1 root      20   0   22736  14164   9620 S   0.0   0.0   2:02.58 /usr/lib/systemd/systemd --system --deserialize=91
      2 root      20   0       0      0      0 S   0.0   0.0   0:00.03 [kthreadd]
      3 root      20   0       0      0      0 S   0.0   0.0   0:00.00 [pool_workqueue_release]
      4 root       0 -20       0      0      0 I   0.0   0.0   0:00.00 [kworker/R-rcu_g]
      5 root       0 -20       0      0      0 I   0.0   0.0   0:00.00 [kworker/R-rcu_p]

Environment variables: 
	CAML_LD_LIBRARY_PATH=/home/udesou/ocaml-bench-service/_opam/lib/stublibs:/home/udesou/ocaml-bench-service/_opam/lib/ocaml/stublibs:/home/udesou/ocaml-bench-service/_opam/lib/ocaml
	CONFIG_FILE=/home/udesou/.bench-agent/work/run-20260903-001-e1/run-20260903-001.yml
	HOME=/home/udesou
	LANG=en_US.UTF-8
	LOGNAME=udesou
	LOG_DIR=/home/udesou/.bench-agent/logs
	MANPATH=:/home/udesou/ocaml-bench-service/_opam/man
	OCAMLTOP_INCLUDE_PATH=/home/udesou/ocaml-bench-service/_opam/lib/toplevel
	OCAML_TOPLEVEL_PATH=/home/udesou/ocaml-bench-service/_opam/lib/toplevel
	OLLY_DIR=/home/udesou/.bench-agent/git/olly
	OPAMSWITCH=/home/udesou/ocaml-bench-service
	OPAM_LAST_ENV=/home/udesou/.opam/.last-env/env-5c215a2b0e39ccf869c777f01343de63-0
	OPAM_SWITCH_PREFIX=/home/udesou/ocaml-bench-service/_opam
	PATH=/usr/local/bin:/home/udesou/.bench-agent/git/olly/_build/install/default/bin:/home/udesou/ocaml-bench-service/_opam/bin:/home/udesou/ocaml-bench-service/_opam/bin:/home/udesou/.vscode-server/data/User/globalStorage/github.copilot-chat/debugCommand:/home/udesou/.vscode-server/data/User/globalStorage/github.copilot-chat/copilotCli:/home/udesou/.vscode-server/cli/servers/Stable-08d4889f9ec4a1685d257b9b95de036c8e1ce1e5/server/bin/remote-cli:/home/udesou/.opam/running-ng-ocaml-5.2.1/bin:/home/udesou/.local/bin:/home/udesou/.opam/running-ng-ocaml-5.2.1/bin:/home/udesou/.local/bin:/usr/local/sbin:/usr/local/bin:/usr/sbin:/usr/bin:/sbin:/bin:/usr/games:/usr/local/games:/snap/bin:/home/udesou/.vscode-server/extensions/ms-python.debugpy-2026.6.0-linux-x64/bundled/scripts/noConfigScripts
	PWD=/home/udesou/ocaml-bench-service
	PYTHONPATH=/home/udesou/.bench-agent/git/running-ng/src
	RUNNING_BENCH_DIR=/home/udesou/.bench-agent/git/macro-benches
	RUNNING_MACRO_BENCH_DIR=/home/udesou/.bench-agent/git/macro-benches
	RUNNING_NG_PACKAGE_DATA=/home/udesou/.bench-agent/git/running-ng/src/running/config
	RUNNING_REUSE_SWITCHES=1
	RUNNING_TAG=default_run,large_run
	SHELL=/bin/bash
	SHLVL=1
	TERM=screen.xterm-256color
	USER=udesou
	_=/usr/bin/python3
OS: Linux obelisk 6.8.0-138-generic #138-Ubuntu SMP PREEMPT_DYNAMIC Fri Jul 31 22:41:49 UTC 2026 x86_64 x86_64 x86_64 GNU/Linux
CPU: model name	: Intel(R) Xeon(R) CPU E5-2667 v2 @ 3.30GHz
number of cores: 8
Frequency of cpu 0: 3.30 GHz
Governor of cpu 0: performance
Scaling_min_freq of cpu 0: 1.20 GHz
Frequency of cpu 2: 3.30 GHz
Governor of cpu 2: performance
Scaling_min_freq of cpu 2: 1.20 GHz
Frequency of cpu 4: 3.30 GHz
Governor of cpu 4: performance
Scaling_min_freq of cpu 4: 1.20 GHz
Frequency of cpu 6: 3.30 GHz
Governor of cpu 6: performance
Scaling_min_freq of cpu 6: 1.20 GHz
File "/home/udesou/.bench-agent/git/macro-benches/benchmarks/menhir/sysver.mly", line 459, characters 8-19:
Warning: the token ALTERNATIVE is unused.
File "/home/udesou/.bench-agent/git/macro-benches/benchmarks/menhir/sysver.mly", line 429, characters 15-17:
Warning: the token AS is unused.
File "/home/udesou/.bench-agent/git/macro-benches/benchmarks/menhir/sysver.mly", line 430, characters 16-22:
Warning: the token ASCNUM is unused.
File "/home/udesou/.bench-agent/git/macro-benches/benchmarks/menhir/sysver.mly", line 460, characters 8-18:
Warning: the token ASSIGNMENT is unused.
File "/home/udesou/.bench-agent/git/macro-benches/benchmarks/menhir/sysver.mly", line 461, characters 8-13:
Warning: the token BIDIR is unused.
File "/home/udesou/.bench-agent/git/macro-benches/benchmarks/menhir/sysver.mly", line 462, characters 16-22:
Warning: the token BINNUM is unused.
File "/home/udesou/.bench-agent/git/macro-benches/benchmarks/menhir/sysver.mly", line 463, characters 8-14:
Warning: the token BITSEL is unused.
File "/home/udesou/.bench-agent/git/macro-benches/benchmarks/menhir/sysver.mly", line 266, characters 7-11:
Warning: the token BOLD is unused.
File "/home/udesou/.bench-agent/git/macro-benches/benchmarks/menhir/sysver.mly", line 464, characters 8-16:
Warning: the token CASECOND is unused.
File "/home/udesou/.bench-agent/git/macro-benches/benchmarks/menhir/sysver.mly", line 465, characters 8-15:
Warning: the token CELLPIN is unused.
File "/home/udesou/.bench-agent/git/macro-benches/benchmarks/menhir/sysver.mly", line 431, characters 14-18:
Warning: the token CHAR is unused.
File "/home/udesou/.bench-agent/git/macro-benches/benchmarks/menhir/sysver.mly", line 466, characters 8-14:
Warning: the token CONCAT is unused.
File "/home/udesou/.bench-agent/git/macro-benches/benchmarks/menhir/sysver.mly", line 202, characters 7-16:
Warning: the token COUNTONES is unused.
File "/home/udesou/.bench-agent/git/macro-benches/benchmarks/menhir/sysver.mly", line 468, characters 16-22:
Warning: the token DECNUM is unused.
File "/home/udesou/.bench-agent/git/macro-benches/benchmarks/menhir/sysver.mly", line 443, characters 87-94:
Warning: the token DECUPLE is unused.
File "/home/udesou/.bench-agent/git/macro-benches/benchmarks/menhir/sysver.mly", line 469, characters 8-21:
Warning: the token DLYASSIGNMENT is unused.
File "/home/udesou/.bench-agent/git/macro-benches/benchmarks/menhir/sysver.mly", line 470, characters 20-26:
Warning: the token DOTTED is unused.
File "/home/udesou/.bench-agent/git/macro-benches/benchmarks/menhir/sysver.mly", line 435, characters 23-29:
Warning: the token DOUBLE is unused.
File "/home/udesou/.bench-agent/git/macro-benches/benchmarks/menhir/sysver.mly", line 472, characters 8-14:
Warning: the token DRIVER is unused.
File "/home/udesou/.bench-agent/git/macro-benches/benchmarks/menhir/sysver.mly", line 445, characters 103-113:
Warning: the token DUODECUPLE is unused.
File "/home/udesou/.bench-agent/git/macro-benches/benchmarks/menhir/sysver.mly", line 455, characters 183-195:
Warning: the token DUOVIGENUPLE is unused.
File "/home/udesou/.bench-agent/git/macro-benches/benchmarks/menhir/sysver.mly", line 315, characters 7-18:
Warning: the token D_ATTRIBUTE is unused.
File "/home/udesou/.bench-agent/git/macro-benches/benchmarks/menhir/sysver.mly", line 96, characters 7-13:
Warning: the token D_BITS is unused.
File "/home/udesou/.bench-agent/git/macro-benches/benchmarks/menhir/sysver.mly", line 467, characters 8-11:
Warning: the token D_C is unused.
File "/home/udesou/.bench-agent/git/macro-benches/benchmarks/menhir/sysver.mly", line 4, characters 7-14:
Warning: the token D_CLOG2 is unused.
File "/home/udesou/.bench-agent/git/macro-benches/benchmarks/menhir/sysver.mly", line 167, characters 7-21:
Warning: the token D_COUNTDRIVERS is unused.
File "/home/udesou/.bench-agent/git/macro-benches/benchmarks/menhir/sysver.mly", line 265, characters 7-18:
Warning: the token D_COUNTONES is unused.
File "/home/udesou/.bench-agent/git/macro-benches/benchmarks/menhir/sysver.mly", line 197, characters 7-16:
Warning: the token D_DISPLAY is unused.
File "/home/udesou/.bench-agent/git/macro-benches/benchmarks/menhir/sysver.mly", line 412, characters 7-14:
Warning: the token D_ERROR is unused.
File "/home/udesou/.bench-agent/git/macro-benches/benchmarks/menhir/sysver.mly", line 138, characters 7-14:
Warning: the token D_FATAL is unused.
File "/home/udesou/.bench-agent/git/macro-benches/benchmarks/menhir/sysver.mly", line 170, characters 7-15:
Warning: the token D_FCLOSE is unused.
File "/home/udesou/.bench-agent/git/macro-benches/benchmarks/menhir/sysver.mly", line 348, characters 7-17:
Warning: the token D_FDISPLAY is unused.
File "/home/udesou/.bench-agent/git/macro-benches/benchmarks/menhir/sysver.mly", line 147, characters 7-13:
Warning: the token D_FEOF is unused.
File "/home/udesou/.bench-agent/git/macro-benches/benchmarks/menhir/sysver.mly", line 17, characters 7-15:
Warning: the token D_FFLUSH is unused.
File "/home/udesou/.bench-agent/git/macro-benches/benchmarks/menhir/sysver.mly", line 128, characters 7-14:
Warning: the token D_FGETC is unused.
File "/home/udesou/.bench-agent/git/macro-benches/benchmarks/menhir/sysver.mly", line 155, characters 7-14:
Warning: the token D_FGETS is unused.
File "/home/udesou/.bench-agent/git/macro-benches/benchmarks/menhir/sysver.mly", line 387, characters 7-15:
Warning: the token D_FINISH is unused.
File "/home/udesou/.bench-agent/git/macro-benches/benchmarks/menhir/sysver.mly", line 23, characters 7-14:
Warning: the token D_FOPEN is unused.
File "/home/udesou/.bench-agent/git/macro-benches/benchmarks/menhir/sysver.mly", line 78, characters 7-15:
Warning: the token D_FSCANF is unused.
File "/home/udesou/.bench-agent/git/macro-benches/benchmarks/menhir/sysver.mly", line 26, characters 7-15:
Warning: the token D_FWRITE is unused.
File "/home/udesou/.bench-agent/git/macro-benches/benchmarks/menhir/sysver.mly", line 408, characters 7-16:
Warning: the token D_FWRITEH is unused.
File "/home/udesou/.bench-agent/git/macro-benches/benchmarks/menhir/sysver.mly", line 329, characters 7-13:
Warning: the token D_INFO is unused.
File "/home/udesou/.bench-agent/git/macro-benches/benchmarks/menhir/sysver.mly", line 275, characters 7-18:
Warning: the token D_ISUNKNOWN is unused.
File "/home/udesou/.bench-agent/git/macro-benches/benchmarks/menhir/sysver.mly", line 76, characters 7-16:
Warning: the token D_MONITOR is unused.
File "/home/udesou/.bench-agent/git/macro-benches/benchmarks/menhir/sysver.mly", line 345, characters 7-15:
Warning: the token D_ONEHOT is unused.
File "/home/udesou/.bench-agent/git/macro-benches/benchmarks/menhir/sysver.mly", line 230, characters 7-16:
Warning: the token D_ONEHOT0 is unused.
File "/home/udesou/.bench-agent/git/macro-benches/benchmarks/menhir/sysver.mly", line 471, characters 8-16:
Warning: the token D_RANDOM is unused.
File "/home/udesou/.bench-agent/git/macro-benches/benchmarks/menhir/sysver.mly", line 5, characters 7-17:
Warning: the token D_READMEMB is unused.
File "/home/udesou/.bench-agent/git/macro-benches/benchmarks/menhir/sysver.mly", line 11, characters 7-17:
Warning: the token D_READMEMH is unused.
File "/home/udesou/.bench-agent/git/macro-benches/benchmarks/menhir/sysver.mly", line 313, characters 7-17:
Warning: the token D_REALTIME is unused.
File "/home/udesou/.bench-agent/git/macro-benches/benchmarks/menhir/sysver.mly", line 323, characters 7-15:
Warning: the token D_SIGNED is unused.
File "/home/udesou/.bench-agent/git/macro-benches/benchmarks/menhir/sysver.mly", line 249, characters 7-15:
Warning: the token D_SSCANF is unused.
File "/home/udesou/.bench-agent/git/macro-benches/benchmarks/menhir/sysver.mly", line 473, characters 8-15:
Warning: the token D_STIME is unused.
File "/home/udesou/.bench-agent/git/macro-benches/benchmarks/menhir/sysver.mly", line 354, characters 7-13:
Warning: the token D_STOP is unused.
File "/home/udesou/.bench-agent/git/macro-benches/benchmarks/menhir/sysver.mly", line 113, characters 7-22:
Warning: the token D_TEST_PLUSARGS is unused.
File "/home/udesou/.bench-agent/git/macro-benches/benchmarks/menhir/sysver.mly", line 390, characters 7-13:
Warning: the token D_TIME is unused.
File "/home/udesou/.bench-agent/git/macro-benches/benchmarks/menhir/sysver.mly", line 247, characters 7-17:
Warning: the token D_UNSIGNED is unused.
File "/home/udesou/.bench-agent/git/macro-benches/benchmarks/menhir/sysver.mly", line 366, characters 7-16:
Warning: the token D_WARNING is unused.
File "/home/udesou/.bench-agent/git/macro-benches/benchmarks/menhir/sysver.mly", line 337, characters 7-14:
Warning: the token D_WRITE is unused.
File "/home/udesou/.bench-agent/git/macro-benches/benchmarks/menhir/sysver.mly", line 61, characters 7-12:
Warning: the token EMPTY is unused.
File "/home/udesou/.bench-agent/git/macro-benches/benchmarks/menhir/sysver.mly", line 474, characters 8-16:
Warning: the token ENDLABEL is unused.
File "/home/udesou/.bench-agent/git/macro-benches/benchmarks/menhir/sysver.mly", line 475, characters 8-17:
Warning: the token ENDOFFILE is unused.
File "/home/udesou/.bench-agent/git/macro-benches/benchmarks/menhir/sysver.mly", line 476, characters 15-23:
Warning: the token FLOATNUM is unused.
File "/home/udesou/.bench-agent/git/macro-benches/benchmarks/menhir/sysver.mly", line 428, characters 15-17:
Warning: the token FS is unused.
File "/home/udesou/.bench-agent/git/macro-benches/benchmarks/menhir/sysver.mly", line 477, characters 8-29:
Warning: the token FULLSKEW_TIMING_CHECK is unused.
File "/home/udesou/.bench-agent/git/macro-benches/benchmarks/menhir/sysver.mly", line 478, characters 8-15:
Warning: the token FUNCREF is unused.
File "/home/udesou/.bench-agent/git/macro-benches/benchmarks/menhir/sysver.mly", line 479, characters 8-16:
Warning: the token FUNCUSED is unused.
File "/home/udesou/.bench-agent/git/macro-benches/benchmarks/menhir/sysver.mly", line 480, characters 8-15:
Warning: the token GENCASE is unused.
File "/home/udesou/.bench-agent/git/macro-benches/benchmarks/menhir/sysver.mly", line 481, characters 8-19:
Warning: the token GENCASECOND is unused.
File "/home/udesou/.bench-agent/git/macro-benches/benchmarks/menhir/sysver.mly", line 482, characters 16-22:
Warning: the token HEXNUM is unused.
File "/home/udesou/.bench-agent/git/macro-benches/benchmarks/menhir/sysver.mly", line 483, characters 8-25:
Warning: the token HOLD_TIMING_CHECK is unused.
File "/home/udesou/.bench-agent/git/macro-benches/benchmarks/menhir/sysver.mly", line 432, characters 16-18:
Warning: the token ID is unused.
File "/home/udesou/.bench-agent/git/macro-benches/benchmarks/menhir/sysver.mly", line 484, characters 8-16:
Warning: the token IMPLICIT is unused.
File "/home/udesou/.bench-agent/git/macro-benches/benchmarks/menhir/sysver.mly", line 434, characters 13-16:
Warning: the token INT is unused.
File "/home/udesou/.bench-agent/git/macro-benches/benchmarks/menhir/sysver.mly", line 485, characters 16-22:
Warning: the token INTNUM is unused.
File "/home/udesou/.bench-agent/git/macro-benches/benchmarks/menhir/sysver.mly", line 486, characters 8-14:
Warning: the token IOPORT is unused.
File "/home/udesou/.bench-agent/git/macro-benches/benchmarks/menhir/sysver.mly", line 215, characters 7-16:
Warning: the token ISUNKNOWN is unused.
File "/home/udesou/.bench-agent/git/macro-benches/benchmarks/menhir/sysver.mly", line 145, characters 7-20:
Warning: the token IS_DEFINED_AS is unused.
File "/home/udesou/.bench-agent/git/macro-benches/benchmarks/menhir/sysver.mly", line 487, characters 8-20:
Warning: the token LEFT_BRACKET is unused.
File "/home/udesou/.bench-agent/git/macro-benches/benchmarks/menhir/sysver.mly", line 488, characters 8-18:
Warning: the token LEFT_CURLY is unused.
File "/home/udesou/.bench-agent/git/macro-benches/benchmarks/menhir/sysver.mly", line 489, characters 8-14:
Warning: the token MEMORY is unused.
File "/home/udesou/.bench-agent/git/macro-benches/benchmarks/menhir/sysver.mly", line 490, characters 8-17:
Warning: the token MINTYPMAX is unused.
File "/home/udesou/.bench-agent/git/macro-benches/benchmarks/menhir/sysver.mly", line 491, characters 8-15:
Warning: the token MODINST is unused.
File "/home/udesou/.bench-agent/git/macro-benches/benchmarks/menhir/sysver.mly", line 424, characters 15-17:
Warning: the token MS is unused.
File "/home/udesou/.bench-agent/git/macro-benches/benchmarks/menhir/sysver.mly", line 492, characters 8-13:
Warning: the token NAMED is unused.
File "/home/udesou/.bench-agent/git/macro-benches/benchmarks/menhir/sysver.mly", line 493, characters 8-29:
Warning: the token NOCHANGE_TIMING_CHECK is unused.
File "/home/udesou/.bench-agent/git/macro-benches/benchmarks/menhir/sysver.mly", line 442, characters 79-86:
Warning: the token NONUPLE is unused.
File "/home/udesou/.bench-agent/git/macro-benches/benchmarks/menhir/sysver.mly", line 452, characters 159-171:
Warning: the token NOVEMDECUPLE is unused.
File "/home/udesou/.bench-agent/git/macro-benches/benchmarks/menhir/sysver.mly", line 426, characters 15-17:
Warning: the token NS is unused.
File "/home/udesou/.bench-agent/git/macro-benches/benchmarks/menhir/sysver.mly", line 494, characters 16-22:
Warning: the token OCTNUM is unused.
File "/home/udesou/.bench-agent/git/macro-benches/benchmarks/menhir/sysver.mly", line 451, characters 151-162:
Warning: the token OCTODECUPLE is unused.
File "/home/udesou/.bench-agent/git/macro-benches/benchmarks/menhir/sysver.mly", line 441, characters 71-78:
Warning: the token OCTUPLE is unused.
File "/home/udesou/.bench-agent/git/macro-benches/benchmarks/menhir/sysver.mly", line 495, characters 8-17:
Warning: the token PARAMUSED is unused.
File "/home/udesou/.bench-agent/git/macro-benches/benchmarks/menhir/sysver.mly", line 496, characters 8-15:
Warning: the token PARTSEL is unused.
File "/home/udesou/.bench-agent/git/macro-benches/benchmarks/menhir/sysver.mly", line 506, characters 8-27:
Warning: the token PERIOD_TIMING_CHECK is unused.
File "/home/udesou/.bench-agent/git/macro-benches/benchmarks/menhir/sysver.mly", line 511, characters 16-25:
Warning: the token PRAGMATIC is unused.
File "/home/udesou/.bench-agent/git/macro-benches/benchmarks/menhir/sysver.mly", line 512, characters 16-23:
Warning: the token PREPROC is unused.
File "/home/udesou/.bench-agent/git/macro-benches/benchmarks/menhir/sysver.mly", line 514, characters 8-16:
Warning: the token PRIMINST is unused.
File "/home/udesou/.bench-agent/git/macro-benches/benchmarks/menhir/sysver.mly", line 427, characters 15-17:
Warning: the token PS is unused.
File "/home/udesou/.bench-agent/git/macro-benches/benchmarks/menhir/sysver.mly", line 1, characters 7-13:
Warning: the token P_ATAT is unused.
File "/home/udesou/.bench-agent/git/macro-benches/benchmarks/menhir/sysver.mly", line 497, characters 8-20:
Warning: the token P_CELLDEFINE is unused.
File "/home/udesou/.bench-agent/git/macro-benches/benchmarks/menhir/sysver.mly", line 498, characters 8-16:
Warning: the token P_DEFINE is unused.
File "/home/udesou/.bench-agent/git/macro-benches/benchmarks/menhir/sysver.mly", line 499, characters 8-25:
Warning: the token P_DELAY_MODE_PATH is unused.
File "/home/udesou/.bench-agent/git/macro-benches/benchmarks/menhir/sysver.mly", line 500, characters 8-28:
Warning: the token P_DISABLE_PORTFAULTS is unused.
File "/home/udesou/.bench-agent/git/macro-benches/benchmarks/menhir/sysver.mly", line 501, characters 8-14:
Warning: the token P_ELSE is unused.
File "/home/udesou/.bench-agent/git/macro-benches/benchmarks/menhir/sysver.mly", line 502, characters 8-27:
Warning: the token P_ENABLE_PORTFAULTS is unused.
File "/home/udesou/.bench-agent/git/macro-benches/benchmarks/menhir/sysver.mly", line 503, characters 8-23:
Warning: the token P_ENDCELLDEFINE is unused.
File "/home/udesou/.bench-agent/git/macro-benches/benchmarks/menhir/sysver.mly", line 504, characters 8-15:
Warning: the token P_ENDIF is unused.
File "/home/udesou/.bench-agent/git/macro-benches/benchmarks/menhir/sysver.mly", line 505, characters 8-20:
Warning: the token P_ENDPROTECT is unused.
File "/home/udesou/.bench-agent/git/macro-benches/benchmarks/menhir/sysver.mly", line 507, characters 8-15:
Warning: the token P_IFDEF is unused.
File "/home/udesou/.bench-agent/git/macro-benches/benchmarks/menhir/sysver.mly", line 508, characters 16-25:
Warning: the token P_INCLUDE is unused.
File "/home/udesou/.bench-agent/git/macro-benches/benchmarks/menhir/sysver.mly", line 216, characters 7-12:
Warning: the token P_NOR is unused.
File "/home/udesou/.bench-agent/git/macro-benches/benchmarks/menhir/sysver.mly", line 509, characters 8-27:
Warning: the token P_NOSUPPRESS_FAULTS is unused.
File "/home/udesou/.bench-agent/git/macro-benches/benchmarks/menhir/sysver.mly", line 82, characters 7-13:
Warning: the token P_OREQ is unused.
File "/home/udesou/.bench-agent/git/macro-benches/benchmarks/menhir/sysver.mly", line 66, characters 7-15:
Warning: the token P_OREQGT is unused.
File "/home/udesou/.bench-agent/git/macro-benches/benchmarks/menhir/sysver.mly", line 46, characters 7-18:
Warning: the token P_ORMINUSGT is unused.
File "/home/udesou/.bench-agent/git/macro-benches/benchmarks/menhir/sysver.mly", line 35, characters 7-13:
Warning: the token P_OROR is unused.
File "/home/udesou/.bench-agent/git/macro-benches/benchmarks/menhir/sysver.mly", line 510, characters 8-17:
Warning: the token P_PROTECT is unused.
File "/home/udesou/.bench-agent/git/macro-benches/benchmarks/menhir/sysver.mly", line 513, characters 8-18:
Warning: the token P_RESETALL is unused.
File "/home/udesou/.bench-agent/git/macro-benches/benchmarks/menhir/sysver.mly", line 515, characters 8-25:
Warning: the token P_SUPPRESS_FAULTS is unused.
File "/home/udesou/.bench-agent/git/macro-benches/benchmarks/menhir/sysver.mly", line 516, characters 16-27:
Warning: the token P_TIMESCALE is unused.
File "/home/udesou/.bench-agent/git/macro-benches/benchmarks/menhir/sysver.mly", line 336, characters 7-18:
Warning: the token P_WILDEQUAL is unused.
File "/home/udesou/.bench-agent/git/macro-benches/benchmarks/menhir/sysver.mly", line 135, characters 7-21:
Warning: the token P_WILDNOTEQUAL is unused.
File "/home/udesou/.bench-agent/git/macro-benches/benchmarks/menhir/sysver.mly", line 437, characters 39-48:
Warning: the token QUADRUPLE is unused.
File "/home/udesou/.bench-agent/git/macro-benches/benchmarks/menhir/sysver.mly", line 447, characters 119-134:
Warning: the token QUATTUORDECUPLE is unused.
File "/home/udesou/.bench-agent/git/macro-benches/benchmarks/menhir/sysver.mly", line 457, characters 199-216:
Warning: the token QUATTUORVIGENUPLE is unused.
File "/home/udesou/.bench-agent/git/macro-benches/benchmarks/menhir/sysver.mly", line 448, characters 127-138:
Warning: the token QUINDECUPLE is unused.
File "/home/udesou/.bench-agent/git/macro-benches/benchmarks/menhir/sysver.mly", line 438, characters 47-56:
Warning: the token QUINTUPLE is unused.
File "/home/udesou/.bench-agent/git/macro-benches/benchmarks/menhir/sysver.mly", line 458, characters 207-220:
Warning: the token QUINVIGENUPLE is unused.
File "/home/udesou/.bench-agent/git/macro-benches/benchmarks/menhir/sysver.mly", line 433, characters 24-29:
Warning: the token RANGE is unused.
File "/home/udesou/.bench-agent/git/macro-benches/benchmarks/menhir/sysver.mly", line 517, characters 8-16:
Warning: the token RECEIVER is unused.
File "/home/udesou/.bench-agent/git/macro-benches/benchmarks/menhir/sysver.mly", line 518, characters 8-29:
Warning: the token RECOVERY_TIMING_CHECK is unused.
File "/home/udesou/.bench-agent/git/macro-benches/benchmarks/menhir/sysver.mly", line 519, characters 8-27:
Warning: the token RECREM_TIMING_CHECK is unused.
File "/home/udesou/.bench-agent/git/macro-benches/benchmarks/menhir/sysver.mly", line 520, characters 8-28:
Warning: the token REMOVAL_TIMING_CHECK is unused.
File "/home/udesou/.bench-agent/git/macro-benches/benchmarks/menhir/sysver.mly", line 521, characters 8-21:
Warning: the token RIGHT_BRACKET is unused.
File "/home/udesou/.bench-agent/git/macro-benches/benchmarks/menhir/sysver.mly", line 522, characters 8-19:
Warning: the token RIGHT_CURLY is unused.
File "/home/udesou/.bench-agent/git/macro-benches/benchmarks/menhir/sysver.mly", line 523, characters 8-14:
Warning: the token SCALAR is unused.
File "/home/udesou/.bench-agent/git/macro-benches/benchmarks/menhir/sysver.mly", line 524, characters 8-16:
Warning: the token SENSUSED is unused.
File "/home/udesou/.bench-agent/git/macro-benches/benchmarks/menhir/sysver.mly", line 450, characters 143-156:
Warning: the token SEPTENDECUPLE is unused.
File "/home/udesou/.bench-agent/git/macro-benches/benchmarks/menhir/sysver.mly", line 440, characters 63-71:
Warning: the token SEPTUPLE is unused.
File "/home/udesou/.bench-agent/git/macro-benches/benchmarks/menhir/sysver.mly", line 525, characters 8-30:
Warning: the token SETUPHOLD_TIMING_CHECK is unused.
File "/home/udesou/.bench-agent/git/macro-benches/benchmarks/menhir/sysver.mly", line 526, characters 8-26:
Warning: the token SETUP_TIMING_CHECK is unused.
File "/home/udesou/.bench-agent/git/macro-benches/benchmarks/menhir/sysver.mly", line 449, characters 135-145:
Warning: the token SEXDECUPLE is unused.
File "/home/udesou/.bench-agent/git/macro-benches/benchmarks/menhir/sysver.mly", line 439, characters 55-63:
Warning: the token SEXTUPLE is unused.
File "/home/udesou/.bench-agent/git/macro-benches/benchmarks/menhir/sysver.mly", line 527, characters 8-25:
Warning: the token SKEW_TIMING_CHECK is unused.
File "/home/udesou/.bench-agent/git/macro-benches/benchmarks/menhir/sysver.mly", line 528, characters 8-15:
Warning: the token SPECIAL is unused.
File "/home/udesou/.bench-agent/git/macro-benches/benchmarks/menhir/sysver.mly", line 291, characters 7-11:
Warning: the token STEP is unused.
File "/home/udesou/.bench-agent/git/macro-benches/benchmarks/menhir/sysver.mly", line 529, characters 8-14:
Warning: the token SUBCCT is unused.
File "/home/udesou/.bench-agent/git/macro-benches/benchmarks/menhir/sysver.mly", line 530, characters 8-17:
Warning: the token SUBMODULE is unused.
File "/home/udesou/.bench-agent/git/macro-benches/benchmarks/menhir/sysver.mly", line 531, characters 8-19:
Warning: the token SUBTRACTION is unused.
File "/home/udesou/.bench-agent/git/macro-benches/benchmarks/menhir/sysver.mly", line 532, characters 8-15:
Warning: the token TASKREF is unused.
File "/home/udesou/.bench-agent/git/macro-benches/benchmarks/menhir/sysver.mly", line 533, characters 8-16:
Warning: the token TASKUSED is unused.
File "/home/udesou/.bench-agent/git/macro-benches/benchmarks/menhir/sysver.mly", line 534, characters 8-29:
Warning: the token TIMESKEW_TIMING_CHECK is unused.
File "/home/udesou/.bench-agent/git/macro-benches/benchmarks/menhir/sysver.mly", line 535, characters 8-18:
Warning: the token TIMINGSPEC is unused.
File "/home/udesou/.bench-agent/git/macro-benches/benchmarks/menhir/sysver.mly", line 536, characters 20-25:
Warning: the token TLIST is unused.
File "/home/udesou/.bench-agent/git/macro-benches/benchmarks/menhir/sysver.mly", line 9, characters 7-22:
Warning: the token TOKEN_1364_2001 is unused.
File "/home/udesou/.bench-agent/git/macro-benches/benchmarks/menhir/sysver.mly", line 248, characters 7-15:
Warning: the token TOKEN_9_ is unused.
File "/home/udesou/.bench-agent/git/macro-benches/benchmarks/menhir/sysver.mly", line 239, characters 7-21:
Warning: the token TOKEN_9_DOLLAR is unused.
File "/home/udesou/.bench-agent/git/macro-benches/benchmarks/menhir/sysver.mly", line 350, characters 7-20:
Warning: the token TOKEN_EDGE_11 is unused.
File "/home/udesou/.bench-agent/git/macro-benches/benchmarks/menhir/sysver.mly", line 13, characters 7-20:
Warning: the token TOKEN_NEWLINE is unused.
File "/home/udesou/.bench-agent/git/macro-benches/benchmarks/menhir/sysver.mly", line 168, characters 7-26:
Warning: the token TOKEN_RBRACK_LCURLY is unused.
File "/home/udesou/.bench-agent/git/macro-benches/benchmarks/menhir/sysver.mly", line 446, characters 111-121:
Warning: the token TREDECUPLE is unused.
File "/home/udesou/.bench-agent/git/macro-benches/benchmarks/menhir/sysver.mly", line 456, characters 191-203:
Warning: the token TREVIGENUPLE is unused.
File "/home/udesou/.bench-agent/git/macro-benches/benchmarks/menhir/sysver.mly", line 436, characters 31-37:
Warning: the token TRIPLE is unused.
File "/home/udesou/.bench-agent/git/macro-benches/benchmarks/menhir/sysver.mly", line 444, characters 95-104:
Warning: the token UNDECUPLE is unused.
File "/home/udesou/.bench-agent/git/macro-benches/benchmarks/menhir/sysver.mly", line 537, characters 8-15:
Warning: the token UNKNOWN is unused.
File "/home/udesou/.bench-agent/git/macro-benches/benchmarks/menhir/sysver.mly", line 454, characters 175-186:
Warning: the token UNVIGENUPLE is unused.
File "/home/udesou/.bench-agent/git/macro-benches/benchmarks/menhir/sysver.mly", line 425, characters 15-17:
Warning: the token US is unused.
File "/home/udesou/.bench-agent/git/macro-benches/benchmarks/menhir/sysver.mly", line 16, characters 7-13:
Warning: the token U_WIRE is unused.
File "/home/udesou/.bench-agent/git/macro-benches/benchmarks/menhir/sysver.mly", line 453, characters 167-176:
Warning: the token VIGENUPLE is unused.
File "/home/udesou/.bench-agent/git/macro-benches/benchmarks/menhir/sysver.mly", line 538, characters 8-26:
Warning: the token WIDTH_TIMING_CHECK is unused.
File "/home/udesou/.bench-agent/git/macro-benches/benchmarks/menhir/sysver.mly", line 8017, characters 8-23:
Warning: symbol actual_arg_expr is unreachable from any of the start symbol(s).
File "/home/udesou/.bench-agent/git/macro-benches/benchmarks/menhir/sysver.mly", line 9113, characters 8-17:
Warning: symbol attr_name is unreachable from any of the start symbol(s).
File "/home/udesou/.bench-agent/git/macro-benches/benchmarks/menhir/sysver.mly", line 9408, characters 0-9:
Warning: symbol attr_spec is unreachable from any of the start symbol(s).
File "/home/udesou/.bench-agent/git/macro-benches/benchmarks/menhir/sysver.mly", line 9737, characters 8-26:
Warning: symbol attribute_instance is unreachable from any of the start symbol(s).
File "/home/udesou/.bench-agent/git/macro-benches/benchmarks/menhir/sysver.mly", line 12078, characters 0-20:
Warning: symbol attribute_instance_4 is unreachable from any of the start symbol(s).
File "/home/udesou/.bench-agent/git/macro-benches/benchmarks/menhir/sysver.mly", line 9540, characters 8-23:
Warning: symbol base_expression is unreachable from any of the start symbol(s).
File "/home/udesou/.bench-agent/git/macro-benches/benchmarks/menhir/sysver.mly", line 565, characters 0-11:
Warning: symbol binary_base is unreachable from any of the start symbol(s).
File "/home/udesou/.bench-agent/git/macro-benches/benchmarks/menhir/sysver.mly", line 551, characters 0-13:
Warning: symbol binary_base_3 is unreachable from any of the start symbol(s).
File "/home/udesou/.bench-agent/git/macro-benches/benchmarks/menhir/sysver.mly", line 9962, characters 8-21:
Warning: symbol block_comment is unreachable from any of the start symbol(s).
File "/home/udesou/.bench-agent/git/macro-benches/benchmarks/menhir/sysver.mly", line 7952, characters 8-24:
Warning: symbol block_identifier is unreachable from any of the start symbol(s).
File "/home/udesou/.bench-agent/git/macro-benches/benchmarks/menhir/sysver.mly", line 555, characters 0-12:
Warning: symbol c_identifier is unreachable from any of the start symbol(s).
File "/home/udesou/.bench-agent/git/macro-benches/benchmarks/menhir/sysver.mly", line 10263, characters 8-19:
Warning: symbol cell_clause is unreachable from any of the start symbol(s).
File "/home/udesou/.bench-agent/git/macro-benches/benchmarks/menhir/sysver.mly", line 12702, characters 8-21:
Warning: symbol cell_clause_3 is unreachable from any of the start symbol(s).
File "/home/udesou/.bench-agent/git/macro-benches/benchmarks/menhir/sysver.mly", line 9485, characters 8-23:
Warning: symbol cell_identifier is unreachable from any of the start symbol(s).
File "/home/udesou/.bench-agent/git/macro-benches/benchmarks/menhir/sysver.mly", line 8817, characters 8-27:
Warning: symbol checktime_condition is unreachable from any of the start symbol(s).
File "/home/udesou/.bench-agent/git/macro-benches/benchmarks/menhir/sysver.mly", line 9081, characters 8-24:
Warning: symbol class_identifier is unreachable from any of the start symbol(s).
File "/home/udesou/.bench-agent/git/macro-benches/benchmarks/menhir/sysver.mly", line 9281, characters 8-27:
Warning: symbol clocking_identifier is unreachable from any of the start symbol(s).
File "/home/udesou/.bench-agent/git/macro-benches/benchmarks/menhir/sysver.mly", line 9878, characters 0-7:
Warning: symbol comment is unreachable from any of the start symbol(s).
File "/home/udesou/.bench-agent/git/macro-benches/benchmarks/menhir/sysver.mly", line 8267, characters 8-20:
Warning: symbol comment_text is unreachable from any of the start symbol(s).
File "/home/udesou/.bench-agent/git/macro-benches/benchmarks/menhir/sysver.mly", line 10575, characters 0-14:
Warning: symbol comment_text_2 is unreachable from any of the start symbol(s).
File "/home/udesou/.bench-agent/git/macro-benches/benchmarks/menhir/sysver.mly", line 9927, characters 8-26:
Warning: symbol config_declaration is unreachable from any of the start symbol(s).
File "/home/udesou/.bench-agent/git/macro-benches/benchmarks/menhir/sysver.mly", line 12314, characters 0-20:
Warning: symbol config_declaration_6 is unreachable from any of the start symbol(s).
File "/home/udesou/.bench-agent/git/macro-benches/benchmarks/menhir/sysver.mly", line 8023, characters 8-25:
Warning: symbol config_identifier is unreachable from any of the start symbol(s).
File "/home/udesou/.bench-agent/git/macro-benches/benchmarks/menhir/sysver.mly", line 10300, characters 0-21:
Warning: symbol config_rule_statement is unreachable from any of the start symbol(s).
File "/home/udesou/.bench-agent/git/macro-benches/benchmarks/menhir/sysver.mly", line 7936, characters 8-24:
Warning: symbol const_identifier is unreachable from any of the start symbol(s).
File "/home/udesou/.bench-agent/git/macro-benches/benchmarks/menhir/sysver.mly", line 8676, characters 8-32:
Warning: symbol constant_base_expression is unreachable from any of the start symbol(s).
File "/home/udesou/.bench-agent/git/macro-benches/benchmarks/menhir/sysver.mly", line 9777, characters 8-33:
Warning: symbol constant_param_expression is unreachable from any of the start symbol(s).
File "/home/udesou/.bench-agent/git/macro-benches/benchmarks/menhir/sysver.mly", line 8667, characters 8-29:
Warning: symbol constraint_identifier is unreachable from any of the start symbol(s).
File "/home/udesou/.bench-agent/git/macro-benches/benchmarks/menhir/sysver.mly", line 9091, characters 8-34:
Warning: symbol controlled_reference_event is unreachable from any of the start symbol(s).
File "/home/udesou/.bench-agent/git/macro-benches/benchmarks/menhir/sysver.mly", line 10125, characters 8-18:
Warning: symbol data_event is unreachable from any of the start symbol(s).
File "/home/udesou/.bench-agent/git/macro-benches/benchmarks/menhir/sysver.mly", line 9422, characters 8-30:
Warning: symbol data_source_expression is unreachable from any of the start symbol(s).
File "/home/udesou/.bench-agent/git/macro-benches/benchmarks/menhir/sysver.mly", line 563, characters 0-12:
Warning: symbol decimal_base is unreachable from any of the start symbol(s).
File "/home/udesou/.bench-agent/git/macro-benches/benchmarks/menhir/sysver.mly", line 561, characters 0-14:
Warning: symbol decimal_base_3 is unreachable from any of the start symbol(s).
File "/home/udesou/.bench-agent/git/macro-benches/benchmarks/menhir/sysver.mly", line 10286, characters 8-22:
Warning: symbol default_clause is unreachable from any of the start symbol(s).
File "/home/udesou/.bench-agent/git/macro-benches/benchmarks/menhir/sysver.mly", line 9256, characters 8-24:
Warning: symbol design_statement is unreachable from any of the start symbol(s).
File "/home/udesou/.bench-agent/git/macro-benches/benchmarks/menhir/sysver.mly", line 11537, characters 0-18:
Warning: symbol design_statement_3 is unreachable from any of the start symbol(s).
File "/home/udesou/.bench-agent/git/macro-benches/benchmarks/menhir/sysver.mly", line 11533, characters 8-28:
Warning: symbol design_statement_3_4 is unreachable from any of the start symbol(s).
File "/home/udesou/.bench-agent/git/macro-benches/benchmarks/menhir/sysver.mly", line 10211, characters 8-37:
Warning: symbol dimension_constant_expression is unreachable from any of the start symbol(s).
File "/home/udesou/.bench-agent/git/macro-benches/benchmarks/menhir/sysver.mly", line 564, characters 0-11:
Warning: symbol edge_symbol is unreachable from any of the start symbol(s).
File "/home/udesou/.bench-agent/git/macro-benches/benchmarks/menhir/sysver.mly", line 9900, characters 8-23:
Warning: symbol enable_terminal is unreachable from any of the start symbol(s).
File "/home/udesou/.bench-agent/git/macro-benches/benchmarks/menhir/sysver.mly", line 7949, characters 8-23:
Warning: symbol end_edge_offset is unreachable from any of the start symbol(s).
File "/home/udesou/.bench-agent/git/macro-benches/benchmarks/menhir/sysver.mly", line 8787, characters 8-23:
Warning: symbol enum_identifier is unreachable from any of the start symbol(s).
File "/home/udesou/.bench-agent/git/macro-benches/benchmarks/menhir/sysver.mly", line 9723, characters 8-25:
Warning: symbol error_limit_value is unreachable from any of the start symbol(s).
File "/home/udesou/.bench-agent/git/macro-benches/benchmarks/menhir/sysver.mly", line 10214, characters 8-24:
Warning: symbol event_based_flag is unreachable from any of the start symbol(s).
File "/home/udesou/.bench-agent/git/macro-benches/benchmarks/menhir/sysver.mly", line 9217, characters 8-24:
Warning: symbol event_identifier is unreachable from any of the start symbol(s).
File "/home/udesou/.bench-agent/git/macro-benches/benchmarks/menhir/sysver.mly", line 568, characters 0-3:
Warning: symbol exp is unreachable from any of the start symbol(s).
File "/home/udesou/.bench-agent/git/macro-benches/benchmarks/menhir/sysver.mly", line 9147, characters 8-19:
Warning: symbol expression1 is unreachable from any of the start symbol(s).
File "/home/udesou/.bench-agent/git/macro-benches/benchmarks/menhir/sysver.mly", line 9150, characters 8-19:
Warning: symbol expression2 is unreachable from any of the start symbol(s).
File "/home/udesou/.bench-agent/git/macro-benches/benchmarks/menhir/sysver.mly", line 9153, characters 8-19:
Warning: symbol expression3 is unreachable from any of the start symbol(s).
File "/home/udesou/.bench-agent/git/macro-benches/benchmarks/menhir/sysver.mly", line 8207, characters 8-22:
Warning: symbol file_path_spec is unreachable from any of the start symbol(s).
File "/home/udesou/.bench-agent/git/macro-benches/benchmarks/menhir/sysver.mly", line 8750, characters 8-25:
Warning: symbol formal_identifier is unreachable from any of the start symbol(s).
File "/home/udesou/.bench-agent/git/macro-benches/benchmarks/menhir/sysver.mly", line 9488, characters 8-27:
Warning: symbol function_identifier is unreachable from any of the start symbol(s).
File "/home/udesou/.bench-agent/git/macro-benches/benchmarks/menhir/sysver.mly", line 8169, characters 8-32:
Warning: symbol gate_instance_identifier is unreachable from any of the start symbol(s).
File "/home/udesou/.bench-agent/git/macro-benches/benchmarks/menhir/sysver.mly", line 7988, characters 8-33:
Warning: symbol generate_block_identifier is unreachable from any of the start symbol(s).
File "/home/udesou/.bench-agent/git/macro-benches/benchmarks/menhir/sysver.mly", line 9930, characters 8-25:
Warning: symbol genvar_identifier is unreachable from any of the start symbol(s).
File "/home/udesou/.bench-agent/git/macro-benches/benchmarks/menhir/sysver.mly", line 558, characters 0-8:
Warning: symbol hex_base is unreachable from any of the start symbol(s).
File "/home/udesou/.bench-agent/git/macro-benches/benchmarks/menhir/sysver.mly", line 567, characters 0-10:
Warning: symbol hex_base_3 is unreachable from any of the start symbol(s).
File "/home/udesou/.bench-agent/git/macro-benches/benchmarks/menhir/sysver.mly", line 569, characters 0-9:
Warning: symbol hex_digit is unreachable from any of the start symbol(s).
File "/home/udesou/.bench-agent/git/macro-benches/benchmarks/menhir/sysver.mly", line 10198, characters 8-37:
Warning: symbol hierarchical_block_identifier is unreachable from any of the start symbol(s).
File "/home/udesou/.bench-agent/git/macro-benches/benchmarks/menhir/sysver.mly", line 9016, characters 8-37:
Warning: symbol hierarchical_event_identifier is unreachable from any of the start symbol(s).
File "/home/udesou/.bench-agent/git/macro-benches/benchmarks/menhir/sysver.mly", line 9428, characters 8-40:
Warning: symbol hierarchical_function_identifier is unreachable from any of the start symbol(s).
File "/home/udesou/.bench-agent/git/macro-benches/benchmarks/menhir/sysver.mly", line 9293, characters 8-35:
Warning: symbol hierarchical_net_identifier is unreachable from any of the start symbol(s).
File "/home/udesou/.bench-agent/git/macro-benches/benchmarks/menhir/sysver.mly", line 8811, characters 8-41:
Warning: symbol hierarchical_parameter_identifier is unreachable from any of the start symbol(s).
File "/home/udesou/.bench-agent/git/macro-benches/benchmarks/menhir/sysver.mly", line 9042, characters 8-36:
Warning: symbol hierarchical_task_identifier is unreachable from any of the start symbol(s).
File "/home/udesou/.bench-agent/git/macro-benches/benchmarks/menhir/sysver.mly", line 8712, characters 8-40:
Warning: symbol hierarchical_variable_identifier is unreachable from any of the start symbol(s).
File "/home/udesou/.bench-agent/git/macro-benches/benchmarks/menhir/sysver.mly", line 8893, characters 8-25:
Warning: symbol include_statement is unreachable from any of the start symbol(s).
File "/home/udesou/.bench-agent/git/macro-benches/benchmarks/menhir/sysver.mly", line 8587, characters 8-29:
Warning: symbol inout_port_identifier is unreachable from any of the start symbol(s).
File "/home/udesou/.bench-agent/git/macro-benches/benchmarks/menhir/sysver.mly", line 8902, characters 8-22:
Warning: symbol inout_terminal is unreachable from any of the start symbol(s).
File "/home/udesou/.bench-agent/git/macro-benches/benchmarks/menhir/sysver.mly", line 10307, characters 8-29:
Warning: symbol input_port_identifier is unreachable from any of the start symbol(s).
File "/home/udesou/.bench-agent/git/macro-benches/benchmarks/menhir/sysver.mly", line 10280, characters 8-22:
Warning: symbol input_terminal is unreachable from any of the start symbol(s).
File "/home/udesou/.bench-agent/git/macro-benches/benchmarks/menhir/sysver.mly", line 7979, characters 8-19:
Warning: symbol inst_clause is unreachable from any of the start symbol(s).
File "/home/udesou/.bench-agent/git/macro-benches/benchmarks/menhir/sysver.mly", line 9909, characters 8-17:
Warning: symbol inst_name is unreachable from any of the start symbol(s).
File "/home/udesou/.bench-agent/git/macro-benches/benchmarks/menhir/sysver.mly", line 12306, characters 0-11:
Warning: symbol inst_name_3 is unreachable from any of the start symbol(s).
File "/home/udesou/.bench-agent/git/macro-benches/benchmarks/menhir/sysver.mly", line 8239, characters 8-27:
Warning: symbol instance_identifier is unreachable from any of the start symbol(s).
File "/home/udesou/.bench-agent/git/macro-benches/benchmarks/menhir/sysver.mly", line 8828, characters 8-28:
Warning: symbol interface_identifier is unreachable from any of the start symbol(s).
File "/home/udesou/.bench-agent/git/macro-benches/benchmarks/menhir/sysver.mly", line 8391, characters 8-37:
Warning: symbol interface_instance_identifier is unreachable from any of the start symbol(s).
File "/home/udesou/.bench-agent/git/macro-benches/benchmarks/menhir/sysver.mly", line 572, characters 0-12:
Warning: symbol level_symbol is unreachable from any of the start symbol(s).
File "/home/udesou/.bench-agent/git/macro-benches/benchmarks/menhir/sysver.mly", line 9501, characters 8-22:
Warning: symbol liblist_clause is unreachable from any of the start symbol(s).
File "/home/udesou/.bench-agent/git/macro-benches/benchmarks/menhir/sysver.mly", line 11790, characters 0-16:
Warning: symbol liblist_clause_3 is unreachable from any of the start symbol(s).
File "/home/udesou/.bench-agent/git/macro-benches/benchmarks/menhir/sysver.mly", line 7905, characters 8-27:
Warning: symbol library_declaration is unreachable from any of the start symbol(s).
File "/home/udesou/.bench-agent/git/macro-benches/benchmarks/menhir/sysver.mly", line 10314, characters 0-21:
Warning: symbol library_declaration_5 is unreachable from any of the start symbol(s).
File "/home/udesou/.bench-agent/git/macro-benches/benchmarks/menhir/sysver.mly", line 10322, characters 8-29:
Warning: symbol library_declaration_6 is unreachable from any of the start symbol(s).
File "/home/udesou/.bench-agent/git/macro-benches/benchmarks/menhir/sysver.mly", line 10318, characters 0-23:
Warning: symbol library_declaration_6_5 is unreachable from any of the start symbol(s).
File "/home/udesou/.bench-agent/git/macro-benches/benchmarks/menhir/sysver.mly", line 10045, characters 0-20:
Warning: symbol library_descriptions is unreachable from any of the start symbol(s).
File "/home/udesou/.bench-agent/git/macro-benches/benchmarks/menhir/sysver.mly", line 9313, characters 8-26:
Warning: symbol library_identifier is unreachable from any of the start symbol(s).
File "/home/udesou/.bench-agent/git/macro-benches/benchmarks/menhir/sysver.mly", line 9353, characters 8-20:
Warning: symbol library_text is unreachable from any of the start symbol(s).
File "/home/udesou/.bench-agent/git/macro-benches/benchmarks/menhir/sysver.mly", line 11634, characters 0-14:
Warning: symbol library_text_2 is unreachable from any of the start symbol(s).
File "/home/udesou/.bench-agent/git/macro-benches/benchmarks/menhir/sysver.mly", line 9894, characters 8-31:
Warning: symbol lsb_constant_expression is unreachable from any of the start symbol(s).
File "/home/udesou/.bench-agent/git/macro-benches/benchmarks/menhir/sysver.mly", line 8673, characters 8-25:
Warning: symbol method_identifier is unreachable from any of the start symbol(s).
File "/home/udesou/.bench-agent/git/macro-benches/benchmarks/menhir/sysver.mly", line 8899, characters 8-26:
Warning: symbol modport_identifier is unreachable from any of the start symbol(s).
File "/home/udesou/.bench-agent/git/macro-benches/benchmarks/menhir/sysver.mly", line 9078, characters 8-25:
Warning: symbol module_identifier is unreachable from any of the start symbol(s).
File "/home/udesou/.bench-agent/git/macro-benches/benchmarks/menhir/sysver.mly", line 8177, characters 8-34:
Warning: symbol module_instance_identifier is unreachable from any of the start symbol(s).
File "/home/udesou/.bench-agent/git/macro-benches/benchmarks/menhir/sysver.mly", line 10266, characters 8-31:
Warning: symbol msb_constant_expression is unreachable from any of the start symbol(s).
File "/home/udesou/.bench-agent/git/macro-benches/benchmarks/menhir/sysver.mly", line 552, characters 0-20:
Warning: symbol name_of_udp_instance is unreachable from any of the start symbol(s).
File "/home/udesou/.bench-agent/git/macro-benches/benchmarks/menhir/sysver.mly", line 7926, characters 8-25:
Warning: symbol ncontrol_terminal is unreachable from any of the start symbol(s).
File "/home/udesou/.bench-agent/git/macro-benches/benchmarks/menhir/sysver.mly", line 10028, characters 8-22:
Warning: symbol net_identifier is unreachable from any of the start symbol(s).
File "/home/udesou/.bench-agent/git/macro-benches/benchmarks/menhir/sysver.mly", line 9676, characters 8-18:
Warning: symbol notify_reg is unreachable from any of the start symbol(s).
File "/home/udesou/.bench-agent/git/macro-benches/benchmarks/menhir/sysver.mly", line 566, characters 0-10:
Warning: symbol octal_base is unreachable from any of the start symbol(s).
File "/home/udesou/.bench-agent/git/macro-benches/benchmarks/menhir/sysver.mly", line 559, characters 0-12:
Warning: symbol octal_base_3 is unreachable from any of the start symbol(s).
File "/home/udesou/.bench-agent/git/macro-benches/benchmarks/menhir/sysver.mly", line 9758, characters 8-24:
Warning: symbol one_line_comment is unreachable from any of the start symbol(s).
File "/home/udesou/.bench-agent/git/macro-benches/benchmarks/menhir/sysver.mly", line 8945, characters 8-30:
Warning: symbol output_port_identifier is unreachable from any of the start symbol(s).
File "/home/udesou/.bench-agent/git/macro-benches/benchmarks/menhir/sysver.mly", line 571, characters 0-13:
Warning: symbol output_symbol is unreachable from any of the start symbol(s).
File "/home/udesou/.bench-agent/git/macro-benches/benchmarks/menhir/sysver.mly", line 10145, characters 8-23:
Warning: symbol output_terminal is unreachable from any of the start symbol(s).
File "/home/udesou/.bench-agent/git/macro-benches/benchmarks/menhir/sysver.mly", line 8882, characters 8-28:
Warning: symbol parameter_identifier is unreachable from any of the start symbol(s).
File "/home/udesou/.bench-agent/git/macro-benches/benchmarks/menhir/sysver.mly", line 8298, characters 8-25:
Warning: symbol pcontrol_terminal is unreachable from any of the start symbol(s).
File "/home/udesou/.bench-agent/git/macro-benches/benchmarks/menhir/sysver.mly", line 9188, characters 8-23:
Warning: symbol port_identifier is unreachable from any of the start symbol(s).
File "/home/udesou/.bench-agent/git/macro-benches/benchmarks/menhir/sysver.mly", line 9110, characters 8-26:
Warning: symbol program_identifier is unreachable from any of the start symbol(s).
File "/home/udesou/.bench-agent/git/macro-benches/benchmarks/menhir/sysver.mly", line 9985, characters 8-35:
Warning: symbol program_instance_identifier is unreachable from any of the start symbol(s).
File "/home/udesou/.bench-agent/git/macro-benches/benchmarks/menhir/sysver.mly", line 9347, characters 8-27:
Warning: symbol property_identifier is unreachable from any of the start symbol(s).
File "/home/udesou/.bench-agent/git/macro-benches/benchmarks/menhir/sysver.mly", line 8398, characters 8-23:
Warning: symbol reference_event is unreachable from any of the start symbol(s).
File "/home/udesou/.bench-agent/git/macro-benches/benchmarks/menhir/sysver.mly", line 9770, characters 8-26:
Warning: symbol reject_limit_value is unreachable from any of the start symbol(s).
File "/home/udesou/.bench-agent/git/macro-benches/benchmarks/menhir/sysver.mly", line 9203, characters 8-26:
Warning: symbol remain_active_flag is unreachable from any of the start symbol(s).
File "/home/udesou/.bench-agent/git/macro-benches/benchmarks/menhir/sysver.mly", line 8382, characters 8-23:
Warning: symbol sequence_abbrev is unreachable from any of the start symbol(s).
File "/home/udesou/.bench-agent/git/macro-benches/benchmarks/menhir/sysver.mly", line 10103, characters 8-27:
Warning: symbol sequence_identifier is unreachable from any of the start symbol(s).
File "/home/udesou/.bench-agent/git/macro-benches/benchmarks/menhir/sysver.mly", line 9937, characters 8-25:
Warning: symbol signal_identifier is unreachable from any of the start symbol(s).
File "/home/udesou/.bench-agent/git/macro-benches/benchmarks/menhir/sysver.mly", line 554, characters 0-17:
Warning: symbol simple_identifier is unreachable from any of the start symbol(s).
File "/home/udesou/.bench-agent/git/macro-benches/benchmarks/menhir/sysver.mly", line 9872, characters 8-12:
Warning: symbol size is unreachable from any of the start symbol(s).
File "/home/udesou/.bench-agent/git/macro-benches/benchmarks/menhir/sysver.mly", line 7985, characters 8-28:
Warning: symbol specparam_identifier is unreachable from any of the start symbol(s).
File "/home/udesou/.bench-agent/git/macro-benches/benchmarks/menhir/sysver.mly", line 9622, characters 8-27:
Warning: symbol stamptime_condition is unreachable from any of the start symbol(s).
File "/home/udesou/.bench-agent/git/macro-benches/benchmarks/menhir/sysver.mly", line 8885, characters 8-25:
Warning: symbol start_edge_offset is unreachable from any of the start symbol(s).
File "/home/udesou/.bench-agent/git/macro-benches/benchmarks/menhir/sysver.mly", line 556, characters 0-26:
Warning: symbol system_function_identifier is unreachable from any of the start symbol(s).
File "/home/udesou/.bench-agent/git/macro-benches/benchmarks/menhir/sysver.mly", line 562, characters 0-22:
Warning: symbol system_task_identifier is unreachable from any of the start symbol(s).
File "/home/udesou/.bench-agent/git/macro-benches/benchmarks/menhir/sysver.mly", line 8094, characters 8-33:
Warning: symbol t01_path_delay_expression is unreachable from any of the start symbol(s).
File "/home/udesou/.bench-agent/git/macro-benches/benchmarks/menhir/sysver.mly", line 8443, characters 8-33:
Warning: symbol t0x_path_delay_expression is unreachable from any of the start symbol(s).
File "/home/udesou/.bench-agent/git/macro-benches/benchmarks/menhir/sysver.mly", line 9253, characters 8-33:
Warning: symbol t0z_path_delay_expression is unreachable from any of the start symbol(s).
File "/home/udesou/.bench-agent/git/macro-benches/benchmarks/menhir/sysver.mly", line 10100, characters 8-33:
Warning: symbol t10_path_delay_expression is unreachable from any of the start symbol(s).
File "/home/udesou/.bench-agent/git/macro-benches/benchmarks/menhir/sysver.mly", line 8422, characters 8-33:
Warning: symbol t1x_path_delay_expression is unreachable from any of the start symbol(s).
File "/home/udesou/.bench-agent/git/macro-benches/benchmarks/menhir/sysver.mly", line 9244, characters 8-33:
Warning: symbol t1z_path_delay_expression is unreachable from any of the start symbol(s).
File "/home/udesou/.bench-agent/git/macro-benches/benchmarks/menhir/sysver.mly", line 9548, characters 8-31:
Warning: symbol t_path_delay_expression is unreachable from any of the start symbol(s).
File "/home/udesou/.bench-agent/git/macro-benches/benchmarks/menhir/sysver.mly", line 8540, characters 8-23:
Warning: symbol task_identifier is unreachable from any of the start symbol(s).
File "/home/udesou/.bench-agent/git/macro-benches/benchmarks/menhir/sysver.mly", line 8437, characters 8-27:
Warning: symbol terminal_identifier is unreachable from any of the start symbol(s).
File "/home/udesou/.bench-agent/git/macro-benches/benchmarks/menhir/sysver.mly", line 8365, characters 8-29:
Warning: symbol text_macro_identifier is unreachable from any of the start symbol(s).
File "/home/udesou/.bench-agent/git/macro-benches/benchmarks/menhir/sysver.mly", line 9059, characters 8-35:
Warning: symbol tfall_path_delay_expression is unreachable from any of the start symbol(s).
File "/home/udesou/.bench-agent/git/macro-benches/benchmarks/menhir/sysver.mly", line 8802, characters 8-17:
Warning: symbol threshold is unreachable from any of the start symbol(s).
File "/home/udesou/.bench-agent/git/macro-benches/benchmarks/menhir/sysver.mly", line 557, characters 0-9:
Warning: symbol time_unit is unreachable from any of the start symbol(s).
File "/home/udesou/.bench-agent/git/macro-benches/benchmarks/menhir/sysver.mly", line 8936, characters 8-26:
Warning: symbol timing_check_limit is unreachable from any of the start symbol(s).
File "/home/udesou/.bench-agent/git/macro-benches/benchmarks/menhir/sysver.mly", line 9764, characters 8-28:
Warning: symbol topmodule_identifier is unreachable from any of the start symbol(s).
File "/home/udesou/.bench-agent/git/macro-benches/benchmarks/menhir/sysver.mly", line 8097, characters 8-35:
Warning: symbol trise_path_delay_expression is unreachable from any of the start symbol(s).
File "/home/udesou/.bench-agent/git/macro-benches/benchmarks/menhir/sysver.mly", line 10056, characters 8-33:
Warning: symbol tx0_path_delay_expression is unreachable from any of the start symbol(s).
File "/home/udesou/.bench-agent/git/macro-benches/benchmarks/menhir/sysver.mly", line 8029, characters 8-33:
Warning: symbol tx1_path_delay_expression is unreachable from any of the start symbol(s).
File "/home/udesou/.bench-agent/git/macro-benches/benchmarks/menhir/sysver.mly", line 9191, characters 8-33:
Warning: symbol txz_path_delay_expression is unreachable from any of the start symbol(s).
File "/home/udesou/.bench-agent/git/macro-benches/benchmarks/menhir/sysver.mly", line 9495, characters 8-23:
Warning: symbol type_identifier is unreachable from any of the start symbol(s).
File "/home/udesou/.bench-agent/git/macro-benches/benchmarks/menhir/sysver.mly", line 9959, characters 8-33:
Warning: symbol tz0_path_delay_expression is unreachable from any of the start symbol(s).
File "/home/udesou/.bench-agent/git/macro-benches/benchmarks/menhir/sysver.mly", line 7963, characters 8-33:
Warning: symbol tz1_path_delay_expression is unreachable from any of the start symbol(s).
File "/home/udesou/.bench-agent/git/macro-benches/benchmarks/menhir/sysver.mly", line 9344, characters 8-32:
Warning: symbol tz_path_delay_expression is unreachable from any of the start symbol(s).
File "/home/udesou/.bench-agent/git/macro-benches/benchmarks/menhir/sysver.mly", line 8318, characters 8-33:
Warning: symbol tzx_path_delay_expression is unreachable from any of the start symbol(s).
File "/home/udesou/.bench-agent/git/macro-benches/benchmarks/menhir/sysver.mly", line 8037, characters 0-16:
Warning: symbol udp_declaration2 is unreachable from any of the start symbol(s).
File "/home/udesou/.bench-agent/git/macro-benches/benchmarks/menhir/sysver.mly", line 10415, characters 0-19:
Warning: symbol udp_declaration2_10 is unreachable from any of the start symbol(s).
File "/home/udesou/.bench-agent/git/macro-benches/benchmarks/menhir/sysver.mly", line 8605, characters 8-22:
Warning: symbol udp_identifier is unreachable from any of the start symbol(s).
File "/home/udesou/.bench-agent/git/macro-benches/benchmarks/menhir/sysver.mly", line 8670, characters 8-31:
Warning: symbol udp_instance_identifier is unreachable from any of the start symbol(s).
File "/home/udesou/.bench-agent/git/macro-benches/benchmarks/menhir/sysver.mly", line 553, characters 0-15:
Warning: symbol unsigned_number is unreachable from any of the start symbol(s).
File "/home/udesou/.bench-agent/git/macro-benches/benchmarks/menhir/sysver.mly", line 8446, characters 8-18:
Warning: symbol use_clause is unreachable from any of the start symbol(s).
File "/home/udesou/.bench-agent/git/macro-benches/benchmarks/menhir/sysver.mly", line 10739, characters 8-20:
Warning: symbol use_clause_3 is unreachable from any of the start symbol(s).
File "/home/udesou/.bench-agent/git/macro-benches/benchmarks/menhir/sysver.mly", line 10743, characters 8-20:
Warning: symbol use_clause_5 is unreachable from any of the start symbol(s).
File "/home/udesou/.bench-agent/git/macro-benches/benchmarks/menhir/sysver.mly", line 7966, characters 8-33:
Warning: symbol width_constant_expression is unreachable from any of the start symbol(s).
File "/home/udesou/.bench-agent/git/macro-benches/benchmarks/menhir/sysver.mly", line 573, characters 0-7:
Warning: symbol x_digit is unreachable from any of the start symbol(s).
File "/home/udesou/.bench-agent/git/macro-benches/benchmarks/menhir/sysver.mly", line 570, characters 0-7:
Warning: symbol z_digit is unreachable from any of the start symbol(s).
File "/home/udesou/.bench-agent/git/macro-benches/benchmarks/menhir/sysver.mly", line 560, characters 0-6:
Warning: symbol z_or_x is unreachable from any of the start symbol(s).
Warning: 10557 states have shift/reduce conflicts.
Warning: 9090 states have reduce/reduce conflicts.
Warning: 38665 shift/reduce conflicts were arbitrarily resolved.
Warning: 133727 reduce/reduce conflicts were arbitrarily resolved.
Warning: 1183 end-of-stream conflicts were arbitrarily resolved.
File "/home/udesou/.bench-agent/git/macro-benches/benchmarks/menhir/sysver.mly", line 11593, characters 31-31:
Warning: production class_scope_type_identifier_9 -> is never reduced.
File "/home/udesou/.bench-agent/git/macro-benches/benchmarks/menhir/sysver.mly", line 8251, characters 3-21:
Warning: production constant_primary -> identifier is never reduced.
File "/home/udesou/.bench-agent/git/macro-benches/benchmarks/menhir/sysver.mly", line 8253, characters 3-21:
Warning: production constant_primary -> identifier is never reduced.
File "/home/udesou/.bench-agent/git/macro-benches/benchmarks/menhir/sysver.mly", line 8254, characters 3-21:
Warning: production constant_primary -> identifier is never reduced.
File "/home/udesou/.bench-agent/git/macro-benches/benchmarks/menhir/sysver.mly", line 8322, characters 3-51:
Warning: production disable_statement -> DISABLE hierarchical_identifier SEMICOLON is never reduced.
File "/home/udesou/.bench-agent/git/macro-benches/benchmarks/menhir/sysver.mly", line 10491, characters 17-17:
Warning: production dpi_dimension_4 -> is never reduced.
File "/home/udesou/.bench-agent/git/macro-benches/benchmarks/menhir/sysver.mly", line 10277, characters 3-121:
Warning: production dpi_function_proto -> function_data_type identifier LPAREN RPAREN is never reduced.
File "/home/udesou/.bench-agent/git/macro-benches/benchmarks/menhir/sysver.mly", line 10277, characters 3-121:
Warning: production dpi_function_proto -> signing function_data_type identifier LPAREN RPAREN is never reduced.
File "/home/udesou/.bench-agent/git/macro-benches/benchmarks/menhir/sysver.mly", line 12727, characters 3-81:
Warning: production escaped_hierarchical_identifier_3 -> escaped_hierarchical_identifier_3 DOT SIMPLE_IDENTIFIER simple_hierarchical_branch_3 is never reduced.
File "/home/udesou/.bench-agent/git/macro-benches/benchmarks/menhir/sysver.mly", line 12728, characters 3-41:
Warning: production escaped_hierarchical_identifier_3 -> DOT BACKSLASH TOKEN_ANY_ASCII white_space escaped_hierarchical_branch_3 is never reduced.
File "/home/udesou/.bench-agent/git/macro-benches/benchmarks/menhir/sysver.mly", line 12686, characters 33-33:
Warning: production function_if_else_if_statement_8 -> is never reduced.
File "/home/udesou/.bench-agent/git/macro-benches/benchmarks/menhir/sysver.mly", line 12687, characters 3-157:
Warning: production function_if_else_if_statement_8 -> function_if_else_if_statement_8 ELSE IF LPAREN expression RPAREN function_statement_or_null is never reduced.
File "/home/udesou/.bench-agent/git/macro-benches/benchmarks/menhir/sysver.mly", line 12687, characters 3-157:
Warning: production function_if_else_if_statement_8 -> function_if_else_if_statement_8 ELSE unique_priority IF LPAREN expression RPAREN function_statement_or_null is never reduced.
File "/home/udesou/.bench-agent/git/macro-benches/benchmarks/menhir/sysver.mly", line 12262, characters 24-24:
Warning: production if_else_if_statement_8 -> is never reduced.
File "/home/udesou/.bench-agent/git/macro-benches/benchmarks/menhir/sysver.mly", line 12263, characters 3-130:
Warning: production if_else_if_statement_8 -> if_else_if_statement_8 ELSE IF LPAREN expression RPAREN statement_or_null is never reduced.
File "/home/udesou/.bench-agent/git/macro-benches/benchmarks/menhir/sysver.mly", line 12263, characters 3-130:
Warning: production if_else_if_statement_8 -> if_else_if_statement_8 ELSE unique_priority IF LPAREN expression RPAREN statement_or_null is never reduced.
File "/home/udesou/.bench-agent/git/macro-benches/benchmarks/menhir/sysver.mly", line 9933, characters 24-54:
Warning: production implicit_class_handle -> is never reduced.
File "/home/udesou/.bench-agent/git/macro-benches/benchmarks/menhir/sysver.mly", line 9934, characters 3-33:
Warning: production implicit_class_handle -> is never reduced.
File "/home/udesou/.bench-agent/git/macro-benches/benchmarks/menhir/sysver.mly", line 9827, characters 3-20:
Warning: production input_identifier -> identifier is never reduced.
File "/home/udesou/.bench-agent/git/macro-benches/benchmarks/menhir/sysver.mly", line 9440, characters 3-33:
Warning: production module_path_primary -> identifier is never reduced.
File "/home/udesou/.bench-agent/git/macro-benches/benchmarks/menhir/sysver.mly", line 8315, characters 3-20:
Warning: production output_identifier -> identifier is never reduced.
File "/home/udesou/.bench-agent/git/macro-benches/benchmarks/menhir/sysver.mly", line 11710, characters 18-18:
Warning: production sequence_expr_17 -> is never reduced.
File "/home/udesou/.bench-agent/git/macro-benches/benchmarks/menhir/sysver.mly", line 549, characters 7-25:
Warning: production start -> source_text_3 is never reduced.
File "/home/udesou/.bench-agent/git/macro-benches/benchmarks/menhir/sysver.mly", line 549, characters 7-25:
Warning: production start -> timeunits_declaration source_text_3 is never reduced.
File "/home/udesou/.bench-agent/git/macro-benches/benchmarks/menhir/sysver.mly", line 8416, characters 3-22:
Warning: production statement_item -> hierarchical_identifier SEMICOLON is never reduced.
File "/home/udesou/.bench-agent/git/macro-benches/benchmarks/menhir/sysver.mly", line 8416, characters 3-22:
Warning: production statement_item -> hierarchical_identifier LPAREN list_of_arguments RPAREN SEMICOLON is never reduced.
File "/home/udesou/.bench-agent/git/macro-benches/benchmarks/menhir/sysver.mly", line 8664, characters 3-20:
Warning: production struct_member_label -> identifier is never reduced.
File "/home/udesou/.bench-agent/git/macro-benches/benchmarks/menhir/sysver.mly", line 9634, characters 3-20:
Warning: production task_or_function_identifier -> identifier is never reduced.
File "/home/udesou/.bench-agent/git/macro-benches/benchmarks/menhir/sysver.mly", line 10119, characters 3-10:
Warning: production tf_data_type -> CHANDLE is never reduced.
Warning: in total, 29 productions are never reduced.
*****
{
  "olly": {
    "version": 2,
    "wall_time": 259.03,
    "cpu_time": 259.03,
    "gc_time": 18.23,
    "gc_overhead": 7.04,
    "max_rss_kb": 4068028,
    "domain_stats": {
      "0": {
        "wall_time": 259.03,
        "gc_time": 18.23,
        "gc_overhead": 7.04
      }
    },
    "mean_latency": 0.012304,
    "stddev_latency": 0.189136,
    "min_latency": 0.0,
    "max_latency": 121.241599,
    "distr_latency": {
      "25.0000": 0.000911,
      "50.0000": 0.001871,
      "60.0000": 0.001983,
      "70.0000": 0.002335,
      "75.0000": 0.002415,
      "80.0000": 0.002495,
      "85.0000": 0.002679,
      "90.0000": 0.008607,
      "95.0000": 0.010663,
      "96.0000": 0.011159,
      "97.0000": 0.017311,
      "98.0000": 0.073343,
      "99.0000": 0.373759,
      "99.9000": 1.571839,
      "99.9900": 1.894399,
      "99.9990": 2.871295,
      "99.9999": 104.464383,
      "100.0000": 121.241599
    },
    "outliers": {
      "count": 0,
      "mean_latency": 0.0,
      "max_latency": 0.0
    },
    "allocations": {
      "total_heap": 97040642771,
      "minor_heap": 96871940209,
      "major_heap": 918059386,
      "promoted_words": 749356824,
      "promoted_pct": 0.77
    },
    "domain_alloc_stats": {
      "0": {
        "total": 97040642771,
        "minor": 96871940209,
        "promoted": 749356824,
        "major": 918059386,
        "promoted_pct": 0.77
      }
    },
    "collections": {
      "minor": 739118,
      "major": 30,
      "forced_major": 0,
      "compactions": 0
    },
    "stats_reliable": true
  },
  "perf": [
    {
      "counter-value": "259036.996967",
      "unit": "msec",
      "event": "task-clock",
      "event-runtime": 259036996967,
      "pcnt-running": 100.0,
      "metric-value": "0.995297",
      "metric-unit": "CPUs utilized"
    },
    {
      "counter-value": "1111628.000000",
      "unit": "",
      "event": "page-faults",
      "event-runtime": 259036992877,
      "pcnt-running": 100.0,
      "metric-value": "4.291387",
      "metric-unit": "K/sec"
    },
    {
      "counter-value": "854805184057.000000",
      "unit": "",
      "event": "cycles",
      "event-runtime": 259036990524,
      "pcnt-running": 100.0,
      "metric-value": "3.299935",
      "metric-unit": "GHz"
    },
    {
      "counter-value": "1793751447984.000000",
      "unit": "",
      "event": "instructions",
      "event-runtime": 259036984408,
      "pcnt-running": 100.0,
      "metric-value": "2.098433",
      "metric-unit": "insn per cycle"
    }
  ]
}
-----
mkdir -p PLOTTY_WORKAROUND; timedrun; OCAMLRUNPARAM="s=131072,o=120,e=25,d=2" /home/udesou/.bench-agent/git/macro-benches/benchmarks/menhir/menhir_sysver_canonical-ocaml-5.5.0-f523850-fp --canonical --table /home/udesou/.bench-agent/git/macro-benches/benchmarks/menhir/sysver.mly
running-ng v0.3.8
Thu Sep  3 05:02:56 PM UTC 2026

 17:02:56 up 3 days,  9:34,  2 users,  load average: 1.05, 1.03, 1.00
USER     TTY      FROM             LOGIN@   IDLE   JCPU   PCPU  WHAT

procs -----------memory---------- ---swap-- -----io---- -system-- -------cpu-------
 r  b   swpd   free   buff  cache   si   so    bi    bo   in   cs us sy id wa st gu
 0  1   1024 27673524 2320888 34404820    0    0    22   418 1878    3  5  0 90  5  0  0
 0  1   1024 27681284 2320888 34404340    0    0     0     0 1700 3043  0  0 88 12  0  0

top - 17:02:57 up 3 days,  9:34,  2 users,  load average: 1.05, 1.03, 1.00
Tasks: 277 total,   1 running, 276 sleeping,   0 stopped,   0 zombie
%Cpu(s):  0.0 us,  1.2 sy,  0.0 ni, 87.2 id, 11.6 wa,  0.0 hi,  0.0 si,  0.0 st 
MiB Mem :  64272.5 total,  27032.5 free,   2098.9 used,  35864.5 buff/cache     
MiB Swap:   8192.0 total,   8191.0 free,      1.0 used.  62173.6 avail Mem 

    PID USER      PR  NI    VIRT    RES    SHR S  %CPU  %MEM     TIME+ COMMAND
     36 root      20   0       0      0      0 I  10.0   0.0  34:52.31 [rcuog/4]
 469203 udesou    20   0   11908   5720   3564 R  10.0   0.0   0:00.01 top -bcn 1 -w512
      1 root      20   0   22736  14164   9620 S   0.0   0.0   2:06.36 /usr/lib/systemd/systemd --system --deserialize=91
      2 root      20   0       0      0      0 S   0.0   0.0   0:00.04 [kthreadd]
      3 root      20   0       0      0      0 S   0.0   0.0   0:00.00 [pool_workqueue_release]

Environment variables: 
	CAML_LD_LIBRARY_PATH=/home/udesou/ocaml-bench-service/_opam/lib/stublibs:/home/udesou/ocaml-bench-service/_opam/lib/ocaml/stublibs:/home/udesou/ocaml-bench-service/_opam/lib/ocaml
	CONFIG_FILE=/home/udesou/.bench-agent/work/run-20260903-001-e1/run-20260903-001.yml
	HOME=/home/udesou
	LANG=en_US.UTF-8
	LOGNAME=udesou
	LOG_DIR=/home/udesou/.bench-agent/logs
	MANPATH=:/home/udesou/ocaml-bench-service/_opam/man
	OCAMLTOP_INCLUDE_PATH=/home/udesou/ocaml-bench-service/_opam/lib/toplevel
	OCAML_TOPLEVEL_PATH=/home/udesou/ocaml-bench-service/_opam/lib/toplevel
	OLLY_DIR=/home/udesou/.bench-agent/git/olly
	OPAMSWITCH=/home/udesou/ocaml-bench-service
	OPAM_LAST_ENV=/home/udesou/.opam/.last-env/env-5c215a2b0e39ccf869c777f01343de63-0
	OPAM_SWITCH_PREFIX=/home/udesou/ocaml-bench-service/_opam
	PATH=/usr/local/bin:/home/udesou/.bench-agent/git/olly/_build/install/default/bin:/home/udesou/ocaml-bench-service/_opam/bin:/home/udesou/ocaml-bench-service/_opam/bin:/home/udesou/.vscode-server/data/User/globalStorage/github.copilot-chat/debugCommand:/home/udesou/.vscode-server/data/User/globalStorage/github.copilot-chat/copilotCli:/home/udesou/.vscode-server/cli/servers/Stable-08d4889f9ec4a1685d257b9b95de036c8e1ce1e5/server/bin/remote-cli:/home/udesou/.opam/running-ng-ocaml-5.2.1/bin:/home/udesou/.local/bin:/home/udesou/.opam/running-ng-ocaml-5.2.1/bin:/home/udesou/.local/bin:/usr/local/sbin:/usr/local/bin:/usr/sbin:/usr/bin:/sbin:/bin:/usr/games:/usr/local/games:/snap/bin:/home/udesou/.vscode-server/extensions/ms-python.debugpy-2026.6.0-linux-x64/bundled/scripts/noConfigScripts
	PWD=/home/udesou/ocaml-bench-service
	PYTHONPATH=/home/udesou/.bench-agent/git/running-ng/src
	RUNNING_BENCH_DIR=/home/udesou/.bench-agent/git/macro-benches
	RUNNING_MACRO_BENCH_DIR=/home/udesou/.bench-agent/git/macro-benches
	RUNNING_NG_PACKAGE_DATA=/home/udesou/.bench-agent/git/running-ng/src/running/config
	RUNNING_REUSE_SWITCHES=1
	RUNNING_TAG=default_run,large_run
	SHELL=/bin/bash
	SHLVL=1
	TERM=screen.xterm-256color
	USER=udesou
	_=/usr/bin/python3
OS: Linux obelisk 6.8.0-138-generic #138-Ubuntu SMP PREEMPT_DYNAMIC Fri Jul 31 22:41:49 UTC 2026 x86_64 x86_64 x86_64 GNU/Linux
CPU: model name	: Intel(R) Xeon(R) CPU E5-2667 v2 @ 3.30GHz
number of cores: 8
Frequency of cpu 0: 3.30 GHz
Governor of cpu 0: performance
Scaling_min_freq of cpu 0: 1.20 GHz
Frequency of cpu 2: 3.30 GHz
Governor of cpu 2: performance
Scaling_min_freq of cpu 2: 1.20 GHz
Frequency of cpu 4: 3.30 GHz
Governor of cpu 4: performance
Scaling_min_freq of cpu 4: 1.20 GHz
Frequency of cpu 6: 3.30 GHz
Governor of cpu 6: performance
Scaling_min_freq of cpu 6: 1.20 GHz
File "/home/udesou/.bench-agent/git/macro-benches/benchmarks/menhir/sysver.mly", line 459, characters 8-19:
Warning: the token ALTERNATIVE is unused.
File "/home/udesou/.bench-agent/git/macro-benches/benchmarks/menhir/sysver.mly", line 429, characters 15-17:
Warning: the token AS is unused.
File "/home/udesou/.bench-agent/git/macro-benches/benchmarks/menhir/sysver.mly", line 430, characters 16-22:
Warning: the token ASCNUM is unused.
File "/home/udesou/.bench-agent/git/macro-benches/benchmarks/menhir/sysver.mly", line 460, characters 8-18:
Warning: the token ASSIGNMENT is unused.
File "/home/udesou/.bench-agent/git/macro-benches/benchmarks/menhir/sysver.mly", line 461, characters 8-13:
Warning: the token BIDIR is unused.
File "/home/udesou/.bench-agent/git/macro-benches/benchmarks/menhir/sysver.mly", line 462, characters 16-22:
Warning: the token BINNUM is unused.
File "/home/udesou/.bench-agent/git/macro-benches/benchmarks/menhir/sysver.mly", line 463, characters 8-14:
Warning: the token BITSEL is unused.
File "/home/udesou/.bench-agent/git/macro-benches/benchmarks/menhir/sysver.mly", line 266, characters 7-11:
Warning: the token BOLD is unused.
File "/home/udesou/.bench-agent/git/macro-benches/benchmarks/menhir/sysver.mly", line 464, characters 8-16:
Warning: the token CASECOND is unused.
File "/home/udesou/.bench-agent/git/macro-benches/benchmarks/menhir/sysver.mly", line 465, characters 8-15:
Warning: the token CELLPIN is unused.
File "/home/udesou/.bench-agent/git/macro-benches/benchmarks/menhir/sysver.mly", line 431, characters 14-18:
Warning: the token CHAR is unused.
File "/home/udesou/.bench-agent/git/macro-benches/benchmarks/menhir/sysver.mly", line 466, characters 8-14:
Warning: the token CONCAT is unused.
File "/home/udesou/.bench-agent/git/macro-benches/benchmarks/menhir/sysver.mly", line 202, characters 7-16:
Warning: the token COUNTONES is unused.
File "/home/udesou/.bench-agent/git/macro-benches/benchmarks/menhir/sysver.mly", line 468, characters 16-22:
Warning: the token DECNUM is unused.
File "/home/udesou/.bench-agent/git/macro-benches/benchmarks/menhir/sysver.mly", line 443, characters 87-94:
Warning: the token DECUPLE is unused.
File "/home/udesou/.bench-agent/git/macro-benches/benchmarks/menhir/sysver.mly", line 469, characters 8-21:
Warning: the token DLYASSIGNMENT is unused.
File "/home/udesou/.bench-agent/git/macro-benches/benchmarks/menhir/sysver.mly", line 470, characters 20-26:
Warning: the token DOTTED is unused.
File "/home/udesou/.bench-agent/git/macro-benches/benchmarks/menhir/sysver.mly", line 435, characters 23-29:
Warning: the token DOUBLE is unused.
File "/home/udesou/.bench-agent/git/macro-benches/benchmarks/menhir/sysver.mly", line 472, characters 8-14:
Warning: the token DRIVER is unused.
File "/home/udesou/.bench-agent/git/macro-benches/benchmarks/menhir/sysver.mly", line 445, characters 103-113:
Warning: the token DUODECUPLE is unused.
File "/home/udesou/.bench-agent/git/macro-benches/benchmarks/menhir/sysver.mly", line 455, characters 183-195:
Warning: the token DUOVIGENUPLE is unused.
File "/home/udesou/.bench-agent/git/macro-benches/benchmarks/menhir/sysver.mly", line 315, characters 7-18:
Warning: the token D_ATTRIBUTE is unused.
File "/home/udesou/.bench-agent/git/macro-benches/benchmarks/menhir/sysver.mly", line 96, characters 7-13:
Warning: the token D_BITS is unused.
File "/home/udesou/.bench-agent/git/macro-benches/benchmarks/menhir/sysver.mly", line 467, characters 8-11:
Warning: the token D_C is unused.
File "/home/udesou/.bench-agent/git/macro-benches/benchmarks/menhir/sysver.mly", line 4, characters 7-14:
Warning: the token D_CLOG2 is unused.
File "/home/udesou/.bench-agent/git/macro-benches/benchmarks/menhir/sysver.mly", line 167, characters 7-21:
Warning: the token D_COUNTDRIVERS is unused.
File "/home/udesou/.bench-agent/git/macro-benches/benchmarks/menhir/sysver.mly", line 265, characters 7-18:
Warning: the token D_COUNTONES is unused.
File "/home/udesou/.bench-agent/git/macro-benches/benchmarks/menhir/sysver.mly", line 197, characters 7-16:
Warning: the token D_DISPLAY is unused.
File "/home/udesou/.bench-agent/git/macro-benches/benchmarks/menhir/sysver.mly", line 412, characters 7-14:
Warning: the token D_ERROR is unused.
File "/home/udesou/.bench-agent/git/macro-benches/benchmarks/menhir/sysver.mly", line 138, characters 7-14:
Warning: the token D_FATAL is unused.
File "/home/udesou/.bench-agent/git/macro-benches/benchmarks/menhir/sysver.mly", line 170, characters 7-15:
Warning: the token D_FCLOSE is unused.
File "/home/udesou/.bench-agent/git/macro-benches/benchmarks/menhir/sysver.mly", line 348, characters 7-17:
Warning: the token D_FDISPLAY is unused.
File "/home/udesou/.bench-agent/git/macro-benches/benchmarks/menhir/sysver.mly", line 147, characters 7-13:
Warning: the token D_FEOF is unused.
File "/home/udesou/.bench-agent/git/macro-benches/benchmarks/menhir/sysver.mly", line 17, characters 7-15:
Warning: the token D_FFLUSH is unused.
File "/home/udesou/.bench-agent/git/macro-benches/benchmarks/menhir/sysver.mly", line 128, characters 7-14:
Warning: the token D_FGETC is unused.
File "/home/udesou/.bench-agent/git/macro-benches/benchmarks/menhir/sysver.mly", line 155, characters 7-14:
Warning: the token D_FGETS is unused.
File "/home/udesou/.bench-agent/git/macro-benches/benchmarks/menhir/sysver.mly", line 387, characters 7-15:
Warning: the token D_FINISH is unused.
File "/home/udesou/.bench-agent/git/macro-benches/benchmarks/menhir/sysver.mly", line 23, characters 7-14:
Warning: the token D_FOPEN is unused.
File "/home/udesou/.bench-agent/git/macro-benches/benchmarks/menhir/sysver.mly", line 78, characters 7-15:
Warning: the token D_FSCANF is unused.
File "/home/udesou/.bench-agent/git/macro-benches/benchmarks/menhir/sysver.mly", line 26, characters 7-15:
Warning: the token D_FWRITE is unused.
File "/home/udesou/.bench-agent/git/macro-benches/benchmarks/menhir/sysver.mly", line 408, characters 7-16:
Warning: the token D_FWRITEH is unused.
File "/home/udesou/.bench-agent/git/macro-benches/benchmarks/menhir/sysver.mly", line 329, characters 7-13:
Warning: the token D_INFO is unused.
File "/home/udesou/.bench-agent/git/macro-benches/benchmarks/menhir/sysver.mly", line 275, characters 7-18:
Warning: the token D_ISUNKNOWN is unused.
File "/home/udesou/.bench-agent/git/macro-benches/benchmarks/menhir/sysver.mly", line 76, characters 7-16:
Warning: the token D_MONITOR is unused.
File "/home/udesou/.bench-agent/git/macro-benches/benchmarks/menhir/sysver.mly", line 345, characters 7-15:
Warning: the token D_ONEHOT is unused.
File "/home/udesou/.bench-agent/git/macro-benches/benchmarks/menhir/sysver.mly", line 230, characters 7-16:
Warning: the token D_ONEHOT0 is unused.
File "/home/udesou/.bench-agent/git/macro-benches/benchmarks/menhir/sysver.mly", line 471, characters 8-16:
Warning: the token D_RANDOM is unused.
File "/home/udesou/.bench-agent/git/macro-benches/benchmarks/menhir/sysver.mly", line 5, characters 7-17:
Warning: the token D_READMEMB is unused.
File "/home/udesou/.bench-agent/git/macro-benches/benchmarks/menhir/sysver.mly", line 11, characters 7-17:
Warning: the token D_READMEMH is unused.
File "/home/udesou/.bench-agent/git/macro-benches/benchmarks/menhir/sysver.mly", line 313, characters 7-17:
Warning: the token D_REALTIME is unused.
File "/home/udesou/.bench-agent/git/macro-benches/benchmarks/menhir/sysver.mly", line 323, characters 7-15:
Warning: the token D_SIGNED is unused.
File "/home/udesou/.bench-agent/git/macro-benches/benchmarks/menhir/sysver.mly", line 249, characters 7-15:
Warning: the token D_SSCANF is unused.
File "/home/udesou/.bench-agent/git/macro-benches/benchmarks/menhir/sysver.mly", line 473, characters 8-15:
Warning: the token D_STIME is unused.
File "/home/udesou/.bench-agent/git/macro-benches/benchmarks/menhir/sysver.mly", line 354, characters 7-13:
Warning: the token D_STOP is unused.
File "/home/udesou/.bench-agent/git/macro-benches/benchmarks/menhir/sysver.mly", line 113, characters 7-22:
Warning: the token D_TEST_PLUSARGS is unused.
File "/home/udesou/.bench-agent/git/macro-benches/benchmarks/menhir/sysver.mly", line 390, characters 7-13:
Warning: the token D_TIME is unused.
File "/home/udesou/.bench-agent/git/macro-benches/benchmarks/menhir/sysver.mly", line 247, characters 7-17:
Warning: the token D_UNSIGNED is unused.
File "/home/udesou/.bench-agent/git/macro-benches/benchmarks/menhir/sysver.mly", line 366, characters 7-16:
Warning: the token D_WARNING is unused.
File "/home/udesou/.bench-agent/git/macro-benches/benchmarks/menhir/sysver.mly", line 337, characters 7-14:
Warning: the token D_WRITE is unused.
File "/home/udesou/.bench-agent/git/macro-benches/benchmarks/menhir/sysver.mly", line 61, characters 7-12:
Warning: the token EMPTY is unused.
File "/home/udesou/.bench-agent/git/macro-benches/benchmarks/menhir/sysver.mly", line 474, characters 8-16:
Warning: the token ENDLABEL is unused.
File "/home/udesou/.bench-agent/git/macro-benches/benchmarks/menhir/sysver.mly", line 475, characters 8-17:
Warning: the token ENDOFFILE is unused.
File "/home/udesou/.bench-agent/git/macro-benches/benchmarks/menhir/sysver.mly", line 476, characters 15-23:
Warning: the token FLOATNUM is unused.
File "/home/udesou/.bench-agent/git/macro-benches/benchmarks/menhir/sysver.mly", line 428, characters 15-17:
Warning: the token FS is unused.
File "/home/udesou/.bench-agent/git/macro-benches/benchmarks/menhir/sysver.mly", line 477, characters 8-29:
Warning: the token FULLSKEW_TIMING_CHECK is unused.
File "/home/udesou/.bench-agent/git/macro-benches/benchmarks/menhir/sysver.mly", line 478, characters 8-15:
Warning: the token FUNCREF is unused.
File "/home/udesou/.bench-agent/git/macro-benches/benchmarks/menhir/sysver.mly", line 479, characters 8-16:
Warning: the token FUNCUSED is unused.
File "/home/udesou/.bench-agent/git/macro-benches/benchmarks/menhir/sysver.mly", line 480, characters 8-15:
Warning: the token GENCASE is unused.
File "/home/udesou/.bench-agent/git/macro-benches/benchmarks/menhir/sysver.mly", line 481, characters 8-19:
Warning: the token GENCASECOND is unused.
File "/home/udesou/.bench-agent/git/macro-benches/benchmarks/menhir/sysver.mly", line 482, characters 16-22:
Warning: the token HEXNUM is unused.
File "/home/udesou/.bench-agent/git/macro-benches/benchmarks/menhir/sysver.mly", line 483, characters 8-25:
Warning: the token HOLD_TIMING_CHECK is unused.
File "/home/udesou/.bench-agent/git/macro-benches/benchmarks/menhir/sysver.mly", line 432, characters 16-18:
Warning: the token ID is unused.
File "/home/udesou/.bench-agent/git/macro-benches/benchmarks/menhir/sysver.mly", line 484, characters 8-16:
Warning: the token IMPLICIT is unused.
File "/home/udesou/.bench-agent/git/macro-benches/benchmarks/menhir/sysver.mly", line 434, characters 13-16:
Warning: the token INT is unused.
File "/home/udesou/.bench-agent/git/macro-benches/benchmarks/menhir/sysver.mly", line 485, characters 16-22:
Warning: the token INTNUM is unused.
File "/home/udesou/.bench-agent/git/macro-benches/benchmarks/menhir/sysver.mly", line 486, characters 8-14:
Warning: the token IOPORT is unused.
File "/home/udesou/.bench-agent/git/macro-benches/benchmarks/menhir/sysver.mly", line 215, characters 7-16:
Warning: the token ISUNKNOWN is unused.
File "/home/udesou/.bench-agent/git/macro-benches/benchmarks/menhir/sysver.mly", line 145, characters 7-20:
Warning: the token IS_DEFINED_AS is unused.
File "/home/udesou/.bench-agent/git/macro-benches/benchmarks/menhir/sysver.mly", line 487, characters 8-20:
Warning: the token LEFT_BRACKET is unused.
File "/home/udesou/.bench-agent/git/macro-benches/benchmarks/menhir/sysver.mly", line 488, characters 8-18:
Warning: the token LEFT_CURLY is unused.
File "/home/udesou/.bench-agent/git/macro-benches/benchmarks/menhir/sysver.mly", line 489, characters 8-14:
Warning: the token MEMORY is unused.
File "/home/udesou/.bench-agent/git/macro-benches/benchmarks/menhir/sysver.mly", line 490, characters 8-17:
Warning: the token MINTYPMAX is unused.
File "/home/udesou/.bench-agent/git/macro-benches/benchmarks/menhir/sysver.mly", line 491, characters 8-15:
Warning: the token MODINST is unused.
File "/home/udesou/.bench-agent/git/macro-benches/benchmarks/menhir/sysver.mly", line 424, characters 15-17:
Warning: the token MS is unused.
File "/home/udesou/.bench-agent/git/macro-benches/benchmarks/menhir/sysver.mly", line 492, characters 8-13:
Warning: the token NAMED is unused.
File "/home/udesou/.bench-agent/git/macro-benches/benchmarks/menhir/sysver.mly", line 493, characters 8-29:
Warning: the token NOCHANGE_TIMING_CHECK is unused.
File "/home/udesou/.bench-agent/git/macro-benches/benchmarks/menhir/sysver.mly", line 442, characters 79-86:
Warning: the token NONUPLE is unused.
File "/home/udesou/.bench-agent/git/macro-benches/benchmarks/menhir/sysver.mly", line 452, characters 159-171:
Warning: the token NOVEMDECUPLE is unused.
File "/home/udesou/.bench-agent/git/macro-benches/benchmarks/menhir/sysver.mly", line 426, characters 15-17:
Warning: the token NS is unused.
File "/home/udesou/.bench-agent/git/macro-benches/benchmarks/menhir/sysver.mly", line 494, characters 16-22:
Warning: the token OCTNUM is unused.
File "/home/udesou/.bench-agent/git/macro-benches/benchmarks/menhir/sysver.mly", line 451, characters 151-162:
Warning: the token OCTODECUPLE is unused.
File "/home/udesou/.bench-agent/git/macro-benches/benchmarks/menhir/sysver.mly", line 441, characters 71-78:
Warning: the token OCTUPLE is unused.
File "/home/udesou/.bench-agent/git/macro-benches/benchmarks/menhir/sysver.mly", line 495, characters 8-17:
Warning: the token PARAMUSED is unused.
File "/home/udesou/.bench-agent/git/macro-benches/benchmarks/menhir/sysver.mly", line 496, characters 8-15:
Warning: the token PARTSEL is unused.
File "/home/udesou/.bench-agent/git/macro-benches/benchmarks/menhir/sysver.mly", line 506, characters 8-27:
Warning: the token PERIOD_TIMING_CHECK is unused.
File "/home/udesou/.bench-agent/git/macro-benches/benchmarks/menhir/sysver.mly", line 511, characters 16-25:
Warning: the token PRAGMATIC is unused.
File "/home/udesou/.bench-agent/git/macro-benches/benchmarks/menhir/sysver.mly", line 512, characters 16-23:
Warning: the token PREPROC is unused.
File "/home/udesou/.bench-agent/git/macro-benches/benchmarks/menhir/sysver.mly", line 514, characters 8-16:
Warning: the token PRIMINST is unused.
File "/home/udesou/.bench-agent/git/macro-benches/benchmarks/menhir/sysver.mly", line 427, characters 15-17:
Warning: the token PS is unused.
File "/home/udesou/.bench-agent/git/macro-benches/benchmarks/menhir/sysver.mly", line 1, characters 7-13:
Warning: the token P_ATAT is unused.
File "/home/udesou/.bench-agent/git/macro-benches/benchmarks/menhir/sysver.mly", line 497, characters 8-20:
Warning: the token P_CELLDEFINE is unused.
File "/home/udesou/.bench-agent/git/macro-benches/benchmarks/menhir/sysver.mly", line 498, characters 8-16:
Warning: the token P_DEFINE is unused.
File "/home/udesou/.bench-agent/git/macro-benches/benchmarks/menhir/sysver.mly", line 499, characters 8-25:
Warning: the token P_DELAY_MODE_PATH is unused.
File "/home/udesou/.bench-agent/git/macro-benches/benchmarks/menhir/sysver.mly", line 500, characters 8-28:
Warning: the token P_DISABLE_PORTFAULTS is unused.
File "/home/udesou/.bench-agent/git/macro-benches/benchmarks/menhir/sysver.mly", line 501, characters 8-14:
Warning: the token P_ELSE is unused.
File "/home/udesou/.bench-agent/git/macro-benches/benchmarks/menhir/sysver.mly", line 502, characters 8-27:
Warning: the token P_ENABLE_PORTFAULTS is unused.
File "/home/udesou/.bench-agent/git/macro-benches/benchmarks/menhir/sysver.mly", line 503, characters 8-23:
Warning: the token P_ENDCELLDEFINE is unused.
File "/home/udesou/.bench-agent/git/macro-benches/benchmarks/menhir/sysver.mly", line 504, characters 8-15:
Warning: the token P_ENDIF is unused.
File "/home/udesou/.bench-agent/git/macro-benches/benchmarks/menhir/sysver.mly", line 505, characters 8-20:
Warning: the token P_ENDPROTECT is unused.
File "/home/udesou/.bench-agent/git/macro-benches/benchmarks/menhir/sysver.mly", line 507, characters 8-15:
Warning: the token P_IFDEF is unused.
File "/home/udesou/.bench-agent/git/macro-benches/benchmarks/menhir/sysver.mly", line 508, characters 16-25:
Warning: the token P_INCLUDE is unused.
File "/home/udesou/.bench-agent/git/macro-benches/benchmarks/menhir/sysver.mly", line 216, characters 7-12:
Warning: the token P_NOR is unused.
File "/home/udesou/.bench-agent/git/macro-benches/benchmarks/menhir/sysver.mly", line 509, characters 8-27:
Warning: the token P_NOSUPPRESS_FAULTS is unused.
File "/home/udesou/.bench-agent/git/macro-benches/benchmarks/menhir/sysver.mly", line 82, characters 7-13:
Warning: the token P_OREQ is unused.
File "/home/udesou/.bench-agent/git/macro-benches/benchmarks/menhir/sysver.mly", line 66, characters 7-15:
Warning: the token P_OREQGT is unused.
File "/home/udesou/.bench-agent/git/macro-benches/benchmarks/menhir/sysver.mly", line 46, characters 7-18:
Warning: the token P_ORMINUSGT is unused.
File "/home/udesou/.bench-agent/git/macro-benches/benchmarks/menhir/sysver.mly", line 35, characters 7-13:
Warning: the token P_OROR is unused.
File "/home/udesou/.bench-agent/git/macro-benches/benchmarks/menhir/sysver.mly", line 510, characters 8-17:
Warning: the token P_PROTECT is unused.
File "/home/udesou/.bench-agent/git/macro-benches/benchmarks/menhir/sysver.mly", line 513, characters 8-18:
Warning: the token P_RESETALL is unused.
File "/home/udesou/.bench-agent/git/macro-benches/benchmarks/menhir/sysver.mly", line 515, characters 8-25:
Warning: the token P_SUPPRESS_FAULTS is unused.
File "/home/udesou/.bench-agent/git/macro-benches/benchmarks/menhir/sysver.mly", line 516, characters 16-27:
Warning: the token P_TIMESCALE is unused.
File "/home/udesou/.bench-agent/git/macro-benches/benchmarks/menhir/sysver.mly", line 336, characters 7-18:
Warning: the token P_WILDEQUAL is unused.
File "/home/udesou/.bench-agent/git/macro-benches/benchmarks/menhir/sysver.mly", line 135, characters 7-21:
Warning: the token P_WILDNOTEQUAL is unused.
File "/home/udesou/.bench-agent/git/macro-benches/benchmarks/menhir/sysver.mly", line 437, characters 39-48:
Warning: the token QUADRUPLE is unused.
File "/home/udesou/.bench-agent/git/macro-benches/benchmarks/menhir/sysver.mly", line 447, characters 119-134:
Warning: the token QUATTUORDECUPLE is unused.
File "/home/udesou/.bench-agent/git/macro-benches/benchmarks/menhir/sysver.mly", line 457, characters 199-216:
Warning: the token QUATTUORVIGENUPLE is unused.
File "/home/udesou/.bench-agent/git/macro-benches/benchmarks/menhir/sysver.mly", line 448, characters 127-138:
Warning: the token QUINDECUPLE is unused.
File "/home/udesou/.bench-agent/git/macro-benches/benchmarks/menhir/sysver.mly", line 438, characters 47-56:
Warning: the token QUINTUPLE is unused.
File "/home/udesou/.bench-agent/git/macro-benches/benchmarks/menhir/sysver.mly", line 458, characters 207-220:
Warning: the token QUINVIGENUPLE is unused.
File "/home/udesou/.bench-agent/git/macro-benches/benchmarks/menhir/sysver.mly", line 433, characters 24-29:
Warning: the token RANGE is unused.
File "/home/udesou/.bench-agent/git/macro-benches/benchmarks/menhir/sysver.mly", line 517, characters 8-16:
Warning: the token RECEIVER is unused.
File "/home/udesou/.bench-agent/git/macro-benches/benchmarks/menhir/sysver.mly", line 518, characters 8-29:
Warning: the token RECOVERY_TIMING_CHECK is unused.
File "/home/udesou/.bench-agent/git/macro-benches/benchmarks/menhir/sysver.mly", line 519, characters 8-27:
Warning: the token RECREM_TIMING_CHECK is unused.
File "/home/udesou/.bench-agent/git/macro-benches/benchmarks/menhir/sysver.mly", line 520, characters 8-28:
Warning: the token REMOVAL_TIMING_CHECK is unused.
File "/home/udesou/.bench-agent/git/macro-benches/benchmarks/menhir/sysver.mly", line 521, characters 8-21:
Warning: the token RIGHT_BRACKET is unused.
File "/home/udesou/.bench-agent/git/macro-benches/benchmarks/menhir/sysver.mly", line 522, characters 8-19:
Warning: the token RIGHT_CURLY is unused.
File "/home/udesou/.bench-agent/git/macro-benches/benchmarks/menhir/sysver.mly", line 523, characters 8-14:
Warning: the token SCALAR is unused.
File "/home/udesou/.bench-agent/git/macro-benches/benchmarks/menhir/sysver.mly", line 524, characters 8-16:
Warning: the token SENSUSED is unused.
File "/home/udesou/.bench-agent/git/macro-benches/benchmarks/menhir/sysver.mly", line 450, characters 143-156:
Warning: the token SEPTENDECUPLE is unused.
File "/home/udesou/.bench-agent/git/macro-benches/benchmarks/menhir/sysver.mly", line 440, characters 63-71:
Warning: the token SEPTUPLE is unused.
File "/home/udesou/.bench-agent/git/macro-benches/benchmarks/menhir/sysver.mly", line 525, characters 8-30:
Warning: the token SETUPHOLD_TIMING_CHECK is unused.
File "/home/udesou/.bench-agent/git/macro-benches/benchmarks/menhir/sysver.mly", line 526, characters 8-26:
Warning: the token SETUP_TIMING_CHECK is unused.
File "/home/udesou/.bench-agent/git/macro-benches/benchmarks/menhir/sysver.mly", line 449, characters 135-145:
Warning: the token SEXDECUPLE is unused.
File "/home/udesou/.bench-agent/git/macro-benches/benchmarks/menhir/sysver.mly", line 439, characters 55-63:
Warning: the token SEXTUPLE is unused.
File "/home/udesou/.bench-agent/git/macro-benches/benchmarks/menhir/sysver.mly", line 527, characters 8-25:
Warning: the token SKEW_TIMING_CHECK is unused.
File "/home/udesou/.bench-agent/git/macro-benches/benchmarks/menhir/sysver.mly", line 528, characters 8-15:
Warning: the token SPECIAL is unused.
File "/home/udesou/.bench-agent/git/macro-benches/benchmarks/menhir/sysver.mly", line 291, characters 7-11:
Warning: the token STEP is unused.
File "/home/udesou/.bench-agent/git/macro-benches/benchmarks/menhir/sysver.mly", line 529, characters 8-14:
Warning: the token SUBCCT is unused.
File "/home/udesou/.bench-agent/git/macro-benches/benchmarks/menhir/sysver.mly", line 530, characters 8-17:
Warning: the token SUBMODULE is unused.
File "/home/udesou/.bench-agent/git/macro-benches/benchmarks/menhir/sysver.mly", line 531, characters 8-19:
Warning: the token SUBTRACTION is unused.
File "/home/udesou/.bench-agent/git/macro-benches/benchmarks/menhir/sysver.mly", line 532, characters 8-15:
Warning: the token TASKREF is unused.
File "/home/udesou/.bench-agent/git/macro-benches/benchmarks/menhir/sysver.mly", line 533, characters 8-16:
Warning: the token TASKUSED is unused.
File "/home/udesou/.bench-agent/git/macro-benches/benchmarks/menhir/sysver.mly", line 534, characters 8-29:
Warning: the token TIMESKEW_TIMING_CHECK is unused.
File "/home/udesou/.bench-agent/git/macro-benches/benchmarks/menhir/sysver.mly", line 535, characters 8-18:
Warning: the token TIMINGSPEC is unused.
File "/home/udesou/.bench-agent/git/macro-benches/benchmarks/menhir/sysver.mly", line 536, characters 20-25:
Warning: the token TLIST is unused.
File "/home/udesou/.bench-agent/git/macro-benches/benchmarks/menhir/sysver.mly", line 9, characters 7-22:
Warning: the token TOKEN_1364_2001 is unused.
File "/home/udesou/.bench-agent/git/macro-benches/benchmarks/menhir/sysver.mly", line 248, characters 7-15:
Warning: the token TOKEN_9_ is unused.
File "/home/udesou/.bench-agent/git/macro-benches/benchmarks/menhir/sysver.mly", line 239, characters 7-21:
Warning: the token TOKEN_9_DOLLAR is unused.
File "/home/udesou/.bench-agent/git/macro-benches/benchmarks/menhir/sysver.mly", line 350, characters 7-20:
Warning: the token TOKEN_EDGE_11 is unused.
File "/home/udesou/.bench-agent/git/macro-benches/benchmarks/menhir/sysver.mly", line 13, characters 7-20:
Warning: the token TOKEN_NEWLINE is unused.
File "/home/udesou/.bench-agent/git/macro-benches/benchmarks/menhir/sysver.mly", line 168, characters 7-26:
Warning: the token TOKEN_RBRACK_LCURLY is unused.
File "/home/udesou/.bench-agent/git/macro-benches/benchmarks/menhir/sysver.mly", line 446, characters 111-121:
Warning: the token TREDECUPLE is unused.
File "/home/udesou/.bench-agent/git/macro-benches/benchmarks/menhir/sysver.mly", line 456, characters 191-203:
Warning: the token TREVIGENUPLE is unused.
File "/home/udesou/.bench-agent/git/macro-benches/benchmarks/menhir/sysver.mly", line 436, characters 31-37:
Warning: the token TRIPLE is unused.
File "/home/udesou/.bench-agent/git/macro-benches/benchmarks/menhir/sysver.mly", line 444, characters 95-104:
Warning: the token UNDECUPLE is unused.
File "/home/udesou/.bench-agent/git/macro-benches/benchmarks/menhir/sysver.mly", line 537, characters 8-15:
Warning: the token UNKNOWN is unused.
File "/home/udesou/.bench-agent/git/macro-benches/benchmarks/menhir/sysver.mly", line 454, characters 175-186:
Warning: the token UNVIGENUPLE is unused.
File "/home/udesou/.bench-agent/git/macro-benches/benchmarks/menhir/sysver.mly", line 425, characters 15-17:
Warning: the token US is unused.
File "/home/udesou/.bench-agent/git/macro-benches/benchmarks/menhir/sysver.mly", line 16, characters 7-13:
Warning: the token U_WIRE is unused.
File "/home/udesou/.bench-agent/git/macro-benches/benchmarks/menhir/sysver.mly", line 453, characters 167-176:
Warning: the token VIGENUPLE is unused.
File "/home/udesou/.bench-agent/git/macro-benches/benchmarks/menhir/sysver.mly", line 538, characters 8-26:
Warning: the token WIDTH_TIMING_CHECK is unused.
File "/home/udesou/.bench-agent/git/macro-benches/benchmarks/menhir/sysver.mly", line 8017, characters 8-23:
Warning: symbol actual_arg_expr is unreachable from any of the start symbol(s).
File "/home/udesou/.bench-agent/git/macro-benches/benchmarks/menhir/sysver.mly", line 9113, characters 8-17:
Warning: symbol attr_name is unreachable from any of the start symbol(s).
File "/home/udesou/.bench-agent/git/macro-benches/benchmarks/menhir/sysver.mly", line 9408, characters 0-9:
Warning: symbol attr_spec is unreachable from any of the start symbol(s).
File "/home/udesou/.bench-agent/git/macro-benches/benchmarks/menhir/sysver.mly", line 9737, characters 8-26:
Warning: symbol attribute_instance is unreachable from any of the start symbol(s).
File "/home/udesou/.bench-agent/git/macro-benches/benchmarks/menhir/sysver.mly", line 12078, characters 0-20:
Warning: symbol attribute_instance_4 is unreachable from any of the start symbol(s).
File "/home/udesou/.bench-agent/git/macro-benches/benchmarks/menhir/sysver.mly", line 9540, characters 8-23:
Warning: symbol base_expression is unreachable from any of the start symbol(s).
File "/home/udesou/.bench-agent/git/macro-benches/benchmarks/menhir/sysver.mly", line 565, characters 0-11:
Warning: symbol binary_base is unreachable from any of the start symbol(s).
File "/home/udesou/.bench-agent/git/macro-benches/benchmarks/menhir/sysver.mly", line 551, characters 0-13:
Warning: symbol binary_base_3 is unreachable from any of the start symbol(s).
File "/home/udesou/.bench-agent/git/macro-benches/benchmarks/menhir/sysver.mly", line 9962, characters 8-21:
Warning: symbol block_comment is unreachable from any of the start symbol(s).
File "/home/udesou/.bench-agent/git/macro-benches/benchmarks/menhir/sysver.mly", line 7952, characters 8-24:
Warning: symbol block_identifier is unreachable from any of the start symbol(s).
File "/home/udesou/.bench-agent/git/macro-benches/benchmarks/menhir/sysver.mly", line 555, characters 0-12:
Warning: symbol c_identifier is unreachable from any of the start symbol(s).
File "/home/udesou/.bench-agent/git/macro-benches/benchmarks/menhir/sysver.mly", line 10263, characters 8-19:
Warning: symbol cell_clause is unreachable from any of the start symbol(s).
File "/home/udesou/.bench-agent/git/macro-benches/benchmarks/menhir/sysver.mly", line 12702, characters 8-21:
Warning: symbol cell_clause_3 is unreachable from any of the start symbol(s).
File "/home/udesou/.bench-agent/git/macro-benches/benchmarks/menhir/sysver.mly", line 9485, characters 8-23:
Warning: symbol cell_identifier is unreachable from any of the start symbol(s).
File "/home/udesou/.bench-agent/git/macro-benches/benchmarks/menhir/sysver.mly", line 8817, characters 8-27:
Warning: symbol checktime_condition is unreachable from any of the start symbol(s).
File "/home/udesou/.bench-agent/git/macro-benches/benchmarks/menhir/sysver.mly", line 9081, characters 8-24:
Warning: symbol class_identifier is unreachable from any of the start symbol(s).
File "/home/udesou/.bench-agent/git/macro-benches/benchmarks/menhir/sysver.mly", line 9281, characters 8-27:
Warning: symbol clocking_identifier is unreachable from any of the start symbol(s).
File "/home/udesou/.bench-agent/git/macro-benches/benchmarks/menhir/sysver.mly", line 9878, characters 0-7:
Warning: symbol comment is unreachable from any of the start symbol(s).
File "/home/udesou/.bench-agent/git/macro-benches/benchmarks/menhir/sysver.mly", line 8267, characters 8-20:
Warning: symbol comment_text is unreachable from any of the start symbol(s).
File "/home/udesou/.bench-agent/git/macro-benches/benchmarks/menhir/sysver.mly", line 10575, characters 0-14:
Warning: symbol comment_text_2 is unreachable from any of the start symbol(s).
File "/home/udesou/.bench-agent/git/macro-benches/benchmarks/menhir/sysver.mly", line 9927, characters 8-26:
Warning: symbol config_declaration is unreachable from any of the start symbol(s).
File "/home/udesou/.bench-agent/git/macro-benches/benchmarks/menhir/sysver.mly", line 12314, characters 0-20:
Warning: symbol config_declaration_6 is unreachable from any of the start symbol(s).
File "/home/udesou/.bench-agent/git/macro-benches/benchmarks/menhir/sysver.mly", line 8023, characters 8-25:
Warning: symbol config_identifier is unreachable from any of the start symbol(s).
File "/home/udesou/.bench-agent/git/macro-benches/benchmarks/menhir/sysver.mly", line 10300, characters 0-21:
Warning: symbol config_rule_statement is unreachable from any of the start symbol(s).
File "/home/udesou/.bench-agent/git/macro-benches/benchmarks/menhir/sysver.mly", line 7936, characters 8-24:
Warning: symbol const_identifier is unreachable from any of the start symbol(s).
File "/home/udesou/.bench-agent/git/macro-benches/benchmarks/menhir/sysver.mly", line 8676, characters 8-32:
Warning: symbol constant_base_expression is unreachable from any of the start symbol(s).
File "/home/udesou/.bench-agent/git/macro-benches/benchmarks/menhir/sysver.mly", line 9777, characters 8-33:
Warning: symbol constant_param_expression is unreachable from any of the start symbol(s).
File "/home/udesou/.bench-agent/git/macro-benches/benchmarks/menhir/sysver.mly", line 8667, characters 8-29:
Warning: symbol constraint_identifier is unreachable from any of the start symbol(s).
File "/home/udesou/.bench-agent/git/macro-benches/benchmarks/menhir/sysver.mly", line 9091, characters 8-34:
Warning: symbol controlled_reference_event is unreachable from any of the start symbol(s).
File "/home/udesou/.bench-agent/git/macro-benches/benchmarks/menhir/sysver.mly", line 10125, characters 8-18:
Warning: symbol data_event is unreachable from any of the start symbol(s).
File "/home/udesou/.bench-agent/git/macro-benches/benchmarks/menhir/sysver.mly", line 9422, characters 8-30:
Warning: symbol data_source_expression is unreachable from any of the start symbol(s).
File "/home/udesou/.bench-agent/git/macro-benches/benchmarks/menhir/sysver.mly", line 563, characters 0-12:
Warning: symbol decimal_base is unreachable from any of the start symbol(s).
File "/home/udesou/.bench-agent/git/macro-benches/benchmarks/menhir/sysver.mly", line 561, characters 0-14:
Warning: symbol decimal_base_3 is unreachable from any of the start symbol(s).
File "/home/udesou/.bench-agent/git/macro-benches/benchmarks/menhir/sysver.mly", line 10286, characters 8-22:
Warning: symbol default_clause is unreachable from any of the start symbol(s).
File "/home/udesou/.bench-agent/git/macro-benches/benchmarks/menhir/sysver.mly", line 9256, characters 8-24:
Warning: symbol design_statement is unreachable from any of the start symbol(s).
File "/home/udesou/.bench-agent/git/macro-benches/benchmarks/menhir/sysver.mly", line 11537, characters 0-18:
Warning: symbol design_statement_3 is unreachable from any of the start symbol(s).
File "/home/udesou/.bench-agent/git/macro-benches/benchmarks/menhir/sysver.mly", line 11533, characters 8-28:
Warning: symbol design_statement_3_4 is unreachable from any of the start symbol(s).
File "/home/udesou/.bench-agent/git/macro-benches/benchmarks/menhir/sysver.mly", line 10211, characters 8-37:
Warning: symbol dimension_constant_expression is unreachable from any of the start symbol(s).
File "/home/udesou/.bench-agent/git/macro-benches/benchmarks/menhir/sysver.mly", line 564, characters 0-11:
Warning: symbol edge_symbol is unreachable from any of the start symbol(s).
File "/home/udesou/.bench-agent/git/macro-benches/benchmarks/menhir/sysver.mly", line 9900, characters 8-23:
Warning: symbol enable_terminal is unreachable from any of the start symbol(s).
File "/home/udesou/.bench-agent/git/macro-benches/benchmarks/menhir/sysver.mly", line 7949, characters 8-23:
Warning: symbol end_edge_offset is unreachable from any of the start symbol(s).
File "/home/udesou/.bench-agent/git/macro-benches/benchmarks/menhir/sysver.mly", line 8787, characters 8-23:
Warning: symbol enum_identifier is unreachable from any of the start symbol(s).
File "/home/udesou/.bench-agent/git/macro-benches/benchmarks/menhir/sysver.mly", line 9723, characters 8-25:
Warning: symbol error_limit_value is unreachable from any of the start symbol(s).
File "/home/udesou/.bench-agent/git/macro-benches/benchmarks/menhir/sysver.mly", line 10214, characters 8-24:
Warning: symbol event_based_flag is unreachable from any of the start symbol(s).
File "/home/udesou/.bench-agent/git/macro-benches/benchmarks/menhir/sysver.mly", line 9217, characters 8-24:
Warning: symbol event_identifier is unreachable from any of the start symbol(s).
File "/home/udesou/.bench-agent/git/macro-benches/benchmarks/menhir/sysver.mly", line 568, characters 0-3:
Warning: symbol exp is unreachable from any of the start symbol(s).
File "/home/udesou/.bench-agent/git/macro-benches/benchmarks/menhir/sysver.mly", line 9147, characters 8-19:
Warning: symbol expression1 is unreachable from any of the start symbol(s).
File "/home/udesou/.bench-agent/git/macro-benches/benchmarks/menhir/sysver.mly", line 9150, characters 8-19:
Warning: symbol expression2 is unreachable from any of the start symbol(s).
File "/home/udesou/.bench-agent/git/macro-benches/benchmarks/menhir/sysver.mly", line 9153, characters 8-19:
Warning: symbol expression3 is unreachable from any of the start symbol(s).
File "/home/udesou/.bench-agent/git/macro-benches/benchmarks/menhir/sysver.mly", line 8207, characters 8-22:
Warning: symbol file_path_spec is unreachable from any of the start symbol(s).
File "/home/udesou/.bench-agent/git/macro-benches/benchmarks/menhir/sysver.mly", line 8750, characters 8-25:
Warning: symbol formal_identifier is unreachable from any of the start symbol(s).
File "/home/udesou/.bench-agent/git/macro-benches/benchmarks/menhir/sysver.mly", line 9488, characters 8-27:
Warning: symbol function_identifier is unreachable from any of the start symbol(s).
File "/home/udesou/.bench-agent/git/macro-benches/benchmarks/menhir/sysver.mly", line 8169, characters 8-32:
Warning: symbol gate_instance_identifier is unreachable from any of the start symbol(s).
File "/home/udesou/.bench-agent/git/macro-benches/benchmarks/menhir/sysver.mly", line 7988, characters 8-33:
Warning: symbol generate_block_identifier is unreachable from any of the start symbol(s).
File "/home/udesou/.bench-agent/git/macro-benches/benchmarks/menhir/sysver.mly", line 9930, characters 8-25:
Warning: symbol genvar_identifier is unreachable from any of the start symbol(s).
File "/home/udesou/.bench-agent/git/macro-benches/benchmarks/menhir/sysver.mly", line 558, characters 0-8:
Warning: symbol hex_base is unreachable from any of the start symbol(s).
File "/home/udesou/.bench-agent/git/macro-benches/benchmarks/menhir/sysver.mly", line 567, characters 0-10:
Warning: symbol hex_base_3 is unreachable from any of the start symbol(s).
File "/home/udesou/.bench-agent/git/macro-benches/benchmarks/menhir/sysver.mly", line 569, characters 0-9:
Warning: symbol hex_digit is unreachable from any of the start symbol(s).
File "/home/udesou/.bench-agent/git/macro-benches/benchmarks/menhir/sysver.mly", line 10198, characters 8-37:
Warning: symbol hierarchical_block_identifier is unreachable from any of the start symbol(s).
File "/home/udesou/.bench-agent/git/macro-benches/benchmarks/menhir/sysver.mly", line 9016, characters 8-37:
Warning: symbol hierarchical_event_identifier is unreachable from any of the start symbol(s).
File "/home/udesou/.bench-agent/git/macro-benches/benchmarks/menhir/sysver.mly", line 9428, characters 8-40:
Warning: symbol hierarchical_function_identifier is unreachable from any of the start symbol(s).
File "/home/udesou/.bench-agent/git/macro-benches/benchmarks/menhir/sysver.mly", line 9293, characters 8-35:
Warning: symbol hierarchical_net_identifier is unreachable from any of the start symbol(s).
File "/home/udesou/.bench-agent/git/macro-benches/benchmarks/menhir/sysver.mly", line 8811, characters 8-41:
Warning: symbol hierarchical_parameter_identifier is unreachable from any of the start symbol(s).
File "/home/udesou/.bench-agent/git/macro-benches/benchmarks/menhir/sysver.mly", line 9042, characters 8-36:
Warning: symbol hierarchical_task_identifier is unreachable from any of the start symbol(s).
File "/home/udesou/.bench-agent/git/macro-benches/benchmarks/menhir/sysver.mly", line 8712, characters 8-40:
Warning: symbol hierarchical_variable_identifier is unreachable from any of the start symbol(s).
File "/home/udesou/.bench-agent/git/macro-benches/benchmarks/menhir/sysver.mly", line 8893, characters 8-25:
Warning: symbol include_statement is unreachable from any of the start symbol(s).
File "/home/udesou/.bench-agent/git/macro-benches/benchmarks/menhir/sysver.mly", line 8587, characters 8-29:
Warning: symbol inout_port_identifier is unreachable from any of the start symbol(s).
File "/home/udesou/.bench-agent/git/macro-benches/benchmarks/menhir/sysver.mly", line 8902, characters 8-22:
Warning: symbol inout_terminal is unreachable from any of the start symbol(s).
File "/home/udesou/.bench-agent/git/macro-benches/benchmarks/menhir/sysver.mly", line 10307, characters 8-29:
Warning: symbol input_port_identifier is unreachable from any of the start symbol(s).
File "/home/udesou/.bench-agent/git/macro-benches/benchmarks/menhir/sysver.mly", line 10280, characters 8-22:
Warning: symbol input_terminal is unreachable from any of the start symbol(s).
File "/home/udesou/.bench-agent/git/macro-benches/benchmarks/menhir/sysver.mly", line 7979, characters 8-19:
Warning: symbol inst_clause is unreachable from any of the start symbol(s).
File "/home/udesou/.bench-agent/git/macro-benches/benchmarks/menhir/sysver.mly", line 9909, characters 8-17:
Warning: symbol inst_name is unreachable from any of the start symbol(s).
File "/home/udesou/.bench-agent/git/macro-benches/benchmarks/menhir/sysver.mly", line 12306, characters 0-11:
Warning: symbol inst_name_3 is unreachable from any of the start symbol(s).
File "/home/udesou/.bench-agent/git/macro-benches/benchmarks/menhir/sysver.mly", line 8239, characters 8-27:
Warning: symbol instance_identifier is unreachable from any of the start symbol(s).
File "/home/udesou/.bench-agent/git/macro-benches/benchmarks/menhir/sysver.mly", line 8828, characters 8-28:
Warning: symbol interface_identifier is unreachable from any of the start symbol(s).
File "/home/udesou/.bench-agent/git/macro-benches/benchmarks/menhir/sysver.mly", line 8391, characters 8-37:
Warning: symbol interface_instance_identifier is unreachable from any of the start symbol(s).
File "/home/udesou/.bench-agent/git/macro-benches/benchmarks/menhir/sysver.mly", line 572, characters 0-12:
Warning: symbol level_symbol is unreachable from any of the start symbol(s).
File "/home/udesou/.bench-agent/git/macro-benches/benchmarks/menhir/sysver.mly", line 9501, characters 8-22:
Warning: symbol liblist_clause is unreachable from any of the start symbol(s).
File "/home/udesou/.bench-agent/git/macro-benches/benchmarks/menhir/sysver.mly", line 11790, characters 0-16:
Warning: symbol liblist_clause_3 is unreachable from any of the start symbol(s).
File "/home/udesou/.bench-agent/git/macro-benches/benchmarks/menhir/sysver.mly", line 7905, characters 8-27:
Warning: symbol library_declaration is unreachable from any of the start symbol(s).
File "/home/udesou/.bench-agent/git/macro-benches/benchmarks/menhir/sysver.mly", line 10314, characters 0-21:
Warning: symbol library_declaration_5 is unreachable from any of the start symbol(s).
File "/home/udesou/.bench-agent/git/macro-benches/benchmarks/menhir/sysver.mly", line 10322, characters 8-29:
Warning: symbol library_declaration_6 is unreachable from any of the start symbol(s).
File "/home/udesou/.bench-agent/git/macro-benches/benchmarks/menhir/sysver.mly", line 10318, characters 0-23:
Warning: symbol library_declaration_6_5 is unreachable from any of the start symbol(s).
File "/home/udesou/.bench-agent/git/macro-benches/benchmarks/menhir/sysver.mly", line 10045, characters 0-20:
Warning: symbol library_descriptions is unreachable from any of the start symbol(s).
File "/home/udesou/.bench-agent/git/macro-benches/benchmarks/menhir/sysver.mly", line 9313, characters 8-26:
Warning: symbol library_identifier is unreachable from any of the start symbol(s).
File "/home/udesou/.bench-agent/git/macro-benches/benchmarks/menhir/sysver.mly", line 9353, characters 8-20:
Warning: symbol library_text is unreachable from any of the start symbol(s).
File "/home/udesou/.bench-agent/git/macro-benches/benchmarks/menhir/sysver.mly", line 11634, characters 0-14:
Warning: symbol library_text_2 is unreachable from any of the start symbol(s).
File "/home/udesou/.bench-agent/git/macro-benches/benchmarks/menhir/sysver.mly", line 9894, characters 8-31:
Warning: symbol lsb_constant_expression is unreachable from any of the start symbol(s).
File "/home/udesou/.bench-agent/git/macro-benches/benchmarks/menhir/sysver.mly", line 8673, characters 8-25:
Warning: symbol method_identifier is unreachable from any of the start symbol(s).
File "/home/udesou/.bench-agent/git/macro-benches/benchmarks/menhir/sysver.mly", line 8899, characters 8-26:
Warning: symbol modport_identifier is unreachable from any of the start symbol(s).
File "/home/udesou/.bench-agent/git/macro-benches/benchmarks/menhir/sysver.mly", line 9078, characters 8-25:
Warning: symbol module_identifier is unreachable from any of the start symbol(s).
File "/home/udesou/.bench-agent/git/macro-benches/benchmarks/menhir/sysver.mly", line 8177, characters 8-34:
Warning: symbol module_instance_identifier is unreachable from any of the start symbol(s).
File "/home/udesou/.bench-agent/git/macro-benches/benchmarks/menhir/sysver.mly", line 10266, characters 8-31:
Warning: symbol msb_constant_expression is unreachable from any of the start symbol(s).
File "/home/udesou/.bench-agent/git/macro-benches/benchmarks/menhir/sysver.mly", line 552, characters 0-20:
Warning: symbol name_of_udp_instance is unreachable from any of the start symbol(s).
File "/home/udesou/.bench-agent/git/macro-benches/benchmarks/menhir/sysver.mly", line 7926, characters 8-25:
Warning: symbol ncontrol_terminal is unreachable from any of the start symbol(s).
File "/home/udesou/.bench-agent/git/macro-benches/benchmarks/menhir/sysver.mly", line 10028, characters 8-22:
Warning: symbol net_identifier is unreachable from any of the start symbol(s).
File "/home/udesou/.bench-agent/git/macro-benches/benchmarks/menhir/sysver.mly", line 9676, characters 8-18:
Warning: symbol notify_reg is unreachable from any of the start symbol(s).
File "/home/udesou/.bench-agent/git/macro-benches/benchmarks/menhir/sysver.mly", line 566, characters 0-10:
Warning: symbol octal_base is unreachable from any of the start symbol(s).
File "/home/udesou/.bench-agent/git/macro-benches/benchmarks/menhir/sysver.mly", line 559, characters 0-12:
Warning: symbol octal_base_3 is unreachable from any of the start symbol(s).
File "/home/udesou/.bench-agent/git/macro-benches/benchmarks/menhir/sysver.mly", line 9758, characters 8-24:
Warning: symbol one_line_comment is unreachable from any of the start symbol(s).
File "/home/udesou/.bench-agent/git/macro-benches/benchmarks/menhir/sysver.mly", line 8945, characters 8-30:
Warning: symbol output_port_identifier is unreachable from any of the start symbol(s).
File "/home/udesou/.bench-agent/git/macro-benches/benchmarks/menhir/sysver.mly", line 571, characters 0-13:
Warning: symbol output_symbol is unreachable from any of the start symbol(s).
File "/home/udesou/.bench-agent/git/macro-benches/benchmarks/menhir/sysver.mly", line 10145, characters 8-23:
Warning: symbol output_terminal is unreachable from any of the start symbol(s).
File "/home/udesou/.bench-agent/git/macro-benches/benchmarks/menhir/sysver.mly", line 8882, characters 8-28:
Warning: symbol parameter_identifier is unreachable from any of the start symbol(s).
File "/home/udesou/.bench-agent/git/macro-benches/benchmarks/menhir/sysver.mly", line 8298, characters 8-25:
Warning: symbol pcontrol_terminal is unreachable from any of the start symbol(s).
File "/home/udesou/.bench-agent/git/macro-benches/benchmarks/menhir/sysver.mly", line 9188, characters 8-23:
Warning: symbol port_identifier is unreachable from any of the start symbol(s).
File "/home/udesou/.bench-agent/git/macro-benches/benchmarks/menhir/sysver.mly", line 9110, characters 8-26:
Warning: symbol program_identifier is unreachable from any of the start symbol(s).
File "/home/udesou/.bench-agent/git/macro-benches/benchmarks/menhir/sysver.mly", line 9985, characters 8-35:
Warning: symbol program_instance_identifier is unreachable from any of the start symbol(s).
File "/home/udesou/.bench-agent/git/macro-benches/benchmarks/menhir/sysver.mly", line 9347, characters 8-27:
Warning: symbol property_identifier is unreachable from any of the start symbol(s).
File "/home/udesou/.bench-agent/git/macro-benches/benchmarks/menhir/sysver.mly", line 8398, characters 8-23:
Warning: symbol reference_event is unreachable from any of the start symbol(s).
File "/home/udesou/.bench-agent/git/macro-benches/benchmarks/menhir/sysver.mly", line 9770, characters 8-26:
Warning: symbol reject_limit_value is unreachable from any of the start symbol(s).
File "/home/udesou/.bench-agent/git/macro-benches/benchmarks/menhir/sysver.mly", line 9203, characters 8-26:
Warning: symbol remain_active_flag is unreachable from any of the start symbol(s).
File "/home/udesou/.bench-agent/git/macro-benches/benchmarks/menhir/sysver.mly", line 8382, characters 8-23:
Warning: symbol sequence_abbrev is unreachable from any of the start symbol(s).
File "/home/udesou/.bench-agent/git/macro-benches/benchmarks/menhir/sysver.mly", line 10103, characters 8-27:
Warning: symbol sequence_identifier is unreachable from any of the start symbol(s).
File "/home/udesou/.bench-agent/git/macro-benches/benchmarks/menhir/sysver.mly", line 9937, characters 8-25:
Warning: symbol signal_identifier is unreachable from any of the start symbol(s).
File "/home/udesou/.bench-agent/git/macro-benches/benchmarks/menhir/sysver.mly", line 554, characters 0-17:
Warning: symbol simple_identifier is unreachable from any of the start symbol(s).
File "/home/udesou/.bench-agent/git/macro-benches/benchmarks/menhir/sysver.mly", line 9872, characters 8-12:
Warning: symbol size is unreachable from any of the start symbol(s).
File "/home/udesou/.bench-agent/git/macro-benches/benchmarks/menhir/sysver.mly", line 7985, characters 8-28:
Warning: symbol specparam_identifier is unreachable from any of the start symbol(s).
File "/home/udesou/.bench-agent/git/macro-benches/benchmarks/menhir/sysver.mly", line 9622, characters 8-27:
Warning: symbol stamptime_condition is unreachable from any of the start symbol(s).
File "/home/udesou/.bench-agent/git/macro-benches/benchmarks/menhir/sysver.mly", line 8885, characters 8-25:
Warning: symbol start_edge_offset is unreachable from any of the start symbol(s).
File "/home/udesou/.bench-agent/git/macro-benches/benchmarks/menhir/sysver.mly", line 556, characters 0-26:
Warning: symbol system_function_identifier is unreachable from any of the start symbol(s).
File "/home/udesou/.bench-agent/git/macro-benches/benchmarks/menhir/sysver.mly", line 562, characters 0-22:
Warning: symbol system_task_identifier is unreachable from any of the start symbol(s).
File "/home/udesou/.bench-agent/git/macro-benches/benchmarks/menhir/sysver.mly", line 8094, characters 8-33:
Warning: symbol t01_path_delay_expression is unreachable from any of the start symbol(s).
File "/home/udesou/.bench-agent/git/macro-benches/benchmarks/menhir/sysver.mly", line 8443, characters 8-33:
Warning: symbol t0x_path_delay_expression is unreachable from any of the start symbol(s).
File "/home/udesou/.bench-agent/git/macro-benches/benchmarks/menhir/sysver.mly", line 9253, characters 8-33:
Warning: symbol t0z_path_delay_expression is unreachable from any of the start symbol(s).
File "/home/udesou/.bench-agent/git/macro-benches/benchmarks/menhir/sysver.mly", line 10100, characters 8-33:
Warning: symbol t10_path_delay_expression is unreachable from any of the start symbol(s).
File "/home/udesou/.bench-agent/git/macro-benches/benchmarks/menhir/sysver.mly", line 8422, characters 8-33:
Warning: symbol t1x_path_delay_expression is unreachable from any of the start symbol(s).
File "/home/udesou/.bench-agent/git/macro-benches/benchmarks/menhir/sysver.mly", line 9244, characters 8-33:
Warning: symbol t1z_path_delay_expression is unreachable from any of the start symbol(s).
File "/home/udesou/.bench-agent/git/macro-benches/benchmarks/menhir/sysver.mly", line 9548, characters 8-31:
Warning: symbol t_path_delay_expression is unreachable from any of the start symbol(s).
File "/home/udesou/.bench-agent/git/macro-benches/benchmarks/menhir/sysver.mly", line 8540, characters 8-23:
Warning: symbol task_identifier is unreachable from any of the start symbol(s).
File "/home/udesou/.bench-agent/git/macro-benches/benchmarks/menhir/sysver.mly", line 8437, characters 8-27:
Warning: symbol terminal_identifier is unreachable from any of the start symbol(s).
File "/home/udesou/.bench-agent/git/macro-benches/benchmarks/menhir/sysver.mly", line 8365, characters 8-29:
Warning: symbol text_macro_identifier is unreachable from any of the start symbol(s).
File "/home/udesou/.bench-agent/git/macro-benches/benchmarks/menhir/sysver.mly", line 9059, characters 8-35:
Warning: symbol tfall_path_delay_expression is unreachable from any of the start symbol(s).
File "/home/udesou/.bench-agent/git/macro-benches/benchmarks/menhir/sysver.mly", line 8802, characters 8-17:
Warning: symbol threshold is unreachable from any of the start symbol(s).
File "/home/udesou/.bench-agent/git/macro-benches/benchmarks/menhir/sysver.mly", line 557, characters 0-9:
Warning: symbol time_unit is unreachable from any of the start symbol(s).
File "/home/udesou/.bench-agent/git/macro-benches/benchmarks/menhir/sysver.mly", line 8936, characters 8-26:
Warning: symbol timing_check_limit is unreachable from any of the start symbol(s).
File "/home/udesou/.bench-agent/git/macro-benches/benchmarks/menhir/sysver.mly", line 9764, characters 8-28:
Warning: symbol topmodule_identifier is unreachable from any of the start symbol(s).
File "/home/udesou/.bench-agent/git/macro-benches/benchmarks/menhir/sysver.mly", line 8097, characters 8-35:
Warning: symbol trise_path_delay_expression is unreachable from any of the start symbol(s).
File "/home/udesou/.bench-agent/git/macro-benches/benchmarks/menhir/sysver.mly", line 10056, characters 8-33:
Warning: symbol tx0_path_delay_expression is unreachable from any of the start symbol(s).
File "/home/udesou/.bench-agent/git/macro-benches/benchmarks/menhir/sysver.mly", line 8029, characters 8-33:
Warning: symbol tx1_path_delay_expression is unreachable from any of the start symbol(s).
File "/home/udesou/.bench-agent/git/macro-benches/benchmarks/menhir/sysver.mly", line 9191, characters 8-33:
Warning: symbol txz_path_delay_expression is unreachable from any of the start symbol(s).
File "/home/udesou/.bench-agent/git/macro-benches/benchmarks/menhir/sysver.mly", line 9495, characters 8-23:
Warning: symbol type_identifier is unreachable from any of the start symbol(s).
File "/home/udesou/.bench-agent/git/macro-benches/benchmarks/menhir/sysver.mly", line 9959, characters 8-33:
Warning: symbol tz0_path_delay_expression is unreachable from any of the start symbol(s).
File "/home/udesou/.bench-agent/git/macro-benches/benchmarks/menhir/sysver.mly", line 7963, characters 8-33:
Warning: symbol tz1_path_delay_expression is unreachable from any of the start symbol(s).
File "/home/udesou/.bench-agent/git/macro-benches/benchmarks/menhir/sysver.mly", line 9344, characters 8-32:
Warning: symbol tz_path_delay_expression is unreachable from any of the start symbol(s).
File "/home/udesou/.bench-agent/git/macro-benches/benchmarks/menhir/sysver.mly", line 8318, characters 8-33:
Warning: symbol tzx_path_delay_expression is unreachable from any of the start symbol(s).
File "/home/udesou/.bench-agent/git/macro-benches/benchmarks/menhir/sysver.mly", line 8037, characters 0-16:
Warning: symbol udp_declaration2 is unreachable from any of the start symbol(s).
File "/home/udesou/.bench-agent/git/macro-benches/benchmarks/menhir/sysver.mly", line 10415, characters 0-19:
Warning: symbol udp_declaration2_10 is unreachable from any of the start symbol(s).
File "/home/udesou/.bench-agent/git/macro-benches/benchmarks/menhir/sysver.mly", line 8605, characters 8-22:
Warning: symbol udp_identifier is unreachable from any of the start symbol(s).
File "/home/udesou/.bench-agent/git/macro-benches/benchmarks/menhir/sysver.mly", line 8670, characters 8-31:
Warning: symbol udp_instance_identifier is unreachable from any of the start symbol(s).
File "/home/udesou/.bench-agent/git/macro-benches/benchmarks/menhir/sysver.mly", line 553, characters 0-15:
Warning: symbol unsigned_number is unreachable from any of the start symbol(s).
File "/home/udesou/.bench-agent/git/macro-benches/benchmarks/menhir/sysver.mly", line 8446, characters 8-18:
Warning: symbol use_clause is unreachable from any of the start symbol(s).
File "/home/udesou/.bench-agent/git/macro-benches/benchmarks/menhir/sysver.mly", line 10739, characters 8-20:
Warning: symbol use_clause_3 is unreachable from any of the start symbol(s).
File "/home/udesou/.bench-agent/git/macro-benches/benchmarks/menhir/sysver.mly", line 10743, characters 8-20:
Warning: symbol use_clause_5 is unreachable from any of the start symbol(s).
File "/home/udesou/.bench-agent/git/macro-benches/benchmarks/menhir/sysver.mly", line 7966, characters 8-33:
Warning: symbol width_constant_expression is unreachable from any of the start symbol(s).
File "/home/udesou/.bench-agent/git/macro-benches/benchmarks/menhir/sysver.mly", line 573, characters 0-7:
Warning: symbol x_digit is unreachable from any of the start symbol(s).
File "/home/udesou/.bench-agent/git/macro-benches/benchmarks/menhir/sysver.mly", line 570, characters 0-7:
Warning: symbol z_digit is unreachable from any of the start symbol(s).
File "/home/udesou/.bench-agent/git/macro-benches/benchmarks/menhir/sysver.mly", line 560, characters 0-6:
Warning: symbol z_or_x is unreachable from any of the start symbol(s).
Warning: 10557 states have shift/reduce conflicts.
Warning: 9090 states have reduce/reduce conflicts.
Warning: 38665 shift/reduce conflicts were arbitrarily resolved.
Warning: 133727 reduce/reduce conflicts were arbitrarily resolved.
Warning: 1183 end-of-stream conflicts were arbitrarily resolved.
File "/home/udesou/.bench-agent/git/macro-benches/benchmarks/menhir/sysver.mly", line 11593, characters 31-31:
Warning: production class_scope_type_identifier_9 -> is never reduced.
File "/home/udesou/.bench-agent/git/macro-benches/benchmarks/menhir/sysver.mly", line 8251, characters 3-21:
Warning: production constant_primary -> identifier is never reduced.
File "/home/udesou/.bench-agent/git/macro-benches/benchmarks/menhir/sysver.mly", line 8253, characters 3-21:
Warning: production constant_primary -> identifier is never reduced.
File "/home/udesou/.bench-agent/git/macro-benches/benchmarks/menhir/sysver.mly", line 8254, characters 3-21:
Warning: production constant_primary -> identifier is never reduced.
File "/home/udesou/.bench-agent/git/macro-benches/benchmarks/menhir/sysver.mly", line 8322, characters 3-51:
Warning: production disable_statement -> DISABLE hierarchical_identifier SEMICOLON is never reduced.
File "/home/udesou/.bench-agent/git/macro-benches/benchmarks/menhir/sysver.mly", line 10491, characters 17-17:
Warning: production dpi_dimension_4 -> is never reduced.
File "/home/udesou/.bench-agent/git/macro-benches/benchmarks/menhir/sysver.mly", line 10277, characters 3-121:
Warning: production dpi_function_proto -> function_data_type identifier LPAREN RPAREN is never reduced.
File "/home/udesou/.bench-agent/git/macro-benches/benchmarks/menhir/sysver.mly", line 10277, characters 3-121:
Warning: production dpi_function_proto -> signing function_data_type identifier LPAREN RPAREN is never reduced.
File "/home/udesou/.bench-agent/git/macro-benches/benchmarks/menhir/sysver.mly", line 12727, characters 3-81:
Warning: production escaped_hierarchical_identifier_3 -> escaped_hierarchical_identifier_3 DOT SIMPLE_IDENTIFIER simple_hierarchical_branch_3 is never reduced.
File "/home/udesou/.bench-agent/git/macro-benches/benchmarks/menhir/sysver.mly", line 12728, characters 3-41:
Warning: production escaped_hierarchical_identifier_3 -> DOT BACKSLASH TOKEN_ANY_ASCII white_space escaped_hierarchical_branch_3 is never reduced.
File "/home/udesou/.bench-agent/git/macro-benches/benchmarks/menhir/sysver.mly", line 12686, characters 33-33:
Warning: production function_if_else_if_statement_8 -> is never reduced.
File "/home/udesou/.bench-agent/git/macro-benches/benchmarks/menhir/sysver.mly", line 12687, characters 3-157:
Warning: production function_if_else_if_statement_8 -> function_if_else_if_statement_8 ELSE IF LPAREN expression RPAREN function_statement_or_null is never reduced.
File "/home/udesou/.bench-agent/git/macro-benches/benchmarks/menhir/sysver.mly", line 12687, characters 3-157:
Warning: production function_if_else_if_statement_8 -> function_if_else_if_statement_8 ELSE unique_priority IF LPAREN expression RPAREN function_statement_or_null is never reduced.
File "/home/udesou/.bench-agent/git/macro-benches/benchmarks/menhir/sysver.mly", line 12262, characters 24-24:
Warning: production if_else_if_statement_8 -> is never reduced.
File "/home/udesou/.bench-agent/git/macro-benches/benchmarks/menhir/sysver.mly", line 12263, characters 3-130:
Warning: production if_else_if_statement_8 -> if_else_if_statement_8 ELSE IF LPAREN expression RPAREN statement_or_null is never reduced.
File "/home/udesou/.bench-agent/git/macro-benches/benchmarks/menhir/sysver.mly", line 12263, characters 3-130:
Warning: production if_else_if_statement_8 -> if_else_if_statement_8 ELSE unique_priority IF LPAREN expression RPAREN statement_or_null is never reduced.
File "/home/udesou/.bench-agent/git/macro-benches/benchmarks/menhir/sysver.mly", line 9933, characters 24-54:
Warning: production implicit_class_handle -> is never reduced.
File "/home/udesou/.bench-agent/git/macro-benches/benchmarks/menhir/sysver.mly", line 9934, characters 3-33:
Warning: production implicit_class_handle -> is never reduced.
File "/home/udesou/.bench-agent/git/macro-benches/benchmarks/menhir/sysver.mly", line 9827, characters 3-20:
Warning: production input_identifier -> identifier is never reduced.
File "/home/udesou/.bench-agent/git/macro-benches/benchmarks/menhir/sysver.mly", line 9440, characters 3-33:
Warning: production module_path_primary -> identifier is never reduced.
File "/home/udesou/.bench-agent/git/macro-benches/benchmarks/menhir/sysver.mly", line 8315, characters 3-20:
Warning: production output_identifier -> identifier is never reduced.
File "/home/udesou/.bench-agent/git/macro-benches/benchmarks/menhir/sysver.mly", line 11710, characters 18-18:
Warning: production sequence_expr_17 -> is never reduced.
File "/home/udesou/.bench-agent/git/macro-benches/benchmarks/menhir/sysver.mly", line 549, characters 7-25:
Warning: production start -> source_text_3 is never reduced.
File "/home/udesou/.bench-agent/git/macro-benches/benchmarks/menhir/sysver.mly", line 549, characters 7-25:
Warning: production start -> timeunits_declaration source_text_3 is never reduced.
File "/home/udesou/.bench-agent/git/macro-benches/benchmarks/menhir/sysver.mly", line 8416, characters 3-22:
Warning: production statement_item -> hierarchical_identifier SEMICOLON is never reduced.
File "/home/udesou/.bench-agent/git/macro-benches/benchmarks/menhir/sysver.mly", line 8416, characters 3-22:
Warning: production statement_item -> hierarchical_identifier LPAREN list_of_arguments RPAREN SEMICOLON is never reduced.
File "/home/udesou/.bench-agent/git/macro-benches/benchmarks/menhir/sysver.mly", line 8664, characters 3-20:
Warning: production struct_member_label -> identifier is never reduced.
File "/home/udesou/.bench-agent/git/macro-benches/benchmarks/menhir/sysver.mly", line 9634, characters 3-20:
Warning: production task_or_function_identifier -> identifier is never reduced.
File "/home/udesou/.bench-agent/git/macro-benches/benchmarks/menhir/sysver.mly", line 10119, characters 3-10:
Warning: production tf_data_type -> CHANDLE is never reduced.
Warning: in total, 29 productions are never reduced.
*****
{
  "olly": {
    "version": 2,
    "wall_time": 259.56,
    "cpu_time": 259.56,
    "gc_time": 18.51,
    "gc_overhead": 7.13,
    "max_rss_kb": 4068104,
    "domain_stats": {
      "0": {
        "wall_time": 259.56,
        "gc_time": 18.51,
        "gc_overhead": 7.13
      }
    },
    "mean_latency": 0.012494,
    "stddev_latency": 0.290879,
    "min_latency": 0.0,
    "max_latency": 269.484031,
    "distr_latency": {
      "25.0000": 0.000911,
      "50.0000": 0.001863,
      "60.0000": 0.001959,
      "70.0000": 0.002335,
      "75.0000": 0.002415,
      "80.0000": 0.002495,
      "85.0000": 0.002671,
      "90.0000": 0.008599,
      "95.0000": 0.010647,
      "96.0000": 0.011159,
      "97.0000": 0.017423,
      "98.0000": 0.073471,
      "99.0000": 0.373759,
      "99.9000": 1.571839,
      "99.9900": 1.896447,
      "99.9990": 3.766271,
      "99.9999": 120.389631,
      "100.0000": 269.484031
    },
    "outliers": {
      "count": 0,
      "mean_latency": 0.0,
      "max_latency": 0.0
    },
    "allocations": {
      "total_heap": 97040642771,
      "minor_heap": 96871940209,
      "major_heap": 918059386,
      "promoted_words": 749356824,
      "promoted_pct": 0.77
    },
    "domain_alloc_stats": {
      "0": {
        "total": 97040642771,
        "minor": 96871940209,
        "promoted": 749356824,
        "major": 918059386,
        "promoted_pct": 0.77
      }
    },
    "collections": {
      "minor": 739118,
      "major": 30,
      "forced_major": 0,
      "compactions": 0
    },
    "stats_reliable": true
  },
  "perf": [
    {
      "counter-value": "259125.370370",
      "unit": "msec",
      "event": "task-clock",
      "event-runtime": 259125370370,
      "pcnt-running": 100.0,
      "metric-value": "0.995637",
      "metric-unit": "CPUs utilized"
    },
    {
      "counter-value": "1110229.000000",
      "unit": "",
      "event": "page-faults",
      "event-runtime": 259125366445,
      "pcnt-running": 100.0,
      "metric-value": "4.284525",
      "metric-unit": "K/sec"
    },
    {
      "counter-value": "855087697117.000000",
      "unit": "",
      "event": "cycles",
      "event-runtime": 259125364219,
      "pcnt-running": 100.0,
      "metric-value": "3.299900",
      "metric-unit": "GHz"
    },
    {
      "counter-value": "1793856026413.000000",
      "unit": "",
      "event": "instructions",
      "event-runtime": 259125358213,
      "pcnt-running": 100.0,
      "metric-value": "2.097862",
      "metric-unit": "insn per cycle"
    }
  ]
}
-----
mkdir -p PLOTTY_WORKAROUND; timedrun; OCAMLRUNPARAM="s=131072,o=120,e=25,d=2" /home/udesou/.bench-agent/git/macro-benches/benchmarks/menhir/menhir_sysver_canonical-ocaml-5.5.0-f523850-fp --canonical --table /home/udesou/.bench-agent/git/macro-benches/benchmarks/menhir/sysver.mly
running-ng v0.3.8
Thu Sep  3 07:24:38 PM UTC 2026

 19:24:38 up 3 days, 11:56,  2 users,  load average: 1.01, 1.02, 1.00
USER     TTY      FROM             LOGIN@   IDLE   JCPU   PCPU  WHAT

procs -----------memory---------- ---swap-- -----io---- -system-- -------cpu-------
 r  b   swpd   free   buff  cache   si   so    bi    bo   in   cs us sy id wa st gu
 0  1   1024 27717580 2325488 34407812    0    0    21   442 1888    3  5  0 89  6  0  0
 0  1   1024 27725608 2325488 34407392    0    0     0     0 1691 3096  0  0 88 12  0  0

top - 19:24:40 up 3 days, 11:56,  2 users,  load average: 1.01, 1.02, 1.00
Tasks: 276 total,   1 running, 275 sleeping,   0 stopped,   0 zombie
%Cpu(s):  0.0 us,  0.0 sy,  0.0 ni, 88.4 id, 11.6 wa,  0.0 hi,  0.0 si,  0.0 st 
MiB Mem :  64272.5 total,  27075.3 free,   2048.6 used,  35872.0 buff/cache     
MiB Swap:   8192.0 total,   8191.0 free,      1.0 used.  62223.9 avail Mem 

    PID USER      PR  NI    VIRT    RES    SHR S  %CPU  %MEM     TIME+ COMMAND
 473995 udesou    20   0   11908   5720   3564 R   9.1   0.0   0:00.01 top -bcn 1 -w512
      1 root      20   0   22736  14164   9620 S   0.0   0.0   2:10.18 /usr/lib/systemd/systemd --system --deserialize=91
      2 root      20   0       0      0      0 S   0.0   0.0   0:00.04 [kthreadd]
      3 root      20   0       0      0      0 S   0.0   0.0   0:00.00 [pool_workqueue_release]
      4 root       0 -20       0      0      0 I   0.0   0.0   0:00.00 [kworker/R-rcu_g]

Environment variables: 
	CAML_LD_LIBRARY_PATH=/home/udesou/ocaml-bench-service/_opam/lib/stublibs:/home/udesou/ocaml-bench-service/_opam/lib/ocaml/stublibs:/home/udesou/ocaml-bench-service/_opam/lib/ocaml
	CONFIG_FILE=/home/udesou/.bench-agent/work/run-20260903-001-e1/run-20260903-001.yml
	HOME=/home/udesou
	LANG=en_US.UTF-8
	LOGNAME=udesou
	LOG_DIR=/home/udesou/.bench-agent/logs
	MANPATH=:/home/udesou/ocaml-bench-service/_opam/man
	OCAMLTOP_INCLUDE_PATH=/home/udesou/ocaml-bench-service/_opam/lib/toplevel
	OCAML_TOPLEVEL_PATH=/home/udesou/ocaml-bench-service/_opam/lib/toplevel
	OLLY_DIR=/home/udesou/.bench-agent/git/olly
	OPAMSWITCH=/home/udesou/ocaml-bench-service
	OPAM_LAST_ENV=/home/udesou/.opam/.last-env/env-5c215a2b0e39ccf869c777f01343de63-0
	OPAM_SWITCH_PREFIX=/home/udesou/ocaml-bench-service/_opam
	PATH=/usr/local/bin:/home/udesou/.bench-agent/git/olly/_build/install/default/bin:/home/udesou/ocaml-bench-service/_opam/bin:/home/udesou/ocaml-bench-service/_opam/bin:/home/udesou/.vscode-server/data/User/globalStorage/github.copilot-chat/debugCommand:/home/udesou/.vscode-server/data/User/globalStorage/github.copilot-chat/copilotCli:/home/udesou/.vscode-server/cli/servers/Stable-08d4889f9ec4a1685d257b9b95de036c8e1ce1e5/server/bin/remote-cli:/home/udesou/.opam/running-ng-ocaml-5.2.1/bin:/home/udesou/.local/bin:/home/udesou/.opam/running-ng-ocaml-5.2.1/bin:/home/udesou/.local/bin:/usr/local/sbin:/usr/local/bin:/usr/sbin:/usr/bin:/sbin:/bin:/usr/games:/usr/local/games:/snap/bin:/home/udesou/.vscode-server/extensions/ms-python.debugpy-2026.6.0-linux-x64/bundled/scripts/noConfigScripts
	PWD=/home/udesou/ocaml-bench-service
	PYTHONPATH=/home/udesou/.bench-agent/git/running-ng/src
	RUNNING_BENCH_DIR=/home/udesou/.bench-agent/git/macro-benches
	RUNNING_MACRO_BENCH_DIR=/home/udesou/.bench-agent/git/macro-benches
	RUNNING_NG_PACKAGE_DATA=/home/udesou/.bench-agent/git/running-ng/src/running/config
	RUNNING_REUSE_SWITCHES=1
	RUNNING_TAG=default_run,large_run
	SHELL=/bin/bash
	SHLVL=1
	TERM=screen.xterm-256color
	USER=udesou
	_=/usr/bin/python3
OS: Linux obelisk 6.8.0-138-generic #138-Ubuntu SMP PREEMPT_DYNAMIC Fri Jul 31 22:41:49 UTC 2026 x86_64 x86_64 x86_64 GNU/Linux
CPU: model name	: Intel(R) Xeon(R) CPU E5-2667 v2 @ 3.30GHz
number of cores: 8
Frequency of cpu 0: 3.30 GHz
Governor of cpu 0: performance
Scaling_min_freq of cpu 0: 1.20 GHz
Frequency of cpu 2: 3.30 GHz
Governor of cpu 2: performance
Scaling_min_freq of cpu 2: 1.20 GHz
Frequency of cpu 4: 3.30 GHz
Governor of cpu 4: performance
Scaling_min_freq of cpu 4: 1.20 GHz
Frequency of cpu 6: 3.30 GHz
Governor of cpu 6: performance
Scaling_min_freq of cpu 6: 1.20 GHz
File "/home/udesou/.bench-agent/git/macro-benches/benchmarks/menhir/sysver.mly", line 459, characters 8-19:
Warning: the token ALTERNATIVE is unused.
File "/home/udesou/.bench-agent/git/macro-benches/benchmarks/menhir/sysver.mly", line 429, characters 15-17:
Warning: the token AS is unused.
File "/home/udesou/.bench-agent/git/macro-benches/benchmarks/menhir/sysver.mly", line 430, characters 16-22:
Warning: the token ASCNUM is unused.
File "/home/udesou/.bench-agent/git/macro-benches/benchmarks/menhir/sysver.mly", line 460, characters 8-18:
Warning: the token ASSIGNMENT is unused.
File "/home/udesou/.bench-agent/git/macro-benches/benchmarks/menhir/sysver.mly", line 461, characters 8-13:
Warning: the token BIDIR is unused.
File "/home/udesou/.bench-agent/git/macro-benches/benchmarks/menhir/sysver.mly", line 462, characters 16-22:
Warning: the token BINNUM is unused.
File "/home/udesou/.bench-agent/git/macro-benches/benchmarks/menhir/sysver.mly", line 463, characters 8-14:
Warning: the token BITSEL is unused.
File "/home/udesou/.bench-agent/git/macro-benches/benchmarks/menhir/sysver.mly", line 266, characters 7-11:
Warning: the token BOLD is unused.
File "/home/udesou/.bench-agent/git/macro-benches/benchmarks/menhir/sysver.mly", line 464, characters 8-16:
Warning: the token CASECOND is unused.
File "/home/udesou/.bench-agent/git/macro-benches/benchmarks/menhir/sysver.mly", line 465, characters 8-15:
Warning: the token CELLPIN is unused.
File "/home/udesou/.bench-agent/git/macro-benches/benchmarks/menhir/sysver.mly", line 431, characters 14-18:
Warning: the token CHAR is unused.
File "/home/udesou/.bench-agent/git/macro-benches/benchmarks/menhir/sysver.mly", line 466, characters 8-14:
Warning: the token CONCAT is unused.
File "/home/udesou/.bench-agent/git/macro-benches/benchmarks/menhir/sysver.mly", line 202, characters 7-16:
Warning: the token COUNTONES is unused.
File "/home/udesou/.bench-agent/git/macro-benches/benchmarks/menhir/sysver.mly", line 468, characters 16-22:
Warning: the token DECNUM is unused.
File "/home/udesou/.bench-agent/git/macro-benches/benchmarks/menhir/sysver.mly", line 443, characters 87-94:
Warning: the token DECUPLE is unused.
File "/home/udesou/.bench-agent/git/macro-benches/benchmarks/menhir/sysver.mly", line 469, characters 8-21:
Warning: the token DLYASSIGNMENT is unused.
File "/home/udesou/.bench-agent/git/macro-benches/benchmarks/menhir/sysver.mly", line 470, characters 20-26:
Warning: the token DOTTED is unused.
File "/home/udesou/.bench-agent/git/macro-benches/benchmarks/menhir/sysver.mly", line 435, characters 23-29:
Warning: the token DOUBLE is unused.
File "/home/udesou/.bench-agent/git/macro-benches/benchmarks/menhir/sysver.mly", line 472, characters 8-14:
Warning: the token DRIVER is unused.
File "/home/udesou/.bench-agent/git/macro-benches/benchmarks/menhir/sysver.mly", line 445, characters 103-113:
Warning: the token DUODECUPLE is unused.
File "/home/udesou/.bench-agent/git/macro-benches/benchmarks/menhir/sysver.mly", line 455, characters 183-195:
Warning: the token DUOVIGENUPLE is unused.
File "/home/udesou/.bench-agent/git/macro-benches/benchmarks/menhir/sysver.mly", line 315, characters 7-18:
Warning: the token D_ATTRIBUTE is unused.
File "/home/udesou/.bench-agent/git/macro-benches/benchmarks/menhir/sysver.mly", line 96, characters 7-13:
Warning: the token D_BITS is unused.
File "/home/udesou/.bench-agent/git/macro-benches/benchmarks/menhir/sysver.mly", line 467, characters 8-11:
Warning: the token D_C is unused.
File "/home/udesou/.bench-agent/git/macro-benches/benchmarks/menhir/sysver.mly", line 4, characters 7-14:
Warning: the token D_CLOG2 is unused.
File "/home/udesou/.bench-agent/git/macro-benches/benchmarks/menhir/sysver.mly", line 167, characters 7-21:
Warning: the token D_COUNTDRIVERS is unused.
File "/home/udesou/.bench-agent/git/macro-benches/benchmarks/menhir/sysver.mly", line 265, characters 7-18:
Warning: the token D_COUNTONES is unused.
File "/home/udesou/.bench-agent/git/macro-benches/benchmarks/menhir/sysver.mly", line 197, characters 7-16:
Warning: the token D_DISPLAY is unused.
File "/home/udesou/.bench-agent/git/macro-benches/benchmarks/menhir/sysver.mly", line 412, characters 7-14:
Warning: the token D_ERROR is unused.
File "/home/udesou/.bench-agent/git/macro-benches/benchmarks/menhir/sysver.mly", line 138, characters 7-14:
Warning: the token D_FATAL is unused.
File "/home/udesou/.bench-agent/git/macro-benches/benchmarks/menhir/sysver.mly", line 170, characters 7-15:
Warning: the token D_FCLOSE is unused.
File "/home/udesou/.bench-agent/git/macro-benches/benchmarks/menhir/sysver.mly", line 348, characters 7-17:
Warning: the token D_FDISPLAY is unused.
File "/home/udesou/.bench-agent/git/macro-benches/benchmarks/menhir/sysver.mly", line 147, characters 7-13:
Warning: the token D_FEOF is unused.
File "/home/udesou/.bench-agent/git/macro-benches/benchmarks/menhir/sysver.mly", line 17, characters 7-15:
Warning: the token D_FFLUSH is unused.
File "/home/udesou/.bench-agent/git/macro-benches/benchmarks/menhir/sysver.mly", line 128, characters 7-14:
Warning: the token D_FGETC is unused.
File "/home/udesou/.bench-agent/git/macro-benches/benchmarks/menhir/sysver.mly", line 155, characters 7-14:
Warning: the token D_FGETS is unused.
File "/home/udesou/.bench-agent/git/macro-benches/benchmarks/menhir/sysver.mly", line 387, characters 7-15:
Warning: the token D_FINISH is unused.
File "/home/udesou/.bench-agent/git/macro-benches/benchmarks/menhir/sysver.mly", line 23, characters 7-14:
Warning: the token D_FOPEN is unused.
File "/home/udesou/.bench-agent/git/macro-benches/benchmarks/menhir/sysver.mly", line 78, characters 7-15:
Warning: the token D_FSCANF is unused.
File "/home/udesou/.bench-agent/git/macro-benches/benchmarks/menhir/sysver.mly", line 26, characters 7-15:
Warning: the token D_FWRITE is unused.
File "/home/udesou/.bench-agent/git/macro-benches/benchmarks/menhir/sysver.mly", line 408, characters 7-16:
Warning: the token D_FWRITEH is unused.
File "/home/udesou/.bench-agent/git/macro-benches/benchmarks/menhir/sysver.mly", line 329, characters 7-13:
Warning: the token D_INFO is unused.
File "/home/udesou/.bench-agent/git/macro-benches/benchmarks/menhir/sysver.mly", line 275, characters 7-18:
Warning: the token D_ISUNKNOWN is unused.
File "/home/udesou/.bench-agent/git/macro-benches/benchmarks/menhir/sysver.mly", line 76, characters 7-16:
Warning: the token D_MONITOR is unused.
File "/home/udesou/.bench-agent/git/macro-benches/benchmarks/menhir/sysver.mly", line 345, characters 7-15:
Warning: the token D_ONEHOT is unused.
File "/home/udesou/.bench-agent/git/macro-benches/benchmarks/menhir/sysver.mly", line 230, characters 7-16:
Warning: the token D_ONEHOT0 is unused.
File "/home/udesou/.bench-agent/git/macro-benches/benchmarks/menhir/sysver.mly", line 471, characters 8-16:
Warning: the token D_RANDOM is unused.
File "/home/udesou/.bench-agent/git/macro-benches/benchmarks/menhir/sysver.mly", line 5, characters 7-17:
Warning: the token D_READMEMB is unused.
File "/home/udesou/.bench-agent/git/macro-benches/benchmarks/menhir/sysver.mly", line 11, characters 7-17:
Warning: the token D_READMEMH is unused.
File "/home/udesou/.bench-agent/git/macro-benches/benchmarks/menhir/sysver.mly", line 313, characters 7-17:
Warning: the token D_REALTIME is unused.
File "/home/udesou/.bench-agent/git/macro-benches/benchmarks/menhir/sysver.mly", line 323, characters 7-15:
Warning: the token D_SIGNED is unused.
File "/home/udesou/.bench-agent/git/macro-benches/benchmarks/menhir/sysver.mly", line 249, characters 7-15:
Warning: the token D_SSCANF is unused.
File "/home/udesou/.bench-agent/git/macro-benches/benchmarks/menhir/sysver.mly", line 473, characters 8-15:
Warning: the token D_STIME is unused.
File "/home/udesou/.bench-agent/git/macro-benches/benchmarks/menhir/sysver.mly", line 354, characters 7-13:
Warning: the token D_STOP is unused.
File "/home/udesou/.bench-agent/git/macro-benches/benchmarks/menhir/sysver.mly", line 113, characters 7-22:
Warning: the token D_TEST_PLUSARGS is unused.
File "/home/udesou/.bench-agent/git/macro-benches/benchmarks/menhir/sysver.mly", line 390, characters 7-13:
Warning: the token D_TIME is unused.
File "/home/udesou/.bench-agent/git/macro-benches/benchmarks/menhir/sysver.mly", line 247, characters 7-17:
Warning: the token D_UNSIGNED is unused.
File "/home/udesou/.bench-agent/git/macro-benches/benchmarks/menhir/sysver.mly", line 366, characters 7-16:
Warning: the token D_WARNING is unused.
File "/home/udesou/.bench-agent/git/macro-benches/benchmarks/menhir/sysver.mly", line 337, characters 7-14:
Warning: the token D_WRITE is unused.
File "/home/udesou/.bench-agent/git/macro-benches/benchmarks/menhir/sysver.mly", line 61, characters 7-12:
Warning: the token EMPTY is unused.
File "/home/udesou/.bench-agent/git/macro-benches/benchmarks/menhir/sysver.mly", line 474, characters 8-16:
Warning: the token ENDLABEL is unused.
File "/home/udesou/.bench-agent/git/macro-benches/benchmarks/menhir/sysver.mly", line 475, characters 8-17:
Warning: the token ENDOFFILE is unused.
File "/home/udesou/.bench-agent/git/macro-benches/benchmarks/menhir/sysver.mly", line 476, characters 15-23:
Warning: the token FLOATNUM is unused.
File "/home/udesou/.bench-agent/git/macro-benches/benchmarks/menhir/sysver.mly", line 428, characters 15-17:
Warning: the token FS is unused.
File "/home/udesou/.bench-agent/git/macro-benches/benchmarks/menhir/sysver.mly", line 477, characters 8-29:
Warning: the token FULLSKEW_TIMING_CHECK is unused.
File "/home/udesou/.bench-agent/git/macro-benches/benchmarks/menhir/sysver.mly", line 478, characters 8-15:
Warning: the token FUNCREF is unused.
File "/home/udesou/.bench-agent/git/macro-benches/benchmarks/menhir/sysver.mly", line 479, characters 8-16:
Warning: the token FUNCUSED is unused.
File "/home/udesou/.bench-agent/git/macro-benches/benchmarks/menhir/sysver.mly", line 480, characters 8-15:
Warning: the token GENCASE is unused.
File "/home/udesou/.bench-agent/git/macro-benches/benchmarks/menhir/sysver.mly", line 481, characters 8-19:
Warning: the token GENCASECOND is unused.
File "/home/udesou/.bench-agent/git/macro-benches/benchmarks/menhir/sysver.mly", line 482, characters 16-22:
Warning: the token HEXNUM is unused.
File "/home/udesou/.bench-agent/git/macro-benches/benchmarks/menhir/sysver.mly", line 483, characters 8-25:
Warning: the token HOLD_TIMING_CHECK is unused.
File "/home/udesou/.bench-agent/git/macro-benches/benchmarks/menhir/sysver.mly", line 432, characters 16-18:
Warning: the token ID is unused.
File "/home/udesou/.bench-agent/git/macro-benches/benchmarks/menhir/sysver.mly", line 484, characters 8-16:
Warning: the token IMPLICIT is unused.
File "/home/udesou/.bench-agent/git/macro-benches/benchmarks/menhir/sysver.mly", line 434, characters 13-16:
Warning: the token INT is unused.
File "/home/udesou/.bench-agent/git/macro-benches/benchmarks/menhir/sysver.mly", line 485, characters 16-22:
Warning: the token INTNUM is unused.
File "/home/udesou/.bench-agent/git/macro-benches/benchmarks/menhir/sysver.mly", line 486, characters 8-14:
Warning: the token IOPORT is unused.
File "/home/udesou/.bench-agent/git/macro-benches/benchmarks/menhir/sysver.mly", line 215, characters 7-16:
Warning: the token ISUNKNOWN is unused.
File "/home/udesou/.bench-agent/git/macro-benches/benchmarks/menhir/sysver.mly", line 145, characters 7-20:
Warning: the token IS_DEFINED_AS is unused.
File "/home/udesou/.bench-agent/git/macro-benches/benchmarks/menhir/sysver.mly", line 487, characters 8-20:
Warning: the token LEFT_BRACKET is unused.
File "/home/udesou/.bench-agent/git/macro-benches/benchmarks/menhir/sysver.mly", line 488, characters 8-18:
Warning: the token LEFT_CURLY is unused.
File "/home/udesou/.bench-agent/git/macro-benches/benchmarks/menhir/sysver.mly", line 489, characters 8-14:
Warning: the token MEMORY is unused.
File "/home/udesou/.bench-agent/git/macro-benches/benchmarks/menhir/sysver.mly", line 490, characters 8-17:
Warning: the token MINTYPMAX is unused.
File "/home/udesou/.bench-agent/git/macro-benches/benchmarks/menhir/sysver.mly", line 491, characters 8-15:
Warning: the token MODINST is unused.
File "/home/udesou/.bench-agent/git/macro-benches/benchmarks/menhir/sysver.mly", line 424, characters 15-17:
Warning: the token MS is unused.
File "/home/udesou/.bench-agent/git/macro-benches/benchmarks/menhir/sysver.mly", line 492, characters 8-13:
Warning: the token NAMED is unused.
File "/home/udesou/.bench-agent/git/macro-benches/benchmarks/menhir/sysver.mly", line 493, characters 8-29:
Warning: the token NOCHANGE_TIMING_CHECK is unused.
File "/home/udesou/.bench-agent/git/macro-benches/benchmarks/menhir/sysver.mly", line 442, characters 79-86:
Warning: the token NONUPLE is unused.
File "/home/udesou/.bench-agent/git/macro-benches/benchmarks/menhir/sysver.mly", line 452, characters 159-171:
Warning: the token NOVEMDECUPLE is unused.
File "/home/udesou/.bench-agent/git/macro-benches/benchmarks/menhir/sysver.mly", line 426, characters 15-17:
Warning: the token NS is unused.
File "/home/udesou/.bench-agent/git/macro-benches/benchmarks/menhir/sysver.mly", line 494, characters 16-22:
Warning: the token OCTNUM is unused.
File "/home/udesou/.bench-agent/git/macro-benches/benchmarks/menhir/sysver.mly", line 451, characters 151-162:
Warning: the token OCTODECUPLE is unused.
File "/home/udesou/.bench-agent/git/macro-benches/benchmarks/menhir/sysver.mly", line 441, characters 71-78:
Warning: the token OCTUPLE is unused.
File "/home/udesou/.bench-agent/git/macro-benches/benchmarks/menhir/sysver.mly", line 495, characters 8-17:
Warning: the token PARAMUSED is unused.
File "/home/udesou/.bench-agent/git/macro-benches/benchmarks/menhir/sysver.mly", line 496, characters 8-15:
Warning: the token PARTSEL is unused.
File "/home/udesou/.bench-agent/git/macro-benches/benchmarks/menhir/sysver.mly", line 506, characters 8-27:
Warning: the token PERIOD_TIMING_CHECK is unused.
File "/home/udesou/.bench-agent/git/macro-benches/benchmarks/menhir/sysver.mly", line 511, characters 16-25:
Warning: the token PRAGMATIC is unused.
File "/home/udesou/.bench-agent/git/macro-benches/benchmarks/menhir/sysver.mly", line 512, characters 16-23:
Warning: the token PREPROC is unused.
File "/home/udesou/.bench-agent/git/macro-benches/benchmarks/menhir/sysver.mly", line 514, characters 8-16:
Warning: the token PRIMINST is unused.
File "/home/udesou/.bench-agent/git/macro-benches/benchmarks/menhir/sysver.mly", line 427, characters 15-17:
Warning: the token PS is unused.
File "/home/udesou/.bench-agent/git/macro-benches/benchmarks/menhir/sysver.mly", line 1, characters 7-13:
Warning: the token P_ATAT is unused.
File "/home/udesou/.bench-agent/git/macro-benches/benchmarks/menhir/sysver.mly", line 497, characters 8-20:
Warning: the token P_CELLDEFINE is unused.
File "/home/udesou/.bench-agent/git/macro-benches/benchmarks/menhir/sysver.mly", line 498, characters 8-16:
Warning: the token P_DEFINE is unused.
File "/home/udesou/.bench-agent/git/macro-benches/benchmarks/menhir/sysver.mly", line 499, characters 8-25:
Warning: the token P_DELAY_MODE_PATH is unused.
File "/home/udesou/.bench-agent/git/macro-benches/benchmarks/menhir/sysver.mly", line 500, characters 8-28:
Warning: the token P_DISABLE_PORTFAULTS is unused.
File "/home/udesou/.bench-agent/git/macro-benches/benchmarks/menhir/sysver.mly", line 501, characters 8-14:
Warning: the token P_ELSE is unused.
File "/home/udesou/.bench-agent/git/macro-benches/benchmarks/menhir/sysver.mly", line 502, characters 8-27:
Warning: the token P_ENABLE_PORTFAULTS is unused.
File "/home/udesou/.bench-agent/git/macro-benches/benchmarks/menhir/sysver.mly", line 503, characters 8-23:
Warning: the token P_ENDCELLDEFINE is unused.
File "/home/udesou/.bench-agent/git/macro-benches/benchmarks/menhir/sysver.mly", line 504, characters 8-15:
Warning: the token P_ENDIF is unused.
File "/home/udesou/.bench-agent/git/macro-benches/benchmarks/menhir/sysver.mly", line 505, characters 8-20:
Warning: the token P_ENDPROTECT is unused.
File "/home/udesou/.bench-agent/git/macro-benches/benchmarks/menhir/sysver.mly", line 507, characters 8-15:
Warning: the token P_IFDEF is unused.
File "/home/udesou/.bench-agent/git/macro-benches/benchmarks/menhir/sysver.mly", line 508, characters 16-25:
Warning: the token P_INCLUDE is unused.
File "/home/udesou/.bench-agent/git/macro-benches/benchmarks/menhir/sysver.mly", line 216, characters 7-12:
Warning: the token P_NOR is unused.
File "/home/udesou/.bench-agent/git/macro-benches/benchmarks/menhir/sysver.mly", line 509, characters 8-27:
Warning: the token P_NOSUPPRESS_FAULTS is unused.
File "/home/udesou/.bench-agent/git/macro-benches/benchmarks/menhir/sysver.mly", line 82, characters 7-13:
Warning: the token P_OREQ is unused.
File "/home/udesou/.bench-agent/git/macro-benches/benchmarks/menhir/sysver.mly", line 66, characters 7-15:
Warning: the token P_OREQGT is unused.
File "/home/udesou/.bench-agent/git/macro-benches/benchmarks/menhir/sysver.mly", line 46, characters 7-18:
Warning: the token P_ORMINUSGT is unused.
File "/home/udesou/.bench-agent/git/macro-benches/benchmarks/menhir/sysver.mly", line 35, characters 7-13:
Warning: the token P_OROR is unused.
File "/home/udesou/.bench-agent/git/macro-benches/benchmarks/menhir/sysver.mly", line 510, characters 8-17:
Warning: the token P_PROTECT is unused.
File "/home/udesou/.bench-agent/git/macro-benches/benchmarks/menhir/sysver.mly", line 513, characters 8-18:
Warning: the token P_RESETALL is unused.
File "/home/udesou/.bench-agent/git/macro-benches/benchmarks/menhir/sysver.mly", line 515, characters 8-25:
Warning: the token P_SUPPRESS_FAULTS is unused.
File "/home/udesou/.bench-agent/git/macro-benches/benchmarks/menhir/sysver.mly", line 516, characters 16-27:
Warning: the token P_TIMESCALE is unused.
File "/home/udesou/.bench-agent/git/macro-benches/benchmarks/menhir/sysver.mly", line 336, characters 7-18:
Warning: the token P_WILDEQUAL is unused.
File "/home/udesou/.bench-agent/git/macro-benches/benchmarks/menhir/sysver.mly", line 135, characters 7-21:
Warning: the token P_WILDNOTEQUAL is unused.
File "/home/udesou/.bench-agent/git/macro-benches/benchmarks/menhir/sysver.mly", line 437, characters 39-48:
Warning: the token QUADRUPLE is unused.
File "/home/udesou/.bench-agent/git/macro-benches/benchmarks/menhir/sysver.mly", line 447, characters 119-134:
Warning: the token QUATTUORDECUPLE is unused.
File "/home/udesou/.bench-agent/git/macro-benches/benchmarks/menhir/sysver.mly", line 457, characters 199-216:
Warning: the token QUATTUORVIGENUPLE is unused.
File "/home/udesou/.bench-agent/git/macro-benches/benchmarks/menhir/sysver.mly", line 448, characters 127-138:
Warning: the token QUINDECUPLE is unused.
File "/home/udesou/.bench-agent/git/macro-benches/benchmarks/menhir/sysver.mly", line 438, characters 47-56:
Warning: the token QUINTUPLE is unused.
File "/home/udesou/.bench-agent/git/macro-benches/benchmarks/menhir/sysver.mly", line 458, characters 207-220:
Warning: the token QUINVIGENUPLE is unused.
File "/home/udesou/.bench-agent/git/macro-benches/benchmarks/menhir/sysver.mly", line 433, characters 24-29:
Warning: the token RANGE is unused.
File "/home/udesou/.bench-agent/git/macro-benches/benchmarks/menhir/sysver.mly", line 517, characters 8-16:
Warning: the token RECEIVER is unused.
File "/home/udesou/.bench-agent/git/macro-benches/benchmarks/menhir/sysver.mly", line 518, characters 8-29:
Warning: the token RECOVERY_TIMING_CHECK is unused.
File "/home/udesou/.bench-agent/git/macro-benches/benchmarks/menhir/sysver.mly", line 519, characters 8-27:
Warning: the token RECREM_TIMING_CHECK is unused.
File "/home/udesou/.bench-agent/git/macro-benches/benchmarks/menhir/sysver.mly", line 520, characters 8-28:
Warning: the token REMOVAL_TIMING_CHECK is unused.
File "/home/udesou/.bench-agent/git/macro-benches/benchmarks/menhir/sysver.mly", line 521, characters 8-21:
Warning: the token RIGHT_BRACKET is unused.
File "/home/udesou/.bench-agent/git/macro-benches/benchmarks/menhir/sysver.mly", line 522, characters 8-19:
Warning: the token RIGHT_CURLY is unused.
File "/home/udesou/.bench-agent/git/macro-benches/benchmarks/menhir/sysver.mly", line 523, characters 8-14:
Warning: the token SCALAR is unused.
File "/home/udesou/.bench-agent/git/macro-benches/benchmarks/menhir/sysver.mly", line 524, characters 8-16:
Warning: the token SENSUSED is unused.
File "/home/udesou/.bench-agent/git/macro-benches/benchmarks/menhir/sysver.mly", line 450, characters 143-156:
Warning: the token SEPTENDECUPLE is unused.
File "/home/udesou/.bench-agent/git/macro-benches/benchmarks/menhir/sysver.mly", line 440, characters 63-71:
Warning: the token SEPTUPLE is unused.
File "/home/udesou/.bench-agent/git/macro-benches/benchmarks/menhir/sysver.mly", line 525, characters 8-30:
Warning: the token SETUPHOLD_TIMING_CHECK is unused.
File "/home/udesou/.bench-agent/git/macro-benches/benchmarks/menhir/sysver.mly", line 526, characters 8-26:
Warning: the token SETUP_TIMING_CHECK is unused.
File "/home/udesou/.bench-agent/git/macro-benches/benchmarks/menhir/sysver.mly", line 449, characters 135-145:
Warning: the token SEXDECUPLE is unused.
File "/home/udesou/.bench-agent/git/macro-benches/benchmarks/menhir/sysver.mly", line 439, characters 55-63:
Warning: the token SEXTUPLE is unused.
File "/home/udesou/.bench-agent/git/macro-benches/benchmarks/menhir/sysver.mly", line 527, characters 8-25:
Warning: the token SKEW_TIMING_CHECK is unused.
File "/home/udesou/.bench-agent/git/macro-benches/benchmarks/menhir/sysver.mly", line 528, characters 8-15:
Warning: the token SPECIAL is unused.
File "/home/udesou/.bench-agent/git/macro-benches/benchmarks/menhir/sysver.mly", line 291, characters 7-11:
Warning: the token STEP is unused.
File "/home/udesou/.bench-agent/git/macro-benches/benchmarks/menhir/sysver.mly", line 529, characters 8-14:
Warning: the token SUBCCT is unused.
File "/home/udesou/.bench-agent/git/macro-benches/benchmarks/menhir/sysver.mly", line 530, characters 8-17:
Warning: the token SUBMODULE is unused.
File "/home/udesou/.bench-agent/git/macro-benches/benchmarks/menhir/sysver.mly", line 531, characters 8-19:
Warning: the token SUBTRACTION is unused.
File "/home/udesou/.bench-agent/git/macro-benches/benchmarks/menhir/sysver.mly", line 532, characters 8-15:
Warning: the token TASKREF is unused.
File "/home/udesou/.bench-agent/git/macro-benches/benchmarks/menhir/sysver.mly", line 533, characters 8-16:
Warning: the token TASKUSED is unused.
File "/home/udesou/.bench-agent/git/macro-benches/benchmarks/menhir/sysver.mly", line 534, characters 8-29:
Warning: the token TIMESKEW_TIMING_CHECK is unused.
File "/home/udesou/.bench-agent/git/macro-benches/benchmarks/menhir/sysver.mly", line 535, characters 8-18:
Warning: the token TIMINGSPEC is unused.
File "/home/udesou/.bench-agent/git/macro-benches/benchmarks/menhir/sysver.mly", line 536, characters 20-25:
Warning: the token TLIST is unused.
File "/home/udesou/.bench-agent/git/macro-benches/benchmarks/menhir/sysver.mly", line 9, characters 7-22:
Warning: the token TOKEN_1364_2001 is unused.
File "/home/udesou/.bench-agent/git/macro-benches/benchmarks/menhir/sysver.mly", line 248, characters 7-15:
Warning: the token TOKEN_9_ is unused.
File "/home/udesou/.bench-agent/git/macro-benches/benchmarks/menhir/sysver.mly", line 239, characters 7-21:
Warning: the token TOKEN_9_DOLLAR is unused.
File "/home/udesou/.bench-agent/git/macro-benches/benchmarks/menhir/sysver.mly", line 350, characters 7-20:
Warning: the token TOKEN_EDGE_11 is unused.
File "/home/udesou/.bench-agent/git/macro-benches/benchmarks/menhir/sysver.mly", line 13, characters 7-20:
Warning: the token TOKEN_NEWLINE is unused.
File "/home/udesou/.bench-agent/git/macro-benches/benchmarks/menhir/sysver.mly", line 168, characters 7-26:
Warning: the token TOKEN_RBRACK_LCURLY is unused.
File "/home/udesou/.bench-agent/git/macro-benches/benchmarks/menhir/sysver.mly", line 446, characters 111-121:
Warning: the token TREDECUPLE is unused.
File "/home/udesou/.bench-agent/git/macro-benches/benchmarks/menhir/sysver.mly", line 456, characters 191-203:
Warning: the token TREVIGENUPLE is unused.
File "/home/udesou/.bench-agent/git/macro-benches/benchmarks/menhir/sysver.mly", line 436, characters 31-37:
Warning: the token TRIPLE is unused.
File "/home/udesou/.bench-agent/git/macro-benches/benchmarks/menhir/sysver.mly", line 444, characters 95-104:
Warning: the token UNDECUPLE is unused.
File "/home/udesou/.bench-agent/git/macro-benches/benchmarks/menhir/sysver.mly", line 537, characters 8-15:
Warning: the token UNKNOWN is unused.
File "/home/udesou/.bench-agent/git/macro-benches/benchmarks/menhir/sysver.mly", line 454, characters 175-186:
Warning: the token UNVIGENUPLE is unused.
File "/home/udesou/.bench-agent/git/macro-benches/benchmarks/menhir/sysver.mly", line 425, characters 15-17:
Warning: the token US is unused.
File "/home/udesou/.bench-agent/git/macro-benches/benchmarks/menhir/sysver.mly", line 16, characters 7-13:
Warning: the token U_WIRE is unused.
File "/home/udesou/.bench-agent/git/macro-benches/benchmarks/menhir/sysver.mly", line 453, characters 167-176:
Warning: the token VIGENUPLE is unused.
File "/home/udesou/.bench-agent/git/macro-benches/benchmarks/menhir/sysver.mly", line 538, characters 8-26:
Warning: the token WIDTH_TIMING_CHECK is unused.
File "/home/udesou/.bench-agent/git/macro-benches/benchmarks/menhir/sysver.mly", line 8017, characters 8-23:
Warning: symbol actual_arg_expr is unreachable from any of the start symbol(s).
File "/home/udesou/.bench-agent/git/macro-benches/benchmarks/menhir/sysver.mly", line 9113, characters 8-17:
Warning: symbol attr_name is unreachable from any of the start symbol(s).
File "/home/udesou/.bench-agent/git/macro-benches/benchmarks/menhir/sysver.mly", line 9408, characters 0-9:
Warning: symbol attr_spec is unreachable from any of the start symbol(s).
File "/home/udesou/.bench-agent/git/macro-benches/benchmarks/menhir/sysver.mly", line 9737, characters 8-26:
Warning: symbol attribute_instance is unreachable from any of the start symbol(s).
File "/home/udesou/.bench-agent/git/macro-benches/benchmarks/menhir/sysver.mly", line 12078, characters 0-20:
Warning: symbol attribute_instance_4 is unreachable from any of the start symbol(s).
File "/home/udesou/.bench-agent/git/macro-benches/benchmarks/menhir/sysver.mly", line 9540, characters 8-23:
Warning: symbol base_expression is unreachable from any of the start symbol(s).
File "/home/udesou/.bench-agent/git/macro-benches/benchmarks/menhir/sysver.mly", line 565, characters 0-11:
Warning: symbol binary_base is unreachable from any of the start symbol(s).
File "/home/udesou/.bench-agent/git/macro-benches/benchmarks/menhir/sysver.mly", line 551, characters 0-13:
Warning: symbol binary_base_3 is unreachable from any of the start symbol(s).
File "/home/udesou/.bench-agent/git/macro-benches/benchmarks/menhir/sysver.mly", line 9962, characters 8-21:
Warning: symbol block_comment is unreachable from any of the start symbol(s).
File "/home/udesou/.bench-agent/git/macro-benches/benchmarks/menhir/sysver.mly", line 7952, characters 8-24:
Warning: symbol block_identifier is unreachable from any of the start symbol(s).
File "/home/udesou/.bench-agent/git/macro-benches/benchmarks/menhir/sysver.mly", line 555, characters 0-12:
Warning: symbol c_identifier is unreachable from any of the start symbol(s).
File "/home/udesou/.bench-agent/git/macro-benches/benchmarks/menhir/sysver.mly", line 10263, characters 8-19:
Warning: symbol cell_clause is unreachable from any of the start symbol(s).
File "/home/udesou/.bench-agent/git/macro-benches/benchmarks/menhir/sysver.mly", line 12702, characters 8-21:
Warning: symbol cell_clause_3 is unreachable from any of the start symbol(s).
File "/home/udesou/.bench-agent/git/macro-benches/benchmarks/menhir/sysver.mly", line 9485, characters 8-23:
Warning: symbol cell_identifier is unreachable from any of the start symbol(s).
File "/home/udesou/.bench-agent/git/macro-benches/benchmarks/menhir/sysver.mly", line 8817, characters 8-27:
Warning: symbol checktime_condition is unreachable from any of the start symbol(s).
File "/home/udesou/.bench-agent/git/macro-benches/benchmarks/menhir/sysver.mly", line 9081, characters 8-24:
Warning: symbol class_identifier is unreachable from any of the start symbol(s).
File "/home/udesou/.bench-agent/git/macro-benches/benchmarks/menhir/sysver.mly", line 9281, characters 8-27:
Warning: symbol clocking_identifier is unreachable from any of the start symbol(s).
File "/home/udesou/.bench-agent/git/macro-benches/benchmarks/menhir/sysver.mly", line 9878, characters 0-7:
Warning: symbol comment is unreachable from any of the start symbol(s).
File "/home/udesou/.bench-agent/git/macro-benches/benchmarks/menhir/sysver.mly", line 8267, characters 8-20:
Warning: symbol comment_text is unreachable from any of the start symbol(s).
File "/home/udesou/.bench-agent/git/macro-benches/benchmarks/menhir/sysver.mly", line 10575, characters 0-14:
Warning: symbol comment_text_2 is unreachable from any of the start symbol(s).
File "/home/udesou/.bench-agent/git/macro-benches/benchmarks/menhir/sysver.mly", line 9927, characters 8-26:
Warning: symbol config_declaration is unreachable from any of the start symbol(s).
File "/home/udesou/.bench-agent/git/macro-benches/benchmarks/menhir/sysver.mly", line 12314, characters 0-20:
Warning: symbol config_declaration_6 is unreachable from any of the start symbol(s).
File "/home/udesou/.bench-agent/git/macro-benches/benchmarks/menhir/sysver.mly", line 8023, characters 8-25:
Warning: symbol config_identifier is unreachable from any of the start symbol(s).
File "/home/udesou/.bench-agent/git/macro-benches/benchmarks/menhir/sysver.mly", line 10300, characters 0-21:
Warning: symbol config_rule_statement is unreachable from any of the start symbol(s).
File "/home/udesou/.bench-agent/git/macro-benches/benchmarks/menhir/sysver.mly", line 7936, characters 8-24:
Warning: symbol const_identifier is unreachable from any of the start symbol(s).
File "/home/udesou/.bench-agent/git/macro-benches/benchmarks/menhir/sysver.mly", line 8676, characters 8-32:
Warning: symbol constant_base_expression is unreachable from any of the start symbol(s).
File "/home/udesou/.bench-agent/git/macro-benches/benchmarks/menhir/sysver.mly", line 9777, characters 8-33:
Warning: symbol constant_param_expression is unreachable from any of the start symbol(s).
File "/home/udesou/.bench-agent/git/macro-benches/benchmarks/menhir/sysver.mly", line 8667, characters 8-29:
Warning: symbol constraint_identifier is unreachable from any of the start symbol(s).
File "/home/udesou/.bench-agent/git/macro-benches/benchmarks/menhir/sysver.mly", line 9091, characters 8-34:
Warning: symbol controlled_reference_event is unreachable from any of the start symbol(s).
File "/home/udesou/.bench-agent/git/macro-benches/benchmarks/menhir/sysver.mly", line 10125, characters 8-18:
Warning: symbol data_event is unreachable from any of the start symbol(s).
File "/home/udesou/.bench-agent/git/macro-benches/benchmarks/menhir/sysver.mly", line 9422, characters 8-30:
Warning: symbol data_source_expression is unreachable from any of the start symbol(s).
File "/home/udesou/.bench-agent/git/macro-benches/benchmarks/menhir/sysver.mly", line 563, characters 0-12:
Warning: symbol decimal_base is unreachable from any of the start symbol(s).
File "/home/udesou/.bench-agent/git/macro-benches/benchmarks/menhir/sysver.mly", line 561, characters 0-14:
Warning: symbol decimal_base_3 is unreachable from any of the start symbol(s).
File "/home/udesou/.bench-agent/git/macro-benches/benchmarks/menhir/sysver.mly", line 10286, characters 8-22:
Warning: symbol default_clause is unreachable from any of the start symbol(s).
File "/home/udesou/.bench-agent/git/macro-benches/benchmarks/menhir/sysver.mly", line 9256, characters 8-24:
Warning: symbol design_statement is unreachable from any of the start symbol(s).
File "/home/udesou/.bench-agent/git/macro-benches/benchmarks/menhir/sysver.mly", line 11537, characters 0-18:
Warning: symbol design_statement_3 is unreachable from any of the start symbol(s).
File "/home/udesou/.bench-agent/git/macro-benches/benchmarks/menhir/sysver.mly", line 11533, characters 8-28:
Warning: symbol design_statement_3_4 is unreachable from any of the start symbol(s).
File "/home/udesou/.bench-agent/git/macro-benches/benchmarks/menhir/sysver.mly", line 10211, characters 8-37:
Warning: symbol dimension_constant_expression is unreachable from any of the start symbol(s).
File "/home/udesou/.bench-agent/git/macro-benches/benchmarks/menhir/sysver.mly", line 564, characters 0-11:
Warning: symbol edge_symbol is unreachable from any of the start symbol(s).
File "/home/udesou/.bench-agent/git/macro-benches/benchmarks/menhir/sysver.mly", line 9900, characters 8-23:
Warning: symbol enable_terminal is unreachable from any of the start symbol(s).
File "/home/udesou/.bench-agent/git/macro-benches/benchmarks/menhir/sysver.mly", line 7949, characters 8-23:
Warning: symbol end_edge_offset is unreachable from any of the start symbol(s).
File "/home/udesou/.bench-agent/git/macro-benches/benchmarks/menhir/sysver.mly", line 8787, characters 8-23:
Warning: symbol enum_identifier is unreachable from any of the start symbol(s).
File "/home/udesou/.bench-agent/git/macro-benches/benchmarks/menhir/sysver.mly", line 9723, characters 8-25:
Warning: symbol error_limit_value is unreachable from any of the start symbol(s).
File "/home/udesou/.bench-agent/git/macro-benches/benchmarks/menhir/sysver.mly", line 10214, characters 8-24:
Warning: symbol event_based_flag is unreachable from any of the start symbol(s).
File "/home/udesou/.bench-agent/git/macro-benches/benchmarks/menhir/sysver.mly", line 9217, characters 8-24:
Warning: symbol event_identifier is unreachable from any of the start symbol(s).
File "/home/udesou/.bench-agent/git/macro-benches/benchmarks/menhir/sysver.mly", line 568, characters 0-3:
Warning: symbol exp is unreachable from any of the start symbol(s).
File "/home/udesou/.bench-agent/git/macro-benches/benchmarks/menhir/sysver.mly", line 9147, characters 8-19:
Warning: symbol expression1 is unreachable from any of the start symbol(s).
File "/home/udesou/.bench-agent/git/macro-benches/benchmarks/menhir/sysver.mly", line 9150, characters 8-19:
Warning: symbol expression2 is unreachable from any of the start symbol(s).
File "/home/udesou/.bench-agent/git/macro-benches/benchmarks/menhir/sysver.mly", line 9153, characters 8-19:
Warning: symbol expression3 is unreachable from any of the start symbol(s).
File "/home/udesou/.bench-agent/git/macro-benches/benchmarks/menhir/sysver.mly", line 8207, characters 8-22:
Warning: symbol file_path_spec is unreachable from any of the start symbol(s).
File "/home/udesou/.bench-agent/git/macro-benches/benchmarks/menhir/sysver.mly", line 8750, characters 8-25:
Warning: symbol formal_identifier is unreachable from any of the start symbol(s).
File "/home/udesou/.bench-agent/git/macro-benches/benchmarks/menhir/sysver.mly", line 9488, characters 8-27:
Warning: symbol function_identifier is unreachable from any of the start symbol(s).
File "/home/udesou/.bench-agent/git/macro-benches/benchmarks/menhir/sysver.mly", line 8169, characters 8-32:
Warning: symbol gate_instance_identifier is unreachable from any of the start symbol(s).
File "/home/udesou/.bench-agent/git/macro-benches/benchmarks/menhir/sysver.mly", line 7988, characters 8-33:
Warning: symbol generate_block_identifier is unreachable from any of the start symbol(s).
File "/home/udesou/.bench-agent/git/macro-benches/benchmarks/menhir/sysver.mly", line 9930, characters 8-25:
Warning: symbol genvar_identifier is unreachable from any of the start symbol(s).
File "/home/udesou/.bench-agent/git/macro-benches/benchmarks/menhir/sysver.mly", line 558, characters 0-8:
Warning: symbol hex_base is unreachable from any of the start symbol(s).
File "/home/udesou/.bench-agent/git/macro-benches/benchmarks/menhir/sysver.mly", line 567, characters 0-10:
Warning: symbol hex_base_3 is unreachable from any of the start symbol(s).
File "/home/udesou/.bench-agent/git/macro-benches/benchmarks/menhir/sysver.mly", line 569, characters 0-9:
Warning: symbol hex_digit is unreachable from any of the start symbol(s).
File "/home/udesou/.bench-agent/git/macro-benches/benchmarks/menhir/sysver.mly", line 10198, characters 8-37:
Warning: symbol hierarchical_block_identifier is unreachable from any of the start symbol(s).
File "/home/udesou/.bench-agent/git/macro-benches/benchmarks/menhir/sysver.mly", line 9016, characters 8-37:
Warning: symbol hierarchical_event_identifier is unreachable from any of the start symbol(s).
File "/home/udesou/.bench-agent/git/macro-benches/benchmarks/menhir/sysver.mly", line 9428, characters 8-40:
Warning: symbol hierarchical_function_identifier is unreachable from any of the start symbol(s).
File "/home/udesou/.bench-agent/git/macro-benches/benchmarks/menhir/sysver.mly", line 9293, characters 8-35:
Warning: symbol hierarchical_net_identifier is unreachable from any of the start symbol(s).
File "/home/udesou/.bench-agent/git/macro-benches/benchmarks/menhir/sysver.mly", line 8811, characters 8-41:
Warning: symbol hierarchical_parameter_identifier is unreachable from any of the start symbol(s).
File "/home/udesou/.bench-agent/git/macro-benches/benchmarks/menhir/sysver.mly", line 9042, characters 8-36:
Warning: symbol hierarchical_task_identifier is unreachable from any of the start symbol(s).
File "/home/udesou/.bench-agent/git/macro-benches/benchmarks/menhir/sysver.mly", line 8712, characters 8-40:
Warning: symbol hierarchical_variable_identifier is unreachable from any of the start symbol(s).
File "/home/udesou/.bench-agent/git/macro-benches/benchmarks/menhir/sysver.mly", line 8893, characters 8-25:
Warning: symbol include_statement is unreachable from any of the start symbol(s).
File "/home/udesou/.bench-agent/git/macro-benches/benchmarks/menhir/sysver.mly", line 8587, characters 8-29:
Warning: symbol inout_port_identifier is unreachable from any of the start symbol(s).
File "/home/udesou/.bench-agent/git/macro-benches/benchmarks/menhir/sysver.mly", line 8902, characters 8-22:
Warning: symbol inout_terminal is unreachable from any of the start symbol(s).
File "/home/udesou/.bench-agent/git/macro-benches/benchmarks/menhir/sysver.mly", line 10307, characters 8-29:
Warning: symbol input_port_identifier is unreachable from any of the start symbol(s).
File "/home/udesou/.bench-agent/git/macro-benches/benchmarks/menhir/sysver.mly", line 10280, characters 8-22:
Warning: symbol input_terminal is unreachable from any of the start symbol(s).
File "/home/udesou/.bench-agent/git/macro-benches/benchmarks/menhir/sysver.mly", line 7979, characters 8-19:
Warning: symbol inst_clause is unreachable from any of the start symbol(s).
File "/home/udesou/.bench-agent/git/macro-benches/benchmarks/menhir/sysver.mly", line 9909, characters 8-17:
Warning: symbol inst_name is unreachable from any of the start symbol(s).
File "/home/udesou/.bench-agent/git/macro-benches/benchmarks/menhir/sysver.mly", line 12306, characters 0-11:
Warning: symbol inst_name_3 is unreachable from any of the start symbol(s).
File "/home/udesou/.bench-agent/git/macro-benches/benchmarks/menhir/sysver.mly", line 8239, characters 8-27:
Warning: symbol instance_identifier is unreachable from any of the start symbol(s).
File "/home/udesou/.bench-agent/git/macro-benches/benchmarks/menhir/sysver.mly", line 8828, characters 8-28:
Warning: symbol interface_identifier is unreachable from any of the start symbol(s).
File "/home/udesou/.bench-agent/git/macro-benches/benchmarks/menhir/sysver.mly", line 8391, characters 8-37:
Warning: symbol interface_instance_identifier is unreachable from any of the start symbol(s).
File "/home/udesou/.bench-agent/git/macro-benches/benchmarks/menhir/sysver.mly", line 572, characters 0-12:
Warning: symbol level_symbol is unreachable from any of the start symbol(s).
File "/home/udesou/.bench-agent/git/macro-benches/benchmarks/menhir/sysver.mly", line 9501, characters 8-22:
Warning: symbol liblist_clause is unreachable from any of the start symbol(s).
File "/home/udesou/.bench-agent/git/macro-benches/benchmarks/menhir/sysver.mly", line 11790, characters 0-16:
Warning: symbol liblist_clause_3 is unreachable from any of the start symbol(s).
File "/home/udesou/.bench-agent/git/macro-benches/benchmarks/menhir/sysver.mly", line 7905, characters 8-27:
Warning: symbol library_declaration is unreachable from any of the start symbol(s).
File "/home/udesou/.bench-agent/git/macro-benches/benchmarks/menhir/sysver.mly", line 10314, characters 0-21:
Warning: symbol library_declaration_5 is unreachable from any of the start symbol(s).
File "/home/udesou/.bench-agent/git/macro-benches/benchmarks/menhir/sysver.mly", line 10322, characters 8-29:
Warning: symbol library_declaration_6 is unreachable from any of the start symbol(s).
File "/home/udesou/.bench-agent/git/macro-benches/benchmarks/menhir/sysver.mly", line 10318, characters 0-23:
Warning: symbol library_declaration_6_5 is unreachable from any of the start symbol(s).
File "/home/udesou/.bench-agent/git/macro-benches/benchmarks/menhir/sysver.mly", line 10045, characters 0-20:
Warning: symbol library_descriptions is unreachable from any of the start symbol(s).
File "/home/udesou/.bench-agent/git/macro-benches/benchmarks/menhir/sysver.mly", line 9313, characters 8-26:
Warning: symbol library_identifier is unreachable from any of the start symbol(s).
File "/home/udesou/.bench-agent/git/macro-benches/benchmarks/menhir/sysver.mly", line 9353, characters 8-20:
Warning: symbol library_text is unreachable from any of the start symbol(s).
File "/home/udesou/.bench-agent/git/macro-benches/benchmarks/menhir/sysver.mly", line 11634, characters 0-14:
Warning: symbol library_text_2 is unreachable from any of the start symbol(s).
File "/home/udesou/.bench-agent/git/macro-benches/benchmarks/menhir/sysver.mly", line 9894, characters 8-31:
Warning: symbol lsb_constant_expression is unreachable from any of the start symbol(s).
File "/home/udesou/.bench-agent/git/macro-benches/benchmarks/menhir/sysver.mly", line 8673, characters 8-25:
Warning: symbol method_identifier is unreachable from any of the start symbol(s).
File "/home/udesou/.bench-agent/git/macro-benches/benchmarks/menhir/sysver.mly", line 8899, characters 8-26:
Warning: symbol modport_identifier is unreachable from any of the start symbol(s).
File "/home/udesou/.bench-agent/git/macro-benches/benchmarks/menhir/sysver.mly", line 9078, characters 8-25:
Warning: symbol module_identifier is unreachable from any of the start symbol(s).
File "/home/udesou/.bench-agent/git/macro-benches/benchmarks/menhir/sysver.mly", line 8177, characters 8-34:
Warning: symbol module_instance_identifier is unreachable from any of the start symbol(s).
File "/home/udesou/.bench-agent/git/macro-benches/benchmarks/menhir/sysver.mly", line 10266, characters 8-31:
Warning: symbol msb_constant_expression is unreachable from any of the start symbol(s).
File "/home/udesou/.bench-agent/git/macro-benches/benchmarks/menhir/sysver.mly", line 552, characters 0-20:
Warning: symbol name_of_udp_instance is unreachable from any of the start symbol(s).
File "/home/udesou/.bench-agent/git/macro-benches/benchmarks/menhir/sysver.mly", line 7926, characters 8-25:
Warning: symbol ncontrol_terminal is unreachable from any of the start symbol(s).
File "/home/udesou/.bench-agent/git/macro-benches/benchmarks/menhir/sysver.mly", line 10028, characters 8-22:
Warning: symbol net_identifier is unreachable from any of the start symbol(s).
File "/home/udesou/.bench-agent/git/macro-benches/benchmarks/menhir/sysver.mly", line 9676, characters 8-18:
Warning: symbol notify_reg is unreachable from any of the start symbol(s).
File "/home/udesou/.bench-agent/git/macro-benches/benchmarks/menhir/sysver.mly", line 566, characters 0-10:
Warning: symbol octal_base is unreachable from any of the start symbol(s).
File "/home/udesou/.bench-agent/git/macro-benches/benchmarks/menhir/sysver.mly", line 559, characters 0-12:
Warning: symbol octal_base_3 is unreachable from any of the start symbol(s).
File "/home/udesou/.bench-agent/git/macro-benches/benchmarks/menhir/sysver.mly", line 9758, characters 8-24:
Warning: symbol one_line_comment is unreachable from any of the start symbol(s).
File "/home/udesou/.bench-agent/git/macro-benches/benchmarks/menhir/sysver.mly", line 8945, characters 8-30:
Warning: symbol output_port_identifier is unreachable from any of the start symbol(s).
File "/home/udesou/.bench-agent/git/macro-benches/benchmarks/menhir/sysver.mly", line 571, characters 0-13:
Warning: symbol output_symbol is unreachable from any of the start symbol(s).
File "/home/udesou/.bench-agent/git/macro-benches/benchmarks/menhir/sysver.mly", line 10145, characters 8-23:
Warning: symbol output_terminal is unreachable from any of the start symbol(s).
File "/home/udesou/.bench-agent/git/macro-benches/benchmarks/menhir/sysver.mly", line 8882, characters 8-28:
Warning: symbol parameter_identifier is unreachable from any of the start symbol(s).
File "/home/udesou/.bench-agent/git/macro-benches/benchmarks/menhir/sysver.mly", line 8298, characters 8-25:
Warning: symbol pcontrol_terminal is unreachable from any of the start symbol(s).
File "/home/udesou/.bench-agent/git/macro-benches/benchmarks/menhir/sysver.mly", line 9188, characters 8-23:
Warning: symbol port_identifier is unreachable from any of the start symbol(s).
File "/home/udesou/.bench-agent/git/macro-benches/benchmarks/menhir/sysver.mly", line 9110, characters 8-26:
Warning: symbol program_identifier is unreachable from any of the start symbol(s).
File "/home/udesou/.bench-agent/git/macro-benches/benchmarks/menhir/sysver.mly", line 9985, characters 8-35:
Warning: symbol program_instance_identifier is unreachable from any of the start symbol(s).
File "/home/udesou/.bench-agent/git/macro-benches/benchmarks/menhir/sysver.mly", line 9347, characters 8-27:
Warning: symbol property_identifier is unreachable from any of the start symbol(s).
File "/home/udesou/.bench-agent/git/macro-benches/benchmarks/menhir/sysver.mly", line 8398, characters 8-23:
Warning: symbol reference_event is unreachable from any of the start symbol(s).
File "/home/udesou/.bench-agent/git/macro-benches/benchmarks/menhir/sysver.mly", line 9770, characters 8-26:
Warning: symbol reject_limit_value is unreachable from any of the start symbol(s).
File "/home/udesou/.bench-agent/git/macro-benches/benchmarks/menhir/sysver.mly", line 9203, characters 8-26:
Warning: symbol remain_active_flag is unreachable from any of the start symbol(s).
File "/home/udesou/.bench-agent/git/macro-benches/benchmarks/menhir/sysver.mly", line 8382, characters 8-23:
Warning: symbol sequence_abbrev is unreachable from any of the start symbol(s).
File "/home/udesou/.bench-agent/git/macro-benches/benchmarks/menhir/sysver.mly", line 10103, characters 8-27:
Warning: symbol sequence_identifier is unreachable from any of the start symbol(s).
File "/home/udesou/.bench-agent/git/macro-benches/benchmarks/menhir/sysver.mly", line 9937, characters 8-25:
Warning: symbol signal_identifier is unreachable from any of the start symbol(s).
File "/home/udesou/.bench-agent/git/macro-benches/benchmarks/menhir/sysver.mly", line 554, characters 0-17:
Warning: symbol simple_identifier is unreachable from any of the start symbol(s).
File "/home/udesou/.bench-agent/git/macro-benches/benchmarks/menhir/sysver.mly", line 9872, characters 8-12:
Warning: symbol size is unreachable from any of the start symbol(s).
File "/home/udesou/.bench-agent/git/macro-benches/benchmarks/menhir/sysver.mly", line 7985, characters 8-28:
Warning: symbol specparam_identifier is unreachable from any of the start symbol(s).
File "/home/udesou/.bench-agent/git/macro-benches/benchmarks/menhir/sysver.mly", line 9622, characters 8-27:
Warning: symbol stamptime_condition is unreachable from any of the start symbol(s).
File "/home/udesou/.bench-agent/git/macro-benches/benchmarks/menhir/sysver.mly", line 8885, characters 8-25:
Warning: symbol start_edge_offset is unreachable from any of the start symbol(s).
File "/home/udesou/.bench-agent/git/macro-benches/benchmarks/menhir/sysver.mly", line 556, characters 0-26:
Warning: symbol system_function_identifier is unreachable from any of the start symbol(s).
File "/home/udesou/.bench-agent/git/macro-benches/benchmarks/menhir/sysver.mly", line 562, characters 0-22:
Warning: symbol system_task_identifier is unreachable from any of the start symbol(s).
File "/home/udesou/.bench-agent/git/macro-benches/benchmarks/menhir/sysver.mly", line 8094, characters 8-33:
Warning: symbol t01_path_delay_expression is unreachable from any of the start symbol(s).
File "/home/udesou/.bench-agent/git/macro-benches/benchmarks/menhir/sysver.mly", line 8443, characters 8-33:
Warning: symbol t0x_path_delay_expression is unreachable from any of the start symbol(s).
File "/home/udesou/.bench-agent/git/macro-benches/benchmarks/menhir/sysver.mly", line 9253, characters 8-33:
Warning: symbol t0z_path_delay_expression is unreachable from any of the start symbol(s).
File "/home/udesou/.bench-agent/git/macro-benches/benchmarks/menhir/sysver.mly", line 10100, characters 8-33:
Warning: symbol t10_path_delay_expression is unreachable from any of the start symbol(s).
File "/home/udesou/.bench-agent/git/macro-benches/benchmarks/menhir/sysver.mly", line 8422, characters 8-33:
Warning: symbol t1x_path_delay_expression is unreachable from any of the start symbol(s).
File "/home/udesou/.bench-agent/git/macro-benches/benchmarks/menhir/sysver.mly", line 9244, characters 8-33:
Warning: symbol t1z_path_delay_expression is unreachable from any of the start symbol(s).
File "/home/udesou/.bench-agent/git/macro-benches/benchmarks/menhir/sysver.mly", line 9548, characters 8-31:
Warning: symbol t_path_delay_expression is unreachable from any of the start symbol(s).
File "/home/udesou/.bench-agent/git/macro-benches/benchmarks/menhir/sysver.mly", line 8540, characters 8-23:
Warning: symbol task_identifier is unreachable from any of the start symbol(s).
File "/home/udesou/.bench-agent/git/macro-benches/benchmarks/menhir/sysver.mly", line 8437, characters 8-27:
Warning: symbol terminal_identifier is unreachable from any of the start symbol(s).
File "/home/udesou/.bench-agent/git/macro-benches/benchmarks/menhir/sysver.mly", line 8365, characters 8-29:
Warning: symbol text_macro_identifier is unreachable from any of the start symbol(s).
File "/home/udesou/.bench-agent/git/macro-benches/benchmarks/menhir/sysver.mly", line 9059, characters 8-35:
Warning: symbol tfall_path_delay_expression is unreachable from any of the start symbol(s).
File "/home/udesou/.bench-agent/git/macro-benches/benchmarks/menhir/sysver.mly", line 8802, characters 8-17:
Warning: symbol threshold is unreachable from any of the start symbol(s).
File "/home/udesou/.bench-agent/git/macro-benches/benchmarks/menhir/sysver.mly", line 557, characters 0-9:
Warning: symbol time_unit is unreachable from any of the start symbol(s).
File "/home/udesou/.bench-agent/git/macro-benches/benchmarks/menhir/sysver.mly", line 8936, characters 8-26:
Warning: symbol timing_check_limit is unreachable from any of the start symbol(s).
File "/home/udesou/.bench-agent/git/macro-benches/benchmarks/menhir/sysver.mly", line 9764, characters 8-28:
Warning: symbol topmodule_identifier is unreachable from any of the start symbol(s).
File "/home/udesou/.bench-agent/git/macro-benches/benchmarks/menhir/sysver.mly", line 8097, characters 8-35:
Warning: symbol trise_path_delay_expression is unreachable from any of the start symbol(s).
File "/home/udesou/.bench-agent/git/macro-benches/benchmarks/menhir/sysver.mly", line 10056, characters 8-33:
Warning: symbol tx0_path_delay_expression is unreachable from any of the start symbol(s).
File "/home/udesou/.bench-agent/git/macro-benches/benchmarks/menhir/sysver.mly", line 8029, characters 8-33:
Warning: symbol tx1_path_delay_expression is unreachable from any of the start symbol(s).
File "/home/udesou/.bench-agent/git/macro-benches/benchmarks/menhir/sysver.mly", line 9191, characters 8-33:
Warning: symbol txz_path_delay_expression is unreachable from any of the start symbol(s).
File "/home/udesou/.bench-agent/git/macro-benches/benchmarks/menhir/sysver.mly", line 9495, characters 8-23:
Warning: symbol type_identifier is unreachable from any of the start symbol(s).
File "/home/udesou/.bench-agent/git/macro-benches/benchmarks/menhir/sysver.mly", line 9959, characters 8-33:
Warning: symbol tz0_path_delay_expression is unreachable from any of the start symbol(s).
File "/home/udesou/.bench-agent/git/macro-benches/benchmarks/menhir/sysver.mly", line 7963, characters 8-33:
Warning: symbol tz1_path_delay_expression is unreachable from any of the start symbol(s).
File "/home/udesou/.bench-agent/git/macro-benches/benchmarks/menhir/sysver.mly", line 9344, characters 8-32:
Warning: symbol tz_path_delay_expression is unreachable from any of the start symbol(s).
File "/home/udesou/.bench-agent/git/macro-benches/benchmarks/menhir/sysver.mly", line 8318, characters 8-33:
Warning: symbol tzx_path_delay_expression is unreachable from any of the start symbol(s).
File "/home/udesou/.bench-agent/git/macro-benches/benchmarks/menhir/sysver.mly", line 8037, characters 0-16:
Warning: symbol udp_declaration2 is unreachable from any of the start symbol(s).
File "/home/udesou/.bench-agent/git/macro-benches/benchmarks/menhir/sysver.mly", line 10415, characters 0-19:
Warning: symbol udp_declaration2_10 is unreachable from any of the start symbol(s).
File "/home/udesou/.bench-agent/git/macro-benches/benchmarks/menhir/sysver.mly", line 8605, characters 8-22:
Warning: symbol udp_identifier is unreachable from any of the start symbol(s).
File "/home/udesou/.bench-agent/git/macro-benches/benchmarks/menhir/sysver.mly", line 8670, characters 8-31:
Warning: symbol udp_instance_identifier is unreachable from any of the start symbol(s).
File "/home/udesou/.bench-agent/git/macro-benches/benchmarks/menhir/sysver.mly", line 553, characters 0-15:
Warning: symbol unsigned_number is unreachable from any of the start symbol(s).
File "/home/udesou/.bench-agent/git/macro-benches/benchmarks/menhir/sysver.mly", line 8446, characters 8-18:
Warning: symbol use_clause is unreachable from any of the start symbol(s).
File "/home/udesou/.bench-agent/git/macro-benches/benchmarks/menhir/sysver.mly", line 10739, characters 8-20:
Warning: symbol use_clause_3 is unreachable from any of the start symbol(s).
File "/home/udesou/.bench-agent/git/macro-benches/benchmarks/menhir/sysver.mly", line 10743, characters 8-20:
Warning: symbol use_clause_5 is unreachable from any of the start symbol(s).
File "/home/udesou/.bench-agent/git/macro-benches/benchmarks/menhir/sysver.mly", line 7966, characters 8-33:
Warning: symbol width_constant_expression is unreachable from any of the start symbol(s).
File "/home/udesou/.bench-agent/git/macro-benches/benchmarks/menhir/sysver.mly", line 573, characters 0-7:
Warning: symbol x_digit is unreachable from any of the start symbol(s).
File "/home/udesou/.bench-agent/git/macro-benches/benchmarks/menhir/sysver.mly", line 570, characters 0-7:
Warning: symbol z_digit is unreachable from any of the start symbol(s).
File "/home/udesou/.bench-agent/git/macro-benches/benchmarks/menhir/sysver.mly", line 560, characters 0-6:
Warning: symbol z_or_x is unreachable from any of the start symbol(s).
Warning: 10557 states have shift/reduce conflicts.
Warning: 9090 states have reduce/reduce conflicts.
Warning: 38665 shift/reduce conflicts were arbitrarily resolved.
Warning: 133727 reduce/reduce conflicts were arbitrarily resolved.
Warning: 1183 end-of-stream conflicts were arbitrarily resolved.
File "/home/udesou/.bench-agent/git/macro-benches/benchmarks/menhir/sysver.mly", line 11593, characters 31-31:
Warning: production class_scope_type_identifier_9 -> is never reduced.
File "/home/udesou/.bench-agent/git/macro-benches/benchmarks/menhir/sysver.mly", line 8251, characters 3-21:
Warning: production constant_primary -> identifier is never reduced.
File "/home/udesou/.bench-agent/git/macro-benches/benchmarks/menhir/sysver.mly", line 8253, characters 3-21:
Warning: production constant_primary -> identifier is never reduced.
File "/home/udesou/.bench-agent/git/macro-benches/benchmarks/menhir/sysver.mly", line 8254, characters 3-21:
Warning: production constant_primary -> identifier is never reduced.
File "/home/udesou/.bench-agent/git/macro-benches/benchmarks/menhir/sysver.mly", line 8322, characters 3-51:
Warning: production disable_statement -> DISABLE hierarchical_identifier SEMICOLON is never reduced.
File "/home/udesou/.bench-agent/git/macro-benches/benchmarks/menhir/sysver.mly", line 10491, characters 17-17:
Warning: production dpi_dimension_4 -> is never reduced.
File "/home/udesou/.bench-agent/git/macro-benches/benchmarks/menhir/sysver.mly", line 10277, characters 3-121:
Warning: production dpi_function_proto -> function_data_type identifier LPAREN RPAREN is never reduced.
File "/home/udesou/.bench-agent/git/macro-benches/benchmarks/menhir/sysver.mly", line 10277, characters 3-121:
Warning: production dpi_function_proto -> signing function_data_type identifier LPAREN RPAREN is never reduced.
File "/home/udesou/.bench-agent/git/macro-benches/benchmarks/menhir/sysver.mly", line 12727, characters 3-81:
Warning: production escaped_hierarchical_identifier_3 -> escaped_hierarchical_identifier_3 DOT SIMPLE_IDENTIFIER simple_hierarchical_branch_3 is never reduced.
File "/home/udesou/.bench-agent/git/macro-benches/benchmarks/menhir/sysver.mly", line 12728, characters 3-41:
Warning: production escaped_hierarchical_identifier_3 -> DOT BACKSLASH TOKEN_ANY_ASCII white_space escaped_hierarchical_branch_3 is never reduced.
File "/home/udesou/.bench-agent/git/macro-benches/benchmarks/menhir/sysver.mly", line 12686, characters 33-33:
Warning: production function_if_else_if_statement_8 -> is never reduced.
File "/home/udesou/.bench-agent/git/macro-benches/benchmarks/menhir/sysver.mly", line 12687, characters 3-157:
Warning: production function_if_else_if_statement_8 -> function_if_else_if_statement_8 ELSE IF LPAREN expression RPAREN function_statement_or_null is never reduced.
File "/home/udesou/.bench-agent/git/macro-benches/benchmarks/menhir/sysver.mly", line 12687, characters 3-157:
Warning: production function_if_else_if_statement_8 -> function_if_else_if_statement_8 ELSE unique_priority IF LPAREN expression RPAREN function_statement_or_null is never reduced.
File "/home/udesou/.bench-agent/git/macro-benches/benchmarks/menhir/sysver.mly", line 12262, characters 24-24:
Warning: production if_else_if_statement_8 -> is never reduced.
File "/home/udesou/.bench-agent/git/macro-benches/benchmarks/menhir/sysver.mly", line 12263, characters 3-130:
Warning: production if_else_if_statement_8 -> if_else_if_statement_8 ELSE IF LPAREN expression RPAREN statement_or_null is never reduced.
File "/home/udesou/.bench-agent/git/macro-benches/benchmarks/menhir/sysver.mly", line 12263, characters 3-130:
Warning: production if_else_if_statement_8 -> if_else_if_statement_8 ELSE unique_priority IF LPAREN expression RPAREN statement_or_null is never reduced.
File "/home/udesou/.bench-agent/git/macro-benches/benchmarks/menhir/sysver.mly", line 9933, characters 24-54:
Warning: production implicit_class_handle -> is never reduced.
File "/home/udesou/.bench-agent/git/macro-benches/benchmarks/menhir/sysver.mly", line 9934, characters 3-33:
Warning: production implicit_class_handle -> is never reduced.
File "/home/udesou/.bench-agent/git/macro-benches/benchmarks/menhir/sysver.mly", line 9827, characters 3-20:
Warning: production input_identifier -> identifier is never reduced.
File "/home/udesou/.bench-agent/git/macro-benches/benchmarks/menhir/sysver.mly", line 9440, characters 3-33:
Warning: production module_path_primary -> identifier is never reduced.
File "/home/udesou/.bench-agent/git/macro-benches/benchmarks/menhir/sysver.mly", line 8315, characters 3-20:
Warning: production output_identifier -> identifier is never reduced.
File "/home/udesou/.bench-agent/git/macro-benches/benchmarks/menhir/sysver.mly", line 11710, characters 18-18:
Warning: production sequence_expr_17 -> is never reduced.
File "/home/udesou/.bench-agent/git/macro-benches/benchmarks/menhir/sysver.mly", line 549, characters 7-25:
Warning: production start -> source_text_3 is never reduced.
File "/home/udesou/.bench-agent/git/macro-benches/benchmarks/menhir/sysver.mly", line 549, characters 7-25:
Warning: production start -> timeunits_declaration source_text_3 is never reduced.
File "/home/udesou/.bench-agent/git/macro-benches/benchmarks/menhir/sysver.mly", line 8416, characters 3-22:
Warning: production statement_item -> hierarchical_identifier SEMICOLON is never reduced.
File "/home/udesou/.bench-agent/git/macro-benches/benchmarks/menhir/sysver.mly", line 8416, characters 3-22:
Warning: production statement_item -> hierarchical_identifier LPAREN list_of_arguments RPAREN SEMICOLON is never reduced.
File "/home/udesou/.bench-agent/git/macro-benches/benchmarks/menhir/sysver.mly", line 8664, characters 3-20:
Warning: production struct_member_label -> identifier is never reduced.
File "/home/udesou/.bench-agent/git/macro-benches/benchmarks/menhir/sysver.mly", line 9634, characters 3-20:
Warning: production task_or_function_identifier -> identifier is never reduced.
File "/home/udesou/.bench-agent/git/macro-benches/benchmarks/menhir/sysver.mly", line 10119, characters 3-10:
Warning: production tf_data_type -> CHANDLE is never reduced.
Warning: in total, 29 productions are never reduced.
*****
{
  "olly": {
    "version": 2,
    "wall_time": 259.0,
    "cpu_time": 259.0,
    "gc_time": 18.23,
    "gc_overhead": 7.04,
    "max_rss_kb": 4067880,
    "domain_stats": {
      "0": {
        "wall_time": 259.0,
        "gc_time": 18.23,
        "gc_overhead": 7.04
      }
    },
    "mean_latency": 0.0123,
    "stddev_latency": 0.189159,
    "min_latency": 0.0,
    "max_latency": 121.372671,
    "distr_latency": {
      "25.0000": 0.000911,
      "50.0000": 0.001863,
      "60.0000": 0.001967,
      "70.0000": 0.002319,
      "75.0000": 0.002399,
      "80.0000": 0.002471,
      "85.0000": 0.002663,
      "90.0000": 0.008535,
      "95.0000": 0.010583,
      "96.0000": 0.011095,
      "97.0000": 0.017279,
      "98.0000": 0.073343,
      "99.0000": 0.373503,
      "99.9000": 1.571839,
      "99.9900": 1.900543,
      "99.9990": 2.871295,
      "99.9999": 104.398847,
      "100.0000": 121.372671
    },
    "outliers": {
      "count": 0,
      "mean_latency": 0.0,
      "max_latency": 0.0
    },
    "allocations": {
      "total_heap": 97040642771,
      "minor_heap": 96871940209,
      "major_heap": 918059386,
      "promoted_words": 749356824,
      "promoted_pct": 0.77
    },
    "domain_alloc_stats": {
      "0": {
        "total": 97040642771,
        "minor": 96871940209,
        "promoted": 749356824,
        "major": 918059386,
        "promoted_pct": 0.77
      }
    },
    "collections": {
      "minor": 739118,
      "major": 30,
      "forced_major": 0,
      "compactions": 0
    },
    "stats_reliable": true
  },
  "perf": [
    {
      "counter-value": "258996.783598",
      "unit": "msec",
      "event": "task-clock",
      "event-runtime": 258996783598,
      "pcnt-running": 100.0,
      "metric-value": "0.995104",
      "metric-unit": "CPUs utilized"
    },
    {
      "counter-value": "1111050.000000",
      "unit": "",
      "event": "page-faults",
      "event-runtime": 258996779457,
      "pcnt-running": 100.0,
      "metric-value": "4.289822",
      "metric-unit": "K/sec"
    },
    {
      "counter-value": "854667333923.000000",
      "unit": "",
      "event": "cycles",
      "event-runtime": 258996777227,
      "pcnt-running": 100.0,
      "metric-value": "3.299915",
      "metric-unit": "GHz"
    },
    {
      "counter-value": "1793760243215.000000",
      "unit": "",
      "event": "instructions",
      "event-runtime": 258996771486,
      "pcnt-running": 100.0,
      "metric-value": "2.098782",
      "metric-unit": "insn per cycle"
    }
  ]
}
-----
mkdir -p PLOTTY_WORKAROUND; timedrun; OCAMLRUNPARAM="s=131072,o=120,e=25,d=2" /home/udesou/.bench-agent/git/macro-benches/benchmarks/menhir/menhir_sysver_canonical-ocaml-5.5.0-f523850-fp --canonical --table /home/udesou/.bench-agent/git/macro-benches/benchmarks/menhir/sysver.mly
running-ng v0.3.8
Thu Sep  3 09:46:17 PM UTC 2026

 21:46:17 up 3 days, 14:17,  2 users,  load average: 1.01, 1.00, 1.00
USER     TTY      FROM             LOGIN@   IDLE   JCPU   PCPU  WHAT

procs -----------memory---------- ---swap-- -----io---- -system-- -------cpu-------
 r  b   swpd   free   buff  cache   si   so    bi    bo   in   cs us sy id wa st gu
 0  1   1024 27057236 2334552 35129240    0    0    20   467 1896    3  5  0 89  6  0  0
 0  1   1024 27065452 2334552 35128752    0    0     0     0 1683 3096  0  0 88 12  0  0

top - 21:46:18 up 3 days, 14:17,  2 users,  load average: 1.01, 1.00, 1.00
Tasks: 275 total,   1 running, 274 sleeping,   0 stopped,   0 zombie
%Cpu(s):  0.0 us,  0.0 sy,  0.0 ni, 88.1 id, 11.9 wa,  0.0 hi,  0.0 si,  0.0 st 
MiB Mem :  64272.5 total,  26431.4 free,   1979.2 used,  36585.3 buff/cache     
MiB Swap:   8192.0 total,   8191.0 free,      1.0 used.  62293.2 avail Mem 

    PID USER      PR  NI    VIRT    RES    SHR S  %CPU  %MEM     TIME+ COMMAND
      1 root      20   0   22736  14164   9620 S   0.0   0.0   2:13.97 /usr/lib/systemd/systemd --system --deserialize=91
      2 root      20   0       0      0      0 S   0.0   0.0   0:00.04 [kthreadd]
      3 root      20   0       0      0      0 S   0.0   0.0   0:00.00 [pool_workqueue_release]
      4 root       0 -20       0      0      0 I   0.0   0.0   0:00.00 [kworker/R-rcu_g]
      5 root       0 -20       0      0      0 I   0.0   0.0   0:00.00 [kworker/R-rcu_p]

Environment variables: 
	CAML_LD_LIBRARY_PATH=/home/udesou/ocaml-bench-service/_opam/lib/stublibs:/home/udesou/ocaml-bench-service/_opam/lib/ocaml/stublibs:/home/udesou/ocaml-bench-service/_opam/lib/ocaml
	CONFIG_FILE=/home/udesou/.bench-agent/work/run-20260903-001-e1/run-20260903-001.yml
	HOME=/home/udesou
	LANG=en_US.UTF-8
	LOGNAME=udesou
	LOG_DIR=/home/udesou/.bench-agent/logs
	MANPATH=:/home/udesou/ocaml-bench-service/_opam/man
	OCAMLTOP_INCLUDE_PATH=/home/udesou/ocaml-bench-service/_opam/lib/toplevel
	OCAML_TOPLEVEL_PATH=/home/udesou/ocaml-bench-service/_opam/lib/toplevel
	OLLY_DIR=/home/udesou/.bench-agent/git/olly
	OPAMSWITCH=/home/udesou/ocaml-bench-service
	OPAM_LAST_ENV=/home/udesou/.opam/.last-env/env-5c215a2b0e39ccf869c777f01343de63-0
	OPAM_SWITCH_PREFIX=/home/udesou/ocaml-bench-service/_opam
	PATH=/usr/local/bin:/home/udesou/.bench-agent/git/olly/_build/install/default/bin:/home/udesou/ocaml-bench-service/_opam/bin:/home/udesou/ocaml-bench-service/_opam/bin:/home/udesou/.vscode-server/data/User/globalStorage/github.copilot-chat/debugCommand:/home/udesou/.vscode-server/data/User/globalStorage/github.copilot-chat/copilotCli:/home/udesou/.vscode-server/cli/servers/Stable-08d4889f9ec4a1685d257b9b95de036c8e1ce1e5/server/bin/remote-cli:/home/udesou/.opam/running-ng-ocaml-5.2.1/bin:/home/udesou/.local/bin:/home/udesou/.opam/running-ng-ocaml-5.2.1/bin:/home/udesou/.local/bin:/usr/local/sbin:/usr/local/bin:/usr/sbin:/usr/bin:/sbin:/bin:/usr/games:/usr/local/games:/snap/bin:/home/udesou/.vscode-server/extensions/ms-python.debugpy-2026.6.0-linux-x64/bundled/scripts/noConfigScripts
	PWD=/home/udesou/ocaml-bench-service
	PYTHONPATH=/home/udesou/.bench-agent/git/running-ng/src
	RUNNING_BENCH_DIR=/home/udesou/.bench-agent/git/macro-benches
	RUNNING_MACRO_BENCH_DIR=/home/udesou/.bench-agent/git/macro-benches
	RUNNING_NG_PACKAGE_DATA=/home/udesou/.bench-agent/git/running-ng/src/running/config
	RUNNING_REUSE_SWITCHES=1
	RUNNING_TAG=default_run,large_run
	SHELL=/bin/bash
	SHLVL=1
	TERM=screen.xterm-256color
	USER=udesou
	_=/usr/bin/python3
OS: Linux obelisk 6.8.0-138-generic #138-Ubuntu SMP PREEMPT_DYNAMIC Fri Jul 31 22:41:49 UTC 2026 x86_64 x86_64 x86_64 GNU/Linux
CPU: model name	: Intel(R) Xeon(R) CPU E5-2667 v2 @ 3.30GHz
number of cores: 8
Frequency of cpu 0: 3.30 GHz
Governor of cpu 0: performance
Scaling_min_freq of cpu 0: 1.20 GHz
Frequency of cpu 2: 3.30 GHz
Governor of cpu 2: performance
Scaling_min_freq of cpu 2: 1.20 GHz
Frequency of cpu 4: 3.30 GHz
Governor of cpu 4: performance
Scaling_min_freq of cpu 4: 1.20 GHz
Frequency of cpu 6: 3.30 GHz
Governor of cpu 6: performance
Scaling_min_freq of cpu 6: 1.20 GHz
File "/home/udesou/.bench-agent/git/macro-benches/benchmarks/menhir/sysver.mly", line 459, characters 8-19:
Warning: the token ALTERNATIVE is unused.
File "/home/udesou/.bench-agent/git/macro-benches/benchmarks/menhir/sysver.mly", line 429, characters 15-17:
Warning: the token AS is unused.
File "/home/udesou/.bench-agent/git/macro-benches/benchmarks/menhir/sysver.mly", line 430, characters 16-22:
Warning: the token ASCNUM is unused.
File "/home/udesou/.bench-agent/git/macro-benches/benchmarks/menhir/sysver.mly", line 460, characters 8-18:
Warning: the token ASSIGNMENT is unused.
File "/home/udesou/.bench-agent/git/macro-benches/benchmarks/menhir/sysver.mly", line 461, characters 8-13:
Warning: the token BIDIR is unused.
File "/home/udesou/.bench-agent/git/macro-benches/benchmarks/menhir/sysver.mly", line 462, characters 16-22:
Warning: the token BINNUM is unused.
File "/home/udesou/.bench-agent/git/macro-benches/benchmarks/menhir/sysver.mly", line 463, characters 8-14:
Warning: the token BITSEL is unused.
File "/home/udesou/.bench-agent/git/macro-benches/benchmarks/menhir/sysver.mly", line 266, characters 7-11:
Warning: the token BOLD is unused.
File "/home/udesou/.bench-agent/git/macro-benches/benchmarks/menhir/sysver.mly", line 464, characters 8-16:
Warning: the token CASECOND is unused.
File "/home/udesou/.bench-agent/git/macro-benches/benchmarks/menhir/sysver.mly", line 465, characters 8-15:
Warning: the token CELLPIN is unused.
File "/home/udesou/.bench-agent/git/macro-benches/benchmarks/menhir/sysver.mly", line 431, characters 14-18:
Warning: the token CHAR is unused.
File "/home/udesou/.bench-agent/git/macro-benches/benchmarks/menhir/sysver.mly", line 466, characters 8-14:
Warning: the token CONCAT is unused.
File "/home/udesou/.bench-agent/git/macro-benches/benchmarks/menhir/sysver.mly", line 202, characters 7-16:
Warning: the token COUNTONES is unused.
File "/home/udesou/.bench-agent/git/macro-benches/benchmarks/menhir/sysver.mly", line 468, characters 16-22:
Warning: the token DECNUM is unused.
File "/home/udesou/.bench-agent/git/macro-benches/benchmarks/menhir/sysver.mly", line 443, characters 87-94:
Warning: the token DECUPLE is unused.
File "/home/udesou/.bench-agent/git/macro-benches/benchmarks/menhir/sysver.mly", line 469, characters 8-21:
Warning: the token DLYASSIGNMENT is unused.
File "/home/udesou/.bench-agent/git/macro-benches/benchmarks/menhir/sysver.mly", line 470, characters 20-26:
Warning: the token DOTTED is unused.
File "/home/udesou/.bench-agent/git/macro-benches/benchmarks/menhir/sysver.mly", line 435, characters 23-29:
Warning: the token DOUBLE is unused.
File "/home/udesou/.bench-agent/git/macro-benches/benchmarks/menhir/sysver.mly", line 472, characters 8-14:
Warning: the token DRIVER is unused.
File "/home/udesou/.bench-agent/git/macro-benches/benchmarks/menhir/sysver.mly", line 445, characters 103-113:
Warning: the token DUODECUPLE is unused.
File "/home/udesou/.bench-agent/git/macro-benches/benchmarks/menhir/sysver.mly", line 455, characters 183-195:
Warning: the token DUOVIGENUPLE is unused.
File "/home/udesou/.bench-agent/git/macro-benches/benchmarks/menhir/sysver.mly", line 315, characters 7-18:
Warning: the token D_ATTRIBUTE is unused.
File "/home/udesou/.bench-agent/git/macro-benches/benchmarks/menhir/sysver.mly", line 96, characters 7-13:
Warning: the token D_BITS is unused.
File "/home/udesou/.bench-agent/git/macro-benches/benchmarks/menhir/sysver.mly", line 467, characters 8-11:
Warning: the token D_C is unused.
File "/home/udesou/.bench-agent/git/macro-benches/benchmarks/menhir/sysver.mly", line 4, characters 7-14:
Warning: the token D_CLOG2 is unused.
File "/home/udesou/.bench-agent/git/macro-benches/benchmarks/menhir/sysver.mly", line 167, characters 7-21:
Warning: the token D_COUNTDRIVERS is unused.
File "/home/udesou/.bench-agent/git/macro-benches/benchmarks/menhir/sysver.mly", line 265, characters 7-18:
Warning: the token D_COUNTONES is unused.
File "/home/udesou/.bench-agent/git/macro-benches/benchmarks/menhir/sysver.mly", line 197, characters 7-16:
Warning: the token D_DISPLAY is unused.
File "/home/udesou/.bench-agent/git/macro-benches/benchmarks/menhir/sysver.mly", line 412, characters 7-14:
Warning: the token D_ERROR is unused.
File "/home/udesou/.bench-agent/git/macro-benches/benchmarks/menhir/sysver.mly", line 138, characters 7-14:
Warning: the token D_FATAL is unused.
File "/home/udesou/.bench-agent/git/macro-benches/benchmarks/menhir/sysver.mly", line 170, characters 7-15:
Warning: the token D_FCLOSE is unused.
File "/home/udesou/.bench-agent/git/macro-benches/benchmarks/menhir/sysver.mly", line 348, characters 7-17:
Warning: the token D_FDISPLAY is unused.
File "/home/udesou/.bench-agent/git/macro-benches/benchmarks/menhir/sysver.mly", line 147, characters 7-13:
Warning: the token D_FEOF is unused.
File "/home/udesou/.bench-agent/git/macro-benches/benchmarks/menhir/sysver.mly", line 17, characters 7-15:
Warning: the token D_FFLUSH is unused.
File "/home/udesou/.bench-agent/git/macro-benches/benchmarks/menhir/sysver.mly", line 128, characters 7-14:
Warning: the token D_FGETC is unused.
File "/home/udesou/.bench-agent/git/macro-benches/benchmarks/menhir/sysver.mly", line 155, characters 7-14:
Warning: the token D_FGETS is unused.
File "/home/udesou/.bench-agent/git/macro-benches/benchmarks/menhir/sysver.mly", line 387, characters 7-15:
Warning: the token D_FINISH is unused.
File "/home/udesou/.bench-agent/git/macro-benches/benchmarks/menhir/sysver.mly", line 23, characters 7-14:
Warning: the token D_FOPEN is unused.
File "/home/udesou/.bench-agent/git/macro-benches/benchmarks/menhir/sysver.mly", line 78, characters 7-15:
Warning: the token D_FSCANF is unused.
File "/home/udesou/.bench-agent/git/macro-benches/benchmarks/menhir/sysver.mly", line 26, characters 7-15:
Warning: the token D_FWRITE is unused.
File "/home/udesou/.bench-agent/git/macro-benches/benchmarks/menhir/sysver.mly", line 408, characters 7-16:
Warning: the token D_FWRITEH is unused.
File "/home/udesou/.bench-agent/git/macro-benches/benchmarks/menhir/sysver.mly", line 329, characters 7-13:
Warning: the token D_INFO is unused.
File "/home/udesou/.bench-agent/git/macro-benches/benchmarks/menhir/sysver.mly", line 275, characters 7-18:
Warning: the token D_ISUNKNOWN is unused.
File "/home/udesou/.bench-agent/git/macro-benches/benchmarks/menhir/sysver.mly", line 76, characters 7-16:
Warning: the token D_MONITOR is unused.
File "/home/udesou/.bench-agent/git/macro-benches/benchmarks/menhir/sysver.mly", line 345, characters 7-15:
Warning: the token D_ONEHOT is unused.
File "/home/udesou/.bench-agent/git/macro-benches/benchmarks/menhir/sysver.mly", line 230, characters 7-16:
Warning: the token D_ONEHOT0 is unused.
File "/home/udesou/.bench-agent/git/macro-benches/benchmarks/menhir/sysver.mly", line 471, characters 8-16:
Warning: the token D_RANDOM is unused.
File "/home/udesou/.bench-agent/git/macro-benches/benchmarks/menhir/sysver.mly", line 5, characters 7-17:
Warning: the token D_READMEMB is unused.
File "/home/udesou/.bench-agent/git/macro-benches/benchmarks/menhir/sysver.mly", line 11, characters 7-17:
Warning: the token D_READMEMH is unused.
File "/home/udesou/.bench-agent/git/macro-benches/benchmarks/menhir/sysver.mly", line 313, characters 7-17:
Warning: the token D_REALTIME is unused.
File "/home/udesou/.bench-agent/git/macro-benches/benchmarks/menhir/sysver.mly", line 323, characters 7-15:
Warning: the token D_SIGNED is unused.
File "/home/udesou/.bench-agent/git/macro-benches/benchmarks/menhir/sysver.mly", line 249, characters 7-15:
Warning: the token D_SSCANF is unused.
File "/home/udesou/.bench-agent/git/macro-benches/benchmarks/menhir/sysver.mly", line 473, characters 8-15:
Warning: the token D_STIME is unused.
File "/home/udesou/.bench-agent/git/macro-benches/benchmarks/menhir/sysver.mly", line 354, characters 7-13:
Warning: the token D_STOP is unused.
File "/home/udesou/.bench-agent/git/macro-benches/benchmarks/menhir/sysver.mly", line 113, characters 7-22:
Warning: the token D_TEST_PLUSARGS is unused.
File "/home/udesou/.bench-agent/git/macro-benches/benchmarks/menhir/sysver.mly", line 390, characters 7-13:
Warning: the token D_TIME is unused.
File "/home/udesou/.bench-agent/git/macro-benches/benchmarks/menhir/sysver.mly", line 247, characters 7-17:
Warning: the token D_UNSIGNED is unused.
File "/home/udesou/.bench-agent/git/macro-benches/benchmarks/menhir/sysver.mly", line 366, characters 7-16:
Warning: the token D_WARNING is unused.
File "/home/udesou/.bench-agent/git/macro-benches/benchmarks/menhir/sysver.mly", line 337, characters 7-14:
Warning: the token D_WRITE is unused.
File "/home/udesou/.bench-agent/git/macro-benches/benchmarks/menhir/sysver.mly", line 61, characters 7-12:
Warning: the token EMPTY is unused.
File "/home/udesou/.bench-agent/git/macro-benches/benchmarks/menhir/sysver.mly", line 474, characters 8-16:
Warning: the token ENDLABEL is unused.
File "/home/udesou/.bench-agent/git/macro-benches/benchmarks/menhir/sysver.mly", line 475, characters 8-17:
Warning: the token ENDOFFILE is unused.
File "/home/udesou/.bench-agent/git/macro-benches/benchmarks/menhir/sysver.mly", line 476, characters 15-23:
Warning: the token FLOATNUM is unused.
File "/home/udesou/.bench-agent/git/macro-benches/benchmarks/menhir/sysver.mly", line 428, characters 15-17:
Warning: the token FS is unused.
File "/home/udesou/.bench-agent/git/macro-benches/benchmarks/menhir/sysver.mly", line 477, characters 8-29:
Warning: the token FULLSKEW_TIMING_CHECK is unused.
File "/home/udesou/.bench-agent/git/macro-benches/benchmarks/menhir/sysver.mly", line 478, characters 8-15:
Warning: the token FUNCREF is unused.
File "/home/udesou/.bench-agent/git/macro-benches/benchmarks/menhir/sysver.mly", line 479, characters 8-16:
Warning: the token FUNCUSED is unused.
File "/home/udesou/.bench-agent/git/macro-benches/benchmarks/menhir/sysver.mly", line 480, characters 8-15:
Warning: the token GENCASE is unused.
File "/home/udesou/.bench-agent/git/macro-benches/benchmarks/menhir/sysver.mly", line 481, characters 8-19:
Warning: the token GENCASECOND is unused.
File "/home/udesou/.bench-agent/git/macro-benches/benchmarks/menhir/sysver.mly", line 482, characters 16-22:
Warning: the token HEXNUM is unused.
File "/home/udesou/.bench-agent/git/macro-benches/benchmarks/menhir/sysver.mly", line 483, characters 8-25:
Warning: the token HOLD_TIMING_CHECK is unused.
File "/home/udesou/.bench-agent/git/macro-benches/benchmarks/menhir/sysver.mly", line 432, characters 16-18:
Warning: the token ID is unused.
File "/home/udesou/.bench-agent/git/macro-benches/benchmarks/menhir/sysver.mly", line 484, characters 8-16:
Warning: the token IMPLICIT is unused.
File "/home/udesou/.bench-agent/git/macro-benches/benchmarks/menhir/sysver.mly", line 434, characters 13-16:
Warning: the token INT is unused.
File "/home/udesou/.bench-agent/git/macro-benches/benchmarks/menhir/sysver.mly", line 485, characters 16-22:
Warning: the token INTNUM is unused.
File "/home/udesou/.bench-agent/git/macro-benches/benchmarks/menhir/sysver.mly", line 486, characters 8-14:
Warning: the token IOPORT is unused.
File "/home/udesou/.bench-agent/git/macro-benches/benchmarks/menhir/sysver.mly", line 215, characters 7-16:
Warning: the token ISUNKNOWN is unused.
File "/home/udesou/.bench-agent/git/macro-benches/benchmarks/menhir/sysver.mly", line 145, characters 7-20:
Warning: the token IS_DEFINED_AS is unused.
File "/home/udesou/.bench-agent/git/macro-benches/benchmarks/menhir/sysver.mly", line 487, characters 8-20:
Warning: the token LEFT_BRACKET is unused.
File "/home/udesou/.bench-agent/git/macro-benches/benchmarks/menhir/sysver.mly", line 488, characters 8-18:
Warning: the token LEFT_CURLY is unused.
File "/home/udesou/.bench-agent/git/macro-benches/benchmarks/menhir/sysver.mly", line 489, characters 8-14:
Warning: the token MEMORY is unused.
File "/home/udesou/.bench-agent/git/macro-benches/benchmarks/menhir/sysver.mly", line 490, characters 8-17:
Warning: the token MINTYPMAX is unused.
File "/home/udesou/.bench-agent/git/macro-benches/benchmarks/menhir/sysver.mly", line 491, characters 8-15:
Warning: the token MODINST is unused.
File "/home/udesou/.bench-agent/git/macro-benches/benchmarks/menhir/sysver.mly", line 424, characters 15-17:
Warning: the token MS is unused.
File "/home/udesou/.bench-agent/git/macro-benches/benchmarks/menhir/sysver.mly", line 492, characters 8-13:
Warning: the token NAMED is unused.
File "/home/udesou/.bench-agent/git/macro-benches/benchmarks/menhir/sysver.mly", line 493, characters 8-29:
Warning: the token NOCHANGE_TIMING_CHECK is unused.
File "/home/udesou/.bench-agent/git/macro-benches/benchmarks/menhir/sysver.mly", line 442, characters 79-86:
Warning: the token NONUPLE is unused.
File "/home/udesou/.bench-agent/git/macro-benches/benchmarks/menhir/sysver.mly", line 452, characters 159-171:
Warning: the token NOVEMDECUPLE is unused.
File "/home/udesou/.bench-agent/git/macro-benches/benchmarks/menhir/sysver.mly", line 426, characters 15-17:
Warning: the token NS is unused.
File "/home/udesou/.bench-agent/git/macro-benches/benchmarks/menhir/sysver.mly", line 494, characters 16-22:
Warning: the token OCTNUM is unused.
File "/home/udesou/.bench-agent/git/macro-benches/benchmarks/menhir/sysver.mly", line 451, characters 151-162:
Warning: the token OCTODECUPLE is unused.
File "/home/udesou/.bench-agent/git/macro-benches/benchmarks/menhir/sysver.mly", line 441, characters 71-78:
Warning: the token OCTUPLE is unused.
File "/home/udesou/.bench-agent/git/macro-benches/benchmarks/menhir/sysver.mly", line 495, characters 8-17:
Warning: the token PARAMUSED is unused.
File "/home/udesou/.bench-agent/git/macro-benches/benchmarks/menhir/sysver.mly", line 496, characters 8-15:
Warning: the token PARTSEL is unused.
File "/home/udesou/.bench-agent/git/macro-benches/benchmarks/menhir/sysver.mly", line 506, characters 8-27:
Warning: the token PERIOD_TIMING_CHECK is unused.
File "/home/udesou/.bench-agent/git/macro-benches/benchmarks/menhir/sysver.mly", line 511, characters 16-25:
Warning: the token PRAGMATIC is unused.
File "/home/udesou/.bench-agent/git/macro-benches/benchmarks/menhir/sysver.mly", line 512, characters 16-23:
Warning: the token PREPROC is unused.
File "/home/udesou/.bench-agent/git/macro-benches/benchmarks/menhir/sysver.mly", line 514, characters 8-16:
Warning: the token PRIMINST is unused.
File "/home/udesou/.bench-agent/git/macro-benches/benchmarks/menhir/sysver.mly", line 427, characters 15-17:
Warning: the token PS is unused.
File "/home/udesou/.bench-agent/git/macro-benches/benchmarks/menhir/sysver.mly", line 1, characters 7-13:
Warning: the token P_ATAT is unused.
File "/home/udesou/.bench-agent/git/macro-benches/benchmarks/menhir/sysver.mly", line 497, characters 8-20:
Warning: the token P_CELLDEFINE is unused.
File "/home/udesou/.bench-agent/git/macro-benches/benchmarks/menhir/sysver.mly", line 498, characters 8-16:
Warning: the token P_DEFINE is unused.
File "/home/udesou/.bench-agent/git/macro-benches/benchmarks/menhir/sysver.mly", line 499, characters 8-25:
Warning: the token P_DELAY_MODE_PATH is unused.
File "/home/udesou/.bench-agent/git/macro-benches/benchmarks/menhir/sysver.mly", line 500, characters 8-28:
Warning: the token P_DISABLE_PORTFAULTS is unused.
File "/home/udesou/.bench-agent/git/macro-benches/benchmarks/menhir/sysver.mly", line 501, characters 8-14:
Warning: the token P_ELSE is unused.
File "/home/udesou/.bench-agent/git/macro-benches/benchmarks/menhir/sysver.mly", line 502, characters 8-27:
Warning: the token P_ENABLE_PORTFAULTS is unused.
File "/home/udesou/.bench-agent/git/macro-benches/benchmarks/menhir/sysver.mly", line 503, characters 8-23:
Warning: the token P_ENDCELLDEFINE is unused.
File "/home/udesou/.bench-agent/git/macro-benches/benchmarks/menhir/sysver.mly", line 504, characters 8-15:
Warning: the token P_ENDIF is unused.
File "/home/udesou/.bench-agent/git/macro-benches/benchmarks/menhir/sysver.mly", line 505, characters 8-20:
Warning: the token P_ENDPROTECT is unused.
File "/home/udesou/.bench-agent/git/macro-benches/benchmarks/menhir/sysver.mly", line 507, characters 8-15:
Warning: the token P_IFDEF is unused.
File "/home/udesou/.bench-agent/git/macro-benches/benchmarks/menhir/sysver.mly", line 508, characters 16-25:
Warning: the token P_INCLUDE is unused.
File "/home/udesou/.bench-agent/git/macro-benches/benchmarks/menhir/sysver.mly", line 216, characters 7-12:
Warning: the token P_NOR is unused.
File "/home/udesou/.bench-agent/git/macro-benches/benchmarks/menhir/sysver.mly", line 509, characters 8-27:
Warning: the token P_NOSUPPRESS_FAULTS is unused.
File "/home/udesou/.bench-agent/git/macro-benches/benchmarks/menhir/sysver.mly", line 82, characters 7-13:
Warning: the token P_OREQ is unused.
File "/home/udesou/.bench-agent/git/macro-benches/benchmarks/menhir/sysver.mly", line 66, characters 7-15:
Warning: the token P_OREQGT is unused.
File "/home/udesou/.bench-agent/git/macro-benches/benchmarks/menhir/sysver.mly", line 46, characters 7-18:
Warning: the token P_ORMINUSGT is unused.
File "/home/udesou/.bench-agent/git/macro-benches/benchmarks/menhir/sysver.mly", line 35, characters 7-13:
Warning: the token P_OROR is unused.
File "/home/udesou/.bench-agent/git/macro-benches/benchmarks/menhir/sysver.mly", line 510, characters 8-17:
Warning: the token P_PROTECT is unused.
File "/home/udesou/.bench-agent/git/macro-benches/benchmarks/menhir/sysver.mly", line 513, characters 8-18:
Warning: the token P_RESETALL is unused.
File "/home/udesou/.bench-agent/git/macro-benches/benchmarks/menhir/sysver.mly", line 515, characters 8-25:
Warning: the token P_SUPPRESS_FAULTS is unused.
File "/home/udesou/.bench-agent/git/macro-benches/benchmarks/menhir/sysver.mly", line 516, characters 16-27:
Warning: the token P_TIMESCALE is unused.
File "/home/udesou/.bench-agent/git/macro-benches/benchmarks/menhir/sysver.mly", line 336, characters 7-18:
Warning: the token P_WILDEQUAL is unused.
File "/home/udesou/.bench-agent/git/macro-benches/benchmarks/menhir/sysver.mly", line 135, characters 7-21:
Warning: the token P_WILDNOTEQUAL is unused.
File "/home/udesou/.bench-agent/git/macro-benches/benchmarks/menhir/sysver.mly", line 437, characters 39-48:
Warning: the token QUADRUPLE is unused.
File "/home/udesou/.bench-agent/git/macro-benches/benchmarks/menhir/sysver.mly", line 447, characters 119-134:
Warning: the token QUATTUORDECUPLE is unused.
File "/home/udesou/.bench-agent/git/macro-benches/benchmarks/menhir/sysver.mly", line 457, characters 199-216:
Warning: the token QUATTUORVIGENUPLE is unused.
File "/home/udesou/.bench-agent/git/macro-benches/benchmarks/menhir/sysver.mly", line 448, characters 127-138:
Warning: the token QUINDECUPLE is unused.
File "/home/udesou/.bench-agent/git/macro-benches/benchmarks/menhir/sysver.mly", line 438, characters 47-56:
Warning: the token QUINTUPLE is unused.
File "/home/udesou/.bench-agent/git/macro-benches/benchmarks/menhir/sysver.mly", line 458, characters 207-220:
Warning: the token QUINVIGENUPLE is unused.
File "/home/udesou/.bench-agent/git/macro-benches/benchmarks/menhir/sysver.mly", line 433, characters 24-29:
Warning: the token RANGE is unused.
File "/home/udesou/.bench-agent/git/macro-benches/benchmarks/menhir/sysver.mly", line 517, characters 8-16:
Warning: the token RECEIVER is unused.
File "/home/udesou/.bench-agent/git/macro-benches/benchmarks/menhir/sysver.mly", line 518, characters 8-29:
Warning: the token RECOVERY_TIMING_CHECK is unused.
File "/home/udesou/.bench-agent/git/macro-benches/benchmarks/menhir/sysver.mly", line 519, characters 8-27:
Warning: the token RECREM_TIMING_CHECK is unused.
File "/home/udesou/.bench-agent/git/macro-benches/benchmarks/menhir/sysver.mly", line 520, characters 8-28:
Warning: the token REMOVAL_TIMING_CHECK is unused.
File "/home/udesou/.bench-agent/git/macro-benches/benchmarks/menhir/sysver.mly", line 521, characters 8-21:
Warning: the token RIGHT_BRACKET is unused.
File "/home/udesou/.bench-agent/git/macro-benches/benchmarks/menhir/sysver.mly", line 522, characters 8-19:
Warning: the token RIGHT_CURLY is unused.
File "/home/udesou/.bench-agent/git/macro-benches/benchmarks/menhir/sysver.mly", line 523, characters 8-14:
Warning: the token SCALAR is unused.
File "/home/udesou/.bench-agent/git/macro-benches/benchmarks/menhir/sysver.mly", line 524, characters 8-16:
Warning: the token SENSUSED is unused.
File "/home/udesou/.bench-agent/git/macro-benches/benchmarks/menhir/sysver.mly", line 450, characters 143-156:
Warning: the token SEPTENDECUPLE is unused.
File "/home/udesou/.bench-agent/git/macro-benches/benchmarks/menhir/sysver.mly", line 440, characters 63-71:
Warning: the token SEPTUPLE is unused.
File "/home/udesou/.bench-agent/git/macro-benches/benchmarks/menhir/sysver.mly", line 525, characters 8-30:
Warning: the token SETUPHOLD_TIMING_CHECK is unused.
File "/home/udesou/.bench-agent/git/macro-benches/benchmarks/menhir/sysver.mly", line 526, characters 8-26:
Warning: the token SETUP_TIMING_CHECK is unused.
File "/home/udesou/.bench-agent/git/macro-benches/benchmarks/menhir/sysver.mly", line 449, characters 135-145:
Warning: the token SEXDECUPLE is unused.
File "/home/udesou/.bench-agent/git/macro-benches/benchmarks/menhir/sysver.mly", line 439, characters 55-63:
Warning: the token SEXTUPLE is unused.
File "/home/udesou/.bench-agent/git/macro-benches/benchmarks/menhir/sysver.mly", line 527, characters 8-25:
Warning: the token SKEW_TIMING_CHECK is unused.
File "/home/udesou/.bench-agent/git/macro-benches/benchmarks/menhir/sysver.mly", line 528, characters 8-15:
Warning: the token SPECIAL is unused.
File "/home/udesou/.bench-agent/git/macro-benches/benchmarks/menhir/sysver.mly", line 291, characters 7-11:
Warning: the token STEP is unused.
File "/home/udesou/.bench-agent/git/macro-benches/benchmarks/menhir/sysver.mly", line 529, characters 8-14:
Warning: the token SUBCCT is unused.
File "/home/udesou/.bench-agent/git/macro-benches/benchmarks/menhir/sysver.mly", line 530, characters 8-17:
Warning: the token SUBMODULE is unused.
File "/home/udesou/.bench-agent/git/macro-benches/benchmarks/menhir/sysver.mly", line 531, characters 8-19:
Warning: the token SUBTRACTION is unused.
File "/home/udesou/.bench-agent/git/macro-benches/benchmarks/menhir/sysver.mly", line 532, characters 8-15:
Warning: the token TASKREF is unused.
File "/home/udesou/.bench-agent/git/macro-benches/benchmarks/menhir/sysver.mly", line 533, characters 8-16:
Warning: the token TASKUSED is unused.
File "/home/udesou/.bench-agent/git/macro-benches/benchmarks/menhir/sysver.mly", line 534, characters 8-29:
Warning: the token TIMESKEW_TIMING_CHECK is unused.
File "/home/udesou/.bench-agent/git/macro-benches/benchmarks/menhir/sysver.mly", line 535, characters 8-18:
Warning: the token TIMINGSPEC is unused.
File "/home/udesou/.bench-agent/git/macro-benches/benchmarks/menhir/sysver.mly", line 536, characters 20-25:
Warning: the token TLIST is unused.
File "/home/udesou/.bench-agent/git/macro-benches/benchmarks/menhir/sysver.mly", line 9, characters 7-22:
Warning: the token TOKEN_1364_2001 is unused.
File "/home/udesou/.bench-agent/git/macro-benches/benchmarks/menhir/sysver.mly", line 248, characters 7-15:
Warning: the token TOKEN_9_ is unused.
File "/home/udesou/.bench-agent/git/macro-benches/benchmarks/menhir/sysver.mly", line 239, characters 7-21:
Warning: the token TOKEN_9_DOLLAR is unused.
File "/home/udesou/.bench-agent/git/macro-benches/benchmarks/menhir/sysver.mly", line 350, characters 7-20:
Warning: the token TOKEN_EDGE_11 is unused.
File "/home/udesou/.bench-agent/git/macro-benches/benchmarks/menhir/sysver.mly", line 13, characters 7-20:
Warning: the token TOKEN_NEWLINE is unused.
File "/home/udesou/.bench-agent/git/macro-benches/benchmarks/menhir/sysver.mly", line 168, characters 7-26:
Warning: the token TOKEN_RBRACK_LCURLY is unused.
File "/home/udesou/.bench-agent/git/macro-benches/benchmarks/menhir/sysver.mly", line 446, characters 111-121:
Warning: the token TREDECUPLE is unused.
File "/home/udesou/.bench-agent/git/macro-benches/benchmarks/menhir/sysver.mly", line 456, characters 191-203:
Warning: the token TREVIGENUPLE is unused.
File "/home/udesou/.bench-agent/git/macro-benches/benchmarks/menhir/sysver.mly", line 436, characters 31-37:
Warning: the token TRIPLE is unused.
File "/home/udesou/.bench-agent/git/macro-benches/benchmarks/menhir/sysver.mly", line 444, characters 95-104:
Warning: the token UNDECUPLE is unused.
File "/home/udesou/.bench-agent/git/macro-benches/benchmarks/menhir/sysver.mly", line 537, characters 8-15:
Warning: the token UNKNOWN is unused.
File "/home/udesou/.bench-agent/git/macro-benches/benchmarks/menhir/sysver.mly", line 454, characters 175-186:
Warning: the token UNVIGENUPLE is unused.
File "/home/udesou/.bench-agent/git/macro-benches/benchmarks/menhir/sysver.mly", line 425, characters 15-17:
Warning: the token US is unused.
File "/home/udesou/.bench-agent/git/macro-benches/benchmarks/menhir/sysver.mly", line 16, characters 7-13:
Warning: the token U_WIRE is unused.
File "/home/udesou/.bench-agent/git/macro-benches/benchmarks/menhir/sysver.mly", line 453, characters 167-176:
Warning: the token VIGENUPLE is unused.
File "/home/udesou/.bench-agent/git/macro-benches/benchmarks/menhir/sysver.mly", line 538, characters 8-26:
Warning: the token WIDTH_TIMING_CHECK is unused.
File "/home/udesou/.bench-agent/git/macro-benches/benchmarks/menhir/sysver.mly", line 8017, characters 8-23:
Warning: symbol actual_arg_expr is unreachable from any of the start symbol(s).
File "/home/udesou/.bench-agent/git/macro-benches/benchmarks/menhir/sysver.mly", line 9113, characters 8-17:
Warning: symbol attr_name is unreachable from any of the start symbol(s).
File "/home/udesou/.bench-agent/git/macro-benches/benchmarks/menhir/sysver.mly", line 9408, characters 0-9:
Warning: symbol attr_spec is unreachable from any of the start symbol(s).
File "/home/udesou/.bench-agent/git/macro-benches/benchmarks/menhir/sysver.mly", line 9737, characters 8-26:
Warning: symbol attribute_instance is unreachable from any of the start symbol(s).
File "/home/udesou/.bench-agent/git/macro-benches/benchmarks/menhir/sysver.mly", line 12078, characters 0-20:
Warning: symbol attribute_instance_4 is unreachable from any of the start symbol(s).
File "/home/udesou/.bench-agent/git/macro-benches/benchmarks/menhir/sysver.mly", line 9540, characters 8-23:
Warning: symbol base_expression is unreachable from any of the start symbol(s).
File "/home/udesou/.bench-agent/git/macro-benches/benchmarks/menhir/sysver.mly", line 565, characters 0-11:
Warning: symbol binary_base is unreachable from any of the start symbol(s).
File "/home/udesou/.bench-agent/git/macro-benches/benchmarks/menhir/sysver.mly", line 551, characters 0-13:
Warning: symbol binary_base_3 is unreachable from any of the start symbol(s).
File "/home/udesou/.bench-agent/git/macro-benches/benchmarks/menhir/sysver.mly", line 9962, characters 8-21:
Warning: symbol block_comment is unreachable from any of the start symbol(s).
File "/home/udesou/.bench-agent/git/macro-benches/benchmarks/menhir/sysver.mly", line 7952, characters 8-24:
Warning: symbol block_identifier is unreachable from any of the start symbol(s).
File "/home/udesou/.bench-agent/git/macro-benches/benchmarks/menhir/sysver.mly", line 555, characters 0-12:
Warning: symbol c_identifier is unreachable from any of the start symbol(s).
File "/home/udesou/.bench-agent/git/macro-benches/benchmarks/menhir/sysver.mly", line 10263, characters 8-19:
Warning: symbol cell_clause is unreachable from any of the start symbol(s).
File "/home/udesou/.bench-agent/git/macro-benches/benchmarks/menhir/sysver.mly", line 12702, characters 8-21:
Warning: symbol cell_clause_3 is unreachable from any of the start symbol(s).
File "/home/udesou/.bench-agent/git/macro-benches/benchmarks/menhir/sysver.mly", line 9485, characters 8-23:
Warning: symbol cell_identifier is unreachable from any of the start symbol(s).
File "/home/udesou/.bench-agent/git/macro-benches/benchmarks/menhir/sysver.mly", line 8817, characters 8-27:
Warning: symbol checktime_condition is unreachable from any of the start symbol(s).
File "/home/udesou/.bench-agent/git/macro-benches/benchmarks/menhir/sysver.mly", line 9081, characters 8-24:
Warning: symbol class_identifier is unreachable from any of the start symbol(s).
File "/home/udesou/.bench-agent/git/macro-benches/benchmarks/menhir/sysver.mly", line 9281, characters 8-27:
Warning: symbol clocking_identifier is unreachable from any of the start symbol(s).
File "/home/udesou/.bench-agent/git/macro-benches/benchmarks/menhir/sysver.mly", line 9878, characters 0-7:
Warning: symbol comment is unreachable from any of the start symbol(s).
File "/home/udesou/.bench-agent/git/macro-benches/benchmarks/menhir/sysver.mly", line 8267, characters 8-20:
Warning: symbol comment_text is unreachable from any of the start symbol(s).
File "/home/udesou/.bench-agent/git/macro-benches/benchmarks/menhir/sysver.mly", line 10575, characters 0-14:
Warning: symbol comment_text_2 is unreachable from any of the start symbol(s).
File "/home/udesou/.bench-agent/git/macro-benches/benchmarks/menhir/sysver.mly", line 9927, characters 8-26:
Warning: symbol config_declaration is unreachable from any of the start symbol(s).
File "/home/udesou/.bench-agent/git/macro-benches/benchmarks/menhir/sysver.mly", line 12314, characters 0-20:
Warning: symbol config_declaration_6 is unreachable from any of the start symbol(s).
File "/home/udesou/.bench-agent/git/macro-benches/benchmarks/menhir/sysver.mly", line 8023, characters 8-25:
Warning: symbol config_identifier is unreachable from any of the start symbol(s).
File "/home/udesou/.bench-agent/git/macro-benches/benchmarks/menhir/sysver.mly", line 10300, characters 0-21:
Warning: symbol config_rule_statement is unreachable from any of the start symbol(s).
File "/home/udesou/.bench-agent/git/macro-benches/benchmarks/menhir/sysver.mly", line 7936, characters 8-24:
Warning: symbol const_identifier is unreachable from any of the start symbol(s).
File "/home/udesou/.bench-agent/git/macro-benches/benchmarks/menhir/sysver.mly", line 8676, characters 8-32:
Warning: symbol constant_base_expression is unreachable from any of the start symbol(s).
File "/home/udesou/.bench-agent/git/macro-benches/benchmarks/menhir/sysver.mly", line 9777, characters 8-33:
Warning: symbol constant_param_expression is unreachable from any of the start symbol(s).
File "/home/udesou/.bench-agent/git/macro-benches/benchmarks/menhir/sysver.mly", line 8667, characters 8-29:
Warning: symbol constraint_identifier is unreachable from any of the start symbol(s).
File "/home/udesou/.bench-agent/git/macro-benches/benchmarks/menhir/sysver.mly", line 9091, characters 8-34:
Warning: symbol controlled_reference_event is unreachable from any of the start symbol(s).
File "/home/udesou/.bench-agent/git/macro-benches/benchmarks/menhir/sysver.mly", line 10125, characters 8-18:
Warning: symbol data_event is unreachable from any of the start symbol(s).
File "/home/udesou/.bench-agent/git/macro-benches/benchmarks/menhir/sysver.mly", line 9422, characters 8-30:
Warning: symbol data_source_expression is unreachable from any of the start symbol(s).
File "/home/udesou/.bench-agent/git/macro-benches/benchmarks/menhir/sysver.mly", line 563, characters 0-12:
Warning: symbol decimal_base is unreachable from any of the start symbol(s).
File "/home/udesou/.bench-agent/git/macro-benches/benchmarks/menhir/sysver.mly", line 561, characters 0-14:
Warning: symbol decimal_base_3 is unreachable from any of the start symbol(s).
File "/home/udesou/.bench-agent/git/macro-benches/benchmarks/menhir/sysver.mly", line 10286, characters 8-22:
Warning: symbol default_clause is unreachable from any of the start symbol(s).
File "/home/udesou/.bench-agent/git/macro-benches/benchmarks/menhir/sysver.mly", line 9256, characters 8-24:
Warning: symbol design_statement is unreachable from any of the start symbol(s).
File "/home/udesou/.bench-agent/git/macro-benches/benchmarks/menhir/sysver.mly", line 11537, characters 0-18:
Warning: symbol design_statement_3 is unreachable from any of the start symbol(s).
File "/home/udesou/.bench-agent/git/macro-benches/benchmarks/menhir/sysver.mly", line 11533, characters 8-28:
Warning: symbol design_statement_3_4 is unreachable from any of the start symbol(s).
File "/home/udesou/.bench-agent/git/macro-benches/benchmarks/menhir/sysver.mly", line 10211, characters 8-37:
Warning: symbol dimension_constant_expression is unreachable from any of the start symbol(s).
File "/home/udesou/.bench-agent/git/macro-benches/benchmarks/menhir/sysver.mly", line 564, characters 0-11:
Warning: symbol edge_symbol is unreachable from any of the start symbol(s).
File "/home/udesou/.bench-agent/git/macro-benches/benchmarks/menhir/sysver.mly", line 9900, characters 8-23:
Warning: symbol enable_terminal is unreachable from any of the start symbol(s).
File "/home/udesou/.bench-agent/git/macro-benches/benchmarks/menhir/sysver.mly", line 7949, characters 8-23:
Warning: symbol end_edge_offset is unreachable from any of the start symbol(s).
File "/home/udesou/.bench-agent/git/macro-benches/benchmarks/menhir/sysver.mly", line 8787, characters 8-23:
Warning: symbol enum_identifier is unreachable from any of the start symbol(s).
File "/home/udesou/.bench-agent/git/macro-benches/benchmarks/menhir/sysver.mly", line 9723, characters 8-25:
Warning: symbol error_limit_value is unreachable from any of the start symbol(s).
File "/home/udesou/.bench-agent/git/macro-benches/benchmarks/menhir/sysver.mly", line 10214, characters 8-24:
Warning: symbol event_based_flag is unreachable from any of the start symbol(s).
File "/home/udesou/.bench-agent/git/macro-benches/benchmarks/menhir/sysver.mly", line 9217, characters 8-24:
Warning: symbol event_identifier is unreachable from any of the start symbol(s).
File "/home/udesou/.bench-agent/git/macro-benches/benchmarks/menhir/sysver.mly", line 568, characters 0-3:
Warning: symbol exp is unreachable from any of the start symbol(s).
File "/home/udesou/.bench-agent/git/macro-benches/benchmarks/menhir/sysver.mly", line 9147, characters 8-19:
Warning: symbol expression1 is unreachable from any of the start symbol(s).
File "/home/udesou/.bench-agent/git/macro-benches/benchmarks/menhir/sysver.mly", line 9150, characters 8-19:
Warning: symbol expression2 is unreachable from any of the start symbol(s).
File "/home/udesou/.bench-agent/git/macro-benches/benchmarks/menhir/sysver.mly", line 9153, characters 8-19:
Warning: symbol expression3 is unreachable from any of the start symbol(s).
File "/home/udesou/.bench-agent/git/macro-benches/benchmarks/menhir/sysver.mly", line 8207, characters 8-22:
Warning: symbol file_path_spec is unreachable from any of the start symbol(s).
File "/home/udesou/.bench-agent/git/macro-benches/benchmarks/menhir/sysver.mly", line 8750, characters 8-25:
Warning: symbol formal_identifier is unreachable from any of the start symbol(s).
File "/home/udesou/.bench-agent/git/macro-benches/benchmarks/menhir/sysver.mly", line 9488, characters 8-27:
Warning: symbol function_identifier is unreachable from any of the start symbol(s).
File "/home/udesou/.bench-agent/git/macro-benches/benchmarks/menhir/sysver.mly", line 8169, characters 8-32:
Warning: symbol gate_instance_identifier is unreachable from any of the start symbol(s).
File "/home/udesou/.bench-agent/git/macro-benches/benchmarks/menhir/sysver.mly", line 7988, characters 8-33:
Warning: symbol generate_block_identifier is unreachable from any of the start symbol(s).
File "/home/udesou/.bench-agent/git/macro-benches/benchmarks/menhir/sysver.mly", line 9930, characters 8-25:
Warning: symbol genvar_identifier is unreachable from any of the start symbol(s).
File "/home/udesou/.bench-agent/git/macro-benches/benchmarks/menhir/sysver.mly", line 558, characters 0-8:
Warning: symbol hex_base is unreachable from any of the start symbol(s).
File "/home/udesou/.bench-agent/git/macro-benches/benchmarks/menhir/sysver.mly", line 567, characters 0-10:
Warning: symbol hex_base_3 is unreachable from any of the start symbol(s).
File "/home/udesou/.bench-agent/git/macro-benches/benchmarks/menhir/sysver.mly", line 569, characters 0-9:
Warning: symbol hex_digit is unreachable from any of the start symbol(s).
File "/home/udesou/.bench-agent/git/macro-benches/benchmarks/menhir/sysver.mly", line 10198, characters 8-37:
Warning: symbol hierarchical_block_identifier is unreachable from any of the start symbol(s).
File "/home/udesou/.bench-agent/git/macro-benches/benchmarks/menhir/sysver.mly", line 9016, characters 8-37:
Warning: symbol hierarchical_event_identifier is unreachable from any of the start symbol(s).
File "/home/udesou/.bench-agent/git/macro-benches/benchmarks/menhir/sysver.mly", line 9428, characters 8-40:
Warning: symbol hierarchical_function_identifier is unreachable from any of the start symbol(s).
File "/home/udesou/.bench-agent/git/macro-benches/benchmarks/menhir/sysver.mly", line 9293, characters 8-35:
Warning: symbol hierarchical_net_identifier is unreachable from any of the start symbol(s).
File "/home/udesou/.bench-agent/git/macro-benches/benchmarks/menhir/sysver.mly", line 8811, characters 8-41:
Warning: symbol hierarchical_parameter_identifier is unreachable from any of the start symbol(s).
File "/home/udesou/.bench-agent/git/macro-benches/benchmarks/menhir/sysver.mly", line 9042, characters 8-36:
Warning: symbol hierarchical_task_identifier is unreachable from any of the start symbol(s).
File "/home/udesou/.bench-agent/git/macro-benches/benchmarks/menhir/sysver.mly", line 8712, characters 8-40:
Warning: symbol hierarchical_variable_identifier is unreachable from any of the start symbol(s).
File "/home/udesou/.bench-agent/git/macro-benches/benchmarks/menhir/sysver.mly", line 8893, characters 8-25:
Warning: symbol include_statement is unreachable from any of the start symbol(s).
File "/home/udesou/.bench-agent/git/macro-benches/benchmarks/menhir/sysver.mly", line 8587, characters 8-29:
Warning: symbol inout_port_identifier is unreachable from any of the start symbol(s).
File "/home/udesou/.bench-agent/git/macro-benches/benchmarks/menhir/sysver.mly", line 8902, characters 8-22:
Warning: symbol inout_terminal is unreachable from any of the start symbol(s).
File "/home/udesou/.bench-agent/git/macro-benches/benchmarks/menhir/sysver.mly", line 10307, characters 8-29:
Warning: symbol input_port_identifier is unreachable from any of the start symbol(s).
File "/home/udesou/.bench-agent/git/macro-benches/benchmarks/menhir/sysver.mly", line 10280, characters 8-22:
Warning: symbol input_terminal is unreachable from any of the start symbol(s).
File "/home/udesou/.bench-agent/git/macro-benches/benchmarks/menhir/sysver.mly", line 7979, characters 8-19:
Warning: symbol inst_clause is unreachable from any of the start symbol(s).
File "/home/udesou/.bench-agent/git/macro-benches/benchmarks/menhir/sysver.mly", line 9909, characters 8-17:
Warning: symbol inst_name is unreachable from any of the start symbol(s).
File "/home/udesou/.bench-agent/git/macro-benches/benchmarks/menhir/sysver.mly", line 12306, characters 0-11:
Warning: symbol inst_name_3 is unreachable from any of the start symbol(s).
File "/home/udesou/.bench-agent/git/macro-benches/benchmarks/menhir/sysver.mly", line 8239, characters 8-27:
Warning: symbol instance_identifier is unreachable from any of the start symbol(s).
File "/home/udesou/.bench-agent/git/macro-benches/benchmarks/menhir/sysver.mly", line 8828, characters 8-28:
Warning: symbol interface_identifier is unreachable from any of the start symbol(s).
File "/home/udesou/.bench-agent/git/macro-benches/benchmarks/menhir/sysver.mly", line 8391, characters 8-37:
Warning: symbol interface_instance_identifier is unreachable from any of the start symbol(s).
File "/home/udesou/.bench-agent/git/macro-benches/benchmarks/menhir/sysver.mly", line 572, characters 0-12:
Warning: symbol level_symbol is unreachable from any of the start symbol(s).
File "/home/udesou/.bench-agent/git/macro-benches/benchmarks/menhir/sysver.mly", line 9501, characters 8-22:
Warning: symbol liblist_clause is unreachable from any of the start symbol(s).
File "/home/udesou/.bench-agent/git/macro-benches/benchmarks/menhir/sysver.mly", line 11790, characters 0-16:
Warning: symbol liblist_clause_3 is unreachable from any of the start symbol(s).
File "/home/udesou/.bench-agent/git/macro-benches/benchmarks/menhir/sysver.mly", line 7905, characters 8-27:
Warning: symbol library_declaration is unreachable from any of the start symbol(s).
File "/home/udesou/.bench-agent/git/macro-benches/benchmarks/menhir/sysver.mly", line 10314, characters 0-21:
Warning: symbol library_declaration_5 is unreachable from any of the start symbol(s).
File "/home/udesou/.bench-agent/git/macro-benches/benchmarks/menhir/sysver.mly", line 10322, characters 8-29:
Warning: symbol library_declaration_6 is unreachable from any of the start symbol(s).
File "/home/udesou/.bench-agent/git/macro-benches/benchmarks/menhir/sysver.mly", line 10318, characters 0-23:
Warning: symbol library_declaration_6_5 is unreachable from any of the start symbol(s).
File "/home/udesou/.bench-agent/git/macro-benches/benchmarks/menhir/sysver.mly", line 10045, characters 0-20:
Warning: symbol library_descriptions is unreachable from any of the start symbol(s).
File "/home/udesou/.bench-agent/git/macro-benches/benchmarks/menhir/sysver.mly", line 9313, characters 8-26:
Warning: symbol library_identifier is unreachable from any of the start symbol(s).
File "/home/udesou/.bench-agent/git/macro-benches/benchmarks/menhir/sysver.mly", line 9353, characters 8-20:
Warning: symbol library_text is unreachable from any of the start symbol(s).
File "/home/udesou/.bench-agent/git/macro-benches/benchmarks/menhir/sysver.mly", line 11634, characters 0-14:
Warning: symbol library_text_2 is unreachable from any of the start symbol(s).
File "/home/udesou/.bench-agent/git/macro-benches/benchmarks/menhir/sysver.mly", line 9894, characters 8-31:
Warning: symbol lsb_constant_expression is unreachable from any of the start symbol(s).
File "/home/udesou/.bench-agent/git/macro-benches/benchmarks/menhir/sysver.mly", line 8673, characters 8-25:
Warning: symbol method_identifier is unreachable from any of the start symbol(s).
File "/home/udesou/.bench-agent/git/macro-benches/benchmarks/menhir/sysver.mly", line 8899, characters 8-26:
Warning: symbol modport_identifier is unreachable from any of the start symbol(s).
File "/home/udesou/.bench-agent/git/macro-benches/benchmarks/menhir/sysver.mly", line 9078, characters 8-25:
Warning: symbol module_identifier is unreachable from any of the start symbol(s).
File "/home/udesou/.bench-agent/git/macro-benches/benchmarks/menhir/sysver.mly", line 8177, characters 8-34:
Warning: symbol module_instance_identifier is unreachable from any of the start symbol(s).
File "/home/udesou/.bench-agent/git/macro-benches/benchmarks/menhir/sysver.mly", line 10266, characters 8-31:
Warning: symbol msb_constant_expression is unreachable from any of the start symbol(s).
File "/home/udesou/.bench-agent/git/macro-benches/benchmarks/menhir/sysver.mly", line 552, characters 0-20:
Warning: symbol name_of_udp_instance is unreachable from any of the start symbol(s).
File "/home/udesou/.bench-agent/git/macro-benches/benchmarks/menhir/sysver.mly", line 7926, characters 8-25:
Warning: symbol ncontrol_terminal is unreachable from any of the start symbol(s).
File "/home/udesou/.bench-agent/git/macro-benches/benchmarks/menhir/sysver.mly", line 10028, characters 8-22:
Warning: symbol net_identifier is unreachable from any of the start symbol(s).
File "/home/udesou/.bench-agent/git/macro-benches/benchmarks/menhir/sysver.mly", line 9676, characters 8-18:
Warning: symbol notify_reg is unreachable from any of the start symbol(s).
File "/home/udesou/.bench-agent/git/macro-benches/benchmarks/menhir/sysver.mly", line 566, characters 0-10:
Warning: symbol octal_base is unreachable from any of the start symbol(s).
File "/home/udesou/.bench-agent/git/macro-benches/benchmarks/menhir/sysver.mly", line 559, characters 0-12:
Warning: symbol octal_base_3 is unreachable from any of the start symbol(s).
File "/home/udesou/.bench-agent/git/macro-benches/benchmarks/menhir/sysver.mly", line 9758, characters 8-24:
Warning: symbol one_line_comment is unreachable from any of the start symbol(s).
File "/home/udesou/.bench-agent/git/macro-benches/benchmarks/menhir/sysver.mly", line 8945, characters 8-30:
Warning: symbol output_port_identifier is unreachable from any of the start symbol(s).
File "/home/udesou/.bench-agent/git/macro-benches/benchmarks/menhir/sysver.mly", line 571, characters 0-13:
Warning: symbol output_symbol is unreachable from any of the start symbol(s).
File "/home/udesou/.bench-agent/git/macro-benches/benchmarks/menhir/sysver.mly", line 10145, characters 8-23:
Warning: symbol output_terminal is unreachable from any of the start symbol(s).
File "/home/udesou/.bench-agent/git/macro-benches/benchmarks/menhir/sysver.mly", line 8882, characters 8-28:
Warning: symbol parameter_identifier is unreachable from any of the start symbol(s).
File "/home/udesou/.bench-agent/git/macro-benches/benchmarks/menhir/sysver.mly", line 8298, characters 8-25:
Warning: symbol pcontrol_terminal is unreachable from any of the start symbol(s).
File "/home/udesou/.bench-agent/git/macro-benches/benchmarks/menhir/sysver.mly", line 9188, characters 8-23:
Warning: symbol port_identifier is unreachable from any of the start symbol(s).
File "/home/udesou/.bench-agent/git/macro-benches/benchmarks/menhir/sysver.mly", line 9110, characters 8-26:
Warning: symbol program_identifier is unreachable from any of the start symbol(s).
File "/home/udesou/.bench-agent/git/macro-benches/benchmarks/menhir/sysver.mly", line 9985, characters 8-35:
Warning: symbol program_instance_identifier is unreachable from any of the start symbol(s).
File "/home/udesou/.bench-agent/git/macro-benches/benchmarks/menhir/sysver.mly", line 9347, characters 8-27:
Warning: symbol property_identifier is unreachable from any of the start symbol(s).
File "/home/udesou/.bench-agent/git/macro-benches/benchmarks/menhir/sysver.mly", line 8398, characters 8-23:
Warning: symbol reference_event is unreachable from any of the start symbol(s).
File "/home/udesou/.bench-agent/git/macro-benches/benchmarks/menhir/sysver.mly", line 9770, characters 8-26:
Warning: symbol reject_limit_value is unreachable from any of the start symbol(s).
File "/home/udesou/.bench-agent/git/macro-benches/benchmarks/menhir/sysver.mly", line 9203, characters 8-26:
Warning: symbol remain_active_flag is unreachable from any of the start symbol(s).
File "/home/udesou/.bench-agent/git/macro-benches/benchmarks/menhir/sysver.mly", line 8382, characters 8-23:
Warning: symbol sequence_abbrev is unreachable from any of the start symbol(s).
File "/home/udesou/.bench-agent/git/macro-benches/benchmarks/menhir/sysver.mly", line 10103, characters 8-27:
Warning: symbol sequence_identifier is unreachable from any of the start symbol(s).
File "/home/udesou/.bench-agent/git/macro-benches/benchmarks/menhir/sysver.mly", line 9937, characters 8-25:
Warning: symbol signal_identifier is unreachable from any of the start symbol(s).
File "/home/udesou/.bench-agent/git/macro-benches/benchmarks/menhir/sysver.mly", line 554, characters 0-17:
Warning: symbol simple_identifier is unreachable from any of the start symbol(s).
File "/home/udesou/.bench-agent/git/macro-benches/benchmarks/menhir/sysver.mly", line 9872, characters 8-12:
Warning: symbol size is unreachable from any of the start symbol(s).
File "/home/udesou/.bench-agent/git/macro-benches/benchmarks/menhir/sysver.mly", line 7985, characters 8-28:
Warning: symbol specparam_identifier is unreachable from any of the start symbol(s).
File "/home/udesou/.bench-agent/git/macro-benches/benchmarks/menhir/sysver.mly", line 9622, characters 8-27:
Warning: symbol stamptime_condition is unreachable from any of the start symbol(s).
File "/home/udesou/.bench-agent/git/macro-benches/benchmarks/menhir/sysver.mly", line 8885, characters 8-25:
Warning: symbol start_edge_offset is unreachable from any of the start symbol(s).
File "/home/udesou/.bench-agent/git/macro-benches/benchmarks/menhir/sysver.mly", line 556, characters 0-26:
Warning: symbol system_function_identifier is unreachable from any of the start symbol(s).
File "/home/udesou/.bench-agent/git/macro-benches/benchmarks/menhir/sysver.mly", line 562, characters 0-22:
Warning: symbol system_task_identifier is unreachable from any of the start symbol(s).
File "/home/udesou/.bench-agent/git/macro-benches/benchmarks/menhir/sysver.mly", line 8094, characters 8-33:
Warning: symbol t01_path_delay_expression is unreachable from any of the start symbol(s).
File "/home/udesou/.bench-agent/git/macro-benches/benchmarks/menhir/sysver.mly", line 8443, characters 8-33:
Warning: symbol t0x_path_delay_expression is unreachable from any of the start symbol(s).
File "/home/udesou/.bench-agent/git/macro-benches/benchmarks/menhir/sysver.mly", line 9253, characters 8-33:
Warning: symbol t0z_path_delay_expression is unreachable from any of the start symbol(s).
File "/home/udesou/.bench-agent/git/macro-benches/benchmarks/menhir/sysver.mly", line 10100, characters 8-33:
Warning: symbol t10_path_delay_expression is unreachable from any of the start symbol(s).
File "/home/udesou/.bench-agent/git/macro-benches/benchmarks/menhir/sysver.mly", line 8422, characters 8-33:
Warning: symbol t1x_path_delay_expression is unreachable from any of the start symbol(s).
File "/home/udesou/.bench-agent/git/macro-benches/benchmarks/menhir/sysver.mly", line 9244, characters 8-33:
Warning: symbol t1z_path_delay_expression is unreachable from any of the start symbol(s).
File "/home/udesou/.bench-agent/git/macro-benches/benchmarks/menhir/sysver.mly", line 9548, characters 8-31:
Warning: symbol t_path_delay_expression is unreachable from any of the start symbol(s).
File "/home/udesou/.bench-agent/git/macro-benches/benchmarks/menhir/sysver.mly", line 8540, characters 8-23:
Warning: symbol task_identifier is unreachable from any of the start symbol(s).
File "/home/udesou/.bench-agent/git/macro-benches/benchmarks/menhir/sysver.mly", line 8437, characters 8-27:
Warning: symbol terminal_identifier is unreachable from any of the start symbol(s).
File "/home/udesou/.bench-agent/git/macro-benches/benchmarks/menhir/sysver.mly", line 8365, characters 8-29:
Warning: symbol text_macro_identifier is unreachable from any of the start symbol(s).
File "/home/udesou/.bench-agent/git/macro-benches/benchmarks/menhir/sysver.mly", line 9059, characters 8-35:
Warning: symbol tfall_path_delay_expression is unreachable from any of the start symbol(s).
File "/home/udesou/.bench-agent/git/macro-benches/benchmarks/menhir/sysver.mly", line 8802, characters 8-17:
Warning: symbol threshold is unreachable from any of the start symbol(s).
File "/home/udesou/.bench-agent/git/macro-benches/benchmarks/menhir/sysver.mly", line 557, characters 0-9:
Warning: symbol time_unit is unreachable from any of the start symbol(s).
File "/home/udesou/.bench-agent/git/macro-benches/benchmarks/menhir/sysver.mly", line 8936, characters 8-26:
Warning: symbol timing_check_limit is unreachable from any of the start symbol(s).
File "/home/udesou/.bench-agent/git/macro-benches/benchmarks/menhir/sysver.mly", line 9764, characters 8-28:
Warning: symbol topmodule_identifier is unreachable from any of the start symbol(s).
File "/home/udesou/.bench-agent/git/macro-benches/benchmarks/menhir/sysver.mly", line 8097, characters 8-35:
Warning: symbol trise_path_delay_expression is unreachable from any of the start symbol(s).
File "/home/udesou/.bench-agent/git/macro-benches/benchmarks/menhir/sysver.mly", line 10056, characters 8-33:
Warning: symbol tx0_path_delay_expression is unreachable from any of the start symbol(s).
File "/home/udesou/.bench-agent/git/macro-benches/benchmarks/menhir/sysver.mly", line 8029, characters 8-33:
Warning: symbol tx1_path_delay_expression is unreachable from any of the start symbol(s).
File "/home/udesou/.bench-agent/git/macro-benches/benchmarks/menhir/sysver.mly", line 9191, characters 8-33:
Warning: symbol txz_path_delay_expression is unreachable from any of the start symbol(s).
File "/home/udesou/.bench-agent/git/macro-benches/benchmarks/menhir/sysver.mly", line 9495, characters 8-23:
Warning: symbol type_identifier is unreachable from any of the start symbol(s).
File "/home/udesou/.bench-agent/git/macro-benches/benchmarks/menhir/sysver.mly", line 9959, characters 8-33:
Warning: symbol tz0_path_delay_expression is unreachable from any of the start symbol(s).
File "/home/udesou/.bench-agent/git/macro-benches/benchmarks/menhir/sysver.mly", line 7963, characters 8-33:
Warning: symbol tz1_path_delay_expression is unreachable from any of the start symbol(s).
File "/home/udesou/.bench-agent/git/macro-benches/benchmarks/menhir/sysver.mly", line 9344, characters 8-32:
Warning: symbol tz_path_delay_expression is unreachable from any of the start symbol(s).
File "/home/udesou/.bench-agent/git/macro-benches/benchmarks/menhir/sysver.mly", line 8318, characters 8-33:
Warning: symbol tzx_path_delay_expression is unreachable from any of the start symbol(s).
File "/home/udesou/.bench-agent/git/macro-benches/benchmarks/menhir/sysver.mly", line 8037, characters 0-16:
Warning: symbol udp_declaration2 is unreachable from any of the start symbol(s).
File "/home/udesou/.bench-agent/git/macro-benches/benchmarks/menhir/sysver.mly", line 10415, characters 0-19:
Warning: symbol udp_declaration2_10 is unreachable from any of the start symbol(s).
File "/home/udesou/.bench-agent/git/macro-benches/benchmarks/menhir/sysver.mly", line 8605, characters 8-22:
Warning: symbol udp_identifier is unreachable from any of the start symbol(s).
File "/home/udesou/.bench-agent/git/macro-benches/benchmarks/menhir/sysver.mly", line 8670, characters 8-31:
Warning: symbol udp_instance_identifier is unreachable from any of the start symbol(s).
File "/home/udesou/.bench-agent/git/macro-benches/benchmarks/menhir/sysver.mly", line 553, characters 0-15:
Warning: symbol unsigned_number is unreachable from any of the start symbol(s).
File "/home/udesou/.bench-agent/git/macro-benches/benchmarks/menhir/sysver.mly", line 8446, characters 8-18:
Warning: symbol use_clause is unreachable from any of the start symbol(s).
File "/home/udesou/.bench-agent/git/macro-benches/benchmarks/menhir/sysver.mly", line 10739, characters 8-20:
Warning: symbol use_clause_3 is unreachable from any of the start symbol(s).
File "/home/udesou/.bench-agent/git/macro-benches/benchmarks/menhir/sysver.mly", line 10743, characters 8-20:
Warning: symbol use_clause_5 is unreachable from any of the start symbol(s).
File "/home/udesou/.bench-agent/git/macro-benches/benchmarks/menhir/sysver.mly", line 7966, characters 8-33:
Warning: symbol width_constant_expression is unreachable from any of the start symbol(s).
File "/home/udesou/.bench-agent/git/macro-benches/benchmarks/menhir/sysver.mly", line 573, characters 0-7:
Warning: symbol x_digit is unreachable from any of the start symbol(s).
File "/home/udesou/.bench-agent/git/macro-benches/benchmarks/menhir/sysver.mly", line 570, characters 0-7:
Warning: symbol z_digit is unreachable from any of the start symbol(s).
File "/home/udesou/.bench-agent/git/macro-benches/benchmarks/menhir/sysver.mly", line 560, characters 0-6:
Warning: symbol z_or_x is unreachable from any of the start symbol(s).
Warning: 10557 states have shift/reduce conflicts.
Warning: 9090 states have reduce/reduce conflicts.
Warning: 38665 shift/reduce conflicts were arbitrarily resolved.
Warning: 133727 reduce/reduce conflicts were arbitrarily resolved.
Warning: 1183 end-of-stream conflicts were arbitrarily resolved.
File "/home/udesou/.bench-agent/git/macro-benches/benchmarks/menhir/sysver.mly", line 11593, characters 31-31:
Warning: production class_scope_type_identifier_9 -> is never reduced.
File "/home/udesou/.bench-agent/git/macro-benches/benchmarks/menhir/sysver.mly", line 8251, characters 3-21:
Warning: production constant_primary -> identifier is never reduced.
File "/home/udesou/.bench-agent/git/macro-benches/benchmarks/menhir/sysver.mly", line 8253, characters 3-21:
Warning: production constant_primary -> identifier is never reduced.
File "/home/udesou/.bench-agent/git/macro-benches/benchmarks/menhir/sysver.mly", line 8254, characters 3-21:
Warning: production constant_primary -> identifier is never reduced.
File "/home/udesou/.bench-agent/git/macro-benches/benchmarks/menhir/sysver.mly", line 8322, characters 3-51:
Warning: production disable_statement -> DISABLE hierarchical_identifier SEMICOLON is never reduced.
File "/home/udesou/.bench-agent/git/macro-benches/benchmarks/menhir/sysver.mly", line 10491, characters 17-17:
Warning: production dpi_dimension_4 -> is never reduced.
File "/home/udesou/.bench-agent/git/macro-benches/benchmarks/menhir/sysver.mly", line 10277, characters 3-121:
Warning: production dpi_function_proto -> function_data_type identifier LPAREN RPAREN is never reduced.
File "/home/udesou/.bench-agent/git/macro-benches/benchmarks/menhir/sysver.mly", line 10277, characters 3-121:
Warning: production dpi_function_proto -> signing function_data_type identifier LPAREN RPAREN is never reduced.
File "/home/udesou/.bench-agent/git/macro-benches/benchmarks/menhir/sysver.mly", line 12727, characters 3-81:
Warning: production escaped_hierarchical_identifier_3 -> escaped_hierarchical_identifier_3 DOT SIMPLE_IDENTIFIER simple_hierarchical_branch_3 is never reduced.
File "/home/udesou/.bench-agent/git/macro-benches/benchmarks/menhir/sysver.mly", line 12728, characters 3-41:
Warning: production escaped_hierarchical_identifier_3 -> DOT BACKSLASH TOKEN_ANY_ASCII white_space escaped_hierarchical_branch_3 is never reduced.
File "/home/udesou/.bench-agent/git/macro-benches/benchmarks/menhir/sysver.mly", line 12686, characters 33-33:
Warning: production function_if_else_if_statement_8 -> is never reduced.
File "/home/udesou/.bench-agent/git/macro-benches/benchmarks/menhir/sysver.mly", line 12687, characters 3-157:
Warning: production function_if_else_if_statement_8 -> function_if_else_if_statement_8 ELSE IF LPAREN expression RPAREN function_statement_or_null is never reduced.
File "/home/udesou/.bench-agent/git/macro-benches/benchmarks/menhir/sysver.mly", line 12687, characters 3-157:
Warning: production function_if_else_if_statement_8 -> function_if_else_if_statement_8 ELSE unique_priority IF LPAREN expression RPAREN function_statement_or_null is never reduced.
File "/home/udesou/.bench-agent/git/macro-benches/benchmarks/menhir/sysver.mly", line 12262, characters 24-24:
Warning: production if_else_if_statement_8 -> is never reduced.
File "/home/udesou/.bench-agent/git/macro-benches/benchmarks/menhir/sysver.mly", line 12263, characters 3-130:
Warning: production if_else_if_statement_8 -> if_else_if_statement_8 ELSE IF LPAREN expression RPAREN statement_or_null is never reduced.
File "/home/udesou/.bench-agent/git/macro-benches/benchmarks/menhir/sysver.mly", line 12263, characters 3-130:
Warning: production if_else_if_statement_8 -> if_else_if_statement_8 ELSE unique_priority IF LPAREN expression RPAREN statement_or_null is never reduced.
File "/home/udesou/.bench-agent/git/macro-benches/benchmarks/menhir/sysver.mly", line 9933, characters 24-54:
Warning: production implicit_class_handle -> is never reduced.
File "/home/udesou/.bench-agent/git/macro-benches/benchmarks/menhir/sysver.mly", line 9934, characters 3-33:
Warning: production implicit_class_handle -> is never reduced.
File "/home/udesou/.bench-agent/git/macro-benches/benchmarks/menhir/sysver.mly", line 9827, characters 3-20:
Warning: production input_identifier -> identifier is never reduced.
File "/home/udesou/.bench-agent/git/macro-benches/benchmarks/menhir/sysver.mly", line 9440, characters 3-33:
Warning: production module_path_primary -> identifier is never reduced.
File "/home/udesou/.bench-agent/git/macro-benches/benchmarks/menhir/sysver.mly", line 8315, characters 3-20:
Warning: production output_identifier -> identifier is never reduced.
File "/home/udesou/.bench-agent/git/macro-benches/benchmarks/menhir/sysver.mly", line 11710, characters 18-18:
Warning: production sequence_expr_17 -> is never reduced.
File "/home/udesou/.bench-agent/git/macro-benches/benchmarks/menhir/sysver.mly", line 549, characters 7-25:
Warning: production start -> source_text_3 is never reduced.
File "/home/udesou/.bench-agent/git/macro-benches/benchmarks/menhir/sysver.mly", line 549, characters 7-25:
Warning: production start -> timeunits_declaration source_text_3 is never reduced.
File "/home/udesou/.bench-agent/git/macro-benches/benchmarks/menhir/sysver.mly", line 8416, characters 3-22:
Warning: production statement_item -> hierarchical_identifier SEMICOLON is never reduced.
File "/home/udesou/.bench-agent/git/macro-benches/benchmarks/menhir/sysver.mly", line 8416, characters 3-22:
Warning: production statement_item -> hierarchical_identifier LPAREN list_of_arguments RPAREN SEMICOLON is never reduced.
File "/home/udesou/.bench-agent/git/macro-benches/benchmarks/menhir/sysver.mly", line 8664, characters 3-20:
Warning: production struct_member_label -> identifier is never reduced.
File "/home/udesou/.bench-agent/git/macro-benches/benchmarks/menhir/sysver.mly", line 9634, characters 3-20:
Warning: production task_or_function_identifier -> identifier is never reduced.
File "/home/udesou/.bench-agent/git/macro-benches/benchmarks/menhir/sysver.mly", line 10119, characters 3-10:
Warning: production tf_data_type -> CHANDLE is never reduced.
Warning: in total, 29 productions are never reduced.
*****
{
  "olly": {
    "version": 2,
    "wall_time": 259.63,
    "cpu_time": 259.63,
    "gc_time": 18.44,
    "gc_overhead": 7.1,
    "max_rss_kb": 4067720,
    "domain_stats": {
      "0": {
        "wall_time": 259.63,
        "gc_time": 18.44,
        "gc_overhead": 7.1
      }
    },
    "mean_latency": 0.012446,
    "stddev_latency": 0.247549,
    "min_latency": 0.0,
    "max_latency": 194.772991,
    "distr_latency": {
      "25.0000": 0.000911,
      "50.0000": 0.001863,
      "60.0000": 0.001959,
      "70.0000": 0.002335,
      "75.0000": 0.002407,
      "80.0000": 0.002479,
      "85.0000": 0.002671,
      "90.0000": 0.008535,
      "95.0000": 0.010607,
      "96.0000": 0.011143,
      "97.0000": 0.017343,
      "98.0000": 0.073407,
      "99.0000": 0.373503,
      "99.9000": 1.571839,
      "99.9900": 1.909759,
      "99.9990": 3.788799,
      "99.9999": 120.586239,
      "100.0000": 194.772991
    },
    "outliers": {
      "count": 0,
      "mean_latency": 0.0,
      "max_latency": 0.0
    },
    "allocations": {
      "total_heap": 97040642771,
      "minor_heap": 96871940209,
      "major_heap": 918059386,
      "promoted_words": 749356824,
      "promoted_pct": 0.77
    },
    "domain_alloc_stats": {
      "0": {
        "total": 97040642771,
        "minor": 96871940209,
        "promoted": 749356824,
        "major": 918059386,
        "promoted_pct": 0.77
      }
    },
    "collections": {
      "minor": 739118,
      "major": 30,
      "forced_major": 0,
      "compactions": 0
    },
    "stats_reliable": true
  },
  "perf": [
    {
      "counter-value": "259120.888739",
      "unit": "msec",
      "event": "task-clock",
      "event-runtime": 259120888739,
      "pcnt-running": 100.0,
      "metric-value": "0.995623",
      "metric-unit": "CPUs utilized"
    },
    {
      "counter-value": "1110790.000000",
      "unit": "",
      "event": "page-faults",
      "event-runtime": 259120884817,
      "pcnt-running": 100.0,
      "metric-value": "4.286764",
      "metric-unit": "K/sec"
    },
    {
      "counter-value": "855073184250.000000",
      "unit": "",
      "event": "cycles",
      "event-runtime": 259120882466,
      "pcnt-running": 100.0,
      "metric-value": "3.299901",
      "metric-unit": "GHz"
    },
    {
      "counter-value": "1793847470256.000000",
      "unit": "",
      "event": "instructions",
      "event-runtime": 259120876312,
      "pcnt-running": 100.0,
      "metric-value": "2.097888",
      "metric-unit": "insn per cycle"
    }
  ]
}